finding,n_pos,auroc,auprc,method,seed,shift,held_out,axis,subset,k
Cerebral infarction,129,0.8679419731719523,0.2067815381287594,uniform,0,vendor,GE,availability,T2cor,1
Cerebral hemorrhage,27,0.789823717948718,0.02526334544934886,uniform,0,vendor,GE,availability,T2cor,1
Intracranial meningioma,75,0.7211284046692608,0.040963523719835096,uniform,0,vendor,GE,availability,T2cor,1
Demyelinating disease of central nervous system,109,0.4739798696068859,0.023439810841648513,uniform,0,vendor,GE,availability,T2cor,1
Lacunar infarct,61,0.8947577537089866,0.13201487804511697,uniform,0,vendor,GE,availability,T2cor,1
Gliosis,1237,0.7152471123412301,0.5228976676973026,uniform,0,vendor,GE,availability,T2cor,1
Cerebral atrophy,550,0.9052805758992176,0.6511651347720339,uniform,0,vendor,GE,availability,T2cor,1
Encephalomalacia,62,0.7507096774193548,0.08714164063927787,uniform,0,vendor,GE,availability,T2cor,1
Arachnoid cyst,165,0.5915977276494432,0.06366166342668902,uniform,0,vendor,GE,availability,T2cor,1
Empty sella syndrome,88,0.6667784825567212,0.041045365160773,uniform,0,vendor,GE,availability,T2cor,1
Cyst of pineal gland,175,0.6193220338983051,0.056453213113386226,uniform,0,vendor,GE,availability,T2cor,1
Rathke's pouch cyst,38,0.5258496023138105,0.011737096156971724,uniform,0,vendor,GE,availability,T2cor,1
Cerebral edema,74,0.7864253750468192,0.12308527499235265,uniform,0,vendor,GE,availability,T2cor,1
Mastoiditis,66,0.5056326428566176,0.032339546899434676,uniform,0,vendor,GE,availability,T2cor,1
Chronic mastoiditis,123,0.7506141572242494,0.08110619525229601,uniform,0,vendor,GE,availability,T2cor,1
Ventriculomegaly,345,0.8754573780262395,0.4285734839050972,uniform,0,vendor,GE,availability,T2cor,1
Cerebellar degeneration,34,0.7273197263494852,0.15959281820058524,uniform,0,vendor,GE,availability,T2cor,1
Mega cisterna magna,49,0.5366094238565412,0.012103593184057303,uniform,0,vendor,GE,availability,T2cor,1
Structure of cave of septum pellucidum,129,0.5868797781012528,0.039236524729101684,uniform,0,vendor,GE,availability,T2cor,1
Hyperostosis of skull,40,0.7881179165661923,0.032050992733169366,uniform,0,vendor,GE,availability,T2cor,1
Choroid plexus cyst,41,0.47758638946736787,0.009285838333505797,uniform,0,vendor,GE,availability,T2cor,1
Pituitary adenoma,52,0.49868849409357263,0.012471369390498728,uniform,0,vendor,GE,availability,T2cor,1
Cerebral infarction,129,0.8793177224813842,0.205973745789148,uniform,0,vendor,GE,availability,FLAIRax,1
Cerebral hemorrhage,27,0.8214387464387464,0.10479802777789744,uniform,0,vendor,GE,availability,FLAIRax,1
Intracranial meningioma,75,0.7103145265888456,0.03464310362546525,uniform,0,vendor,GE,availability,FLAIRax,1
Demyelinating disease of central nervous system,109,0.6723254338563156,0.0670741981090061,uniform,0,vendor,GE,availability,FLAIRax,1
Lacunar infarct,61,0.8990607344071582,0.14026349783333786,uniform,0,vendor,GE,availability,FLAIRax,1
Gliosis,1237,0.7036175547730295,0.5229994852223628,uniform,0,vendor,GE,availability,FLAIRax,1
Cerebral atrophy,550,0.908298547754143,0.706135771418797,uniform,0,vendor,GE,availability,FLAIRax,1
Encephalomalacia,62,0.7830615835777126,0.07311789577328803,uniform,0,vendor,GE,availability,FLAIRax,1
Arachnoid cyst,165,0.5322529120142248,0.04290136243951287,uniform,0,vendor,GE,availability,FLAIRax,1
Empty sella syndrome,88,0.6857548404267116,0.0482734684652616,uniform,0,vendor,GE,availability,FLAIRax,1
Cyst of pineal gland,175,0.5903062241845891,0.055436536735531644,uniform,0,vendor,GE,availability,FLAIRax,1
Rathke's pouch cyst,38,0.6318009412540753,0.017656500630219042,uniform,0,vendor,GE,availability,FLAIRax,1
Cerebral edema,74,0.8375355662007742,0.2237069517693252,uniform,0,vendor,GE,availability,FLAIRax,1
Mastoiditis,66,0.6245652349753296,0.02549337578934997,uniform,0,vendor,GE,availability,FLAIRax,1
Chronic mastoiditis,123,0.6712178317649318,0.07069172345210525,uniform,0,vendor,GE,availability,FLAIRax,1
Ventriculomegaly,345,0.8759741680435158,0.4403994910691106,uniform,0,vendor,GE,availability,FLAIRax,1
Cerebellar degeneration,34,0.6477174544269911,0.054248606330962956,uniform,0,vendor,GE,availability,FLAIRax,1
Mega cisterna magna,49,0.47725905248517964,0.012080601829460195,uniform,0,vendor,GE,availability,FLAIRax,1
Structure of cave of septum pellucidum,129,0.6161109646559003,0.046460152990086205,uniform,0,vendor,GE,availability,FLAIRax,1
Hyperostosis of skull,40,0.7475584760067518,0.05652323050348188,uniform,0,vendor,GE,availability,FLAIRax,1
Choroid plexus cyst,41,0.5255668113844669,0.0115742834111679,uniform,0,vendor,GE,availability,FLAIRax,1
Pituitary adenoma,52,0.5795646916565901,0.01838435081647017,uniform,0,vendor,GE,availability,FLAIRax,1
Cerebral infarction,129,0.8549176475981982,0.19043364696583157,uniform,0,vendor,GE,availability,T2ax,1
Cerebral hemorrhage,27,0.7893874643874643,0.03850006485253828,uniform,0,vendor,GE,availability,T2ax,1
Intracranial meningioma,75,0.697769130998703,0.036628980271562334,uniform,0,vendor,GE,availability,T2ax,1
Demyelinating disease of central nervous system,109,0.5884540452011464,0.030783133876531216,uniform,0,vendor,GE,availability,T2ax,1
Lacunar infarct,61,0.8893184364644835,0.14957881929538736,uniform,0,vendor,GE,availability,T2ax,1
Gliosis,1237,0.6844991299343682,0.5000902279516078,uniform,0,vendor,GE,availability,T2ax,1
Cerebral atrophy,550,0.8557572424825656,0.5810937529409519,uniform,0,vendor,GE,availability,T2ax,1
Encephalomalacia,62,0.7302482893450635,0.05511719082455077,uniform,0,vendor,GE,availability,T2ax,1
Arachnoid cyst,165,0.5748926359567831,0.06049848691123202,uniform,0,vendor,GE,availability,T2ax,1
Empty sella syndrome,88,0.6649265896338353,0.0440360473462034,uniform,0,vendor,GE,availability,T2ax,1
Cyst of pineal gland,175,0.5845420880216494,0.05222613689870732,uniform,0,vendor,GE,availability,T2ax,1
Rathke's pouch cyst,38,0.5844464741028276,0.020232272760635044,uniform,0,vendor,GE,availability,T2ax,1
Cerebral edema,74,0.7720839000926529,0.1516865491568237,uniform,0,vendor,GE,availability,T2ax,1
Mastoiditis,66,0.5258358886119138,0.018629429990410083,uniform,0,vendor,GE,availability,T2ax,1
Chronic mastoiditis,123,0.7004033032456307,0.08091793248485464,uniform,0,vendor,GE,availability,T2ax,1
Ventriculomegaly,345,0.8380878014922784,0.37619330571308507,uniform,0,vendor,GE,availability,T2ax,1
Cerebellar degeneration,34,0.6265704451778302,0.05712943537967049,uniform,0,vendor,GE,availability,T2ax,1
Mega cisterna magna,49,0.4774267367652716,0.011716316811992682,uniform,0,vendor,GE,availability,T2ax,1
Structure of cave of septum pellucidum,129,0.6156295727455766,0.04220627898103834,uniform,0,vendor,GE,availability,T2ax,1
Hyperostosis of skull,40,0.7515372558476006,0.04022714204914669,uniform,0,vendor,GE,availability,T2ax,1
Choroid plexus cyst,41,0.512759874342593,0.010422595045907024,uniform,0,vendor,GE,availability,T2ax,1
Pituitary adenoma,52,0.5549390754348433,0.015029280984110849,uniform,0,vendor,GE,availability,T2ax,1
Cerebral infarction,129,0.8746508953507476,0.19351130085546522,uniform,0,vendor,GE,availability,T1ax,1
Cerebral hemorrhage,27,0.8614227207977208,0.07121390545114172,uniform,0,vendor,GE,availability,T1ax,1
Intracranial meningioma,75,0.7158690012970168,0.0356147232056714,uniform,0,vendor,GE,availability,T1ax,1
Demyelinating disease of central nervous system,109,0.5982717738052923,0.03185293665126217,uniform,0,vendor,GE,availability,T1ax,1
Lacunar infarct,61,0.8990329219742059,0.13380127072760178,uniform,0,vendor,GE,availability,T1ax,1
Gliosis,1237,0.7251636682515106,0.5303821086995346,uniform,0,vendor,GE,availability,T1ax,1
Cerebral atrophy,550,0.9021626215412303,0.6457712342832771,uniform,0,vendor,GE,availability,T1ax,1
Encephalomalacia,62,0.8044613880742912,0.07636147129755996,uniform,0,vendor,GE,availability,T1ax,1
Arachnoid cyst,165,0.5745234543344936,0.05576790510647145,uniform,0,vendor,GE,availability,T1ax,1
Empty sella syndrome,88,0.6941077646432611,0.05344524085526581,uniform,0,vendor,GE,availability,T1ax,1
Cyst of pineal gland,175,0.5329539951573851,0.04388264353404113,uniform,0,vendor,GE,availability,T1ax,1
Rathke's pouch cyst,38,0.5700168715353097,0.01135602561350102,uniform,0,vendor,GE,availability,T1ax,1
Cerebral edema,74,0.813656106872737,0.10807955708564362,uniform,0,vendor,GE,availability,T1ax,1
Mastoiditis,66,0.5253395395351231,0.01994681387087293,uniform,0,vendor,GE,availability,T1ax,1
Chronic mastoiditis,123,0.6939236444529799,0.07018465914312051,uniform,0,vendor,GE,availability,T1ax,1
Ventriculomegaly,345,0.8646085598533372,0.4133611584511438,uniform,0,vendor,GE,availability,T1ax,1
Cerebellar degeneration,34,0.6793104913528136,0.04701565727563614,uniform,0,vendor,GE,availability,T1ax,1
Mega cisterna magna,49,0.44360383109261103,0.01267469963315989,uniform,0,vendor,GE,availability,T1ax,1
Structure of cave of septum pellucidum,129,0.6189477384131642,0.047179771399454826,uniform,0,vendor,GE,availability,T1ax,1
Hyperostosis of skull,40,0.7320412346274415,0.034200780418522016,uniform,0,vendor,GE,availability,T1ax,1
Choroid plexus cyst,41,0.5054122104173285,0.009594943576167872,uniform,0,vendor,GE,availability,T1ax,1
Pituitary adenoma,52,0.5543065761324528,0.015577748286548218,uniform,0,vendor,GE,availability,T1ax,1
Cerebral infarction,129,0.8853943402065401,0.22201892067626325,uniform,0,vendor,GE,availability,FLAIRax+T2cor,2
Cerebral hemorrhage,27,0.8296207264957265,0.06448697784835487,uniform,0,vendor,GE,availability,FLAIRax+T2cor,2
Intracranial meningioma,75,0.7389948119325551,0.04086428924701594,uniform,0,vendor,GE,availability,FLAIRax+T2cor,2
Demyelinating disease of central nervous system,109,0.5463035036962713,0.028664375272052994,uniform,0,vendor,GE,availability,FLAIRax+T2cor,2
Lacunar infarct,61,0.9064230827300684,0.14995806218139887,uniform,0,vendor,GE,availability,FLAIRax+T2cor,2
Gliosis,1237,0.7223761697929655,0.5370822942453966,uniform,0,vendor,GE,availability,FLAIRax+T2cor,2
Cerebral atrophy,550,0.9290769115404803,0.7261990267988591,uniform,0,vendor,GE,availability,FLAIRax+T2cor,2
Encephalomalacia,62,0.7779863147605083,0.1003121108500607,uniform,0,vendor,GE,availability,FLAIRax+T2cor,2
Arachnoid cyst,165,0.5700390277714992,0.055779023902263185,uniform,0,vendor,GE,availability,FLAIRax+T2cor,2
Empty sella syndrome,88,0.6913354698485219,0.04705677676575884,uniform,0,vendor,GE,availability,FLAIRax+T2cor,2
Cyst of pineal gland,175,0.6115097564449509,0.05552555396507766,uniform,0,vendor,GE,availability,FLAIRax+T2cor,2
Rathke's pouch cyst,38,0.6039565653106012,0.013822916442200003,uniform,0,vendor,GE,availability,FLAIRax+T2cor,2
Cerebral edema,74,0.8392736281138906,0.2331778154722524,uniform,0,vendor,GE,availability,FLAIRax+T2cor,2
Mastoiditis,66,0.582901325803534,0.023607703021539677,uniform,0,vendor,GE,availability,FLAIRax+T2cor,2
Chronic mastoiditis,123,0.7225709781704117,0.07652812954075247,uniform,0,vendor,GE,availability,FLAIRax+T2cor,2
Ventriculomegaly,345,0.8896423209530061,0.4633568005261939,uniform,0,vendor,GE,availability,FLAIRax+T2cor,2
Cerebellar degeneration,34,0.6973838897466041,0.08827888897504238,uniform,0,vendor,GE,availability,FLAIRax+T2cor,2
Mega cisterna magna,49,0.4966512462887523,0.011874899704745005,uniform,0,vendor,GE,availability,FLAIRax+T2cor,2
Structure of cave of septum pellucidum,129,0.6119389014330959,0.04456839278810909,uniform,0,vendor,GE,availability,FLAIRax+T2cor,2
Hyperostosis of skull,40,0.790872920183265,0.03601114267447379,uniform,0,vendor,GE,availability,FLAIRax+T2cor,2
Choroid plexus cyst,41,0.5050357088230795,0.010000667137582627,uniform,0,vendor,GE,availability,FLAIRax+T2cor,2
Pituitary adenoma,52,0.5512882522556041,0.01492149933696928,uniform,0,vendor,GE,availability,FLAIRax+T2cor,2
Cerebral infarction,129,0.8702935344481758,0.20800299527181887,uniform,0,vendor,GE,availability,T2ax+T2cor,2
Cerebral hemorrhage,27,0.8005252849002849,0.03223196322710781,uniform,0,vendor,GE,availability,T2ax+T2cor,2
Intracranial meningioma,75,0.7251945525291829,0.04116656600168125,uniform,0,vendor,GE,availability,T2ax+T2cor,2
Demyelinating disease of central nervous system,109,0.5372461766201277,0.02733479053934746,uniform,0,vendor,GE,availability,T2ax+T2cor,2
Lacunar infarct,61,0.8988541277623706,0.15441582191182404,uniform,0,vendor,GE,availability,T2ax+T2cor,2
Gliosis,1237,0.7085397969390131,0.5214373513056565,uniform,0,vendor,GE,availability,T2ax+T2cor,2
Cerebral atrophy,550,0.9009693303671857,0.65023227531523,uniform,0,vendor,GE,availability,T2ax+T2cor,2
Encephalomalacia,62,0.7473352883675465,0.08399253479648755,uniform,0,vendor,GE,availability,T2ax+T2cor,2
Arachnoid cyst,165,0.5919563612253816,0.06771007122288006,uniform,0,vendor,GE,availability,T2ax+T2cor,2
Empty sella syndrome,88,0.6765508217081772,0.04567524791407479,uniform,0,vendor,GE,availability,T2ax+T2cor,2
Cyst of pineal gland,175,0.6056274035037743,0.05451657952224291,uniform,0,vendor,GE,availability,T2ax+T2cor,2
Rathke's pouch cyst,38,0.5530692240362294,0.012165805910120049,uniform,0,vendor,GE,availability,T2ax+T2cor,2
Cerebral edema,74,0.7930654943784046,0.16435173505441483,uniform,0,vendor,GE,availability,T2ax+T2cor,2
Mastoiditis,66,0.5185891920907694,0.03313898941135552,uniform,0,vendor,GE,availability,T2ax+T2cor,2
Chronic mastoiditis,123,0.738403031175981,0.08681819379661462,uniform,0,vendor,GE,availability,T2ax+T2cor,2
Ventriculomegaly,345,0.8719492414126097,0.42839850924944123,uniform,0,vendor,GE,availability,T2ax+T2cor,2
Cerebellar degeneration,34,0.69224940156655,0.07987952214429786,uniform,0,vendor,GE,availability,T2ax+T2cor,2
Mega cisterna magna,49,0.5105147907398823,0.011730019852379479,uniform,0,vendor,GE,availability,T2ax+T2cor,2
Structure of cave of septum pellucidum,129,0.6091288716708502,0.041507837165814084,uniform,0,vendor,GE,availability,T2ax+T2cor,2
Hyperostosis of skull,40,0.7944779358572461,0.037959707253477526,uniform,0,vendor,GE,availability,T2ax+T2cor,2
Choroid plexus cyst,41,0.49509959643735363,0.009670085224461118,uniform,0,vendor,GE,availability,T2ax+T2cor,2
Pituitary adenoma,52,0.5318295972467677,0.01367286576620829,uniform,0,vendor,GE,availability,T2ax+T2cor,2
Cerebral infarction,129,0.8752831998043868,0.21232432620189082,uniform,0,vendor,GE,availability,T2ax+FLAIRax,2
Cerebral hemorrhage,27,0.8195067663817663,0.06374908843875106,uniform,0,vendor,GE,availability,T2ax+FLAIRax,2
Intracranial meningioma,75,0.7134630350194552,0.03597405038203557,uniform,0,vendor,GE,availability,T2ax+FLAIRax,2
Demyelinating disease of central nervous system,109,0.6066856842038957,0.03307951642153406,uniform,0,vendor,GE,availability,T2ax+FLAIRax,2
Lacunar infarct,61,0.9007374267937032,0.15633509848082142,uniform,0,vendor,GE,availability,T2ax+FLAIRax,2
Gliosis,1237,0.6991397996793774,0.5172970315548533,uniform,0,vendor,GE,availability,T2ax+FLAIRax,2
Cerebral atrophy,550,0.8948878946184419,0.662255823909122,uniform,0,vendor,GE,availability,T2ax+FLAIRax,2
Encephalomalacia,62,0.7636950146627566,0.08448420115965784,uniform,0,vendor,GE,availability,T2ax+FLAIRax,2
Arachnoid cyst,165,0.5560493045823728,0.05017061329703815,uniform,0,vendor,GE,availability,T2ax+FLAIRax,2
Empty sella syndrome,88,0.681294218101976,0.04838790503398749,uniform,0,vendor,GE,availability,T2ax+FLAIRax,2
Cyst of pineal gland,175,0.5930280586810995,0.05413870520213867,uniform,0,vendor,GE,availability,T2ax+FLAIRax,2
Rathke's pouch cyst,38,0.6181007471679922,0.016991028531350257,uniform,0,vendor,GE,availability,T2ax+FLAIRax,2
Cerebral edema,74,0.8125653005302895,0.20466657640308272,uniform,0,vendor,GE,availability,T2ax+FLAIRax,2
Mastoiditis,66,0.5908870309501224,0.022460544169369507,uniform,0,vendor,GE,availability,T2ax+FLAIRax,2
Chronic mastoiditis,123,0.6853494494590615,0.07051872073628315,uniform,0,vendor,GE,availability,T2ax+FLAIRax,2
Ventriculomegaly,345,0.8653252759356916,0.4240457153453754,uniform,0,vendor,GE,availability,T2ax+FLAIRax,2
Cerebellar degeneration,34,0.6513505474426707,0.06507170448431371,uniform,0,vendor,GE,availability,T2ax+FLAIRax,2
Mega cisterna magna,49,0.4721545457235577,0.011731403455018823,uniform,0,vendor,GE,availability,T2ax+FLAIRax,2
Structure of cave of septum pellucidum,129,0.618468256788199,0.044674233515984145,uniform,0,vendor,GE,availability,T2ax+FLAIRax,2
Hyperostosis of skull,40,0.7572582589823968,0.059242107572369127,uniform,0,vendor,GE,availability,T2ax+FLAIRax,2
Choroid plexus cyst,41,0.5188897909239585,0.010364156224901406,uniform,0,vendor,GE,availability,T2ax+FLAIRax,2
Pituitary adenoma,52,0.5690679936750069,0.01663497905781948,uniform,0,vendor,GE,availability,T2ax+FLAIRax,2
Cerebral infarction,129,0.882825006399456,0.2224239026925618,uniform,0,vendor,GE,availability,T1ax+T2cor,2
Cerebral hemorrhage,27,0.8451388888888889,0.05286159844453792,uniform,0,vendor,GE,availability,T1ax+T2cor,2
Intracranial meningioma,75,0.7433852140077821,0.047289514361484875,uniform,0,vendor,GE,availability,T1ax+T2cor,2
Demyelinating disease of central nervous system,109,0.5548568960319638,0.028030810665401376,uniform,0,vendor,GE,availability,T1ax+T2cor,2
Lacunar infarct,61,0.9050404074918749,0.15891359782434067,uniform,0,vendor,GE,availability,T1ax+T2cor,2
Gliosis,1237,0.733544798103668,0.5411016140906266,uniform,0,vendor,GE,availability,T1ax+T2cor,2
Cerebral atrophy,550,0.9207613667608168,0.686353375309806,uniform,0,vendor,GE,availability,T1ax+T2cor,2
Encephalomalacia,62,0.7934271749755621,0.1042827949433563,uniform,0,vendor,GE,availability,T1ax+T2cor,2
Arachnoid cyst,165,0.5971098352997906,0.07280344309953311,uniform,0,vendor,GE,availability,T1ax+T2cor,2
Empty sella syndrome,88,0.6947176694981038,0.05367320975009238,uniform,0,vendor,GE,availability,T1ax+T2cor,2
Cyst of pineal gland,175,0.5855163082182024,0.050193199810509896,uniform,0,vendor,GE,availability,T1ax+T2cor,2
Rathke's pouch cyst,38,0.5795816366657787,0.012935260435750343,uniform,0,vendor,GE,availability,T1ax+T2cor,2
Cerebral edema,74,0.8253691328089577,0.160337744451113,uniform,0,vendor,GE,availability,T1ax+T2cor,2
Mastoiditis,66,0.5171074981800534,0.019280618307643146,uniform,0,vendor,GE,availability,T1ax+T2cor,2
Chronic mastoiditis,123,0.7389291658664617,0.08123910275845088,uniform,0,vendor,GE,availability,T1ax+T2cor,2
Ventriculomegaly,345,0.882073799123343,0.4426463826614759,uniform,0,vendor,GE,availability,T1ax+T2cor,2
Cerebellar degeneration,34,0.7152023342445575,0.07811212986506787,uniform,0,vendor,GE,availability,T1ax+T2cor,2
Mega cisterna magna,49,0.47509888440634834,0.011528308186481779,uniform,0,vendor,GE,availability,T1ax+T2cor,2
Structure of cave of septum pellucidum,129,0.6171463393201676,0.0450513169893554,uniform,0,vendor,GE,availability,T1ax+T2cor,2
Hyperostosis of skull,40,0.7901314203038341,0.0323581822626604,uniform,0,vendor,GE,availability,T1ax+T2cor,2
Choroid plexus cyst,41,0.4866106620545222,0.009389274910230339,uniform,0,vendor,GE,availability,T1ax+T2cor,2
Pituitary adenoma,52,0.5228025299972096,0.014982544987159282,uniform,0,vendor,GE,availability,T1ax+T2cor,2
Cerebral infarction,129,0.8859750669555018,0.21205127503240326,uniform,0,vendor,GE,availability,T1ax+FLAIRax,2
Cerebral hemorrhage,27,0.8534277065527065,0.11045172743097699,uniform,0,vendor,GE,availability,T1ax+FLAIRax,2
Intracranial meningioma,75,0.7238845654993517,0.035977476240733275,uniform,0,vendor,GE,availability,T1ax+FLAIRax,2
Demyelinating disease of central nervous system,109,0.6518935797814183,0.042330014273153596,uniform,0,vendor,GE,availability,T1ax+FLAIRax,2
Lacunar infarct,61,0.9066376357842709,0.1519423090147486,uniform,0,vendor,GE,availability,T1ax+FLAIRax,2
Gliosis,1237,0.7166932025266157,0.5330463449226261,uniform,0,vendor,GE,availability,T1ax+FLAIRax,2
Cerebral atrophy,550,0.9148364036293649,0.7014467198454811,uniform,0,vendor,GE,availability,T1ax+FLAIRax,2
Encephalomalacia,62,0.8028856304985337,0.09718807979151817,uniform,0,vendor,GE,availability,T1ax+FLAIRax,2
Arachnoid cyst,165,0.5697497099287253,0.05327656191995777,uniform,0,vendor,GE,availability,T1ax+FLAIRax,2
Empty sella syndrome,88,0.7018008826986626,0.06072902904482794,uniform,0,vendor,GE,availability,T1ax+FLAIRax,2
Cyst of pineal gland,175,0.5780031334567726,0.05248633808790143,uniform,0,vendor,GE,availability,T1ax+FLAIRax,2
Rathke's pouch cyst,38,0.6294668341134833,0.016890647420103894,uniform,0,vendor,GE,availability,T1ax+FLAIRax,2
Cerebral edema,74,0.845966316425835,0.20967432275633785,uniform,0,vendor,GE,availability,T1ax+FLAIRax,2
Mastoiditis,66,0.5994922532777422,0.023313333269682168,uniform,0,vendor,GE,availability,T1ax+FLAIRax,2
Chronic mastoiditis,123,0.6824106971384676,0.07219237716725671,uniform,0,vendor,GE,availability,T1ax+FLAIRax,2
Ventriculomegaly,345,0.8789293016167605,0.4453530545454153,uniform,0,vendor,GE,availability,T1ax+FLAIRax,2
Cerebellar degeneration,34,0.6661237092959024,0.0709123514816744,uniform,0,vendor,GE,availability,T1ax+FLAIRax,2
Mega cisterna magna,49,0.4547794951716791,0.012073565955878642,uniform,0,vendor,GE,availability,T1ax+FLAIRax,2
Structure of cave of septum pellucidum,129,0.6213012099747459,0.04717989656811944,uniform,0,vendor,GE,availability,T1ax+FLAIRax,2
Hyperostosis of skull,40,0.7556124909573186,0.04647931214504407,uniform,0,vendor,GE,availability,T1ax+FLAIRax,2
Choroid plexus cyst,41,0.5161719200404739,0.010096866545596425,uniform,0,vendor,GE,availability,T1ax+FLAIRax,2
Pituitary adenoma,52,0.5686912845316714,0.01688013417085979,uniform,0,vendor,GE,availability,T1ax+FLAIRax,2
Cerebral infarction,129,0.8741312977332554,0.20761209907525208,uniform,0,vendor,GE,availability,T1ax+T2ax,2
Cerebral hemorrhage,27,0.8420940170940171,0.05462726092864849,uniform,0,vendor,GE,availability,T1ax+T2ax,2
Intracranial meningioma,75,0.7186835278858624,0.038462709163670866,uniform,0,vendor,GE,availability,T1ax+T2ax,2
Demyelinating disease of central nervous system,109,0.6090546274257483,0.032679779913927086,uniform,0,vendor,GE,availability,T1ax+T2ax,2
Lacunar infarct,61,0.9009797922808578,0.16242668150895453,uniform,0,vendor,GE,availability,T1ax+T2ax,2
Gliosis,1237,0.7038397983091953,0.5170680636310847,uniform,0,vendor,GE,availability,T1ax+T2ax,2
Cerebral atrophy,550,0.8877286474866899,0.6256043471449415,uniform,0,vendor,GE,availability,T1ax+T2ax,2
Encephalomalacia,62,0.7747253176930596,0.08067522761209227,uniform,0,vendor,GE,availability,T1ax+T2ax,2
Arachnoid cyst,165,0.5857300001506864,0.06710844791232554,uniform,0,vendor,GE,availability,T1ax+T2ax,2
Empty sella syndrome,88,0.6870799973385969,0.056827896453874094,uniform,0,vendor,GE,availability,T1ax+T2ax,2
Cyst of pineal gland,175,0.5585044865403789,0.046577872943959084,uniform,0,vendor,GE,availability,T1ax+T2ax,2
Rathke's pouch cyst,38,0.5986033413251132,0.016979986194917474,uniform,0,vendor,GE,availability,T1ax+T2ax,2
Cerebral edema,74,0.8070784132053279,0.15530699735177494,uniform,0,vendor,GE,availability,T1ax+T2ax,2
Mastoiditis,66,0.5249498135933467,0.01910151032506011,uniform,0,vendor,GE,availability,T1ax+T2ax,2
Chronic mastoiditis,123,0.6999931982587542,0.0729682385318995,uniform,0,vendor,GE,availability,T1ax+T2ax,2
Ventriculomegaly,345,0.8613373167658753,0.40585751748120724,uniform,0,vendor,GE,availability,T1ax+T2ax,2
Cerebellar degeneration,34,0.6540558915596096,0.06396844429099062,uniform,0,vendor,GE,availability,T1ax+T2ax,2
Mega cisterna magna,49,0.4466616032589933,0.012121014955566929,uniform,0,vendor,GE,availability,T1ax+T2ax,2
Structure of cave of septum pellucidum,129,0.627517278531067,0.04566308578067581,uniform,0,vendor,GE,availability,T1ax+T2ax,2
Hyperostosis of skull,40,0.7563901615625753,0.04309934092207726,uniform,0,vendor,GE,availability,T1ax+T2ax,2
Choroid plexus cyst,41,0.5091478121727672,0.009762877869278052,uniform,0,vendor,GE,availability,T1ax+T2ax,2
Pituitary adenoma,52,0.5555855269277277,0.016515264467100083,uniform,0,vendor,GE,availability,T1ax+T2ax,2
Cerebral infarction,129,0.8799060903717797,0.21900137483810658,uniform,0,vendor,GE,availability,T2ax+FLAIRax+T2cor,3
Cerebral hemorrhage,27,0.8237802706552707,0.05144420558696961,uniform,0,vendor,GE,availability,T2ax+FLAIRax+T2cor,3
Intracranial meningioma,75,0.7312516212710766,0.039510700771541854,uniform,0,vendor,GE,availability,T2ax+FLAIRax+T2cor,3
Demyelinating disease of central nervous system,109,0.5653349141286204,0.02949124591336418,uniform,0,vendor,GE,availability,T2ax+FLAIRax+T2cor,3
Lacunar infarct,61,0.9044166143528046,0.16092856855093426,uniform,0,vendor,GE,availability,T2ax+FLAIRax+T2cor,3
Gliosis,1237,0.7124818108326596,0.5278093635898217,uniform,0,vendor,GE,availability,T2ax+FLAIRax+T2cor,3
Cerebral atrophy,550,0.9143824830654637,0.6881849450787384,uniform,0,vendor,GE,availability,T2ax+FLAIRax+T2cor,3
Encephalomalacia,62,0.7656461388074292,0.09306180135501611,uniform,0,vendor,GE,availability,T2ax+FLAIRax+T2cor,3
Arachnoid cyst,165,0.5750056507391167,0.05943007488953951,uniform,0,vendor,GE,availability,T2ax+FLAIRax+T2cor,3
Empty sella syndrome,88,0.6856162256869747,0.04827848422073342,uniform,0,vendor,GE,availability,T2ax+FLAIRax+T2cor,3
Cyst of pineal gland,175,0.6053667568722405,0.054961993828074984,uniform,0,vendor,GE,availability,T2ax+FLAIRax+T2cor,3
Rathke's pouch cyst,38,0.6006076289784475,0.015293498198731416,uniform,0,vendor,GE,availability,T2ax+FLAIRax+T2cor,3
Cerebral edema,74,0.8205754989124792,0.22051188657878426,uniform,0,vendor,GE,availability,T2ax+FLAIRax+T2cor,3
Mastoiditis,66,0.5707573183913878,0.021959256876307752,uniform,0,vendor,GE,availability,T2ax+FLAIRax+T2cor,3
Chronic mastoiditis,123,0.716079316304974,0.07600248835487189,uniform,0,vendor,GE,availability,T2ax+FLAIRax+T2cor,3
Ventriculomegaly,345,0.8798218017487871,0.44458945495075003,uniform,0,vendor,GE,availability,T2ax+FLAIRax+T2cor,3
Cerebellar degeneration,34,0.679862891460461,0.08005909825682488,uniform,0,vendor,GE,availability,T2ax+FLAIRax+T2cor,3
Mega cisterna magna,49,0.48788234481806253,0.011674128370064788,uniform,0,vendor,GE,availability,T2ax+FLAIRax+T2cor,3
Structure of cave of septum pellucidum,129,0.6150297431430307,0.043747997367722155,uniform,0,vendor,GE,availability,T2ax+FLAIRax+T2cor,3
Hyperostosis of skull,40,0.7863455510007233,0.043106817548402336,uniform,0,vendor,GE,availability,T2ax+FLAIRax+T2cor,3
Choroid plexus cyst,41,0.5102184885814126,0.01017051433016149,uniform,0,vendor,GE,availability,T2ax+FLAIRax+T2cor,3
Pituitary adenoma,52,0.553422937401172,0.014950256905857022,uniform,0,vendor,GE,availability,T2ax+FLAIRax+T2cor,3
Cerebral infarction,129,0.8891652435040747,0.226398084291212,uniform,0,vendor,GE,availability,T1ax+FLAIRax+T2cor,3
Cerebral hemorrhage,27,0.8485487891737892,0.07861934523417781,uniform,0,vendor,GE,availability,T1ax+FLAIRax+T2cor,3
Intracranial meningioma,75,0.7407911802853437,0.04129893734988869,uniform,0,vendor,GE,availability,T1ax+FLAIRax+T2cor,3
Demyelinating disease of central nervous system,109,0.585072733081066,0.030914776520720895,uniform,0,vendor,GE,availability,T1ax+FLAIRax+T2cor,3
Lacunar infarct,61,0.9085845060909228,0.15679193321035648,uniform,0,vendor,GE,availability,T1ax+FLAIRax+T2cor,3
Gliosis,1237,0.7279693901319484,0.5408468715256137,uniform,0,vendor,GE,availability,T1ax+FLAIRax+T2cor,3
Cerebral atrophy,550,0.9276946534356487,0.7160606938590588,uniform,0,vendor,GE,availability,T1ax+FLAIRax+T2cor,3
Encephalomalacia,62,0.794928641251222,0.10687992882489887,uniform,0,vendor,GE,availability,T1ax+FLAIRax+T2cor,3
Arachnoid cyst,165,0.5832813465334599,0.06155477334264202,uniform,0,vendor,GE,availability,T1ax+FLAIRax+T2cor,3
Empty sella syndrome,88,0.7016179112422098,0.05539590811832777,uniform,0,vendor,GE,availability,T1ax+FLAIRax+T2cor,3
Cyst of pineal gland,175,0.5947243982338698,0.053412676364775175,uniform,0,vendor,GE,availability,T1ax+FLAIRax+T2cor,3
Rathke's pouch cyst,38,0.6092463624716165,0.015522746978137287,uniform,0,vendor,GE,availability,T1ax+FLAIRax+T2cor,3
Cerebral edema,74,0.8452599207522621,0.22028844498147374,uniform,0,vendor,GE,availability,T1ax+FLAIRax+T2cor,3
Mastoiditis,66,0.575820078974653,0.021808123082793708,uniform,0,vendor,GE,availability,T1ax+FLAIRax+T2cor,3
Chronic mastoiditis,123,0.7145349209397606,0.07739671460057208,uniform,0,vendor,GE,availability,T1ax+FLAIRax+T2cor,3
Ventriculomegaly,345,0.8882375574315914,0.45960907191376477,uniform,0,vendor,GE,availability,T1ax+FLAIRax+T2cor,3
Cerebellar degeneration,34,0.6943102788912339,0.07863487105470121,uniform,0,vendor,GE,availability,T1ax+FLAIRax+T2cor,3
Mega cisterna magna,49,0.46334125723754954,0.01157451498442387,uniform,0,vendor,GE,availability,T1ax+FLAIRax+T2cor,3
Structure of cave of septum pellucidum,129,0.618884698996336,0.04599566866524354,uniform,0,vendor,GE,availability,T1ax+FLAIRax+T2cor,3
Hyperostosis of skull,40,0.785441282855076,0.0377256551554113,uniform,0,vendor,GE,availability,T1ax+FLAIRax+T2cor,3
Choroid plexus cyst,41,0.5043297683338628,0.009718584440625726,uniform,0,vendor,GE,availability,T1ax+FLAIRax+T2cor,3
Pituitary adenoma,52,0.5499255883173658,0.015170980680111598,uniform,0,vendor,GE,availability,T1ax+FLAIRax+T2cor,3
Cerebral infarction,129,0.8785784420476731,0.2196400798657874,uniform,0,vendor,GE,availability,T1ax+T2ax+T2cor,3
Cerebral hemorrhage,27,0.8346599002849002,0.04691108949232025,uniform,0,vendor,GE,availability,T1ax+T2ax+T2cor,3
Intracranial meningioma,75,0.7344487678339818,0.043268806086693,uniform,0,vendor,GE,availability,T1ax+T2ax+T2cor,3
Demyelinating disease of central nervous system,109,0.5784945849512488,0.02989069740014033,uniform,0,vendor,GE,availability,T1ax+T2ax+T2cor,3
Lacunar infarct,61,0.9039914814491072,0.17619669967667212,uniform,0,vendor,GE,availability,T1ax+T2ax+T2cor,3
Gliosis,1237,0.7181253168546099,0.5297895377566988,uniform,0,vendor,GE,availability,T1ax+T2ax+T2cor,3
Cerebral atrophy,550,0.9082255605269077,0.6621507358490633,uniform,0,vendor,GE,availability,T1ax+T2ax+T2cor,3
Encephalomalacia,62,0.7740488758553276,0.09631566248813181,uniform,0,vendor,GE,availability,T1ax+T2ax+T2cor,3
Arachnoid cyst,165,0.5958802344680018,0.07751261727699732,uniform,0,vendor,GE,availability,T1ax+T2ax+T2cor,3
Empty sella syndrome,88,0.6895140721683781,0.05271275957458842,uniform,0,vendor,GE,availability,T1ax+T2ax+T2cor,3
Cyst of pineal gland,175,0.58507904856858,0.05047762168793503,uniform,0,vendor,GE,availability,T1ax+T2ax+T2cor,3
Rathke's pouch cyst,38,0.5863302507896639,0.014366519200411036,uniform,0,vendor,GE,availability,T1ax+T2ax+T2cor,3
Cerebral edema,74,0.8134918288091154,0.1757790338834653,uniform,0,vendor,GE,availability,T1ax+T2ax+T2cor,3
Mastoiditis,66,0.5214864000352959,0.018994304460219987,uniform,0,vendor,GE,availability,T1ax+T2ax+T2cor,3
Chronic mastoiditis,123,0.7269060879585173,0.07851964004560513,uniform,0,vendor,GE,availability,T1ax+T2ax+T2cor,3
Ventriculomegaly,345,0.8756316531999487,0.4342068901472668,uniform,0,vendor,GE,availability,T1ax+T2ax+T2cor,3
Cerebellar degeneration,34,0.6906488576649056,0.07205205209347411,uniform,0,vendor,GE,availability,T1ax+T2ax+T2cor,3
Mega cisterna magna,49,0.47060593207800283,0.011532156563300078,uniform,0,vendor,GE,availability,T1ax+T2ax+T2cor,3
Structure of cave of septum pellucidum,129,0.6206459820968055,0.0443836705485292,uniform,0,vendor,GE,availability,T1ax+T2ax+T2cor,3
Hyperostosis of skull,40,0.7879310344827586,0.03825997666678855,uniform,0,vendor,GE,availability,T1ax+T2ax+T2cor,3
Choroid plexus cyst,41,0.499452896120857,0.009615093354385552,uniform,0,vendor,GE,availability,T1ax+T2ax+T2cor,3
Pituitary adenoma,52,0.5379546088735931,0.014390661151078614,uniform,0,vendor,GE,availability,T1ax+T2ax+T2cor,3
Cerebral infarction,129,0.8804046748503291,0.21467342628948535,uniform,0,vendor,GE,availability,T1ax+T2ax+FLAIRax,3
Cerebral hemorrhage,27,0.8436075498575498,0.0753652479288637,uniform,0,vendor,GE,availability,T1ax+T2ax+FLAIRax,3
Intracranial meningioma,75,0.7215337224383916,0.037276931510550795,uniform,0,vendor,GE,availability,T1ax+T2ax+FLAIRax,3
Demyelinating disease of central nervous system,109,0.621241299251747,0.0342340483746653,uniform,0,vendor,GE,availability,T1ax+T2ax+FLAIRax,3
Lacunar infarct,61,0.9046311674070071,0.16358779704263174,uniform,0,vendor,GE,availability,T1ax+T2ax+FLAIRax,3
Gliosis,1237,0.7081438143129222,0.524493732319942,uniform,0,vendor,GE,availability,T1ax+T2ax+FLAIRax,3
Cerebral atrophy,550,0.9028799960006999,0.6691033537302512,uniform,0,vendor,GE,availability,T1ax+T2ax+FLAIRax,3
Encephalomalacia,62,0.7825024437927663,0.0953781853050795,uniform,0,vendor,GE,availability,T1ax+T2ax+FLAIRax,3
Arachnoid cyst,165,0.5719376761147024,0.058328056137779645,uniform,0,vendor,GE,availability,T1ax+T2ax+FLAIRax,3
Empty sella syndrome,88,0.6932344917829183,0.059680468337160494,uniform,0,vendor,GE,availability,T1ax+T2ax+FLAIRax,3
Cyst of pineal gland,175,0.5814200256373736,0.05205521892653044,uniform,0,vendor,GE,availability,T1ax+T2ax+FLAIRax,3
Rathke's pouch cyst,38,0.6198830409356726,0.0181716890112922,uniform,0,vendor,GE,availability,T1ax+T2ax+FLAIRax,3
Cerebral edema,74,0.8265749337959404,0.20811093577191478,uniform,0,vendor,GE,availability,T1ax+T2ax+FLAIRax,3
Mastoiditis,66,0.577761355363879,0.02150273188968814,uniform,0,vendor,GE,availability,T1ax+T2ax+FLAIRax,3
Chronic mastoiditis,123,0.6893844824275014,0.07241244637839384,uniform,0,vendor,GE,availability,T1ax+T2ax+FLAIRax,3
Ventriculomegaly,345,0.8714784721122001,0.4291673848304391,uniform,0,vendor,GE,availability,T1ax+T2ax+FLAIRax,3
Cerebellar degeneration,34,0.6558830611464427,0.0674189509606186,uniform,0,vendor,GE,availability,T1ax+T2ax+FLAIRax,3
Mega cisterna magna,49,0.454547696313905,0.01187662703192818,uniform,0,vendor,GE,availability,T1ax+T2ax+FLAIRax,3
Structure of cave of septum pellucidum,129,0.6237578369456829,0.046012504092906,uniform,0,vendor,GE,availability,T1ax+T2ax+FLAIRax,3
Hyperostosis of skull,40,0.7605437665782493,0.04907601567292717,uniform,0,vendor,GE,availability,T1ax+T2ax+FLAIRax,3
Choroid plexus cyst,41,0.5144894285411741,0.009972140465182161,uniform,0,vendor,GE,availability,T1ax+T2ax+FLAIRax,3
Pituitary adenoma,52,0.564073109478188,0.0166177217405342,uniform,0,vendor,GE,availability,T1ax+T2ax+FLAIRax,3
Cerebral infarction,129,0.8836559805303716,0.22335460618509317,uniform,0,vendor,GE,availability,T1ax+T2ax+FLAIRax+T2cor,4
Cerebral hemorrhage,27,0.8400908119658119,0.06036709909656841,uniform,0,vendor,GE,availability,T1ax+T2ax+FLAIRax+T2cor,4
Intracranial meningioma,75,0.7346465629053177,0.04052456836870903,uniform,0,vendor,GE,availability,T1ax+T2ax+FLAIRax+T2cor,4
Demyelinating disease of central nervous system,109,0.592438279242838,0.03125560216508154,uniform,0,vendor,GE,availability,T1ax+T2ax+FLAIRax+T2cor,4
Lacunar infarct,61,0.9063595114547491,0.16389269963972425,uniform,0,vendor,GE,availability,T1ax+T2ax+FLAIRax+T2cor,4
Gliosis,1237,0.7178055163531233,0.5317947776672429,uniform,0,vendor,GE,availability,T1ax+T2ax+FLAIRax+T2cor,4
Cerebral atrophy,550,0.9160411927912615,0.6881660000785558,uniform,0,vendor,GE,availability,T1ax+T2ax+FLAIRax+T2cor,4
Encephalomalacia,62,0.780355816226784,0.10206817433174908,uniform,0,vendor,GE,availability,T1ax+T2ax+FLAIRax+T2cor,4
Arachnoid cyst,165,0.58270873830297,0.06734954094109236,uniform,0,vendor,GE,availability,T1ax+T2ax+FLAIRax+T2cor,4
Empty sella syndrome,88,0.694246379382998,0.05462480920785484,uniform,0,vendor,GE,availability,T1ax+T2ax+FLAIRax+T2cor,4
Cyst of pineal gland,175,0.5935465033471016,0.053118988654198694,uniform,0,vendor,GE,availability,T1ax+T2ax+FLAIRax+T2cor,4
Rathke's pouch cyst,38,0.607774860143852,0.017293121840449698,uniform,0,vendor,GE,availability,T1ax+T2ax+FLAIRax+T2cor,4
Cerebral edema,74,0.8299262062938212,0.20910571211627194,uniform,0,vendor,GE,availability,T1ax+T2ax+FLAIRax+T2cor,4
Mastoiditis,66,0.5652754185877215,0.020916621747696117,uniform,0,vendor,GE,availability,T1ax+T2ax+FLAIRax+T2cor,4
Chronic mastoiditis,123,0.7120162761666986,0.07619764220311631,uniform,0,vendor,GE,availability,T1ax+T2ax+FLAIRax+T2cor,4
Ventriculomegaly,345,0.8805415355830675,0.4454301746984486,uniform,0,vendor,GE,availability,T1ax+T2ax+FLAIRax+T2cor,4
Cerebellar degeneration,34,0.6796645939859208,0.0727284033217301,uniform,0,vendor,GE,availability,T1ax+T2ax+FLAIRax+T2cor,4
Mega cisterna magna,49,0.4640662451544175,0.011573935520870675,uniform,0,vendor,GE,availability,T1ax+T2ax+FLAIRax+T2cor,4
Structure of cave of septum pellucidum,129,0.6202390913154607,0.045063123734688765,uniform,0,vendor,GE,availability,T1ax+T2ax+FLAIRax+T2cor,4
Hyperostosis of skull,40,0.782565710151917,0.04594561735547501,uniform,0,vendor,GE,availability,T1ax+T2ax+FLAIRax+T2cor,4
Choroid plexus cyst,41,0.5081830268375043,0.009871891544838585,uniform,0,vendor,GE,availability,T1ax+T2ax+FLAIRax+T2cor,4
Pituitary adenoma,52,0.5510557157473724,0.015416312083477882,uniform,0,vendor,GE,availability,T1ax+T2ax+FLAIRax+T2cor,4
Cerebral infarction,129,0.8746508953507476,0.19351130085546522,uniform,0,vendor,GE,budget,all4,1
Cerebral hemorrhage,27,0.8614227207977208,0.07121390545114172,uniform,0,vendor,GE,budget,all4,1
Intracranial meningioma,75,0.7158690012970168,0.0356147232056714,uniform,0,vendor,GE,budget,all4,1
Demyelinating disease of central nervous system,109,0.5982717738052922,0.03185293665126217,uniform,0,vendor,GE,budget,all4,1
Lacunar infarct,61,0.8990329219742059,0.13380127072760178,uniform,0,vendor,GE,budget,all4,1
Gliosis,1237,0.7251636682515106,0.5303821587988542,uniform,0,vendor,GE,budget,all4,1
Cerebral atrophy,550,0.9021626215412303,0.6457712342832771,uniform,0,vendor,GE,budget,all4,1
Encephalomalacia,62,0.8044613880742912,0.07636147129755996,uniform,0,vendor,GE,budget,all4,1
Arachnoid cyst,165,0.5745234543344936,0.05576790510647145,uniform,0,vendor,GE,budget,all4,1
Empty sella syndrome,88,0.6941077646432611,0.05344524085526581,uniform,0,vendor,GE,budget,all4,1
Cyst of pineal gland,175,0.5329539951573851,0.04388264353404113,uniform,0,vendor,GE,budget,all4,1
Rathke's pouch cyst,38,0.5700168715353097,0.01135602561350102,uniform,0,vendor,GE,budget,all4,1
Cerebral edema,74,0.813656106872737,0.10807955708564362,uniform,0,vendor,GE,budget,all4,1
Mastoiditis,66,0.5253395395351231,0.01994681387087293,uniform,0,vendor,GE,budget,all4,1
Chronic mastoiditis,123,0.6939236444529799,0.07018465914312051,uniform,0,vendor,GE,budget,all4,1
Ventriculomegaly,345,0.8646085598533372,0.4133611584511438,uniform,0,vendor,GE,budget,all4,1
Cerebellar degeneration,34,0.6793104913528136,0.04701565727563614,uniform,0,vendor,GE,budget,all4,1
Mega cisterna magna,49,0.44360383109261103,0.01267469963315989,uniform,0,vendor,GE,budget,all4,1
Structure of cave of septum pellucidum,129,0.6189496486985226,0.04717989934208809,uniform,0,vendor,GE,budget,all4,1
Hyperostosis of skull,40,0.7320412346274415,0.034200780418522016,uniform,0,vendor,GE,budget,all4,1
Choroid plexus cyst,41,0.5054122104173285,0.009594943576167872,uniform,0,vendor,GE,budget,all4,1
Pituitary adenoma,52,0.5543065761324528,0.015577748286548218,uniform,0,vendor,GE,budget,all4,1
Cerebral infarction,129,0.8741312977332554,0.20761209907525208,uniform,0,vendor,GE,budget,all4,2
Cerebral hemorrhage,27,0.8420940170940171,0.05462726092864849,uniform,0,vendor,GE,budget,all4,2
Intracranial meningioma,75,0.7186835278858625,0.038462709163670866,uniform,0,vendor,GE,budget,all4,2
Demyelinating disease of central nervous system,109,0.6090546274257483,0.032679779913927086,uniform,0,vendor,GE,budget,all4,2
Lacunar infarct,61,0.9009797922808578,0.16242668150895453,uniform,0,vendor,GE,budget,all4,2
Gliosis,1237,0.7038397983091953,0.5170680636310847,uniform,0,vendor,GE,budget,all4,2
Cerebral atrophy,550,0.8877286474866899,0.6256043471449415,uniform,0,vendor,GE,budget,all4,2
Encephalomalacia,62,0.7747253176930596,0.08067522761209227,uniform,0,vendor,GE,budget,all4,2
Arachnoid cyst,165,0.5857300001506863,0.06710844791232554,uniform,0,vendor,GE,budget,all4,2
Empty sella syndrome,88,0.687079997338597,0.056827896453874094,uniform,0,vendor,GE,budget,all4,2
Cyst of pineal gland,175,0.5585044865403789,0.046577872943959084,uniform,0,vendor,GE,budget,all4,2
Rathke's pouch cyst,38,0.5986033413251132,0.016979986194917474,uniform,0,vendor,GE,budget,all4,2
Cerebral edema,74,0.8070784132053278,0.15530699735177494,uniform,0,vendor,GE,budget,all4,2
Mastoiditis,66,0.5249498135933467,0.01910151032506011,uniform,0,vendor,GE,budget,all4,2
Chronic mastoiditis,123,0.6999931982587542,0.0729682385318995,uniform,0,vendor,GE,budget,all4,2
Ventriculomegaly,345,0.8613373167658753,0.40585751748120724,uniform,0,vendor,GE,budget,all4,2
Cerebellar degeneration,34,0.6540558915596096,0.06396844429099062,uniform,0,vendor,GE,budget,all4,2
Mega cisterna magna,49,0.4466616032589933,0.012121014955566929,uniform,0,vendor,GE,budget,all4,2
Structure of cave of septum pellucidum,129,0.627517278531067,0.04566308578067581,uniform,0,vendor,GE,budget,all4,2
Hyperostosis of skull,40,0.7563901615625754,0.04309934092207726,uniform,0,vendor,GE,budget,all4,2
Choroid plexus cyst,41,0.5091478121727672,0.009762877869278052,uniform,0,vendor,GE,budget,all4,2
Pituitary adenoma,52,0.5555855269277277,0.016515264467100083,uniform,0,vendor,GE,budget,all4,2
Cerebral infarction,129,0.8804046748503291,0.21467342628948535,uniform,0,vendor,GE,budget,all4,3
Cerebral hemorrhage,27,0.8436075498575498,0.0753652479288637,uniform,0,vendor,GE,budget,all4,3
Intracranial meningioma,75,0.7215337224383916,0.037276931510550795,uniform,0,vendor,GE,budget,all4,3
Demyelinating disease of central nervous system,109,0.621241299251747,0.0342340483746653,uniform,0,vendor,GE,budget,all4,3
Lacunar infarct,61,0.9046311674070071,0.16358779704263174,uniform,0,vendor,GE,budget,all4,3
Gliosis,1237,0.7081438143129222,0.524493732319942,uniform,0,vendor,GE,budget,all4,3
Cerebral atrophy,550,0.9028799960006999,0.6691033537302511,uniform,0,vendor,GE,budget,all4,3
Encephalomalacia,62,0.7825024437927663,0.0953781853050795,uniform,0,vendor,GE,budget,all4,3
Arachnoid cyst,165,0.5719376761147024,0.058328056137779645,uniform,0,vendor,GE,budget,all4,3
Empty sella syndrome,88,0.6932344917829183,0.059680468337160494,uniform,0,vendor,GE,budget,all4,3
Cyst of pineal gland,175,0.5814200256373736,0.05205521892653044,uniform,0,vendor,GE,budget,all4,3
Rathke's pouch cyst,38,0.6198830409356726,0.0181716890112922,uniform,0,vendor,GE,budget,all4,3
Cerebral edema,74,0.8265749337959404,0.20811093577191478,uniform,0,vendor,GE,budget,all4,3
Mastoiditis,66,0.577761355363879,0.02150273188968814,uniform,0,vendor,GE,budget,all4,3
Chronic mastoiditis,123,0.6893844824275014,0.07241244637839384,uniform,0,vendor,GE,budget,all4,3
Ventriculomegaly,345,0.8714784721122001,0.4291673848304391,uniform,0,vendor,GE,budget,all4,3
Cerebellar degeneration,34,0.6558830611464427,0.0674189509606186,uniform,0,vendor,GE,budget,all4,3
Mega cisterna magna,49,0.454547696313905,0.01187662703192818,uniform,0,vendor,GE,budget,all4,3
Structure of cave of septum pellucidum,129,0.6237578369456829,0.046012504092906,uniform,0,vendor,GE,budget,all4,3
Hyperostosis of skull,40,0.7605437665782493,0.04907601567292717,uniform,0,vendor,GE,budget,all4,3
Choroid plexus cyst,41,0.514489428541174,0.009972140465182161,uniform,0,vendor,GE,budget,all4,3
Pituitary adenoma,52,0.564073109478188,0.0166177217405342,uniform,0,vendor,GE,budget,all4,3
Cerebral infarction,129,0.8836559805303716,0.22335460618509317,uniform,0,vendor,GE,budget,all4,4
Cerebral hemorrhage,27,0.8400908119658119,0.06036709909656841,uniform,0,vendor,GE,budget,all4,4
Intracranial meningioma,75,0.7346465629053177,0.04052456836870903,uniform,0,vendor,GE,budget,all4,4
Demyelinating disease of central nervous system,109,0.592438279242838,0.03125560216508154,uniform,0,vendor,GE,budget,all4,4
Lacunar infarct,61,0.9063595114547491,0.16389269963972425,uniform,0,vendor,GE,budget,all4,4
Gliosis,1237,0.7178055163531233,0.5317947776672429,uniform,0,vendor,GE,budget,all4,4
Cerebral atrophy,550,0.9160411927912615,0.6881660000785558,uniform,0,vendor,GE,budget,all4,4
Encephalomalacia,62,0.780355816226784,0.10206817433174908,uniform,0,vendor,GE,budget,all4,4
Arachnoid cyst,165,0.58270873830297,0.06734954094109236,uniform,0,vendor,GE,budget,all4,4
Empty sella syndrome,88,0.694246379382998,0.05462480920785484,uniform,0,vendor,GE,budget,all4,4
Cyst of pineal gland,175,0.5935465033471016,0.053118988654198694,uniform,0,vendor,GE,budget,all4,4
Rathke's pouch cyst,38,0.6077748601438521,0.017293121840449698,uniform,0,vendor,GE,budget,all4,4
Cerebral edema,74,0.8299262062938212,0.20910571211627194,uniform,0,vendor,GE,budget,all4,4
Mastoiditis,66,0.5652754185877215,0.020916621747696117,uniform,0,vendor,GE,budget,all4,4
Chronic mastoiditis,123,0.7120162761666987,0.0761976422031163,uniform,0,vendor,GE,budget,all4,4
Ventriculomegaly,345,0.8805415355830675,0.4454301746984486,uniform,0,vendor,GE,budget,all4,4
Cerebellar degeneration,34,0.6796645939859208,0.0727284033217301,uniform,0,vendor,GE,budget,all4,4
Mega cisterna magna,49,0.4640662451544175,0.011573935520870675,uniform,0,vendor,GE,budget,all4,4
Structure of cave of septum pellucidum,129,0.6202390913154607,0.045063123734688765,uniform,0,vendor,GE,budget,all4,4
Hyperostosis of skull,40,0.782565710151917,0.04594561735547501,uniform,0,vendor,GE,budget,all4,4
Choroid plexus cyst,41,0.5081830268375043,0.009871891544838585,uniform,0,vendor,GE,budget,all4,4
Pituitary adenoma,52,0.5510557157473724,0.015416312083477882,uniform,0,vendor,GE,budget,all4,4
Cerebral infarction,129,0.8706373858126927,0.1936492984503216,patient,0,vendor,GE,availability,T2cor,1
Cerebral hemorrhage,27,0.8113425925925926,0.021983054768774,patient,0,vendor,GE,availability,T2cor,1
Intracranial meningioma,75,0.7138618677042802,0.03672956452488743,patient,0,vendor,GE,availability,T2cor,1
Demyelinating disease of central nervous system,109,0.4617212071036801,0.022658306897949204,patient,0,vendor,GE,availability,T2cor,1
Lacunar infarct,61,0.8930651685036116,0.12138023094912542,patient,0,vendor,GE,availability,T2cor,1
Gliosis,1237,0.7225175725853965,0.5321683948484339,patient,0,vendor,GE,availability,T2cor,1
Cerebral atrophy,550,0.9189541830179718,0.6858378528753939,patient,0,vendor,GE,availability,T2cor,1
Encephalomalacia,62,0.7640234604105572,0.089063107656681,patient,0,vendor,GE,availability,T2cor,1
Arachnoid cyst,165,0.5740141343821106,0.06091880224904676,patient,0,vendor,GE,availability,T2cor,1
Empty sella syndrome,88,0.663144004080818,0.043203432211353296,patient,0,vendor,GE,availability,T2cor,1
Cyst of pineal gland,175,0.6213374163224612,0.05579688456209969,patient,0,vendor,GE,availability,T2cor,1
Rathke's pouch cyst,38,0.5527647752787609,0.010001242720754278,patient,0,vendor,GE,availability,T2cor,1
Cerebral edema,74,0.7910153041444069,0.0905514052670275,patient,0,vendor,GE,availability,T2cor,1
Mastoiditis,66,0.5228688241306538,0.033612312994342426,patient,0,vendor,GE,availability,T2cor,1
Chronic mastoiditis,123,0.7399614301261123,0.07561853903524313,patient,0,vendor,GE,availability,T2cor,1
Ventriculomegaly,345,0.8804064911843923,0.444062253142142,patient,0,vendor,GE,availability,T2cor,1
Cerebellar degeneration,34,0.7524185209841221,0.12631402583856388,patient,0,vendor,GE,availability,T2cor,1
Mega cisterna magna,49,0.521547429991813,0.012032545124462782,patient,0,vendor,GE,availability,T2cor,1
Structure of cave of septum pellucidum,129,0.5750493808765152,0.03886398724149287,patient,0,vendor,GE,availability,T2cor,1
Hyperostosis of skull,40,0.7832107547624788,0.03348437921304587,patient,0,vendor,GE,availability,T2cor,1
Choroid plexus cyst,41,0.4670678761780382,0.008974775843968795,patient,0,vendor,GE,availability,T2cor,1
Pituitary adenoma,52,0.4919681890056739,0.013067543114007353,patient,0,vendor,GE,availability,T2cor,1
Cerebral infarction,129,0.8885864270404711,0.2156181874708936,patient,0,vendor,GE,availability,FLAIRax,1
Cerebral hemorrhage,27,0.844017094017094,0.0791583448985491,patient,0,vendor,GE,availability,FLAIRax,1
Intracranial meningioma,75,0.7132555123216602,0.0357281396757453,patient,0,vendor,GE,availability,FLAIRax,1
Demyelinating disease of central nervous system,109,0.649751857134501,0.07045974410576436,patient,0,vendor,GE,availability,FLAIRax,1
Lacunar infarct,61,0.9057277719062641,0.14061295759062362,patient,0,vendor,GE,availability,FLAIRax,1
Gliosis,1237,0.7139259827631093,0.5329479848081664,patient,0,vendor,GE,availability,FLAIRax,1
Cerebral atrophy,550,0.9279746044442224,0.7257839893093257,patient,0,vendor,GE,availability,FLAIRax,1
Encephalomalacia,62,0.8057126099706744,0.07680365025846514,patient,0,vendor,GE,availability,FLAIRax,1
Arachnoid cyst,165,0.5221599385199585,0.04050594487010781,patient,0,vendor,GE,availability,FLAIRax,1
Empty sella syndrome,88,0.6651760961653619,0.0522468390958146,patient,0,vendor,GE,availability,FLAIRax,1
Cyst of pineal gland,175,0.6015054835493518,0.06143262163826295,patient,0,vendor,GE,availability,FLAIRax,1
Rathke's pouch cyst,38,0.5962946049143103,0.011892107529619396,patient,0,vendor,GE,availability,FLAIRax,1
Cerebral edema,74,0.8469043441691144,0.22009886956241767,patient,0,vendor,GE,availability,FLAIRax,1
Mastoiditis,66,0.630047134778996,0.02727389597313973,patient,0,vendor,GE,availability,FLAIRax,1
Chronic mastoiditis,123,0.662559615261507,0.07177420566893683,patient,0,vendor,GE,availability,FLAIRax,1
Ventriculomegaly,345,0.8861266399595621,0.43991853655495644,patient,0,vendor,GE,availability,FLAIRax,1
Cerebellar degeneration,34,0.6830498151584254,0.08315822926804718,patient,0,vendor,GE,availability,FLAIRax,1
Mega cisterna magna,49,0.4669563330407078,0.011661731553455998,patient,0,vendor,GE,availability,FLAIRax,1
Structure of cave of septum pellucidum,129,0.6193087823459068,0.048026205306015764,patient,0,vendor,GE,availability,FLAIRax,1
Hyperostosis of skull,40,0.7562273932963588,0.05059593110451194,patient,0,vendor,GE,availability,FLAIRax,1
Choroid plexus cyst,41,0.5211664490016825,0.011129057689722062,patient,0,vendor,GE,availability,FLAIRax,1
Pituitary adenoma,52,0.5647149102409078,0.017829547833016563,patient,0,vendor,GE,availability,FLAIRax,1
Cerebral infarction,129,0.869859899671813,0.19829460596960805,patient,0,vendor,GE,availability,T2ax,1
Cerebral hemorrhage,27,0.7993055555555555,0.02661316584226698,patient,0,vendor,GE,availability,T2ax,1
Intracranial meningioma,75,0.6976005188067446,0.036251689654603715,patient,0,vendor,GE,availability,T2ax,1
Demyelinating disease of central nervous system,109,0.5933291638732785,0.03116262348762556,patient,0,vendor,GE,availability,T2ax,1
Lacunar infarct,61,0.8991282788871847,0.1679059933587244,patient,0,vendor,GE,availability,T2ax,1
Gliosis,1237,0.6884775906718004,0.5043868591084537,patient,0,vendor,GE,availability,T2ax,1
Cerebral atrophy,550,0.8834249006423875,0.6157821075420805,patient,0,vendor,GE,availability,T2ax,1
Encephalomalacia,62,0.7438670576735092,0.07584562384273255,patient,0,vendor,GE,availability,T2ax,1
Arachnoid cyst,165,0.5773744405768275,0.06053431416403438,patient,0,vendor,GE,availability,T2ax,1
Empty sella syndrome,88,0.6511870966311074,0.04308240217560344,patient,0,vendor,GE,availability,T2ax,1
Cyst of pineal gland,175,0.5858581398661159,0.05144384587958775,patient,0,vendor,GE,availability,T2ax,1
Rathke's pouch cyst,38,0.5549783714528548,0.010898227226192426,patient,0,vendor,GE,availability,T2ax,1
Cerebral edema,74,0.7746630656915121,0.11818850452675823,patient,0,vendor,GE,availability,T2ax,1
Mastoiditis,66,0.525188796482172,0.01859038522699969,patient,0,vendor,GE,availability,T2ax,1
Chronic mastoiditis,123,0.6946298252352601,0.07950483002453904,patient,0,vendor,GE,availability,T2ax,1
Ventriculomegaly,345,0.8550188986714345,0.39495327361468757,patient,0,vendor,GE,availability,T2ax,1
Cerebellar degeneration,34,0.6741476749621109,0.07426991112628686,patient,0,vendor,GE,availability,T2ax,1
Mega cisterna magna,49,0.4506071157317446,0.010749237395617641,patient,0,vendor,GE,availability,T2ax,1
Structure of cave of septum pellucidum,129,0.6082845255424254,0.04492974086070166,patient,0,vendor,GE,availability,T2ax,1
Hyperostosis of skull,40,0.7495358090185676,0.027715003515243905,patient,0,vendor,GE,availability,T2ax,1
Choroid plexus cyst,41,0.5095007824173756,0.010783604908888595,patient,0,vendor,GE,availability,T2ax,1
Pituitary adenoma,52,0.5306855176262674,0.013624744442886843,patient,0,vendor,GE,availability,T2ax,1
Cerebral infarction,129,0.8765974761309844,0.19338188259171893,patient,0,vendor,GE,availability,T1ax,1
Cerebral hemorrhage,27,0.8756232193732194,0.09347831577838799,patient,0,vendor,GE,availability,T1ax,1
Intracranial meningioma,75,0.7025453955901426,0.03882925336415678,patient,0,vendor,GE,availability,T1ax,1
Demyelinating disease of central nervous system,109,0.5816194302837783,0.03097061906744597,patient,0,vendor,GE,availability,T1ax,1
Lacunar infarct,61,0.8991441717060146,0.12660694096068517,patient,0,vendor,GE,availability,T1ax,1
Gliosis,1237,0.7277335817930203,0.5361698316301766,patient,0,vendor,GE,availability,T1ax,1
Cerebral atrophy,550,0.913231184542705,0.6591459771965622,patient,0,vendor,GE,availability,T1ax,1
Encephalomalacia,62,0.814017595307918,0.0840847841059558,patient,0,vendor,GE,availability,T1ax,1
Arachnoid cyst,165,0.5742024923526664,0.053041847559690644,patient,0,vendor,GE,availability,T1ax,1
Empty sella syndrome,88,0.6751009115305284,0.048163678414304315,patient,0,vendor,GE,availability,T1ax,1
Cyst of pineal gland,175,0.5442800170915824,0.0459234023880762,patient,0,vendor,GE,availability,T1ax,1
Rathke's pouch cyst,38,0.5371934898707361,0.009962971025824439,patient,0,vendor,GE,availability,T1ax,1
Cerebral edema,74,0.8250602900493492,0.15487537259420647,patient,0,vendor,GE,availability,T1ax,1
Mastoiditis,66,0.5235012096210835,0.021542823789805016,patient,0,vendor,GE,availability,T1ax,1
Chronic mastoiditis,123,0.6742806158376544,0.07389309023009959,patient,0,vendor,GE,availability,T1ax,1
Ventriculomegaly,345,0.8701491523889279,0.4207503397561221,patient,0,vendor,GE,availability,T1ax,1
Cerebellar degeneration,34,0.7157901446155154,0.058649491580856895,patient,0,vendor,GE,availability,T1ax,1
Mega cisterna magna,49,0.43478067882542093,0.01222822114241431,patient,0,vendor,GE,availability,T1ax,1
Structure of cave of septum pellucidum,129,0.5959966149743448,0.049375315362526456,patient,0,vendor,GE,availability,T1ax,1
Hyperostosis of skull,40,0.7215939233180613,0.0323310251133064,patient,0,vendor,GE,availability,T1ax,1
Choroid plexus cyst,41,0.49211699787041285,0.009888097401333066,patient,0,vendor,GE,availability,T1ax,1
Pituitary adenoma,52,0.4719421449167519,0.01214657750521134,patient,0,vendor,GE,availability,T1ax,1
Cerebral infarction,129,0.8919084132787756,0.21885594413240111,patient,0,vendor,GE,availability,FLAIRax+T2cor,2
Cerebral hemorrhage,27,0.8545495014245014,0.04305527928091062,patient,0,vendor,GE,availability,FLAIRax+T2cor,2
Intracranial meningioma,75,0.7355025940337223,0.04217887654185068,patient,0,vendor,GE,availability,FLAIRax+T2cor,2
Demyelinating disease of central nervous system,109,0.5449784252939245,0.02841629778985346,patient,0,vendor,GE,availability,FLAIRax+T2cor,2
Lacunar infarct,61,0.9087116486415613,0.14930562476572495,patient,0,vendor,GE,availability,FLAIRax+T2cor,2
Gliosis,1237,0.7300828960168806,0.5462538018281284,patient,0,vendor,GE,availability,FLAIRax+T2cor,2
Cerebral atrophy,550,0.9402959482090634,0.7505645749628852,patient,0,vendor,GE,availability,FLAIRax+T2cor,2
Encephalomalacia,62,0.8057673509286413,0.10280133234376126,patient,0,vendor,GE,availability,FLAIRax+T2cor,2
Arachnoid cyst,165,0.5566068441752181,0.051190727906859496,patient,0,vendor,GE,availability,FLAIRax+T2cor,2
Empty sella syndrome,88,0.6783943977466788,0.04877450901987708,patient,0,vendor,GE,availability,FLAIRax+T2cor,2
Cyst of pineal gland,175,0.6131334567725396,0.05571658193565796,patient,0,vendor,GE,availability,FLAIRax+T2cor,2
Rathke's pouch cyst,38,0.578687318440715,0.010763786886756848,patient,0,vendor,GE,availability,FLAIRax+T2cor,2
Cerebral edema,74,0.8471458329226382,0.19744649206444964,patient,0,vendor,GE,availability,FLAIRax+T2cor,2
Mastoiditis,66,0.5988911193958513,0.025946372000326692,patient,0,vendor,GE,availability,FLAIRax+T2cor,2
Chronic mastoiditis,123,0.7056306414442096,0.06840595089827994,patient,0,vendor,GE,availability,FLAIRax+T2cor,2
Ventriculomegaly,345,0.8955359904639039,0.46581666917856474,patient,0,vendor,GE,availability,FLAIRax+T2cor,2
Cerebellar degeneration,34,0.7405490007223693,0.07897244794009561,patient,0,vendor,GE,availability,FLAIRax+T2cor,2
Mega cisterna magna,49,0.48108619958374843,0.01153698475137692,patient,0,vendor,GE,availability,FLAIRax+T2cor,2
Structure of cave of septum pellucidum,129,0.5959612746952139,0.04256047653589114,patient,0,vendor,GE,availability,FLAIRax+T2cor,2
Hyperostosis of skull,40,0.7804376657824933,0.03138306246328358,patient,0,vendor,GE,availability,FLAIRax+T2cor,2
Choroid plexus cyst,41,0.5098596354993941,0.010072120985378375,patient,0,vendor,GE,availability,FLAIRax+T2cor,2
Pituitary adenoma,52,0.5357036554739094,0.014404080180437182,patient,0,vendor,GE,availability,FLAIRax+T2cor,2
Cerebral infarction,129,0.8774762073958607,0.2038341054341697,patient,0,vendor,GE,availability,T2ax+T2cor,2
Cerebral hemorrhage,27,0.8155448717948719,0.02591290095430039,patient,0,vendor,GE,availability,T2ax+T2cor,2
Intracranial meningioma,75,0.716005188067445,0.03879919325080908,patient,0,vendor,GE,availability,T2ax+T2cor,2
Demyelinating disease of central nervous system,109,0.548780432933935,0.027879078373062957,patient,0,vendor,GE,availability,T2ax+T2cor,2
Lacunar infarct,61,0.9013254610904062,0.14946388028619526,patient,0,vendor,GE,availability,T2ax+T2cor,2
Gliosis,1237,0.7097258265623501,0.5242593430045344,patient,0,vendor,GE,availability,T2ax+T2cor,2
Cerebral atrophy,550,0.9134186517359463,0.6733429538357574,patient,0,vendor,GE,availability,T2ax+T2cor,2
Encephalomalacia,62,0.7606725317693059,0.09328048999347155,patient,0,vendor,GE,availability,T2ax+T2cor,2
Arachnoid cyst,165,0.5810240646143182,0.06537572229850273,patient,0,vendor,GE,availability,T2ax+T2cor,2
Empty sella syndrome,88,0.6605408192685577,0.04490449023829516,patient,0,vendor,GE,availability,T2ax+T2cor,2
Cyst of pineal gland,175,0.6050163794331292,0.05379581611117953,patient,0,vendor,GE,availability,T2ax+T2cor,2
Rathke's pouch cyst,38,0.5398257030863494,0.010990143015683317,patient,0,vendor,GE,availability,T2ax+T2cor,2
Cerebral edema,74,0.7942318686301181,0.13047326178758412,patient,0,vendor,GE,availability,T2ax+T2cor,2
Mastoiditis,66,0.5335899641893334,0.019672374944267094,patient,0,vendor,GE,availability,T2ax+T2cor,2
Chronic mastoiditis,123,0.7191020901350746,0.08333921638719567,patient,0,vendor,GE,availability,T2ax+T2cor,2
Ventriculomegaly,345,0.8785867867731932,0.4392821646124385,patient,0,vendor,GE,availability,T2ax+T2cor,2
Cerebellar degeneration,34,0.7247418591804649,0.09507204328934168,patient,0,vendor,GE,availability,T2ax+T2cor,2
Mega cisterna magna,49,0.47099061954409605,0.011042102669435394,patient,0,vendor,GE,availability,T2ax+T2cor,2
Structure of cave of septum pellucidum,129,0.5948724120409107,0.04246214768574666,patient,0,vendor,GE,availability,T2ax+T2cor,2
Hyperostosis of skull,40,0.7745358090185676,0.02925488174599474,patient,0,vendor,GE,availability,T2ax+T2cor,2
Choroid plexus cyst,41,0.49947642747049764,0.010277413926233365,patient,0,vendor,GE,availability,T2ax+T2cor,2
Pituitary adenoma,52,0.5121058506185471,0.01290592342794817,patient,0,vendor,GE,availability,T2ax+T2cor,2
Cerebral infarction,129,0.8880496368547534,0.21768465570107676,patient,0,vendor,GE,availability,T2ax+FLAIRax,2
Cerebral hemorrhage,27,0.8386485042735043,0.04656354797289825,patient,0,vendor,GE,availability,T2ax+FLAIRax,2
Intracranial meningioma,75,0.7199124513618677,0.03664019622943222,patient,0,vendor,GE,availability,T2ax+FLAIRax,2
Demyelinating disease of central nervous system,109,0.6015450999095617,0.03240756227233975,patient,0,vendor,GE,availability,T2ax+FLAIRax,2
Lacunar infarct,61,0.9086599969803644,0.16805611757721692,patient,0,vendor,GE,availability,T2ax+FLAIRax,2
Gliosis,1237,0.7045221489936012,0.5226308552205038,patient,0,vendor,GE,availability,T2ax+FLAIRax,2
Cerebral atrophy,550,0.9153653110705626,0.689844909602039,patient,0,vendor,GE,availability,T2ax+FLAIRax,2
Encephalomalacia,62,0.7827096774193548,0.08800128912116827,patient,0,vendor,GE,availability,T2ax+FLAIRax,2
Arachnoid cyst,165,0.5572804122779259,0.05196768590177758,patient,0,vendor,GE,availability,T2ax+FLAIRax,2
Empty sella syndrome,88,0.6645606467209297,0.05043081042614044,patient,0,vendor,GE,availability,T2ax+FLAIRax,2
Cyst of pineal gland,175,0.5951360205098988,0.053472174527118596,patient,0,vendor,GE,availability,T2ax+FLAIRax,2
Rathke's pouch cyst,38,0.5682916619096547,0.010748748626183498,patient,0,vendor,GE,availability,T2ax+FLAIRax,2
Cerebral edema,74,0.8205722133512068,0.18289432645082696,patient,0,vendor,GE,availability,T2ax+FLAIRax,2
Mastoiditis,66,0.5859823667394646,0.022850701614328922,patient,0,vendor,GE,availability,T2ax+FLAIRax,2
Chronic mastoiditis,123,0.6805182126624416,0.07086729812477073,patient,0,vendor,GE,availability,T2ax+FLAIRax,2
Ventriculomegaly,345,0.8768115942028986,0.43451857037582947,patient,0,vendor,GE,availability,T2ax+FLAIRax,2
Cerebellar degeneration,34,0.6859038823812693,0.08463189336442574,patient,0,vendor,GE,availability,T2ax+FLAIRax,2
Mega cisterna magna,49,0.46055473905366884,0.011209881513581326,patient,0,vendor,GE,availability,T2ax+FLAIRax,2
Structure of cave of septum pellucidum,129,0.6140879724613262,0.04557541777636288,patient,0,vendor,GE,availability,T2ax+FLAIRax,2
Hyperostosis of skull,40,0.7683325295394261,0.053989324730255764,patient,0,vendor,GE,availability,T2ax+FLAIRax,2
Choroid plexus cyst,41,0.5167778522937183,0.010405412961401439,patient,0,vendor,GE,availability,T2ax+FLAIRax,2
Pituitary adenoma,52,0.5512417449539577,0.015508387395895105,patient,0,vendor,GE,availability,T2ax+FLAIRax,2
Cerebral infarction,129,0.885210952812131,0.20614772241370974,patient,0,vendor,GE,availability,T1ax+T2cor,2
Cerebral hemorrhage,27,0.850730056980057,0.04057570275434264,patient,0,vendor,GE,availability,T1ax+T2cor,2
Intracranial meningioma,75,0.7393774319066148,0.046754181754740665,patient,0,vendor,GE,availability,T1ax+T2cor,2
Demyelinating disease of central nervous system,109,0.5393361559678022,0.026789301191339862,patient,0,vendor,GE,availability,T1ax+T2cor,2
Lacunar infarct,61,0.9021280484413118,0.13092158739183102,patient,0,vendor,GE,availability,T1ax+T2cor,2
Gliosis,1237,0.734478166148281,0.5456442319327007,patient,0,vendor,GE,availability,T1ax+T2cor,2
Cerebral atrophy,550,0.9311695453295673,0.7185324393534768,patient,0,vendor,GE,availability,T1ax+T2cor,2
Encephalomalacia,62,0.8057556207233626,0.11044910918143232,patient,0,vendor,GE,availability,T1ax+T2cor,2
Arachnoid cyst,165,0.5827675059897834,0.05725867124306622,patient,0,vendor,GE,availability,T1ax+T2cor,2
Empty sella syndrome,88,0.6812359999112865,0.047461956351126766,patient,0,vendor,GE,availability,T1ax+T2cor,2
Cyst of pineal gland,175,0.6029383278735223,0.053776098594069476,patient,0,vendor,GE,availability,T1ax+T2cor,2
Rathke's pouch cyst,38,0.5638264134667834,0.010613219006630741,patient,0,vendor,GE,availability,T1ax+T2cor,2
Cerebral edema,74,0.8249978643851729,0.14220778109226245,patient,0,vendor,GE,availability,T1ax+T2cor,2
Mastoiditis,66,0.5560580323987264,0.022149844766396427,patient,0,vendor,GE,availability,T1ax+T2cor,2
Chronic mastoiditis,123,0.7028259234363997,0.070544031099045,patient,0,vendor,GE,availability,T1ax+T2cor,2
Ventriculomegaly,345,0.887122498095044,0.45643988137520297,patient,0,vendor,GE,availability,T1ax+T2cor,2
Cerebellar degeneration,34,0.7476027251738644,0.12591021203241978,patient,0,vendor,GE,availability,T1ax+T2cor,2
Mega cisterna magna,49,0.4567226600645092,0.011101337940222947,patient,0,vendor,GE,availability,T1ax+T2cor,2
Structure of cave of septum pellucidum,129,0.5791870589628679,0.040560732641045025,patient,0,vendor,GE,availability,T1ax+T2cor,2
Hyperostosis of skull,40,0.7680190499156017,0.02982187237414844,patient,0,vendor,GE,availability,T1ax+T2cor,2
Choroid plexus cyst,41,0.4839339710329086,0.009588888547270405,patient,0,vendor,GE,availability,T1ax+T2cor,2
Pituitary adenoma,52,0.49139614919542374,0.012624009395701033,patient,0,vendor,GE,availability,T1ax+T2cor,2
Cerebral infarction,129,0.8957308942809876,0.21764858235096127,patient,0,vendor,GE,availability,T1ax+FLAIRax,2
Cerebral hemorrhage,27,0.8654469373219373,0.11152238417872073,patient,0,vendor,GE,availability,T1ax+FLAIRax,2
Intracranial meningioma,75,0.7240402075226978,0.037460717799476,patient,0,vendor,GE,availability,T1ax+FLAIRax,2
Demyelinating disease of central nervous system,109,0.6449194829269609,0.05022681032919238,patient,0,vendor,GE,availability,T1ax+FLAIRax,2
Lacunar infarct,61,0.9090295050181576,0.14569098341428427,patient,0,vendor,GE,availability,T1ax+FLAIRax,2
Gliosis,1237,0.7219604565446748,0.5392997030871122,patient,0,vendor,GE,availability,T1ax+FLAIRax,2
Cerebral atrophy,550,0.9313515134851401,0.7295932891774921,patient,0,vendor,GE,availability,T1ax+FLAIRax,2
Encephalomalacia,62,0.8182287390029325,0.09294091527130724,patient,0,vendor,GE,availability,T1ax+FLAIRax,2
Arachnoid cyst,165,0.5373129605352379,0.042392384602119124,patient,0,vendor,GE,availability,T1ax+FLAIRax,2
Empty sella syndrome,88,0.6774351837476991,0.05801528641019226,patient,0,vendor,GE,availability,T1ax+FLAIRax,2
Cyst of pineal gland,175,0.5958852015382424,0.056349671327828324,patient,0,vendor,GE,availability,T1ax+FLAIRax,2
Rathke's pouch cyst,38,0.587865179941901,0.011703594385990095,patient,0,vendor,GE,availability,T1ax+FLAIRax,2
Cerebral edema,74,0.8552118858464592,0.22756607603142487,patient,0,vendor,GE,availability,T1ax+FLAIRax,2
Mastoiditis,66,0.6204731125866773,0.026760989607022247,patient,0,vendor,GE,availability,T1ax+FLAIRax,2
Chronic mastoiditis,123,0.6638219384162347,0.07067267383428281,patient,0,vendor,GE,availability,T1ax+FLAIRax,2
Ventriculomegaly,345,0.8869625572429818,0.4488404425891917,patient,0,vendor,GE,availability,T1ax+FLAIRax,2
Cerebellar degeneration,34,0.7037789833005199,0.07705641787489578,patient,0,vendor,GE,availability,T1ax+FLAIRax,2
Mega cisterna magna,49,0.45075014055888185,0.011587252285689,patient,0,vendor,GE,availability,T1ax+FLAIRax,2
Structure of cave of septum pellucidum,129,0.6149456905872599,0.04855690561035966,patient,0,vendor,GE,availability,T1ax+FLAIRax,2
Hyperostosis of skull,40,0.7584458644803472,0.05337809296202782,patient,0,vendor,GE,availability,T1ax+FLAIRax,2
Choroid plexus cyst,41,0.5143011777440495,0.010467381466100864,patient,0,vendor,GE,availability,T1ax+FLAIRax,2
Pituitary adenoma,52,0.5500418565714817,0.015479516226780256,patient,0,vendor,GE,availability,T1ax+FLAIRax,2
Cerebral infarction,129,0.8823378836330571,0.21127064570417659,patient,0,vendor,GE,availability,T1ax+T2ax,2
Cerebral hemorrhage,27,0.834909188034188,0.049139491075917086,patient,0,vendor,GE,availability,T1ax+T2ax,2
Intracranial meningioma,75,0.7131906614785992,0.038506476227086806,patient,0,vendor,GE,availability,T1ax+T2ax,2
Demyelinating disease of central nervous system,109,0.6039905332259472,0.03210594904742825,patient,0,vendor,GE,availability,T1ax+T2ax,2
Lacunar infarct,61,0.9057595575439238,0.17276563193175373,patient,0,vendor,GE,availability,T1ax+T2ax,2
Gliosis,1237,0.7001367441733006,0.5157957794633713,patient,0,vendor,GE,availability,T1ax+T2ax,2
Cerebral atrophy,550,0.9004474217012023,0.6444422686743805,patient,0,vendor,GE,availability,T1ax+T2ax,2
Encephalomalacia,62,0.771288367546432,0.08349616167851799,patient,0,vendor,GE,availability,T1ax+T2ax,2
Arachnoid cyst,165,0.5819658544670976,0.06033251528137326,patient,0,vendor,GE,availability,T1ax+T2ax,2
Empty sella syndrome,88,0.6643693583800927,0.04414729118503602,patient,0,vendor,GE,availability,T1ax+T2ax,2
Cyst of pineal gland,175,0.5754807007548783,0.049766686172741645,patient,0,vendor,GE,availability,T1ax+T2ax,2
Rathke's pouch cyst,38,0.5578198931892276,0.010474019345658486,patient,0,vendor,GE,availability,T1ax+T2ax,2
Cerebral edema,74,0.7971165914273135,0.15859213688159876,patient,0,vendor,GE,availability,T1ax+T2ax,2
Mastoiditis,66,0.5278286382387329,0.01939492572598063,patient,0,vendor,GE,availability,T1ax+T2ax,2
Chronic mastoiditis,123,0.6874299820754113,0.0764056715433082,patient,0,vendor,GE,availability,T1ax+T2ax,2
Ventriculomegaly,345,0.8695516375076388,0.42192892238208113,patient,0,vendor,GE,availability,T1ax+T2ax,2
Cerebellar degeneration,34,0.6859251285392557,0.07445156539614577,patient,0,vendor,GE,availability,T1ax+T2ax,2
Mega cisterna magna,49,0.4394117240903128,0.011039629590901946,patient,0,vendor,GE,availability,T1ax+T2ax,2
Structure of cave of septum pellucidum,129,0.6093447339163524,0.046649943818057524,patient,0,vendor,GE,availability,T1ax+T2ax,2
Hyperostosis of skull,40,0.7526042922594647,0.031028293569449635,patient,0,vendor,GE,availability,T1ax+T2ax,2
Choroid plexus cyst,41,0.5037297189180285,0.009900353109440376,patient,0,vendor,GE,availability,T1ax+T2ax,2
Pituitary adenoma,52,0.5231373825690634,0.013673738138401352,patient,0,vendor,GE,availability,T1ax+T2ax,2
Cerebral infarction,129,0.8895587622879105,0.2212596018924855,patient,0,vendor,GE,availability,T2ax+FLAIRax+T2cor,3
Cerebral hemorrhage,27,0.8436609686609686,0.036676368802164815,patient,0,vendor,GE,availability,T2ax+FLAIRax+T2cor,3
Intracranial meningioma,75,0.729192607003891,0.03948436082391883,patient,0,vendor,GE,availability,T2ax+FLAIRax+T2cor,3
Demyelinating disease of central nervous system,109,0.5734439890034241,0.030135652517856652,patient,0,vendor,GE,availability,T2ax+FLAIRax+T2cor,3
Lacunar infarct,61,0.9090056657899127,0.1586724192101106,patient,0,vendor,GE,availability,T2ax+FLAIRax+T2cor,3
Gliosis,1237,0.7163509310387349,0.5331402021164777,patient,0,vendor,GE,availability,T2ax+FLAIRax+T2cor,3
Cerebral atrophy,550,0.9275286824805659,0.7151540316428238,patient,0,vendor,GE,availability,T2ax+FLAIRax+T2cor,3
Encephalomalacia,62,0.7876754643206256,0.09346252286852678,patient,0,vendor,GE,availability,T2ax+FLAIRax+T2cor,3
Arachnoid cyst,165,0.5673703720446635,0.05663614323081959,patient,0,vendor,GE,availability,T2ax+FLAIRax+T2cor,3
Empty sella syndrome,88,0.6688577036527756,0.05004981220746931,patient,0,vendor,GE,availability,T2ax+FLAIRax+T2cor,3
Cyst of pineal gland,175,0.6046816692778807,0.05405709286048202,patient,0,vendor,GE,availability,T2ax+FLAIRax+T2cor,3
Rathke's pouch cyst,38,0.5661288071951389,0.010483504652364353,patient,0,vendor,GE,availability,T2ax+FLAIRax+T2cor,3
Cerebral edema,74,0.8281224331552559,0.17997101351125494,patient,0,vendor,GE,availability,T2ax+FLAIRax+T2cor,3
Mastoiditis,66,0.5767539505709853,0.023043501582242797,patient,0,vendor,GE,availability,T2ax+FLAIRax+T2cor,3
Chronic mastoiditis,123,0.7021257441905129,0.07446865522039739,patient,0,vendor,GE,availability,T2ax+FLAIRax+T2cor,3
Ventriculomegaly,345,0.8870794951301029,0.452138858155119,patient,0,vendor,GE,availability,T2ax+FLAIRax+T2cor,3
Cerebellar degeneration,34,0.7209458789535559,0.09730333916418886,patient,0,vendor,GE,availability,T2ax+FLAIRax+T2cor,3
Mega cisterna magna,49,0.46760734259871184,0.011159006171704733,patient,0,vendor,GE,availability,T2ax+FLAIRax+T2cor,3
Structure of cave of septum pellucidum,129,0.6020264307082193,0.04343525727791418,patient,0,vendor,GE,availability,T2ax+FLAIRax+T2cor,3
Hyperostosis of skull,40,0.7775319508078129,0.03679734028682958,patient,0,vendor,GE,availability,T2ax+FLAIRax+T2cor,3
Choroid plexus cyst,41,0.5113774075512101,0.01026475408887486,patient,0,vendor,GE,availability,T2ax+FLAIRax+T2cor,3
Pituitary adenoma,52,0.5337689517254209,0.013984740327127081,patient,0,vendor,GE,availability,T2ax+FLAIRax+T2cor,3
Cerebral infarction,129,0.8952781566510405,0.22204282485540003,patient,0,vendor,GE,availability,T1ax+FLAIRax+T2cor,3
Cerebral hemorrhage,27,0.8654202279202279,0.05568654579139559,patient,0,vendor,GE,availability,T1ax+FLAIRax+T2cor,3
Intracranial meningioma,75,0.7401621271076524,0.04194040974313829,patient,0,vendor,GE,availability,T1ax+FLAIRax+T2cor,3
Demyelinating disease of central nervous system,109,0.5737229528776024,0.029784781451760486,patient,0,vendor,GE,availability,T1ax+FLAIRax+T2cor,3
Lacunar infarct,61,0.9095976732913233,0.15292374202102632,patient,0,vendor,GE,availability,T1ax+FLAIRax+T2cor,3
Gliosis,1237,0.7323384897852925,0.5475112780662372,patient,0,vendor,GE,availability,T1ax+FLAIRax+T2cor,3
Cerebral atrophy,550,0.9395260829354862,0.7467171647412751,patient,0,vendor,GE,availability,T1ax+FLAIRax+T2cor,3
Encephalomalacia,62,0.8150303030303031,0.10978527376567902,patient,0,vendor,GE,availability,T1ax+FLAIRax+T2cor,3
Arachnoid cyst,165,0.565218570589033,0.05133757053871548,patient,0,vendor,GE,availability,T1ax+FLAIRax+T2cor,3
Empty sella syndrome,88,0.6828661092505933,0.05176570893368636,patient,0,vendor,GE,availability,T1ax+FLAIRax+T2cor,3
Cyst of pineal gland,175,0.6048483122062385,0.05481477722390042,patient,0,vendor,GE,availability,T1ax+FLAIRax+T2cor,3
Rathke's pouch cyst,38,0.5767274295645115,0.010683609969640429,patient,0,vendor,GE,availability,T1ax+FLAIRax+T2cor,3
Cerebral edema,74,0.8528528528528528,0.2107456049315229,patient,0,vendor,GE,availability,T1ax+FLAIRax+T2cor,3
Mastoiditis,66,0.5981962306883443,0.025586457462747604,patient,0,vendor,GE,availability,T1ax+FLAIRax+T2cor,3
Chronic mastoiditis,123,0.6887143108635811,0.06755374508798805,patient,0,vendor,GE,availability,T1ax+FLAIRax+T2cor,3
Ventriculomegaly,345,0.8937260937464634,0.4650281760353012,patient,0,vendor,GE,availability,T1ax+FLAIRax+T2cor,3
Cerebellar degeneration,34,0.7391113440319542,0.09635053135438178,patient,0,vendor,GE,availability,T1ax+FLAIRax+T2cor,3
Mega cisterna magna,49,0.45895680650220455,0.011262340428560107,patient,0,vendor,GE,availability,T1ax+FLAIRax+T2cor,3
Structure of cave of septum pellucidum,129,0.5967903385407712,0.043313669565533515,patient,0,vendor,GE,availability,T1ax+FLAIRax+T2cor,3
Hyperostosis of skull,40,0.7720520858451893,0.0336804953704671,patient,0,vendor,GE,availability,T1ax+FLAIRax+T2cor,3
Choroid plexus cyst,41,0.5049592319367477,0.009934753488233482,patient,0,vendor,GE,availability,T1ax+FLAIRax+T2cor,3
Pituitary adenoma,52,0.5289693981955167,0.013928970452071029,patient,0,vendor,GE,availability,T1ax+FLAIRax+T2cor,3
Cerebral infarction,129,0.8848384471672379,0.2189552267301379,patient,0,vendor,GE,availability,T1ax+T2ax+T2cor,3
Cerebral hemorrhage,27,0.8376513532763532,0.03647499364250226,patient,0,vendor,GE,availability,T1ax+T2ax+T2cor,3
Intracranial meningioma,75,0.7257133592736705,0.0418464557417783,patient,0,vendor,GE,availability,T1ax+T2ax+T2cor,3
Demyelinating disease of central nervous system,109,0.5775812032341812,0.02976125398171517,patient,0,vendor,GE,availability,T1ax+T2ax+T2cor,3
Lacunar infarct,61,0.9053979959155455,0.16060489962382418,patient,0,vendor,GE,availability,T1ax+T2ax+T2cor,3
Gliosis,1237,0.7158930161818505,0.5298727982921356,patient,0,vendor,GE,availability,T1ax+T2ax+T2cor,3
Cerebral atrophy,550,0.9193841077811383,0.6859608168847193,patient,0,vendor,GE,availability,T1ax+T2ax+T2cor,3
Encephalomalacia,62,0.7797145650048876,0.10239266500141858,patient,0,vendor,GE,availability,T1ax+T2ax+T2cor,3
Arachnoid cyst,165,0.583450115275078,0.060828204001039485,patient,0,vendor,GE,availability,T1ax+T2ax+T2cor,3
Empty sella syndrome,88,0.6682949278094434,0.048109801861614766,patient,0,vendor,GE,availability,T1ax+T2ax+T2cor,3
Cyst of pineal gland,175,0.5952513886910696,0.05243118629669911,patient,0,vendor,GE,availability,T1ax+T2ax+T2cor,3
Rathke's pouch cyst,38,0.5488132841141176,0.010387900399984211,patient,0,vendor,GE,availability,T1ax+T2ax+T2cor,3
Cerebral edema,74,0.8087737628219028,0.15696786159052886,patient,0,vendor,GE,availability,T1ax+T2ax+T2cor,3
Mastoiditis,66,0.5424396843955204,0.020038028266309196,patient,0,vendor,GE,availability,T1ax+T2ax+T2cor,3
Chronic mastoiditis,123,0.7041542634914538,0.07912609352589613,patient,0,vendor,GE,availability,T1ax+T2ax+T2cor,3
Ventriculomegaly,345,0.8822963583278637,0.44721943346792575,patient,0,vendor,GE,availability,T1ax+T2ax+T2cor,3
Cerebellar degeneration,34,0.725343833656747,0.09582319047466648,patient,0,vendor,GE,availability,T1ax+T2ax+T2cor,3
Mega cisterna magna,49,0.4509918031978379,0.010902178341468621,patient,0,vendor,GE,availability,T1ax+T2ax+T2cor,3
Structure of cave of septum pellucidum,129,0.5968858528086926,0.04341505846033465,patient,0,vendor,GE,availability,T1ax+T2ax+T2cor,3
Hyperostosis of skull,40,0.7687304075235111,0.029904979214404336,patient,0,vendor,GE,availability,T1ax+T2ax+T2cor,3
Choroid plexus cyst,41,0.4972585977668749,0.009803687608332234,patient,0,vendor,GE,availability,T1ax+T2ax+T2cor,3
Pituitary adenoma,52,0.5131243605246023,0.013070348076732217,patient,0,vendor,GE,availability,T1ax+T2ax+T2cor,3
Cerebral infarction,129,0.8923515994819305,0.2243716657561523,patient,0,vendor,GE,availability,T1ax+T2ax+FLAIRax,3
Cerebral hemorrhage,27,0.8509615384615383,0.06277700438334663,patient,0,vendor,GE,availability,T1ax+T2ax+FLAIRax,3
Intracranial meningioma,75,0.7258657587548638,0.03806996401844509,patient,0,vendor,GE,availability,T1ax+T2ax+FLAIRax,3
Demyelinating disease of central nervous system,109,0.610381955536758,0.03305326105504579,patient,0,vendor,GE,availability,T1ax+T2ax+FLAIRax,3
Lacunar infarct,61,0.9104082070516437,0.1659709878856778,patient,0,vendor,GE,availability,T1ax+T2ax+FLAIRax,3
Gliosis,1237,0.7096560842936026,0.52653479579069,patient,0,vendor,GE,availability,T1ax+T2ax+FLAIRax,3
Cerebral atrophy,550,0.9195590771614968,0.6960744304925536,patient,0,vendor,GE,availability,T1ax+T2ax+FLAIRax,3
Encephalomalacia,62,0.7927898338220919,0.09487138064564017,patient,0,vendor,GE,availability,T1ax+T2ax+FLAIRax,3
Arachnoid cyst,165,0.5642044512755602,0.05370419991632582,patient,0,vendor,GE,availability,T1ax+T2ax+FLAIRax,3
Empty sella syndrome,88,0.6709452416332142,0.05260230299595778,patient,0,vendor,GE,availability,T1ax+T2ax+FLAIRax,3
Cyst of pineal gland,175,0.5893149124056403,0.052534985377631474,patient,0,vendor,GE,availability,T1ax+T2ax+FLAIRax,3
Rathke's pouch cyst,38,0.570219837373622,0.010714468485890374,patient,0,vendor,GE,availability,T1ax+T2ax+FLAIRax,3
Cerebral edema,74,0.8284017058634127,0.20361635750328738,patient,0,vendor,GE,availability,T1ax+T2ax+FLAIRax,3
Mastoiditis,66,0.5811328524262278,0.022808975197261768,patient,0,vendor,GE,availability,T1ax+T2ax+FLAIRax,3
Chronic mastoiditis,123,0.6785357051405161,0.07111492048485991,patient,0,vendor,GE,availability,T1ax+T2ax+FLAIRax,3
Ventriculomegaly,345,0.8801658254683173,0.44121835673304555,patient,0,vendor,GE,availability,T1ax+T2ax+FLAIRax,3
Cerebellar degeneration,34,0.6936658120989788,0.08012257278178563,patient,0,vendor,GE,availability,T1ax+T2ax+FLAIRax,3
Mega cisterna magna,49,0.45015338179737824,0.011228059276301905,patient,0,vendor,GE,availability,T1ax+T2ax+FLAIRax,3
Structure of cave of septum pellucidum,129,0.6140975238881183,0.04644848226340734,patient,0,vendor,GE,availability,T1ax+T2ax+FLAIRax,3
Hyperostosis of skull,40,0.7655654690137449,0.0420512754647481,patient,0,vendor,GE,availability,T1ax+T2ax+FLAIRax,3
Choroid plexus cyst,41,0.5119245114303531,0.010181757579856362,patient,0,vendor,GE,availability,T1ax+T2ax+FLAIRax,3
Pituitary adenoma,52,0.5424518649427961,0.014837896308427783,patient,0,vendor,GE,availability,T1ax+T2ax+FLAIRax,3
Cerebral infarction,129,0.8924184594694756,0.22306922898259474,patient,0,vendor,GE,availability,T1ax+T2ax+FLAIRax+T2cor,4
Cerebral hemorrhage,27,0.8525373931623932,0.045368899649769236,patient,0,vendor,GE,availability,T1ax+T2ax+FLAIRax+T2cor,4
Intracranial meningioma,75,0.7331517509727626,0.04003175608519862,patient,0,vendor,GE,availability,T1ax+T2ax+FLAIRax+T2cor,4
Demyelinating disease of central nervous system,109,0.5888837395557276,0.030984625605520334,patient,0,vendor,GE,availability,T1ax+T2ax+FLAIRax+T2cor,4
Lacunar infarct,61,0.9100784310609251,0.16539024547430425,patient,0,vendor,GE,availability,T1ax+T2ax+FLAIRax+T2cor,4
Gliosis,1237,0.7193255963717579,0.5358347199704064,patient,0,vendor,GE,availability,T1ax+T2ax+FLAIRax+T2cor,4
Cerebral atrophy,550,0.9289254380483415,0.7165967678095956,patient,0,vendor,GE,availability,T1ax+T2ax+FLAIRax+T2cor,4
Encephalomalacia,62,0.7958983382209188,0.09938879863748558,patient,0,vendor,GE,availability,T1ax+T2ax+FLAIRax+T2cor,4
Arachnoid cyst,165,0.5717312357789732,0.05585650976693181,patient,0,vendor,GE,availability,T1ax+T2ax+FLAIRax+T2cor,4
Empty sella syndrome,88,0.6732961476191532,0.05109999279552508,patient,0,vendor,GE,availability,T1ax+T2ax+FLAIRax+T2cor,4
Cyst of pineal gland,175,0.5987423443953852,0.05333705306708259,patient,0,vendor,GE,availability,T1ax+T2ax+FLAIRax+T2cor,4
Rathke's pouch cyst,38,0.5673846583196966,0.010418412319758357,patient,0,vendor,GE,availability,T1ax+T2ax+FLAIRax+T2cor,4
Cerebral edema,74,0.8334713269067755,0.19663065907057248,patient,0,vendor,GE,availability,T1ax+T2ax+FLAIRax+T2cor,4
Mastoiditis,66,0.5767245372923606,0.02276812865913927,patient,0,vendor,GE,availability,T1ax+T2ax+FLAIRax+T2cor,4
Chronic mastoiditis,123,0.693997663401831,0.07724000825162795,patient,0,vendor,GE,availability,T1ax+T2ax+FLAIRax+T2cor,4
Ventriculomegaly,345,0.8875585632483082,0.4540582946971261,patient,0,vendor,GE,availability,T1ax+T2ax+FLAIRax+T2cor,4
Cerebellar degeneration,34,0.7230209203835641,0.09540818988516793,patient,0,vendor,GE,availability,T1ax+T2ax+FLAIRax+T2cor,4
Mega cisterna magna,49,0.4567917065327822,0.011120944166224651,patient,0,vendor,GE,availability,T1ax+T2ax+FLAIRax+T2cor,4
Structure of cave of septum pellucidum,129,0.6030446128042607,0.044029777526117225,patient,0,vendor,GE,availability,T1ax+T2ax+FLAIRax+T2cor,4
Hyperostosis of skull,40,0.7726247890040994,0.03689456970357393,patient,0,vendor,GE,availability,T1ax+T2ax+FLAIRax+T2cor,4
Choroid plexus cyst,41,0.5076712199828222,0.010063204552340006,patient,0,vendor,GE,availability,T1ax+T2ax+FLAIRax+T2cor,4
Pituitary adenoma,52,0.5296577062598828,0.013862497283975785,patient,0,vendor,GE,availability,T1ax+T2ax+FLAIRax+T2cor,4
Cerebral infarction,129,0.887233945006705,0.20633897762299055,patient,0,vendor,GE,budget,all4,1
Cerebral hemorrhage,27,0.840099715099715,0.033722104823642185,patient,0,vendor,GE,budget,all4,1
Intracranial meningioma,75,0.7123054474708171,0.03838695308749085,patient,0,vendor,GE,budget,all4,1
Demyelinating disease of central nervous system,109,0.5997475826880418,0.03136861726860427,patient,0,vendor,GE,budget,all4,1
Lacunar infarct,61,0.9055092456473542,0.14322731550488024,patient,0,vendor,GE,budget,all4,1
Gliosis,1237,0.7003340503952975,0.5161677668249319,patient,0,vendor,GE,budget,all4,1
Cerebral atrophy,550,0.9059284625190591,0.6747742625632771,patient,0,vendor,GE,budget,all4,1
Encephalomalacia,62,0.7883479960899314,0.09084343183951558,patient,0,vendor,GE,budget,all4,1
Arachnoid cyst,165,0.5493889667435167,0.05135806560351385,patient,0,vendor,GE,budget,all4,1
Empty sella syndrome,88,0.658092882964803,0.04986861705624708,patient,0,vendor,GE,budget,all4,1
Cyst of pineal gland,175,0.5850306224184589,0.05084688118334943,patient,0,vendor,GE,budget,all4,1
Rathke's pouch cyst,38,0.5523651862845835,0.010225651069222868,patient,0,vendor,GE,budget,all4,1
Cerebral edema,74,0.7987298020120778,0.13651562823037414,patient,0,vendor,GE,budget,all4,1
Mastoiditis,66,0.5584772745656027,0.021253548325625607,patient,0,vendor,GE,budget,all4,1
Chronic mastoiditis,123,0.6981907368286282,0.07008992528273916,patient,0,vendor,GE,budget,all4,1
Ventriculomegaly,345,0.8728779545677446,0.42139732634024196,patient,0,vendor,GE,budget,all4,1
Cerebellar degeneration,34,0.6969731306921998,0.042601779680587114,patient,0,vendor,GE,budget,all4,1
Mega cisterna magna,49,0.46928418539963107,0.011425746475357466,patient,0,vendor,GE,budget,all4,1
Structure of cave of septum pellucidum,129,0.6053197626661471,0.04372411185892917,patient,0,vendor,GE,budget,all4,1
Hyperostosis of skull,40,0.7597962382445141,0.04089564065927135,patient,0,vendor,GE,budget,all4,1
Choroid plexus cyst,41,0.5518807431200217,0.011866054067459872,patient,0,vendor,GE,budget,all4,1
Pituitary adenoma,52,0.5483722444423775,0.01740220793342093,patient,0,vendor,GE,budget,all4,1
Cerebral infarction,129,0.8873562032696443,0.21120075796323962,patient,0,vendor,GE,budget,all4,2
Cerebral hemorrhage,27,0.8479878917378917,0.033309513894505885,patient,0,vendor,GE,budget,all4,2
Intracranial meningioma,75,0.7159500648508431,0.037449031477873415,patient,0,vendor,GE,budget,all4,2
Demyelinating disease of central nervous system,109,0.588829746547822,0.030464322030060227,patient,0,vendor,GE,budget,all4,2
Lacunar infarct,61,0.905270853364907,0.15140583806015936,patient,0,vendor,GE,budget,all4,2
Gliosis,1237,0.7126670594522011,0.5285813832537425,patient,0,vendor,GE,budget,all4,2
Cerebral atrophy,550,0.9214837403454395,0.7008887661474611,patient,0,vendor,GE,budget,all4,2
Encephalomalacia,62,0.7966999022482893,0.0897816634246376,patient,0,vendor,GE,budget,all4,2
Arachnoid cyst,165,0.5658665220077453,0.05696947829064367,patient,0,vendor,GE,budget,all4,2
Empty sella syndrome,88,0.662323404821575,0.04483687251613727,patient,0,vendor,GE,budget,all4,2
Cyst of pineal gland,175,0.591042586526136,0.05152271436396053,patient,0,vendor,GE,budget,all4,2
Rathke's pouch cyst,38,0.558606385812688,0.010300629798436978,patient,0,vendor,GE,budget,all4,2
Cerebral edema,74,0.8181606113772416,0.1568083044928502,patient,0,vendor,GE,budget,all4,2
Mastoiditis,66,0.5773716294221025,0.021379209590336998,patient,0,vendor,GE,budget,all4,2
Chronic mastoiditis,123,0.6924312624031752,0.07497971662526386,patient,0,vendor,GE,budget,all4,2
Ventriculomegaly,345,0.8802390059525156,0.43443307500392964,patient,0,vendor,GE,budget,all4,2
Cerebellar degeneration,34,0.7094375433775726,0.09169386847528876,patient,0,vendor,GE,budget,all4,2
Mega cisterna magna,49,0.4683224667343979,0.01153989916874681,patient,0,vendor,GE,budget,all4,2
Structure of cave of septum pellucidum,129,0.5859704822706416,0.041150705232339574,patient,0,vendor,GE,budget,all4,2
Hyperostosis of skull,40,0.7514588859416446,0.03545557475855893,patient,0,vendor,GE,budget,all4,2
Choroid plexus cyst,41,0.53664419422776,0.010928674917651426,patient,0,vendor,GE,budget,all4,2
Pituitary adenoma,52,0.5315179983257372,0.014454718051412359,patient,0,vendor,GE,budget,all4,2
Cerebral infarction,129,0.8879503020161151,0.21840304573499328,patient,0,vendor,GE,budget,all4,3
Cerebral hemorrhage,27,0.8432425213675214,0.04068259970170073,patient,0,vendor,GE,budget,all4,3
Intracranial meningioma,75,0.732496757457847,0.038771164835424796,patient,0,vendor,GE,budget,all4,3
Demyelinating disease of central nervous system,109,0.5810030101101907,0.030118780805364488,patient,0,vendor,GE,budget,all4,3
Lacunar infarct,61,0.9084295511073321,0.16226917803205046,patient,0,vendor,GE,budget,all4,3
Gliosis,1237,0.7137911568447446,0.5305174768558928,patient,0,vendor,GE,budget,all4,3
Cerebral atrophy,550,0.9229534831404504,0.7058346342222206,patient,0,vendor,GE,budget,all4,3
Encephalomalacia,62,0.7889618768328446,0.09757490706228972,patient,0,vendor,GE,budget,all4,3
Arachnoid cyst,165,0.5701475219625394,0.05444875071456472,patient,0,vendor,GE,budget,all4,3
Empty sella syndrome,88,0.6662406573665418,0.044748475548296404,patient,0,vendor,GE,budget,all4,3
Cyst of pineal gland,175,0.6025879504344112,0.05448019520984395,patient,0,vendor,GE,budget,all4,3
Rathke's pouch cyst,38,0.5727505676700789,0.01077614177015449,patient,0,vendor,GE,budget,all4,3
Cerebral edema,74,0.8285922684172137,0.17617867974775966,patient,0,vendor,GE,budget,all4,3
Mastoiditis,66,0.5901590523041628,0.024153531440964795,patient,0,vendor,GE,budget,all4,3
Chronic mastoiditis,123,0.6873199539082006,0.07051505501792149,patient,0,vendor,GE,budget,all4,3
Ventriculomegaly,345,0.8844880006639054,0.44610046123891073,patient,0,vendor,GE,budget,all4,3
Cerebellar degeneration,34,0.7082406764776702,0.08691252423209732,patient,0,vendor,GE,budget,all4,3
Mega cisterna magna,49,0.4532900642132155,0.010827468680463687,patient,0,vendor,GE,budget,all4,3
Structure of cave of septum pellucidum,129,0.6018850695916955,0.04400798822830156,patient,0,vendor,GE,budget,all4,3
Hyperostosis of skull,40,0.7717988907644079,0.030823995862547995,patient,0,vendor,GE,budget,all4,3
Choroid plexus cyst,41,0.5186368289153225,0.01051680911938049,patient,0,vendor,GE,budget,all4,3
Pituitary adenoma,52,0.5454608873593154,0.014928312767611938,patient,0,vendor,GE,budget,all4,3
Cerebral infarction,129,0.8931290856228102,0.22764511304476137,patient,0,vendor,GE,budget,all4,4
Cerebral hemorrhage,27,0.8582532051282051,0.05885663633259412,patient,0,vendor,GE,budget,all4,4
Intracranial meningioma,75,0.7367671854734111,0.04086582247631298,patient,0,vendor,GE,budget,all4,4
Demyelinating disease of central nervous system,109,0.5860333586800509,0.030885825596439286,patient,0,vendor,GE,budget,all4,4
Lacunar infarct,61,0.9108810184118304,0.166378999605676,patient,0,vendor,GE,budget,all4,4
Gliosis,1237,0.7234334022991655,0.5385430010833698,patient,0,vendor,GE,budget,all4,4
Cerebral atrophy,550,0.9298457769890269,0.7133235469839774,patient,0,vendor,GE,budget,all4,4
Encephalomalacia,62,0.799863147605083,0.10425398860750877,patient,0,vendor,GE,budget,all4,4
Arachnoid cyst,165,0.5793574732908398,0.05676675014588429,patient,0,vendor,GE,budget,all4,4
Empty sella syndrome,88,0.6745020958548648,0.051689613887489105,patient,0,vendor,GE,budget,all4,4
Cyst of pineal gland,175,0.5962512462612164,0.05267779506263098,patient,0,vendor,GE,budget,all4,4
Rathke's pouch cyst,38,0.5656848194238308,0.010377218784626042,patient,0,vendor,GE,budget,all4,4
Cerebral edema,74,0.8402198697603511,0.20714890387952944,patient,0,vendor,GE,budget,all4,4
Mastoiditis,66,0.5694190142139669,0.022173087352529205,patient,0,vendor,GE,budget,all4,4
Chronic mastoiditis,123,0.6984968151846873,0.07949969215367994,patient,0,vendor,GE,budget,all4,4
Ventriculomegaly,345,0.8886366551237654,0.4584642028783945,patient,0,vendor,GE,budget,all4,4
Cerebellar degeneration,34,0.7206413506890837,0.09634237711688778,patient,0,vendor,GE,budget,all4,4
Mega cisterna magna,49,0.4519732494254347,0.011103647406106237,patient,0,vendor,GE,budget,all4,4
Structure of cave of septum pellucidum,129,0.6065633584344831,0.04602880985978626,patient,0,vendor,GE,budget,all4,4
Hyperostosis of skull,40,0.7757173860622137,0.03329696090380119,patient,0,vendor,GE,budget,all4,4
Choroid plexus cyst,41,0.5003470874071982,0.009829366299402948,patient,0,vendor,GE,budget,all4,4
Pituitary adenoma,52,0.5205283229467027,0.013368715154301762,patient,0,vendor,GE,budget,all4,4
Cerebral infarction,129,0.8677146492142996,0.18758766156693876,finding,0,vendor,GE,availability,T2cor,1
Cerebral hemorrhage,27,0.8019764957264957,0.01946358158843409,finding,0,vendor,GE,availability,T2cor,1
Intracranial meningioma,75,0.7308236057068742,0.038772331332955,finding,0,vendor,GE,availability,T2cor,1
Demyelinating disease of central nervous system,109,0.45623641738394877,0.022648701854555826,finding,0,vendor,GE,availability,T2cor,1
Lacunar infarct,61,0.8944041384900233,0.12285501457840665,finding,0,vendor,GE,availability,T2cor,1
Gliosis,1237,0.7253889261882904,0.5324287641499695,finding,0,vendor,GE,availability,T2cor,1
Cerebral atrophy,550,0.9194236008698478,0.6784660852879524,finding,0,vendor,GE,availability,T2cor,1
Encephalomalacia,62,0.7672609970674488,0.08810977119930433,finding,0,vendor,GE,availability,T2cor,1
Arachnoid cyst,165,0.603485375887166,0.07169838022700237,finding,0,vendor,GE,availability,T2cor,1
Empty sella syndrome,88,0.666642640111779,0.04015756538543494,finding,0,vendor,GE,availability,T2cor,1
Cyst of pineal gland,175,0.6292978208232445,0.057853233765187355,finding,0,vendor,GE,availability,T2cor,1
Rathke's pouch cyst,38,0.5807550329185219,0.011900839860871407,finding,0,vendor,GE,availability,T2cor,1
Cerebral edema,74,0.7913668592005573,0.07233644778164292,finding,0,vendor,GE,availability,T2cor,1
Mastoiditis,66,0.5421418749494459,0.035758148156016925,finding,0,vendor,GE,availability,T2cor,1
Chronic mastoiditis,123,0.7418299084565649,0.06979253564497066,finding,0,vendor,GE,availability,T2cor,1
Ventriculomegaly,345,0.8763015941274549,0.4347851432692468,finding,0,vendor,GE,availability,T2cor,1
Cerebellar degeneration,34,0.7501168538689253,0.11711932184799574,finding,0,vendor,GE,availability,T2cor,1
Mega cisterna magna,49,0.523337706276324,0.0119032974039113,finding,0,vendor,GE,availability,T2cor,1
Structure of cave of septum pellucidum,129,0.5542511490366431,0.03442348362713844,finding,0,vendor,GE,availability,T2cor,1
Hyperostosis of skull,40,0.775687243790692,0.03244792673101661,finding,0,vendor,GE,availability,T2cor,1
Choroid plexus cyst,41,0.4935347616862565,0.009348378166715429,finding,0,vendor,GE,availability,T2cor,1
Pituitary adenoma,52,0.5339503302018417,0.013512115686622446,finding,0,vendor,GE,availability,T2cor,1
Cerebral infarction,129,0.8889417401171387,0.2101806744219226,finding,0,vendor,GE,availability,FLAIRax,1
Cerebral hemorrhage,27,0.8419248575498575,0.09351271990313198,finding,0,vendor,GE,availability,FLAIRax,1
Intracranial meningioma,75,0.7217996108949416,0.03524202575078193,finding,0,vendor,GE,availability,FLAIRax,1
Demyelinating disease of central nervous system,109,0.6075900670863124,0.07923173475188977,finding,0,vendor,GE,availability,FLAIRax,1
Lacunar infarct,61,0.9060376818734455,0.13885195513504528,finding,0,vendor,GE,availability,FLAIRax,1
Gliosis,1237,0.7128227121384432,0.5286142011278984,finding,0,vendor,GE,availability,FLAIRax,1
Cerebral atrophy,550,0.9308511010573148,0.7295069001251044,finding,0,vendor,GE,availability,FLAIRax,1
Encephalomalacia,62,0.7954056695992179,0.058474048935904244,finding,0,vendor,GE,availability,FLAIRax,1
Arachnoid cyst,165,0.5313789310308455,0.04699238501555382,finding,0,vendor,GE,availability,FLAIRax,1
Empty sella syndrome,88,0.6536211714608885,0.0418354879936229,finding,0,vendor,GE,availability,FLAIRax,1
Cyst of pineal gland,175,0.5945477852157812,0.05791378429638496,finding,0,vendor,GE,availability,FLAIRax,1
Rathke's pouch cyst,38,0.5961233524882342,0.011905367094685353,finding,0,vendor,GE,availability,FLAIRax,1
Cerebral edema,74,0.847135976238821,0.18089423275097655,finding,0,vendor,GE,availability,FLAIRax,1
Mastoiditis,66,0.6356319810578485,0.027048933675363943,finding,0,vendor,GE,availability,FLAIRax,1
Chronic mastoiditis,123,0.6779095448434799,0.07067231299186558,finding,0,vendor,GE,availability,FLAIRax,1
Ventriculomegaly,345,0.880422334382002,0.4357470089844926,finding,0,vendor,GE,availability,FLAIRax,1
Cerebellar degeneration,34,0.6972989051146584,0.06342078595888181,finding,0,vendor,GE,availability,FLAIRax,1
Mega cisterna magna,49,0.4749164044544836,0.011725013318555286,finding,0,vendor,GE,availability,FLAIRax,1
Structure of cave of septum pellucidum,129,0.6198436622462663,0.048049745836970074,finding,0,vendor,GE,availability,FLAIRax,1
Hyperostosis of skull,40,0.7477755003617073,0.05459313823889351,finding,0,vendor,GE,availability,FLAIRax,1
Choroid plexus cyst,41,0.5298553998564588,0.010956471077062895,finding,0,vendor,GE,availability,FLAIRax,1
Pituitary adenoma,52,0.5815412519765603,0.020250705765941644,finding,0,vendor,GE,availability,FLAIRax,1
Cerebral infarction,129,0.8716555679087342,0.1887478996390666,finding,0,vendor,GE,availability,T2ax,1
Cerebral hemorrhage,27,0.8050925925925926,0.021928425392932875,finding,0,vendor,GE,availability,T2ax,1
Intracranial meningioma,75,0.717769130998703,0.03635848145070485,finding,0,vendor,GE,availability,T2ax,1
Demyelinating disease of central nervous system,109,0.5584789269789562,0.029086911735834577,finding,0,vendor,GE,availability,T2ax,1
Lacunar infarct,61,0.8972608726746819,0.14956090420970022,finding,0,vendor,GE,availability,T2ax,1
Gliosis,1237,0.6951259882438375,0.5108450239553965,finding,0,vendor,GE,availability,T2ax,1
Cerebral atrophy,550,0.896335641262779,0.6392266188310087,finding,0,vendor,GE,availability,T2ax,1
Encephalomalacia,62,0.7522893450635386,0.055691007124536354,finding,0,vendor,GE,availability,T2ax,1
Arachnoid cyst,165,0.5778641713002728,0.06940872437734552,finding,0,vendor,GE,availability,T2ax,1
Empty sella syndrome,88,0.6551098937656634,0.0426450563487026,finding,0,vendor,GE,availability,T2ax,1
Cyst of pineal gland,175,0.5877709727958981,0.05310165477180833,finding,0,vendor,GE,availability,T2ax,1
Rathke's pouch cyst,38,0.5698329337443391,0.013366542180097172,finding,0,vendor,GE,availability,T2ax,1
Cerebral edema,74,0.7756257351443347,0.06401734756778009,finding,0,vendor,GE,availability,T2ax,1
Mastoiditis,66,0.5587383174133963,0.019872578560453207,finding,0,vendor,GE,availability,T2ax,1
Chronic mastoiditis,123,0.7108899878368862,0.07961706033233693,finding,0,vendor,GE,availability,T2ax,1
Ventriculomegaly,345,0.8479467970335498,0.38085988505143814,finding,0,vendor,GE,availability,T2ax,1
Cerebellar degeneration,34,0.7030282857183326,0.08268713809053056,finding,0,vendor,GE,availability,T2ax,1
Mega cisterna magna,49,0.45736380584133124,0.010867660402311746,finding,0,vendor,GE,availability,T2ax,1
Structure of cave of septum pellucidum,129,0.5526417336221685,0.03396489322990789,finding,0,vendor,GE,availability,T2ax,1
Hyperostosis of skull,40,0.736146612008681,0.026123324072391922,finding,0,vendor,GE,availability,T2ax,1
Choroid plexus cyst,41,0.5189368536232396,0.010373463753383293,finding,0,vendor,GE,availability,T2ax,1
Pituitary adenoma,52,0.5659287508138777,0.016185834322890134,finding,0,vendor,GE,availability,T2ax,1
Cerebral infarction,129,0.880135324614791,0.18322696935994018,finding,0,vendor,GE,availability,T1ax,1
Cerebral hemorrhage,27,0.8750356125356126,0.09763820078568128,finding,0,vendor,GE,availability,T1ax,1
Intracranial meningioma,75,0.7238197146562906,0.04033521002092102,finding,0,vendor,GE,availability,T1ax,1
Demyelinating disease of central nervous system,109,0.5587308943491818,0.029458338111000605,finding,0,vendor,GE,availability,T1ax,1
Lacunar infarct,61,0.9006301502666019,0.14558847142324238,finding,0,vendor,GE,availability,T1ax,1
Gliosis,1237,0.7256213090719756,0.5317017454260897,finding,0,vendor,GE,availability,T1ax,1
Cerebral atrophy,550,0.9215577273977053,0.6740697834257403,finding,0,vendor,GE,availability,T1ax,1
Encephalomalacia,62,0.8116011730205278,0.06027411426868562,finding,0,vendor,GE,availability,T1ax,1
Arachnoid cyst,165,0.582496270512183,0.052816317190551486,finding,0,vendor,GE,availability,T1ax,1
Empty sella syndrome,88,0.6629055867284703,0.043724934511350955,finding,0,vendor,GE,availability,T1ax,1
Cyst of pineal gland,175,0.5420538384845464,0.046686184820728324,finding,0,vendor,GE,availability,T1ax,1
Rathke's pouch cyst,38,0.5421027260849158,0.010770272819869257,finding,0,vendor,GE,availability,T1ax,1
Cerebral edema,74,0.8205820700350241,0.13468395886685322,finding,0,vendor,GE,availability,T1ax,1
Mastoiditis,66,0.509680645327333,0.02003379660376684,finding,0,vendor,GE,availability,T1ax,1
Chronic mastoiditis,123,0.7119942705332565,0.07232059545024666,finding,0,vendor,GE,availability,T1ax,1
Ventriculomegaly,345,0.8713479543414133,0.41577326951882404,finding,0,vendor,GE,availability,T1ax,1
Cerebellar degeneration,34,0.7164841857764054,0.049294327116305096,finding,0,vendor,GE,availability,T1ax,1
Mega cisterna magna,49,0.44327832631360903,0.01285099780967255,finding,0,vendor,GE,availability,T1ax,1
Structure of cave of septum pellucidum,129,0.6182141888355281,0.04747218817858236,finding,0,vendor,GE,availability,T1ax,1
Hyperostosis of skull,40,0.7206052568121535,0.03876754265376924,finding,0,vendor,GE,availability,T1ax,1
Choroid plexus cyst,41,0.5097949242878825,0.009906209173157165,finding,0,vendor,GE,availability,T1ax,1
Pituitary adenoma,52,0.55453446191052,0.01542252082981839,finding,0,vendor,GE,availability,T1ax,1
Cerebral infarction,129,0.8895129154393084,0.21026905270315224,finding,0,vendor,GE,availability,FLAIRax+T2cor,2
Cerebral hemorrhage,27,0.8422631766381766,0.04027144409441902,finding,0,vendor,GE,availability,FLAIRax+T2cor,2
Intracranial meningioma,75,0.7382717250324253,0.03881458232589653,finding,0,vendor,GE,availability,FLAIRax+T2cor,2
Demyelinating disease of central nervous system,109,0.4996782916612299,0.026812485340882434,finding,0,vendor,GE,availability,FLAIRax+T2cor,2
Lacunar infarct,61,0.9078017847635546,0.14637566416075873,finding,0,vendor,GE,availability,FLAIRax+T2cor,2
Gliosis,1237,0.7295064604085882,0.5430106882823227,finding,0,vendor,GE,availability,FLAIRax+T2cor,2
Cerebral atrophy,550,0.9396910540655387,0.7457696708724306,finding,0,vendor,GE,availability,FLAIRax+T2cor,2
Encephalomalacia,62,0.7916480938416423,0.0901269668310585,finding,0,vendor,GE,availability,FLAIRax+T2cor,2
Arachnoid cyst,165,0.5812033814022874,0.06195667964822441,finding,0,vendor,GE,availability,FLAIRax+T2cor,2
Empty sella syndrome,88,0.6729163432322739,0.043376126614491244,finding,0,vendor,GE,availability,FLAIRax+T2cor,2
Cyst of pineal gland,175,0.6172781655034896,0.05789240074704349,finding,0,vendor,GE,availability,FLAIRax+T2cor,2
Rathke's pouch cyst,38,0.5984638023112735,0.012163138604297317,finding,0,vendor,GE,availability,FLAIRax+T2cor,2
Cerebral edema,74,0.8386460859108562,0.13152652239475793,finding,0,vendor,GE,availability,FLAIRax+T2cor,2
Mastoiditis,66,0.5988727360967109,0.039390771295348674,finding,0,vendor,GE,availability,FLAIRax+T2cor,2
Chronic mastoiditis,123,0.7284224761538953,0.06947266474805874,finding,0,vendor,GE,availability,FLAIRax+T2cor,2
Ventriculomegaly,345,0.8902994364348279,0.4600042236669953,finding,0,vendor,GE,availability,FLAIRax+T2cor,2
Cerebellar degeneration,34,0.737277092392459,0.08170500451845115,finding,0,vendor,GE,availability,FLAIRax+T2cor,2
Mega cisterna magna,49,0.4858652015663684,0.01154832665450774,finding,0,vendor,GE,availability,FLAIRax+T2cor,2
Structure of cave of septum pellucidum,129,0.6047581387707696,0.044890848700376,finding,0,vendor,GE,availability,FLAIRax+T2cor,2
Hyperostosis of skull,40,0.7812997347480106,0.04133466982002261,finding,0,vendor,GE,availability,FLAIRax+T2cor,2
Choroid plexus cyst,41,0.5153600884778746,0.010045449571735969,finding,0,vendor,GE,availability,FLAIRax+T2cor,2
Pituitary adenoma,52,0.5653427588131337,0.01595760624071621,finding,0,vendor,GE,availability,FLAIRax+T2cor,2
Cerebral infarction,129,0.8777092622095889,0.1989479040859694,finding,0,vendor,GE,availability,T2ax+T2cor,2
Cerebral hemorrhage,27,0.8125356125356126,0.022094881702128238,finding,0,vendor,GE,availability,T2ax+T2cor,2
Intracranial meningioma,75,0.735807392996109,0.03838742488830985,finding,0,vendor,GE,availability,T2ax+T2cor,2
Demyelinating disease of central nervous system,109,0.5050618444911384,0.02528970435561096,finding,0,vendor,GE,availability,T2ax+T2cor,2
Lacunar infarct,61,0.9010711759891293,0.14879296926749716,finding,0,vendor,GE,availability,T2ax+T2cor,2
Gliosis,1237,0.7174368003507666,0.5305040258562186,finding,0,vendor,GE,availability,T2ax+T2cor,2
Cerebral atrophy,550,0.9218561751693455,0.6868053735428895,finding,0,vendor,GE,availability,T2ax+T2cor,2
Encephalomalacia,62,0.7677810361681328,0.0910824215803715,finding,0,vendor,GE,availability,T2ax+T2cor,2
Arachnoid cyst,165,0.5979114868224764,0.07914960366647344,finding,0,vendor,GE,availability,T2ax+T2cor,2
Empty sella syndrome,88,0.6711171239104882,0.043129759629924574,finding,0,vendor,GE,availability,T2ax+T2cor,2
Cyst of pineal gland,175,0.6138399088448939,0.05623335589957116,finding,0,vendor,GE,availability,T2ax+T2cor,2
Rathke's pouch cyst,38,0.5661605206073753,0.015212204385961228,finding,0,vendor,GE,availability,T2ax+T2cor,2
Cerebral edema,74,0.7955953765581775,0.07173098317460418,finding,0,vendor,GE,availability,T2ax+T2cor,2
Mastoiditis,66,0.5558337561492135,0.027784497882942044,finding,0,vendor,GE,availability,T2ax+T2cor,2
Chronic mastoiditis,123,0.739387283144485,0.07378624269104891,finding,0,vendor,GE,availability,T2ax+T2cor,2
Ventriculomegaly,345,0.8757666975986238,0.4335253526772948,finding,0,vendor,GE,availability,T2ax+T2cor,2
Cerebellar degeneration,34,0.7350037534879109,0.09676770914926748,finding,0,vendor,GE,availability,T2ax+T2cor,2
Mega cisterna magna,49,0.4818555745159349,0.0111472529378547,finding,0,vendor,GE,availability,T2ax+T2cor,2
Structure of cave of septum pellucidum,129,0.5561012604062794,0.03436627985304931,finding,0,vendor,GE,availability,T2ax+T2cor,2
Hyperostosis of skull,40,0.7693453098625512,0.031194624334507877,finding,0,vendor,GE,availability,T2ax+T2cor,2
Choroid plexus cyst,41,0.5034944054216229,0.009849898378894828,finding,0,vendor,GE,availability,T2ax+T2cor,2
Pituitary adenoma,52,0.5543251790531115,0.014764842970373206,finding,0,vendor,GE,availability,T2ax+T2cor,2
Cerebral infarction,129,0.8869015553543387,0.21086390812274686,finding,0,vendor,GE,availability,T2ax+FLAIRax,2
Cerebral hemorrhage,27,0.8360042735042735,0.039006395028465,finding,0,vendor,GE,availability,T2ax+FLAIRax,2
Intracranial meningioma,75,0.7278891050583657,0.036261474212647415,finding,0,vendor,GE,availability,T2ax+FLAIRax,2
Demyelinating disease of central nervous system,109,0.5607781292322644,0.030251579548725878,finding,0,vendor,GE,availability,T2ax+FLAIRax,2
Lacunar infarct,61,0.9064469219583131,0.15240966726769234,finding,0,vendor,GE,availability,T2ax+FLAIRax,2
Gliosis,1237,0.707837441595988,0.5251824140633371,finding,0,vendor,GE,availability,T2ax+FLAIRax,2
Cerebral atrophy,550,0.9233994051041068,0.7067294823171775,finding,0,vendor,GE,availability,T2ax+FLAIRax,2
Encephalomalacia,62,0.7815796676441837,0.056780600503733514,finding,0,vendor,GE,availability,T2ax+FLAIRax,2
Arachnoid cyst,165,0.5627021081024064,0.06058492894529639,finding,0,vendor,GE,availability,T2ax+FLAIRax,2
Empty sella syndrome,88,0.6575356517110604,0.04287836447149024,finding,0,vendor,GE,availability,T2ax+FLAIRax,2
Cyst of pineal gland,175,0.5974476570289132,0.05669565334377806,finding,0,vendor,GE,availability,T2ax+FLAIRax,2
Rathke's pouch cyst,38,0.5901802590351511,0.012113247560347032,finding,0,vendor,GE,availability,T2ax+FLAIRax,2
Cerebral edema,74,0.8230626687957103,0.1097817696945102,finding,0,vendor,GE,availability,T2ax+FLAIRax,2
Mastoiditis,66,0.6028398520512085,0.0240858934198334,finding,0,vendor,GE,availability,T2ax+FLAIRax,2
Chronic mastoiditis,123,0.6975185647525766,0.0702317858773342,finding,0,vendor,GE,availability,T2ax+FLAIRax,2
Ventriculomegaly,345,0.8724803657515335,0.42819767372518647,finding,0,vendor,GE,availability,T2ax+FLAIRax,2
Cerebellar degeneration,34,0.7042888910921941,0.08219018545709189,finding,0,vendor,GE,availability,T2ax+FLAIRax,2
Mega cisterna magna,49,0.46572829228356394,0.011163922690040573,finding,0,vendor,GE,availability,T2ax+FLAIRax,2
Structure of cave of septum pellucidum,129,0.5969584436523128,0.042116455065696896,finding,0,vendor,GE,availability,T2ax+FLAIRax,2
Hyperostosis of skull,40,0.7551965276103207,0.04049935693469166,finding,0,vendor,GE,availability,T2ax+FLAIRax,2
Choroid plexus cyst,41,0.5251491299283471,0.010558899465148167,finding,0,vendor,GE,availability,T2ax+FLAIRax,2
Pituitary adenoma,52,0.5756255232071434,0.018092971026079673,finding,0,vendor,GE,availability,T2ax+FLAIRax,2
Cerebral infarction,129,0.8851689265342456,0.21042774831654704,finding,0,vendor,GE,availability,T1ax+T2cor,2
Cerebral hemorrhage,27,0.8624910968660968,0.05216036161163536,finding,0,vendor,GE,availability,T1ax+T2cor,2
Intracranial meningioma,75,0.7445038910505836,0.04251526442660681,finding,0,vendor,GE,availability,T1ax+T2cor,2
Demyelinating disease of central nervous system,109,0.49641396439161134,0.02497084835852871,finding,0,vendor,GE,availability,T1ax+T2cor,2
Lacunar infarct,61,0.9048377740517948,0.15180244868480777,finding,0,vendor,GE,availability,T1ax+T2cor,2
Gliosis,1237,0.7394541194524753,0.5483913155317265,finding,0,vendor,GE,availability,T1ax+T2cor,2
Cerebral atrophy,550,0.9340530407178743,0.7125818710216557,finding,0,vendor,GE,availability,T1ax+T2cor,2
Encephalomalacia,62,0.8047644183773216,0.09831322620004349,finding,0,vendor,GE,availability,T1ax+T2cor,2
Arachnoid cyst,165,0.6019197444359056,0.06518465938899456,finding,0,vendor,GE,availability,T1ax+T2cor,2
Empty sella syndrome,88,0.6829853179267671,0.04485292303744056,finding,0,vendor,GE,availability,T1ax+T2cor,2
Cyst of pineal gland,175,0.5945734225893746,0.05302558626793137,finding,0,vendor,GE,availability,T1ax+T2cor,2
Rathke's pouch cyst,38,0.5876431860562469,0.012195677649014006,finding,0,vendor,GE,availability,T1ax+T2cor,2
Cerebral edema,74,0.8297159303723856,0.11648336751254991,finding,0,vendor,GE,availability,T1ax+T2cor,2
Mastoiditis,66,0.5311560153831448,0.020545237431144392,finding,0,vendor,GE,availability,T1ax+T2cor,2
Chronic mastoiditis,123,0.7486276486780615,0.08127311857622699,finding,0,vendor,GE,availability,T1ax+T2cor,2
Ventriculomegaly,345,0.8852628084708296,0.44978955394531517,finding,0,vendor,GE,availability,T1ax+T2cor,2
Cerebellar degeneration,34,0.7447911502669934,0.09009623654846056,finding,0,vendor,GE,availability,T1ax+T2cor,2
Mega cisterna magna,49,0.4503506574210158,0.01125423122739888,finding,0,vendor,GE,availability,T1ax+T2cor,2
Structure of cave of septum pellucidum,129,0.6049759113016303,0.04770378671266294,finding,0,vendor,GE,availability,T1ax+T2cor,2
Hyperostosis of skull,40,0.7663009404388715,0.036668619259050045,finding,0,vendor,GE,availability,T1ax+T2cor,2
Choroid plexus cyst,41,0.5019472191827563,0.009717493314793588,finding,0,vendor,GE,availability,T1ax+T2cor,2
Pituitary adenoma,52,0.5366710073481537,0.013991911312517438,finding,0,vendor,GE,availability,T1ax+T2cor,2
Cerebral infarction,129,0.8950107167008607,0.20841980472869268,finding,0,vendor,GE,availability,T1ax+FLAIRax,2
Cerebral hemorrhage,27,0.8744212962962963,0.1193815994842035,finding,0,vendor,GE,availability,T1ax+FLAIRax,2
Intracranial meningioma,75,0.730677691309987,0.03812110358230025,finding,0,vendor,GE,availability,T1ax+FLAIRax,2
Demyelinating disease of central nervous system,109,0.5812797242757064,0.051607287491799575,finding,0,vendor,GE,availability,T1ax+FLAIRax,2
Lacunar infarct,61,0.9081752660060551,0.1486653429577905,finding,0,vendor,GE,availability,T1ax+FLAIRax,2
Gliosis,1237,0.7258249181316198,0.5400532094618788,finding,0,vendor,GE,availability,T1ax+FLAIRax,2
Cerebral atrophy,550,0.9362301597220486,0.7353488376942211,finding,0,vendor,GE,availability,T1ax+FLAIRax,2
Encephalomalacia,62,0.8142913000977517,0.06357913466293631,finding,0,vendor,GE,availability,T1ax+FLAIRax,2
Arachnoid cyst,165,0.5728433012371352,0.05526363560518871,finding,0,vendor,GE,availability,T1ax+FLAIRax,2
Empty sella syndrome,88,0.6738339728093325,0.05358497884847197,finding,0,vendor,GE,availability,T1ax+FLAIRax,2
Cyst of pineal gland,175,0.5793476712718986,0.05616014196550555,finding,0,vendor,GE,availability,T1ax+FLAIRax,2
Rathke's pouch cyst,38,0.5832033083431645,0.01197707009015007,finding,0,vendor,GE,availability,T1ax+FLAIRax,2
Cerebral edema,74,0.8530434154066538,0.20205471430622132,finding,0,vendor,GE,availability,T1ax+FLAIRax,2
Mastoiditis,66,0.6019170104343605,0.02399925906735141,finding,0,vendor,GE,availability,T1ax+FLAIRax,2
Chronic mastoiditis,123,0.6957201043467127,0.07262204730777187,finding,0,vendor,GE,availability,T1ax+FLAIRax,2
Ventriculomegaly,345,0.8853842729858393,0.44974166251832925,finding,0,vendor,GE,availability,T1ax+FLAIRax,2
Cerebellar degeneration,34,0.7209812892168665,0.07415155759019584,finding,0,vendor,GE,availability,T1ax+FLAIRax,2
Mega cisterna magna,49,0.4530138783401229,0.01182472750893615,finding,0,vendor,GE,availability,T1ax+FLAIRax,2
Structure of cave of septum pellucidum,129,0.6186764778922675,0.04843629561810567,finding,0,vendor,GE,availability,T1ax+FLAIRax,2
Hyperostosis of skull,40,0.7475283337352303,0.05605352645379711,finding,0,vendor,GE,availability,T1ax+FLAIRax,2
Choroid plexus cyst,41,0.5237607802995541,0.010340494808899904,finding,0,vendor,GE,availability,T1ax+FLAIRax,2
Pituitary adenoma,52,0.5686959352618361,0.017294646689924063,finding,0,vendor,GE,availability,T1ax+FLAIRax,2
Cerebral infarction,129,0.8858776424022221,0.2037620561664826,finding,0,vendor,GE,availability,T1ax+T2ax,2
Cerebral hemorrhage,27,0.8613871082621082,0.05934047670445666,finding,0,vendor,GE,availability,T1ax+T2ax,2
Intracranial meningioma,75,0.7366634241245136,0.04061888731733161,finding,0,vendor,GE,availability,T1ax+T2ax,2
Demyelinating disease of central nervous system,109,0.5697792135918399,0.0295645906302787,finding,0,vendor,GE,availability,T1ax+T2ax,2
Lacunar infarct,61,0.9048536668706244,0.17119438382274213,finding,0,vendor,GE,availability,T1ax+T2ax,2
Gliosis,1237,0.713017552032665,0.5258355118447787,finding,0,vendor,GE,availability,T1ax+T2ax,2
Cerebral atrophy,550,0.916828055090359,0.6741222345290084,finding,0,vendor,GE,availability,T1ax+T2ax,2
Encephalomalacia,62,0.7937712609970675,0.05665647542248946,finding,0,vendor,GE,availability,T1ax+T2ax,2
Arachnoid cyst,165,0.5870876844024532,0.06248979557223175,finding,0,vendor,GE,availability,T1ax+T2ax,2
Empty sella syndrome,88,0.6692485972188338,0.04497160331319852,finding,0,vendor,GE,availability,T1ax+T2ax,2
Cyst of pineal gland,175,0.5643355647343683,0.048838566556117874,finding,0,vendor,GE,availability,T1ax+T2ax,2
Rathke's pouch cyst,38,0.566274688891426,0.011160543416384925,finding,0,vendor,GE,availability,T1ax+T2ax,2
Cerebral edema,74,0.8224351265926759,0.1222282049706174,finding,0,vendor,GE,availability,T1ax+T2ax,2
Mastoiditis,66,0.53491723838727,0.019487458496786455,finding,0,vendor,GE,availability,T1ax+T2ax,2
Chronic mastoiditis,123,0.716399398245951,0.07669578230932045,finding,0,vendor,GE,availability,T1ax+T2ax,2
Ventriculomegaly,345,0.8699250843084445,0.41447860526516256,finding,0,vendor,GE,availability,T1ax+T2ax,2
Cerebellar degeneration,34,0.7162788062492033,0.07299582226107579,finding,0,vendor,GE,availability,T1ax+T2ax,2
Mega cisterna magna,49,0.4405509908168197,0.011405717587921773,finding,0,vendor,GE,availability,T1ax+T2ax,2
Structure of cave of septum pellucidum,129,0.5992335935141992,0.044661809218945844,finding,0,vendor,GE,availability,T1ax+T2ax,2
Hyperostosis of skull,40,0.7374125874125874,0.03239234364104296,finding,0,vendor,GE,availability,T1ax+T2ax,2
Choroid plexus cyst,41,0.5157012930476627,0.010135731535958616,finding,0,vendor,GE,availability,T1ax+T2ax,2
Pituitary adenoma,52,0.5605385545530648,0.016176219441021177,finding,0,vendor,GE,availability,T1ax+T2ax,2
Cerebral infarction,129,0.8877554529095557,0.21034944464376942,finding,0,vendor,GE,availability,T2ax+FLAIRax+T2cor,3
Cerebral hemorrhage,27,0.8355235042735043,0.03256605023761565,finding,0,vendor,GE,availability,T2ax+FLAIRax+T2cor,3
Intracranial meningioma,75,0.7380512321660182,0.03787916707982026,finding,0,vendor,GE,availability,T2ax+FLAIRax+T2cor,3
Demyelinating disease of central nervous system,109,0.5227153083675664,0.02696031560623915,finding,0,vendor,GE,availability,T2ax+FLAIRax+T2cor,3
Lacunar infarct,61,0.9072932145610006,0.1548335411286679,finding,0,vendor,GE,availability,T2ax+FLAIRax+T2cor,3
Gliosis,1237,0.7202929449323814,0.5354779923281223,finding,0,vendor,GE,availability,T2ax+FLAIRax+T2cor,3
Cerebral atrophy,550,0.932254855400305,0.7237511819002818,finding,0,vendor,GE,availability,T2ax+FLAIRax+T2cor,3
Encephalomalacia,62,0.7832218963831867,0.09790880601353846,finding,0,vendor,GE,availability,T2ax+FLAIRax+T2cor,3
Arachnoid cyst,165,0.5845501258231243,0.07177939598157494,finding,0,vendor,GE,availability,T2ax+FLAIRax+T2cor,3
Empty sella syndrome,88,0.6689630508549758,0.043339916173179366,finding,0,vendor,GE,availability,T2ax+FLAIRax+T2cor,3
Cyst of pineal gland,175,0.6119641076769692,0.05738953004362335,finding,0,vendor,GE,availability,T2ax+FLAIRax+T2cor,3
Rathke's pouch cyst,38,0.5888482957212264,0.012484573671745948,finding,0,vendor,GE,availability,T2ax+FLAIRax+T2cor,3
Cerebral edema,74,0.8247218772382886,0.10350124269328019,finding,0,vendor,GE,availability,T2ax+FLAIRax+T2cor,3
Mastoiditis,66,0.5886222084960255,0.024826301475182375,finding,0,vendor,GE,availability,T2ax+FLAIRax+T2cor,3
Chronic mastoiditis,123,0.7243814416490622,0.07015191107745918,finding,0,vendor,GE,availability,T2ax+FLAIRax+T2cor,3
Ventriculomegaly,345,0.8830123199722367,0.4462540461106387,finding,0,vendor,GE,availability,T2ax+FLAIRax+T2cor,3
Cerebellar degeneration,34,0.7284386906701038,0.09253054395590136,finding,0,vendor,GE,availability,T2ax+FLAIRax+T2cor,3
Mega cisterna magna,49,0.47372288693147624,0.011176008649639635,finding,0,vendor,GE,availability,T2ax+FLAIRax+T2cor,3
Structure of cave of septum pellucidum,129,0.5900355695133739,0.040466158005886176,finding,0,vendor,GE,availability,T2ax+FLAIRax+T2cor,3
Hyperostosis of skull,40,0.7738726790450928,0.03873954521851773,finding,0,vendor,GE,availability,T2ax+FLAIRax+T2cor,3
Choroid plexus cyst,41,0.5175426211570365,0.010206315100932005,finding,0,vendor,GE,availability,T2ax+FLAIRax+T2cor,3
Pituitary adenoma,52,0.5671332899265185,0.016244121906660074,finding,0,vendor,GE,availability,T2ax+FLAIRax+T2cor,3
Cerebral infarction,129,0.8934786678434025,0.21307554888652908,finding,0,vendor,GE,availability,T1ax+FLAIRax+T2cor,3
Cerebral hemorrhage,27,0.8658030626780626,0.06576722471719627,finding,0,vendor,GE,availability,T1ax+FLAIRax+T2cor,3
Intracranial meningioma,75,0.7417023346303502,0.04035154863861603,finding,0,vendor,GE,availability,T1ax+FLAIRax+T2cor,3
Demyelinating disease of central nervous system,109,0.5287625252529797,0.030185640439187228,finding,0,vendor,GE,availability,T1ax+FLAIRax+T2cor,3
Lacunar infarct,61,0.9088626304204446,0.1510819663188844,finding,0,vendor,GE,availability,T1ax+FLAIRax+T2cor,3
Gliosis,1237,0.7354471589274214,0.5485152457057224,finding,0,vendor,GE,availability,T1ax+FLAIRax+T2cor,3
Cerebral atrophy,550,0.9413827580173469,0.7445283960888526,finding,0,vendor,GE,availability,T1ax+FLAIRax+T2cor,3
Encephalomalacia,62,0.8070811339198436,0.0857576660813083,finding,0,vendor,GE,availability,T1ax+FLAIRax+T2cor,3
Arachnoid cyst,165,0.5894594879676929,0.07119162987516178,finding,0,vendor,GE,availability,T1ax+FLAIRax+T2cor,3
Empty sella syndrome,88,0.6825888797711194,0.045699025806638656,finding,0,vendor,GE,availability,T1ax+FLAIRax+T2cor,3
Cyst of pineal gland,175,0.5997379290699331,0.05559954375844442,finding,0,vendor,GE,availability,T1ax+FLAIRax+T2cor,3
Rathke's pouch cyst,38,0.5931169210082328,0.011985836810753494,finding,0,vendor,GE,availability,T1ax+FLAIRax+T2cor,3
Cerebral edema,74,0.8474513901209744,0.16379276399410397,finding,0,vendor,GE,availability,T1ax+FLAIRax+T2cor,3
Mastoiditis,66,0.5870816880280603,0.024304001103633892,finding,0,vendor,GE,availability,T1ax+FLAIRax+T2cor,3
Chronic mastoiditis,123,0.726141892324435,0.07622464310364732,finding,0,vendor,GE,availability,T1ax+FLAIRax+T2cor,3
Ventriculomegaly,345,0.8912183418962046,0.4612444215793935,finding,0,vendor,GE,availability,T1ax+FLAIRax+T2cor,3
Cerebellar degeneration,34,0.7393025594538322,0.0932146800943288,finding,0,vendor,GE,availability,T1ax+FLAIRax+T2cor,3
Mega cisterna magna,49,0.4562985174736883,0.01139292857078571,finding,0,vendor,GE,availability,T1ax+FLAIRax+T2cor,3
Structure of cave of septum pellucidum,129,0.61150908722745,0.047729410973415584,finding,0,vendor,GE,availability,T1ax+FLAIRax+T2cor,3
Hyperostosis of skull,40,0.7712925006028454,0.041940767159173026,finding,0,vendor,GE,availability,T1ax+FLAIRax+T2cor,3
Choroid plexus cyst,41,0.5160660289670914,0.01011638895448876,finding,0,vendor,GE,availability,T1ax+FLAIRax+T2cor,3
Pituitary adenoma,52,0.5574876755650638,0.015341045958796332,finding,0,vendor,GE,availability,T1ax+FLAIRax+T2cor,3
Cerebral infarction,129,0.885891014399731,0.21129345644533729,finding,0,vendor,GE,availability,T1ax+T2ax+T2cor,3
Cerebral hemorrhage,27,0.8503027065527067,0.037387127637630045,finding,0,vendor,GE,availability,T1ax+T2ax+T2cor,3
Intracranial meningioma,75,0.7435570687418936,0.04079787280297361,finding,0,vendor,GE,availability,T1ax+T2ax+T2cor,3
Demyelinating disease of central nervous system,109,0.528553302347346,0.026922964958028005,finding,0,vendor,GE,availability,T1ax+T2ax+T2cor,3
Lacunar infarct,61,0.9054099155296679,0.16712696424720386,finding,0,vendor,GE,availability,T1ax+T2ax+T2cor,3
Gliosis,1237,0.7260630557801131,0.5377770436105801,finding,0,vendor,GE,availability,T1ax+T2ax+T2cor,3
Cerebral atrophy,550,0.9285165096108181,0.7014263917374152,finding,0,vendor,GE,availability,T1ax+T2ax+T2cor,3
Encephalomalacia,62,0.7919648093841642,0.09196815887705498,finding,0,vendor,GE,availability,T1ax+T2ax+T2cor,3
Arachnoid cyst,165,0.5958696864216506,0.07288015441596728,finding,0,vendor,GE,availability,T1ax+T2ax+T2cor,3
Empty sella syndrome,88,0.6777040963427887,0.044340911730944066,finding,0,vendor,GE,availability,T1ax+T2ax+T2cor,3
Cyst of pineal gland,175,0.5925167355077624,0.052438125752078096,finding,0,vendor,GE,availability,T1ax+T2ax+T2cor,3
Rathke's pouch cyst,38,0.5729979322855221,0.011637529222071672,finding,0,vendor,GE,availability,T1ax+T2ax+T2cor,3
Cerebral edema,74,0.8214396015271289,0.1050551480438478,finding,0,vendor,GE,availability,T1ax+T2ax+T2cor,3
Mastoiditis,66,0.5446089136940873,0.020132957657899884,finding,0,vendor,GE,availability,T1ax+T2ax+T2cor,3
Chronic mastoiditis,123,0.737204724409449,0.07981387132553905,finding,0,vendor,GE,availability,T1ax+T2ax+T2cor,3
Ventriculomegaly,345,0.8808825415506719,0.43995929127946193,finding,0,vendor,GE,availability,T1ax+T2ax+T2cor,3
Cerebellar degeneration,34,0.7353861843316667,0.08512227295161533,finding,0,vendor,GE,availability,T1ax+T2ax+T2cor,3
Mega cisterna magna,49,0.44889574969668883,0.011090596181175938,finding,0,vendor,GE,availability,T1ax+T2ax+T2cor,3
Structure of cave of septum pellucidum,129,0.5893001096503796,0.042289186130292505,finding,0,vendor,GE,availability,T1ax+T2ax+T2cor,3
Hyperostosis of skull,40,0.7633530262840608,0.03363920948343855,finding,0,vendor,GE,availability,T1ax+T2ax+T2cor,3
Choroid plexus cyst,41,0.5083124492605273,0.009913848566716753,finding,0,vendor,GE,availability,T1ax+T2ax+T2cor,3
Pituitary adenoma,52,0.55032090038136,0.014909524909327005,finding,0,vendor,GE,availability,T1ax+T2ax+T2cor,3
Cerebral infarction,129,0.8919084132787756,0.21219911971662284,finding,0,vendor,GE,availability,T1ax+T2ax+FLAIRax,3
Cerebral hemorrhage,27,0.8630430911680912,0.07584527016815629,finding,0,vendor,GE,availability,T1ax+T2ax+FLAIRax,3
Intracranial meningioma,75,0.7346400778210116,0.03877928887593465,finding,0,vendor,GE,availability,T1ax+T2ax+FLAIRax,3
Demyelinating disease of central nervous system,109,0.5680671852995037,0.030535838829304378,finding,0,vendor,GE,availability,T1ax+T2ax+FLAIRax,3
Lacunar infarct,61,0.9081196411401509,0.15551764884595554,finding,0,vendor,GE,availability,T1ax+T2ax+FLAIRax,3
Gliosis,1237,0.7172473041667238,0.5325121475523773,finding,0,vendor,GE,availability,T1ax+T2ax+FLAIRax,3
Cerebral atrophy,550,0.928993926062939,0.7143435007876089,finding,0,vendor,GE,availability,T1ax+T2ax+FLAIRax,3
Encephalomalacia,62,0.7987214076246334,0.05961242939227177,finding,0,vendor,GE,availability,T1ax+T2ax+FLAIRax,3
Arachnoid cyst,165,0.5777933487033438,0.06517456504449418,finding,0,vendor,GE,availability,T1ax+T2ax+FLAIRax,3
Empty sella syndrome,88,0.6691931513229391,0.0473517042901626,finding,0,vendor,GE,availability,T1ax+T2ax+FLAIRax,3
Cyst of pineal gland,175,0.5842102264634667,0.053763646368162214,finding,0,vendor,GE,availability,T1ax+T2ax+FLAIRax,3
Rathke's pouch cyst,38,0.5847445801778488,0.011885546584203766,finding,0,vendor,GE,availability,T1ax+T2ax+FLAIRax,3
Cerebral edema,74,0.8389877842831891,0.15872920763912218,finding,0,vendor,GE,availability,T1ax+T2ax+FLAIRax,3
Mastoiditis,66,0.5864860691359114,0.022489583796080435,finding,0,vendor,GE,availability,T1ax+T2ax+FLAIRax,3
Chronic mastoiditis,123,0.704082245054734,0.0738081344303248,finding,0,vendor,GE,availability,T1ax+T2ax+FLAIRax,3
Ventriculomegaly,345,0.8790341684961789,0.43679049244789947,finding,0,vendor,GE,availability,T1ax+T2ax+FLAIRax,3
Cerebellar degeneration,34,0.7177164629396184,0.07556694376100379,finding,0,vendor,GE,availability,T1ax+T2ax+FLAIRax,3
Mega cisterna magna,49,0.44989199159605847,0.011377666508648163,finding,0,vendor,GE,availability,T1ax+T2ax+FLAIRax,3
Structure of cave of septum pellucidum,129,0.6059062202711841,0.04516818925248736,finding,0,vendor,GE,availability,T1ax+T2ax+FLAIRax,3
Hyperostosis of skull,40,0.751199662406559,0.042104891521524974,finding,0,vendor,GE,availability,T1ax+T2ax+FLAIRax,3
Choroid plexus cyst,41,0.5219253350275905,0.010355527503113365,finding,0,vendor,GE,availability,T1ax+T2ax+FLAIRax,3
Pituitary adenoma,52,0.5679378662450004,0.016925736430580294,finding,0,vendor,GE,availability,T1ax+T2ax+FLAIRax,3
Cerebral infarction,129,0.8911901459840071,0.2154697799138133,finding,0,vendor,GE,availability,T1ax+T2ax+FLAIRax+T2cor,4
Cerebral hemorrhage,27,0.8562589031339032,0.04798388881827126,finding,0,vendor,GE,availability,T1ax+T2ax+FLAIRax+T2cor,4
Intracranial meningioma,75,0.7415531776913099,0.039470272378306845,finding,0,vendor,GE,availability,T1ax+T2ax+FLAIRax+T2cor,4
Demyelinating disease of central nervous system,109,0.5393744010150685,0.02832188931834409,finding,0,vendor,GE,availability,T1ax+T2ax+FLAIRax+T2cor,4
Lacunar infarct,61,0.9080878555024913,0.15540070405605572,finding,0,vendor,GE,availability,T1ax+T2ax+FLAIRax+T2cor,4
Gliosis,1237,0.7259120617130017,0.5399510870435645,finding,0,vendor,GE,availability,T1ax+T2ax+FLAIRax+T2cor,4
Cerebral atrophy,550,0.9348878946184419,0.7259180965532258,finding,0,vendor,GE,availability,T1ax+T2ax+FLAIRax+T2cor,4
Encephalomalacia,62,0.7963910068426197,0.07448230621608179,finding,0,vendor,GE,availability,T1ax+T2ax+FLAIRax+T2cor,4
Arachnoid cyst,165,0.5898346970450401,0.07785685981756171,finding,0,vendor,GE,availability,T1ax+T2ax+FLAIRax+T2cor,4
Empty sella syndrome,88,0.6762236909223979,0.04544891887598823,finding,0,vendor,GE,availability,T1ax+T2ax+FLAIRax+T2cor,4
Cyst of pineal gland,175,0.5982538099985757,0.05492956107989852,finding,0,vendor,GE,availability,T1ax+T2ax+FLAIRax+T2cor,4
Rathke's pouch cyst,38,0.5871040580482297,0.01206705598077576,finding,0,vendor,GE,availability,T1ax+T2ax+FLAIRax+T2cor,4
Cerebral edema,74,0.8362870529172498,0.14009183779640594,finding,0,vendor,GE,availability,T1ax+T2ax+FLAIRax+T2cor,4
Mastoiditis,66,0.5802063341495518,0.02274395777162375,finding,0,vendor,GE,availability,T1ax+T2ax+FLAIRax+T2cor,4
Chronic mastoiditis,123,0.7239753376864477,0.07682695084601718,finding,0,vendor,GE,availability,T1ax+T2ax+FLAIRax+T2cor,4
Ventriculomegaly,345,0.8853261812612695,0.4494335163050851,finding,0,vendor,GE,availability,T1ax+T2ax+FLAIRax+T2cor,4
Cerebellar degeneration,34,0.7323409016869449,0.08819640524916676,finding,0,vendor,GE,availability,T1ax+T2ax+FLAIRax+T2cor,4
Mega cisterna magna,49,0.45424685098785766,0.011163896620472102,finding,0,vendor,GE,availability,T1ax+T2ax+FLAIRax+T2cor,4
Structure of cave of septum pellucidum,129,0.5996825105734295,0.04412928182858698,finding,0,vendor,GE,availability,T1ax+T2ax+FLAIRax+T2cor,4
Hyperostosis of skull,40,0.7673438630335182,0.043680774125170956,finding,0,vendor,GE,availability,T1ax+T2ax+FLAIRax+T2cor,4
Choroid plexus cyst,41,0.5166954925699764,0.010168374079244704,finding,0,vendor,GE,availability,T1ax+T2ax+FLAIRax+T2cor,4
Pituitary adenoma,52,0.560766440331132,0.015810202927639246,finding,0,vendor,GE,availability,T1ax+T2ax+FLAIRax+T2cor,4
Cerebral infarction,129,0.8889417401171387,0.2101806744219226,finding,0,vendor,GE,budget,all4,1
Cerebral hemorrhage,27,0.8419248575498575,0.09351271990313198,finding,0,vendor,GE,budget,all4,1
Intracranial meningioma,75,0.717769130998703,0.03635848145070485,finding,0,vendor,GE,budget,all4,1
Demyelinating disease of central nervous system,109,0.45623641738394877,0.022648701854555826,finding,0,vendor,GE,budget,all4,1
Lacunar infarct,61,0.9060376818734455,0.13885195513504528,finding,0,vendor,GE,budget,all4,1
Gliosis,1237,0.6951259882438375,0.5108450239553965,finding,0,vendor,GE,budget,all4,1
Cerebral atrophy,550,0.9308511010573148,0.7295069001251044,finding,0,vendor,GE,budget,all4,1
Encephalomalacia,62,0.7954056695992179,0.058474048935904244,finding,0,vendor,GE,budget,all4,1
Arachnoid cyst,165,0.5778641713002727,0.06940872437734552,finding,0,vendor,GE,budget,all4,1
Empty sella syndrome,88,0.6536211714608885,0.0418354879936229,finding,0,vendor,GE,budget,all4,1
Cyst of pineal gland,175,0.5945477852157812,0.05791378429638496,finding,0,vendor,GE,budget,all4,1
Rathke's pouch cyst,38,0.5421027260849158,0.010770272819869257,finding,0,vendor,GE,budget,all4,1
Cerebral edema,74,0.847135976238821,0.18089423275097655,finding,0,vendor,GE,budget,all4,1
Mastoiditis,66,0.5587383174133962,0.019872578560453207,finding,0,vendor,GE,budget,all4,1
Chronic mastoiditis,123,0.7108899878368863,0.07961706033233693,finding,0,vendor,GE,budget,all4,1
Ventriculomegaly,345,0.880422334382002,0.4357470089844926,finding,0,vendor,GE,budget,all4,1
Cerebellar degeneration,34,0.7030282857183326,0.08268713809053056,finding,0,vendor,GE,budget,all4,1
Mega cisterna magna,49,0.44327832631360903,0.01285099780967255,finding,0,vendor,GE,budget,all4,1
Structure of cave of septum pellucidum,129,0.5542511490366431,0.03442348362713844,finding,0,vendor,GE,budget,all4,1
Hyperostosis of skull,40,0.7206052568121535,0.03876754265376924,finding,0,vendor,GE,budget,all4,1
Choroid plexus cyst,41,0.5097949242878825,0.009906209173157165,finding,0,vendor,GE,budget,all4,1
Pituitary adenoma,52,0.55453446191052,0.01542252082981839,finding,0,vendor,GE,budget,all4,1
Cerebral infarction,129,0.8869034656396972,0.21087123724267243,finding,0,vendor,GE,budget,all4,2
Cerebral hemorrhage,27,0.8358796296296296,0.038925454245149566,finding,0,vendor,GE,budget,all4,2
Intracranial meningioma,75,0.7358333333333333,0.03839832509604314,finding,0,vendor,GE,budget,all4,2
Demyelinating disease of central nervous system,109,0.49715636825031156,0.025013786568411734,finding,0,vendor,GE,budget,all4,2
Lacunar infarct,61,0.9063992435018238,0.15237625332547844,finding,0,vendor,GE,budget,all4,2
Gliosis,1237,0.7179521258375239,0.5311685269883664,finding,0,vendor,GE,budget,all4,2
Cerebral atrophy,550,0.9231914414977379,0.7061536022644691,finding,0,vendor,GE,budget,all4,2
Encephalomalacia,62,0.781524926686217,0.05676829882180339,finding,0,vendor,GE,budget,all4,2
Arachnoid cyst,165,0.597994364329521,0.0791344461647133,finding,0,vendor,GE,budget,all4,2
Empty sella syndrome,88,0.6575273348266761,0.04287026722807756,finding,0,vendor,GE,budget,all4,2
Cyst of pineal gland,175,0.6174675972083749,0.057896274622016276,finding,0,vendor,GE,budget,all4,2
Rathke's pouch cyst,38,0.566274688891426,0.011160543416384925,finding,0,vendor,GE,budget,all4,2
Cerebral edema,74,0.8228885340482714,0.10965453691067434,finding,0,vendor,GE,budget,all4,2
Mastoiditis,66,0.6036376872339018,0.02415522465794146,finding,0,vendor,GE,budget,all4,2
Chronic mastoiditis,123,0.7163713910761155,0.0766576253304744,finding,0,vendor,GE,budget,all4,2
Ventriculomegaly,345,0.8901923062414653,0.45970498215489247,finding,0,vendor,GE,budget,all4,2
Cerebellar degeneration,34,0.7350887381198566,0.0967839730987074,finding,0,vendor,GE,budget,all4,2
Mega cisterna magna,49,0.4531371756048964,0.011821803010483679,finding,0,vendor,GE,budget,all4,2
Structure of cave of septum pellucidum,129,0.5561031706916378,0.03436762243952267,finding,0,vendor,GE,budget,all4,2
Hyperostosis of skull,40,0.7476790450928382,0.056056654028958264,finding,0,vendor,GE,budget,all4,2
Choroid plexus cyst,41,0.5157660042591743,0.010137341311348656,finding,0,vendor,GE,budget,all4,2
Pituitary adenoma,52,0.5605385545530648,0.016176219441021177,finding,0,vendor,GE,budget,all4,2
Cerebral infarction,129,0.8877955689020826,0.21061619636833775,finding,0,vendor,GE,budget,all4,3
Cerebral hemorrhage,27,0.8633457977207978,0.07607334537489079,finding,0,vendor,GE,budget,all4,3
Intracranial meningioma,75,0.7381031128404668,0.037885237417694784,finding,0,vendor,GE,budget,all4,3
Demyelinating disease of central nervous system,109,0.5300696059860248,0.027023299199886674,finding,0,vendor,GE,budget,all4,3
Lacunar infarct,61,0.9072415628998036,0.15478672243804925,finding,0,vendor,GE,budget,all4,3
Gliosis,1237,0.7207270186207747,0.5359800613274884,finding,0,vendor,GE,budget,all4,3
Cerebral atrophy,550,0.9322438573249682,0.7235815618200016,finding,0,vendor,GE,budget,all4,3
Encephalomalacia,62,0.7831906158357772,0.09765479928071932,finding,0,vendor,GE,budget,all4,3
Arachnoid cyst,165,0.5834365535011979,0.0711913224925377,finding,0,vendor,GE,budget,all4,3
Empty sella syndrome,88,0.6690018629821022,0.04332949325241252,finding,0,vendor,GE,budget,all4,3
Cyst of pineal gland,175,0.6118900441532545,0.0573576804162029,finding,0,vendor,GE,budget,all4,3
Rathke's pouch cyst,38,0.5847445801778488,0.011885546584203766,finding,0,vendor,GE,budget,all4,3
Cerebral edema,74,0.8244787457041286,0.1025846484739935,finding,0,vendor,GE,budget,all4,3
Mastoiditis,66,0.5867544653033612,0.022521930583795344,finding,0,vendor,GE,budget,all4,3
Chronic mastoiditis,123,0.7375508130081302,0.07978863790415235,finding,0,vendor,GE,budget,all4,3
Ventriculomegaly,345,0.8827543021825891,0.4458186119284809,finding,0,vendor,GE,budget,all4,3
Cerebellar degeneration,34,0.728297049616861,0.0945041387512915,finding,0,vendor,GE,budget,all4,3
Mega cisterna magna,49,0.44997090184551347,0.01137636887390239,finding,0,vendor,GE,budget,all4,3
Structure of cave of septum pellucidum,129,0.589332584501473,0.04229988591403877,finding,0,vendor,GE,budget,all4,3
Hyperostosis of skull,40,0.7715456956836266,0.04195665629976304,finding,0,vendor,GE,budget,all4,3
Choroid plexus cyst,41,0.5219547492146412,0.01035783048127045,finding,0,vendor,GE,budget,all4,3
Pituitary adenoma,52,0.5679378662450004,0.016925736430580294,finding,0,vendor,GE,budget,all4,3
Cerebral infarction,129,0.8912379031179678,0.21534067900924903,finding,0,vendor,GE,budget,all4,4
Cerebral hemorrhage,27,0.8561431623931623,0.047335941875596345,finding,0,vendor,GE,budget,all4,4
Intracranial meningioma,75,0.7416115434500649,0.039520431620667075,finding,0,vendor,GE,budget,all4,4
Demyelinating disease of central nervous system,109,0.5406162401968945,0.028447585282653065,finding,0,vendor,GE,budget,all4,4
Lacunar infarct,61,0.9080958019119061,0.15505251188744773,finding,0,vendor,GE,budget,all4,4
Gliosis,1237,0.7263908033377636,0.5400738131499581,finding,0,vendor,GE,budget,all4,4
Cerebral atrophy,550,0.9350143724848151,0.7253753724404434,finding,0,vendor,GE,budget,all4,4
Encephalomalacia,62,0.7965317693059628,0.0744902646923218,finding,0,vendor,GE,budget,all4,4
Arachnoid cyst,165,0.5893555143679459,0.07766528464412445,finding,0,vendor,GE,budget,all4,4
Empty sella syndrome,88,0.6763179489454191,0.04547426069957905,finding,0,vendor,GE,budget,all4,4
Cyst of pineal gland,175,0.5977951858709586,0.054826308630579086,finding,0,vendor,GE,budget,all4,4
Rathke's pouch cyst,38,0.5871040580482297,0.01206705598077576,finding,0,vendor,GE,budget,all4,4
Cerebral edema,74,0.8365038999612304,0.13892672753387023,finding,0,vendor,GE,budget,all4,4
Mastoiditis,66,0.5803386939033626,0.022771000330583296,finding,0,vendor,GE,budget,all4,4
Chronic mastoiditis,123,0.7237812880097305,0.07676357382796824,finding,0,vendor,GE,budget,all4,4
Ventriculomegaly,345,0.8851420983938015,0.44879283993421293,finding,0,vendor,GE,budget,all4,4
Cerebellar degeneration,34,0.7321213580544185,0.08629910752793528,finding,0,vendor,GE,budget,all4,4
Mega cisterna magna,49,0.4546364703445419,0.011162507821006622,finding,0,vendor,GE,budget,all4,4
Structure of cave of septum pellucidum,129,0.5998124099778025,0.044153205275189435,finding,0,vendor,GE,budget,all4,4
Hyperostosis of skull,40,0.7674463467566915,0.04373736398447786,finding,0,vendor,GE,budget,all4,4
Choroid plexus cyst,41,0.5160954431541421,0.010150111653922999,finding,0,vendor,GE,budget,all4,4
Pituitary adenoma,52,0.5607664403311321,0.015810202927639246,finding,0,vendor,GE,budget,all4,4
Cerebral infarction,129,0.8665627471431683,0.19340718681313201,label_id,0,vendor,GE,availability,T2cor,1
Cerebral hemorrhage,27,0.7894853988603989,0.021123081238243194,label_id,0,vendor,GE,availability,T2cor,1
Intracranial meningioma,75,0.7231095979247731,0.04073938267459644,label_id,0,vendor,GE,availability,T2cor,1
Demyelinating disease of central nervous system,109,0.44882362734025943,0.022101349246467013,label_id,0,vendor,GE,availability,T2cor,1
Lacunar infarct,61,0.8922983399950731,0.12030627131172358,label_id,0,vendor,GE,availability,T2cor,1
Gliosis,1237,0.7166271597495307,0.5232984691856994,label_id,0,vendor,GE,availability,T2cor,1
Cerebral atrophy,550,0.9062409078411278,0.6538184205445323,label_id,0,vendor,GE,availability,T2cor,1
Encephalomalacia,62,0.7622991202346041,0.08915778933151365,label_id,0,vendor,GE,availability,T2cor,1
Arachnoid cyst,165,0.5926208881455027,0.06875668919154106,label_id,0,vendor,GE,availability,T2cor,1
Empty sella syndrome,88,0.6696783029120185,0.043783088676832144,label_id,0,vendor,GE,availability,T2cor,1
Cyst of pineal gland,175,0.6180544082039596,0.05506218356987114,label_id,0,vendor,GE,availability,T2cor,1
Rathke's pouch cyst,38,0.55179434486433,0.010020182208096477,label_id,0,vendor,GE,availability,T2cor,1
Cerebral edema,74,0.779778684592689,0.09643105622545499,label_id,0,vendor,GE,availability,T2cor,1
Mastoiditis,66,0.5224460082504245,0.033213103872195254,label_id,0,vendor,GE,availability,T2cor,1
Chronic mastoiditis,123,0.7476954100249664,0.09013258394781395,label_id,0,vendor,GE,availability,T2cor,1
Ventriculomegaly,345,0.8734068155927242,0.4317898026922619,label_id,0,vendor,GE,availability,T2cor,1
Cerebellar degeneration,34,0.7262928287134744,0.140691923774785,label_id,0,vendor,GE,availability,T2cor,1
Mega cisterna magna,49,0.517587121847289,0.01175508511566432,label_id,0,vendor,GE,availability,T2cor,1
Structure of cave of septum pellucidum,129,0.5846428339465349,0.04090026255537205,label_id,0,vendor,GE,availability,T2cor,1
Hyperostosis of skull,40,0.7778816011574632,0.03978183272630077,label_id,0,vendor,GE,availability,T2cor,1
Choroid plexus cyst,41,0.45840245667290247,0.008938414344613836,label_id,0,vendor,GE,availability,T2cor,1
Pituitary adenoma,52,0.5054971630545997,0.013500349889929958,label_id,0,vendor,GE,availability,T2cor,1
Cerebral infarction,129,0.8834171948605682,0.20658183812656014,label_id,0,vendor,GE,availability,FLAIRax,1
Cerebral hemorrhage,27,0.8450409544159544,0.08138810669696872,label_id,0,vendor,GE,availability,FLAIRax,1
Intracranial meningioma,75,0.7128112840466926,0.034289367682267625,label_id,0,vendor,GE,availability,FLAIRax,1
Demyelinating disease of central nervous system,109,0.670667398571885,0.09869047230475379,label_id,0,vendor,GE,availability,FLAIRax,1
Lacunar infarct,61,0.9030657247522706,0.15081013623240166,label_id,0,vendor,GE,availability,FLAIRax,1
Gliosis,1237,0.7038726826795281,0.5205761581230943,label_id,0,vendor,GE,availability,FLAIRax,1
Cerebral atrophy,550,0.900106481365761,0.685334134193129,label_id,0,vendor,GE,availability,FLAIRax,1
Encephalomalacia,62,0.8013958944281524,0.07530395024288673,label_id,0,vendor,GE,availability,FLAIRax,1
Arachnoid cyst,165,0.5262781971881922,0.04264979199101765,label_id,0,vendor,GE,availability,FLAIRax,1
Empty sella syndrome,88,0.6623649892434963,0.047708089589029286,label_id,0,vendor,GE,availability,FLAIRax,1
Cyst of pineal gland,175,0.5946873664720125,0.05967488480343579,label_id,0,vendor,GE,availability,FLAIRax,1
Rathke's pouch cyst,38,0.6059862236937246,0.012000937319767688,label_id,0,vendor,GE,availability,FLAIRax,1
Cerebral edema,74,0.8390600666311827,0.19509281667622308,label_id,0,vendor,GE,availability,FLAIRax,1
Mastoiditis,66,0.6182781466693139,0.025186858641731133,label_id,0,vendor,GE,availability,FLAIRax,1
Chronic mastoiditis,123,0.665516372191281,0.07629432726325387,label_id,0,vendor,GE,availability,FLAIRax,1
Ventriculomegaly,345,0.862797154259934,0.4191397407722076,label_id,0,vendor,GE,availability,FLAIRax,1
Cerebellar degeneration,34,0.6478661775328962,0.07659043193756024,label_id,0,vendor,GE,availability,FLAIRax,1
Mega cisterna magna,49,0.4699154673952713,0.011931529513362026,label_id,0,vendor,GE,availability,FLAIRax,1
Structure of cave of septum pellucidum,129,0.6180002368753844,0.050625744206730716,label_id,0,vendor,GE,availability,FLAIRax,1
Hyperostosis of skull,40,0.7527730889799855,0.034043591553676505,label_id,0,vendor,GE,availability,FLAIRax,1
Choroid plexus cyst,41,0.5228254091513418,0.011435973189563145,label_id,0,vendor,GE,availability,FLAIRax,1
Pituitary adenoma,52,0.5759324713980094,0.027831441741018932,label_id,0,vendor,GE,availability,FLAIRax,1
Cerebral infarction,129,0.8555384903396868,0.1836086284694602,label_id,0,vendor,GE,availability,T2ax,1
Cerebral hemorrhage,27,0.7802706552706552,0.02360053869068419,label_id,0,vendor,GE,availability,T2ax,1
Intracranial meningioma,75,0.6991634241245136,0.03575112654071224,label_id,0,vendor,GE,availability,T2ax,1
Demyelinating disease of central nervous system,109,0.5588028850263891,0.027634179014932723,label_id,0,vendor,GE,availability,T2ax,1
Lacunar infarct,61,0.8862948276821118,0.17483329245196186,label_id,0,vendor,GE,availability,T2ax,1
Gliosis,1237,0.6795582532918626,0.4946796611190606,label_id,0,vendor,GE,availability,T2ax,1
Cerebral atrophy,550,0.8478116329642313,0.5732115971045697,label_id,0,vendor,GE,availability,T2ax,1
Encephalomalacia,62,0.7345219941348974,0.06674491104356861,label_id,0,vendor,GE,availability,T2ax,1
Arachnoid cyst,165,0.5792369241896841,0.06583836571228743,label_id,0,vendor,GE,availability,T2ax,1
Empty sella syndrome,88,0.6512896715385128,0.04100115103773898,label_id,0,vendor,GE,availability,T2ax,1
Cyst of pineal gland,175,0.5744423871243413,0.04909483732455678,label_id,0,vendor,GE,availability,T2ax,1
Rathke's pouch cyst,38,0.5647334170567415,0.012461934698774567,label_id,0,vendor,GE,availability,T2ax,1
Cerebral edema,74,0.76338044828198,0.09610572781656902,label_id,0,vendor,GE,availability,T2ax,1
Mastoiditis,66,0.5341157265447486,0.018910146658959025,label_id,0,vendor,GE,availability,T2ax,1
Chronic mastoiditis,123,0.6986428525702579,0.08427246909579528,label_id,0,vendor,GE,availability,T2ax,1
Ventriculomegaly,345,0.827063199269704,0.36398758141418025,label_id,0,vendor,GE,availability,T2ax,1
Cerebellar degeneration,34,0.6319103128850867,0.06760936109162004,label_id,0,vendor,GE,availability,T2ax,1
Mega cisterna magna,49,0.45201763644075327,0.010888530085690514,label_id,0,vendor,GE,availability,T2ax,1
Structure of cave of septum pellucidum,129,0.6021276758322157,0.04340618433993478,label_id,0,vendor,GE,availability,T2ax,1
Hyperostosis of skull,40,0.7526284060766819,0.027392600960173978,label_id,0,vendor,GE,availability,T2ax,1
Choroid plexus cyst,41,0.5073358982504441,0.011088225404679998,label_id,0,vendor,GE,availability,T2ax,1
Pituitary adenoma,52,0.5538926611478002,0.015822354617863448,label_id,0,vendor,GE,availability,T2ax,1
Cerebral infarction,129,0.8710672000183387,0.1860406820653879,label_id,0,vendor,GE,availability,T1ax,1
Cerebral hemorrhage,27,0.871812678062678,0.08715017237479379,label_id,0,vendor,GE,availability,T1ax,1
Intracranial meningioma,75,0.7243806744487679,0.03846524105151756,label_id,0,vendor,GE,availability,T1ax,1
Demyelinating disease of central nervous system,109,0.5840648636001637,0.030111933103460952,label_id,0,vendor,GE,availability,T1ax,1
Lacunar infarct,61,0.8963311427731381,0.13641246880491467,label_id,0,vendor,GE,availability,T1ax,1
Gliosis,1237,0.7224671498842196,0.5285121692540238,label_id,0,vendor,GE,availability,T1ax,1
Cerebral atrophy,550,0.893113205189092,0.6268232935420066,label_id,0,vendor,GE,availability,T1ax,1
Encephalomalacia,62,0.8145571847507331,0.07464562313829377,label_id,0,vendor,GE,availability,T1ax,1
Arachnoid cyst,165,0.5771951237888583,0.05268832381727709,label_id,0,vendor,GE,availability,T1ax,1
Empty sella syndrome,88,0.6799136152941959,0.044498198828375565,label_id,0,vendor,GE,availability,T1ax,1
Cyst of pineal gland,175,0.5403646204244409,0.04572491920163214,label_id,0,vendor,GE,availability,T1ax,1
Rathke's pouch cyst,38,0.5598685796196927,0.010752181200932298,label_id,0,vendor,GE,availability,T1ax,1
Cerebral edema,74,0.8219455779630834,0.12258392610593158,label_id,0,vendor,GE,availability,T1ax,1
Mastoiditis,66,0.5261998779348938,0.021734957731933256,label_id,0,vendor,GE,availability,T1ax,1
Chronic mastoiditis,123,0.6779835637923308,0.07433416236090669,label_id,0,vendor,GE,availability,T1ax,1
Ventriculomegaly,345,0.8611426717666674,0.4018330963166203,label_id,0,vendor,GE,availability,T1ax,1
Cerebellar degeneration,34,0.6807977224118639,0.06593238022277569,label_id,0,vendor,GE,availability,T1ax,1
Mega cisterna magna,49,0.4410441798759136,0.012740571135899836,label_id,0,vendor,GE,availability,T1ax,1
Structure of cave of septum pellucidum,129,0.6215514573566999,0.050639181852614804,label_id,0,vendor,GE,availability,T1ax,1
Hyperostosis of skull,40,0.7161261152640463,0.029729851763749492,label_id,0,vendor,GE,availability,T1ax,1
Choroid plexus cyst,41,0.49347887473086016,0.009436823492732645,label_id,0,vendor,GE,availability,T1ax,1
Pituitary adenoma,52,0.531429634452609,0.015772464308057906,label_id,0,vendor,GE,availability,T1ax,1
Cerebral infarction,129,0.8892626680573544,0.21333668279730675,label_id,0,vendor,GE,availability,FLAIRax+T2cor,2
Cerebral hemorrhage,27,0.8527332621082622,0.060584458616372086,label_id,0,vendor,GE,availability,FLAIRax+T2cor,2
Intracranial meningioma,75,0.7356355382619976,0.04090430400269866,label_id,0,vendor,GE,availability,FLAIRax+T2cor,2
Demyelinating disease of central nervous system,109,0.5030629783443045,0.025464002860354468,label_id,0,vendor,GE,availability,FLAIRax+T2cor,2
Lacunar infarct,61,0.9080799090930762,0.1501908559812018,label_id,0,vendor,GE,availability,FLAIRax+T2cor,2
Gliosis,1237,0.7233840757436663,0.5367847407250151,label_id,0,vendor,GE,availability,FLAIRax+T2cor,2
Cerebral atrophy,550,0.9210128227560177,0.7078437531010614,label_id,0,vendor,GE,availability,FLAIRax+T2cor,2
Encephalomalacia,62,0.7986353861192571,0.1011647717636174,label_id,0,vendor,GE,availability,FLAIRax+T2cor,2
Arachnoid cyst,165,0.5858294531591398,0.06376352939672796,label_id,0,vendor,GE,availability,FLAIRax+T2cor,2
Empty sella syndrome,88,0.677997959591031,0.04746674566697909,label_id,0,vendor,GE,availability,FLAIRax+T2cor,2
Cyst of pineal gland,175,0.6137473294402507,0.05741579071931568,label_id,0,vendor,GE,availability,FLAIRax+T2cor,2
Rathke's pouch cyst,38,0.585917976430592,0.010889601643268233,label_id,0,vendor,GE,availability,FLAIRax+T2cor,2
Cerebral edema,74,0.8440278352751001,0.18543862891873844,label_id,0,vendor,GE,availability,FLAIRax+T2cor,2
Mastoiditis,66,0.5894016603795783,0.023907456524768583,label_id,0,vendor,GE,availability,FLAIRax+T2cor,2
Chronic mastoiditis,123,0.6762971320658089,0.08394650033304189,label_id,0,vendor,GE,availability,FLAIRax+T2cor,2
Ventriculomegaly,345,0.8802005296154631,0.4436499588916755,label_id,0,vendor,GE,availability,FLAIRax+T2cor,2
Cerebellar degeneration,34,0.7103794563816377,0.14577359831747727,label_id,0,vendor,GE,availability,FLAIRax+T2cor,2
Mega cisterna magna,49,0.46990560361408945,0.011559017077920286,label_id,0,vendor,GE,availability,FLAIRax+T2cor,2
Structure of cave of septum pellucidum,129,0.612555923603868,0.04908099980551512,label_id,0,vendor,GE,availability,FLAIRax+T2cor,2
Hyperostosis of skull,40,0.7849710634193393,0.036165635785999156,label_id,0,vendor,GE,availability,FLAIRax+T2cor,2
Choroid plexus cyst,41,0.5138070194015978,0.010437677985666732,label_id,0,vendor,GE,availability,FLAIRax+T2cor,2
Pituitary adenoma,52,0.5474607013301088,0.015574564732985257,label_id,0,vendor,GE,availability,FLAIRax+T2cor,2
Cerebral infarction,129,0.8674911458273638,0.1968288022813037,label_id,0,vendor,GE,availability,T2ax+T2cor,2
Cerebral hemorrhage,27,0.7928329772079772,0.0244073205692733,label_id,0,vendor,GE,availability,T2ax+T2cor,2
Intracranial meningioma,75,0.7273929961089494,0.041094289684140216,label_id,0,vendor,GE,availability,T2ax+T2cor,2
Demyelinating disease of central nervous system,109,0.4916468317352903,0.02400906005567062,label_id,0,vendor,GE,availability,T2ax+T2cor,2
Lacunar infarct,61,0.8953616808245194,0.1650042602775467,label_id,0,vendor,GE,availability,T2ax+T2cor,2
Gliosis,1237,0.7041217817847993,0.5173781891241325,label_id,0,vendor,GE,availability,T2ax+T2cor,2
Cerebral atrophy,550,0.8898612742770016,0.6283837073242247,label_id,0,vendor,GE,availability,T2ax+T2cor,2
Encephalomalacia,62,0.7494780058651027,0.08986899410976365,label_id,0,vendor,GE,availability,T2ax+T2cor,2
Arachnoid cyst,165,0.5926917107424318,0.07459499146243653,label_id,0,vendor,GE,availability,T2ax+T2cor,2
Empty sella syndrome,88,0.6683919581272594,0.04578241603146966,label_id,0,vendor,GE,availability,T2ax+T2cor,2
Cyst of pineal gland,175,0.6006466315339695,0.05245430065930568,label_id,0,vendor,GE,availability,T2ax+T2cor,2
Rathke's pouch cyst,38,0.5508492851796882,0.011498075671944935,label_id,0,vendor,GE,availability,T2ax+T2cor,2
Cerebral edema,74,0.7761415682641064,0.11567685832392284,label_id,0,vendor,GE,availability,T2ax+T2cor,2
Mastoiditis,66,0.5379982793232005,0.019846936169748447,label_id,0,vendor,GE,availability,T2ax+T2cor,2
Chronic mastoiditis,123,0.7120142756545675,0.08821829883002488,label_id,0,vendor,GE,availability,T2ax+T2cor,2
Ventriculomegaly,345,0.8633856158854462,0.4107919565836295,label_id,0,vendor,GE,availability,T2ax+T2cor,2
Cerebellar degeneration,34,0.6792963272474895,0.09717982910531375,label_id,0,vendor,GE,availability,T2ax+T2cor,2
Mega cisterna magna,49,0.4673558161785739,0.010852904237749301,label_id,0,vendor,GE,availability,T2ax+T2cor,2
Structure of cave of septum pellucidum,129,0.5980062351714099,0.04301832205278737,label_id,0,vendor,GE,availability,T2ax+T2cor,2
Hyperostosis of skull,40,0.7803110682421027,0.03223055116874201,label_id,0,vendor,GE,availability,T2ax+T2cor,2
Choroid plexus cyst,41,0.4957055286905981,0.010244735529893384,label_id,0,vendor,GE,availability,T2ax+T2cor,2
Pituitary adenoma,52,0.5260301367314669,0.014294767366618543,label_id,0,vendor,GE,availability,T2ax+T2cor,2
Cerebral infarction,129,0.8768133383764867,0.2018037256161648,label_id,0,vendor,GE,availability,T2ax+FLAIRax,2
Cerebral hemorrhage,27,0.8377136752136752,0.04949710092782699,label_id,0,vendor,GE,availability,T2ax+FLAIRax,2
Intracranial meningioma,75,0.7119163424124513,0.03558877125195465,label_id,0,vendor,GE,availability,T2ax+FLAIRax,2
Demyelinating disease of central nervous system,109,0.5862290833337083,0.03061290610121794,label_id,0,vendor,GE,availability,T2ax+FLAIRax,2
Lacunar infarct,61,0.9025134492979346,0.18232067452192594,label_id,0,vendor,GE,availability,T2ax+FLAIRax,2
Gliosis,1237,0.6953342559226121,0.5108219138232428,label_id,0,vendor,GE,availability,T2ax+FLAIRax,2
Cerebral atrophy,550,0.8854165521033819,0.6433948970134806,label_id,0,vendor,GE,availability,T2ax+FLAIRax,2
Encephalomalacia,62,0.7806412512218964,0.08097170994879468,label_id,0,vendor,GE,availability,T2ax+FLAIRax,2
Arachnoid cyst,165,0.571838223106249,0.057162314529272104,label_id,0,vendor,GE,availability,T2ax+FLAIRax,2
Empty sella syndrome,88,0.6617744904522167,0.04449087897484673,label_id,0,vendor,GE,availability,T2ax+FLAIRax,2
Cyst of pineal gland,175,0.592334425295542,0.056947523317837284,label_id,0,vendor,GE,availability,T2ax+FLAIRax,2
Rathke's pouch cyst,38,0.5886580152478087,0.012596017800520675,label_id,0,vendor,GE,availability,T2ax+FLAIRax,2
Cerebral edema,74,0.827849731569644,0.17393887271349423,label_id,0,vendor,GE,availability,T2ax+FLAIRax,2
Mastoiditis,66,0.5773311861639938,0.021331163962653946,label_id,0,vendor,GE,availability,T2ax+FLAIRax,2
Chronic mastoiditis,123,0.683556990589591,0.0754837659827374,label_id,0,vendor,GE,availability,T2ax+FLAIRax,2
Ventriculomegaly,345,0.8549242167047659,0.4069475338216831,label_id,0,vendor,GE,availability,T2ax+FLAIRax,2
Cerebellar degeneration,34,0.641251540346454,0.07505540197701441,label_id,0,vendor,GE,availability,T2ax+FLAIRax,2
Mega cisterna magna,49,0.4644755920734655,0.011712581152636462,label_id,0,vendor,GE,availability,T2ax+FLAIRax,2
Structure of cave of septum pellucidum,129,0.612542551606359,0.04731826434751335,label_id,0,vendor,GE,availability,T2ax+FLAIRax,2
Hyperostosis of skull,40,0.7624969857728479,0.03348399070024315,label_id,0,vendor,GE,availability,T2ax+FLAIRax,2
Choroid plexus cyst,41,0.5197663336980692,0.010711054299925128,label_id,0,vendor,GE,availability,T2ax+FLAIRax,2
Pituitary adenoma,52,0.5691098502464887,0.018676036419635042,label_id,0,vendor,GE,availability,T2ax+FLAIRax,2
Cerebral infarction,129,0.8833732582973244,0.21760676377671634,label_id,0,vendor,GE,availability,T1ax+T2cor,2
Cerebral hemorrhage,27,0.8618856837606838,0.05906271089560322,label_id,0,vendor,GE,availability,T1ax+T2cor,2
Intracranial meningioma,75,0.7312451361867703,0.04362865095902211,label_id,0,vendor,GE,availability,T1ax+T2cor,2
Demyelinating disease of central nervous system,109,0.508350918556047,0.02547889995470476,label_id,0,vendor,GE,availability,T1ax+T2cor,2
Lacunar infarct,61,0.9045993817693474,0.15922649788205237,label_id,0,vendor,GE,availability,T1ax+T2cor,2
Gliosis,1237,0.731436087856076,0.5395958253198941,label_id,0,vendor,GE,availability,T1ax+T2cor,2
Cerebral atrophy,550,0.9105326567850626,0.6605659716102286,label_id,0,vendor,GE,availability,T1ax+T2cor,2
Encephalomalacia,62,0.8048563049853372,0.10637157270015812,label_id,0,vendor,GE,availability,T1ax+T2cor,2
Arachnoid cyst,165,0.5943613157934391,0.07346058352455032,label_id,0,vendor,GE,availability,T1ax+T2cor,2
Empty sella syndrome,88,0.6824779879793298,0.04879277820642887,label_id,0,vendor,GE,availability,T1ax+T2cor,2
Cyst of pineal gland,175,0.5848995869534255,0.04961360667295285,label_id,0,vendor,GE,availability,T1ax+T2cor,2
Rathke's pouch cyst,38,0.5725349164668722,0.01051462545606698,label_id,0,vendor,GE,availability,T1ax+T2cor,2
Cerebral edema,74,0.8042331171434015,0.113837461650247,label_id,0,vendor,GE,availability,T1ax+T2cor,2
Mastoiditis,66,0.5373144205951776,0.020506288597395644,label_id,0,vendor,GE,availability,T1ax+T2cor,2
Chronic mastoiditis,123,0.6897915866461813,0.08845889560980491,label_id,0,vendor,GE,availability,T1ax+T2cor,2
Ventriculomegaly,345,0.8794800413432015,0.4428403483727069,label_id,0,vendor,GE,availability,T1ax+T2cor,2
Cerebellar degeneration,34,0.7115125848075807,0.10313606443849628,label_id,0,vendor,GE,availability,T1ax+T2cor,2
Mega cisterna magna,49,0.44529546956530314,0.011112958800699575,label_id,0,vendor,GE,availability,T1ax+T2cor,2
Structure of cave of septum pellucidum,129,0.6108557696348681,0.04908428930625875,label_id,0,vendor,GE,availability,T1ax+T2cor,2
Hyperostosis of skull,40,0.7740173619483964,0.03269742094091911,label_id,0,vendor,GE,availability,T1ax+T2cor,2
Choroid plexus cyst,41,0.4861694492487616,0.009269480226954011,label_id,0,vendor,GE,availability,T1ax+T2cor,2
Pituitary adenoma,52,0.5028974048925681,0.012905474548450646,label_id,0,vendor,GE,availability,T1ax+T2cor,2
Cerebral infarction,129,0.8903095044337723,0.2111427536185059,label_id,0,vendor,GE,availability,T1ax+FLAIRax,2
Cerebral hemorrhage,27,0.8605769230769231,0.1001328969138351,label_id,0,vendor,GE,availability,T1ax+FLAIRax,2
Intracranial meningioma,75,0.7275453955901426,0.03626283205644115,label_id,0,vendor,GE,availability,T1ax+FLAIRax,2
Demyelinating disease of central nervous system,109,0.6413874403264778,0.037758818376729716,label_id,0,vendor,GE,availability,T1ax+FLAIRax,2
Lacunar infarct,61,0.9059343785510516,0.1515690939781531,label_id,0,vendor,GE,availability,T1ax+FLAIRax,2
Gliosis,1237,0.7156219941630243,0.5300333386992582,label_id,0,vendor,GE,availability,T1ax+FLAIRax,2
Cerebral atrophy,550,0.9053570625140602,0.6825635716745619,label_id,0,vendor,GE,availability,T1ax+FLAIRax,2
Encephalomalacia,62,0.8138338220918865,0.08486442176949856,label_id,0,vendor,GE,availability,T1ax+FLAIRax,2
Arachnoid cyst,165,0.5699124512152856,0.05105549501950142,label_id,0,vendor,GE,availability,T1ax+FLAIRax,2
Empty sella syndrome,88,0.6780561777817207,0.05600583708927329,label_id,0,vendor,GE,availability,T1ax+FLAIRax,2
Cyst of pineal gland,175,0.5693889759293549,0.05035994332111421,label_id,0,vendor,GE,availability,T1ax+FLAIRax,2
Rathke's pouch cyst,38,0.5914995369841813,0.011424274007422543,label_id,0,vendor,GE,availability,T1ax+FLAIRax,2
Cerebral edema,74,0.8394543339838745,0.19885537886482693,label_id,0,vendor,GE,availability,T1ax+FLAIRax,2
Mastoiditis,66,0.5798680814453685,0.022955204488451165,label_id,0,vendor,GE,availability,T1ax+FLAIRax,2
Chronic mastoiditis,123,0.676185103386467,0.07827777069009709,label_id,0,vendor,GE,availability,T1ax+FLAIRax,2
Ventriculomegaly,345,0.86918196289674,0.4260523910523025,label_id,0,vendor,GE,availability,T1ax+FLAIRax,2
Cerebellar degeneration,34,0.6708545204742142,0.07121985989810198,label_id,0,vendor,GE,availability,T1ax+FLAIRax,2
Mega cisterna magna,49,0.4481411704362751,0.011731221290551985,label_id,0,vendor,GE,availability,T1ax+FLAIRax,2
Structure of cave of septum pellucidum,129,0.6198417519609078,0.0504749164283388,label_id,0,vendor,GE,availability,T1ax+FLAIRax,2
Hyperostosis of skull,40,0.7511032071376899,0.035006070952309676,label_id,0,vendor,GE,availability,T1ax+FLAIRax,2
Choroid plexus cyst,41,0.5093654771569425,0.010011837411145814,label_id,0,vendor,GE,availability,T1ax+FLAIRax,2
Pituitary adenoma,52,0.5585805971537531,0.01726271303955052,label_id,0,vendor,GE,availability,T1ax+FLAIRax,2
Cerebral infarction,129,0.873476069855315,0.1942637281208948,label_id,0,vendor,GE,availability,T1ax+T2ax,2
Cerebral hemorrhage,27,0.8229967948717949,0.04158213727251791,label_id,0,vendor,GE,availability,T1ax+T2ax,2
Intracranial meningioma,75,0.7100875486381322,0.03675670639149141,label_id,0,vendor,GE,availability,T1ax+T2ax,2
Demyelinating disease of central nervous system,109,0.5980760491516348,0.03057171109183157,label_id,0,vendor,GE,availability,T1ax+T2ax,2
Lacunar infarct,61,0.8980277011832203,0.1837858125386688,label_id,0,vendor,GE,availability,T1ax+T2ax,2
Gliosis,1237,0.6962037734814956,0.5097570174485264,label_id,0,vendor,GE,availability,T1ax+T2ax,2
Cerebral atrophy,550,0.8705436548603994,0.6016959066166766,label_id,0,vendor,GE,availability,T1ax+T2ax,2
Encephalomalacia,62,0.7738572825024439,0.07893670354322481,label_id,0,vendor,GE,availability,T1ax+T2ax,2
Arachnoid cyst,165,0.581994484878622,0.0638637593113097,label_id,0,vendor,GE,availability,T1ax+T2ax,2
Empty sella syndrome,88,0.6655780789105991,0.043653947961414793,label_id,0,vendor,GE,availability,T1ax+T2ax,2
Cyst of pineal gland,175,0.5527773821392964,0.04568228278222872,label_id,0,vendor,GE,availability,T1ax+T2ax,2
Rathke's pouch cyst,38,0.56133373926501,0.011186677311643335,label_id,0,vendor,GE,availability,T1ax+T2ax,2
Cerebral edema,74,0.7758918656074016,0.12442997914493303,label_id,0,vendor,GE,availability,T1ax+T2ax,2
Mastoiditis,66,0.529130175817873,0.019763189760261264,label_id,0,vendor,GE,availability,T1ax+T2ax,2
Chronic mastoiditis,123,0.6889323666858715,0.08471895293448206,label_id,0,vendor,GE,availability,T1ax+T2ax,2
Ventriculomegaly,345,0.8528936468777584,0.3932098004178711,label_id,0,vendor,GE,availability,T1ax+T2ax,2
Cerebellar degeneration,34,0.6505502754918485,0.05915001107098025,label_id,0,vendor,GE,availability,T1ax+T2ax,2
Mega cisterna magna,49,0.44422524930706936,0.011604836176665625,label_id,0,vendor,GE,availability,T1ax+T2ax,2
Structure of cave of septum pellucidum,129,0.6163440194696284,0.0474717390782504,label_id,0,vendor,GE,availability,T1ax+T2ax,2
Hyperostosis of skull,40,0.7463467566915842,0.028325468249457746,label_id,0,vendor,GE,availability,T1ax+T2ax,2
Choroid plexus cyst,41,0.5018472109467839,0.009679523947942732,label_id,0,vendor,GE,availability,T1ax+T2ax,2
Pituitary adenoma,52,0.5416798437354664,0.015801902383680518,label_id,0,vendor,GE,availability,T1ax+T2ax,2
Cerebral infarction,129,0.880668294229792,0.2057234991905207,label_id,0,vendor,GE,availability,T2ax+FLAIRax+T2cor,3
Cerebral hemorrhage,27,0.8424501424501425,0.044813882536342935,label_id,0,vendor,GE,availability,T2ax+FLAIRax+T2cor,3
Intracranial meningioma,75,0.7344876783398183,0.04048137667737536,label_id,0,vendor,GE,availability,T2ax+FLAIRax+T2cor,3
Demyelinating disease of central nervous system,109,0.5254981979833612,0.026423238724623065,label_id,0,vendor,GE,availability,T2ax+FLAIRax+T2cor,3
Lacunar infarct,61,0.9049291577600661,0.17843104056085352,label_id,0,vendor,GE,availability,T2ax+FLAIRax+T2cor,3
Gliosis,1237,0.7099335461682856,0.5242384432369358,label_id,0,vendor,GE,availability,T2ax+FLAIRax+T2cor,3
Cerebral atrophy,550,0.9036153673107206,0.6681331033073309,label_id,0,vendor,GE,availability,T2ax+FLAIRax+T2cor,3
Encephalomalacia,62,0.7816383186705768,0.0913667936356306,label_id,0,vendor,GE,availability,T2ax+FLAIRax+T2cor,3
Arachnoid cyst,165,0.5896960655787111,0.07041358371992469,label_id,0,vendor,GE,availability,T2ax+FLAIRax+T2cor,3
Empty sella syndrome,88,0.6721290115105679,0.046080777407772354,label_id,0,vendor,GE,availability,T2ax+FLAIRax+T2cor,3
Cyst of pineal gland,175,0.6047614299957271,0.05578785131752618,label_id,0,vendor,GE,availability,T2ax+FLAIRax+T2cor,3
Rathke's pouch cyst,38,0.5782687013991958,0.012206994340532122,label_id,0,vendor,GE,availability,T2ax+FLAIRax+T2cor,3
Cerebral edema,74,0.8301003410412601,0.17309609686296645,label_id,0,vendor,GE,availability,T2ax+FLAIRax+T2cor,3
Mastoiditis,66,0.5707720250307,0.021440233485923055,label_id,0,vendor,GE,availability,T2ax+FLAIRax+T2cor,3
Chronic mastoiditis,123,0.6892944593816018,0.08531654434787372,label_id,0,vendor,GE,availability,T2ax+FLAIRax+T2cor,3
Ventriculomegaly,345,0.8696399067514655,0.4254290107533898,label_id,0,vendor,GE,availability,T2ax+FLAIRax+T2cor,3
Cerebellar degeneration,34,0.6778657526097365,0.09197033864939513,label_id,0,vendor,GE,availability,T2ax+FLAIRax+T2cor,3
Mega cisterna magna,49,0.4649194622266499,0.011404400750986718,label_id,0,vendor,GE,availability,T2ax+FLAIRax+T2cor,3
Structure of cave of septum pellucidum,129,0.609719149846604,0.046635775162545995,label_id,0,vendor,GE,availability,T2ax+FLAIRax+T2cor,3
Hyperostosis of skull,40,0.7817699541837473,0.033683056452803325,label_id,0,vendor,GE,availability,T2ax+FLAIRax+T2cor,3
Choroid plexus cyst,41,0.5138364335886485,0.010662591764961937,label_id,0,vendor,GE,availability,T2ax+FLAIRax+T2cor,3
Pituitary adenoma,52,0.551111524509348,0.015926221498500006,label_id,0,vendor,GE,availability,T2ax+FLAIRax+T2cor,3
Cerebral infarction,129,0.8926629759953542,0.21937973736246216,label_id,0,vendor,GE,availability,T1ax+FLAIRax+T2cor,3
Cerebral hemorrhage,27,0.8638532763532764,0.08216292776188426,label_id,0,vendor,GE,availability,T1ax+FLAIRax+T2cor,3
Intracranial meningioma,75,0.7386413748378728,0.042213623894854724,label_id,0,vendor,GE,availability,T1ax+FLAIRax+T2cor,3
Demyelinating disease of central nervous system,109,0.5515093295418243,0.028427468121738606,label_id,0,vendor,GE,availability,T1ax+FLAIRax+T2cor,3
Lacunar infarct,61,0.9081593731872253,0.16432544178150743,label_id,0,vendor,GE,availability,T1ax+FLAIRax+T2cor,3
Gliosis,1237,0.7276352027184412,0.5396027702815043,label_id,0,vendor,GE,availability,T1ax+FLAIRax+T2cor,3
Cerebral atrophy,550,0.9180203464393731,0.698127415449869,label_id,0,vendor,GE,availability,T1ax+FLAIRax+T2cor,3
Encephalomalacia,62,0.809822091886608,0.10546862541866656,label_id,0,vendor,GE,availability,T1ax+FLAIRax+T2cor,3
Arachnoid cyst,165,0.5909166252279131,0.06766041407789171,label_id,0,vendor,GE,availability,T1ax+FLAIRax+T2cor,3
Empty sella syndrome,88,0.684399188272084,0.04853299468052924,label_id,0,vendor,GE,availability,T1ax+FLAIRax+T2cor,3
Cyst of pineal gland,175,0.5912932630679391,0.05231394089373219,label_id,0,vendor,GE,availability,T1ax+FLAIRax+T2cor,3
Rathke's pouch cyst,38,0.5806028085397876,0.010920202224479519,label_id,0,vendor,GE,availability,T1ax+FLAIRax+T2cor,3
Cerebral edema,74,0.8436697090964049,0.1902633947846897,label_id,0,vendor,GE,availability,T1ax+FLAIRax+T2cor,3
Mastoiditis,66,0.5735883464590089,0.02193455501291574,label_id,0,vendor,GE,availability,T1ax+FLAIRax+T2cor,3
Chronic mastoiditis,123,0.6806702515844056,0.0853222091347193,label_id,0,vendor,GE,availability,T1ax+FLAIRax+T2cor,3
Ventriculomegaly,345,0.8801628077163918,0.44212220665648316,label_id,0,vendor,GE,availability,T1ax+FLAIRax+T2cor,3
Cerebellar degeneration,34,0.7031770088242376,0.11059716566506196,label_id,0,vendor,GE,availability,T1ax+FLAIRax+T2cor,3
Mega cisterna magna,49,0.4487428610883696,0.011424641827100915,label_id,0,vendor,GE,availability,T1ax+FLAIRax+T2cor,3
Structure of cave of septum pellucidum,129,0.6154232619268666,0.04963583803248453,label_id,0,vendor,GE,availability,T1ax+FLAIRax+T2cor,3
Hyperostosis of skull,40,0.7788340969375452,0.034284151705228444,label_id,0,vendor,GE,availability,T1ax+FLAIRax+T2cor,3
Choroid plexus cyst,41,0.5032590919252173,0.009822586743142634,label_id,0,vendor,GE,availability,T1ax+FLAIRax+T2cor,3
Pituitary adenoma,52,0.5377406752860199,0.014677936630783194,label_id,0,vendor,GE,availability,T1ax+FLAIRax+T2cor,3
Cerebral infarction,129,0.877776122197134,0.2067112806999294,label_id,0,vendor,GE,availability,T1ax+T2ax+T2cor,3
Cerebral hemorrhage,27,0.8273860398860399,0.03866222155771517,label_id,0,vendor,GE,availability,T1ax+T2ax+T2cor,3
Intracranial meningioma,75,0.7312808041504539,0.042614907792816514,label_id,0,vendor,GE,availability,T1ax+T2ax+T2cor,3
Demyelinating disease of central nervous system,109,0.5359503444303962,0.0265117257606366,label_id,0,vendor,GE,availability,T1ax+T2ax+T2cor,3
Lacunar infarct,61,0.9021439412601416,0.18685090165854865,label_id,0,vendor,GE,availability,T1ax+T2ax+T2cor,3
Gliosis,1237,0.7122106517956237,0.5239648720245368,label_id,0,vendor,GE,availability,T1ax+T2ax+T2cor,3
Cerebral atrophy,550,0.8938975679256129,0.6351367776564601,label_id,0,vendor,GE,availability,T1ax+T2ax+T2cor,3
Encephalomalacia,62,0.7759726295210166,0.09546285674487338,label_id,0,vendor,GE,availability,T1ax+T2ax+T2cor,3
Arachnoid cyst,165,0.5922200623841598,0.07833391405887294,label_id,0,vendor,GE,availability,T1ax+T2ax+T2cor,3
Empty sella syndrome,88,0.6743773425891015,0.0470614683920537,label_id,0,vendor,GE,availability,T1ax+T2ax+T2cor,3
Cyst of pineal gland,175,0.5800270616721265,0.04877905207017521,label_id,0,vendor,GE,availability,T1ax+T2ax+T2cor,3
Rathke's pouch cyst,38,0.563915211021045,0.011228525670343327,label_id,0,vendor,GE,availability,T1ax+T2ax+T2cor,3
Cerebral edema,74,0.7842010500653827,0.13253506203901255,label_id,0,vendor,GE,availability,T1ax+T2ax+T2cor,3
Mastoiditis,66,0.5363879023185016,0.019724859850554288,label_id,0,vendor,GE,availability,T1ax+T2ax+T2cor,3
Chronic mastoiditis,123,0.6958441360988412,0.0869853234247299,label_id,0,vendor,GE,availability,T1ax+T2ax+T2cor,3
Ventriculomegaly,345,0.8689458238085537,0.41954902570998875,label_id,0,vendor,GE,availability,T1ax+T2ax+T2cor,3
Cerebellar degeneration,34,0.6789634707723686,0.08385490164844084,label_id,0,vendor,GE,availability,T1ax+T2ax+T2cor,3
Mega cisterna magna,49,0.44511792150402935,0.01100012317794974,label_id,0,vendor,GE,availability,T1ax+T2ax+T2cor,3
Structure of cave of septum pellucidum,129,0.609356195628503,0.04656978833450522,label_id,0,vendor,GE,availability,T1ax+T2ax+T2cor,3
Hyperostosis of skull,40,0.7743308415722209,0.03087883335645899,label_id,0,vendor,GE,availability,T1ax+T2ax+T2cor,3
Choroid plexus cyst,41,0.49805866365465395,0.009631007908348286,label_id,0,vendor,GE,availability,T1ax+T2ax+T2cor,3
Pituitary adenoma,52,0.5252209096828202,0.01406781964705179,label_id,0,vendor,GE,availability,T1ax+T2ax+T2cor,3
Cerebral infarction,129,0.8838107136444041,0.2058096510628995,label_id,0,vendor,GE,availability,T1ax+T2ax+FLAIRax,3
Cerebral hemorrhage,27,0.8486378205128206,0.05958465996415341,label_id,0,vendor,GE,availability,T1ax+T2ax+FLAIRax,3
Intracranial meningioma,75,0.7172178988326848,0.03598819279271614,label_id,0,vendor,GE,availability,T1ax+T2ax+FLAIRax,3
Demyelinating disease of central nervous system,109,0.6271175382787929,0.03429134502464087,label_id,0,vendor,GE,availability,T1ax+T2ax+FLAIRax,3
Lacunar infarct,61,0.9042020612986023,0.18600275133379068,label_id,0,vendor,GE,availability,T1ax+T2ax+FLAIRax,3
Gliosis,1237,0.7032434950604936,0.5174518459458816,label_id,0,vendor,GE,availability,T1ax+T2ax+FLAIRax,3
Cerebral atrophy,550,0.891249531332017,0.648806182572864,label_id,0,vendor,GE,availability,T1ax+T2ax+FLAIRax,3
Encephalomalacia,62,0.7930752688172042,0.09489674712945821,label_id,0,vendor,GE,availability,T1ax+T2ax+FLAIRax,3
Arachnoid cyst,165,0.5778807468016816,0.05896033357931196,label_id,0,vendor,GE,availability,T1ax+T2ax+FLAIRax,3
Empty sella syndrome,88,0.6704822684024928,0.04587829179339708,label_id,0,vendor,GE,availability,T1ax+T2ax+FLAIRax,3
Cyst of pineal gland,175,0.5717120068366329,0.04954058804393052,label_id,0,vendor,GE,availability,T1ax+T2ax+FLAIRax,3
Rathke's pouch cyst,38,0.5844274460554858,0.011670267574017606,label_id,0,vendor,GE,availability,T1ax+T2ax+FLAIRax,3
Cerebral edema,74,0.8283294235154192,0.17821735888154805,label_id,0,vendor,GE,availability,T1ax+T2ax+FLAIRax,3
Mastoiditis,66,0.561922304824513,0.02098676661346679,label_id,0,vendor,GE,availability,T1ax+T2ax+FLAIRax,3
Chronic mastoiditis,123,0.684071122207285,0.07949753748884307,label_id,0,vendor,GE,availability,T1ax+T2ax+FLAIRax,3
Ventriculomegaly,345,0.861731887830161,0.4136669448317096,label_id,0,vendor,GE,availability,T1ax+T2ax+FLAIRax,3
Cerebellar degeneration,34,0.6541479582442176,0.0688970123397304,label_id,0,vendor,GE,availability,T1ax+T2ax+FLAIRax,3
Mega cisterna magna,49,0.4501583136879691,0.01167576785567826,label_id,0,vendor,GE,availability,T1ax+T2ax+FLAIRax,3
Structure of cave of septum pellucidum,129,0.6159581418272262,0.048376979987373614,label_id,0,vendor,GE,availability,T1ax+T2ax+FLAIRax,3
Hyperostosis of skull,40,0.758879913190258,0.032243770420303984,label_id,0,vendor,GE,availability,T1ax+T2ax+FLAIRax,3
Choroid plexus cyst,41,0.509600790653348,0.009996079476832655,label_id,0,vendor,GE,availability,T1ax+T2ax+FLAIRax,3
Pituitary adenoma,52,0.5567342572783927,0.017503905777328875,label_id,0,vendor,GE,availability,T1ax+T2ax+FLAIRax,3
Cerebral infarction,129,0.8856713315835121,0.21071034565710822,label_id,0,vendor,GE,availability,T1ax+T2ax+FLAIRax+T2cor,4
Cerebral hemorrhage,27,0.8510149572649572,0.05389794924055338,label_id,0,vendor,GE,availability,T1ax+T2ax+FLAIRax+T2cor,4
Intracranial meningioma,75,0.7365272373540855,0.04168120006030595,label_id,0,vendor,GE,availability,T1ax+T2ax+FLAIRax+T2cor,4
Demyelinating disease of central nervous system,109,0.5626993804302344,0.02870778836724807,label_id,0,vendor,GE,availability,T1ax+T2ax+FLAIRax+T2cor,4
Lacunar infarct,61,0.9062522349276478,0.18515920284929918,label_id,0,vendor,GE,availability,T1ax+T2ax+FLAIRax+T2cor,4
Gliosis,1237,0.7140649192277654,0.5271509684661679,label_id,0,vendor,GE,availability,T1ax+T2ax+FLAIRax+T2cor,4
Cerebral atrophy,550,0.9041987652160872,0.6667346655582891,label_id,0,vendor,GE,availability,T1ax+T2ax+FLAIRax+T2cor,4
Encephalomalacia,62,0.7915777126099707,0.09759219417015744,label_id,0,vendor,GE,availability,T1ax+T2ax+FLAIRax+T2cor,4
Arachnoid cyst,165,0.5911652577490469,0.07232524780694803,label_id,0,vendor,GE,availability,T1ax+T2ax+FLAIRax+T2cor,4
Empty sella syndrome,88,0.6771246867306882,0.04732025890986869,label_id,0,vendor,GE,availability,T1ax+T2ax+FLAIRax+T2cor,4
Cyst of pineal gland,175,0.587664150405925,0.05120523160772705,label_id,0,vendor,GE,availability,T1ax+T2ax+FLAIRax+T2cor,4
Rathke's pouch cyst,38,0.5779959660539635,0.011325796399458223,label_id,0,vendor,GE,availability,T1ax+T2ax+FLAIRax+T2cor,4
Cerebral edema,74,0.830228477930885,0.17625914050663785,label_id,0,vendor,GE,availability,T1ax+T2ax+FLAIRax+T2cor,4
Mastoiditis,66,0.5619590714227938,0.020943272274086395,label_id,0,vendor,GE,availability,T1ax+T2ax+FLAIRax+T2cor,4
Chronic mastoiditis,123,0.687497999487869,0.08581181607551347,label_id,0,vendor,GE,availability,T1ax+T2ax+FLAIRax+T2cor,4
Ventriculomegaly,345,0.8718737976144671,0.42856721914274026,label_id,0,vendor,GE,availability,T1ax+T2ax+FLAIRax+T2cor,4
Cerebellar degeneration,34,0.6778940808203849,0.08369295249213851,label_id,0,vendor,GE,availability,T1ax+T2ax+FLAIRax+T2cor,4
Mega cisterna magna,49,0.45013858612560537,0.011381641380937816,label_id,0,vendor,GE,availability,T1ax+T2ax+FLAIRax+T2cor,4
Structure of cave of septum pellucidum,129,0.6128730309733668,0.0478154687429977,label_id,0,vendor,GE,availability,T1ax+T2ax+FLAIRax+T2cor,4
Hyperostosis of skull,40,0.7768266216542079,0.03308065144014509,label_id,0,vendor,GE,availability,T1ax+T2ax+FLAIRax+T2cor,4
Choroid plexus cyst,41,0.5066064264115868,0.009975560740923399,label_id,0,vendor,GE,availability,T1ax+T2ax+FLAIRax+T2cor,4
Pituitary adenoma,52,0.5431076178960097,0.01528095911638972,label_id,0,vendor,GE,availability,T1ax+T2ax+FLAIRax+T2cor,4
Cerebral infarction,129,0.8664118345998526,0.1935131156335704,label_id,0,vendor,GE,budget,all4,1
Cerebral hemorrhage,27,0.8394052706552706,0.05960775766458673,label_id,0,vendor,GE,budget,all4,1
Intracranial meningioma,75,0.7163780804150455,0.03870098848992154,label_id,0,vendor,GE,budget,all4,1
Demyelinating disease of central nervous system,109,0.4761935829310105,0.0235145154972399,label_id,0,vendor,GE,budget,all4,1
Lacunar infarct,61,0.9004036775982771,0.18528612112776852,label_id,0,vendor,GE,budget,all4,1
Gliosis,1237,0.6807207157831274,0.49873979221705234,label_id,0,vendor,GE,budget,all4,1
Cerebral atrophy,550,0.8774909390856599,0.633662774181891,label_id,0,vendor,GE,budget,all4,1
Encephalomalacia,62,0.7788934506353861,0.07794162123837231,label_id,0,vendor,GE,budget,all4,1
Arachnoid cyst,165,0.5918282778054036,0.06794644548009232,label_id,0,vendor,GE,budget,all4,1
Empty sella syndrome,88,0.6791484619308479,0.045900640792822266,label_id,0,vendor,GE,budget,all4,1
Cyst of pineal gland,175,0.5660561173621991,0.04691576846818386,label_id,0,vendor,GE,budget,all4,1
Rathke's pouch cyst,38,0.5905544772995395,0.012481902732049369,label_id,0,vendor,GE,budget,all4,1
Cerebral edema,74,0.8372595790538898,0.19076969435674937,label_id,0,vendor,GE,budget,all4,1
Mastoiditis,66,0.5495356378637136,0.020292724507682276,label_id,0,vendor,GE,budget,all4,1
Chronic mastoiditis,123,0.6801721240637605,0.07867539350021906,label_id,0,vendor,GE,budget,all4,1
Ventriculomegaly,345,0.8623467547850228,0.41480373811180493,label_id,0,vendor,GE,budget,all4,1
Cerebellar degeneration,34,0.6373989036982478,0.07563503346208666,label_id,0,vendor,GE,budget,all4,1
Mega cisterna magna,49,0.45476469949990633,0.011715491795109879,label_id,0,vendor,GE,budget,all4,1
Structure of cave of septum pellucidum,129,0.6189229047035046,0.050092144366510605,label_id,0,vendor,GE,budget,all4,1
Hyperostosis of skull,40,0.7158005787316131,0.027409001164205027,label_id,0,vendor,GE,budget,all4,1
Choroid plexus cyst,41,0.5252609038391396,0.011595472410279667,label_id,0,vendor,GE,budget,all4,1
Pituitary adenoma,52,0.5051669612129104,0.012493208810270369,label_id,0,vendor,GE,budget,all4,1
Cerebral infarction,129,0.8823990127645267,0.20262561884316266,label_id,0,vendor,GE,budget,all4,2
Cerebral hemorrhage,27,0.8328525641025641,0.05211437713199747,label_id,0,vendor,GE,budget,all4,2
Intracranial meningioma,75,0.7234370946822308,0.039733409871633214,label_id,0,vendor,GE,budget,all4,2
Demyelinating disease of central nervous system,109,0.5160719186865301,0.025630064519675002,label_id,0,vendor,GE,budget,all4,2
Lacunar infarct,61,0.9027995200368714,0.1656333401423476,label_id,0,vendor,GE,budget,all4,2
Gliosis,1237,0.7037338832330817,0.5220972469465236,label_id,0,vendor,GE,budget,all4,2
Cerebral atrophy,550,0.8819626565351064,0.6295225569656525,label_id,0,vendor,GE,budget,all4,2
Encephalomalacia,62,0.7820684261974585,0.09274990188786304,label_id,0,vendor,GE,budget,all4,2
Arachnoid cyst,165,0.5930066452692012,0.0795286454946157,label_id,0,vendor,GE,budget,all4,2
Empty sella syndrome,88,0.6677709640932379,0.045093399594198585,label_id,0,vendor,GE,budget,all4,2
Cyst of pineal gland,175,0.5872254664577695,0.0512520358377908,label_id,0,vendor,GE,budget,all4,2
Rathke's pouch cyst,38,0.6066204919384506,0.012675138880507213,label_id,0,vendor,GE,budget,all4,2
Cerebral edema,74,0.810879807597532,0.16626498320003041,label_id,0,vendor,GE,budget,all4,2
Mastoiditis,66,0.5621612877133382,0.021091055807155125,label_id,0,vendor,GE,budget,all4,2
Chronic mastoiditis,123,0.6799160585109788,0.0772876780166432,label_id,0,vendor,GE,budget,all4,2
Ventriculomegaly,345,0.8504251258025334,0.39145957219563565,label_id,0,vendor,GE,budget,all4,2
Cerebellar degeneration,34,0.693184232517953,0.07605963906078132,label_id,0,vendor,GE,budget,all4,2
Mega cisterna magna,49,0.45225929907970924,0.011524447363432581,label_id,0,vendor,GE,budget,all4,2
Structure of cave of septum pellucidum,129,0.6130010200923814,0.04873345134182613,label_id,0,vendor,GE,budget,all4,2
Hyperostosis of skull,40,0.762328189052327,0.04480161004403094,label_id,0,vendor,GE,budget,all4,2
Choroid plexus cyst,41,0.5198604590966316,0.010166023478226644,label_id,0,vendor,GE,budget,all4,2
Pituitary adenoma,52,0.5416333364338201,0.01540235999997144,label_id,0,vendor,GE,budget,all4,2
Cerebral infarction,129,0.8834687725652457,0.19847877007400286,label_id,0,vendor,GE,budget,all4,3
Cerebral hemorrhage,27,0.8498753561253561,0.055672588775426496,label_id,0,vendor,GE,budget,all4,3
Intracranial meningioma,75,0.7398865110246434,0.0400148557364044,label_id,0,vendor,GE,budget,all4,3
Demyelinating disease of central nervous system,109,0.5304520564586886,0.026705847521033468,label_id,0,vendor,GE,budget,all4,3
Lacunar infarct,61,0.9055887097415033,0.18519752349227428,label_id,0,vendor,GE,budget,all4,3
Gliosis,1237,0.7098272200375428,0.5230835669129216,label_id,0,vendor,GE,budget,all4,3
Cerebral atrophy,550,0.8874247006773814,0.6397129449949144,label_id,0,vendor,GE,budget,all4,3
Encephalomalacia,62,0.7896891495601174,0.0827087570094805,label_id,0,vendor,GE,budget,all4,3
Arachnoid cyst,165,0.5937555565601313,0.06500406166267178,label_id,0,vendor,GE,budget,all4,3
Empty sella syndrome,88,0.6706181108474351,0.045755082454173715,label_id,0,vendor,GE,budget,all4,3
Cyst of pineal gland,175,0.5897763851303233,0.05124527988845874,label_id,0,vendor,GE,budget,all4,3
Rathke's pouch cyst,38,0.5927236746965026,0.012453005497129408,label_id,0,vendor,GE,budget,all4,3
Cerebral edema,74,0.8138170993750863,0.15635599365388353,label_id,0,vendor,GE,budget,all4,3
Mastoiditis,66,0.5504548028207334,0.02034571842685181,label_id,0,vendor,GE,budget,all4,3
Chronic mastoiditis,123,0.6794419371359067,0.07882337592495159,label_id,0,vendor,GE,budget,all4,3
Ventriculomegaly,345,0.8642879237112312,0.4144436282056439,label_id,0,vendor,GE,budget,all4,3
Cerebellar degeneration,34,0.6819450149431312,0.076898007218658,label_id,0,vendor,GE,budget,all4,3
Mega cisterna magna,49,0.4492113906945089,0.011384246150893345,label_id,0,vendor,GE,budget,all4,3
Structure of cave of septum pellucidum,129,0.6105577651189534,0.0486913318691482,label_id,0,vendor,GE,budget,all4,3
Hyperostosis of skull,40,0.774391126115264,0.03686103510961938,label_id,0,vendor,GE,budget,all4,3
Choroid plexus cyst,41,0.5071535302907298,0.009952429717600606,label_id,0,vendor,GE,budget,all4,3
Pituitary adenoma,52,0.5507441168263417,0.01733633549662459,label_id,0,vendor,GE,budget,all4,3
Cerebral infarction,129,0.8858623601193546,0.21800471075233888,label_id,0,vendor,GE,budget,all4,4
Cerebral hemorrhage,27,0.8452635327635327,0.05207593486864669,label_id,0,vendor,GE,budget,all4,4
Intracranial meningioma,75,0.738249027237354,0.04012913370897012,label_id,0,vendor,GE,budget,all4,4
Demyelinating disease of central nervous system,109,0.5820783708509748,0.030190355923908157,label_id,0,vendor,GE,budget,all4,4
Lacunar infarct,61,0.9061330387864243,0.1791771605240351,label_id,0,vendor,GE,budget,all4,4
Gliosis,1237,0.7166400394612444,0.5294575206209516,label_id,0,vendor,GE,budget,all4,4
Cerebral atrophy,550,0.910191216537106,0.6759394920529677,label_id,0,vendor,GE,budget,all4,4
Encephalomalacia,62,0.7935210166177907,0.1000667506016946,label_id,0,vendor,GE,budget,all4,4
Arachnoid cyst,165,0.5875337160767294,0.06736646561436521,label_id,0,vendor,GE,budget,all4,4
Empty sella syndrome,88,0.6779147907471889,0.04731596534475366,label_id,0,vendor,GE,budget,all4,4
Cyst of pineal gland,175,0.5911835920809001,0.05335421756546101,label_id,0,vendor,GE,budget,all4,4
Rathke's pouch cyst,38,0.5768986819905874,0.011216128390205114,label_id,0,vendor,GE,budget,all4,4
Cerebral edema,74,0.8268772054330042,0.17686734568342335,label_id,0,vendor,GE,budget,all4,4
Mastoiditis,66,0.5695807872464024,0.02167702553081089,label_id,0,vendor,GE,budget,all4,4
Chronic mastoiditis,123,0.7031260002560654,0.08753533972986893,label_id,0,vendor,GE,budget,all4,4
Ventriculomegaly,345,0.8742012387871655,0.4299892112310752,label_id,0,vendor,GE,budget,all4,4
Cerebellar degeneration,34,0.6854223028002436,0.08294696449507111,label_id,0,vendor,GE,budget,all4,4
Mega cisterna magna,49,0.4524121876880284,0.01117673716600703,label_id,0,vendor,GE,budget,all4,4
Structure of cave of septum pellucidum,129,0.6131194577846039,0.047798352980087694,label_id,0,vendor,GE,budget,all4,4
Hyperostosis of skull,40,0.777001446829033,0.032868622074336794,label_id,0,vendor,GE,budget,all4,4
Choroid plexus cyst,41,0.49932935653524413,0.009831819878013306,label_id,0,vendor,GE,budget,all4,4
Pituitary adenoma,52,0.5427262580225095,0.01521603610852838,label_id,0,vendor,GE,budget,all4,4
Cerebral infarction,129,0.8751857752511071,0.19965020570332356,queryseq,0,vendor,GE,availability,T2cor,1
Cerebral hemorrhage,27,0.7859241452991453,0.02690884863985417,queryseq,0,vendor,GE,availability,T2cor,1
Intracranial meningioma,75,0.6885440985732814,0.03523069474214922,queryseq,0,vendor,GE,availability,T2cor,1
Demyelinating disease of central nervous system,109,0.46658957664982387,0.02295969114348004,queryseq,0,vendor,GE,availability,T2cor,1
Lacunar infarct,61,0.8998672949627711,0.11366944322076288,queryseq,0,vendor,GE,availability,T2cor,1
Gliosis,1237,0.7271254949782826,0.5345582798501265,queryseq,0,vendor,GE,availability,T2cor,1
Cerebral atrophy,550,0.9186559852025895,0.6777033838236176,queryseq,0,vendor,GE,availability,T2cor,1
Encephalomalacia,62,0.7646060606060606,0.1002640135852327,queryseq,0,vendor,GE,availability,T2cor,1
Arachnoid cyst,165,0.5904818950318702,0.06325960000783346,queryseq,0,vendor,GE,availability,T2cor,1
Empty sella syndrome,88,0.6626782585553017,0.04157482995649116,queryseq,0,vendor,GE,availability,T2cor,1
Cyst of pineal gland,175,0.6122817262498219,0.05461699670380142,queryseq,0,vendor,GE,availability,T2cor,1
Rathke's pouch cyst,38,0.5566464969364844,0.010035381352853855,queryseq,0,vendor,GE,availability,T2cor,1
Cerebral edema,74,0.7910580164409486,0.13697674993489062,queryseq,0,vendor,GE,availability,T2cor,1
Mastoiditis,66,0.5278543748575295,0.02609829808772613,queryseq,0,vendor,GE,availability,T2cor,1
Chronic mastoiditis,123,0.747537369566609,0.07679158969703978,queryseq,0,vendor,GE,availability,T2cor,1
Ventriculomegaly,345,0.8802970976770855,0.44202875897712995,queryseq,0,vendor,GE,availability,T2cor,1
Cerebellar degeneration,34,0.7553009164176144,0.1617774897763652,queryseq,0,vendor,GE,availability,T2cor,1
Mega cisterna magna,49,0.5253992365433365,0.011945236620417056,queryseq,0,vendor,GE,availability,T2cor,1
Structure of cave of septum pellucidum,129,0.5955352810602847,0.04151579707986708,queryseq,0,vendor,GE,availability,T2cor,1
Hyperostosis of skull,40,0.77724861345551,0.031536363005480614,queryseq,0,vendor,GE,availability,T2cor,1
Choroid plexus cyst,41,0.4659148400456508,0.008777396232736273,queryseq,0,vendor,GE,availability,T2cor,1
Pituitary adenoma,52,0.5023300158124826,0.01271861437127262,queryseq,0,vendor,GE,availability,T2cor,1
Cerebral infarction,129,0.8912550956861937,0.21121769245867492,queryseq,0,vendor,GE,availability,FLAIRax,1
Cerebral hemorrhage,27,0.8537838319088319,0.10593528787983829,queryseq,0,vendor,GE,availability,FLAIRax,1
Intracranial meningioma,75,0.7080674448767834,0.03552670192554875,queryseq,0,vendor,GE,availability,FLAIRax,1
Demyelinating disease of central nervous system,109,0.5732145187198259,0.05528926649744891,queryseq,0,vendor,GE,availability,FLAIRax,1
Lacunar infarct,61,0.9068958940902553,0.1265697268288592,queryseq,0,vendor,GE,availability,FLAIRax,1
Gliosis,1237,0.7266357918967431,0.5448962166913065,queryseq,0,vendor,GE,availability,FLAIRax,1
Cerebral atrophy,550,0.9387552178368785,0.749120662043614,queryseq,0,vendor,GE,availability,FLAIRax,1
Encephalomalacia,62,0.8053411534701858,0.07925310534377682,queryseq,0,vendor,GE,availability,FLAIRax,1
Arachnoid cyst,165,0.5353118454560523,0.04463285819563839,queryseq,0,vendor,GE,availability,FLAIRax,1
Empty sella syndrome,88,0.6851005788551532,0.04973371398095091,queryseq,0,vendor,GE,availability,FLAIRax,1
Cyst of pineal gland,175,0.5973650477140009,0.054176472760374385,queryseq,0,vendor,GE,availability,FLAIRax,1
Rathke's pouch cyst,38,0.6001636412071394,0.011624300909337554,queryseq,0,vendor,GE,availability,FLAIRax,1
Cerebral edema,74,0.8665602144814398,0.27349834658250993,queryseq,0,vendor,GE,availability,FLAIRax,1
Mastoiditis,66,0.6480112946989918,0.027615874883426803,queryseq,0,vendor,GE,availability,FLAIRax,1
Chronic mastoiditis,123,0.6757890019845081,0.07244008133089713,queryseq,0,vendor,GE,availability,FLAIRax,1
Ventriculomegaly,345,0.8943002210503287,0.4621112085556087,queryseq,0,vendor,GE,availability,FLAIRax,1
Cerebellar degeneration,34,0.7183680117845357,0.08151521767466187,queryseq,0,vendor,GE,availability,FLAIRax,1
Mega cisterna magna,49,0.4770469811897693,0.013762287389421417,queryseq,0,vendor,GE,availability,FLAIRax,1
Structure of cave of septum pellucidum,129,0.6228389896882796,0.04892965629964568,queryseq,0,vendor,GE,availability,FLAIRax,1
Hyperostosis of skull,40,0.765053050397878,0.038980656696436966,queryseq,0,vendor,GE,availability,FLAIRax,1
Choroid plexus cyst,41,0.526790441565776,0.01094959146200424,queryseq,0,vendor,GE,availability,FLAIRax,1
Pituitary adenoma,52,0.5685889684680495,0.018146088752951633,queryseq,0,vendor,GE,availability,FLAIRax,1
Cerebral infarction,129,0.8696860637041961,0.19416073806665599,queryseq,0,vendor,GE,availability,T2ax,1
Cerebral hemorrhage,27,0.7799501424501425,0.0305530335900776,queryseq,0,vendor,GE,availability,T2ax,1
Intracranial meningioma,75,0.6990369649805446,0.03640166909746974,queryseq,0,vendor,GE,availability,T2ax,1
Demyelinating disease of central nervous system,109,0.5435611088364056,0.027502775551535144,queryseq,0,vendor,GE,availability,T2ax,1
Lacunar infarct,61,0.9005069809206709,0.15113863279955184,queryseq,0,vendor,GE,availability,T2ax,1
Gliosis,1237,0.697513941602839,0.5153744489329524,queryseq,0,vendor,GE,availability,T2ax,1
Cerebral atrophy,550,0.8902697028020097,0.6279102152273702,queryseq,0,vendor,GE,availability,T2ax,1
Encephalomalacia,62,0.7360234604105573,0.054391308303666334,queryseq,0,vendor,GE,availability,T2ax,1
Arachnoid cyst,165,0.5844943718638398,0.06422053681767596,queryseq,0,vendor,GE,availability,T2ax,1
Empty sella syndrome,88,0.6617051830823482,0.043622638700785615,queryseq,0,vendor,GE,availability,T2ax,1
Cyst of pineal gland,175,0.5761486967668423,0.04834985800505759,queryseq,0,vendor,GE,availability,T2ax,1
Rathke's pouch cyst,38,0.5450964722000229,0.010515722874659801,queryseq,0,vendor,GE,availability,T2ax,1
Cerebral edema,74,0.7852918564078303,0.19220022440494058,queryseq,0,vendor,GE,availability,T2ax,1
Mastoiditis,66,0.5197988131742075,0.018627740277804148,queryseq,0,vendor,GE,availability,T2ax,1
Chronic mastoiditis,123,0.7252716695474042,0.08218501595392033,queryseq,0,vendor,GE,availability,T2ax,1
Ventriculomegaly,345,0.863061207553433,0.4204155765319438,queryseq,0,vendor,GE,availability,T2ax,1
Cerebellar degeneration,34,0.6886163085508704,0.06954757162961206,queryseq,0,vendor,GE,availability,T2ax,1
Mega cisterna magna,49,0.4650279638196506,0.012636719856303803,queryseq,0,vendor,GE,availability,T2ax,1
Structure of cave of septum pellucidum,129,0.6222181469467909,0.04607726142949422,queryseq,0,vendor,GE,availability,T2ax,1
Hyperostosis of skull,40,0.7734868579696166,0.03845532516681484,queryseq,0,vendor,GE,availability,T2ax,1
Choroid plexus cyst,41,0.5141658724836163,0.010280177152095685,queryseq,0,vendor,GE,availability,T2ax,1
Pituitary adenoma,52,0.560766440331132,0.015939627014614103,queryseq,0,vendor,GE,availability,T2ax,1
Cerebral infarction,129,0.8806415502347741,0.1897214248980231,queryseq,0,vendor,GE,availability,T1ax,1
Cerebral hemorrhage,27,0.8673700142450143,0.07760051310245365,queryseq,0,vendor,GE,availability,T1ax,1
Intracranial meningioma,75,0.7161316472114138,0.040823457756391984,queryseq,0,vendor,GE,availability,T1ax,1
Demyelinating disease of central nervous system,109,0.5566454144188328,0.028770185250647888,queryseq,0,vendor,GE,availability,T1ax,1
Lacunar infarct,61,0.8976701127595496,0.11972339115209765,queryseq,0,vendor,GE,availability,T1ax,1
Gliosis,1237,0.7239822972473042,0.5286477917480008,queryseq,0,vendor,GE,availability,T1ax,1
Cerebral atrophy,550,0.9097977853875573,0.6517025667742586,queryseq,0,vendor,GE,availability,T1ax,1
Encephalomalacia,62,0.8062482893450635,0.0698249181280422,queryseq,0,vendor,GE,availability,T1ax,1
Arachnoid cyst,165,0.5796754215451381,0.05518026266674951,queryseq,0,vendor,GE,availability,T1ax,1
Empty sella syndrome,88,0.6807148084898755,0.050606592465006525,queryseq,0,vendor,GE,availability,T1ax,1
Cyst of pineal gland,175,0.5318928927503205,0.0498270368400396,queryseq,0,vendor,GE,availability,T1ax,1
Rathke's pouch cyst,38,0.545001331963314,0.010039077291238553,queryseq,0,vendor,GE,availability,T1ax,1
Cerebral edema,74,0.8283885636183229,0.13844678743325137,queryseq,0,vendor,GE,availability,T1ax,1
Mastoiditis,66,0.49927569801386834,0.01977116436517564,queryseq,0,vendor,GE,availability,T1ax,1
Chronic mastoiditis,123,0.7119742654119456,0.07109144929639505,queryseq,0,vendor,GE,availability,T1ax,1
Ventriculomegaly,345,0.8742434873141254,0.4288504122791973,queryseq,0,vendor,GE,availability,T1ax,1
Cerebellar degeneration,34,0.7045084347247206,0.046193780298373316,queryseq,0,vendor,GE,availability,T1ax,1
Mega cisterna magna,49,0.44023041792840867,0.01290974928282651,queryseq,0,vendor,GE,availability,T1ax,1
Structure of cave of septum pellucidum,129,0.609119320244058,0.048276225165833284,queryseq,0,vendor,GE,availability,T1ax,1
Hyperostosis of skull,40,0.7595068724379069,0.032229613999693735,queryseq,0,vendor,GE,availability,T1ax,1
Choroid plexus cyst,41,0.5041650488863789,0.009535975218726737,queryseq,0,vendor,GE,availability,T1ax,1
Pituitary adenoma,52,0.5134080550646452,0.014411319910632533,queryseq,0,vendor,GE,availability,T1ax,1
Cerebral infarction,129,0.8959983342311675,0.21895768001326404,queryseq,0,vendor,GE,availability,FLAIRax+T2cor,2
Cerebral hemorrhage,27,0.855252849002849,0.06409654364413647,queryseq,0,vendor,GE,availability,FLAIRax+T2cor,2
Intracranial meningioma,75,0.7241147859922179,0.040175678690166625,queryseq,0,vendor,GE,availability,FLAIRax+T2cor,2
Demyelinating disease of central nervous system,109,0.4844657616838619,0.02416542509793114,queryseq,0,vendor,GE,availability,FLAIRax+T2cor,2
Lacunar infarct,61,0.9114928919367784,0.13761381384022567,queryseq,0,vendor,GE,availability,FLAIRax+T2cor,2
Gliosis,1237,0.7404063960100297,0.551062142078002,queryseq,0,vendor,GE,availability,FLAIRax+T2cor,2
Cerebral atrophy,550,0.9462049141400255,0.7663324997306137,queryseq,0,vendor,GE,availability,FLAIRax+T2cor,2
Encephalomalacia,62,0.8027487781036168,0.10924820503064073,queryseq,0,vendor,GE,availability,FLAIRax+T2cor,2
Arachnoid cyst,165,0.5834727182315447,0.061386462938101335,queryseq,0,vendor,GE,availability,FLAIRax+T2cor,2
Empty sella syndrome,88,0.6926273592228702,0.05023965784619863,queryseq,0,vendor,GE,availability,FLAIRax+T2cor,2
Cyst of pineal gland,175,0.611649337701182,0.05250855588058431,queryseq,0,vendor,GE,availability,FLAIRax+T2cor,2
Rathke's pouch cyst,38,0.5439103905823851,0.009347506921818682,queryseq,0,vendor,GE,availability,FLAIRax+T2cor,2
Cerebral edema,74,0.8566115349485153,0.2626467059189189,queryseq,0,vendor,GE,availability,FLAIRax+T2cor,2
Mastoiditis,66,0.5904237718117844,0.02470016020736403,queryseq,0,vendor,GE,availability,FLAIRax+T2cor,2
Chronic mastoiditis,123,0.7303309647269701,0.06908330578974063,queryseq,0,vendor,GE,availability,FLAIRax+T2cor,2
Ventriculomegaly,345,0.8998921153686562,0.4852142476874855,queryseq,0,vendor,GE,availability,FLAIRax+T2cor,2
Cerebellar degeneration,34,0.7667596776249628,0.07783340219554319,queryseq,0,vendor,GE,availability,FLAIRax+T2cor,2
Mega cisterna magna,49,0.47620362789871873,0.011525732701132337,queryseq,0,vendor,GE,availability,FLAIRax+T2cor,2
Structure of cave of septum pellucidum,129,0.6070428400594481,0.04370803666405326,queryseq,0,vendor,GE,availability,FLAIRax+T2cor,2
Hyperostosis of skull,40,0.7906558958283096,0.036252857643121736,queryseq,0,vendor,GE,availability,FLAIRax+T2cor,2
Choroid plexus cyst,41,0.4984645794359535,0.009670089160715024,queryseq,0,vendor,GE,availability,FLAIRax+T2cor,2
Pituitary adenoma,52,0.5069202864849782,0.01464316671839112,queryseq,0,vendor,GE,availability,FLAIRax+T2cor,2
Cerebral infarction,129,0.8805173816864763,0.20788554676002752,queryseq,0,vendor,GE,availability,T2ax+T2cor,2
Cerebral hemorrhage,27,0.7951745014245014,0.031866748742925555,queryseq,0,vendor,GE,availability,T2ax+T2cor,2
Intracranial meningioma,75,0.7064461738002593,0.037781101383378854,queryseq,0,vendor,GE,availability,T2ax+T2cor,2
Demyelinating disease of central nervous system,109,0.4905174779866007,0.024251310029334283,queryseq,0,vendor,GE,availability,T2ax+T2cor,2
Lacunar infarct,61,0.9068243764055212,0.15335949901203186,queryseq,0,vendor,GE,availability,T2ax+T2cor,2
Gliosis,1237,0.7210407903210336,0.5349323408705564,queryseq,0,vendor,GE,availability,T2ax+T2cor,2
Cerebral atrophy,550,0.9191861424250756,0.6828154701756529,queryseq,0,vendor,GE,availability,T2ax+T2cor,2
Encephalomalacia,62,0.7558240469208211,0.08777396155950463,queryseq,0,vendor,GE,availability,T2ax+T2cor,2
Arachnoid cyst,165,0.5967933939092567,0.06870747436828356,queryseq,0,vendor,GE,availability,T2ax+T2cor,2
Empty sella syndrome,88,0.6795753953292376,0.048816228791217824,queryseq,0,vendor,GE,availability,T2ax+T2cor,2
Cyst of pineal gland,175,0.6027018943170488,0.051081138708843954,queryseq,0,vendor,GE,availability,T2ax+T2cor,2
Rathke's pouch cyst,38,0.5259225431619541,0.009142613899170544,queryseq,0,vendor,GE,availability,T2ax+T2cor,2
Cerebral edema,74,0.7955559498229083,0.21724932804943153,queryseq,0,vendor,GE,availability,T2ax+T2cor,2
Mastoiditis,66,0.5288875162692198,0.01934505143863008,queryseq,0,vendor,GE,availability,T2ax+T2cor,2
Chronic mastoiditis,123,0.7489457301069075,0.08862570048415093,queryseq,0,vendor,GE,availability,T2ax+T2cor,2
Ventriculomegaly,345,0.8830862548944165,0.4578964079416258,queryseq,0,vendor,GE,availability,T2ax+T2cor,2
Cerebellar degeneration,34,0.7364909845469612,0.08995995728962024,queryseq,0,vendor,GE,availability,T2ax+T2cor,2
Mega cisterna magna,49,0.48079028614829206,0.01156653577684303,queryseq,0,vendor,GE,availability,T2ax+T2cor,2
Structure of cave of septum pellucidum,129,0.6162924417649508,0.04468963000948342,queryseq,0,vendor,GE,availability,T2ax+T2cor,2
Hyperostosis of skull,40,0.7914094526163492,0.03340213135283844,queryseq,0,vendor,GE,availability,T2ax+T2cor,2
Choroid plexus cyst,41,0.4914816514301178,0.009518825498819059,queryseq,0,vendor,GE,availability,T2ax+T2cor,2
Pituitary adenoma,52,0.5187563947539764,0.013667544790602042,queryseq,0,vendor,GE,availability,T2ax+T2cor,2
Cerebral infarction,129,0.8909456294581285,0.2147608987510983,queryseq,0,vendor,GE,availability,T2ax+FLAIRax,2
Cerebral hemorrhage,27,0.8403846153846154,0.05819975916667078,queryseq,0,vendor,GE,availability,T2ax+FLAIRax,2
Intracranial meningioma,75,0.7233300907911804,0.03791891450228904,queryseq,0,vendor,GE,availability,T2ax+FLAIRax,2
Demyelinating disease of central nervous system,109,0.5388637171486292,0.027176678337935196,queryseq,0,vendor,GE,availability,T2ax+FLAIRax,2
Lacunar infarct,61,0.9109326700730275,0.15314468428285968,queryseq,0,vendor,GE,availability,T2ax+FLAIRax,2
Gliosis,1237,0.7127128235342477,0.5302642248230006,queryseq,0,vendor,GE,availability,T2ax+FLAIRax,2
Cerebral atrophy,550,0.9297078011348013,0.719140712898473,queryseq,0,vendor,GE,availability,T2ax+FLAIRax,2
Encephalomalacia,62,0.778811339198436,0.08775990897773842,queryseq,0,vendor,GE,availability,T2ax+FLAIRax,2
Arachnoid cyst,165,0.5676611967512017,0.054685003350088725,queryseq,0,vendor,GE,availability,T2ax+FLAIRax,2
Empty sella syndrome,88,0.6776763733948413,0.047568242503410296,queryseq,0,vendor,GE,availability,T2ax+FLAIRax,2
Cyst of pineal gland,175,0.5839866115937901,0.04959939594205874,queryseq,0,vendor,GE,availability,T2ax+FLAIRax,2
Rathke's pouch cyst,38,0.5660717230531136,0.010769844867217056,queryseq,0,vendor,GE,availability,T2ax+FLAIRax,2
Cerebral edema,74,0.8490843140733731,0.2408468262231357,queryseq,0,vendor,GE,availability,T2ax+FLAIRax,2
Mastoiditis,66,0.5672644915547124,0.02117291705243931,queryseq,0,vendor,GE,availability,T2ax+FLAIRax,2
Chronic mastoiditis,123,0.7111620574867166,0.07307657422347655,queryseq,0,vendor,GE,availability,T2ax+FLAIRax,2
Ventriculomegaly,345,0.8896770251001517,0.47001429082629365,queryseq,0,vendor,GE,availability,T2ax+FLAIRax,2
Cerebellar degeneration,34,0.7150394470333281,0.0765961895240936,queryseq,0,vendor,GE,availability,T2ax+FLAIRax,2
Mega cisterna magna,49,0.46966887286572434,0.012505742531536423,queryseq,0,vendor,GE,availability,T2ax+FLAIRax,2
Structure of cave of septum pellucidum,129,0.6241456248734436,0.046920408749656126,queryseq,0,vendor,GE,availability,T2ax+FLAIRax,2
Hyperostosis of skull,40,0.7831806124909573,0.04153419721976476,queryseq,0,vendor,GE,availability,T2ax+FLAIRax,2
Choroid plexus cyst,41,0.5190368618592119,0.010296935589229231,queryseq,0,vendor,GE,availability,T2ax+FLAIRax,2
Pituitary adenoma,52,0.5559947911822157,0.017296757122964926,queryseq,0,vendor,GE,availability,T2ax+FLAIRax,2
Cerebral infarction,129,0.8870944941755399,0.21117888885245453,queryseq,0,vendor,GE,availability,T1ax+T2cor,2
Cerebral hemorrhage,27,0.8182514245014245,0.0437299180117129,queryseq,0,vendor,GE,availability,T1ax+T2cor,2
Intracranial meningioma,75,0.7135505836575876,0.04096116500928585,queryseq,0,vendor,GE,availability,T1ax+T2cor,2
Demyelinating disease of central nervous system,109,0.48588532785004346,0.023993746547262166,queryseq,0,vendor,GE,availability,T1ax+T2cor,2
Lacunar infarct,61,0.906796563972569,0.1465204923531475,queryseq,0,vendor,GE,availability,T1ax+T2cor,2
Gliosis,1237,0.7351934012030199,0.5425250912919722,queryseq,0,vendor,GE,availability,T1ax+T2cor,2
Cerebral atrophy,550,0.9291988901942162,0.7062302791897797,queryseq,0,vendor,GE,availability,T1ax+T2cor,2
Encephalomalacia,62,0.7982404692082112,0.10715069179367605,queryseq,0,vendor,GE,availability,T1ax+T2cor,2
Arachnoid cyst,165,0.600131097147507,0.06937541807442503,queryseq,0,vendor,GE,availability,T1ax+T2cor,2
Empty sella syndrome,88,0.6734985251391692,0.0452578311253554,queryseq,0,vendor,GE,availability,T1ax+T2cor,2
Cyst of pineal gland,175,0.5925566158666856,0.04976522805088535,queryseq,0,vendor,GE,availability,T1ax+T2cor,2
Rathke's pouch cyst,38,0.5520987936217985,0.010392348721121065,queryseq,0,vendor,GE,availability,T1ax+T2cor,2
Cerebral edema,74,0.8023012071152116,0.1584510572319209,queryseq,0,vendor,GE,availability,T1ax+T2cor,2
Mastoiditis,66,0.5241005051730604,0.019502925920425233,queryseq,0,vendor,GE,availability,T1ax+T2cor,2
Chronic mastoiditis,123,0.7457749183791049,0.08504336132995784,queryseq,0,vendor,GE,availability,T1ax+T2cor,2
Ventriculomegaly,345,0.8884306935548363,0.4602716196361771,queryseq,0,vendor,GE,availability,T1ax+T2cor,2
Cerebellar degeneration,34,0.750393053922749,0.09699929680818568,queryseq,0,vendor,GE,availability,T1ax+T2cor,2
Mega cisterna magna,49,0.448313786606958,0.011115979934187632,queryseq,0,vendor,GE,availability,T1ax+T2cor,2
Structure of cave of septum pellucidum,129,0.6112817632697972,0.04629918831654339,queryseq,0,vendor,GE,availability,T1ax+T2cor,2
Hyperostosis of skull,40,0.7829033035929589,0.02973272211942379,queryseq,0,vendor,GE,availability,T1ax+T2cor,2
Choroid plexus cyst,41,0.48238090195663175,0.009147447350590664,queryseq,0,vendor,GE,availability,T1ax+T2cor,2
Pituitary adenoma,52,0.5115245093479677,0.013820545527287184,queryseq,0,vendor,GE,availability,T1ax+T2cor,2
Cerebral infarction,129,0.8958149468367584,0.21725565508882425,queryseq,0,vendor,GE,availability,T1ax+FLAIRax,2
Cerebral hemorrhage,27,0.859170227920228,0.11440000867299738,queryseq,0,vendor,GE,availability,T1ax+FLAIRax,2
Intracranial meningioma,75,0.7253145265888457,0.038073754339795894,queryseq,0,vendor,GE,availability,T1ax+FLAIRax,2
Demyelinating disease of central nervous system,109,0.5876598980432035,0.040906924565732077,queryseq,0,vendor,GE,availability,T1ax+FLAIRax,2
Lacunar infarct,61,0.9114054814332144,0.1450739286312407,queryseq,0,vendor,GE,availability,T1ax+FLAIRax,2
Gliosis,1237,0.7342581149034706,0.5474992030297977,queryseq,0,vendor,GE,availability,T1ax+FLAIRax,2
Cerebral atrophy,550,0.9401134801409752,0.748603922194508,queryseq,0,vendor,GE,availability,T1ax+FLAIRax,2
Encephalomalacia,62,0.8176656891495602,0.09485851972914408,queryseq,0,vendor,GE,availability,T1ax+FLAIRax,2
Arachnoid cyst,165,0.5726971354519838,0.051618715048394714,queryseq,0,vendor,GE,availability,T1ax+FLAIRax,2
Empty sella syndrome,88,0.6911996274035795,0.061096496239160185,queryseq,0,vendor,GE,availability,T1ax+FLAIRax,2
Cyst of pineal gland,175,0.5612889901723401,0.04965567813603757,queryseq,0,vendor,GE,availability,T1ax+FLAIRax,2
Rathke's pouch cyst,38,0.5590186601717598,0.010254636679404124,queryseq,0,vendor,GE,availability,T1ax+FLAIRax,2
Cerebral edema,74,0.868833822881963,0.27799631371926603,queryseq,0,vendor,GE,availability,T1ax+FLAIRax,2
Mastoiditis,66,0.5495025479252609,0.020741933324401003,queryseq,0,vendor,GE,availability,T1ax+FLAIRax,2
Chronic mastoiditis,123,0.7046403879393124,0.07398560833068281,queryseq,0,vendor,GE,availability,T1ax+FLAIRax,2
Ventriculomegaly,345,0.8948796294200635,0.4760163978207659,queryseq,0,vendor,GE,availability,T1ax+FLAIRax,2
Cerebellar degeneration,34,0.7255775413945978,0.06063005476513822,queryseq,0,vendor,GE,availability,T1ax+FLAIRax,2
Mega cisterna magna,49,0.45259959953048406,0.012908757566246947,queryseq,0,vendor,GE,availability,T1ax+FLAIRax,2
Structure of cave of septum pellucidum,129,0.6180269808704024,0.04849624907765064,queryseq,0,vendor,GE,availability,T1ax+FLAIRax,2
Hyperostosis of skull,40,0.775458162527128,0.040787052490103275,queryseq,0,vendor,GE,availability,T1ax+FLAIRax,2
Choroid plexus cyst,41,0.5174426129210642,0.009978247606390912,queryseq,0,vendor,GE,availability,T1ax+FLAIRax,2
Pituitary adenoma,52,0.5323225746442192,0.01645871206789304,queryseq,0,vendor,GE,availability,T1ax+FLAIRax,2
Cerebral infarction,129,0.8790178076801113,0.20817522089979476,queryseq,0,vendor,GE,availability,T1ax+T2ax,2
Cerebral hemorrhage,27,0.795210113960114,0.041872080941262255,queryseq,0,vendor,GE,availability,T1ax+T2ax,2
Intracranial meningioma,75,0.7174448767833982,0.039598866052571215,queryseq,0,vendor,GE,availability,T1ax+T2ax,2
Demyelinating disease of central nervous system,109,0.5569716221749283,0.028118389477028945,queryseq,0,vendor,GE,availability,T1ax+T2ax,2
Lacunar infarct,61,0.9053066122072742,0.15901705224682383,queryseq,0,vendor,GE,availability,T1ax+T2ax,2
Gliosis,1237,0.7080073441760409,0.523153645424669,queryseq,0,vendor,GE,availability,T1ax+T2ax,2
Cerebral atrophy,550,0.904321243782338,0.6530084648088896,queryseq,0,vendor,GE,availability,T1ax+T2ax,2
Encephalomalacia,62,0.7677497556207233,0.08307281821028728,queryseq,0,vendor,GE,availability,T1ax+T2ax,2
Arachnoid cyst,165,0.5917205370462456,0.06893280421801716,queryseq,0,vendor,GE,availability,T1ax+T2ax,2
Empty sella syndrome,88,0.671618909268336,0.04549972596424878,queryseq,0,vendor,GE,availability,T1ax+T2ax,2
Cyst of pineal gland,175,0.5540848881925652,0.04698524931990572,queryseq,0,vendor,GE,availability,T1ax+T2ax,2
Rathke's pouch cyst,38,0.5457878245867742,0.010347084744827484,queryseq,0,vendor,GE,availability,T1ax+T2ax,2
Cerebral edema,74,0.7928092205991549,0.2061824658359417,queryseq,0,vendor,GE,availability,T1ax+T2ax,2
Mastoiditis,66,0.5082393946747259,0.018586720685718393,queryseq,0,vendor,GE,availability,T1ax+T2ax,2
Chronic mastoiditis,123,0.7243434319185712,0.08148431658526673,queryseq,0,vendor,GE,availability,T1ax+T2ax,2
Ventriculomegaly,345,0.8767738723038274,0.4425266496132697,queryseq,0,vendor,GE,availability,T1ax+T2ax,2
Cerebellar degeneration,34,0.697029787113497,0.05754655952223031,queryseq,0,vendor,GE,availability,T1ax+T2ax,2
Mega cisterna magna,49,0.4431747566111993,0.012901832348048573,queryseq,0,vendor,GE,availability,T1ax+T2ax,2
Structure of cave of septum pellucidum,129,0.6230051845144627,0.047007785754191525,queryseq,0,vendor,GE,availability,T1ax+T2ax,2
Hyperostosis of skull,40,0.7748492886423921,0.043187107541155324,queryseq,0,vendor,GE,availability,T1ax+T2ax,2
Choroid plexus cyst,41,0.5086948336921864,0.009760076455000736,queryseq,0,vendor,GE,availability,T1ax+T2ax,2
Pituitary adenoma,52,0.544126127802065,0.017341742813569816,queryseq,0,vendor,GE,availability,T1ax+T2ax,2
Cerebral infarction,129,0.8931386370496025,0.22137330595741703,queryseq,0,vendor,GE,availability,T2ax+FLAIRax+T2cor,3
Cerebral hemorrhage,27,0.8453169515669516,0.048545535064091164,queryseq,0,vendor,GE,availability,T2ax+FLAIRax+T2cor,3
Intracranial meningioma,75,0.7277464332036316,0.040131865871745456,queryseq,0,vendor,GE,availability,T2ax+FLAIRax+T2cor,3
Demyelinating disease of central nervous system,109,0.5024386841903974,0.02501734598195185,queryseq,0,vendor,GE,availability,T2ax+FLAIRax+T2cor,3
Lacunar infarct,61,0.9125457911842534,0.15398561585820306,queryseq,0,vendor,GE,availability,T2ax+FLAIRax+T2cor,3
Gliosis,1237,0.7286285847389118,0.5426890040051333,queryseq,0,vendor,GE,availability,T2ax+FLAIRax+T2cor,3
Cerebral atrophy,550,0.9378368785462544,0.7352061156678166,queryseq,0,vendor,GE,availability,T2ax+FLAIRax+T2cor,3
Encephalomalacia,62,0.7834995112414468,0.09648059458265797,queryseq,0,vendor,GE,availability,T2ax+FLAIRax+T2cor,3
Arachnoid cyst,165,0.588118379217335,0.06559264190989975,queryseq,0,vendor,GE,availability,T2ax+FLAIRax+T2cor,3
Empty sella syndrome,88,0.6891259508971146,0.05361028971194842,queryseq,0,vendor,GE,availability,T2ax+FLAIRax+T2cor,3
Cyst of pineal gland,175,0.6022105113231734,0.05111942211227641,queryseq,0,vendor,GE,availability,T2ax+FLAIRax+T2cor,3
Rathke's pouch cyst,38,0.5315104463979906,0.0091823428945788,queryseq,0,vendor,GE,availability,T2ax+FLAIRax+T2cor,3
Cerebral edema,74,0.8441559721647249,0.24972536800653974,queryseq,0,vendor,GE,availability,T2ax+FLAIRax+T2cor,3
Mastoiditis,66,0.5619112748450288,0.02135083585854914,queryseq,0,vendor,GE,availability,T2ax+FLAIRax+T2cor,3
Chronic mastoiditis,123,0.7372347320914154,0.0809195027724908,queryseq,0,vendor,GE,availability,T2ax+FLAIRax+T2cor,3
Ventriculomegaly,345,0.8950508868418472,0.4803144315146706,queryseq,0,vendor,GE,availability,T2ax+FLAIRax+T2cor,3
Cerebellar degeneration,34,0.7462075607994221,0.08086915601082657,queryseq,0,vendor,GE,availability,T2ax+FLAIRax+T2cor,3
Mega cisterna magna,49,0.4718586322881013,0.011713607294280122,queryseq,0,vendor,GE,availability,T2ax+FLAIRax+T2cor,3
Structure of cave of septum pellucidum,129,0.6175761535258136,0.045248461614801866,queryseq,0,vendor,GE,availability,T2ax+FLAIRax+T2cor,3
Hyperostosis of skull,40,0.7913431396190016,0.038135539170023595,queryseq,0,vendor,GE,availability,T2ax+FLAIRax+T2cor,3
Choroid plexus cyst,41,0.5059534314590612,0.010017506691644414,queryseq,0,vendor,GE,availability,T2ax+FLAIRax+T2cor,3
Pituitary adenoma,52,0.5251092921588689,0.014461426408194342,queryseq,0,vendor,GE,availability,T2ax+FLAIRax+T2cor,3
Cerebral infarction,129,0.8973985733988943,0.2217335671817322,queryseq,0,vendor,GE,availability,T1ax+FLAIRax+T2cor,3
Cerebral hemorrhage,27,0.8597489316239317,0.07416393781648675,queryseq,0,vendor,GE,availability,T1ax+FLAIRax+T2cor,3
Intracranial meningioma,75,0.7348086900129702,0.04250361762223966,queryseq,0,vendor,GE,availability,T1ax+FLAIRax+T2cor,3
Demyelinating disease of central nervous system,109,0.501862758772739,0.025100384000389313,queryseq,0,vendor,GE,availability,T1ax+FLAIRax+T2cor,3
Lacunar infarct,61,0.9119339176593055,0.14237356398193982,queryseq,0,vendor,GE,availability,T1ax+FLAIRax+T2cor,3
Gliosis,1237,0.7422999876683611,0.5525101109250508,queryseq,0,vendor,GE,availability,T1ax+FLAIRax+T2cor,3
Cerebral atrophy,550,0.9455690254205513,0.7587117424873574,queryseq,0,vendor,GE,availability,T1ax+FLAIRax+T2cor,3
Encephalomalacia,62,0.8129579667644183,0.10960931177943647,queryseq,0,vendor,GE,availability,T1ax+FLAIRax+T2cor,3
Arachnoid cyst,165,0.59550351852689,0.06542890280511424,queryseq,0,vendor,GE,availability,T1ax+FLAIRax+T2cor,3
Empty sella syndrome,88,0.6905010091153053,0.049927101173086574,queryseq,0,vendor,GE,availability,T1ax+FLAIRax+T2cor,3
Cyst of pineal gland,175,0.5946147272468308,0.051013759392807785,queryseq,0,vendor,GE,availability,T1ax+FLAIRax+T2cor,3
Rathke's pouch cyst,38,0.5543187324783397,0.010033566217237553,queryseq,0,vendor,GE,availability,T1ax+FLAIRax+T2cor,3
Cerebral edema,74,0.8580604674696579,0.2570066926931306,queryseq,0,vendor,GE,availability,T1ax+FLAIRax+T2cor,3
Mastoiditis,66,0.5592273131705308,0.020931291881275682,queryseq,0,vendor,GE,availability,T1ax+FLAIRax+T2cor,3
Chronic mastoiditis,123,0.7338818737596825,0.08678732877522467,queryseq,0,vendor,GE,availability,T1ax+FLAIRax+T2cor,3
Ventriculomegaly,345,0.899115798685769,0.4882170426051969,queryseq,0,vendor,GE,availability,T1ax+FLAIRax+T2cor,3
Cerebellar degeneration,34,0.7562569935270038,0.08752571586661348,queryseq,0,vendor,GE,availability,T1ax+FLAIRax+T2cor,3
Mega cisterna magna,49,0.4542468509878577,0.011653782946979186,queryseq,0,vendor,GE,availability,T1ax+FLAIRax+T2cor,3
Structure of cave of septum pellucidum,129,0.6133123966058049,0.046331833761296744,queryseq,0,vendor,GE,availability,T1ax+FLAIRax+T2cor,3
Hyperostosis of skull,40,0.786032071376899,0.0364069810224085,queryseq,0,vendor,GE,availability,T1ax+FLAIRax+T2cor,3
Choroid plexus cyst,41,0.499747037991364,0.009514202467219995,queryseq,0,vendor,GE,availability,T1ax+FLAIRax+T2cor,3
Pituitary adenoma,52,0.5112966235699005,0.017227760394635725,queryseq,0,vendor,GE,availability,T1ax+FLAIRax+T2cor,3
Cerebral infarction,129,0.8853733270675974,0.21236937504607845,queryseq,0,vendor,GE,availability,T1ax+T2ax+T2cor,3
Cerebral hemorrhage,27,0.8067574786324786,0.03932946627356974,queryseq,0,vendor,GE,availability,T1ax+T2ax+T2cor,3
Intracranial meningioma,75,0.7186121919584955,0.042334535816996685,queryseq,0,vendor,GE,availability,T1ax+T2ax+T2cor,3
Demyelinating disease of central nervous system,109,0.5055252844756604,0.025074008262016563,queryseq,0,vendor,GE,availability,T1ax+T2ax+T2cor,3
Lacunar infarct,61,0.908532854429726,0.16635733356095045,queryseq,0,vendor,GE,availability,T1ax+T2ax+T2cor,3
Gliosis,1237,0.7250167847306908,0.5372207053881501,queryseq,0,vendor,GE,availability,T1ax+T2ax+T2cor,3
Cerebral atrophy,550,0.9224605694003549,0.6904477719128957,queryseq,0,vendor,GE,availability,T1ax+T2ax+T2cor,3
Encephalomalacia,62,0.7754173998044965,0.1009986118040986,queryseq,0,vendor,GE,availability,T1ax+T2ax+T2cor,3
Arachnoid cyst,165,0.6016349471844251,0.07437394198715493,queryseq,0,vendor,GE,availability,T1ax+T2ax+T2cor,3
Empty sella syndrome,88,0.6802851027966909,0.05180544036029816,queryseq,0,vendor,GE,availability,T1ax+T2ax+T2cor,3
Cyst of pineal gland,175,0.5888776527560177,0.04935068546059175,queryseq,0,vendor,GE,availability,T1ax+T2ax+T2cor,3
Rathke's pouch cyst,38,0.5361152338547018,0.009833321345416025,queryseq,0,vendor,GE,availability,T1ax+T2ax+T2cor,3
Cerebral edema,74,0.7992259217642149,0.2163979068795134,queryseq,0,vendor,GE,availability,T1ax+T2ax+T2cor,3
Mastoiditis,66,0.5218614193377601,0.01868566024853526,queryseq,0,vendor,GE,availability,T1ax+T2ax+T2cor,3
Chronic mastoiditis,123,0.7437944113693105,0.08915664100640125,queryseq,0,vendor,GE,availability,T1ax+T2ax+T2cor,3
Ventriculomegaly,345,0.8859070985069672,0.46353538625462964,queryseq,0,vendor,GE,availability,T1ax+T2ax+T2cor,3
Cerebellar degeneration,34,0.730322516678234,0.0731916017446491,queryseq,0,vendor,GE,availability,T1ax+T2ax+T2cor,3
Mega cisterna magna,49,0.4509622118542922,0.011586578741665656,queryseq,0,vendor,GE,availability,T1ax+T2ax+T2cor,3
Structure of cave of septum pellucidum,129,0.6196688711359702,0.04643122519262552,queryseq,0,vendor,GE,availability,T1ax+T2ax+T2cor,3
Hyperostosis of skull,40,0.7883530262840608,0.03591896431480771,queryseq,0,vendor,GE,availability,T1ax+T2ax+T2cor,3
Choroid plexus cyst,41,0.4955702234301648,0.009510099190622704,queryseq,0,vendor,GE,availability,T1ax+T2ax+T2cor,3
Pituitary adenoma,52,0.5227467212352339,0.015349688691998164,queryseq,0,vendor,GE,availability,T1ax+T2ax+T2cor,3
Cerebral infarction,129,0.8930545844938317,0.21913288820785018,queryseq,0,vendor,GE,availability,T1ax+T2ax+FLAIRax,3
Cerebral hemorrhage,27,0.8441773504273504,0.06837519408170584,queryseq,0,vendor,GE,availability,T1ax+T2ax+FLAIRax,3
Intracranial meningioma,75,0.7335667963683528,0.03961002412306052,queryseq,0,vendor,GE,availability,T1ax+T2ax+FLAIRax,3
Demyelinating disease of central nervous system,109,0.5515048301244989,0.027820104170586803,queryseq,0,vendor,GE,availability,T1ax+T2ax+FLAIRax,3
Lacunar infarct,61,0.9114054814332143,0.15579253658764994,queryseq,0,vendor,GE,availability,T1ax+T2ax+FLAIRax,3
Gliosis,1237,0.7181118890700574,0.5340857680473016,queryseq,0,vendor,GE,availability,T1ax+T2ax+FLAIRax,3
Cerebral atrophy,550,0.9310330692128878,0.7190713871088208,queryseq,0,vendor,GE,availability,T1ax+T2ax+FLAIRax,3
Encephalomalacia,62,0.7922893450635387,0.09265210720839959,queryseq,0,vendor,GE,availability,T1ax+T2ax+FLAIRax,3
Arachnoid cyst,165,0.5826650392538011,0.060624229133558624,queryseq,0,vendor,GE,availability,T1ax+T2ax+FLAIRax,3
Empty sella syndrome,88,0.6815991705293974,0.0504881710526144,queryseq,0,vendor,GE,availability,T1ax+T2ax+FLAIRax,3
Cyst of pineal gland,175,0.565801167924797,0.048581200383507835,queryseq,0,vendor,GE,availability,T1ax+T2ax+FLAIRax,3
Rathke's pouch cyst,38,0.5532658471920945,0.010185408075138933,queryseq,0,vendor,GE,availability,T1ax+T2ax+FLAIRax,3
Cerebral edema,74,0.8495837193867829,0.2507745363165914,queryseq,0,vendor,GE,availability,T1ax+T2ax+FLAIRax,3
Mastoiditis,66,0.5369835212106505,0.019582744937910693,queryseq,0,vendor,GE,availability,T1ax+T2ax+FLAIRax,3
Chronic mastoiditis,123,0.717137587222329,0.07626839377897462,queryseq,0,vendor,GE,availability,T1ax+T2ax+FLAIRax,3
Ventriculomegaly,345,0.8909859749979253,0.4751246863847276,queryseq,0,vendor,GE,availability,T1ax+T2ax+FLAIRax,3
Cerebellar degeneration,34,0.7216186739564595,0.07649414722405,queryseq,0,vendor,GE,availability,T1ax+T2ax+FLAIRax,3
Mega cisterna magna,49,0.4523678006727099,0.012623628335440906,queryseq,0,vendor,GE,availability,T1ax+T2ax+FLAIRax,3
Structure of cave of septum pellucidum,129,0.6239049289182819,0.04779964438321998,queryseq,0,vendor,GE,availability,T1ax+T2ax+FLAIRax,3
Hyperostosis of skull,40,0.780925970581143,0.043680997470381795,queryseq,0,vendor,GE,availability,T1ax+T2ax+FLAIRax,3
Choroid plexus cyst,41,0.513518760368501,0.009952489499021052,queryseq,0,vendor,GE,availability,T1ax+T2ax+FLAIRax,3
Pituitary adenoma,52,0.5443400613896382,0.017961418675650452,queryseq,0,vendor,GE,availability,T1ax+T2ax+FLAIRax,3
Cerebral infarction,129,0.8946343904852505,0.2216050974332331,queryseq,0,vendor,GE,availability,T1ax+T2ax+FLAIRax+T2cor,4
Cerebral hemorrhage,27,0.8484330484330485,0.05408404852402323,queryseq,0,vendor,GE,availability,T1ax+T2ax+FLAIRax+T2cor,4
Intracranial meningioma,75,0.7348994811932555,0.0419221208837147,queryseq,0,vendor,GE,availability,T1ax+T2ax+FLAIRax+T2cor,4
Demyelinating disease of central nervous system,109,0.5141079230239685,0.02567506364139591,queryseq,0,vendor,GE,availability,T1ax+T2ax+FLAIRax+T2cor,4
Lacunar infarct,61,0.9123630237677105,0.15506883659957132,queryseq,0,vendor,GE,availability,T1ax+T2ax+FLAIRax+T2cor,4
Gliosis,1237,0.7305336859268596,0.5430581423676992,queryseq,0,vendor,GE,availability,T1ax+T2ax+FLAIRax+T2cor,4
Cerebral atrophy,550,0.9375509285874971,0.7321269320706607,queryseq,0,vendor,GE,availability,T1ax+T2ax+FLAIRax+T2cor,4
Encephalomalacia,62,0.7931534701857281,0.10766204290353766,queryseq,0,vendor,GE,availability,T1ax+T2ax+FLAIRax+T2cor,4
Arachnoid cyst,165,0.5955291352108856,0.0697775641747578,queryseq,0,vendor,GE,availability,T1ax+T2ax+FLAIRax+T2cor,4
Empty sella syndrome,88,0.6883912927765087,0.05385071809166013,queryseq,0,vendor,GE,availability,T1ax+T2ax+FLAIRax+T2cor,4
Cyst of pineal gland,175,0.5896510468594218,0.049839170438394594,queryseq,0,vendor,GE,availability,T1ax+T2ax+FLAIRax+T2cor,4
Rathke's pouch cyst,38,0.5444368332255077,0.009731844970209388,queryseq,0,vendor,GE,availability,T1ax+T2ax+FLAIRax+T2cor,4
Cerebral edema,74,0.8448065132966666,0.2549665618114092,queryseq,0,vendor,GE,availability,T1ax+T2ax+FLAIRax+T2cor,4
Mastoiditis,66,0.5450445978837146,0.01981769117576847,queryseq,0,vendor,GE,availability,T1ax+T2ax+FLAIRax+T2cor,4
Chronic mastoiditis,123,0.7356843351898087,0.08365619113525274,queryseq,0,vendor,GE,availability,T1ax+T2ax+FLAIRax+T2cor,4
Ventriculomegaly,345,0.8950803099231228,0.48157906512420723,queryseq,0,vendor,GE,availability,T1ax+T2ax+FLAIRax+T2cor,4
Cerebellar degeneration,34,0.7416183906743531,0.07680201040057971,queryseq,0,vendor,GE,availability,T1ax+T2ax+FLAIRax+T2cor,4
Mega cisterna magna,49,0.4553811858237736,0.011727295829471587,queryseq,0,vendor,GE,availability,T1ax+T2ax+FLAIRax+T2cor,4
Structure of cave of septum pellucidum,129,0.6196755571347248,0.04657538459200895,queryseq,0,vendor,GE,availability,T1ax+T2ax+FLAIRax+T2cor,4
Hyperostosis of skull,40,0.7884133108271039,0.040548327411309704,queryseq,0,vendor,GE,availability,T1ax+T2ax+FLAIRax+T2cor,4
Choroid plexus cyst,41,0.5046650900662408,0.009733893138363339,queryseq,0,vendor,GE,availability,T1ax+T2ax+FLAIRax+T2cor,4
Pituitary adenoma,52,0.525504604222863,0.01580182659608144,queryseq,0,vendor,GE,availability,T1ax+T2ax+FLAIRax+T2cor,4
Cerebral infarction,129,0.8845767380731333,0.1998110812831883,queryseq,0,vendor,GE,budget,all4,1
Cerebral hemorrhage,27,0.8441595441595442,0.07845763729560985,queryseq,0,vendor,GE,budget,all4,1
Intracranial meningioma,75,0.7066147859922179,0.03779804096772123,queryseq,0,vendor,GE,budget,all4,1
Demyelinating disease of central nervous system,109,0.4682476119342545,0.023005907925116722,queryseq,0,vendor,GE,budget,all4,1
Lacunar infarct,61,0.9114769991179485,0.15441776721355235,queryseq,0,vendor,GE,budget,all4,1
Gliosis,1237,0.7201334557362673,0.5288394952183162,queryseq,0,vendor,GE,budget,all4,1
Cerebral atrophy,550,0.9262644037293475,0.6927900549428997,queryseq,0,vendor,GE,budget,all4,1
Encephalomalacia,62,0.7797575757575759,0.0994469767930821,queryseq,0,vendor,GE,budget,all4,1
Arachnoid cyst,165,0.5929945903590856,0.06413779756144382,queryseq,0,vendor,GE,budget,all4,1
Empty sella syndrome,88,0.6369984918716316,0.03986403571708689,queryseq,0,vendor,GE,budget,all4,1
Cyst of pineal gland,175,0.5982224754308503,0.058073610842900386,queryseq,0,vendor,GE,budget,all4,1
Rathke's pouch cyst,38,0.5422168943689665,0.010184873250611836,queryseq,0,vendor,GE,budget,all4,1
Cerebral edema,74,0.8387873650455707,0.22799798694638015,queryseq,0,vendor,GE,budget,all4,1
Mastoiditis,66,0.5361378894501923,0.01886162838323833,queryseq,0,vendor,GE,budget,all4,1
Chronic mastoiditis,123,0.7255237340759234,0.07671250491201564,queryseq,0,vendor,GE,budget,all4,1
Ventriculomegaly,345,0.8910229424590151,0.44450886217604574,queryseq,0,vendor,GE,budget,all4,1
Cerebellar degeneration,34,0.7091046869024519,0.07403884044518727,queryseq,0,vendor,GE,budget,all4,1
Mega cisterna magna,49,0.4451672404099387,0.01073423531894846,queryseq,0,vendor,GE,budget,all4,1
Structure of cave of septum pellucidum,129,0.5922323976755648,0.042759187235562754,queryseq,0,vendor,GE,budget,all4,1
Hyperostosis of skull,40,0.7378526645768024,0.04325519509671203,queryseq,0,vendor,GE,budget,all4,1
Choroid plexus cyst,41,0.5088713188144907,0.0111343252996309,queryseq,0,vendor,GE,budget,all4,1
Pituitary adenoma,52,0.5241605432052833,0.01373031041143971,queryseq,0,vendor,GE,budget,all4,1
Cerebral infarction,129,0.8919198749909261,0.22163791439500546,queryseq,0,vendor,GE,budget,all4,2
Cerebral hemorrhage,27,0.853855056980057,0.05765296987338812,queryseq,0,vendor,GE,budget,all4,2
Intracranial meningioma,75,0.7177042801556419,0.042338328101134415,queryseq,0,vendor,GE,budget,all4,2
Demyelinating disease of central nervous system,109,0.5117839739753702,0.02504937317244991,queryseq,0,vendor,GE,budget,all4,2
Lacunar infarct,61,0.9108770452071231,0.15316052651045478,queryseq,0,vendor,GE,budget,all4,2
Gliosis,1237,0.7202107340065494,0.534825399394689,queryseq,0,vendor,GE,budget,all4,2
Cerebral atrophy,550,0.9350828604994127,0.740198445463961,queryseq,0,vendor,GE,budget,all4,2
Encephalomalacia,62,0.7871593352883675,0.08601251605378268,queryseq,0,vendor,GE,budget,all4,2
Arachnoid cyst,165,0.601354670524238,0.07603674740144864,queryseq,0,vendor,GE,budget,all4,2
Empty sella syndrome,88,0.6791567788152321,0.051216593181031174,queryseq,0,vendor,GE,budget,all4,2
Cyst of pineal gland,175,0.5859777809428857,0.049345208785597915,queryseq,0,vendor,GE,budget,all4,2
Rathke's pouch cyst,38,0.5401935786682903,0.010697439681508967,queryseq,0,vendor,GE,budget,all4,2
Cerebral edema,74,0.8335863215513106,0.24830099941170855,queryseq,0,vendor,GE,budget,all4,2
Mastoiditis,66,0.5402263351790166,0.020549627088000063,queryseq,0,vendor,GE,budget,all4,2
Chronic mastoiditis,123,0.7277523045899751,0.08517901391085116,queryseq,0,vendor,GE,budget,all4,2
Ventriculomegaly,345,0.8853548499045637,0.4552503905151866,queryseq,0,vendor,GE,budget,all4,2
Cerebellar degeneration,34,0.7626166768176088,0.07767166802267067,queryseq,0,vendor,GE,budget,all4,2
Mega cisterna magna,49,0.44844694765291326,0.011118589083083682,queryseq,0,vendor,GE,budget,all4,2
Structure of cave of septum pellucidum,129,0.6123763567801758,0.04443564164110491,queryseq,0,vendor,GE,budget,all4,2
Hyperostosis of skull,40,0.7784663612249818,0.03661734785353606,queryseq,0,vendor,GE,budget,all4,2
Choroid plexus cyst,41,0.5160660289670914,0.010224966521723309,queryseq,0,vendor,GE,budget,all4,2
Pituitary adenoma,52,0.5187005859920008,0.013845973682813099,queryseq,0,vendor,GE,budget,all4,2
Cerebral infarction,129,0.8909188854631104,0.21612145405719435,queryseq,0,vendor,GE,budget,all4,3
Cerebral hemorrhage,27,0.8368233618233618,0.05180280279978098,queryseq,0,vendor,GE,budget,all4,3
Intracranial meningioma,75,0.7309727626459145,0.041696661553011945,queryseq,0,vendor,GE,budget,all4,3
Demyelinating disease of central nervous system,109,0.5210842695870885,0.025821789817618943,queryseq,0,vendor,GE,budget,all4,3
Lacunar infarct,61,0.9093791470324133,0.16877939359672064,queryseq,0,vendor,GE,budget,all4,3
Gliosis,1237,0.7262102133373526,0.5383622451582486,queryseq,0,vendor,GE,budget,all4,3
Cerebral atrophy,550,0.9367410703126954,0.73261481187557,queryseq,0,vendor,GE,budget,all4,3
Encephalomalacia,62,0.783347018572825,0.10115914031364073,queryseq,0,vendor,GE,budget,all4,3
Arachnoid cyst,165,0.5958787276042373,0.06702626825847922,queryseq,0,vendor,GE,budget,all4,3
Empty sella syndrome,88,0.6817211515003658,0.05478180862583851,queryseq,0,vendor,GE,budget,all4,3
Cyst of pineal gland,175,0.5782780230736363,0.048141667141542596,queryseq,0,vendor,GE,budget,all4,3
Rathke's pouch cyst,38,0.5483756390252565,0.009862803655387579,queryseq,0,vendor,GE,budget,all4,3
Cerebral edema,74,0.8363593352652433,0.22301301827513006,queryseq,0,vendor,GE,budget,all4,3
Mastoiditis,66,0.5122248939283639,0.01912516897507913,queryseq,0,vendor,GE,budget,all4,3
Chronic mastoiditis,123,0.736316497023238,0.0838497099450976,queryseq,0,vendor,GE,budget,all4,3
Ventriculomegaly,345,0.8931300877411373,0.4793407152242475,queryseq,0,vendor,GE,budget,all4,3
Cerebellar degeneration,34,0.7430418832594439,0.08803508542191084,queryseq,0,vendor,GE,budget,all4,3
Mega cisterna magna,49,0.4546068790009963,0.01202735602933215,queryseq,0,vendor,GE,budget,all4,3
Structure of cave of septum pellucidum,129,0.6218838470090662,0.0472387365631996,queryseq,0,vendor,GE,budget,all4,3
Hyperostosis of skull,40,0.7747829756450446,0.035928861461902384,queryseq,0,vendor,GE,budget,all4,3
Choroid plexus cyst,41,0.5051180685468215,0.00994074551623067,queryseq,0,vendor,GE,budget,all4,3
Pituitary adenoma,52,0.5366431029671659,0.01617368832875403,queryseq,0,vendor,GE,budget,all4,3
Cerebral infarction,129,0.8943421168254114,0.22146712806819466,queryseq,0,vendor,GE,budget,all4,4
Cerebral hemorrhage,27,0.8482905982905983,0.06489614597713028,queryseq,0,vendor,GE,budget,all4,4
Intracranial meningioma,75,0.7427140077821011,0.04335819506238995,queryseq,0,vendor,GE,budget,all4,4
Demyelinating disease of central nervous system,109,0.5392124219913521,0.027773974979122932,queryseq,0,vendor,GE,budget,all4,4
Lacunar infarct,61,0.912076953028774,0.15263374429273105,queryseq,0,vendor,GE,budget,all4,4
Gliosis,1237,0.7349281339490017,0.5494450106863441,queryseq,0,vendor,GE,budget,all4,4
Cerebral atrophy,550,0.9359872022396081,0.7269786033570441,queryseq,0,vendor,GE,budget,all4,4
Encephalomalacia,62,0.7954721407624634,0.10744494075927366,queryseq,0,vendor,GE,budget,all4,4
Arachnoid cyst,165,0.5893057878637192,0.06776011160636615,queryseq,0,vendor,GE,budget,all4,4
Empty sella syndrome,88,0.6947204417928985,0.061992041939297665,queryseq,0,vendor,GE,budget,all4,4
Cyst of pineal gland,175,0.5902378578550064,0.0515879293154724,queryseq,0,vendor,GE,budget,all4,4
Rathke's pouch cyst,38,0.5601286296000305,0.010083030645735064,queryseq,0,vendor,GE,budget,all4,4
Cerebral edema,74,0.8459991720385593,0.25501617194788145,queryseq,0,vendor,GE,budget,all4,4
Mastoiditis,66,0.5781657879449678,0.022789475817163483,queryseq,0,vendor,GE,budget,all4,4
Chronic mastoiditis,123,0.7262839286857435,0.07858810761278993,queryseq,0,vendor,GE,budget,all4,4
Ventriculomegaly,345,0.8944805317278893,0.47849216144937556,queryseq,0,vendor,GE,budget,all4,4
Cerebellar degeneration,34,0.7376311950255662,0.07644873445853878,queryseq,0,vendor,GE,budget,all4,4
Mega cisterna magna,49,0.4623844704629072,0.012423194225642167,queryseq,0,vendor,GE,budget,all4,4
Structure of cave of septum pellucidum,129,0.6223365846390133,0.0470865061282215,queryseq,0,vendor,GE,budget,all4,4
Hyperostosis of skull,40,0.7948878707499398,0.04270690124445794,queryseq,0,vendor,GE,budget,all4,4
Choroid plexus cyst,41,0.5050827715223607,0.009666504548731369,queryseq,0,vendor,GE,budget,all4,4
Pituitary adenoma,52,0.5342712305832015,0.017587582915336138,queryseq,0,vendor,GE,budget,all4,4
Cerebral infarction,129,0.8716555679087342,0.2020666517477369,uniform,1,vendor,GE,availability,T2cor,1
Cerebral hemorrhage,27,0.8018340455840456,0.022204665453597148,uniform,1,vendor,GE,availability,T2cor,1
Intracranial meningioma,75,0.7281355382619974,0.038889185888128966,uniform,1,vendor,GE,availability,T2cor,1
Demyelinating disease of central nervous system,109,0.48039153929566125,0.02381460310738719,uniform,1,vendor,GE,availability,T2cor,1
Lacunar infarct,61,0.8981270313009068,0.11938442656939668,uniform,1,vendor,GE,availability,T2cor,1
Gliosis,1237,0.7252571146705398,0.5289959064514901,uniform,1,vendor,GE,availability,T2cor,1
Cerebral atrophy,550,0.9223725847976605,0.6816779366205008,uniform,1,vendor,GE,availability,T2cor,1
Encephalomalacia,62,0.7683636363636364,0.0856340819078384,uniform,1,vendor,GE,availability,T2cor,1
Arachnoid cyst,165,0.5973087413166975,0.06659776005672058,uniform,1,vendor,GE,availability,T2cor,1
Empty sella syndrome,88,0.6744133824214331,0.044629133243074985,uniform,1,vendor,GE,availability,T2cor,1
Cyst of pineal gland,175,0.6174647486113088,0.05418101397285148,uniform,1,vendor,GE,availability,T2cor,1
Rathke's pouch cyst,38,0.5986096840075605,0.012079383365703784,uniform,1,vendor,GE,availability,T2cor,1
Cerebral edema,74,0.7983946747622896,0.1080772501799855,uniform,1,vendor,GE,availability,T2cor,1
Mastoiditis,66,0.4930216996463053,0.03133146696023982,uniform,1,vendor,GE,availability,T2cor,1
Chronic mastoiditis,123,0.7641256161577363,0.08952090729700082,uniform,1,vendor,GE,availability,T2cor,1
Ventriculomegaly,345,0.8775132215256244,0.4391596973562725,uniform,1,vendor,GE,availability,T2cor,1
Cerebellar degeneration,34,0.7574396963215818,0.14446424169036795,uniform,1,vendor,GE,availability,T2cor,1
Mega cisterna magna,49,0.530375514149594,0.011888203345623724,uniform,1,vendor,GE,availability,T2cor,1
Structure of cave of septum pellucidum,129,0.5712918495764898,0.03623375210108852,uniform,1,vendor,GE,availability,T2cor,1
Hyperostosis of skull,40,0.7741379310344827,0.03950049512821793,uniform,1,vendor,GE,availability,T2cor,1
Choroid plexus cyst,41,0.48897556269339837,0.009209540668152712,uniform,1,vendor,GE,availability,T2cor,1
Pituitary adenoma,52,0.5959306111059437,0.035312895994521074,uniform,1,vendor,GE,availability,T2cor,1
Cerebral infarction,129,0.8845461735073985,0.20631623629335386,uniform,1,vendor,GE,availability,FLAIRax,1
Cerebral hemorrhage,27,0.8378205128205128,0.09135345864768851,uniform,1,vendor,GE,availability,FLAIRax,1
Intracranial meningioma,75,0.7180479896238651,0.035639525435800325,uniform,1,vendor,GE,availability,FLAIRax,1
Demyelinating disease of central nervous system,109,0.6533153956562625,0.07890130961266717,uniform,1,vendor,GE,availability,FLAIRax,1
Lacunar infarct,61,0.8992991266896053,0.1285641178632997,uniform,1,vendor,GE,availability,FLAIRax,1
Gliosis,1237,0.7152005261499252,0.536096599487126,uniform,1,vendor,GE,availability,FLAIRax,1
Cerebral atrophy,550,0.9248716474616941,0.730025443243344,uniform,1,vendor,GE,availability,FLAIRax,1
Encephalomalacia,62,0.7890048875855328,0.07738307495466876,uniform,1,vendor,GE,availability,FLAIRax,1
Arachnoid cyst,165,0.5453716679475009,0.0496311943273571,uniform,1,vendor,GE,availability,FLAIRax,1
Empty sella syndrome,88,0.6976230344429906,0.049621898689018756,uniform,1,vendor,GE,availability,FLAIRax,1
Cyst of pineal gland,175,0.5853211793191853,0.05091645487667587,uniform,1,vendor,GE,availability,FLAIRax,1
Rathke's pouch cyst,38,0.6001192424300086,0.011711457129995754,uniform,1,vendor,GE,availability,FLAIRax,1
Cerebral edema,74,0.8567396718381401,0.2149512162618283,uniform,1,vendor,GE,availability,FLAIRax,1
Mastoiditis,66,0.6443897847683338,0.02884863297938134,uniform,1,vendor,GE,availability,FLAIRax,1
Chronic mastoiditis,123,0.7191801101081877,0.07690356812553861,uniform,1,vendor,GE,availability,FLAIRax,1
Ventriculomegaly,345,0.8828621868139329,0.4368861513541364,uniform,1,vendor,GE,availability,FLAIRax,1
Cerebellar degeneration,34,0.7098624665373011,0.05764934547248049,uniform,1,vendor,GE,availability,FLAIRax,1
Mega cisterna magna,49,0.46775529931643994,0.011247070672367777,uniform,1,vendor,GE,availability,FLAIRax,1
Structure of cave of septum pellucidum,129,0.5825434303376239,0.036843797230705244,uniform,1,vendor,GE,availability,FLAIRax,1
Hyperostosis of skull,40,0.7572040028936581,0.05432611218010798,uniform,1,vendor,GE,availability,FLAIRax,1
Choroid plexus cyst,41,0.5279846575600343,0.010615580834503379,uniform,1,vendor,GE,availability,FLAIRax,1
Pituitary adenoma,52,0.5881313366198494,0.017218531445437564,uniform,1,vendor,GE,availability,FLAIRax,1
Cerebral infarction,129,0.869582908294841,0.19347166420633227,uniform,1,vendor,GE,availability,T2ax,1
Cerebral hemorrhage,27,0.8040954415954416,0.032279403267427675,uniform,1,vendor,GE,availability,T2ax,1
Intracranial meningioma,75,0.7149708171206226,0.037580519771038136,uniform,1,vendor,GE,availability,T2ax,1
Demyelinating disease of central nervous system,109,0.5931221906763074,0.031038905390567043,uniform,1,vendor,GE,availability,T2ax,1
Lacunar infarct,61,0.8959377955071001,0.15741075882769606,uniform,1,vendor,GE,availability,T2ax,1
Gliosis,1237,0.7012298754504473,0.5159143414154671,uniform,1,vendor,GE,availability,T2ax,1
Cerebral atrophy,550,0.9008688479516084,0.6478952990908244,uniform,1,vendor,GE,availability,T2ax,1
Encephalomalacia,62,0.7546862170087977,0.05031890800639831,uniform,1,vendor,GE,availability,T2ax,1
Arachnoid cyst,165,0.5769962177719512,0.07287763742412692,uniform,1,vendor,GE,availability,T2ax,1
Empty sella syndrome,88,0.6747044733748808,0.04525361387637664,uniform,1,vendor,GE,availability,T2ax,1
Cyst of pineal gland,175,0.5711992593647629,0.048460961809112586,uniform,1,vendor,GE,availability,T2ax,1
Rathke's pouch cyst,38,0.5813575877510117,0.012941572790835831,uniform,1,vendor,GE,availability,T2ax,1
Cerebral edema,74,0.7961407797294011,0.13503654102565002,uniform,1,vendor,GE,availability,T2ax,1
Mastoiditis,66,0.5241997749884185,0.018083465899678155,uniform,1,vendor,GE,availability,T2ax,1
Chronic mastoiditis,123,0.7383030055694257,0.09248425674193898,uniform,1,vendor,GE,availability,T2ax,1
Ventriculomegaly,345,0.8588604968728546,0.40275236059437713,uniform,1,vendor,GE,availability,T2ax,1
Cerebellar degeneration,34,0.7086443534794125,0.06848627972246128,uniform,1,vendor,GE,availability,T2ax,1
Mega cisterna magna,49,0.46183209871672204,0.010901767950701795,uniform,1,vendor,GE,availability,T2ax,1
Structure of cave of septum pellucidum,129,0.6026797483008012,0.03840948648577633,uniform,1,vendor,GE,availability,T2ax,1
Hyperostosis of skull,40,0.735387026766337,0.02768061583328664,uniform,1,vendor,GE,availability,T2ax,1
Choroid plexus cyst,41,0.5164954760980316,0.010110701210948083,uniform,1,vendor,GE,availability,T2ax,1
Pituitary adenoma,52,0.6020463212724397,0.022744557454324823,uniform,1,vendor,GE,availability,T2ax,1
Cerebral infarction,129,0.8781581792688192,0.18699678658833527,uniform,1,vendor,GE,availability,T1ax,1
Cerebral hemorrhage,27,0.8619301994301993,0.07346547389515262,uniform,1,vendor,GE,availability,T1ax,1
Intracranial meningioma,75,0.7209208819714656,0.037651417842362866,uniform,1,vendor,GE,availability,T1ax,1
Demyelinating disease of central nervous system,109,0.6025754664770911,0.04155647326589113,uniform,1,vendor,GE,availability,T1ax,1
Lacunar infarct,61,0.8961364557424727,0.11867814253523676,uniform,1,vendor,GE,availability,T1ax,1
Gliosis,1237,0.726704849074442,0.5317287633635981,uniform,1,vendor,GE,availability,T1ax,1
Cerebral atrophy,550,0.9150893593621117,0.6661297584987528,uniform,1,vendor,GE,availability,T1ax,1
Encephalomalacia,62,0.80511045943304,0.06268563840777085,uniform,1,vendor,GE,availability,T1ax,1
Arachnoid cyst,165,0.580035561984841,0.05313069273542693,uniform,1,vendor,GE,availability,T1ax,1
Empty sella syndrome,88,0.6883774313025348,0.045725639592018155,uniform,1,vendor,GE,availability,T1ax,1
Cyst of pineal gland,175,0.5209628258082895,0.04555479158783693,uniform,1,vendor,GE,availability,T1ax,1
Rathke's pouch cyst,38,0.5235820933389149,0.009224301298914887,uniform,1,vendor,GE,availability,T1ax,1
Cerebral edema,74,0.8251555713262496,0.12331348679021525,uniform,1,vendor,GE,availability,T1ax,1
Mastoiditis,66,0.5054451332053855,0.019503647692524044,uniform,1,vendor,GE,availability,T1ax,1
Chronic mastoiditis,123,0.7360424268612763,0.07955995695845118,uniform,1,vendor,GE,availability,T1ax,1
Ventriculomegaly,345,0.8728130729013422,0.423457173752159,uniform,1,vendor,GE,availability,T1ax,1
Cerebellar degeneration,34,0.7086655996373988,0.04776469983658931,uniform,1,vendor,GE,availability,T1ax,1
Mega cisterna magna,49,0.4553861177143647,0.012385048743660108,uniform,1,vendor,GE,availability,T1ax,1
Structure of cave of septum pellucidum,129,0.6251561658280513,0.04144621667045684,uniform,1,vendor,GE,availability,T1ax,1
Hyperostosis of skull,40,0.7433928140824693,0.03710307249760015,uniform,1,vendor,GE,availability,T1ax,1
Choroid plexus cyst,41,0.511712729283588,0.00993742587560929,uniform,1,vendor,GE,availability,T1ax,1
Pituitary adenoma,52,0.5619244721421263,0.016932731823954376,uniform,1,vendor,GE,availability,T1ax,1
Cerebral infarction,129,0.8895797754268532,0.21701413567046537,uniform,1,vendor,GE,availability,FLAIRax+T2cor,2
Cerebral hemorrhage,27,0.8401976495726495,0.05167654885587307,uniform,1,vendor,GE,availability,FLAIRax+T2cor,2
Intracranial meningioma,75,0.7363683527885863,0.04017449853184179,uniform,1,vendor,GE,availability,FLAIRax+T2cor,2
Demyelinating disease of central nervous system,109,0.5535318176296169,0.029616004811418472,uniform,1,vendor,GE,availability,FLAIRax+T2cor,2
Lacunar infarct,61,0.906665448217223,0.13934116186907577,uniform,1,vendor,GE,availability,FLAIRax+T2cor,2
Gliosis,1237,0.7350067824013812,0.5483372109277402,uniform,1,vendor,GE,availability,FLAIRax+T2cor,2
Cerebral atrophy,550,0.9426465368560504,0.7592465929710311,uniform,1,vendor,GE,availability,FLAIRax+T2cor,2
Encephalomalacia,62,0.7897282502443793,0.10566948090139985,uniform,1,vendor,GE,availability,FLAIRax+T2cor,2
Arachnoid cyst,165,0.5878109790093878,0.07786561984642744,uniform,1,vendor,GE,availability,FLAIRax+T2cor,2
Empty sella syndrome,88,0.7055157577236133,0.04990913671260677,uniform,1,vendor,GE,availability,FLAIRax+T2cor,2
Cyst of pineal gland,175,0.6037843612021079,0.052939148888174435,uniform,1,vendor,GE,availability,FLAIRax+T2cor,2
Rathke's pouch cyst,38,0.6018507947381107,0.012066172637316418,uniform,1,vendor,GE,availability,FLAIRax+T2cor,2
Cerebral edema,74,0.8469125580722955,0.2016550733671285,uniform,1,vendor,GE,availability,FLAIRax+T2cor,2
Mastoiditis,66,0.5880596795423294,0.027703392153914524,uniform,1,vendor,GE,availability,FLAIRax+T2cor,2
Chronic mastoiditis,123,0.7584061519749056,0.08519487358263925,uniform,1,vendor,GE,availability,FLAIRax+T2cor,2
Ventriculomegaly,345,0.8926932681498918,0.4663691000481697,uniform,1,vendor,GE,availability,FLAIRax+T2cor,2
Cerebellar degeneration,34,0.7461154941148143,0.0994732091380295,uniform,1,vendor,GE,availability,FLAIRax+T2cor,2
Mega cisterna magna,49,0.47926140006510093,0.011070996054297347,uniform,1,vendor,GE,availability,FLAIRax+T2cor,2
Structure of cave of septum pellucidum,129,0.5774009421527387,0.03596155373106999,uniform,1,vendor,GE,availability,FLAIRax+T2cor,2
Hyperostosis of skull,40,0.7799011333494092,0.03990779289488708,uniform,1,vendor,GE,availability,FLAIRax+T2cor,2
Choroid plexus cyst,41,0.5115891896979752,0.009930061026744073,uniform,1,vendor,GE,availability,FLAIRax+T2cor,2
Pituitary adenoma,52,0.5951446377081202,0.024752952111239762,uniform,1,vendor,GE,availability,FLAIRax+T2cor,2
Cerebral infarction,129,0.8789356654096988,0.20715965695569072,uniform,1,vendor,GE,availability,T2ax+T2cor,2
Cerebral hemorrhage,27,0.8115384615384614,0.027095118947780182,uniform,1,vendor,GE,availability,T2ax+T2cor,2
Intracranial meningioma,75,0.7357911802853437,0.04114675662225351,uniform,1,vendor,GE,availability,T2ax+T2cor,2
Demyelinating disease of central nervous system,109,0.5466927032949234,0.02790484755690011,uniform,1,vendor,GE,availability,T2ax+T2cor,2
Lacunar infarct,61,0.9030696979569781,0.1437148513118826,uniform,1,vendor,GE,availability,T2ax+T2cor,2
Gliosis,1237,0.7241143828014743,0.534963744739957,uniform,1,vendor,GE,availability,T2ax+T2cor,2
Cerebral atrophy,550,0.9281360761866672,0.7027833170127936,uniform,1,vendor,GE,availability,T2ax+T2cor,2
Encephalomalacia,62,0.7693216031280548,0.07860656410422523,uniform,1,vendor,GE,availability,T2ax+T2cor,2
Arachnoid cyst,165,0.5978572397269564,0.08393958783952712,uniform,1,vendor,GE,availability,T2ax+T2cor,2
Empty sella syndrome,88,0.6883746590077403,0.04705171088753521,uniform,1,vendor,GE,availability,T2ax+T2cor,2
Cyst of pineal gland,175,0.5988890471442815,0.05200443851270076,uniform,1,vendor,GE,availability,T2ax+T2cor,2
Rathke's pouch cyst,38,0.5878715226243483,0.026456361238397424,uniform,1,vendor,GE,availability,T2ax+T2cor,2
Cerebral edema,74,0.8100945584534207,0.15125145053824884,uniform,1,vendor,GE,availability,T2ax+T2cor,2
Mastoiditis,66,0.5096475553888803,0.019508121321806952,uniform,1,vendor,GE,availability,T2ax+T2cor,2
Chronic mastoiditis,123,0.7684727290186287,0.10130518352792825,uniform,1,vendor,GE,availability,T2ax+T2cor,2
Ventriculomegaly,345,0.8806365947687271,0.45015678665362613,uniform,1,vendor,GE,availability,T2ax+T2cor,2
Cerebellar degeneration,34,0.7446140989504398,0.08780625632817658,uniform,1,vendor,GE,availability,T2ax+T2cor,2
Mega cisterna magna,49,0.4977116027658043,0.011226819639092549,uniform,1,vendor,GE,availability,T2ax+T2cor,2
Structure of cave of septum pellucidum,129,0.591611554934076,0.037498358742600345,uniform,1,vendor,GE,availability,T2ax+T2cor,2
Hyperostosis of skull,40,0.7695743911261153,0.03388104217231821,uniform,1,vendor,GE,availability,T2ax+T2cor,2
Choroid plexus cyst,41,0.5026355111597426,0.00964819466739627,uniform,1,vendor,GE,availability,T2ax+T2cor,2
Pituitary adenoma,52,0.6067017021672403,0.028024478881354203,uniform,1,vendor,GE,availability,T2ax+T2cor,2
Cerebral infarction,129,0.8831822297614819,0.21019136556637505,uniform,1,vendor,GE,availability,T2ax+FLAIRax,2
Cerebral hemorrhage,27,0.835372150997151,0.05534210687256763,uniform,1,vendor,GE,availability,T2ax+FLAIRax,2
Intracranial meningioma,75,0.7212775616083009,0.03683334323756218,uniform,1,vendor,GE,availability,T2ax+FLAIRax,2
Demyelinating disease of central nervous system,109,0.6054820900693361,0.033578413191090895,uniform,1,vendor,GE,availability,T2ax+FLAIRax,2
Lacunar infarct,61,0.9021399680554341,0.14583220362393778,uniform,1,vendor,GE,availability,T2ax+FLAIRax,2
Gliosis,1237,0.7136651000918022,0.5331440971204032,uniform,1,vendor,GE,availability,T2ax+FLAIRax,2
Cerebral atrophy,550,0.9224630689629314,0.7128011264556192,uniform,1,vendor,GE,availability,T2ax+FLAIRax,2
Encephalomalacia,62,0.778435972629521,0.06790288869235851,uniform,1,vendor,GE,availability,T2ax+FLAIRax,2
Arachnoid cyst,165,0.5733556349170471,0.07341609044290764,uniform,1,vendor,GE,availability,T2ax+FLAIRax,2
Empty sella syndrome,88,0.6945402426312404,0.05440047644795827,uniform,1,vendor,GE,availability,T2ax+FLAIRax,2
Cyst of pineal gland,175,0.5810867397806581,0.050195956649459375,uniform,1,vendor,GE,availability,T2ax+FLAIRax,2
Rathke's pouch cyst,38,0.5912394870038438,0.011439058857865952,uniform,1,vendor,GE,availability,T2ax+FLAIRax,2
Cerebral edema,74,0.8393491960231566,0.19214609531631244,uniform,1,vendor,GE,availability,T2ax+FLAIRax,2
Mastoiditis,66,0.5987146397241034,0.023557310956965265,uniform,1,vendor,GE,availability,T2ax+FLAIRax,2
Chronic mastoiditis,123,0.7327525846616734,0.08045745591188784,uniform,1,vendor,GE,availability,T2ax+FLAIRax,2
Ventriculomegaly,345,0.8771156327094132,0.43743831658554266,uniform,1,vendor,GE,availability,T2ax+FLAIRax,2
Cerebellar degeneration,34,0.7133185082364273,0.0742770394381513,uniform,1,vendor,GE,availability,T2ax+FLAIRax,2
Mega cisterna magna,49,0.45863130172320254,0.010978631739147118,uniform,1,vendor,GE,availability,T2ax+FLAIRax,2
Structure of cave of septum pellucidum,129,0.5871720517610922,0.03664072480946301,uniform,1,vendor,GE,availability,T2ax+FLAIRax,2
Hyperostosis of skull,40,0.7518145647455993,0.03724876088572519,uniform,1,vendor,GE,availability,T2ax+FLAIRax,2
Choroid plexus cyst,41,0.5247902768463285,0.010418284431372776,uniform,1,vendor,GE,availability,T2ax+FLAIRax,2
Pituitary adenoma,52,0.5957027253278765,0.02114784421175449,uniform,1,vendor,GE,availability,T2ax+FLAIRax,2
Cerebral infarction,129,0.8848862043011985,0.21120366796821088,uniform,1,vendor,GE,availability,T1ax+T2cor,2
Cerebral hemorrhage,27,0.8480769230769231,0.04601272450744539,uniform,1,vendor,GE,availability,T1ax+T2cor,2
Intracranial meningioma,75,0.7413294422827497,0.0433005924406003,uniform,1,vendor,GE,availability,T1ax+T2cor,2
Demyelinating disease of central nervous system,109,0.5451044089790372,0.02738967865211664,uniform,1,vendor,GE,availability,T1ax+T2cor,2
Lacunar infarct,61,0.9042854985974589,0.13875739816682708,uniform,1,vendor,GE,availability,T1ax+T2cor,2
Gliosis,1237,0.7396522477837304,0.5457354044639434,uniform,1,vendor,GE,availability,T1ax+T2cor,2
Cerebral atrophy,550,0.9334281500737371,0.7156815817795606,uniform,1,vendor,GE,availability,T1ax+T2cor,2
Encephalomalacia,62,0.7995659824046922,0.09188270405630174,uniform,1,vendor,GE,availability,T1ax+T2cor,2
Arachnoid cyst,165,0.5990687581935719,0.0762165951128708,uniform,1,vendor,GE,availability,T1ax+T2cor,2
Empty sella syndrome,88,0.6961537182017787,0.051524798934755436,uniform,1,vendor,GE,availability,T1ax+T2cor,2
Cyst of pineal gland,175,0.567715425153112,0.04692603328661016,uniform,1,vendor,GE,availability,T1ax+T2cor,2
Rathke's pouch cyst,38,0.5656277352818053,0.010606041081669763,uniform,1,vendor,GE,availability,T1ax+T2cor,2
Cerebral edema,74,0.8311188650357141,0.15798119479172898,uniform,1,vendor,GE,availability,T1ax+T2cor,2
Mastoiditis,66,0.4970844087563331,0.018010656236127423,uniform,1,vendor,GE,availability,T1ax+T2cor,2
Chronic mastoiditis,123,0.7717995806926574,0.09296296351497693,uniform,1,vendor,GE,availability,T1ax+T2cor,2
Ventriculomegaly,345,0.8863152494549185,0.4595803272073524,uniform,1,vendor,GE,availability,T1ax+T2cor,2
Cerebellar degeneration,34,0.7433039192079433,0.08187285321660122,uniform,1,vendor,GE,availability,T1ax+T2cor,2
Mega cisterna magna,49,0.48372476104990086,0.011372407180601314,uniform,1,vendor,GE,availability,T1ax+T2cor,2
Structure of cave of septum pellucidum,129,0.622934503956201,0.04051924926554383,uniform,1,vendor,GE,availability,T1ax+T2cor,2
Hyperostosis of skull,40,0.7776525198938992,0.040585386956745205,uniform,1,vendor,GE,availability,T1ax+T2cor,2
Choroid plexus cyst,41,0.49748802842587037,0.009478779104407798,uniform,1,vendor,GE,availability,T1ax+T2cor,2
Pituitary adenoma,52,0.5760766440331131,0.02202087527916961,uniform,1,vendor,GE,availability,T1ax+T2cor,2
Cerebral infarction,129,0.8911939665547239,0.20723631115445212,uniform,1,vendor,GE,availability,T1ax+FLAIRax,2
Cerebral hemorrhage,27,0.8621260683760683,0.1053289483494109,uniform,1,vendor,GE,availability,T1ax+FLAIRax,2
Intracranial meningioma,75,0.7325810635538261,0.03751775607181098,uniform,1,vendor,GE,availability,T1ax+FLAIRax,2
Demyelinating disease of central nervous system,109,0.6380398738363382,0.05903911327497807,uniform,1,vendor,GE,availability,T1ax+FLAIRax,2
Lacunar infarct,61,0.9051675500425134,0.14132391368515193,uniform,1,vendor,GE,availability,T1ax+FLAIRax,2
Gliosis,1237,0.7285625419618267,0.5448469080502906,uniform,1,vendor,GE,availability,T1ax+FLAIRax,2
Cerebral atrophy,550,0.9315679756042692,0.7353493831894139,uniform,1,vendor,GE,availability,T1ax+FLAIRax,2
Encephalomalacia,62,0.8069677419354839,0.08436382557599945,uniform,1,vendor,GE,availability,T1ax+FLAIRax,2
Arachnoid cyst,165,0.5848590328948359,0.05716753352532916,uniform,1,vendor,GE,availability,T1ax+FLAIRax,2
Empty sella syndrome,88,0.7103866796779703,0.0563655321813018,uniform,1,vendor,GE,availability,T1ax+FLAIRax,2
Cyst of pineal gland,175,0.5517689787779518,0.04664503043954804,uniform,1,vendor,GE,availability,T1ax+FLAIRax,2
Rathke's pouch cyst,38,0.5764483515368319,0.01080661932223852,uniform,1,vendor,GE,availability,T1ax+FLAIRax,2
Cerebral edema,74,0.8590789914641118,0.21639371242798516,uniform,1,vendor,GE,availability,T1ax+FLAIRax,2
Mastoiditis,66,0.5989499459531005,0.023871450597980882,uniform,1,vendor,GE,availability,T1ax+FLAIRax,2
Chronic mastoiditis,123,0.732205444593816,0.08302660160887297,uniform,1,vendor,GE,availability,T1ax+FLAIRax,2
Ventriculomegaly,345,0.8868410927279723,0.4548599104887197,uniform,1,vendor,GE,availability,T1ax+FLAIRax,2
Cerebellar degeneration,34,0.7181201399413607,0.06073075737858151,uniform,1,vendor,GE,availability,T1ax+FLAIRax,2
Mega cisterna magna,49,0.45030133851510634,0.011382328211506278,uniform,1,vendor,GE,availability,T1ax+FLAIRax,2
Structure of cave of septum pellucidum,129,0.6199620999384888,0.04115689433527383,uniform,1,vendor,GE,availability,T1ax+FLAIRax,2
Hyperostosis of skull,40,0.7576802507836992,0.042135546909287405,uniform,1,vendor,GE,availability,T1ax+FLAIRax,2
Choroid plexus cyst,41,0.5229371830621345,0.010333166436142413,uniform,1,vendor,GE,availability,T1ax+FLAIRax,2
Pituitary adenoma,52,0.5665612501162682,0.017600789685761477,uniform,1,vendor,GE,availability,T1ax+FLAIRax,2
Cerebral infarction,129,0.8807256027905448,0.20347761967507114,uniform,1,vendor,GE,availability,T1ax+T2ax,2
Cerebral hemorrhage,27,0.848272792022792,0.05224488838637627,uniform,1,vendor,GE,availability,T1ax+T2ax,2
Intracranial meningioma,75,0.7329377431906615,0.03955155209723911,uniform,1,vendor,GE,availability,T1ax+T2ax,2
Demyelinating disease of central nervous system,109,0.5966159882295243,0.03150909055326439,uniform,1,vendor,GE,availability,T1ax+T2ax,2
Lacunar infarct,61,0.9022830034249024,0.15611982472157002,uniform,1,vendor,GE,availability,T1ax+T2ax,2
Gliosis,1237,0.7165454968965375,0.5297097193110689,uniform,1,vendor,GE,availability,T1ax+T2ax,2
Cerebral atrophy,550,0.9152518309295874,0.6751408039027597,uniform,1,vendor,GE,availability,T1ax+T2ax,2
Encephalomalacia,62,0.787386119257087,0.062160028434507256,uniform,1,vendor,GE,availability,T1ax+T2ax,2
Arachnoid cyst,165,0.5888823591459096,0.06832448279971008,uniform,1,vendor,GE,availability,T1ax+T2ax,2
Empty sella syndrome,88,0.6892118920357516,0.045211769528545165,uniform,1,vendor,GE,availability,T1ax+T2ax,2
Cyst of pineal gland,175,0.5421036889332004,0.04470659514420038,uniform,1,vendor,GE,availability,T1ax+T2ax,2
Rathke's pouch cyst,38,0.5585429589882154,0.010344747325038735,uniform,1,vendor,GE,availability,T1ax+T2ax,2
Cerebral edema,74,0.8270184845677188,0.1568719475745073,uniform,1,vendor,GE,availability,T1ax+T2ax,2
Mastoiditis,66,0.5108571764723184,0.018502900433836247,uniform,1,vendor,GE,availability,T1ax+T2ax,2
Chronic mastoiditis,123,0.7426901286729403,0.08759756539543376,uniform,1,vendor,GE,availability,T1ax+T2ax,2
Ventriculomegaly,345,0.8738436351839698,0.4313450275233333,uniform,1,vendor,GE,availability,T1ax+T2ax,2
Cerebellar degeneration,34,0.7142391750825059,0.07156913998084656,uniform,1,vendor,GE,availability,T1ax+T2ax,2
Mega cisterna magna,49,0.44846667521527706,0.011316091866106204,uniform,1,vendor,GE,availability,T1ax+T2ax,2
Structure of cave of septum pellucidum,129,0.6345585903622283,0.04174843121477868,uniform,1,vendor,GE,availability,T1ax+T2ax,2
Hyperostosis of skull,40,0.7474318784663613,0.03413704410560225,uniform,1,vendor,GE,availability,T1ax+T2ax,2
Choroid plexus cyst,41,0.5148071017613216,0.009997742101432786,uniform,1,vendor,GE,availability,T1ax+T2ax,2
Pituitary adenoma,52,0.5874011719840014,0.02157059020446641,uniform,1,vendor,GE,availability,T1ax+T2ax,2
Cerebral infarction,129,0.8871556233070097,0.21633216299912125,uniform,1,vendor,GE,availability,T2ax+FLAIRax+T2cor,3
Cerebral hemorrhage,27,0.8348824786324786,0.04224335004953884,uniform,1,vendor,GE,availability,T2ax+FLAIRax+T2cor,3
Intracranial meningioma,75,0.7356776913099871,0.039924549097997766,uniform,1,vendor,GE,availability,T2ax+FLAIRax+T2cor,3
Demyelinating disease of central nervous system,109,0.5691245483709859,0.02989879903295807,uniform,1,vendor,GE,availability,T2ax+FLAIRax+T2cor,3
Lacunar infarct,61,0.9062045564711585,0.14909836585077454,uniform,1,vendor,GE,availability,T2ax+FLAIRax+T2cor,3
Gliosis,1237,0.727254566131839,0.5420729527976109,uniform,1,vendor,GE,availability,T2ax+FLAIRax+T2cor,3
Cerebral atrophy,550,0.9361201789686806,0.7365517049928165,uniform,1,vendor,GE,availability,T2ax+FLAIRax+T2cor,3
Encephalomalacia,62,0.7819902248289344,0.09222594408825598,uniform,1,vendor,GE,availability,T2ax+FLAIRax+T2cor,3
Arachnoid cyst,165,0.5911170381085846,0.08475328313383625,uniform,1,vendor,GE,availability,T2ax+FLAIRax+T2cor,3
Empty sella syndrome,88,0.7004590920180088,0.0561387990518694,uniform,1,vendor,GE,availability,T2ax+FLAIRax+T2cor,3
Cyst of pineal gland,175,0.5962085173052272,0.051941851506381476,uniform,1,vendor,GE,availability,T2ax+FLAIRax+T2cor,3
Rathke's pouch cyst,38,0.591296571145869,0.014418732800789227,uniform,1,vendor,GE,availability,T2ax+FLAIRax+T2cor,3
Cerebral edema,74,0.8382288196292573,0.19486737327315717,uniform,1,vendor,GE,availability,T2ax+FLAIRax+T2cor,3
Mastoiditis,66,0.5701322862206143,0.022564172722612918,uniform,1,vendor,GE,availability,T2ax+FLAIRax+T2cor,3
Chronic mastoiditis,123,0.7565876864477306,0.0891147582195449,uniform,1,vendor,GE,availability,T2ax+FLAIRax+T2cor,3
Ventriculomegaly,345,0.8868674980573223,0.45875689610779996,uniform,1,vendor,GE,availability,T2ax+FLAIRax+T2cor,3
Cerebellar degeneration,34,0.7386864208722256,0.09287105047941545,uniform,1,vendor,GE,availability,T2ax+FLAIRax+T2cor,3
Mega cisterna magna,49,0.46987601227054376,0.010925975997478101,uniform,1,vendor,GE,availability,T2ax+FLAIRax+T2cor,3
Structure of cave of septum pellucidum,129,0.5865244650245854,0.036732692376131,uniform,1,vendor,GE,availability,T2ax+FLAIRax+T2cor,3
Hyperostosis of skull,40,0.769990354473113,0.0385301478094073,uniform,1,vendor,GE,availability,T2ax+FLAIRax+T2cor,3
Choroid plexus cyst,41,0.5151306578188792,0.01003844300750946,uniform,1,vendor,GE,availability,T2ax+FLAIRax+T2cor,3
Pituitary adenoma,52,0.5984094502836945,0.030091008173945215,uniform,1,vendor,GE,availability,T2ax+FLAIRax+T2cor,3
Cerebral infarction,129,0.8922962012065362,0.21592887557777232,uniform,1,vendor,GE,availability,T1ax+FLAIRax+T2cor,3
Cerebral hemorrhage,27,0.856712962962963,0.06623759810903232,uniform,1,vendor,GE,availability,T1ax+FLAIRax+T2cor,3
Intracranial meningioma,75,0.7412094682230869,0.04072114172747476,uniform,1,vendor,GE,availability,T1ax+FLAIRax+T2cor,3
Demyelinating disease of central nervous system,109,0.5766588226824626,0.031155174147162817,uniform,1,vendor,GE,availability,T1ax+FLAIRax+T2cor,3
Lacunar infarct,61,0.9078137043776769,0.142664359698231,uniform,1,vendor,GE,availability,T1ax+FLAIRax+T2cor,3
Gliosis,1237,0.7392077607113986,0.55114766842844,uniform,1,vendor,GE,availability,T1ax+FLAIRax+T2cor,3
Cerebral atrophy,550,0.9417156997525434,0.7507086416636177,uniform,1,vendor,GE,availability,T1ax+FLAIRax+T2cor,3
Encephalomalacia,62,0.802256109481916,0.11625388102644463,uniform,1,vendor,GE,availability,T1ax+FLAIRax+T2cor,3
Arachnoid cyst,165,0.5967180507210343,0.07987146098213173,uniform,1,vendor,GE,availability,T1ax+FLAIRax+T2cor,3
Empty sella syndrome,88,0.710824702255539,0.059073911321057763,uniform,1,vendor,GE,availability,T1ax+FLAIRax+T2cor,3
Cyst of pineal gland,175,0.5742757441959835,0.04858990455717832,uniform,1,vendor,GE,availability,T1ax+FLAIRax+T2cor,3
Rathke's pouch cyst,38,0.5819537999010541,0.010923036597450747,uniform,1,vendor,GE,availability,T1ax+FLAIRax+T2cor,3
Cerebral edema,74,0.8524093020810745,0.217966081845266,uniform,1,vendor,GE,availability,T1ax+FLAIRax+T2cor,3
Mastoiditis,66,0.5675181810828498,0.021707757300364963,uniform,1,vendor,GE,availability,T1ax+FLAIRax+T2cor,3
Chronic mastoiditis,123,0.7588262595224377,0.09099676670437426,uniform,1,vendor,GE,availability,T1ax+FLAIRax+T2cor,3
Ventriculomegaly,345,0.8925189929761824,0.4690897559997772,uniform,1,vendor,GE,availability,T1ax+FLAIRax+T2cor,3
Cerebellar degeneration,34,0.7399611903514115,0.08399056986641622,uniform,1,vendor,GE,availability,T1ax+FLAIRax+T2cor,3
Mega cisterna magna,49,0.45585957921109477,0.010954779674899995,uniform,1,vendor,GE,availability,T1ax+FLAIRax+T2cor,3
Structure of cave of septum pellucidum,129,0.6124346204836078,0.03973472588094148,uniform,1,vendor,GE,availability,T1ax+FLAIRax+T2cor,3
Hyperostosis of skull,40,0.7764588859416446,0.039908854096076904,uniform,1,vendor,GE,availability,T1ax+FLAIRax+T2cor,3
Choroid plexus cyst,41,0.5124304354476251,0.009965724598083106,uniform,1,vendor,GE,availability,T1ax+FLAIRax+T2cor,3
Pituitary adenoma,52,0.5812017486745419,0.021552773394488193,uniform,1,vendor,GE,availability,T1ax+FLAIRax+T2cor,3
Cerebral infarction,129,0.8843226701204625,0.2067461123892142,uniform,1,vendor,GE,availability,T1ax+T2ax+T2cor,3
Cerebral hemorrhage,27,0.8402688746438747,0.0428548789953449,uniform,1,vendor,GE,availability,T1ax+T2ax+T2cor,3
Intracranial meningioma,75,0.7420071335927367,0.04269400302381417,uniform,1,vendor,GE,availability,T1ax+T2ax+T2cor,3
Demyelinating disease of central nervous system,109,0.5723416317586874,0.029379699030740645,uniform,1,vendor,GE,availability,T1ax+T2ax+T2cor,3
Lacunar infarct,61,0.9052708533649071,0.1504014226159222,uniform,1,vendor,GE,availability,T1ax+T2ax+T2cor,3
Gliosis,1237,0.7300360357891563,0.5407704474480026,uniform,1,vendor,GE,availability,T1ax+T2ax+T2cor,3
Cerebral atrophy,550,0.9302047141750193,0.7071580934032368,uniform,1,vendor,GE,availability,T1ax+T2ax+T2cor,3
Encephalomalacia,62,0.787784946236559,0.09125282697668248,uniform,1,vendor,GE,availability,T1ax+T2ax+T2cor,3
Arachnoid cyst,165,0.5979431309615297,0.07962703056596931,uniform,1,vendor,GE,availability,T1ax+T2ax+T2cor,3
Empty sella syndrome,88,0.694950542260862,0.04837689463902906,uniform,1,vendor,GE,availability,T1ax+T2ax+T2cor,3
Cyst of pineal gland,175,0.5695584674547784,0.047424912669238393,uniform,1,vendor,GE,availability,T1ax+T2ax+T2cor,3
Rathke's pouch cyst,38,0.5690147277086425,0.013205326664328675,uniform,1,vendor,GE,availability,T1ax+T2ax+T2cor,3
Cerebral edema,74,0.8278103048343749,0.16812977844728624,uniform,1,vendor,GE,availability,T1ax+T2ax+T2cor,3
Mastoiditis,66,0.5052649768738097,0.017925255065643464,uniform,1,vendor,GE,availability,T1ax+T2ax+T2cor,3
Chronic mastoiditis,123,0.7639035593111836,0.09301479417186771,uniform,1,vendor,GE,availability,T1ax+T2ax+T2cor,3
Ventriculomegaly,345,0.8836867875276312,0.4564636335295753,uniform,1,vendor,GE,availability,T1ax+T2ax+T2cor,3
Cerebellar degeneration,34,0.7356765484908145,0.07666742929249555,uniform,1,vendor,GE,availability,T1ax+T2ax+T2cor,3
Mega cisterna magna,49,0.4711435081524152,0.011076805474943722,uniform,1,vendor,GE,availability,T1ax+T2ax+T2cor,3
Structure of cave of septum pellucidum,129,0.6228771953954483,0.04037694429962739,uniform,1,vendor,GE,availability,T1ax+T2ax+T2cor,3
Hyperostosis of skull,40,0.7709669640704123,0.035003485282682836,uniform,1,vendor,GE,availability,T1ax+T2ax+T2cor,3
Choroid plexus cyst,41,0.5047886296518537,0.009698037039093572,uniform,1,vendor,GE,availability,T1ax+T2ax+T2cor,3
Pituitary adenoma,52,0.5917914612594177,0.02811006228844763,uniform,1,vendor,GE,availability,T1ax+T2ax+T2cor,3
Cerebral infarction,129,0.8875109363836768,0.2123724328610534,uniform,1,vendor,GE,availability,T1ax+T2ax+FLAIRax,3
Cerebral hemorrhage,27,0.8540331196581197,0.07599704944008318,uniform,1,vendor,GE,availability,T1ax+T2ax+FLAIRax,3
Intracranial meningioma,75,0.7318871595330739,0.03833623849307154,uniform,1,vendor,GE,availability,T1ax+T2ax+FLAIRax,3
Demyelinating disease of central nervous system,109,0.6098082798277623,0.03423785326790129,uniform,1,vendor,GE,availability,T1ax+T2ax+FLAIRax,3
Lacunar infarct,61,0.9049331309647736,0.14717742734724507,uniform,1,vendor,GE,availability,T1ax+T2ax+FLAIRax,3
Gliosis,1237,0.7218190537522436,0.5382406758830013,uniform,1,vendor,GE,availability,T1ax+T2ax+FLAIRax,3
Cerebral atrophy,550,0.9268048091583972,0.7152025448255883,uniform,1,vendor,GE,availability,T1ax+T2ax+FLAIRax,3
Encephalomalacia,62,0.7929227761485826,0.07631227523316828,uniform,1,vendor,GE,availability,T1ax+T2ax+FLAIRax,3
Arachnoid cyst,165,0.5867441194641593,0.07421207927837649,uniform,1,vendor,GE,availability,T1ax+T2ax+FLAIRax,3
Empty sella syndrome,88,0.7024856395129632,0.05494351876443182,uniform,1,vendor,GE,availability,T1ax+T2ax+FLAIRax,3
Cyst of pineal gland,175,0.5580259222333,0.046843961142961923,uniform,1,vendor,GE,availability,T1ax+T2ax+FLAIRax,3
Rathke's pouch cyst,38,0.5780657355608834,0.010810820786383377,uniform,1,vendor,GE,availability,T1ax+T2ax+FLAIRax,3
Cerebral edema,74,0.8474349623146122,0.20521164122360644,uniform,1,vendor,GE,availability,T1ax+T2ax+FLAIRax,3
Mastoiditis,66,0.5731140573411867,0.021398384901510248,uniform,1,vendor,GE,availability,T1ax+T2ax+FLAIRax,3
Chronic mastoiditis,123,0.738307006593688,0.0867295527201964,uniform,1,vendor,GE,availability,T1ax+T2ax+FLAIRax,3
Ventriculomegaly,345,0.8817727783687541,0.44349019173439386,uniform,1,vendor,GE,availability,T1ax+T2ax+FLAIRax,3
Cerebellar degeneration,34,0.7194728119998302,0.0758719593956681,uniform,1,vendor,GE,availability,T1ax+T2ax+FLAIRax,3
Mega cisterna magna,49,0.4479143034690919,0.011139900108565484,uniform,1,vendor,GE,availability,T1ax+T2ax+FLAIRax,3
Structure of cave of septum pellucidum,129,0.6175952563793979,0.04061937585183928,uniform,1,vendor,GE,availability,T1ax+T2ax+FLAIRax,3
Hyperostosis of skull,40,0.7545816252712805,0.037583563389350635,uniform,1,vendor,GE,availability,T1ax+T2ax+FLAIRax,3
Choroid plexus cyst,41,0.5221077029873048,0.010291238431363705,uniform,1,vendor,GE,availability,T1ax+T2ax+FLAIRax,3
Pituitary adenoma,52,0.5836154776299878,0.019988798713633505,uniform,1,vendor,GE,availability,T1ax+T2ax+FLAIRax,3
Cerebral infarction,129,0.8894345937396128,0.2161593711541849,uniform,1,vendor,GE,availability,T1ax+T2ax+FLAIRax+T2cor,4
Cerebral hemorrhage,27,0.8490562678062679,0.05698310972256443,uniform,1,vendor,GE,availability,T1ax+T2ax+FLAIRax+T2cor,4
Intracranial meningioma,75,0.7394974059662776,0.04069849305922579,uniform,1,vendor,GE,availability,T1ax+T2ax+FLAIRax+T2cor,4
Demyelinating disease of central nervous system,109,0.5836711645841862,0.03072632646339415,uniform,1,vendor,GE,availability,T1ax+T2ax+FLAIRax+T2cor,4
Lacunar infarct,61,0.9070468758691386,0.14925794496487668,uniform,1,vendor,GE,availability,T1ax+T2ax+FLAIRax+T2cor,4
Gliosis,1237,0.7311776715125441,0.5450171686491283,uniform,1,vendor,GE,availability,T1ax+T2ax+FLAIRax+T2cor,4
Cerebral atrophy,550,0.9362501562226611,0.7331154717336577,uniform,1,vendor,GE,availability,T1ax+T2ax+FLAIRax+T2cor,4
Encephalomalacia,62,0.792039100684262,0.10261798573957416,uniform,1,vendor,GE,availability,T1ax+T2ax+FLAIRax+T2cor,4
Arachnoid cyst,165,0.594279945150159,0.08238315018571113,uniform,1,vendor,GE,availability,T1ax+T2ax+FLAIRax+T2cor,4
Empty sella syndrome,88,0.7045509991350439,0.0561086645736973,uniform,1,vendor,GE,availability,T1ax+T2ax+FLAIRax+T2cor,4
Cyst of pineal gland,175,0.5743654750035607,0.04861219972383185,uniform,1,vendor,GE,availability,T1ax+T2ax+FLAIRax+T2cor,4
Rathke's pouch cyst,38,0.5787063464880567,0.011244537323973475,uniform,1,vendor,GE,availability,T1ax+T2ax+FLAIRax+T2cor,4
Cerebral edema,74,0.8445633817625064,0.20208399952261294,uniform,1,vendor,GE,availability,T1ax+T2ax+FLAIRax+T2cor,4
Mastoiditis,66,0.5560580323987264,0.02039865745715396,uniform,1,vendor,GE,availability,T1ax+T2ax+FLAIRax+T2cor,4
Chronic mastoiditis,123,0.7559715287113501,0.09117251385969481,uniform,1,vendor,GE,availability,T1ax+T2ax+FLAIRax+T2cor,4
Ventriculomegaly,345,0.8879176757274668,0.4606278169230464,uniform,1,vendor,GE,availability,T1ax+T2ax+FLAIRax+T2cor,4
Cerebellar degeneration,34,0.7352657894364103,0.081447268286892,uniform,1,vendor,GE,availability,T1ax+T2ax+FLAIRax+T2cor,4
Mega cisterna magna,49,0.4549915664670895,0.010904387933758308,uniform,1,vendor,GE,availability,T1ax+T2ax+FLAIRax+T2cor,4
Structure of cave of septum pellucidum,129,0.6119723314268686,0.03953624771686859,uniform,1,vendor,GE,availability,T1ax+T2ax+FLAIRax+T2cor,4
Hyperostosis of skull,40,0.7696889317578972,0.0393301477975535,uniform,1,vendor,GE,availability,T1ax+T2ax+FLAIRax+T2cor,4
Choroid plexus cyst,41,0.5140305672231831,0.010038428111446264,uniform,1,vendor,GE,availability,T1ax+T2ax+FLAIRax+T2cor,4
Pituitary adenoma,52,0.5894474932564414,0.026115042856967856,uniform,1,vendor,GE,availability,T1ax+T2ax+FLAIRax+T2cor,4
Cerebral infarction,129,0.8781581792688192,0.18699678658833527,uniform,1,vendor,GE,budget,all4,1
Cerebral hemorrhage,27,0.8619301994301994,0.07346547389515262,uniform,1,vendor,GE,budget,all4,1
Intracranial meningioma,75,0.7209208819714656,0.037651417842362866,uniform,1,vendor,GE,budget,all4,1
Demyelinating disease of central nervous system,109,0.6025754664770911,0.04155647326589113,uniform,1,vendor,GE,budget,all4,1
Lacunar infarct,61,0.8961364557424728,0.11867814253523676,uniform,1,vendor,GE,budget,all4,1
Gliosis,1237,0.7267051231108613,0.5317289143161673,uniform,1,vendor,GE,budget,all4,1
Cerebral atrophy,550,0.9150893593621117,0.6661297584987528,uniform,1,vendor,GE,budget,all4,1
Encephalomalacia,62,0.80511045943304,0.06268563840777085,uniform,1,vendor,GE,budget,all4,1
Arachnoid cyst,165,0.580035561984841,0.05313069273542693,uniform,1,vendor,GE,budget,all4,1
Empty sella syndrome,88,0.688377431302535,0.045725639592018155,uniform,1,vendor,GE,budget,all4,1
Cyst of pineal gland,175,0.5209628258082895,0.04555479158783693,uniform,1,vendor,GE,budget,all4,1
Rathke's pouch cyst,38,0.5235820933389148,0.009224301298914887,uniform,1,vendor,GE,budget,all4,1
Cerebral edema,74,0.8251555713262496,0.12331348679021525,uniform,1,vendor,GE,budget,all4,1
Mastoiditis,66,0.5054451332053855,0.019503647692524044,uniform,1,vendor,GE,budget,all4,1
Chronic mastoiditis,123,0.7360424268612764,0.07955995695845118,uniform,1,vendor,GE,budget,all4,1
Ventriculomegaly,345,0.8728130729013421,0.42345717375215897,uniform,1,vendor,GE,budget,all4,1
Cerebellar degeneration,34,0.7086655996373988,0.04776469983658931,uniform,1,vendor,GE,budget,all4,1
Mega cisterna magna,49,0.4553861177143647,0.012385048743660108,uniform,1,vendor,GE,budget,all4,1
Structure of cave of septum pellucidum,129,0.6251561658280513,0.04144621667045684,uniform,1,vendor,GE,budget,all4,1
Hyperostosis of skull,40,0.7433928140824693,0.03710307249760015,uniform,1,vendor,GE,budget,all4,1
Choroid plexus cyst,41,0.5117127292835879,0.00993742587560929,uniform,1,vendor,GE,budget,all4,1
Pituitary adenoma,52,0.5619244721421263,0.016932731823954376,uniform,1,vendor,GE,budget,all4,1
Cerebral infarction,129,0.8807256027905448,0.20347761967507114,uniform,1,vendor,GE,budget,all4,2
Cerebral hemorrhage,27,0.848272792022792,0.05224488838637627,uniform,1,vendor,GE,budget,all4,2
Intracranial meningioma,75,0.7329377431906615,0.03955155209723911,uniform,1,vendor,GE,budget,all4,2
Demyelinating disease of central nervous system,109,0.5966159882295242,0.03150909055326439,uniform,1,vendor,GE,budget,all4,2
Lacunar infarct,61,0.9022830034249024,0.15611982472157002,uniform,1,vendor,GE,budget,all4,2
Gliosis,1237,0.7165454968965375,0.5297097193110689,uniform,1,vendor,GE,budget,all4,2
Cerebral atrophy,550,0.9152518309295875,0.6751408039027597,uniform,1,vendor,GE,budget,all4,2
Encephalomalacia,62,0.787386119257087,0.062160028434507256,uniform,1,vendor,GE,budget,all4,2
Arachnoid cyst,165,0.5888823591459096,0.06832448279971008,uniform,1,vendor,GE,budget,all4,2
Empty sella syndrome,88,0.6892118920357515,0.045211769528545165,uniform,1,vendor,GE,budget,all4,2
Cyst of pineal gland,175,0.5421036889332004,0.04470659514420038,uniform,1,vendor,GE,budget,all4,2
Rathke's pouch cyst,38,0.5585429589882153,0.010344747325038735,uniform,1,vendor,GE,budget,all4,2
Cerebral edema,74,0.8270184845677188,0.1568719475745073,uniform,1,vendor,GE,budget,all4,2
Mastoiditis,66,0.5108571764723184,0.018502900433836247,uniform,1,vendor,GE,budget,all4,2
Chronic mastoiditis,123,0.7426901286729403,0.08759756539543376,uniform,1,vendor,GE,budget,all4,2
Ventriculomegaly,345,0.8738436351839698,0.4313450275233333,uniform,1,vendor,GE,budget,all4,2
Cerebellar degeneration,34,0.7142391750825059,0.07156913998084656,uniform,1,vendor,GE,budget,all4,2
Mega cisterna magna,49,0.44846667521527706,0.011316091866106204,uniform,1,vendor,GE,budget,all4,2
Structure of cave of septum pellucidum,129,0.6345585903622283,0.04174843121477868,uniform,1,vendor,GE,budget,all4,2
Hyperostosis of skull,40,0.7474318784663613,0.03413704410560225,uniform,1,vendor,GE,budget,all4,2
Choroid plexus cyst,41,0.5148071017613215,0.009997742101432786,uniform,1,vendor,GE,budget,all4,2
Pituitary adenoma,52,0.5874011719840014,0.02157059020446641,uniform,1,vendor,GE,budget,all4,2
Cerebral infarction,129,0.8875099812409977,0.21236247916564444,uniform,1,vendor,GE,budget,all4,3
Cerebral hemorrhage,27,0.8540331196581197,0.07599704944008318,uniform,1,vendor,GE,budget,all4,3
Intracranial meningioma,75,0.7318871595330739,0.03833623849307154,uniform,1,vendor,GE,budget,all4,3
Demyelinating disease of central nervous system,109,0.6098082798277623,0.03423785326790129,uniform,1,vendor,GE,budget,all4,3
Lacunar infarct,61,0.9049331309647736,0.14717742734724504,uniform,1,vendor,GE,budget,all4,3
Gliosis,1237,0.7218190537522436,0.5382406758830013,uniform,1,vendor,GE,budget,all4,3
Cerebral atrophy,550,0.9268048091583975,0.7152025448255883,uniform,1,vendor,GE,budget,all4,3
Encephalomalacia,62,0.7929227761485826,0.07631227523316828,uniform,1,vendor,GE,budget,all4,3
Arachnoid cyst,165,0.5867441194641593,0.07421207927837649,uniform,1,vendor,GE,budget,all4,3
Empty sella syndrome,88,0.7024856395129632,0.05494351876443182,uniform,1,vendor,GE,budget,all4,3
Cyst of pineal gland,175,0.5580259222333,0.046843961142961923,uniform,1,vendor,GE,budget,all4,3
Rathke's pouch cyst,38,0.5780657355608834,0.010810820786383377,uniform,1,vendor,GE,budget,all4,3
Cerebral edema,74,0.8474349623146122,0.20521164122360644,uniform,1,vendor,GE,budget,all4,3
Mastoiditis,66,0.5731140573411867,0.021398384901510248,uniform,1,vendor,GE,budget,all4,3
Chronic mastoiditis,123,0.738307006593688,0.0867295527201964,uniform,1,vendor,GE,budget,all4,3
Ventriculomegaly,345,0.8817727783687541,0.44349019173439386,uniform,1,vendor,GE,budget,all4,3
Cerebellar degeneration,34,0.7194728119998299,0.0758719593956681,uniform,1,vendor,GE,budget,all4,3
Mega cisterna magna,49,0.4479143034690919,0.011139900108565484,uniform,1,vendor,GE,budget,all4,3
Structure of cave of septum pellucidum,129,0.6175952563793979,0.04061937585183928,uniform,1,vendor,GE,budget,all4,3
Hyperostosis of skull,40,0.7545816252712805,0.037583563389350635,uniform,1,vendor,GE,budget,all4,3
Choroid plexus cyst,41,0.5221018201498947,0.010291177103625407,uniform,1,vendor,GE,budget,all4,3
Pituitary adenoma,52,0.5836154776299878,0.019988798713633505,uniform,1,vendor,GE,budget,all4,3
Cerebral infarction,129,0.8894345937396128,0.2161593711541849,uniform,1,vendor,GE,budget,all4,4
Cerebral hemorrhage,27,0.8490562678062679,0.05698310972256443,uniform,1,vendor,GE,budget,all4,4
Intracranial meningioma,75,0.7394974059662774,0.04069849305922579,uniform,1,vendor,GE,budget,all4,4
Demyelinating disease of central nervous system,109,0.5836711645841862,0.03072632646339415,uniform,1,vendor,GE,budget,all4,4
Lacunar infarct,61,0.9070468758691386,0.1492579449648767,uniform,1,vendor,GE,budget,all4,4
Gliosis,1237,0.7311776715125441,0.5450171686491283,uniform,1,vendor,GE,budget,all4,4
Cerebral atrophy,550,0.9362501562226611,0.7331154717336577,uniform,1,vendor,GE,budget,all4,4
Encephalomalacia,62,0.792039100684262,0.10261798573957416,uniform,1,vendor,GE,budget,all4,4
Arachnoid cyst,165,0.594279945150159,0.08238315018571113,uniform,1,vendor,GE,budget,all4,4
Empty sella syndrome,88,0.7045509991350439,0.0561086645736973,uniform,1,vendor,GE,budget,all4,4
Cyst of pineal gland,175,0.5743654750035607,0.04861219972383185,uniform,1,vendor,GE,budget,all4,4
Rathke's pouch cyst,38,0.5787063464880567,0.011244537323973475,uniform,1,vendor,GE,budget,all4,4
Cerebral edema,74,0.8445633817625064,0.20208399952261294,uniform,1,vendor,GE,budget,all4,4
Mastoiditis,66,0.5560580323987264,0.02039865745715396,uniform,1,vendor,GE,budget,all4,4
Chronic mastoiditis,123,0.7559715287113501,0.09117251385969481,uniform,1,vendor,GE,budget,all4,4
Ventriculomegaly,345,0.8879176757274667,0.46062781692304644,uniform,1,vendor,GE,budget,all4,4
Cerebellar degeneration,34,0.7352657894364103,0.081447268286892,uniform,1,vendor,GE,budget,all4,4
Mega cisterna magna,49,0.4549915664670895,0.010904387933758308,uniform,1,vendor,GE,budget,all4,4
Structure of cave of septum pellucidum,129,0.6119732865695477,0.039536394313236994,uniform,1,vendor,GE,budget,all4,4
Hyperostosis of skull,40,0.7696889317578972,0.0393301477975535,uniform,1,vendor,GE,budget,all4,4
Choroid plexus cyst,41,0.5140305672231831,0.010038428111446264,uniform,1,vendor,GE,budget,all4,4
Pituitary adenoma,52,0.5894474932564414,0.026115042856967856,uniform,1,vendor,GE,budget,all4,4
Cerebral infarction,129,0.8718007495959746,0.18942319207292996,patient,1,vendor,GE,availability,T2cor,1
Cerebral hemorrhage,27,0.8213853276353276,0.02299365823237084,patient,1,vendor,GE,availability,T2cor,1
Intracranial meningioma,75,0.7085635538261997,0.03458009431499697,patient,1,vendor,GE,availability,T2cor,1
Demyelinating disease of central nervous system,109,0.46137025255229447,0.022721683690135632,patient,1,vendor,GE,availability,T2cor,1
Lacunar infarct,61,0.893621417162655,0.11361765329113413,patient,1,vendor,GE,availability,T2cor,1
Gliosis,1237,0.740013701820972,0.5432480205582355,patient,1,vendor,GE,availability,T2cor,1
Cerebral atrophy,550,0.9304806658834706,0.715464029989203,patient,1,vendor,GE,availability,T2cor,1
Encephalomalacia,62,0.7675503421309873,0.090386156219454,patient,1,vendor,GE,availability,T2cor,1
Arachnoid cyst,165,0.5940313126290252,0.06774979061070918,patient,1,vendor,GE,availability,T2cor,1
Empty sella syndrome,88,0.6618659761804432,0.038161003604040365,patient,1,vendor,GE,availability,T2cor,1
Cyst of pineal gland,175,0.6237060247827945,0.054133792691891024,patient,1,vendor,GE,availability,T2cor,1
Rathke's pouch cyst,38,0.5935418807321993,0.013037512612267536,patient,1,vendor,GE,availability,T2cor,1
Cerebral edema,74,0.8117044834769123,0.11358962615774464,patient,1,vendor,GE,availability,T2cor,1
Mastoiditis,66,0.5183980057797092,0.0327150682756923,patient,1,vendor,GE,availability,T2cor,1
Chronic mastoiditis,123,0.7568037417578899,0.08472452835633794,patient,1,vendor,GE,availability,T2cor,1
Ventriculomegaly,345,0.8810832220537311,0.44824270124400034,patient,1,vendor,GE,availability,T2cor,1
Cerebellar degeneration,34,0.7650104106174133,0.10822561594058978,patient,1,vendor,GE,availability,T2cor,1
Mega cisterna magna,49,0.5263609552085696,0.011840018633306965,patient,1,vendor,GE,availability,T2cor,1
Structure of cave of septum pellucidum,129,0.5455564852277633,0.032943386910508764,patient,1,vendor,GE,availability,T2cor,1
Hyperostosis of skull,40,0.7792982879189776,0.03401240678068443,patient,1,vendor,GE,availability,T2cor,1
Choroid plexus cyst,41,0.4768451519536903,0.009140116906893585,patient,1,vendor,GE,availability,T2cor,1
Pituitary adenoma,52,0.49631662170960833,0.012283813847908623,patient,1,vendor,GE,availability,T2cor,1
Cerebral infarction,129,0.8897593422505453,0.21042716191913993,patient,1,vendor,GE,availability,FLAIRax,1
Cerebral hemorrhage,27,0.846741452991453,0.08251601676388536,patient,1,vendor,GE,availability,FLAIRax,1
Intracranial meningioma,75,0.7193482490272374,0.040062038112670485,patient,1,vendor,GE,availability,FLAIRax,1
Demyelinating disease of central nervous system,109,0.5967352227886489,0.08533710896133254,patient,1,vendor,GE,availability,FLAIRax,1
Lacunar infarct,61,0.9045278640846133,0.14307525460828505,patient,1,vendor,GE,availability,FLAIRax,1
Gliosis,1237,0.7328405245057068,0.5506809796858976,patient,1,vendor,GE,availability,FLAIRax,1
Cerebral atrophy,550,0.9415822231109556,0.7559735628488876,patient,1,vendor,GE,availability,FLAIRax,1
Encephalomalacia,62,0.7900566959921799,0.06478994733959466,patient,1,vendor,GE,availability,FLAIRax,1
Arachnoid cyst,165,0.5351234874854964,0.0432904686362435,patient,1,vendor,GE,availability,FLAIRax,1
Empty sella syndrome,88,0.6956574774335204,0.04666946405936486,patient,1,vendor,GE,availability,FLAIRax,1
Cyst of pineal gland,175,0.604560603902578,0.054870550675204084,patient,1,vendor,GE,availability,FLAIRax,1
Rathke's pouch cyst,38,0.5810087402164124,0.010708318423638234,patient,1,vendor,GE,availability,FLAIRax,1
Cerebral edema,74,0.8690900966612127,0.2698606066990439,patient,1,vendor,GE,availability,FLAIRax,1
Mastoiditis,66,0.6406248851043803,0.02787381714584699,patient,1,vendor,GE,availability,FLAIRax,1
Chronic mastoiditis,123,0.7291846712758466,0.08199202267659557,patient,1,vendor,GE,availability,FLAIRax,1
Ventriculomegaly,345,0.8876913443330391,0.44396260132386284,patient,1,vendor,GE,availability,FLAIRax,1
Cerebellar degeneration,34,0.7348267021713574,0.06309109601574067,patient,1,vendor,GE,availability,FLAIRax,1
Mega cisterna magna,49,0.4742111440999792,0.011836546194930977,patient,1,vendor,GE,availability,FLAIRax,1
Structure of cave of septum pellucidum,129,0.5957969901543892,0.04032232215306689,patient,1,vendor,GE,availability,FLAIRax,1
Hyperostosis of skull,40,0.7658367494574392,0.03780716080532154,patient,1,vendor,GE,availability,FLAIRax,1
Choroid plexus cyst,41,0.5179661854505665,0.01136191927312675,patient,1,vendor,GE,availability,FLAIRax,1
Pituitary adenoma,52,0.5538089480048367,0.01806814120704056,patient,1,vendor,GE,availability,FLAIRax,1
Cerebral infarction,129,0.8747941667526294,0.19013448350509496,patient,1,vendor,GE,availability,T2ax,1
Cerebral hemorrhage,27,0.8150284900284901,0.02614922950295822,patient,1,vendor,GE,availability,T2ax,1
Intracranial meningioma,75,0.7146789883268483,0.03695270949189101,patient,1,vendor,GE,availability,T2ax,1
Demyelinating disease of central nervous system,109,0.5516533108962389,0.028685869651256173,patient,1,vendor,GE,availability,T2ax,1
Lacunar infarct,61,0.8982223882138856,0.14268127147894175,patient,1,vendor,GE,availability,T2ax,1
Gliosis,1237,0.7178203143197731,0.529668035430756,patient,1,vendor,GE,availability,T2ax,1
Cerebral atrophy,550,0.9205783987802134,0.6842748711130713,patient,1,vendor,GE,availability,T2ax,1
Encephalomalacia,62,0.7488954056695992,0.05029850334465147,patient,1,vendor,GE,availability,T2ax,1
Arachnoid cyst,165,0.5888386600967407,0.06653584933468829,patient,1,vendor,GE,availability,T2ax,1
Empty sella syndrome,88,0.6772300339328884,0.05187830853074215,patient,1,vendor,GE,availability,T2ax,1
Cyst of pineal gland,175,0.5863124910981341,0.05263317953248287,patient,1,vendor,GE,availability,T2ax,1
Rathke's pouch cyst,38,0.568101381436237,0.010921361558429177,patient,1,vendor,GE,availability,T2ax,1
Cerebral edema,74,0.8143559314237651,0.17751753102754977,patient,1,vendor,GE,availability,T2ax,1
Mastoiditis,66,0.534089989925952,0.018420887852226737,patient,1,vendor,GE,availability,T2ax,1
Chronic mastoiditis,123,0.7491417802957557,0.09052641893471947,patient,1,vendor,GE,availability,T2ax,1
Ventriculomegaly,345,0.8643384710559869,0.39864814199583826,patient,1,vendor,GE,availability,T2ax,1
Cerebellar degeneration,34,0.7345788303281824,0.06597769104777815,patient,1,vendor,GE,availability,T2ax,1
Mega cisterna magna,49,0.46157070851540233,0.011173096478394704,patient,1,vendor,GE,availability,T2ax,1
Structure of cave of septum pellucidum,129,0.5558777570193436,0.03408807653284481,patient,1,vendor,GE,availability,T2ax,1
Hyperostosis of skull,40,0.7575235109717868,0.03407326747074374,patient,1,vendor,GE,availability,T2ax,1
Choroid plexus cyst,41,0.5076300401209511,0.009955442182812819,patient,1,vendor,GE,availability,T2ax,1
Pituitary adenoma,52,0.5157613245279509,0.012893246773402896,patient,1,vendor,GE,availability,T2ax,1
Cerebral infarction,129,0.8770196491951967,0.18378649751904413,patient,1,vendor,GE,availability,T1ax,1
Cerebral hemorrhage,27,0.8709312678062678,0.10466351389974361,patient,1,vendor,GE,availability,T1ax,1
Intracranial meningioma,75,0.7033981841763943,0.04093359556087253,patient,1,vendor,GE,availability,T1ax,1
Demyelinating disease of central nervous system,109,0.5572528357577694,0.032198725136502085,patient,1,vendor,GE,availability,T1ax,1
Lacunar infarct,61,0.8959854739635894,0.12059160386387767,patient,1,vendor,GE,availability,T1ax,1
Gliosis,1237,0.7345179014290999,0.539050132701126,patient,1,vendor,GE,availability,T1ax,1
Cerebral atrophy,550,0.9179748544004799,0.6682903899551946,patient,1,vendor,GE,availability,T1ax,1
Encephalomalacia,62,0.7969970674486804,0.05882867716982212,patient,1,vendor,GE,availability,T1ax,1
Arachnoid cyst,165,0.5823742145472628,0.051750030379695264,patient,1,vendor,GE,availability,T1ax,1
Empty sella syndrome,88,0.67088425114773,0.045883950389885346,patient,1,vendor,GE,availability,T1ax,1
Cyst of pineal gland,175,0.5372454066372312,0.0443828256293071,patient,1,vendor,GE,availability,T1ax,1
Rathke's pouch cyst,38,0.5371110349989217,0.010818528150467592,patient,1,vendor,GE,availability,T1ax,1
Cerebral edema,74,0.8325579408730395,0.17217824668930354,patient,1,vendor,GE,availability,T1ax,1
Mastoiditis,66,0.48533380394579134,0.01910279806864099,patient,1,vendor,GE,availability,T1ax,1
Chronic mastoiditis,123,0.7469352154151463,0.08127695384660255,patient,1,vendor,GE,availability,T1ax,1
Ventriculomegaly,345,0.8703720888124391,0.40734386863853445,patient,1,vendor,GE,availability,T1ax,1
Cerebellar degeneration,34,0.7081627738983867,0.040228554922142314,patient,1,vendor,GE,availability,T1ax,1
Mega cisterna magna,49,0.449679920300648,0.012408599862747699,patient,1,vendor,GE,availability,T1ax,1
Structure of cave of septum pellucidum,129,0.602083739268972,0.03886503960301506,patient,1,vendor,GE,availability,T1ax,1
Hyperostosis of skull,40,0.7561249095731855,0.033541586964975875,patient,1,vendor,GE,availability,T1ax,1
Choroid plexus cyst,41,0.49858811902156647,0.00963032989341761,patient,1,vendor,GE,availability,T1ax,1
Pituitary adenoma,52,0.4519347037484885,0.010995234402190277,patient,1,vendor,GE,availability,T1ax,1
Cerebral infarction,129,0.8918128990108543,0.2150286776544012,patient,1,vendor,GE,availability,FLAIRax+T2cor,2
Cerebral hemorrhage,27,0.8563301282051281,0.048346548632465854,patient,1,vendor,GE,availability,FLAIRax+T2cor,2
Intracranial meningioma,75,0.7297276264591439,0.04149476443685342,patient,1,vendor,GE,availability,FLAIRax+T2cor,2
Demyelinating disease of central nervous system,109,0.5081281973984368,0.027819332237672086,patient,1,vendor,GE,availability,FLAIRax+T2cor,2
Lacunar infarct,61,0.9072375896950963,0.14158139798065483,patient,1,vendor,GE,availability,FLAIRax+T2cor,2
Gliosis,1237,0.7501116698409219,0.5619661832264751,patient,1,vendor,GE,availability,FLAIRax+T2cor,2
Cerebral atrophy,550,0.9502692028894945,0.784187323766899,patient,1,vendor,GE,availability,FLAIRax+T2cor,2
Encephalomalacia,62,0.7933685239491691,0.10286958125402798,patient,1,vendor,GE,availability,FLAIRax+T2cor,2
Arachnoid cyst,165,0.585796302156322,0.06357471764511172,patient,1,vendor,GE,availability,FLAIRax+T2cor,2
Empty sella syndrome,88,0.7059371465324137,0.04719530427943202,patient,1,vendor,GE,availability,FLAIRax+T2cor,2
Cyst of pineal gland,175,0.6176470588235294,0.05390484178936736,patient,1,vendor,GE,availability,FLAIRax+T2cor,2
Rathke's pouch cyst,38,0.5782560160343013,0.010725459864064403,patient,1,vendor,GE,availability,FLAIRax+T2cor,2
Cerebral edema,74,0.8580637530309303,0.21956509169666535,patient,1,vendor,GE,availability,FLAIRax+T2cor,2
Mastoiditis,66,0.6000676505408367,0.026449764710273903,patient,1,vendor,GE,availability,FLAIRax+T2cor,2
Chronic mastoiditis,123,0.7564056398438002,0.0816316888762806,patient,1,vendor,GE,availability,FLAIRax+T2cor,2
Ventriculomegaly,345,0.8974945114636851,0.46906289628800174,patient,1,vendor,GE,availability,FLAIRax+T2cor,2
Cerebellar degeneration,34,0.7702440475347375,0.07193916849584414,patient,1,vendor,GE,availability,FLAIRax+T2cor,2
Mega cisterna magna,49,0.4850810309624091,0.011454138101881537,patient,1,vendor,GE,availability,FLAIRax+T2cor,2
Structure of cave of septum pellucidum,129,0.5699508292548741,0.03550497339797763,patient,1,vendor,GE,availability,FLAIRax+T2cor,2
Hyperostosis of skull,40,0.7903363877501809,0.0366547952907796,patient,1,vendor,GE,availability,FLAIRax+T2cor,2
Choroid plexus cyst,41,0.500594166578424,0.009554414004797642,patient,1,vendor,GE,availability,FLAIRax+T2cor,2
Pituitary adenoma,52,0.5082643475025579,0.013062624073334892,patient,1,vendor,GE,availability,FLAIRax+T2cor,2
Cerebral infarction,129,0.8809815810285742,0.20253143417658265,patient,1,vendor,GE,availability,T2ax+T2cor,2
Cerebral hemorrhage,27,0.8261396011396012,0.02403717791846734,patient,1,vendor,GE,availability,T2ax+T2cor,2
Intracranial meningioma,75,0.7246044098573282,0.03836751615416779,patient,1,vendor,GE,availability,T2ax+T2cor,2
Demyelinating disease of central nervous system,109,0.5055792774835659,0.025522268512173617,patient,1,vendor,GE,availability,T2ax+T2cor,2
Lacunar infarct,61,0.9019333614106466,0.1452114620591875,patient,1,vendor,GE,availability,T2ax+T2cor,2
Gliosis,1237,0.7397947467218393,0.5474585751480388,patient,1,vendor,GE,availability,T2ax+T2cor,2
Cerebral atrophy,550,0.9379923513385157,0.7357494170981727,patient,1,vendor,GE,availability,T2ax+T2cor,2
Encephalomalacia,62,0.7653020527859238,0.08510826126943331,patient,1,vendor,GE,availability,T2ax+T2cor,2
Arachnoid cyst,165,0.6020975543601104,0.07336936608898721,patient,1,vendor,GE,availability,T2ax+T2cor,2
Empty sella syndrome,88,0.6823282840604139,0.04360327477996098,patient,1,vendor,GE,availability,T2ax+T2cor,2
Cyst of pineal gland,175,0.6118416180031334,0.05267208928954584,patient,1,vendor,GE,availability,T2ax+T2cor,2
Rathke's pouch cyst,38,0.5688244472352246,0.01811424904401144,patient,1,vendor,GE,availability,T2ax+T2cor,2
Cerebral edema,74,0.8249288675984517,0.17235568425086234,patient,1,vendor,GE,availability,T2ax+T2cor,2
Mastoiditis,66,0.5267991734868708,0.019867335228905558,patient,1,vendor,GE,availability,T2ax+T2cor,2
Chronic mastoiditis,123,0.7673204340311119,0.09004724171533736,patient,1,vendor,GE,availability,T2ax+T2cor,2
Ventriculomegaly,345,0.8856679416668554,0.4522254518613557,patient,1,vendor,GE,availability,T2ax+T2cor,2
Cerebellar degeneration,34,0.764897097774819,0.10827098639708786,patient,1,vendor,GE,availability,T2ax+T2cor,2
Mega cisterna magna,49,0.49071818190785255,0.01121369876001241,patient,1,vendor,GE,availability,T2ax+T2cor,2
Structure of cave of septum pellucidum,129,0.5473426020378924,0.03332597753635941,patient,1,vendor,GE,availability,T2ax+T2cor,2
Hyperostosis of skull,40,0.78483240897034,0.03516796074812902,patient,1,vendor,GE,availability,T2ax+T2cor,2
Choroid plexus cyst,41,0.4916875507394727,0.009639273731837341,patient,1,vendor,GE,availability,T2ax+T2cor,2
Pituitary adenoma,52,0.4961352432331876,0.012077443880650438,patient,1,vendor,GE,availability,T2ax+T2cor,2
Cerebral infarction,129,0.8892550269159207,0.20913071126442692,patient,1,vendor,GE,availability,T2ax+FLAIRax,2
Cerebral hemorrhage,27,0.8503739316239317,0.05957247987625258,patient,1,vendor,GE,availability,T2ax+FLAIRax,2
Intracranial meningioma,75,0.7249092088197147,0.03862300930482337,patient,1,vendor,GE,availability,T2ax+FLAIRax,2
Demyelinating disease of central nervous system,109,0.5675182563857981,0.035277611423807434,patient,1,vendor,GE,availability,T2ax+FLAIRax,2
Lacunar infarct,61,0.9052827729790294,0.1470534906225354,patient,1,vendor,GE,availability,T2ax+FLAIRax,2
Gliosis,1237,0.7326889823657563,0.5489773404303947,patient,1,vendor,GE,availability,T2ax+FLAIRax,2
Cerebral atrophy,550,0.9396990526657834,0.7481302890636371,patient,1,vendor,GE,availability,T2ax+FLAIRax,2
Encephalomalacia,62,0.7801564027370479,0.06087675210088595,patient,1,vendor,GE,availability,T2ax+FLAIRax,2
Arachnoid cyst,165,0.5700932748670192,0.05519654549904844,patient,1,vendor,GE,availability,T2ax+FLAIRax,2
Empty sella syndrome,88,0.6979667989975382,0.046577213630919934,patient,1,vendor,GE,availability,T2ax+FLAIRax,2
Cyst of pineal gland,175,0.600152399943028,0.05265183806365341,patient,1,vendor,GE,availability,T2ax+FLAIRax,2
Rathke's pouch cyst,38,0.5724461189126104,0.010387041386455274,patient,1,vendor,GE,availability,T2ax+FLAIRax,2
Cerebral edema,74,0.8585467305379777,0.24097972318486496,patient,1,vendor,GE,availability,T2ax+FLAIRax,2
Mastoiditis,66,0.6085938246821527,0.024708572062397835,patient,1,vendor,GE,availability,T2ax+FLAIRax,2
Chronic mastoiditis,123,0.740635602714295,0.08200695711535264,patient,1,vendor,GE,availability,T2ax+FLAIRax,2
Ventriculomegaly,345,0.8822639174946623,0.4380502176490153,patient,1,vendor,GE,availability,T2ax+FLAIRax,2
Cerebellar degeneration,34,0.744182093738049,0.06671607022320225,patient,1,vendor,GE,availability,T2ax+FLAIRax,2
Mega cisterna magna,49,0.46442134127696505,0.011606215504541498,patient,1,vendor,GE,availability,T2ax+FLAIRax,2
Structure of cave of septum pellucidum,129,0.5749615077500276,0.03584168750941284,patient,1,vendor,GE,availability,T2ax+FLAIRax,2
Hyperostosis of skull,40,0.774029418857005,0.04422130488350069,patient,1,vendor,GE,availability,T2ax+FLAIRax,2
Choroid plexus cyst,41,0.5138011365641877,0.010060190805297308,patient,1,vendor,GE,availability,T2ax+FLAIRax,2
Pituitary adenoma,52,0.5321784020091156,0.01433005817680958,patient,1,vendor,GE,availability,T2ax+FLAIRax,2
Cerebral infarction,129,0.8791973745038034,0.19572335504419394,patient,1,vendor,GE,availability,T1ax+T2cor,2
Cerebral hemorrhage,27,0.8457977207977208,0.03144637282601366,patient,1,vendor,GE,availability,T1ax+T2cor,2
Intracranial meningioma,75,0.7165856031128405,0.03688938795486318,patient,1,vendor,GE,availability,T1ax+T2cor,2
Demyelinating disease of central nervous system,109,0.4745355476465798,0.023281480937907006,patient,1,vendor,GE,availability,T1ax+T2cor,2
Lacunar infarct,61,0.8988819401953227,0.11948233711726905,patient,1,vendor,GE,availability,T1ax+T2cor,2
Gliosis,1237,0.7476579477412548,0.5528832251598366,patient,1,vendor,GE,availability,T1ax+T2cor,2
Cerebral atrophy,550,0.936840552903242,0.7332683252977734,patient,1,vendor,GE,availability,T1ax+T2cor,2
Encephalomalacia,62,0.7827800586510264,0.10482868126369703,patient,1,vendor,GE,availability,T1ax+T2cor,2
Arachnoid cyst,165,0.5985714931513042,0.07421125313605137,patient,1,vendor,GE,availability,T1ax+T2cor,2
Empty sella syndrome,88,0.6745824924039122,0.042435798152802656,patient,1,vendor,GE,availability,T1ax+T2cor,2
Cyst of pineal gland,175,0.6107790912975359,0.05245559686106528,patient,1,vendor,GE,availability,T1ax+T2cor,2
Rathke's pouch cyst,38,0.5865776154051072,0.012914285520193535,patient,1,vendor,GE,availability,T1ax+T2cor,2
Cerebral edema,74,0.8230068142540792,0.15026543001757162,patient,1,vendor,GE,availability,T1ax+T2cor,2
Mastoiditis,66,0.5175634039987351,0.0326751635394663,patient,1,vendor,GE,availability,T1ax+T2cor,2
Chronic mastoiditis,123,0.7613589078804175,0.08834256087213922,patient,1,vendor,GE,availability,T1ax+T2cor,2
Ventriculomegaly,345,0.8868116696466966,0.45884060610574934,patient,1,vendor,GE,availability,T1ax+T2cor,2
Cerebellar degeneration,34,0.7635727539269982,0.11247926311514063,patient,1,vendor,GE,availability,T1ax+T2cor,2
Mega cisterna magna,49,0.4812637476450223,0.011027588865725175,patient,1,vendor,GE,availability,T1ax+T2cor,2
Structure of cave of septum pellucidum,129,0.5630050316916341,0.03494348871077341,patient,1,vendor,GE,availability,T1ax+T2cor,2
Hyperostosis of skull,40,0.7880395466602363,0.032265679195945134,patient,1,vendor,GE,availability,T1ax+T2cor,2
Choroid plexus cyst,41,0.4785688233148613,0.009199163313622633,patient,1,vendor,GE,availability,T1ax+T2cor,2
Pituitary adenoma,52,0.46268719188912666,0.011005878524996727,patient,1,vendor,GE,availability,T1ax+T2cor,2
Cerebral infarction,129,0.8924337417523429,0.2090791784163031,patient,1,vendor,GE,availability,T1ax+FLAIRax,2
Cerebral hemorrhage,27,0.8613247863247864,0.12459502573693715,patient,1,vendor,GE,availability,T1ax+FLAIRax,2
Intracranial meningioma,75,0.7252464332036317,0.03894167526795429,patient,1,vendor,GE,availability,T1ax+FLAIRax,2
Demyelinating disease of central nervous system,109,0.5954011455516511,0.06816172833159131,patient,1,vendor,GE,availability,T1ax+FLAIRax,2
Lacunar infarct,61,0.9051158983813163,0.13597616340970098,patient,1,vendor,GE,availability,T1ax+FLAIRax,2
Gliosis,1237,0.7389959305591713,0.5555088971844945,patient,1,vendor,GE,availability,T1ax+FLAIRax,2
Cerebral atrophy,550,0.9442212612792762,0.7607507549508157,patient,1,vendor,GE,availability,T1ax+FLAIRax,2
Encephalomalacia,62,0.7986275659824047,0.06722430189289949,patient,1,vendor,GE,availability,T1ax+FLAIRax,2
Arachnoid cyst,165,0.5474059340295044,0.04667790024111954,patient,1,vendor,GE,availability,T1ax+FLAIRax,2
Empty sella syndrome,88,0.7032341591075428,0.05025952166783023,patient,1,vendor,GE,availability,T1ax+FLAIRax,2
Cyst of pineal gland,175,0.5936447799458766,0.05275479701460445,patient,1,vendor,GE,availability,T1ax+FLAIRax,2
Rathke's pouch cyst,38,0.5757443137851861,0.010836229068267773,patient,1,vendor,GE,availability,T1ax+FLAIRax,2
Cerebral edema,74,0.8692412324797445,0.26628641721964275,patient,1,vendor,GE,availability,T1ax+FLAIRax,2
Mastoiditis,66,0.6346613428632356,0.028086901137791637,patient,1,vendor,GE,availability,T1ax+FLAIRax,2
Chronic mastoiditis,123,0.7303049580692657,0.08049475463499482,patient,1,vendor,GE,availability,T1ax+FLAIRax,2
Ventriculomegaly,345,0.88975548665022,0.44914628790499506,patient,1,vendor,GE,availability,T1ax+FLAIRax,2
Cerebellar degeneration,34,0.7436580218410505,0.0629020103507875,patient,1,vendor,GE,availability,T1ax+FLAIRax,2
Mega cisterna magna,49,0.4643079077933735,0.011883759587566205,patient,1,vendor,GE,availability,T1ax+FLAIRax,2
Structure of cave of septum pellucidum,129,0.5986796107602553,0.04030261900457297,patient,1,vendor,GE,availability,T1ax+FLAIRax,2
Hyperostosis of skull,40,0.7698818422956354,0.04048116752979353,patient,1,vendor,GE,availability,T1ax+FLAIRax,2
Choroid plexus cyst,41,0.5171602367253774,0.010143558397779796,patient,1,vendor,GE,availability,T1ax+FLAIRax,2
Pituitary adenoma,52,0.5364710259510743,0.015377991429218597,patient,1,vendor,GE,availability,T1ax+FLAIRax,2
Cerebral infarction,129,0.8802919680141821,0.19629137933518373,patient,1,vendor,GE,availability,T1ax+T2ax,2
Cerebral hemorrhage,27,0.8411146723646723,0.04082878816376641,patient,1,vendor,GE,availability,T1ax+T2ax,2
Intracranial meningioma,75,0.7249902723735409,0.039233840544154845,patient,1,vendor,GE,availability,T1ax+T2ax,2
Demyelinating disease of central nervous system,109,0.5517837939986772,0.028737848291054118,patient,1,vendor,GE,availability,T1ax+T2ax,2
Lacunar infarct,61,0.9014883624834118,0.1481653694031791,patient,1,vendor,GE,availability,T1ax+T2ax,2
Gliosis,1237,0.7247770028636806,0.5362844448004894,patient,1,vendor,GE,availability,T1ax+T2ax,2
Cerebral atrophy,550,0.9256050191216536,0.6929015512585385,patient,1,vendor,GE,availability,T1ax+T2ax,2
Encephalomalacia,62,0.7644340175953079,0.05501018819529278,patient,1,vendor,GE,availability,T1ax+T2ax,2
Arachnoid cyst,165,0.5925485586848094,0.06427251352962894,patient,1,vendor,GE,availability,T1ax+T2ax,2
Empty sella syndrome,88,0.681507684801171,0.0444269587382791,patient,1,vendor,GE,availability,T1ax+T2ax,2
Cyst of pineal gland,175,0.5750833214641788,0.05000092876325472,patient,1,vendor,GE,availability,T1ax+T2ax,2
Rathke's pouch cyst,38,0.5614605929139551,0.010628814913575264,patient,1,vendor,GE,availability,T1ax+T2ax,2
Cerebral edema,74,0.8274094663591381,0.21086938333524619,patient,1,vendor,GE,availability,T1ax+T2ax,2
Mastoiditis,66,0.5213577169413133,0.018346452346909986,patient,1,vendor,GE,availability,T1ax+T2ax,2
Chronic mastoiditis,123,0.7507922028039178,0.08492810510865789,patient,1,vendor,GE,availability,T1ax+T2ax,2
Ventriculomegaly,345,0.8730492119895285,0.412489264240782,patient,1,vendor,GE,availability,T1ax+T2ax,2
Cerebellar degeneration,34,0.7365051486522853,0.06518609555552177,patient,1,vendor,GE,availability,T1ax+T2ax,2
Mega cisterna magna,49,0.4523727325633008,0.011320951968851958,patient,1,vendor,GE,availability,T1ax+T2ax,2
Structure of cave of septum pellucidum,129,0.5784458682437983,0.03679701998331518,patient,1,vendor,GE,availability,T1ax+T2ax,2
Hyperostosis of skull,40,0.7644381480588377,0.03732471654085218,patient,1,vendor,GE,availability,T1ax+T2ax,2
Choroid plexus cyst,41,0.5055945783770428,0.009838047619141987,patient,1,vendor,GE,availability,T1ax+T2ax,2
Pituitary adenoma,52,0.5008650358106222,0.012209511441366831,patient,1,vendor,GE,availability,T1ax+T2ax,2
Cerebral infarction,129,0.8908462946194903,0.2140122825484216,patient,1,vendor,GE,availability,T2ax+FLAIRax+T2cor,3
Cerebral hemorrhage,27,0.8515313390313388,0.04153744355345479,patient,1,vendor,GE,availability,T2ax+FLAIRax+T2cor,3
Intracranial meningioma,75,0.7319195849546044,0.04019165682626018,patient,1,vendor,GE,availability,T2ax+FLAIRax+T2cor,3
Demyelinating disease of central nervous system,109,0.5250955001327328,0.028410973931311236,patient,1,vendor,GE,availability,T2ax+FLAIRax+T2cor,3
Lacunar infarct,61,0.9068442424290585,0.153958325730202,patient,1,vendor,GE,availability,T2ax+FLAIRax+T2cor,3
Gliosis,1237,0.7448729156104846,0.5572282692551345,patient,1,vendor,GE,availability,T2ax+FLAIRax+T2cor,3
Cerebral atrophy,550,0.9475081860674383,0.7698682908489832,patient,1,vendor,GE,availability,T2ax+FLAIRax+T2cor,3
Encephalomalacia,62,0.7836559139784945,0.09581873034906813,patient,1,vendor,GE,availability,T2ax+FLAIRax+T2cor,3
Arachnoid cyst,165,0.5946626885463285,0.07244017363656677,patient,1,vendor,GE,availability,T2ax+FLAIRax+T2cor,3
Empty sella syndrome,88,0.7022694005189736,0.047054933337310194,patient,1,vendor,GE,availability,T2ax+FLAIRax+T2cor,3
Cyst of pineal gland,175,0.612073778664008,0.05327801703414834,patient,1,vendor,GE,availability,T2ax+FLAIRax+T2cor,3
Rathke's pouch cyst,38,0.5754588930750593,0.010508777971923039,patient,1,vendor,GE,availability,T2ax+FLAIRax+T2cor,3
Cerebral edema,74,0.8540487971560181,0.23002600849041013,patient,1,vendor,GE,availability,T2ax+FLAIRax+T2cor,3
Mastoiditis,66,0.5833020817247947,0.023378343557486646,patient,1,vendor,GE,availability,T2ax+FLAIRax+T2cor,3
Chronic mastoiditis,123,0.7580000480122911,0.08504986794150375,patient,1,vendor,GE,availability,T2ax+FLAIRax+T2cor,3
Ventriculomegaly,345,0.8923515077443058,0.4595099004417299,patient,1,vendor,GE,availability,T2ax+FLAIRax+T2cor,3
Cerebellar degeneration,34,0.7648262772481975,0.0770087519017805,patient,1,vendor,GE,availability,T2ax+FLAIRax+T2cor,3
Mega cisterna magna,49,0.4720953630364664,0.01123047218880897,patient,1,vendor,GE,availability,T2ax+FLAIRax+T2cor,3
Structure of cave of septum pellucidum,129,0.5649879078936811,0.03467822457954693,patient,1,vendor,GE,availability,T2ax+FLAIRax+T2cor,3
Hyperostosis of skull,40,0.7874547865927176,0.04242633872035206,patient,1,vendor,GE,availability,T2ax+FLAIRax+T2cor,3
Choroid plexus cyst,41,0.5035532337957244,0.009707937747436085,patient,1,vendor,GE,availability,T2ax+FLAIRax+T2cor,3
Pituitary adenoma,52,0.5108268998232722,0.012636813995284617,patient,1,vendor,GE,availability,T2ax+FLAIRax+T2cor,3
Cerebral infarction,129,0.8929323262308922,0.2151323168759201,patient,1,vendor,GE,availability,T1ax+FLAIRax+T2cor,3
Cerebral hemorrhage,27,0.8631054131054131,0.05632863275910708,patient,1,vendor,GE,availability,T1ax+FLAIRax+T2cor,3
Intracranial meningioma,75,0.7321725032425422,0.04159569597105029,patient,1,vendor,GE,availability,T1ax+FLAIRax+T2cor,3
Demyelinating disease of central nervous system,109,0.5146163571817449,0.028273814542087116,patient,1,vendor,GE,availability,T1ax+FLAIRax+T2cor,3
Lacunar infarct,61,0.9073130805845379,0.14150778674128256,patient,1,vendor,GE,availability,T1ax+FLAIRax+T2cor,3
Gliosis,1237,0.7517791814532152,0.5631547235236629,patient,1,vendor,GE,availability,T1ax+FLAIRax+T2cor,3
Cerebral atrophy,550,0.9501152298347789,0.7806694821269909,patient,1,vendor,GE,availability,T1ax+FLAIRax+T2cor,3
Encephalomalacia,62,0.797743890518084,0.10047544103368417,patient,1,vendor,GE,availability,T1ax+FLAIRax+T2cor,3
Arachnoid cyst,165,0.5901179874327561,0.06511113170525348,patient,1,vendor,GE,availability,T1ax+FLAIRax+T2cor,3
Empty sella syndrome,88,0.7079276541950364,0.04844680195434435,patient,1,vendor,GE,availability,T1ax+FLAIRax+T2cor,3
Cyst of pineal gland,175,0.6094986469163937,0.053012082287289146,patient,1,vendor,GE,availability,T1ax+FLAIRax+T2cor,3
Rathke's pouch cyst,38,0.5789790818332889,0.010854378248160577,patient,1,vendor,GE,availability,T1ax+FLAIRax+T2cor,3
Cerebral edema,74,0.8590789914641118,0.23367953781925666,patient,1,vendor,GE,availability,T1ax+FLAIRax+T2cor,3
Mastoiditis,66,0.5952328428669122,0.02558165238364903,patient,1,vendor,GE,availability,T1ax+FLAIRax+T2cor,3
Chronic mastoiditis,123,0.7540210293835221,0.08424428291287452,patient,1,vendor,GE,availability,T1ax+FLAIRax+T2cor,3
Ventriculomegaly,345,0.8967438456721665,0.4683004953027136,patient,1,vendor,GE,availability,T1ax+FLAIRax+T2cor,3
Cerebellar degeneration,34,0.7665826263084092,0.06920805838327959,patient,1,vendor,GE,availability,T1ax+FLAIRax+T2cor,3
Mega cisterna magna,49,0.4693137767431767,0.011286553365745544,patient,1,vendor,GE,availability,T1ax+FLAIRax+T2cor,3
Structure of cave of septum pellucidum,129,0.578023695179586,0.03634748523574831,patient,1,vendor,GE,availability,T1ax+FLAIRax+T2cor,3
Hyperostosis of skull,40,0.7892934651555341,0.04015329981696579,patient,1,vendor,GE,availability,T1ax+FLAIRax+T2cor,3
Choroid plexus cyst,41,0.5007765345381384,0.009557659287432359,patient,1,vendor,GE,availability,T1ax+FLAIRax+T2cor,3
Pituitary adenoma,52,0.49580504139149845,0.01227995880420428,patient,1,vendor,GE,availability,T1ax+FLAIRax+T2cor,3
Cerebral infarction,129,0.8832930263122706,0.20297450574539344,patient,1,vendor,GE,availability,T1ax+T2ax+T2cor,3
Cerebral hemorrhage,27,0.8395744301994301,0.028508479830472264,patient,1,vendor,GE,availability,T1ax+T2ax+T2cor,3
Intracranial meningioma,75,0.7284046692607005,0.03931435400036598,patient,1,vendor,GE,availability,T1ax+T2ax+T2cor,3
Demyelinating disease of central nervous system,109,0.5109493320614981,0.025763074214354323,patient,1,vendor,GE,availability,T1ax+T2ax+T2cor,3
Lacunar infarct,61,0.9033875543335743,0.15515534430260994,patient,1,vendor,GE,availability,T1ax+T2ax+T2cor,3
Gliosis,1237,0.7419297644656974,0.5501313514210167,patient,1,vendor,GE,availability,T1ax+T2ax+T2cor,3
Cerebral atrophy,550,0.9387532181868172,0.73521765258794,patient,1,vendor,GE,availability,T1ax+T2ax+T2cor,3
Encephalomalacia,62,0.7729149560117302,0.08830746082851718,patient,1,vendor,GE,availability,T1ax+T2ax+T2cor,3
Arachnoid cyst,165,0.6025782439009689,0.07564829169769932,patient,1,vendor,GE,availability,T1ax+T2ax+T2cor,3
Empty sella syndrome,88,0.6849813701789794,0.04495294071940292,patient,1,vendor,GE,availability,T1ax+T2ax+T2cor,3
Cyst of pineal gland,175,0.6017960404500784,0.05146471654951044,patient,1,vendor,GE,availability,T1ax+T2ax+T2cor,3
Rathke's pouch cyst,38,0.5699915008055206,0.014001266651575155,patient,1,vendor,GE,availability,T1ax+T2ax+T2cor,3
Cerebral edema,74,0.8299492052227283,0.18992735999517452,patient,1,vendor,GE,availability,T1ax+T2ax+T2cor,3
Mastoiditis,66,0.5233835565065849,0.01877577887928254,patient,1,vendor,GE,availability,T1ax+T2ax+T2cor,3
Chronic mastoiditis,123,0.7651338742718136,0.0895277506847853,patient,1,vendor,GE,availability,T1ax+T2ax+T2cor,3
Ventriculomegaly,345,0.8866072169537303,0.45426864881204165,patient,1,vendor,GE,availability,T1ax+T2ax+T2cor,3
Cerebellar degeneration,34,0.7612356765484907,0.11464323929320222,patient,1,vendor,GE,availability,T1ax+T2ax+T2cor,3
Mega cisterna magna,49,0.472529369408469,0.01102648716111073,patient,1,vendor,GE,availability,T1ax+T2ax+T2cor,3
Structure of cave of septum pellucidum,129,0.5624797032180666,0.03484685383199901,patient,1,vendor,GE,availability,T1ax+T2ax+T2cor,3
Hyperostosis of skull,40,0.7846696407041235,0.03555899033356659,patient,1,vendor,GE,availability,T1ax+T2ax+T2cor,3
Choroid plexus cyst,41,0.49214641205746357,0.009514425583668435,patient,1,vendor,GE,availability,T1ax+T2ax+T2cor,3
Pituitary adenoma,52,0.48666170588782437,0.011702534440173901,patient,1,vendor,GE,availability,T1ax+T2ax+T2cor,3
Cerebral infarction,129,0.8907584214930027,0.2087255989719198,patient,1,vendor,GE,availability,T1ax+T2ax+FLAIRax,3
Cerebral hemorrhage,27,0.8587517806267806,0.06798247128865718,patient,1,vendor,GE,availability,T1ax+T2ax+FLAIRax,3
Intracranial meningioma,75,0.7289494163424125,0.03879107306192269,patient,1,vendor,GE,availability,T1ax+T2ax+FLAIRax,3
Demyelinating disease of central nervous system,109,0.5666363705900086,0.03566489678514369,patient,1,vendor,GE,availability,T1ax+T2ax+FLAIRax,3
Lacunar infarct,61,0.9054377279626201,0.1450363387675127,patient,1,vendor,GE,availability,T1ax+T2ax+FLAIRax,3
Gliosis,1237,0.7355469081840977,0.5509637851986169,patient,1,vendor,GE,availability,T1ax+T2ax+FLAIRax,3
Cerebral atrophy,550,0.9411532981728198,0.7493863815317886,patient,1,vendor,GE,availability,T1ax+T2ax+FLAIRax,3
Encephalomalacia,62,0.7853216031280548,0.06457039328948018,patient,1,vendor,GE,availability,T1ax+T2ax+FLAIRax,3
Arachnoid cyst,165,0.5755812726971354,0.0583664757084205,patient,1,vendor,GE,availability,T1ax+T2ax+FLAIRax,3
Empty sella syndrome,88,0.7011521657166937,0.04756407475490927,patient,1,vendor,GE,availability,T1ax+T2ax+FLAIRax,3
Cyst of pineal gland,175,0.5928856288278023,0.05163894110143181,patient,1,vendor,GE,availability,T1ax+T2ax+FLAIRax,3
Rathke's pouch cyst,38,0.5707335946518501,0.010431801104554174,patient,1,vendor,GE,availability,T1ax+T2ax+FLAIRax,3
Cerebral edema,74,0.8600482320394792,0.24517486843915107,patient,1,vendor,GE,availability,T1ax+T2ax+FLAIRax,3
Mastoiditis,66,0.5999352907870258,0.023924391149131908,patient,1,vendor,GE,availability,T1ax+T2ax+FLAIRax,3
Chronic mastoiditis,123,0.7414218039818193,0.08367172699756639,patient,1,vendor,GE,availability,T1ax+T2ax+FLAIRax,3
Ventriculomegaly,345,0.8847475273295159,0.44177077746101134,patient,1,vendor,GE,availability,T1ax+T2ax+FLAIRax,3
Cerebellar degeneration,34,0.7454426991119105,0.06581788377078648,patient,1,vendor,GE,availability,T1ax+T2ax+FLAIRax,3
Mega cisterna magna,49,0.459489450686026,0.011669706019998732,patient,1,vendor,GE,availability,T1ax+T2ax+FLAIRax,3
Structure of cave of septum pellucidum,129,0.5833744044685395,0.037050280572750914,patient,1,vendor,GE,availability,T1ax+T2ax+FLAIRax,3
Hyperostosis of skull,40,0.7745659512900892,0.04481831561397707,patient,1,vendor,GE,availability,T1ax+T2ax+FLAIRax,3
Choroid plexus cyst,41,0.5121657077641688,0.009979425940224862,patient,1,vendor,GE,availability,T1ax+T2ax+FLAIRax,3
Pituitary adenoma,52,0.5218491303134593,0.013508029037478091,patient,1,vendor,GE,availability,T1ax+T2ax+FLAIRax,3
Cerebral infarction,129,0.8915148944949396,0.21541811151866336,patient,1,vendor,GE,availability,T1ax+T2ax+FLAIRax+T2cor,4
Cerebral hemorrhage,27,0.8568376068376069,0.04633713321562365,patient,1,vendor,GE,availability,T1ax+T2ax+FLAIRax+T2cor,4
Intracranial meningioma,75,0.7342412451361868,0.04089332396196374,patient,1,vendor,GE,availability,T1ax+T2ax+FLAIRax+T2cor,4
Demyelinating disease of central nervous system,109,0.5286477901111806,0.02906260583902045,patient,1,vendor,GE,availability,T1ax+T2ax+FLAIRax+T2cor,4
Lacunar infarct,61,0.9071025007350428,0.15242598696894374,patient,1,vendor,GE,availability,T1ax+T2ax+FLAIRax+T2cor,4
Gliosis,1237,0.7458131345655837,0.5577777723553894,patient,1,vendor,GE,availability,T1ax+T2ax+FLAIRax+T2cor,4
Cerebral atrophy,550,0.9472777263978805,0.7676850189842823,patient,1,vendor,GE,availability,T1ax+T2ax+FLAIRax+T2cor,4
Encephalomalacia,62,0.7868817204301075,0.09171712231450663,patient,1,vendor,GE,availability,T1ax+T2ax+FLAIRax+T2cor,4
Arachnoid cyst,165,0.5952458448231696,0.07278219629911266,patient,1,vendor,GE,availability,T1ax+T2ax+FLAIRax+T2cor,4
Empty sella syndrome,88,0.7029014837321742,0.048116805335678796,patient,1,vendor,GE,availability,T1ax+T2ax+FLAIRax+T2cor,4
Cyst of pineal gland,175,0.6051958410482837,0.05254712729101103,patient,1,vendor,GE,availability,T1ax+T2ax+FLAIRax+T2cor,4
Rathke's pouch cyst,38,0.5742981821872106,0.010558881361736917,patient,1,vendor,GE,availability,T1ax+T2ax+FLAIRax+T2cor,4
Cerebral edema,74,0.8549884676799338,0.23883659632321447,patient,1,vendor,GE,availability,T1ax+T2ax+FLAIRax+T2cor,4
Mastoiditis,66,0.579107012860956,0.022652681656864418,patient,1,vendor,GE,availability,T1ax+T2ax+FLAIRax+T2cor,4
Chronic mastoiditis,123,0.7563776326739645,0.08734418448139751,patient,1,vendor,GE,availability,T1ax+T2ax+FLAIRax+T2cor,4
Ventriculomegaly,345,0.892461655689594,0.460127858874687,patient,1,vendor,GE,availability,T1ax+T2ax+FLAIRax+T2cor,4
Cerebellar degeneration,34,0.762220081868529,0.08425992397955959,patient,1,vendor,GE,availability,T1ax+T2ax+FLAIRax+T2cor,4
Mega cisterna magna,49,0.4640958364979631,0.011190554857554973,patient,1,vendor,GE,availability,T1ax+T2ax+FLAIRax+T2cor,4
Structure of cave of septum pellucidum,129,0.5730302092526581,0.03554354899346028,patient,1,vendor,GE,availability,T1ax+T2ax+FLAIRax+T2cor,4
Hyperostosis of skull,40,0.7868760549795032,0.04231275001841683,patient,1,vendor,GE,availability,T1ax+T2ax+FLAIRax+T2cor,4
Choroid plexus cyst,41,0.5024590260374384,0.009670420253108391,patient,1,vendor,GE,availability,T1ax+T2ax+FLAIRax+T2cor,4
Pituitary adenoma,52,0.5034368895916659,0.012309601264244626,patient,1,vendor,GE,availability,T1ax+T2ax+FLAIRax+T2cor,4
Cerebral infarction,129,0.8799060903717797,0.200335373088474,patient,1,vendor,GE,budget,all4,1
Cerebral hemorrhage,27,0.8583511396011396,0.03750657571844747,patient,1,vendor,GE,budget,all4,1
Intracranial meningioma,75,0.716747730220493,0.03809069079544932,patient,1,vendor,GE,budget,all4,1
Demyelinating disease of central nervous system,109,0.5302540820963686,0.028146926387775054,patient,1,vendor,GE,budget,all4,1
Lacunar infarct,61,0.9106148136964313,0.12574354983702354,patient,1,vendor,GE,budget,all4,1
Gliosis,1237,0.7276987791677513,0.5381776276672072,patient,1,vendor,GE,budget,all4,1
Cerebral atrophy,550,0.9325223085959957,0.7180046252865068,patient,1,vendor,GE,budget,all4,1
Encephalomalacia,62,0.7915855327468231,0.09412734232801223,patient,1,vendor,GE,budget,all4,1
Arachnoid cyst,165,0.5265652547353193,0.0531715045564113,patient,1,vendor,GE,budget,all4,1
Empty sella syndrome,88,0.6963893632593315,0.045598273304318135,patient,1,vendor,GE,budget,all4,1
Cyst of pineal gland,175,0.6054123344252955,0.050228979776213566,patient,1,vendor,GE,budget,all4,1
Rathke's pouch cyst,38,0.5358932399690477,0.009439050028086291,patient,1,vendor,GE,budget,all4,1
Cerebral edema,74,0.8387085115750323,0.1557746230953957,patient,1,vendor,GE,budget,all4,1
Mastoiditis,66,0.553168177773856,0.02013262536552811,patient,1,vendor,GE,budget,all4,1
Chronic mastoiditis,123,0.7317273221944819,0.0800337009671837,patient,1,vendor,GE,budget,all4,1
Ventriculomegaly,345,0.8836535922564486,0.42870964290811303,patient,1,vendor,GE,budget,all4,1
Cerebellar degeneration,34,0.7575884194274868,0.10316714612223311,patient,1,vendor,GE,budget,all4,1
Mega cisterna magna,49,0.5216707272565865,0.012861659455669885,patient,1,vendor,GE,budget,all4,1
Structure of cave of septum pellucidum,129,0.532195949430926,0.03149999224192182,patient,1,vendor,GE,budget,all4,1
Hyperostosis of skull,40,0.7481130938027489,0.031758152622124794,patient,1,vendor,GE,budget,all4,1
Choroid plexus cyst,41,0.5432506206393468,0.010493062097456353,patient,1,vendor,GE,budget,all4,1
Pituitary adenoma,52,0.475555762254674,0.012004341690633209,patient,1,vendor,GE,budget,all4,1
Cerebral infarction,129,0.8900707187639689,0.20873468225775926,patient,1,vendor,GE,budget,all4,2
Cerebral hemorrhage,27,0.8549768518518519,0.04501145820877568,patient,1,vendor,GE,budget,all4,2
Intracranial meningioma,75,0.7330674448767833,0.04119350249823181,patient,1,vendor,GE,budget,all4,2
Demyelinating disease of central nervous system,109,0.5270482472519809,0.028127621328700905,patient,1,vendor,GE,budget,all4,2
Lacunar infarct,61,0.9059264321416367,0.14503277593494338,patient,1,vendor,GE,budget,all4,2
Gliosis,1237,0.7408111478015428,0.5521148432805175,patient,1,vendor,GE,budget,all4,2
Cerebral atrophy,550,0.9420266453370659,0.7637528813197693,patient,1,vendor,GE,budget,all4,2
Encephalomalacia,62,0.7810400782013686,0.06810570410086902,patient,1,vendor,GE,budget,all4,2
Arachnoid cyst,165,0.5912481352560915,0.05496891388983021,patient,1,vendor,GE,budget,all4,2
Empty sella syndrome,88,0.7000238417352347,0.04228476797954585,patient,1,vendor,GE,budget,all4,2
Cyst of pineal gland,175,0.6123572140720694,0.05273498914039424,patient,1,vendor,GE,budget,all4,2
Rathke's pouch cyst,38,0.5859496898428284,0.011493557283549997,patient,1,vendor,GE,budget,all4,2
Cerebral edema,74,0.8423127722908905,0.22857437983500456,patient,1,vendor,GE,budget,all4,2
Mastoiditis,66,0.5775260491348819,0.027247335445400648,patient,1,vendor,GE,budget,all4,2
Chronic mastoiditis,123,0.7449006945778118,0.08623095400889805,patient,1,vendor,GE,budget,all4,2
Ventriculomegaly,345,0.8894642735893896,0.4540726146938472,patient,1,vendor,GE,budget,all4,2
Cerebellar degeneration,34,0.7663914108865314,0.07751445224668281,patient,1,vendor,GE,budget,all4,2
Mega cisterna magna,49,0.4794833351416933,0.0111521934751877,patient,1,vendor,GE,budget,all4,2
Structure of cave of septum pellucidum,129,0.5455450235156127,0.033844863048340834,patient,1,vendor,GE,budget,all4,2
Hyperostosis of skull,40,0.7634494815529298,0.032885743925762705,patient,1,vendor,GE,budget,all4,2
Choroid plexus cyst,41,0.4976233336863035,0.009580590515303359,patient,1,vendor,GE,budget,all4,2
Pituitary adenoma,52,0.5086131522649056,0.012446826932023817,patient,1,vendor,GE,budget,all4,2
Cerebral infarction,129,0.8888901624124611,0.2145131887550009,patient,1,vendor,GE,budget,all4,3
Cerebral hemorrhage,27,0.8449519230769231,0.040285908118064914,patient,1,vendor,GE,budget,all4,3
Intracranial meningioma,75,0.7286219195849545,0.040216815838394586,patient,1,vendor,GE,budget,all4,3
Demyelinating disease of central nervous system,109,0.524258608510198,0.028377587985770565,patient,1,vendor,GE,budget,all4,3
Lacunar infarct,61,0.9059264321416368,0.15518388011651993,patient,1,vendor,GE,budget,all4,3
Gliosis,1237,0.7430544099310799,0.5555363790940522,patient,1,vendor,GE,budget,all4,3
Cerebral atrophy,550,0.945876471617467,0.7635722899795796,patient,1,vendor,GE,budget,all4,3
Encephalomalacia,62,0.7789442815249267,0.09279604564899009,patient,1,vendor,GE,budget,all4,3
Arachnoid cyst,165,0.598901496315718,0.08027497580610797,patient,1,vendor,GE,budget,all4,3
Empty sella syndrome,88,0.6988234380891126,0.049681445889804526,patient,1,vendor,GE,budget,all4,3
Cyst of pineal gland,175,0.6099416037601482,0.05340437831133575,patient,1,vendor,GE,budget,all4,3
Rathke's pouch cyst,38,0.5796831195849349,0.011059218334786828,patient,1,vendor,GE,budget,all4,3
Cerebral edema,74,0.8515517705889697,0.2295630338485794,patient,1,vendor,GE,budget,all4,3
Mastoiditis,66,0.5831881052701242,0.022978187888477625,patient,1,vendor,GE,budget,all4,3
Chronic mastoiditis,123,0.7568057422700211,0.08406440318619851,patient,1,vendor,GE,budget,all4,3
Ventriculomegaly,345,0.8898973209907279,0.4572374971833921,patient,1,vendor,GE,budget,all4,3
Cerebellar degeneration,34,0.7615118766023145,0.08608954214746233,patient,1,vendor,GE,budget,all4,3
Mega cisterna magna,49,0.4693976188832227,0.011144666505266961,patient,1,vendor,GE,budget,all4,3
Structure of cave of septum pellucidum,129,0.5677425393805327,0.03493471204901656,patient,1,vendor,GE,budget,all4,3
Hyperostosis of skull,40,0.7879852905714975,0.04528059279608754,patient,1,vendor,GE,budget,all4,3
Choroid plexus cyst,41,0.49996470297553913,0.009627880997332012,patient,1,vendor,GE,budget,all4,3
Pituitary adenoma,52,0.5148683843363409,0.012766593129677024,patient,1,vendor,GE,budget,all4,3
Cerebral infarction,129,0.891404097944151,0.2169065152300953,patient,1,vendor,GE,budget,all4,4
Cerebral hemorrhage,27,0.8633814102564102,0.06312575309735778,patient,1,vendor,GE,budget,all4,4
Intracranial meningioma,75,0.734863813229572,0.04148250518601542,patient,1,vendor,GE,budget,all4,4
Demyelinating disease of central nervous system,109,0.5342900594373028,0.030171025261411036,patient,1,vendor,GE,budget,all4,4
Lacunar infarct,61,0.9077541063070651,0.15131169350640813,patient,1,vendor,GE,budget,all4,4
Gliosis,1237,0.7459970130030281,0.5575479511559075,patient,1,vendor,GE,budget,all4,4
Cerebral atrophy,550,0.9451815932211864,0.7548220517056151,patient,1,vendor,GE,budget,all4,4
Encephalomalacia,62,0.7905219941348972,0.08061760146903285,patient,1,vendor,GE,budget,all4,4
Arachnoid cyst,165,0.5989195786808914,0.08257188901204651,patient,1,vendor,GE,budget,all4,4
Empty sella syndrome,88,0.7014931579764465,0.05164738529328793,patient,1,vendor,GE,budget,all4,4
Cyst of pineal gland,175,0.5918088591368751,0.05072770145460882,patient,1,vendor,GE,budget,all4,4
Rathke's pouch cyst,38,0.5703086349278838,0.010792888347530866,patient,1,vendor,GE,budget,all4,4
Cerebral edema,74,0.857232506029005,0.2489606808693678,patient,1,vendor,GE,budget,all4,4
Mastoiditis,66,0.5623193840859456,0.020933286216460945,patient,1,vendor,GE,budget,all4,4
Chronic mastoiditis,123,0.7603526502784712,0.08896416696246717,patient,1,vendor,GE,budget,all4,4
Ventriculomegaly,345,0.8909384454050955,0.4582482265609533,patient,1,vendor,GE,budget,all4,4
Cerebellar degeneration,34,0.7543094290449145,0.08608934926738557,patient,1,vendor,GE,budget,all4,4
Mega cisterna magna,49,0.4548090865152247,0.011183880094558946,patient,1,vendor,GE,budget,all4,4
Structure of cave of septum pellucidum,129,0.5914912069564952,0.038143794194674056,patient,1,vendor,GE,budget,all4,4
Hyperostosis of skull,40,0.786013986013986,0.044455459771252065,patient,1,vendor,GE,budget,all4,4
Choroid plexus cyst,41,0.5002117821467651,0.009634946670612269,patient,1,vendor,GE,budget,all4,4
Pituitary adenoma,52,0.49125197656032,0.011904482688720726,patient,1,vendor,GE,budget,all4,4
Cerebral infarction,129,0.8723050649305993,0.21234566898369972,finding,1,vendor,GE,availability,T2cor,1
Cerebral hemorrhage,27,0.8117343304843305,0.026140092780040654,finding,1,vendor,GE,availability,T2cor,1
Intracranial meningioma,75,0.7262775616083008,0.039258865471396974,finding,1,vendor,GE,availability,T2cor,1
Demyelinating disease of central nervous system,109,0.47888423449163336,0.023689344785318055,finding,1,vendor,GE,availability,T2cor,1
Lacunar infarct,61,0.8977853356960658,0.12451155681319245,finding,1,vendor,GE,availability,T2cor,1
Gliosis,1237,0.725534439527013,0.5288759142935585,finding,1,vendor,GE,availability,T2cor,1
Cerebral atrophy,550,0.923046466868298,0.6807233396430208,finding,1,vendor,GE,availability,T2cor,1
Encephalomalacia,62,0.768355816226784,0.0891701547369597,finding,1,vendor,GE,availability,T2cor,1
Arachnoid cyst,165,0.5933697994364329,0.0649575857850593,finding,1,vendor,GE,availability,T2cor,1
Empty sella syndrome,88,0.6639341080973187,0.041984894891699875,finding,1,vendor,GE,availability,T2cor,1
Cyst of pineal gland,175,0.6244851160803304,0.05562767072658424,finding,1,vendor,GE,availability,T2cor,1
Rathke's pouch cyst,38,0.597309434105872,0.012587592814678026,finding,1,vendor,GE,availability,T2cor,1
Cerebral edema,74,0.8113857840334865,0.12916346932184838,finding,1,vendor,GE,availability,T2cor,1
Mastoiditis,66,0.49214665460722246,0.03137464703056546,finding,1,vendor,GE,availability,T2cor,1
Chronic mastoiditis,123,0.7605487004673198,0.08794181578191929,finding,1,vendor,GE,availability,T2cor,1
Ventriculomegaly,345,0.8812801303668832,0.4383155510875433,finding,1,vendor,GE,availability,T2cor,1
Cerebellar degeneration,34,0.7642313848245774,0.144731953359944,finding,1,vendor,GE,availability,T2cor,1
Mega cisterna magna,49,0.5233919570728243,0.011709958375103299,finding,1,vendor,GE,availability,T2cor,1
Structure of cave of septum pellucidum,129,0.5849618516013922,0.038046640944188165,finding,1,vendor,GE,availability,T2cor,1
Hyperostosis of skull,40,0.7767482517482518,0.03864500343718597,finding,1,vendor,GE,availability,T2cor,1
Choroid plexus cyst,41,0.48701069499841165,0.00923312907378032,finding,1,vendor,GE,availability,T2cor,1
Pituitary adenoma,52,0.5940238117384429,0.01706509546314365,finding,1,vendor,GE,availability,T2cor,1
Cerebral infarction,129,0.8885252979090017,0.20467571775109322,finding,1,vendor,GE,availability,FLAIRax,1
Cerebral hemorrhage,27,0.844871794871795,0.09485005184384092,finding,1,vendor,GE,availability,FLAIRax,1
Intracranial meningioma,75,0.727568093385214,0.037076340531232134,finding,1,vendor,GE,availability,FLAIRax,1
Demyelinating disease of central nervous system,109,0.6318419264705222,0.0835233252405867,finding,1,vendor,GE,availability,FLAIRax,1
Lacunar infarct,61,0.9017863528364708,0.13451960851098269,finding,1,vendor,GE,availability,FLAIRax,1
Gliosis,1237,0.7220319800501486,0.5436024202013934,finding,1,vendor,GE,availability,FLAIRax,1
Cerebral atrophy,550,0.9331047066763314,0.7490805481684101,finding,1,vendor,GE,availability,FLAIRax,1
Encephalomalacia,62,0.7937829912023461,0.07231116469670089,finding,1,vendor,GE,availability,FLAIRax,1
Arachnoid cyst,165,0.5348688275093049,0.04680747232902628,finding,1,vendor,GE,availability,FLAIRax,1
Empty sella syndrome,88,0.6985988822107387,0.051606755522077524,finding,1,vendor,GE,availability,FLAIRax,1
Cyst of pineal gland,175,0.5928300811850165,0.05662608971751159,finding,1,vendor,GE,availability,FLAIRax,1
Rathke's pouch cyst,38,0.6237837906407377,0.01414294340054919,finding,1,vendor,GE,availability,FLAIRax,1
Cerebral edema,74,0.874527700567088,0.2659873002439958,finding,1,vendor,GE,availability,FLAIRax,1
Mastoiditis,66,0.6574897237357806,0.030197573371085855,finding,1,vendor,GE,availability,FLAIRax,1
Chronic mastoiditis,123,0.706580884706485,0.0703004945830189,finding,1,vendor,GE,availability,FLAIRax,1
Ventriculomegaly,345,0.8904186376358932,0.45128142186781695,finding,1,vendor,GE,availability,FLAIRax,1
Cerebellar degeneration,34,0.7146216059262617,0.06001739017693388,finding,1,vendor,GE,availability,FLAIRax,1
Mega cisterna magna,49,0.46899320385476573,0.01165480061591986,finding,1,vendor,GE,availability,FLAIRax,1
Structure of cave of septum pellucidum,129,0.5907003488181064,0.039225069832005,finding,1,vendor,GE,availability,FLAIRax,1
Hyperostosis of skull,40,0.7658849770918736,0.042743775376089845,finding,1,vendor,GE,availability,FLAIRax,1
Choroid plexus cyst,41,0.5219900462391021,0.010591153388943304,finding,1,vendor,GE,availability,FLAIRax,1
Pituitary adenoma,52,0.5794019161008279,0.01772591880653632,finding,1,vendor,GE,availability,FLAIRax,1
Cerebral infarction,129,0.8718198524495588,0.19520546634879155,finding,1,vendor,GE,availability,T2ax,1
Cerebral hemorrhage,27,0.8124910968660969,0.028677148467027326,finding,1,vendor,GE,availability,T2ax,1
Intracranial meningioma,75,0.7203923476005188,0.03785005111956061,finding,1,vendor,GE,availability,T2ax,1
Demyelinating disease of central nervous system,109,0.5820097547367615,0.030257676325305596,finding,1,vendor,GE,availability,T2ax,1
Lacunar infarct,61,0.8959139562788554,0.15621165111021743,finding,1,vendor,GE,availability,T2ax,1
Gliosis,1237,0.7042459202828055,0.5197427901054971,finding,1,vendor,GE,availability,T2ax,1
Cerebral atrophy,550,0.9099142650036243,0.6637303247197381,finding,1,vendor,GE,availability,T2ax,1
Encephalomalacia,62,0.7505806451612903,0.050161141706153434,finding,1,vendor,GE,availability,T2ax,1
Arachnoid cyst,165,0.5661422780766391,0.06751961545137986,finding,1,vendor,GE,availability,T2ax,1
Empty sella syndrome,88,0.6778038989553993,0.045924059981263865,finding,1,vendor,GE,availability,T2ax,1
Cyst of pineal gland,175,0.5784731519726534,0.05084850165283754,finding,1,vendor,GE,availability,T2ax,1
Rathke's pouch cyst,38,0.599110755920894,0.017179744825494288,finding,1,vendor,GE,availability,T2ax,1
Cerebral edema,74,0.8112707893889513,0.15886478127567746,finding,1,vendor,GE,availability,T2ax,1
Mastoiditis,66,0.5137617377365011,0.01788774499416954,finding,1,vendor,GE,availability,T2ax,1
Chronic mastoiditis,123,0.7417598905319762,0.08834150932140497,finding,1,vendor,GE,availability,T2ax,1
Ventriculomegaly,345,0.8657522878331788,0.4093100737064408,finding,1,vendor,GE,availability,T2ax,1
Cerebellar degeneration,34,0.7196002889477486,0.07275073994678055,finding,1,vendor,GE,availability,T2ax,1
Mega cisterna magna,49,0.4586855525197029,0.010879342262546507,finding,1,vendor,GE,availability,T2ax,1
Structure of cave of septum pellucidum,129,0.6034037464516451,0.0388110469775764,finding,1,vendor,GE,availability,T2ax,1
Hyperostosis of skull,40,0.7451651796479383,0.0323656352879694,finding,1,vendor,GE,availability,T2ax,1
Choroid plexus cyst,41,0.507877119292177,0.00988845164734046,finding,1,vendor,GE,availability,T2ax,1
Pituitary adenoma,52,0.6010696679378662,0.019906018509860297,finding,1,vendor,GE,availability,T2ax,1
Cerebral infarction,129,0.8803091605824076,0.1892538662758547,finding,1,vendor,GE,availability,T1ax,1
Cerebral hemorrhage,27,0.8613069800569801,0.07731350125725299,finding,1,vendor,GE,availability,T1ax,1
Intracranial meningioma,75,0.7240466926070039,0.03950770335663034,finding,1,vendor,GE,availability,T1ax,1
Demyelinating disease of central nervous system,109,0.5900805845642989,0.04073292547055388,finding,1,vendor,GE,availability,T1ax,1
Lacunar infarct,61,0.8980038619549755,0.12486387564910864,finding,1,vendor,GE,availability,T1ax,1
Gliosis,1237,0.7295679815847526,0.5328862390331409,finding,1,vendor,GE,availability,T1ax,1
Cerebral atrophy,550,0.9206098932686779,0.6771177889185837,finding,1,vendor,GE,availability,T1ax,1
Encephalomalacia,62,0.8049188660801564,0.06508074037043887,finding,1,vendor,GE,availability,T1ax,1
Arachnoid cyst,165,0.5774693729939876,0.057278131686698756,finding,1,vendor,GE,availability,T1ax,1
Empty sella syndrome,88,0.6749512076116125,0.048975889409043474,finding,1,vendor,GE,availability,T1ax,1
Cyst of pineal gland,175,0.5229881783221764,0.044165982598197845,finding,1,vendor,GE,availability,T1ax,1
Rathke's pouch cyst,38,0.5346056754322538,0.010266319948897748,finding,1,vendor,GE,availability,T1ax,1
Cerebral edema,74,0.8317332649936588,0.13572102854602086,finding,1,vendor,GE,availability,T1ax,1
Mastoiditis,66,0.4886869177089997,0.018788894668217964,finding,1,vendor,GE,availability,T1ax,1
Chronic mastoiditis,123,0.7352622271301453,0.07539472737804875,finding,1,vendor,GE,availability,T1ax,1
Ventriculomegaly,345,0.87682291077262,0.42981046284502866,finding,1,vendor,GE,availability,T1ax,1
Cerebellar degeneration,34,0.7092817382190054,0.0447427742393825,finding,1,vendor,GE,availability,T1ax,1
Mega cisterna magna,49,0.44918179935096325,0.01235876005675059,finding,1,vendor,GE,availability,T1ax,1
Structure of cave of septum pellucidum,129,0.6267034969683772,0.042023461113718574,finding,1,vendor,GE,availability,T1ax,1
Hyperostosis of skull,40,0.7415119363395225,0.03539483194635763,finding,1,vendor,GE,availability,T1ax,1
Choroid plexus cyst,41,0.5026884566964338,0.009707168209156458,finding,1,vendor,GE,availability,T1ax,1
Pituitary adenoma,52,0.5775695284159613,0.01677608861029079,finding,1,vendor,GE,availability,T1ax,1
Cerebral infarction,129,0.8914556756488285,0.21885171649224147,finding,1,vendor,GE,availability,FLAIRax+T2cor,2
Cerebral hemorrhage,27,0.8481659544159543,0.06496985451846322,finding,1,vendor,GE,availability,FLAIRax+T2cor,2
Intracranial meningioma,75,0.7411867704280156,0.042420731677669236,finding,1,vendor,GE,availability,FLAIRax+T2cor,2
Demyelinating disease of central nervous system,109,0.5447692023882906,0.02957303849774266,finding,1,vendor,GE,availability,FLAIRax+T2cor,2
Lacunar infarct,61,0.9069475457514522,0.14445931668107392,finding,1,vendor,GE,availability,FLAIRax+T2cor,2
Gliosis,1237,0.737299097049998,0.5517219282104167,finding,1,vendor,GE,availability,FLAIRax+T2cor,2
Cerebral atrophy,550,0.9458719724048292,0.7699012494857042,finding,1,vendor,GE,availability,FLAIRax+T2cor,2
Encephalomalacia,62,0.7918983382209188,0.09731963917469443,finding,1,vendor,GE,availability,FLAIRax+T2cor,2
Arachnoid cyst,165,0.5799541913415609,0.06603500700633563,finding,1,vendor,GE,availability,FLAIRax+T2cor,2
Empty sella syndrome,88,0.7044816917651755,0.05325030328210645,finding,1,vendor,GE,availability,FLAIRax+T2cor,2
Cyst of pineal gland,175,0.6104899586953425,0.05595225380474538,finding,1,vendor,GE,availability,FLAIRax+T2cor,2
Rathke's pouch cyst,38,0.6205743933224239,0.014223949614491686,finding,1,vendor,GE,availability,FLAIRax+T2cor,2
Cerebral edema,74,0.8653248434430053,0.25242651279749506,finding,1,vendor,GE,availability,FLAIRax+T2cor,2
Mastoiditis,66,0.5994610016692035,0.028463964258522136,finding,1,vendor,GE,availability,FLAIRax+T2cor,2
Chronic mastoiditis,123,0.7513003328852187,0.07752479513575783,finding,1,vendor,GE,availability,FLAIRax+T2cor,2
Ventriculomegaly,345,0.8983545707625105,0.476873412386291,finding,1,vendor,GE,availability,FLAIRax+T2cor,2
Cerebellar degeneration,34,0.7517882182971912,0.09749507979036587,finding,1,vendor,GE,availability,FLAIRax+T2cor,2
Mega cisterna magna,49,0.47267239423560625,0.011092247267285364,finding,1,vendor,GE,availability,FLAIRax+T2cor,2
Structure of cave of septum pellucidum,129,0.5909467756293434,0.0384746428730079,finding,1,vendor,GE,availability,FLAIRax+T2cor,2
Hyperostosis of skull,40,0.7890101278032312,0.0411440278580453,finding,1,vendor,GE,availability,FLAIRax+T2cor,2
Choroid plexus cyst,41,0.5083536291223985,0.009858069574172547,finding,1,vendor,GE,availability,FLAIRax+T2cor,2
Pituitary adenoma,52,0.5899218677332342,0.019150032096780602,finding,1,vendor,GE,availability,FLAIRax+T2cor,2
Cerebral infarction,129,0.8802289285973538,0.20959303096667198,finding,1,vendor,GE,availability,T2ax+T2cor,2
Cerebral hemorrhage,27,0.8204059829059829,0.02849381066895173,finding,1,vendor,GE,availability,T2ax+T2cor,2
Intracranial meningioma,75,0.7379312581063554,0.04243834679249729,finding,1,vendor,GE,availability,T2ax+T2cor,2
Demyelinating disease of central nervous system,109,0.5371989327382105,0.027335201248575396,finding,1,vendor,GE,availability,T2ax+T2cor,2
Lacunar infarct,61,0.9020843431895298,0.14940861516985324,finding,1,vendor,GE,availability,T2ax+T2cor,2
Gliosis,1237,0.7247871422111999,0.5351722516089602,finding,1,vendor,GE,availability,T2ax+T2cor,2
Cerebral atrophy,550,0.9318924188267054,0.7100508749043299,finding,1,vendor,GE,availability,T2ax+T2cor,2
Encephalomalacia,62,0.7673704789833823,0.07726869568077127,finding,1,vendor,GE,availability,T2ax+T2cor,2
Arachnoid cyst,165,0.5901300423428718,0.07265574479210897,finding,1,vendor,GE,availability,T2ax+T2cor,2
Empty sella syndrome,88,0.6862344474262015,0.04772381743729779,finding,1,vendor,GE,availability,T2ax+T2cor,2
Cyst of pineal gland,175,0.6052713288705313,0.05388525431282363,finding,1,vendor,GE,availability,T2ax+T2cor,2
Rathke's pouch cyst,38,0.5989204754474762,0.030051691944582067,finding,1,vendor,GE,availability,T2ax+T2cor,2
Cerebral edema,74,0.8240680505450747,0.18514223854545142,finding,1,vendor,GE,availability,T2ax+T2cor,2
Mastoiditis,66,0.5050774672225776,0.018875110437009422,finding,1,vendor,GE,availability,T2ax+T2cor,2
Chronic mastoiditis,123,0.7665682414698163,0.09674391065720368,finding,1,vendor,GE,availability,T2ax+T2cor,2
Ventriculomegaly,345,0.8862911074395129,0.4562344019379309,finding,1,vendor,GE,availability,T2ax+T2cor,2
Cerebellar degeneration,34,0.75300633135508,0.09264543911846594,finding,1,vendor,GE,availability,T2ax+T2cor,2
Mega cisterna magna,49,0.4921780215227705,0.011191084008300075,finding,1,vendor,GE,availability,T2ax+T2cor,2
Structure of cave of septum pellucidum,129,0.5988620430119851,0.038584767526367365,finding,1,vendor,GE,availability,T2ax+T2cor,2
Hyperostosis of skull,40,0.7789968652037618,0.0393128391426289,finding,1,vendor,GE,availability,T2ax+T2cor,2
Choroid plexus cyst,41,0.4994823103079077,0.009594326321297619,finding,1,vendor,GE,availability,T2ax+T2cor,2
Pituitary adenoma,52,0.6095944563296438,0.020364485371880278,finding,1,vendor,GE,availability,T2ax+T2cor,2
Cerebral infarction,129,0.8871021353169736,0.21301354103469258,finding,1,vendor,GE,availability,T2ax+FLAIRax,2
Cerebral hemorrhage,27,0.8448361823361823,0.05764668498522834,finding,1,vendor,GE,availability,T2ax+FLAIRax,2
Intracranial meningioma,75,0.7314494163424125,0.03786412949373867,finding,1,vendor,GE,availability,T2ax+FLAIRax,2
Demyelinating disease of central nervous system,109,0.593738610849895,0.033792984831291326,finding,1,vendor,GE,availability,T2ax+FLAIRax,2
Lacunar infarct,61,0.9032405457593986,0.15130705329504074,finding,1,vendor,GE,availability,T2ax+FLAIRax,2
Gliosis,1237,0.7187238123946673,0.5388824419621666,finding,1,vendor,GE,availability,T2ax+FLAIRax,2
Cerebral atrophy,550,0.9311970405179093,0.7324854076527344,finding,1,vendor,GE,availability,T2ax+FLAIRax,2
Encephalomalacia,62,0.7797536656891495,0.07735791868264731,finding,1,vendor,GE,availability,T2ax+FLAIRax,2
Arachnoid cyst,165,0.5583743953709145,0.06299943391383514,finding,1,vendor,GE,availability,T2ax+FLAIRax,2
Empty sella syndrome,88,0.6996634434119187,0.04927790931639361,finding,1,vendor,GE,availability,T2ax+FLAIRax,2
Cyst of pineal gland,175,0.5912576556046147,0.05424157675735383,finding,1,vendor,GE,availability,T2ax+FLAIRax,2
Rathke's pouch cyst,38,0.6201938323755882,0.014027067740025715,finding,1,vendor,GE,availability,T2ax+FLAIRax,2
Cerebral edema,74,0.8590264224837528,0.23338114114081926,finding,1,vendor,GE,availability,T2ax+FLAIRax,2
Mastoiditis,66,0.606192965814417,0.024600739251278207,finding,1,vendor,GE,availability,T2ax+FLAIRax,2
Chronic mastoiditis,123,0.7282684367198003,0.07843514576955704,finding,1,vendor,GE,availability,T2ax+FLAIRax,2
Ventriculomegaly,345,0.885240175331387,0.4517069907301794,finding,1,vendor,GE,availability,T2ax+FLAIRax,2
Cerebellar degeneration,34,0.7195577966317757,0.07770817081828657,finding,1,vendor,GE,availability,T2ax+FLAIRax,2
Mega cisterna magna,49,0.4560913780688689,0.011204919305305833,finding,1,vendor,GE,availability,T2ax+FLAIRax,2
Structure of cave of septum pellucidum,129,0.5937673119610607,0.03787168090393132,finding,1,vendor,GE,availability,T2ax+FLAIRax,2
Hyperostosis of skull,40,0.7664154810706535,0.04544481361878535,finding,1,vendor,GE,availability,T2ax+FLAIRax,2
Choroid plexus cyst,41,0.5157071758850729,0.010227664733011219,finding,1,vendor,GE,availability,T2ax+FLAIRax,2
Pituitary adenoma,52,0.589080085573435,0.018333657764819072,finding,1,vendor,GE,availability,T2ax+FLAIRax,2
Cerebral infarction,129,0.886173736632778,0.21567794217915087,finding,1,vendor,GE,availability,T1ax+T2cor,2
Cerebral hemorrhage,27,0.8558404558404559,0.05686716796891247,finding,1,vendor,GE,availability,T1ax+T2cor,2
Intracranial meningioma,75,0.7412029831387809,0.04519359412986831,finding,1,vendor,GE,availability,T1ax+T2cor,2
Demyelinating disease of central nervous system,109,0.5297568964819056,0.02656766652129562,finding,1,vendor,GE,availability,T1ax+T2cor,2
Lacunar infarct,61,0.9042497397550917,0.14453696252739676,finding,1,vendor,GE,availability,T1ax+T2cor,2
Gliosis,1237,0.7402863680583149,0.54624119175557,finding,1,vendor,GE,availability,T1ax+T2cor,2
Cerebral atrophy,550,0.9359037168495512,0.7205087991579677,finding,1,vendor,GE,availability,T1ax+T2cor,2
Encephalomalacia,62,0.8012551319648094,0.09106745380794826,finding,1,vendor,GE,availability,T1ax+T2cor,2
Arachnoid cyst,165,0.6017871404246342,0.081518801523453,finding,1,vendor,GE,availability,T1ax+T2cor,2
Empty sella syndrome,88,0.6875041584421921,0.05082483061904491,finding,1,vendor,GE,availability,T1ax+T2cor,2
Cyst of pineal gland,175,0.5716735507762427,0.04773062915006925,finding,1,vendor,GE,availability,T1ax+T2cor,2
Rathke's pouch cyst,38,0.5832857632149789,0.012256785715333882,finding,1,vendor,GE,availability,T1ax+T2cor,2
Cerebral edema,74,0.840203441953989,0.19063896367084315,finding,1,vendor,GE,availability,T1ax+T2cor,2
Mastoiditis,66,0.48413153618200944,0.017349702577455457,finding,1,vendor,GE,availability,T1ax+T2cor,2
Chronic mastoiditis,123,0.7705412585621919,0.08725157659114172,finding,1,vendor,GE,availability,T1ax+T2cor,2
Ventriculomegaly,345,0.8903643181012304,0.4606680081721212,finding,1,vendor,GE,availability,T1ax+T2cor,2
Cerebellar degeneration,34,0.750046033342304,0.06608988152879447,finding,1,vendor,GE,availability,T1ax+T2cor,2
Mega cisterna magna,49,0.47827009005632215,0.01148523152236637,finding,1,vendor,GE,availability,T1ax+T2cor,2
Structure of cave of septum pellucidum,129,0.6300197523506061,0.04201225597020545,finding,1,vendor,GE,availability,T1ax+T2cor,2
Hyperostosis of skull,40,0.7830540149505667,0.045005150677636385,finding,1,vendor,GE,availability,T1ax+T2cor,2
Choroid plexus cyst,41,0.49407009989057926,0.009444208261537516,finding,1,vendor,GE,availability,T1ax+T2cor,2
Pituitary adenoma,52,0.5873221095712028,0.018074307843511148,finding,1,vendor,GE,availability,T1ax+T2cor,2
Cerebral infarction,129,0.894067035733798,0.20594470072238147,finding,1,vendor,GE,availability,T1ax+FLAIRax,2
Cerebral hemorrhage,27,0.8645477207977208,0.11399190310064078,finding,1,vendor,GE,availability,T1ax+FLAIRax,2
Intracranial meningioma,75,0.7372016861219197,0.039443866771582736,finding,1,vendor,GE,availability,T1ax+FLAIRax,2
Demyelinating disease of central nervous system,109,0.6269960540110056,0.07106499175533004,finding,1,vendor,GE,availability,T1ax+FLAIRax,2
Lacunar infarct,61,0.9054774600096945,0.14038359022164215,finding,1,vendor,GE,availability,T1ax+FLAIRax,2
Gliosis,1237,0.7329679514407464,0.5496575457482856,finding,1,vendor,GE,availability,T1ax+FLAIRax,2
Cerebral atrophy,550,0.9393476141675208,0.7549850165406791,finding,1,vendor,GE,availability,T1ax+FLAIRax,2
Encephalomalacia,62,0.80958357771261,0.09444535908986545,finding,1,vendor,GE,availability,T1ax+FLAIRax,2
Arachnoid cyst,165,0.5733857721923361,0.05752024197399416,finding,1,vendor,GE,availability,T1ax+FLAIRax,2
Empty sella syndrome,88,0.71315342988312,0.05126107200252622,finding,1,vendor,GE,availability,T1ax+FLAIRax,2
Cyst of pineal gland,175,0.5649807719698049,0.049367268726643564,finding,1,vendor,GE,availability,T1ax+FLAIRax,2
Rathke's pouch cyst,38,0.6090180259035151,0.012185703207974175,finding,1,vendor,GE,availability,T1ax+FLAIRax,2
Cerebral edema,74,0.8712881371524698,0.2744034595200723,finding,1,vendor,GE,availability,T1ax+FLAIRax,2
Mastoiditis,66,0.6033656144066238,0.02423168223393762,finding,1,vendor,GE,availability,T1ax+FLAIRax,2
Chronic mastoiditis,123,0.726822066449011,0.07813524308625965,finding,1,vendor,GE,availability,T1ax+FLAIRax,2
Ventriculomegaly,345,0.8934884457823145,0.4656323246241723,finding,1,vendor,GE,availability,T1ax+FLAIRax,2
Cerebellar degeneration,34,0.725938726080367,0.06058719062500996,finding,1,vendor,GE,availability,T1ax+FLAIRax,2
Mega cisterna magna,49,0.4473175447075882,0.0117866311668429,finding,1,vendor,GE,availability,T1ax+FLAIRax,2
Structure of cave of septum pellucidum,129,0.6263787484574446,0.04329026372694042,finding,1,vendor,GE,availability,T1ax+FLAIRax,2
Hyperostosis of skull,40,0.7644743187846635,0.044006065992514845,finding,1,vendor,GE,availability,T1ax+FLAIRax,2
Choroid plexus cyst,41,0.5159777864059394,0.010172359353739693,finding,1,vendor,GE,availability,T1ax+FLAIRax,2
Pituitary adenoma,52,0.5696493349455863,0.017582745165395045,finding,1,vendor,GE,availability,T1ax+FLAIRax,2
Cerebral infarction,129,0.8830045732231481,0.19848480464774734,finding,1,vendor,GE,availability,T1ax+T2ax,2
Cerebral hemorrhage,27,0.852323717948718,0.05628023721810411,finding,1,vendor,GE,availability,T1ax+T2ax,2
Intracranial meningioma,75,0.7375810635538262,0.04147887343671043,finding,1,vendor,GE,availability,T1ax+T2ax,2
Demyelinating disease of central nervous system,109,0.5884270486971938,0.031037979539640687,finding,1,vendor,GE,availability,T1ax+T2ax,2
Lacunar infarct,61,0.9025889401873763,0.1569171261694552,finding,1,vendor,GE,availability,T1ax+T2ax,2
Gliosis,1237,0.7182763109217215,0.5311275412825905,finding,1,vendor,GE,availability,T1ax+T2ax,2
Cerebral atrophy,550,0.9222651036068689,0.6905572530758931,finding,1,vendor,GE,availability,T1ax+T2ax,2
Encephalomalacia,62,0.7866744868035191,0.06785439570289696,finding,1,vendor,GE,availability,T1ax+T2ax,2
Arachnoid cyst,165,0.5863191838825852,0.06807095888815194,finding,1,vendor,GE,availability,T1ax+T2ax,2
Empty sella syndrome,88,0.6866253409922598,0.04690063049455935,finding,1,vendor,GE,availability,T1ax+T2ax,2
Cyst of pineal gland,175,0.5487309500071216,0.046085779007833394,finding,1,vendor,GE,availability,T1ax+T2ax,2
Rathke's pouch cyst,38,0.5807677182834164,0.011776735491242342,finding,1,vendor,GE,availability,T1ax+T2ax,2
Cerebral edema,74,0.8376637030903991,0.19807781913728895,finding,1,vendor,GE,availability,T1ax+T2ax,2
Mastoiditis,66,0.49301066966682106,0.01785097178990386,finding,1,vendor,GE,availability,T1ax+T2ax,2
Chronic mastoiditis,123,0.7446126208309327,0.08271570508597066,finding,1,vendor,GE,availability,T1ax+T2ax,2
Ventriculomegaly,345,0.8798331183185087,0.43535606669911486,finding,1,vendor,GE,availability,T1ax+T2ax,2
Cerebellar degeneration,34,0.7219444483789181,0.05742916013486884,finding,1,vendor,GE,availability,T1ax+T2ax,2
Mega cisterna magna,49,0.44674544539903926,0.011574114243692746,finding,1,vendor,GE,availability,T1ax+T2ax,2
Structure of cave of septum pellucidum,129,0.6374946989581304,0.04237791003042182,finding,1,vendor,GE,availability,T1ax+T2ax,2
Hyperostosis of skull,40,0.7516939956595129,0.0366263981166476,finding,1,vendor,GE,availability,T1ax+T2ax,2
Choroid plexus cyst,41,0.5083359806101679,0.009839569222245614,finding,1,vendor,GE,availability,T1ax+T2ax,2
Pituitary adenoma,52,0.5902985768765697,0.0188703564332992,finding,1,vendor,GE,availability,T1ax+T2ax,2
Cerebral infarction,129,0.8892282829209027,0.21916338501832675,finding,1,vendor,GE,availability,T2ax+FLAIRax+T2cor,3
Cerebral hemorrhage,27,0.8445601851851852,0.05068117576591289,finding,1,vendor,GE,availability,T2ax+FLAIRax+T2cor,3
Intracranial meningioma,75,0.7411900129701686,0.04134909105448357,finding,1,vendor,GE,availability,T2ax+FLAIRax+T2cor,3
Demyelinating disease of central nervous system,109,0.5576600330257232,0.029156758107159585,finding,1,vendor,GE,availability,T2ax+FLAIRax+T2cor,3
Lacunar infarct,61,0.9060496014875679,0.15274231473085786,finding,1,vendor,GE,availability,T2ax+FLAIRax+T2cor,3
Gliosis,1237,0.729397530931861,0.5454085577030183,finding,1,vendor,GE,availability,T2ax+FLAIRax+T2cor,3
Cerebral atrophy,550,0.9407243732346839,0.7482949239522921,finding,1,vendor,GE,availability,T2ax+FLAIRax+T2cor,3
Encephalomalacia,62,0.7823929618768328,0.08812151981393299,finding,1,vendor,GE,availability,T2ax+FLAIRax+T2cor,3
Arachnoid cyst,165,0.5808507752814067,0.07591996188666425,finding,1,vendor,GE,availability,T2ax+FLAIRax+T2cor,3
Empty sella syndrome,88,0.7017204861496152,0.05446899991337788,finding,1,vendor,GE,availability,T2ax+FLAIRax+T2cor,3
Cyst of pineal gland,175,0.6036020509898875,0.05473817746136643,finding,1,vendor,GE,availability,T2ax+FLAIRax+T2cor,3
Rathke's pouch cyst,38,0.6138955487054586,0.017441462913845237,finding,1,vendor,GE,availability,T2ax+FLAIRax+T2cor,3
Cerebral edema,74,0.8560562750934743,0.2456723316520744,finding,1,vendor,GE,availability,T2ax+FLAIRax+T2cor,3
Mastoiditis,66,0.5747906142227909,0.02260559375465045,finding,1,vendor,GE,availability,T2ax+FLAIRax+T2cor,3
Chronic mastoiditis,123,0.7523165930478204,0.08660603776757977,finding,1,vendor,GE,availability,T2ax+FLAIRax+T2cor,3
Ventriculomegaly,345,0.8931361232449887,0.46925605504762824,finding,1,vendor,GE,availability,T2ax+FLAIRax+T2cor,3
Cerebellar degeneration,34,0.7459030325349499,0.09066145549906533,finding,1,vendor,GE,availability,T2ax+FLAIRax+T2cor,3
Mega cisterna magna,49,0.46264586066422697,0.010953459934789037,finding,1,vendor,GE,availability,T2ax+FLAIRax+T2cor,3
Structure of cave of septum pellucidum,129,0.5966107717170791,0.03810514449284902,finding,1,vendor,GE,availability,T2ax+FLAIRax+T2cor,3
Hyperostosis of skull,40,0.7821376898963106,0.042691226703848964,finding,1,vendor,GE,availability,T2ax+FLAIRax+T2cor,3
Choroid plexus cyst,41,0.5090301554245644,0.009874877137767272,finding,1,vendor,GE,availability,T2ax+FLAIRax+T2cor,3
Pituitary adenoma,52,0.5945307413263883,0.019376658068159303,finding,1,vendor,GE,availability,T2ax+FLAIRax+T2cor,3
Cerebral infarction,129,0.8940708563045148,0.22190174833095885,finding,1,vendor,GE,availability,T1ax+FLAIRax+T2cor,3
Cerebral hemorrhage,27,0.8619391025641026,0.08141847895251678,finding,1,vendor,GE,availability,T1ax+FLAIRax+T2cor,3
Intracranial meningioma,75,0.7437905317769131,0.04271379499856866,finding,1,vendor,GE,availability,T1ax+FLAIRax+T2cor,3
Demyelinating disease of central nervous system,109,0.5636735042811956,0.032065742327779256,finding,1,vendor,GE,availability,T1ax+FLAIRax+T2cor,3
Lacunar infarct,61,0.9075117408199105,0.14502416494199366,finding,1,vendor,GE,availability,T1ax+FLAIRax+T2cor,3
Gliosis,1237,0.7411350588493211,0.5537534891504989,finding,1,vendor,GE,availability,T1ax+FLAIRax+T2cor,3
Cerebral atrophy,550,0.9460629389856775,0.7630813648520103,finding,1,vendor,GE,availability,T1ax+FLAIRax+T2cor,3
Encephalomalacia,62,0.8043714565004888,0.11006757887535179,finding,1,vendor,GE,availability,T1ax+FLAIRax+T2cor,3
Arachnoid cyst,165,0.5906212799300815,0.08155409914310417,finding,1,vendor,GE,availability,T1ax+FLAIRax+T2cor,3
Empty sella syndrome,88,0.7099043003836856,0.05462791415868371,finding,1,vendor,GE,availability,T1ax+FLAIRax+T2cor,3
Cyst of pineal gland,175,0.5844737216920667,0.05100472589481801,finding,1,vendor,GE,availability,T1ax+FLAIRax+T2cor,3
Rathke's pouch cyst,38,0.6046669457446944,0.012554241236068372,finding,1,vendor,GE,availability,T1ax+FLAIRax+T2cor,3
Cerebral edema,74,0.8657256819182422,0.26830884448246306,finding,1,vendor,GE,availability,T1ax+FLAIRax+T2cor,3
Mastoiditis,66,0.5682351297493253,0.021667872134963448,finding,1,vendor,GE,availability,T1ax+FLAIRax+T2cor,3
Chronic mastoiditis,123,0.7549632705972729,0.08744506801522141,finding,1,vendor,GE,availability,T1ax+FLAIRax+T2cor,3
Ventriculomegaly,345,0.8981063606666214,0.4806677102283973,finding,1,vendor,GE,availability,T1ax+FLAIRax+T2cor,3
Cerebellar degeneration,34,0.7481197150182008,0.06899787679428457,finding,1,vendor,GE,availability,T1ax+FLAIRax+T2cor,3
Mega cisterna magna,49,0.44876752054132435,0.0110926431461369,finding,1,vendor,GE,availability,T1ax+FLAIRax+T2cor,3
Structure of cave of septum pellucidum,129,0.6227893222689606,0.04213596175332461,finding,1,vendor,GE,availability,T1ax+FLAIRax+T2cor,3
Hyperostosis of skull,40,0.7837955148299977,0.04311731349192481,finding,1,vendor,GE,availability,T1ax+FLAIRax+T2cor,3
Choroid plexus cyst,41,0.507918299154048,0.009846581738148,finding,1,vendor,GE,availability,T1ax+FLAIRax+T2cor,3
Pituitary adenoma,52,0.5837643009952562,0.018450848929525934,finding,1,vendor,GE,availability,T1ax+FLAIRax+T2cor,3
Cerebral infarction,129,0.8858012309878849,0.21116636675240613,finding,1,vendor,GE,availability,T1ax+T2ax+T2cor,3
Cerebral hemorrhage,27,0.847872150997151,0.04905774894577253,finding,1,vendor,GE,availability,T1ax+T2ax+T2cor,3
Intracranial meningioma,75,0.7439591439688716,0.045083580212858645,finding,1,vendor,GE,availability,T1ax+T2ax+T2cor,3
Demyelinating disease of central nervous system,109,0.5573743200255566,0.028468613756483182,finding,1,vendor,GE,availability,T1ax+T2ax+T2cor,3
Lacunar infarct,61,0.9047146047058637,0.17337243407659297,finding,1,vendor,GE,availability,T1ax+T2ax+T2cor,3
Gliosis,1237,0.7304372251072168,0.5406116173844684,finding,1,vendor,GE,availability,T1ax+T2ax+T2cor,3
Cerebral atrophy,550,0.9344494713425151,0.7174255205336638,finding,1,vendor,GE,availability,T1ax+T2ax+T2cor,3
Encephalomalacia,62,0.7878475073313784,0.0894137360898904,finding,1,vendor,GE,availability,T1ax+T2ax+T2cor,3
Arachnoid cyst,165,0.5965869535735274,0.08298788034585075,finding,1,vendor,GE,availability,T1ax+T2ax+T2cor,3
Empty sella syndrome,88,0.6916126993279959,0.05004192068550958,finding,1,vendor,GE,availability,T1ax+T2ax+T2cor,3
Cyst of pineal gland,175,0.5747970374590514,0.048564531324638144,finding,1,vendor,GE,availability,T1ax+T2ax+T2cor,3
Rathke's pouch cyst,38,0.5899455797846025,0.018250900507417865,finding,1,vendor,GE,availability,T1ax+T2ax+T2cor,3
Cerebral edema,74,0.8387610805553913,0.20604202819552872,finding,1,vendor,GE,availability,T1ax+T2ax+T2cor,3
Mastoiditis,66,0.49233416425845444,0.017431098580381728,finding,1,vendor,GE,availability,T1ax+T2ax+T2cor,3
Chronic mastoiditis,123,0.7630713462646439,0.0893751668748081,finding,1,vendor,GE,availability,T1ax+T2ax+T2cor,3
Ventriculomegaly,345,0.8889248504326702,0.4606694453430021,finding,1,vendor,GE,availability,T1ax+T2ax+T2cor,3
Cerebellar degeneration,34,0.7441679296327246,0.06584971358869254,finding,1,vendor,GE,availability,T1ax+T2ax+T2cor,3
Mega cisterna magna,49,0.467508704786893,0.01119243668443919,finding,1,vendor,GE,availability,T1ax+T2ax+T2cor,3
Structure of cave of septum pellucidum,129,0.6284896137785062,0.0415676726856043,finding,1,vendor,GE,availability,T1ax+T2ax+T2cor,3
Hyperostosis of skull,40,0.7767542802025561,0.04029121543752873,finding,1,vendor,GE,availability,T1ax+T2ax+T2cor,3
Choroid plexus cyst,41,0.5012295130187192,0.009627065461465105,finding,1,vendor,GE,availability,T1ax+T2ax+T2cor,3
Pituitary adenoma,52,0.5956934238675472,0.02011281239785135,finding,1,vendor,GE,availability,T1ax+T2ax+T2cor,3
Cerebral infarction,129,0.890617060376479,0.2069218830970228,finding,1,vendor,GE,availability,T1ax+T2ax+FLAIRax,3
Cerebral hemorrhage,27,0.8599537037037037,0.08320762312599474,finding,1,vendor,GE,availability,T1ax+T2ax+FLAIRax,3
Intracranial meningioma,75,0.7389753566796369,0.040052721347890154,finding,1,vendor,GE,availability,T1ax+T2ax+FLAIRax,3
Demyelinating disease of central nervous system,109,0.6034978470288097,0.035094991044016206,finding,1,vendor,GE,availability,T1ax+T2ax+FLAIRax,3
Lacunar infarct,61,0.9050165682636301,0.15411793838369342,finding,1,vendor,GE,availability,T1ax+T2ax+FLAIRax,3
Gliosis,1237,0.7251891536385184,0.5420276958185082,finding,1,vendor,GE,availability,T1ax+T2ax+FLAIRax,3
Cerebral atrophy,550,0.9346709325867973,0.735205238754427,finding,1,vendor,GE,availability,T1ax+T2ax+FLAIRax,3
Encephalomalacia,62,0.7943773216031281,0.07931707301414458,finding,1,vendor,GE,availability,T1ax+T2ax+FLAIRax,3
Arachnoid cyst,165,0.5757922336241581,0.07582590624950397,finding,1,vendor,GE,availability,T1ax+T2ax+FLAIRax,3
Empty sella syndrome,88,0.7060009093126927,0.051180392701709404,finding,1,vendor,GE,availability,T1ax+T2ax+FLAIRax,3
Cyst of pineal gland,175,0.5701139438826377,0.04944662705839128,finding,1,vendor,GE,availability,T1ax+T2ax+FLAIRax,3
Rathke's pouch cyst,38,0.6054407530032602,0.012519082135331493,finding,1,vendor,GE,availability,T1ax+T2ax+FLAIRax,3
Cerebral edema,74,0.8622035602341948,0.2561681089489931,finding,1,vendor,GE,availability,T1ax+T2ax+FLAIRax,3
Mastoiditis,66,0.5708749715058864,0.021377719882711893,finding,1,vendor,GE,availability,T1ax+T2ax+FLAIRax,3
Chronic mastoiditis,123,0.7366245758914282,0.08328199145953089,finding,1,vendor,GE,availability,T1ax+T2ax+FLAIRax,3
Ventriculomegaly,345,0.8888207379912336,0.45742783494879063,finding,1,vendor,GE,availability,T1ax+T2ax+FLAIRax,3
Cerebellar degeneration,34,0.7274401212447414,0.07667968973752283,finding,1,vendor,GE,availability,T1ax+T2ax+FLAIRax,3
Mega cisterna magna,49,0.4440427693552047,0.011435864861649811,finding,1,vendor,GE,availability,T1ax+T2ax+FLAIRax,3
Structure of cave of septum pellucidum,129,0.6230223770826886,0.04205668504606897,finding,1,vendor,GE,availability,T1ax+T2ax+FLAIRax,3
Hyperostosis of skull,40,0.7633228840125392,0.04283623369029585,finding,1,vendor,GE,availability,T1ax+T2ax+FLAIRax,3
Choroid plexus cyst,41,0.5136775969785747,0.010071954464736478,finding,1,vendor,GE,availability,T1ax+T2ax+FLAIRax,3
Pituitary adenoma,52,0.5850013952190494,0.01817256521302417,finding,1,vendor,GE,availability,T1ax+T2ax+FLAIRax,3
Cerebral infarction,129,0.8914575859341868,0.21954628450337904,finding,1,vendor,GE,availability,T1ax+T2ax+FLAIRax+T2cor,4
Cerebral hemorrhage,27,0.8564903846153846,0.06469334950647514,finding,1,vendor,GE,availability,T1ax+T2ax+FLAIRax+T2cor,4
Intracranial meningioma,75,0.7442963683527885,0.04236402920882066,finding,1,vendor,GE,availability,T1ax+T2ax+FLAIRax+T2cor,4
Demyelinating disease of central nervous system,109,0.5700469289227045,0.03005433803067106,finding,1,vendor,GE,availability,T1ax+T2ax+FLAIRax+T2cor,4
Lacunar infarct,61,0.9068164299961062,0.1565671805577216,finding,1,vendor,GE,availability,T1ax+T2ax+FLAIRax+T2cor,4
Gliosis,1237,0.7328284669032514,0.546816226415117,finding,1,vendor,GE,availability,T1ax+T2ax+FLAIRax+T2cor,4
Cerebral atrophy,550,0.9413277676406631,0.7461332593264315,finding,1,vendor,GE,availability,T1ax+T2ax+FLAIRax+T2cor,4
Encephalomalacia,62,0.7934936461388075,0.09840528101392947,finding,1,vendor,GE,availability,T1ax+T2ax+FLAIRax+T2cor,4
Arachnoid cyst,165,0.5876768681343519,0.08418818950394791,finding,1,vendor,GE,availability,T1ax+T2ax+FLAIRax+T2cor,4
Empty sella syndrome,88,0.7050278338397391,0.05464182296846245,finding,1,vendor,GE,availability,T1ax+T2ax+FLAIRax+T2cor,4
Cyst of pineal gland,175,0.5839638228172624,0.050935895238592224,finding,1,vendor,GE,availability,T1ax+T2ax+FLAIRax+T2cor,4
Rathke's pouch cyst,38,0.6032334995116133,0.014850533108037495,finding,1,vendor,GE,availability,T1ax+T2ax+FLAIRax+T2cor,4
Cerebral edema,74,0.8591775583022848,0.2553985144228521,finding,1,vendor,GE,availability,T1ax+T2ax+FLAIRax+T2cor,4
Mastoiditis,66,0.553539520416492,0.020327531823484547,finding,1,vendor,GE,availability,T1ax+T2ax+FLAIRax+T2cor,4
Chronic mastoiditis,123,0.7536269284936943,0.08881635283648964,finding,1,vendor,GE,availability,T1ax+T2ax+FLAIRax+T2cor,4
Ventriculomegaly,345,0.8941508423300063,0.4721790002467813,finding,1,vendor,GE,availability,T1ax+T2ax+FLAIRax+T2cor,4
Cerebellar degeneration,34,0.7438563193155905,0.06676280802004853,finding,1,vendor,GE,availability,T1ax+T2ax+FLAIRax+T2cor,4
Mega cisterna magna,49,0.4481806255610026,0.01100341893558465,finding,1,vendor,GE,availability,T1ax+T2ax+FLAIRax+T2cor,4
Structure of cave of septum pellucidum,129,0.6201397564768225,0.041389702299483,finding,1,vendor,GE,availability,T1ax+T2ax+FLAIRax+T2cor,4
Hyperostosis of skull,40,0.7782613937786351,0.04614963614167374,finding,1,vendor,GE,availability,T1ax+T2ax+FLAIRax+T2cor,4
Choroid plexus cyst,41,0.5088713188144907,0.00988270874428655,finding,1,vendor,GE,availability,T1ax+T2ax+FLAIRax+T2cor,4
Pituitary adenoma,52,0.5900102316063621,0.01923004597652872,finding,1,vendor,GE,availability,T1ax+T2ax+FLAIRax+T2cor,4
Cerebral infarction,129,0.8885252979090017,0.20467571775109322,finding,1,vendor,GE,budget,all4,1
Cerebral hemorrhage,27,0.844871794871795,0.09485005184384092,finding,1,vendor,GE,budget,all4,1
Intracranial meningioma,75,0.727568093385214,0.037076340531232134,finding,1,vendor,GE,budget,all4,1
Demyelinating disease of central nervous system,109,0.47888423449163336,0.023689344785318055,finding,1,vendor,GE,budget,all4,1
Lacunar infarct,61,0.9017863528364708,0.13451960851098269,finding,1,vendor,GE,budget,all4,1
Gliosis,1237,0.7042459202828055,0.5197427901054971,finding,1,vendor,GE,budget,all4,1
Cerebral atrophy,550,0.9331047066763314,0.7490805481684101,finding,1,vendor,GE,budget,all4,1
Encephalomalacia,62,0.7505806451612903,0.050161141706153434,finding,1,vendor,GE,budget,all4,1
Arachnoid cyst,165,0.5933697994364329,0.0649575857850593,finding,1,vendor,GE,budget,all4,1
Empty sella syndrome,88,0.6985988822107387,0.051606755522077524,finding,1,vendor,GE,budget,all4,1
Cyst of pineal gland,175,0.6244851160803304,0.05562767072658424,finding,1,vendor,GE,budget,all4,1
Rathke's pouch cyst,38,0.5346056754322538,0.010266319948897748,finding,1,vendor,GE,budget,all4,1
Cerebral edema,74,0.874527700567088,0.2659873002439958,finding,1,vendor,GE,budget,all4,1
Mastoiditis,66,0.5137617377365011,0.01788774499416954,finding,1,vendor,GE,budget,all4,1
Chronic mastoiditis,123,0.7417598905319762,0.08834150932140497,finding,1,vendor,GE,budget,all4,1
Ventriculomegaly,345,0.8904186376358931,0.45128142186781695,finding,1,vendor,GE,budget,all4,1
Cerebellar degeneration,34,0.7196002889477486,0.07275073994678055,finding,1,vendor,GE,budget,all4,1
Mega cisterna magna,49,0.4491817993509632,0.01235876005675059,finding,1,vendor,GE,budget,all4,1
Structure of cave of septum pellucidum,129,0.5849618516013922,0.038046640944188165,finding,1,vendor,GE,budget,all4,1
Hyperostosis of skull,40,0.7767482517482517,0.03864500343718597,finding,1,vendor,GE,budget,all4,1
Choroid plexus cyst,41,0.5026884566964339,0.009707168209156458,finding,1,vendor,GE,budget,all4,1
Pituitary adenoma,52,0.5775695284159613,0.01677608861029079,finding,1,vendor,GE,budget,all4,1
Cerebral infarction,129,0.8870620193244466,0.21295169731017,finding,1,vendor,GE,budget,all4,2
Cerebral hemorrhage,27,0.8448628917378918,0.05766649848527118,finding,1,vendor,GE,budget,all4,2
Intracranial meningioma,75,0.7314494163424125,0.03786771588259829,finding,1,vendor,GE,budget,all4,2
Demyelinating disease of central nervous system,109,0.5315116692388336,0.026692582799687566,finding,1,vendor,GE,budget,all4,2
Lacunar infarct,61,0.9032325993499837,0.15144783777245746,finding,1,vendor,GE,budget,all4,2
Gliosis,1237,0.7190366249674581,0.5394747351025896,finding,1,vendor,GE,budget,all4,2
Cerebral atrophy,550,0.9309710800609894,0.731599701981035,finding,1,vendor,GE,budget,all4,2
Encephalomalacia,62,0.7797771260997067,0.07735782899640115,finding,1,vendor,GE,budget,all4,2
Arachnoid cyst,165,0.5900833295661739,0.07264953780845138,finding,1,vendor,GE,budget,all4,2
Empty sella syndrome,88,0.7043707999733859,0.05296739153438651,finding,1,vendor,GE,budget,all4,2
Cyst of pineal gland,175,0.6104842615012107,0.05597068557331632,finding,1,vendor,GE,budget,all4,2
Rathke's pouch cyst,38,0.5807677182834163,0.011776735491242342,finding,1,vendor,GE,budget,all4,2
Cerebral edema,74,0.8587635775819583,0.23265022114601264,finding,1,vendor,GE,budget,all4,2
Mastoiditis,66,0.4926944769216063,0.017860364772876766,finding,1,vendor,GE,budget,all4,2
Chronic mastoiditis,123,0.744634626464375,0.08348598811336184,finding,1,vendor,GE,budget,all4,2
Ventriculomegaly,345,0.8846275716904692,0.4499866050033514,finding,1,vendor,GE,budget,all4,2
Cerebellar degeneration,34,0.7531196441976742,0.09284963893167988,finding,1,vendor,GE,budget,all4,2
Mega cisterna magna,49,0.44750495655004385,0.011791953819466714,finding,1,vendor,GE,budget,all4,2
Structure of cave of septum pellucidum,129,0.6300464963456242,0.04201311316135149,finding,1,vendor,GE,budget,all4,2
Hyperostosis of skull,40,0.7890342416204486,0.04114561437823853,finding,1,vendor,GE,budget,all4,2
Choroid plexus cyst,41,0.5083771604720388,0.009842740350332415,finding,1,vendor,GE,budget,all4,2
Pituitary adenoma,52,0.5902985768765697,0.0188703564332992,finding,1,vendor,GE,budget,all4,2
Cerebral infarction,129,0.8906533557982892,0.2068088347534398,finding,1,vendor,GE,budget,all4,3
Cerebral hemorrhage,27,0.8601406695156695,0.08302303166970676,finding,1,vendor,GE,budget,all4,3
Intracranial meningioma,75,0.7411932555123216,0.04135243725431822,finding,1,vendor,GE,budget,all4,3
Demyelinating disease of central nervous system,109,0.5665621302041386,0.03243431479078708,finding,1,vendor,GE,budget,all4,3
Lacunar infarct,61,0.9050841127436567,0.15407523802191955,finding,1,vendor,GE,budget,all4,3
Gliosis,1237,0.729868873573298,0.5456678594580486,finding,1,vendor,GE,budget,all4,3
Cerebral atrophy,550,0.9408993426150425,0.7480983621273599,finding,1,vendor,GE,budget,all4,3
Encephalomalacia,62,0.7946432062561094,0.08050141139647282,finding,1,vendor,GE,budget,all4,3
Arachnoid cyst,165,0.59682503804831,0.08380693332907113,finding,1,vendor,GE,budget,all4,3
Empty sella syndrome,88,0.709826676129433,0.05460618692836439,finding,1,vendor,GE,budget,all4,3
Cyst of pineal gland,175,0.6034496510468593,0.05474478228115916,finding,1,vendor,GE,budget,all4,3
Rathke's pouch cyst,38,0.6054407530032602,0.012519082135331493,finding,1,vendor,GE,budget,all4,3
Cerebral edema,74,0.8555174430447954,0.24363678961277635,finding,1,vendor,GE,budget,all4,3
Mastoiditis,66,0.5722316589824475,0.02148798123033783,finding,1,vendor,GE,budget,all4,3
Chronic mastoiditis,123,0.7633114077203764,0.08931152462363778,finding,1,vendor,GE,budget,all4,3
Ventriculomegaly,345,0.893035782993459,0.4684259662650028,finding,1,vendor,GE,budget,all4,3
Cerebellar degeneration,34,0.7457684735343691,0.09058038655539713,finding,1,vendor,GE,budget,all4,3
Mega cisterna magna,49,0.44404276935520465,0.011412993193837304,finding,1,vendor,GE,budget,all4,3
Structure of cave of septum pellucidum,129,0.6285431017685422,0.04157540277334547,finding,1,vendor,GE,budget,all4,3
Hyperostosis of skull,40,0.7836568603809984,0.04310362747413126,finding,1,vendor,GE,budget,all4,3
Choroid plexus cyst,41,0.5136834798159848,0.010073958578565065,finding,1,vendor,GE,budget,all4,3
Pituitary adenoma,52,0.5850013952190494,0.01817256521302417,finding,1,vendor,GE,budget,all4,3
Cerebral infarction,129,0.8915034327827891,0.2202716537024519,finding,1,vendor,GE,budget,all4,4
Cerebral hemorrhage,27,0.8563746438746439,0.06388286668084431,finding,1,vendor,GE,budget,all4,4
Intracranial meningioma,75,0.7443709468223086,0.042430972149556566,finding,1,vendor,GE,budget,all4,4
Demyelinating disease of central nervous system,109,0.5720266725459053,0.030233599100953062,finding,1,vendor,GE,budget,all4,4
Lacunar infarct,61,0.9068919208855478,0.15671618783245053,finding,1,vendor,GE,budget,all4,4
Gliosis,1237,0.7333688667223873,0.5472529538065768,finding,1,vendor,GE,budget,all4,4
Cerebral atrophy,550,0.9413562626540355,0.7455329959814477,finding,1,vendor,GE,budget,all4,4
Encephalomalacia,62,0.7935562072336265,0.09838302611332071,finding,1,vendor,GE,budget,all4,4
Arachnoid cyst,165,0.5871796030920845,0.0839975853538589,finding,1,vendor,GE,budget,all4,4
Empty sella syndrome,88,0.704869813036439,0.05423858665619438,finding,1,vendor,GE,budget,all4,4
Cyst of pineal gland,175,0.5834453781512605,0.050833372227796804,finding,1,vendor,GE,budget,all4,4
Rathke's pouch cyst,38,0.6032334995116135,0.014850533108037495,finding,1,vendor,GE,budget,all4,4
Cerebral edema,74,0.8588720011039487,0.25368747083862614,finding,1,vendor,GE,budget,all4,4
Mastoiditis,66,0.5542491157633114,0.02039392606837847,finding,1,vendor,GE,budget,all4,4
Chronic mastoiditis,123,0.7533648614045194,0.08897301751730659,finding,1,vendor,GE,budget,all4,4
Ventriculomegaly,345,0.8940233423111453,0.47177104277419096,finding,1,vendor,GE,budget,all4,4
Cerebellar degeneration,34,0.7435447089984561,0.06682774235916643,finding,1,vendor,GE,budget,all4,4
Mega cisterna magna,49,0.4488069756660518,0.010997345311845215,finding,1,vendor,GE,budget,all4,4
Structure of cave of septum pellucidum,129,0.6198417519609078,0.041366293380137906,finding,1,vendor,GE,budget,all4,4
Hyperostosis of skull,40,0.7780081986978539,0.04609068292164818,finding,1,vendor,GE,budget,all4,4
Choroid plexus cyst,41,0.5086477709929054,0.009873192945913075,finding,1,vendor,GE,budget,all4,4
Pituitary adenoma,52,0.5900102316063621,0.01923004597652872,finding,1,vendor,GE,budget,all4,4
Cerebral infarction,129,0.8726068900172308,0.19935843731761915,label_id,1,vendor,GE,availability,T2cor,1
Cerebral hemorrhage,27,0.8123130341880342,0.02154722177391701,label_id,1,vendor,GE,availability,T2cor,1
Intracranial meningioma,75,0.7362224383916991,0.04348612462001328,label_id,1,vendor,GE,availability,T2cor,1
Demyelinating disease of central nervous system,109,0.44142658525720924,0.0216341157073056,label_id,1,vendor,GE,availability,T2cor,1
Lacunar infarct,61,0.9000818480169736,0.12225495121633438,label_id,1,vendor,GE,availability,T2cor,1
Gliosis,1237,0.7006058945233822,0.5149840700890513,label_id,1,vendor,GE,availability,T2cor,1
Cerebral atrophy,550,0.9146714324993125,0.6567764806359605,label_id,1,vendor,GE,availability,T2cor,1
Encephalomalacia,62,0.7759530791788857,0.09139835361525243,label_id,1,vendor,GE,availability,T2cor,1
Arachnoid cyst,165,0.5848786221237737,0.061790821678983573,label_id,1,vendor,GE,availability,T2cor,1
Empty sella syndrome,88,0.6488777750670895,0.042087932282764744,label_id,1,vendor,GE,availability,T2cor,1
Cyst of pineal gland,175,0.6293405497792338,0.056803586537987144,label_id,1,vendor,GE,availability,T2cor,1
Rathke's pouch cyst,38,0.5609151222234907,0.009845995009253768,label_id,1,vendor,GE,availability,T2cor,1
Cerebral edema,74,0.7858274028952366,0.08208156201024655,label_id,1,vendor,GE,availability,T2cor,1
Mastoiditis,66,0.43415837579875427,0.0201686928104468,label_id,1,vendor,GE,availability,T2cor,1
Chronic mastoiditis,123,0.7612288745918956,0.08910097872411281,label_id,1,vendor,GE,availability,T2cor,1
Ventriculomegaly,345,0.8744207802397604,0.43304165667581423,label_id,1,vendor,GE,availability,T2cor,1
Cerebellar degeneration,34,0.7686647497910795,0.1559637700831125,label_id,1,vendor,GE,availability,T2cor,1
Mega cisterna magna,49,0.5322496325741509,0.012086419542884187,label_id,1,vendor,GE,availability,T2cor,1
Structure of cave of septum pellucidum,129,0.5993157357846115,0.04047094759012069,label_id,1,vendor,GE,availability,T2cor,1
Hyperostosis of skull,40,0.7707981673498915,0.035889035930154724,label_id,1,vendor,GE,availability,T2cor,1
Choroid plexus cyst,41,0.4488016660195545,0.00859682859186101,label_id,1,vendor,GE,availability,T2cor,1
Pituitary adenoma,52,0.5454236815179984,0.01318039508986899,label_id,1,vendor,GE,availability,T2cor,1
Cerebral infarction,129,0.890416480413844,0.20499987111465287,label_id,1,vendor,GE,availability,FLAIRax,1
Cerebral hemorrhage,27,0.8366631054131054,0.07537706204439523,label_id,1,vendor,GE,availability,FLAIRax,1
Intracranial meningioma,75,0.7350616083009079,0.037758426315523945,label_id,1,vendor,GE,availability,FLAIRax,1
Demyelinating disease of central nervous system,109,0.5951671758507273,0.08197685564821136,label_id,1,vendor,GE,availability,FLAIRax,1
Lacunar infarct,61,0.9067131266737125,0.12278802331668806,label_id,1,vendor,GE,availability,FLAIRax,1
Gliosis,1237,0.7206911198498279,0.5403484611934146,label_id,1,vendor,GE,availability,FLAIRax,1
Cerebral atrophy,550,0.942351088559502,0.7431008473614839,label_id,1,vendor,GE,availability,FLAIRax,1
Encephalomalacia,62,0.7977047898338221,0.06940841859065285,label_id,1,vendor,GE,availability,FLAIRax,1
Arachnoid cyst,165,0.5289317842773835,0.043638258365659655,label_id,1,vendor,GE,availability,FLAIRax,1
Empty sella syndrome,88,0.6727167380070527,0.04462918938885003,label_id,1,vendor,GE,availability,FLAIRax,1
Cyst of pineal gland,175,0.6038313630536961,0.05586883063583878,label_id,1,vendor,GE,availability,FLAIRax,1
Rathke's pouch cyst,38,0.5846684679884817,0.012471475062260304,label_id,1,vendor,GE,availability,FLAIRax,1
Cerebral edema,74,0.8495935760706002,0.1812605259153055,label_id,1,vendor,GE,availability,FLAIRax,1
Mastoiditis,66,0.6467538770377886,0.029145327871224865,label_id,1,vendor,GE,availability,FLAIRax,1
Chronic mastoiditis,123,0.6860516292170795,0.07542487597839433,label_id,1,vendor,GE,availability,FLAIRax,1
Ventriculomegaly,345,0.8920602946834756,0.44729327589604995,label_id,1,vendor,GE,availability,FLAIRax,1
Cerebellar degeneration,34,0.7336156711661308,0.0505926356740883,label_id,1,vendor,GE,availability,FLAIRax,1
Mega cisterna magna,49,0.47477831151793726,0.011790934036003474,label_id,1,vendor,GE,availability,FLAIRax,1
Structure of cave of septum pellucidum,129,0.5820238327201317,0.037485104826415316,label_id,1,vendor,GE,availability,FLAIRax,1
Hyperostosis of skull,40,0.7620388232457198,0.03911054559273011,label_id,1,vendor,GE,availability,FLAIRax,1
Choroid plexus cyst,41,0.4990469803395574,0.010019762093474164,label_id,1,vendor,GE,availability,FLAIRax,1
Pituitary adenoma,52,0.5629569342386754,0.016124606802882073,label_id,1,vendor,GE,availability,FLAIRax,1
Cerebral infarction,129,0.876268907049335,0.19929085150306228,label_id,1,vendor,GE,availability,T2ax,1
Cerebral hemorrhage,27,0.8132745726495727,0.024536582173726836,label_id,1,vendor,GE,availability,T2ax,1
Intracranial meningioma,75,0.7275226977950713,0.038109160424136576,label_id,1,vendor,GE,availability,T2ax,1
Demyelinating disease of central nervous system,109,0.5504429676356911,0.02853414074646196,label_id,1,vendor,GE,availability,T2ax,1
Lacunar infarct,61,0.9078812488577036,0.16036922581381896,label_id,1,vendor,GE,availability,T2ax,1
Gliosis,1237,0.6836150884452544,0.5045951470781248,label_id,1,vendor,GE,availability,T2ax,1
Cerebral atrophy,550,0.9001434748918938,0.6471794089536083,label_id,1,vendor,GE,availability,T2ax,1
Encephalomalacia,62,0.7624516129032258,0.051429715076179,label_id,1,vendor,GE,availability,T2ax,1
Arachnoid cyst,165,0.5753868872715218,0.0627491143764731,label_id,1,vendor,GE,availability,T2ax,1
Empty sella syndrome,88,0.6505938255450333,0.039666472541727345,label_id,1,vendor,GE,availability,T2ax,1
Cyst of pineal gland,175,0.5965959265061958,0.05355817022549006,label_id,1,vendor,GE,availability,T2ax,1
Rathke's pouch cyst,38,0.5557648640763151,0.010066229793549614,label_id,1,vendor,GE,availability,T2ax,1
Cerebral edema,74,0.7811159080305689,0.09475389690283674,label_id,1,vendor,GE,availability,T2ax,1
Mastoiditis,66,0.46390990712757274,0.016251936025437286,label_id,1,vendor,GE,availability,T2ax,1
Chronic mastoiditis,123,0.7369646629537162,0.08198331720093156,label_id,1,vendor,GE,availability,T2ax,1
Ventriculomegaly,345,0.8652777463428617,0.42056408016496,label_id,1,vendor,GE,availability,T2ax,1
Cerebellar degeneration,34,0.7051104092010028,0.056842204384557206,label_id,1,vendor,GE,availability,T2ax,1
Mega cisterna magna,49,0.46879592823112815,0.011174107740939765,label_id,1,vendor,GE,availability,T2ax,1
Structure of cave of septum pellucidum,129,0.5989575572799064,0.037857542581754174,label_id,1,vendor,GE,availability,T2ax,1
Hyperostosis of skull,40,0.7469978297564503,0.025171600647889036,label_id,1,vendor,GE,availability,T2ax,1
Choroid plexus cyst,41,0.4897050345322556,0.01029719315447921,label_id,1,vendor,GE,availability,T2ax,1
Pituitary adenoma,52,0.5866105478560135,0.017833990645858253,label_id,1,vendor,GE,availability,T2ax,1
Cerebral infarction,129,0.8799462063643065,0.1864478715064614,label_id,1,vendor,GE,availability,T1ax,1
Cerebral hemorrhage,27,0.8772079772079772,0.10823908528177165,label_id,1,vendor,GE,availability,T1ax,1
Intracranial meningioma,75,0.7324027237354085,0.041054236082743154,label_id,1,vendor,GE,availability,T1ax,1
Demyelinating disease of central nervous system,109,0.5402337897242308,0.0298725521666589,label_id,1,vendor,GE,availability,T1ax,1
Lacunar infarct,61,0.8970741320534315,0.11622130326993478,label_id,1,vendor,GE,availability,T1ax,1
Gliosis,1237,0.7055695161887015,0.5130628085735213,label_id,1,vendor,GE,availability,T1ax,1
Cerebral atrophy,550,0.9161134301497239,0.6588087390935754,label_id,1,vendor,GE,availability,T1ax,1
Encephalomalacia,62,0.8171065493646139,0.06479720416726023,label_id,1,vendor,GE,availability,T1ax,1
Arachnoid cyst,165,0.5825188734686497,0.053975872115819,label_id,1,vendor,GE,availability,T1ax,1
Empty sella syndrome,88,0.6503581804874803,0.03989817172436496,label_id,1,vendor,GE,availability,T1ax,1
Cyst of pineal gland,175,0.5558965959265062,0.051606002677794915,label_id,1,vendor,GE,availability,T1ax,1
Rathke's pouch cyst,38,0.5834253022288186,0.011819144883476664,label_id,1,vendor,GE,availability,T1ax,1
Cerebral edema,74,0.8203980786037678,0.08967486010142077,label_id,1,vendor,GE,availability,T1ax,1
Mastoiditis,66,0.4578654783702103,0.019358833318130514,label_id,1,vendor,GE,availability,T1ax,1
Chronic mastoiditis,123,0.7341239357275462,0.08048932861325814,label_id,1,vendor,GE,availability,T1ax,1
Ventriculomegaly,345,0.8745196116153273,0.4206856694863002,label_id,1,vendor,GE,availability,T1ax,1
Cerebellar degeneration,34,0.6998201158623816,0.04338544639944395,label_id,1,vendor,GE,availability,T1ax,1
Mega cisterna magna,49,0.4445606178672532,0.012532463115134465,label_id,1,vendor,GE,availability,T1ax,1
Structure of cave of septum pellucidum,129,0.6287303097336681,0.044746699911198416,label_id,1,vendor,GE,availability,T1ax,1
Hyperostosis of skull,40,0.743748492886424,0.0342368731772595,label_id,1,vendor,GE,availability,T1ax,1
Choroid plexus cyst,41,0.4760627345781418,0.009035572948238563,label_id,1,vendor,GE,availability,T1ax,1
Pituitary adenoma,52,0.5753092735559483,0.016567214997665856,label_id,1,vendor,GE,availability,T1ax,1
Cerebral infarction,129,0.894403245956881,0.2163203039463365,label_id,1,vendor,GE,availability,FLAIRax+T2cor,2
Cerebral hemorrhage,27,0.8510683760683762,0.04350657922178931,label_id,1,vendor,GE,availability,FLAIRax+T2cor,2
Intracranial meningioma,75,0.7430577172503242,0.04316583443664499,label_id,1,vendor,GE,availability,FLAIRax+T2cor,2
Demyelinating disease of central nervous system,109,0.4683623470760536,0.02359003002598673,label_id,1,vendor,GE,availability,FLAIRax+T2cor,2
Lacunar infarct,61,0.9105591888305268,0.14244774667892746,label_id,1,vendor,GE,availability,FLAIRax+T2cor,2
Gliosis,1237,0.7320756888590494,0.5484898521200513,label_id,1,vendor,GE,availability,FLAIRax+T2cor,2
Cerebral atrophy,550,0.9467303221936162,0.7529638647899002,label_id,1,vendor,GE,availability,FLAIRax+T2cor,2
Encephalomalacia,62,0.8001994134897361,0.08325960784582469,label_id,1,vendor,GE,availability,FLAIRax+T2cor,2
Arachnoid cyst,165,0.5744149601434535,0.05949806161117141,label_id,1,vendor,GE,availability,FLAIRax+T2cor,2
Empty sella syndrome,88,0.6868304908070705,0.04486700003159403,label_id,1,vendor,GE,availability,FLAIRax+T2cor,2
Cyst of pineal gland,175,0.6217419171058254,0.056974026783861174,label_id,1,vendor,GE,availability,FLAIRax+T2cor,2
Rathke's pouch cyst,38,0.5735624310233284,0.01086034866175882,label_id,1,vendor,GE,availability,FLAIRax+T2cor,2
Cerebral edema,74,0.845775753872034,0.15174553216440037,label_id,1,vendor,GE,availability,FLAIRax+T2cor,2
Mastoiditis,66,0.5833792915811843,0.024640910928629245,label_id,1,vendor,GE,availability,FLAIRax+T2cor,2
Chronic mastoiditis,123,0.7462350361692593,0.09623158175569312,label_id,1,vendor,GE,availability,FLAIRax+T2cor,2
Ventriculomegaly,345,0.8976529434397846,0.47364938203997164,label_id,1,vendor,GE,availability,FLAIRax+T2cor,2
Cerebellar degeneration,34,0.7578787835866347,0.08904150354009255,label_id,1,vendor,GE,availability,FLAIRax+T2cor,2
Mega cisterna magna,49,0.4712421459642339,0.011469857543300162,label_id,1,vendor,GE,availability,FLAIRax+T2cor,2
Structure of cave of septum pellucidum,129,0.5940490790514287,0.0387053706354912,label_id,1,vendor,GE,availability,FLAIRax+T2cor,2
Hyperostosis of skull,40,0.7901555341210513,0.035488068513315076,label_id,1,vendor,GE,availability,FLAIRax+T2cor,2
Choroid plexus cyst,41,0.49061687433082724,0.009530610329447176,label_id,1,vendor,GE,availability,FLAIRax+T2cor,2
Pituitary adenoma,52,0.5568970328341549,0.014944934727393664,label_id,1,vendor,GE,availability,FLAIRax+T2cor,2
Cerebral infarction,129,0.8816368089065144,0.20860775398272796,label_id,1,vendor,GE,availability,T2ax+T2cor,2
Cerebral hemorrhage,27,0.8215188746438746,0.024862725356803186,label_id,1,vendor,GE,availability,T2ax+T2cor,2
Intracranial meningioma,75,0.743845654993515,0.043128628064173745,label_id,1,vendor,GE,availability,T2ax+T2cor,2
Demyelinating disease of central nervous system,109,0.47779537549887297,0.023748242802888595,label_id,1,vendor,GE,availability,T2ax+T2cor,2
Lacunar infarct,61,0.9104360194845958,0.16715435641938467,label_id,1,vendor,GE,availability,T2ax+T2cor,2
Gliosis,1237,0.6990984201800419,0.5197603117203901,label_id,1,vendor,GE,availability,T2ax+T2cor,2
Cerebral atrophy,550,0.9220926337890869,0.6832754551553241,label_id,1,vendor,GE,availability,T2ax+T2cor,2
Encephalomalacia,62,0.7740371456500489,0.0784498740111954,label_id,1,vendor,GE,availability,T2ax+T2cor,2
Arachnoid cyst,165,0.5872564531440713,0.06666216484031777,label_id,1,vendor,GE,availability,T2ax+T2cor,2
Empty sella syndrome,88,0.6644968839406508,0.04023670239324035,label_id,1,vendor,GE,availability,T2ax+T2cor,2
Cyst of pineal gland,175,0.6186611593790058,0.056091436157162104,label_id,1,vendor,GE,availability,T2ax+T2cor,2
Rathke's pouch cyst,38,0.5536400654564829,0.009978499578436297,label_id,1,vendor,GE,availability,T2ax+T2cor,2
Cerebral edema,74,0.7905651822500839,0.10090523841960879,label_id,1,vendor,GE,availability,T2ax+T2cor,2
Mastoiditis,66,0.45385791915760365,0.016629603438025557,label_id,1,vendor,GE,availability,T2ax+T2cor,2
Chronic mastoiditis,123,0.7525286473337175,0.08958535030313809,label_id,1,vendor,GE,availability,T2ax+T2cor,2
Ventriculomegaly,345,0.8809836362401829,0.4515707945362068,label_id,1,vendor,GE,availability,T2ax+T2cor,2
Cerebellar degeneration,34,0.7395150210336964,0.10478482171953428,label_id,1,vendor,GE,availability,T2ax+T2cor,2
Mega cisterna magna,49,0.48128840709797693,0.01136466361768695,label_id,1,vendor,GE,availability,T2ax+T2cor,2
Structure of cave of septum pellucidum,129,0.6029739322459988,0.03821917727250026,label_id,1,vendor,GE,availability,T2ax+T2cor,2
Hyperostosis of skull,40,0.7818061249095731,0.029588587755889316,label_id,1,vendor,GE,availability,T2ax+T2cor,2
Choroid plexus cyst,41,0.48389867400844777,0.010025453342644614,label_id,1,vendor,GE,availability,T2ax+T2cor,2
Pituitary adenoma,52,0.5861268719188912,0.015685945773882035,label_id,1,vendor,GE,availability,T2ax+T2cor,2
Cerebral infarction,129,0.8913162248176633,0.21528998670498564,label_id,1,vendor,GE,availability,T2ax+FLAIRax,2
Cerebral hemorrhage,27,0.8421296296296297,0.040809393107765136,label_id,1,vendor,GE,availability,T2ax+FLAIRax,2
Intracranial meningioma,75,0.7376556420233463,0.03826943715217346,label_id,1,vendor,GE,availability,T2ax+FLAIRax,2
Demyelinating disease of central nervous system,109,0.5580379840810615,0.0311500585525639,label_id,1,vendor,GE,availability,T2ax+FLAIRax,2
Lacunar infarct,61,0.9131497182997862,0.15504977477050697,label_id,1,vendor,GE,availability,T2ax+FLAIRax,2
Gliosis,1237,0.7129841195894935,0.5332505208648494,label_id,1,vendor,GE,availability,T2ax+FLAIRax,2
Cerebral atrophy,550,0.9335291324018296,0.721184926496102,label_id,1,vendor,GE,availability,T2ax+FLAIRax,2
Encephalomalacia,62,0.7907174975562072,0.06419316081697773,label_id,1,vendor,GE,availability,T2ax+FLAIRax,2
Arachnoid cyst,165,0.5645404818950319,0.05984186830935158,label_id,1,vendor,GE,availability,T2ax+FLAIRax,2
Empty sella syndrome,88,0.6769195369158776,0.044356698422073515,label_id,1,vendor,GE,availability,T2ax+FLAIRax,2
Cyst of pineal gland,175,0.6051958410482837,0.05591345282545783,label_id,1,vendor,GE,availability,T2ax+FLAIRax,2
Rathke's pouch cyst,38,0.5703784044348036,0.01076755037830752,label_id,1,vendor,GE,availability,T2ax+FLAIRax,2
Cerebral edema,74,0.82683120757519,0.14397517895291637,label_id,1,vendor,GE,availability,T2ax+FLAIRax,2
Mastoiditis,66,0.5638121079761458,0.020762366348387563,label_id,1,vendor,GE,availability,T2ax+FLAIRax,2
Chronic mastoiditis,123,0.734612060687536,0.080825225002415,label_id,1,vendor,GE,availability,T2ax+FLAIRax,2
Ventriculomegaly,345,0.8886245841160628,0.4652473015349879,label_id,1,vendor,GE,availability,T2ax+FLAIRax,2
Cerebellar degeneration,34,0.720011048002153,0.061774101859549,label_id,1,vendor,GE,availability,T2ax+FLAIRax,2
Mega cisterna magna,49,0.46664562393347864,0.011394729746183569,label_id,1,vendor,GE,availability,T2ax+FLAIRax,2
Structure of cave of septum pellucidum,129,0.5867766226918977,0.037521160257481874,label_id,1,vendor,GE,availability,T2ax+FLAIRax,2
Hyperostosis of skull,40,0.7669881842295636,0.030186581765737117,label_id,1,vendor,GE,availability,T2ax+FLAIRax,2
Choroid plexus cyst,41,0.49424658501288343,0.00991713532110223,label_id,1,vendor,GE,availability,T2ax+FLAIRax,2
Pituitary adenoma,52,0.5714259138684774,0.017129014435606434,label_id,1,vendor,GE,availability,T2ax+FLAIRax,2
Cerebral infarction,129,0.8899064342231442,0.21066960405987503,label_id,1,vendor,GE,availability,T1ax+T2cor,2
Cerebral hemorrhage,27,0.8650908119658121,0.08299097669379256,label_id,1,vendor,GE,availability,T1ax+T2cor,2
Intracranial meningioma,75,0.7441147859922178,0.043692112624021215,label_id,1,vendor,GE,availability,T1ax+T2cor,2
Demyelinating disease of central nervous system,109,0.4637796905300764,0.022849142354032084,label_id,1,vendor,GE,availability,T1ax+T2cor,2
Lacunar infarct,61,0.9055608973085512,0.13154502658254805,label_id,1,vendor,GE,availability,T1ax+T2cor,2
Gliosis,1237,0.7152805447844018,0.5287385429837972,label_id,1,vendor,GE,availability,T1ax+T2cor,2
Cerebral atrophy,550,0.9259279626065439,0.6927145254631152,label_id,1,vendor,GE,availability,T1ax+T2cor,2
Encephalomalacia,62,0.7987565982404693,0.08601741226376877,label_id,1,vendor,GE,availability,T1ax+T2cor,2
Arachnoid cyst,165,0.5879270075192502,0.058243231998686903,label_id,1,vendor,GE,availability,T1ax+T2cor,2
Empty sella syndrome,88,0.672320299851405,0.04343325644138202,label_id,1,vendor,GE,availability,T1ax+T2cor,2
Cyst of pineal gland,175,0.6072140720695058,0.054769395985166336,label_id,1,vendor,GE,availability,T1ax+T2cor,2
Rathke's pouch cyst,38,0.5850934277124481,0.011208204831744195,label_id,1,vendor,GE,availability,T1ax+T2cor,2
Cerebral edema,74,0.8071342677469593,0.09539045253053469,label_id,1,vendor,GE,availability,T1ax+T2cor,2
Mastoiditis,66,0.4601633907627598,0.018814955322206176,label_id,1,vendor,GE,availability,T1ax+T2cor,2
Chronic mastoiditis,123,0.7501460373855707,0.09413563019469959,label_id,1,vendor,GE,availability,T1ax+T2cor,2
Ventriculomegaly,345,0.8861771873043177,0.45302576362091607,label_id,1,vendor,GE,availability,T1ax+T2cor,2
Cerebellar degeneration,34,0.7530204954604043,0.0739263868589965,label_id,1,vendor,GE,availability,T1ax+T2cor,2
Mega cisterna magna,49,0.4437271283573845,0.012260257115447832,label_id,1,vendor,GE,availability,T1ax+T2cor,2
Structure of cave of septum pellucidum,129,0.6298611986658567,0.043352704865535954,label_id,1,vendor,GE,availability,T1ax+T2cor,2
Hyperostosis of skull,40,0.7809802266698819,0.03521146325146352,label_id,1,vendor,GE,availability,T1ax+T2cor,2
Choroid plexus cyst,41,0.4700740060946195,0.00895978333029732,label_id,1,vendor,GE,availability,T1ax+T2cor,2
Pituitary adenoma,52,0.570677146311971,0.014795018983008737,label_id,1,vendor,GE,availability,T1ax+T2cor,2
Cerebral infarction,129,0.8967490763770292,0.20853820318079438,label_id,1,vendor,GE,availability,T1ax+FLAIRax,2
Cerebral hemorrhage,27,0.8590544871794872,0.09505387822677734,label_id,1,vendor,GE,availability,T1ax+FLAIRax,2
Intracranial meningioma,75,0.7394682230869002,0.039214020659131904,label_id,1,vendor,GE,availability,T1ax+FLAIRax,2
Demyelinating disease of central nervous system,109,0.5936013786214684,0.07870593374115603,label_id,1,vendor,GE,availability,T1ax+FLAIRax,2
Lacunar infarct,61,0.9120411941864068,0.1433627852131249,label_id,1,vendor,GE,availability,T1ax+FLAIRax,2
Gliosis,1237,0.7288530205664332,0.5459957540977047,label_id,1,vendor,GE,availability,T1ax+FLAIRax,2
Cerebral atrophy,550,0.9457544929637313,0.7517372442960679,label_id,1,vendor,GE,availability,T1ax+FLAIRax,2
Encephalomalacia,62,0.800375366568915,0.07038152564559498,label_id,1,vendor,GE,availability,T1ax+FLAIRax,2
Arachnoid cyst,165,0.5550803911818334,0.04801238445003768,label_id,1,vendor,GE,availability,T1ax+FLAIRax,2
Empty sella syndrome,88,0.6913410144381114,0.04759521435662866,label_id,1,vendor,GE,availability,T1ax+FLAIRax,2
Cyst of pineal gland,175,0.5855177325167356,0.054793655583363965,label_id,1,vendor,GE,availability,T1ax+FLAIRax,2
Rathke's pouch cyst,38,0.583533127830422,0.011743853574083293,label_id,1,vendor,GE,availability,T1ax+FLAIRax,2
Cerebral edema,74,0.8512757834420854,0.17477383313644154,label_id,1,vendor,GE,availability,T1ax+FLAIRax,2
Mastoiditis,66,0.6145573669232975,0.026430432149737212,label_id,1,vendor,GE,availability,T1ax+FLAIRax,2
Chronic mastoiditis,123,0.7329156264003585,0.08527582735956377,label_id,1,vendor,GE,availability,T1ax+FLAIRax,2
Ventriculomegaly,345,0.8960980467600661,0.4750696509803753,label_id,1,vendor,GE,availability,T1ax+FLAIRax,2
Cerebellar degeneration,34,0.7382402515545105,0.05015308599173822,label_id,1,vendor,GE,availability,T1ax+FLAIRax,2
Mega cisterna magna,49,0.4500843353291051,0.011975678167479721,label_id,1,vendor,GE,availability,T1ax+FLAIRax,2
Structure of cave of septum pellucidum,129,0.6263099781845411,0.04310780284709853,label_id,1,vendor,GE,availability,T1ax+FLAIRax,2
Hyperostosis of skull,40,0.7634434530986256,0.03692049463713363,label_id,1,vendor,GE,availability,T1ax+FLAIRax,2
Choroid plexus cyst,41,0.4835515866012495,0.009221505669881856,label_id,1,vendor,GE,availability,T1ax+FLAIRax,2
Pituitary adenoma,52,0.5651102223049019,0.016910075235201993,label_id,1,vendor,GE,availability,T1ax+FLAIRax,2
Cerebral infarction,129,0.888531028765077,0.20355467412429293,label_id,1,vendor,GE,availability,T1ax+T2ax,2
Cerebral hemorrhage,27,0.8394497863247863,0.041926279624686105,label_id,1,vendor,GE,availability,T1ax+T2ax,2
Intracranial meningioma,75,0.7430317769130999,0.04014963439314279,label_id,1,vendor,GE,availability,T1ax+T2ax,2
Demyelinating disease of central nervous system,109,0.5573653211909058,0.028876980702496016,label_id,1,vendor,GE,availability,T1ax+T2ax,2
Lacunar infarct,61,0.9124742734995193,0.1687917584420302,label_id,1,vendor,GE,availability,T1ax+T2ax,2
Gliosis,1237,0.693651946343669,0.5131339839354523,label_id,1,vendor,GE,availability,T1ax+T2ax,2
Cerebral atrophy,550,0.9137116004699176,0.6808999361098905,label_id,1,vendor,GE,availability,T1ax+T2ax,2
Encephalomalacia,62,0.7764731182795699,0.05706377818372988,label_id,1,vendor,GE,availability,T1ax+T2ax,2
Arachnoid cyst,165,0.581185299037114,0.06092492271422277,label_id,1,vendor,GE,availability,T1ax+T2ax,2
Empty sella syndrome,88,0.6601249750493469,0.040557683872594716,label_id,1,vendor,GE,availability,T1ax+T2ax,2
Cyst of pineal gland,175,0.5772753169064236,0.051403498955385526,label_id,1,vendor,GE,availability,T1ax+T2ax,2
Rathke's pouch cyst,38,0.5730550164275475,0.011025129945987002,label_id,1,vendor,GE,availability,T1ax+T2ax,2
Cerebral edema,74,0.7934466194860068,0.10449431991065593,label_id,1,vendor,GE,availability,T1ax+T2ax,2
Mastoiditis,66,0.45769267535829056,0.017341764219037555,label_id,1,vendor,GE,availability,T1ax+T2ax,2
Chronic mastoiditis,123,0.7428861788617888,0.08580127097161928,label_id,1,vendor,GE,availability,T1ax+T2ax,2
Ventriculomegaly,345,0.8773532806735622,0.44260868848343515,label_id,1,vendor,GE,availability,T1ax+T2ax,2
Cerebellar degeneration,34,0.7098695485899633,0.05371479359342857,label_id,1,vendor,GE,availability,T1ax+T2ax,2
Mega cisterna magna,49,0.4465580335565836,0.011707240781702844,label_id,1,vendor,GE,availability,T1ax+T2ax,2
Structure of cave of septum pellucidum,129,0.6188942504231281,0.03977203582366716,label_id,1,vendor,GE,availability,T1ax+T2ax,2
Hyperostosis of skull,40,0.757909332047263,0.030280352618322137,label_id,1,vendor,GE,availability,T1ax+T2ax,2
Choroid plexus cyst,41,0.4801454237407787,0.009287259910927772,label_id,1,vendor,GE,availability,T1ax+T2ax,2
Pituitary adenoma,52,0.5838294112175612,0.017770258287859275,label_id,1,vendor,GE,availability,T1ax+T2ax,2
Cerebral infarction,129,0.8925827440103004,0.2172865169755227,label_id,1,vendor,GE,availability,T2ax+FLAIRax+T2cor,3
Cerebral hemorrhage,27,0.8467325498575499,0.035887560301122653,label_id,1,vendor,GE,availability,T2ax+FLAIRax+T2cor,3
Intracranial meningioma,75,0.7466277561608302,0.04208742659870478,label_id,1,vendor,GE,availability,T2ax+FLAIRax+T2cor,3
Demyelinating disease of central nervous system,109,0.49090442787659005,0.02477384216193041,label_id,1,vendor,GE,availability,T2ax+FLAIRax+T2cor,3
Lacunar infarct,61,0.9136066368411434,0.15840799537758346,label_id,1,vendor,GE,availability,T2ax+FLAIRax+T2cor,3
Gliosis,1237,0.7203447378156558,0.5383461578129259,label_id,1,vendor,GE,availability,T2ax+FLAIRax+T2cor,3
Cerebral atrophy,550,0.9392171370010248,0.7305852232205483,label_id,1,vendor,GE,availability,T2ax+FLAIRax+T2cor,3
Encephalomalacia,62,0.7932003910068426,0.06970287074283721,label_id,1,vendor,GE,availability,T2ax+FLAIRax+T2cor,3
Arachnoid cyst,165,0.5798185736027607,0.06337894121777575,label_id,1,vendor,GE,availability,T2ax+FLAIRax+T2cor,3
Empty sella syndrome,88,0.6817100623211869,0.04231525884024009,label_id,1,vendor,GE,availability,T2ax+FLAIRax+T2cor,3
Cyst of pineal gland,175,0.6172496795328302,0.05683725681898193,label_id,1,vendor,GE,availability,T2ax+FLAIRax+T2cor,3
Rathke's pouch cyst,38,0.5683424033692329,0.010572645440657091,label_id,1,vendor,GE,availability,T2ax+FLAIRax+T2cor,3
Cerebral edema,74,0.8266505017052063,0.1407621832124483,label_id,1,vendor,GE,availability,T2ax+FLAIRax+T2cor,3
Mastoiditis,66,0.5405535579037156,0.019918420183374454,label_id,1,vendor,GE,availability,T2ax+FLAIRax+T2cor,3
Chronic mastoiditis,123,0.7486816625056014,0.08760393271622822,label_id,1,vendor,GE,availability,T2ax+FLAIRax+T2cor,3
Ventriculomegaly,345,0.8925438894295695,0.47245123998976096,label_id,1,vendor,GE,availability,T2ax+FLAIRax+T2cor,3
Cerebellar degeneration,34,0.7397062364555744,0.0768994334067903,label_id,1,vendor,GE,availability,T2ax+FLAIRax+T2cor,3
Mega cisterna magna,49,0.4696590090845425,0.011396252390499845,label_id,1,vendor,GE,availability,T2ax+FLAIRax+T2cor,3
Structure of cave of septum pellucidum,129,0.6001008630669249,0.03848010783754352,label_id,1,vendor,GE,availability,T2ax+FLAIRax+T2cor,3
Hyperostosis of skull,40,0.7862129250060285,0.03106253635824983,label_id,1,vendor,GE,availability,T2ax+FLAIRax+T2cor,3
Choroid plexus cyst,41,0.4899109338416105,0.009848514685902667,label_id,1,vendor,GE,availability,T2ax+FLAIRax+T2cor,3
Pituitary adenoma,52,0.5688075527857873,0.01569588270358717,label_id,1,vendor,GE,availability,T2ax+FLAIRax+T2cor,3
Cerebral infarction,129,0.8987548760033773,0.21325821659266092,label_id,1,vendor,GE,availability,T1ax+FLAIRax+T2cor,3
Cerebral hemorrhage,27,0.8648148148148148,0.0623419431952178,label_id,1,vendor,GE,availability,T1ax+FLAIRax+T2cor,3
Intracranial meningioma,75,0.7463294422827498,0.04277451903429964,label_id,1,vendor,GE,availability,T1ax+FLAIRax+T2cor,3
Demyelinating disease of central nervous system,109,0.4828414720293722,0.02439709367850417,label_id,1,vendor,GE,availability,T1ax+FLAIRax+T2cor,3
Lacunar infarct,61,0.9128477547420197,0.14658385806935764,label_id,1,vendor,GE,availability,T1ax+FLAIRax+T2cor,3
Gliosis,1237,0.734018059000041,0.5489657501273959,label_id,1,vendor,GE,availability,T1ax+FLAIRax+T2cor,3
Cerebral atrophy,550,0.9463763841327768,0.7512882248096376,label_id,1,vendor,GE,availability,T1ax+FLAIRax+T2cor,3
Encephalomalacia,62,0.8033900293255131,0.07741212300629123,label_id,1,vendor,GE,availability,T1ax+FLAIRax+T2cor,3
Arachnoid cyst,165,0.5807347467715444,0.05799409845030098,label_id,1,vendor,GE,availability,T1ax+FLAIRax+T2cor,3
Empty sella syndrome,88,0.6919897314200802,0.045392989365781254,label_id,1,vendor,GE,availability,T1ax+FLAIRax+T2cor,3
Cyst of pineal gland,175,0.6090314769975786,0.05581940864660728,label_id,1,vendor,GE,availability,T1ax+FLAIRax+T2cor,3
Rathke's pouch cyst,38,0.5839580875543886,0.011333139234532174,label_id,1,vendor,GE,availability,T1ax+FLAIRax+T2cor,3
Cerebral edema,74,0.8468107056728501,0.16435300061870808,label_id,1,vendor,GE,availability,T1ax+FLAIRax+T2cor,3
Mastoiditis,66,0.5685991190723052,0.022929856521237895,label_id,1,vendor,GE,availability,T1ax+FLAIRax+T2cor,3
Chronic mastoiditis,123,0.7477114141220151,0.09622262384873681,label_id,1,vendor,GE,availability,T1ax+FLAIRax+T2cor,3
Ventriculomegaly,345,0.8984224701808388,0.47997450579515943,label_id,1,vendor,GE,availability,T1ax+FLAIRax+T2cor,3
Cerebellar degeneration,34,0.7530842339343635,0.06171813467769493,label_id,1,vendor,GE,availability,T1ax+FLAIRax+T2cor,3
Mega cisterna magna,49,0.4472041112239966,0.01175438793986338,label_id,1,vendor,GE,availability,T1ax+FLAIRax+T2cor,3
Structure of cave of septum pellucidum,129,0.6365147225692573,0.043191837383903434,label_id,1,vendor,GE,availability,T1ax+FLAIRax+T2cor,3
Hyperostosis of skull,40,0.7855317096696407,0.03978725959453456,label_id,1,vendor,GE,availability,T1ax+FLAIRax+T2cor,3
Choroid plexus cyst,41,0.4805160424976174,0.00917283384638107,label_id,1,vendor,GE,availability,T1ax+FLAIRax+T2cor,3
Pituitary adenoma,52,0.5601711468700586,0.015283604745624804,label_id,1,vendor,GE,availability,T1ax+FLAIRax+T2cor,3
Cerebral infarction,129,0.8906247015179127,0.2103920300397359,label_id,1,vendor,GE,availability,T1ax+T2ax+T2cor,3
Cerebral hemorrhage,27,0.8415064102564103,0.04199795098932986,label_id,1,vendor,GE,availability,T1ax+T2ax+T2cor,3
Intracranial meningioma,75,0.7482717250324254,0.043588751015607476,label_id,1,vendor,GE,availability,T1ax+T2ax+T2cor,3
Demyelinating disease of central nervous system,109,0.490283508285677,0.024488412433045156,label_id,1,vendor,GE,availability,T1ax+T2ax+T2cor,3
Lacunar infarct,61,0.913441748845784,0.16985198571367127,label_id,1,vendor,GE,availability,T1ax+T2ax+T2cor,3
Gliosis,1237,0.7045177644108902,0.5233934509061028,label_id,1,vendor,GE,availability,T1ax+T2ax+T2cor,3
Cerebral atrophy,550,0.9253355662759019,0.6990538985058302,label_id,1,vendor,GE,availability,T1ax+T2ax+T2cor,3
Encephalomalacia,62,0.783605083088954,0.07335239735260188,label_id,1,vendor,GE,availability,T1ax+T2ax+T2cor,3
Arachnoid cyst,165,0.5869972725765863,0.062350266115113254,label_id,1,vendor,GE,availability,T1ax+T2ax+T2cor,3
Empty sella syndrome,88,0.6691543391958127,0.041187112129635245,label_id,1,vendor,GE,availability,T1ax+T2ax+T2cor,3
Cyst of pineal gland,175,0.6041062526705598,0.05449872777115944,label_id,1,vendor,GE,availability,T1ax+T2ax+T2cor,3
Rathke's pouch cyst,38,0.5748817089723586,0.01088346946426541,label_id,1,vendor,GE,availability,T1ax+T2ax+T2cor,3
Cerebral edema,74,0.7981416865443123,0.10761305987394457,label_id,1,vendor,GE,availability,T1ax+T2ax+T2cor,3
Mastoiditis,66,0.4549903303846522,0.017336978720362866,label_id,1,vendor,GE,availability,T1ax+T2ax+T2cor,3
Chronic mastoiditis,123,0.7522625792202805,0.09545353576574914,label_id,1,vendor,GE,availability,T1ax+T2ax+T2cor,3
Ventriculomegaly,345,0.884724894190073,0.4588020702206001,label_id,1,vendor,GE,availability,T1ax+T2ax+T2cor,3
Cerebellar degeneration,34,0.7348054560133709,0.0820981801545082,label_id,1,vendor,GE,availability,T1ax+T2ax+T2cor,3
Mega cisterna magna,49,0.4493100285063276,0.011691250450612214,label_id,1,vendor,GE,availability,T1ax+T2ax+T2cor,3
Structure of cave of septum pellucidum,129,0.6278210139030568,0.040312398346292314,label_id,1,vendor,GE,availability,T1ax+T2ax+T2cor,3
Hyperostosis of skull,40,0.7820834338075717,0.03152178217313888,label_id,1,vendor,GE,availability,T1ax+T2ax+T2cor,3
Choroid plexus cyst,41,0.47696280870189317,0.009257239579447747,label_id,1,vendor,GE,availability,T1ax+T2ax+T2cor,3
Pituitary adenoma,52,0.5848990791554275,0.016057333246693867,label_id,1,vendor,GE,availability,T1ax+T2ax+T2cor,3
Cerebral infarction,129,0.8965656889826201,0.21554134964020125,label_id,1,vendor,GE,availability,T1ax+T2ax+FLAIRax,3
Cerebral hemorrhage,27,0.8521634615384615,0.05508258129856996,label_id,1,vendor,GE,availability,T1ax+T2ax+FLAIRax,3
Intracranial meningioma,75,0.7437321660181583,0.0392005743822887,label_id,1,vendor,GE,availability,T1ax+T2ax+FLAIRax,3
Demyelinating disease of central nervous system,109,0.5577545207895578,0.030301841836711828,label_id,1,vendor,GE,availability,T1ax+T2ax+FLAIRax,3
Lacunar infarct,61,0.9154502038254014,0.154822912544326,label_id,1,vendor,GE,availability,T1ax+T2ax+FLAIRax,3
Gliosis,1237,0.7169242152282038,0.5354496042132841,label_id,1,vendor,GE,availability,T1ax+T2ax+FLAIRax,3
Cerebral atrophy,550,0.9356637588422025,0.7267471573492287,label_id,1,vendor,GE,availability,T1ax+T2ax+FLAIRax,3
Encephalomalacia,62,0.7940058651026393,0.06709671092294672,label_id,1,vendor,GE,availability,T1ax+T2ax+FLAIRax,3
Arachnoid cyst,165,0.5722119253198319,0.061110712628044614,label_id,1,vendor,GE,availability,T1ax+T2ax+FLAIRax,3
Empty sella syndrome,88,0.6831904677415779,0.044442092684630785,label_id,1,vendor,GE,availability,T1ax+T2ax+FLAIRax,3
Cyst of pineal gland,175,0.5918017376442102,0.05435487988269215,label_id,1,vendor,GE,availability,T1ax+T2ax+FLAIRax,3
Rathke's pouch cyst,38,0.575598432088899,0.011092496998361902,label_id,1,vendor,GE,availability,T1ax+T2ax+FLAIRax,3
Cerebral edema,74,0.8299459196614556,0.1438060677716349,label_id,1,vendor,GE,availability,T1ax+T2ax+FLAIRax,3
Mastoiditis,66,0.5469399160250895,0.02021844401079751,label_id,1,vendor,GE,availability,T1ax+T2ax+FLAIRax,3
Chronic mastoiditis,123,0.7423380385378657,0.08551380732373363,label_id,1,vendor,GE,availability,T1ax+T2ax+FLAIRax,3
Ventriculomegaly,345,0.8913956348218396,0.4724501900881983,label_id,1,vendor,GE,availability,T1ax+T2ax+FLAIRax,3
Cerebellar degeneration,34,0.7247135309698163,0.05927982330896618,label_id,1,vendor,GE,availability,T1ax+T2ax+FLAIRax,3
Mega cisterna magna,49,0.4502174963750605,0.011607776782491811,label_id,1,vendor,GE,availability,T1ax+T2ax+FLAIRax,3
Structure of cave of septum pellucidum,129,0.625937472539648,0.0406778625659718,label_id,1,vendor,GE,availability,T1ax+T2ax+FLAIRax,3
Hyperostosis of skull,40,0.7664395948878707,0.03281620605002014,label_id,1,vendor,GE,availability,T1ax+T2ax+FLAIRax,3
Choroid plexus cyst,41,0.4840398621062911,0.009362902178853865,label_id,1,vendor,GE,availability,T1ax+T2ax+FLAIRax,3
Pituitary adenoma,52,0.5709329364710259,0.017269421047332315,label_id,1,vendor,GE,availability,T1ax+T2ax+FLAIRax,3
Cerebral infarction,129,0.8971636082998078,0.21415900883060432,label_id,1,vendor,GE,availability,T1ax+T2ax+FLAIRax+T2cor,4
Cerebral hemorrhage,27,0.8549590455840457,0.04890699250523414,label_id,1,vendor,GE,availability,T1ax+T2ax+FLAIRax+T2cor,4
Intracranial meningioma,75,0.7487224383916992,0.04210864242232729,label_id,1,vendor,GE,availability,T1ax+T2ax+FLAIRax+T2cor,4
Demyelinating disease of central nervous system,109,0.5005151832837648,0.02529931362905779,label_id,1,vendor,GE,availability,T1ax+T2ax+FLAIRax+T2cor,4
Lacunar infarct,61,0.9155654267619175,0.15640492524776398,label_id,1,vendor,GE,availability,T1ax+T2ax+FLAIRax+T2cor,4
Gliosis,1237,0.7219464806872833,0.5391961209007553,label_id,1,vendor,GE,availability,T1ax+T2ax+FLAIRax+T2cor,4
Cerebral atrophy,550,0.9394460969330367,0.7324313279122256,label_id,1,vendor,GE,availability,T1ax+T2ax+FLAIRax+T2cor,4
Encephalomalacia,62,0.7962267839687195,0.0717388677735502,label_id,1,vendor,GE,availability,T1ax+T2ax+FLAIRax+T2cor,4
Arachnoid cyst,165,0.5819101005078131,0.06292778799296031,label_id,1,vendor,GE,availability,T1ax+T2ax+FLAIRax+T2cor,4
Empty sella syndrome,88,0.682879970724567,0.04366420126838414,label_id,1,vendor,GE,availability,T1ax+T2ax+FLAIRax+T2cor,4
Cyst of pineal gland,175,0.6070759151118075,0.05563388639711584,label_id,1,vendor,GE,availability,T1ax+T2ax+FLAIRax+T2cor,4
Rathke's pouch cyst,38,0.5772475295251869,0.011013479531687414,label_id,1,vendor,GE,availability,T1ax+T2ax+FLAIRax+T2cor,4
Cerebral edema,74,0.8287795454097423,0.1420567570593718,label_id,1,vendor,GE,availability,T1ax+T2ax+FLAIRax+T2cor,4
Mastoiditis,66,0.5302074371475003,0.01959444841090018,label_id,1,vendor,GE,availability,T1ax+T2ax+FLAIRax+T2cor,4
Chronic mastoiditis,123,0.750248063504257,0.09338410223434566,label_id,1,vendor,GE,availability,T1ax+T2ax+FLAIRax+T2cor,4
Ventriculomegaly,345,0.8938173807422162,0.47519378235382637,label_id,1,vendor,GE,availability,T1ax+T2ax+FLAIRax+T2cor,4
Cerebellar degeneration,34,0.738856390136117,0.07072187241409227,label_id,1,vendor,GE,availability,T1ax+T2ax+FLAIRax+T2cor,4
Mega cisterna magna,49,0.4506465708564721,0.011590093118095909,label_id,1,vendor,GE,availability,T1ax+T2ax+FLAIRax+T2cor,4
Structure of cave of septum pellucidum,129,0.6302279734546747,0.04102687444786153,label_id,1,vendor,GE,availability,T1ax+T2ax+FLAIRax+T2cor,4
Hyperostosis of skull,40,0.783765372558476,0.03327256542203993,label_id,1,vendor,GE,availability,T1ax+T2ax+FLAIRax+T2cor,4
Choroid plexus cyst,41,0.4824279646559129,0.009350760743815505,label_id,1,vendor,GE,availability,T1ax+T2ax+FLAIRax+T2cor,4
Pituitary adenoma,52,0.5696632871360803,0.01597025404410985,label_id,1,vendor,GE,availability,T1ax+T2ax+FLAIRax+T2cor,4
Cerebral infarction,129,0.8845805586438502,0.2016999622840162,label_id,1,vendor,GE,budget,all4,1
Cerebral hemorrhage,27,0.8511306980056981,0.0377496867688255,label_id,1,vendor,GE,budget,all4,1
Intracranial meningioma,75,0.7311997405966277,0.041190656264245874,label_id,1,vendor,GE,budget,all4,1
Demyelinating disease of central nervous system,109,0.43756833490063035,0.021398551869650017,label_id,1,vendor,GE,budget,all4,1
Lacunar infarct,61,0.9187479637325874,0.16662000411877406,label_id,1,vendor,GE,budget,all4,1
Gliosis,1237,0.7194034227148788,0.5370101383394749,label_id,1,vendor,GE,budget,all4,1
Cerebral atrophy,550,0.907682155622766,0.6686683094942258,label_id,1,vendor,GE,budget,all4,1
Encephalomalacia,62,0.7947292277614858,0.06357425114576103,label_id,1,vendor,GE,budget,all4,1
Arachnoid cyst,165,0.572519325527779,0.05704057431800327,label_id,1,vendor,GE,budget,all4,1
Empty sella syndrome,88,0.6775793430770254,0.038808270559716106,label_id,1,vendor,GE,budget,all4,1
Cyst of pineal gland,175,0.6204557755305513,0.055076620730201364,label_id,1,vendor,GE,budget,all4,1
Rathke's pouch cyst,38,0.5948167599040987,0.011530332274515671,label_id,1,vendor,GE,budget,all4,1
Cerebral edema,74,0.819356555680407,0.14767315550601406,label_id,1,vendor,GE,budget,all4,1
Mastoiditis,66,0.46307898200642683,0.018429756074001734,label_id,1,vendor,GE,budget,all4,1
Chronic mastoiditis,123,0.7309691280967927,0.08890757928333151,label_id,1,vendor,GE,budget,all4,1
Ventriculomegaly,345,0.8881289183622659,0.4321967539426814,label_id,1,vendor,GE,budget,all4,1
Cerebellar degeneration,34,0.687808954547386,0.061477636421049704,label_id,1,vendor,GE,budget,all4,1
Mega cisterna magna,49,0.46939268699263176,0.013407715507926087,label_id,1,vendor,GE,budget,all4,1
Structure of cave of septum pellucidum,129,0.5958714912833678,0.04312607872584234,label_id,1,vendor,GE,budget,all4,1
Hyperostosis of skull,40,0.7753195080781288,0.03764975997968726,label_id,1,vendor,GE,budget,all4,1
Choroid plexus cyst,41,0.4983410398503406,0.010652687324232506,label_id,1,vendor,GE,budget,all4,1
Pituitary adenoma,52,0.5564412612780206,0.014164100071562814,label_id,1,vendor,GE,budget,all4,1
Cerebral infarction,129,0.8936142981038507,0.20877826623909432,label_id,1,vendor,GE,budget,all4,2
Cerebral hemorrhage,27,0.8344195156695157,0.03503334771388269,label_id,1,vendor,GE,budget,all4,2
Intracranial meningioma,75,0.7382490272373541,0.042931996048228865,label_id,1,vendor,GE,budget,all4,2
Demyelinating disease of central nervous system,109,0.49088867991595087,0.02452761076179768,label_id,1,vendor,GE,budget,all4,2
Lacunar infarct,61,0.9169600216142335,0.16360675755922724,label_id,1,vendor,GE,budget,all4,2
Gliosis,1237,0.710385706260362,0.5284059199010736,label_id,1,vendor,GE,budget,all4,2
Cerebral atrophy,550,0.9322868498012847,0.7213968090548031,label_id,1,vendor,GE,budget,all4,2
Encephalomalacia,62,0.7865532746823068,0.07359597850161305,label_id,1,vendor,GE,budget,all4,2
Arachnoid cyst,165,0.5876874161807031,0.06653619350968333,label_id,1,vendor,GE,budget,all4,2
Empty sella syndrome,88,0.67551121116015,0.04390312529372828,label_id,1,vendor,GE,budget,all4,2
Cyst of pineal gland,175,0.6169477282438398,0.056369565847157334,label_id,1,vendor,GE,budget,all4,2
Rathke's pouch cyst,38,0.5881062018748969,0.011227454550851414,label_id,1,vendor,GE,budget,all4,2
Cerebral edema,74,0.8214954560687602,0.13843778474471233,label_id,1,vendor,GE,budget,all4,2
Mastoiditis,66,0.5696138771848551,0.02233144204408019,label_id,1,vendor,GE,budget,all4,2
Chronic mastoiditis,123,0.7397433743038219,0.08825404624647241,label_id,1,vendor,GE,budget,all4,2
Ventriculomegaly,345,0.8879508709986496,0.46543158753988,label_id,1,vendor,GE,budget,all4,2
Cerebellar degeneration,34,0.7332686505856858,0.06184659738656645,label_id,1,vendor,GE,budget,all4,2
Mega cisterna magna,49,0.460628717412533,0.012513792537428518,label_id,1,vendor,GE,budget,all4,2
Structure of cave of septum pellucidum,129,0.6043359657065572,0.03888292025459285,label_id,1,vendor,GE,budget,all4,2
Hyperostosis of skull,40,0.772124427296841,0.03487713748290343,label_id,1,vendor,GE,budget,all4,2
Choroid plexus cyst,41,0.487534267527914,0.009409502845380193,label_id,1,vendor,GE,budget,all4,2
Pituitary adenoma,52,0.5718909868849409,0.015676157346764603,label_id,1,vendor,GE,budget,all4,2
Cerebral infarction,129,0.8949018304354306,0.2090436546527952,label_id,1,vendor,GE,budget,all4,3
Cerebral hemorrhage,27,0.8550658831908832,0.05612306836685384,label_id,1,vendor,GE,budget,all4,3
Intracranial meningioma,75,0.7483268482490273,0.041895511843994065,label_id,1,vendor,GE,budget,all4,3
Demyelinating disease of central nervous system,109,0.5067941201614391,0.0258144939955176,label_id,1,vendor,GE,budget,all4,3
Lacunar infarct,61,0.913666234911755,0.14925187369192164,label_id,1,vendor,GE,budget,all4,3
Gliosis,1237,0.7163451762739268,0.5313218012305755,label_id,1,vendor,GE,budget,all4,3
Cerebral atrophy,550,0.9395210838103332,0.7345831907086636,label_id,1,vendor,GE,budget,all4,3
Encephalomalacia,62,0.7942404692082111,0.07213740818343724,label_id,1,vendor,GE,budget,all4,3
Arachnoid cyst,165,0.5819146210991064,0.06648926350523067,label_id,1,vendor,GE,budget,all4,3
Empty sella syndrome,88,0.6733987225265585,0.04099254950212434,label_id,1,vendor,GE,budget,all4,3
Cyst of pineal gland,175,0.6040863124910981,0.05481185189228589,label_id,1,vendor,GE,budget,all4,3
Rathke's pouch cyst,38,0.578129162385356,0.011689561449846396,label_id,1,vendor,GE,budget,all4,3
Cerebral edema,74,0.8253757039315026,0.1386654239955671,label_id,1,vendor,GE,budget,all4,3
Mastoiditis,66,0.5651320288544264,0.021520544501067364,label_id,1,vendor,GE,budget,all4,3
Chronic mastoiditis,123,0.7412837686447731,0.09036705974063236,label_id,1,vendor,GE,budget,all4,3
Ventriculomegaly,345,0.8905951761235467,0.4750408385917709,label_id,1,vendor,GE,budget,all4,3
Cerebellar degeneration,34,0.7379852976586735,0.08595213626495322,label_id,1,vendor,GE,budget,all4,3
Mega cisterna magna,49,0.45283633027884906,0.011426801369264938,label_id,1,vendor,GE,budget,all4,3
Structure of cave of septum pellucidum,129,0.6232936376035851,0.040545170753486154,label_id,1,vendor,GE,budget,all4,3
Hyperostosis of skull,40,0.7751024837231734,0.03315061152888729,label_id,1,vendor,GE,budget,all4,3
Choroid plexus cyst,41,0.4853046721494711,0.009471554972092927,label_id,1,vendor,GE,budget,all4,3
Pituitary adenoma,52,0.5729932099339596,0.016323644819387396,label_id,1,vendor,GE,budget,all4,3
Cerebral infarction,129,0.8951329749638001,0.21552823171855817,label_id,1,vendor,GE,budget,all4,4
Cerebral hemorrhage,27,0.8573005698005698,0.05207845103392463,label_id,1,vendor,GE,budget,all4,4
Intracranial meningioma,75,0.7524027237354085,0.043255362322137156,label_id,1,vendor,GE,budget,all4,4
Demyelinating disease of central nervous system,109,0.5258109074874804,0.02790734706383307,label_id,1,vendor,GE,budget,all4,4
Lacunar infarct,61,0.9133602981492812,0.14951675052724236,label_id,1,vendor,GE,budget,all4,4
Gliosis,1237,0.7208259457681926,0.5367650583797963,label_id,1,vendor,GE,budget,all4,4
Cerebral atrophy,550,0.9404209263378908,0.7337303990814047,label_id,1,vendor,GE,budget,all4,4
Encephalomalacia,62,0.8030889540566959,0.07666220142962221,label_id,1,vendor,GE,budget,all4,4
Arachnoid cyst,165,0.5809878998839715,0.0596808011556781,label_id,1,vendor,GE,budget,all4,4
Empty sella syndrome,88,0.6801270819933909,0.043509083302432486,label_id,1,vendor,GE,budget,all4,4
Cyst of pineal gland,175,0.6029611166500499,0.05550565839130403,label_id,1,vendor,GE,budget,all4,4
Rathke's pouch cyst,38,0.5759980210830764,0.010922673942343262,label_id,1,vendor,GE,budget,all4,4
Cerebral edema,74,0.8347822658544759,0.1384343345908324,label_id,1,vendor,GE,budget,all4,4
Mastoiditis,66,0.5028935312846985,0.01852089793962628,label_id,1,vendor,GE,budget,all4,4
Chronic mastoiditis,123,0.7568097432942833,0.09544241294085501,label_id,1,vendor,GE,budget,all4,4
Ventriculomegaly,345,0.8933579280115278,0.47306383977180644,label_id,1,vendor,GE,budget,all4,4
Cerebellar degeneration,34,0.7434809705244968,0.06928754545309694,label_id,1,vendor,GE,budget,all4,4
Mega cisterna magna,49,0.4574131247472406,0.011331723601595338,label_id,1,vendor,GE,budget,all4,4
Structure of cave of septum pellucidum,129,0.6326387535770093,0.04201892373208442,label_id,1,vendor,GE,budget,all4,4
Hyperostosis of skull,40,0.7839522546419098,0.03331953103445398,label_id,1,vendor,GE,budget,all4,4
Choroid plexus cyst,41,0.4759097808054781,0.00926146041126987,label_id,1,vendor,GE,budget,all4,4
Pituitary adenoma,52,0.5703608966607758,0.016325674282168787,label_id,1,vendor,GE,budget,all4,4
Cerebral infarction,129,0.8740663480310689,0.200902456739163,queryseq,1,vendor,GE,availability,T2cor,1
Cerebral hemorrhage,27,0.805591168091168,0.02472921624200945,queryseq,1,vendor,GE,availability,T2cor,1
Intracranial meningioma,75,0.7223476005188068,0.03941830184664169,queryseq,1,vendor,GE,availability,T2cor,1
Demyelinating disease of central nervous system,109,0.4633117511282289,0.022845770648369033,queryseq,1,vendor,GE,availability,T2cor,1
Lacunar infarct,61,0.8982422542374228,0.12053835694140706,queryseq,1,vendor,GE,availability,T2cor,1
Gliosis,1237,0.7330005617746598,0.5356745498188457,queryseq,1,vendor,GE,availability,T2cor,1
Cerebral atrophy,550,0.9258694728422526,0.690145417371353,queryseq,1,vendor,GE,availability,T2cor,1
Encephalomalacia,62,0.7610205278592375,0.08458827438324962,queryseq,1,vendor,GE,availability,T2cor,1
Arachnoid cyst,165,0.6042553832707984,0.07558331191874387,queryseq,1,vendor,GE,availability,T2cor,1
Empty sella syndrome,88,0.6646576770387456,0.04437332466179814,queryseq,1,vendor,GE,availability,T2cor,1
Cyst of pineal gland,175,0.6223002421307506,0.0572269488288123,queryseq,1,vendor,GE,availability,T2cor,1
Rathke's pouch cyst,38,0.6040961043244408,0.012329469021995092,queryseq,1,vendor,GE,availability,T2cor,1
Cerebral edema,74,0.8032408776391271,0.10104888012925435,queryseq,1,vendor,GE,availability,T2cor,1
Mastoiditis,66,0.5192951107777606,0.03281496801743517,queryseq,1,vendor,GE,availability,T2cor,1
Chronic mastoiditis,123,0.7547292106779335,0.08139289193271913,queryseq,1,vendor,GE,availability,T2cor,1
Ventriculomegaly,345,0.879459671517703,0.43295775985537355,queryseq,1,vendor,GE,availability,T2cor,1
Cerebellar degeneration,34,0.7637781334542003,0.12191168685066602,queryseq,1,vendor,GE,availability,T2cor,1
Mega cisterna magna,49,0.5206498259042621,0.011693684784147323,queryseq,1,vendor,GE,availability,T2cor,1
Structure of cave of septum pellucidum,129,0.5229310654425557,0.0322381229384747,queryseq,1,vendor,GE,availability,T2cor,1
Hyperostosis of skull,40,0.7793224017361948,0.04072127258642363,queryseq,1,vendor,GE,availability,T2cor,1
Choroid plexus cyst,41,0.48139846810913844,0.009131845068808018,queryseq,1,vendor,GE,availability,T2cor,1
Pituitary adenoma,52,0.5642823923355966,0.01556144139577419,queryseq,1,vendor,GE,availability,T2cor,1
Cerebral infarction,129,0.8894842611589319,0.20479118348991213,queryseq,1,vendor,GE,availability,FLAIRax,1
Cerebral hemorrhage,27,0.8413639601139601,0.10232610074402433,queryseq,1,vendor,GE,availability,FLAIRax,1
Intracranial meningioma,75,0.7061381322957199,0.03358466017882191,queryseq,1,vendor,GE,availability,FLAIRax,1
Demyelinating disease of central nervous system,109,0.5932684217393847,0.08818823816124688,queryseq,1,vendor,GE,availability,FLAIRax,1
Lacunar infarct,61,0.9037213035290004,0.13251598799756215,queryseq,1,vendor,GE,availability,FLAIRax,1
Gliosis,1237,0.7332028006522066,0.5487044288756266,queryseq,1,vendor,GE,availability,FLAIRax,1
Cerebral atrophy,550,0.9438753218186816,0.7609492098126887,queryseq,1,vendor,GE,availability,FLAIRax,1
Encephalomalacia,62,0.7849227761485826,0.05947724640287438,queryseq,1,vendor,GE,availability,FLAIRax,1
Arachnoid cyst,165,0.528461642782876,0.04196636793476012,queryseq,1,vendor,GE,availability,FLAIRax,1
Empty sella syndrome,88,0.6940190512098294,0.048215707655846436,queryseq,1,vendor,GE,availability,FLAIRax,1
Cyst of pineal gland,175,0.5959891753311494,0.05611386816105754,queryseq,1,vendor,GE,availability,FLAIRax,1
Rathke's pouch cyst,38,0.5981403255064632,0.011284935302833206,queryseq,1,vendor,GE,availability,FLAIRax,1
Cerebral edema,74,0.8531551244899165,0.19413457646081078,queryseq,1,vendor,GE,availability,FLAIRax,1
Mastoiditis,66,0.6587802313354363,0.02937187913729466,queryseq,1,vendor,GE,availability,FLAIRax,1
Chronic mastoiditis,123,0.7146669547404136,0.07473615682051707,queryseq,1,vendor,GE,availability,FLAIRax,1
Ventriculomegaly,345,0.8947958868041253,0.4532424890208476,queryseq,1,vendor,GE,availability,FLAIRax,1
Cerebellar degeneration,34,0.7377515899208227,0.06620620504344614,queryseq,1,vendor,GE,availability,FLAIRax,1
Mega cisterna magna,49,0.4768349098943589,0.011808531719027335,queryseq,1,vendor,GE,availability,FLAIRax,1
Structure of cave of septum pellucidum,129,0.5442689528961836,0.036012838672253404,queryseq,1,vendor,GE,availability,FLAIRax,1
Hyperostosis of skull,40,0.7638835302628406,0.03556867966453975,queryseq,1,vendor,GE,availability,FLAIRax,1
Choroid plexus cyst,41,0.5232430906074618,0.01105467695497566,queryseq,1,vendor,GE,availability,FLAIRax,1
Pituitary adenoma,52,0.5796205004185657,0.018723796127038145,queryseq,1,vendor,GE,availability,FLAIRax,1
Cerebral infarction,129,0.877199216018889,0.19166920387854242,queryseq,1,vendor,GE,availability,T2ax,1
Cerebral hemorrhage,27,0.8039797008547009,0.028164525626068897,queryseq,1,vendor,GE,availability,T2ax,1
Intracranial meningioma,75,0.715068093385214,0.03645169367361817,queryseq,1,vendor,GE,availability,T2ax,1
Demyelinating disease of central nervous system,109,0.5452911347980437,0.02783861561807172,queryseq,1,vendor,GE,availability,T2ax,1
Lacunar infarct,61,0.9022830034249024,0.1568252159831692,queryseq,1,vendor,GE,availability,T2ax,1
Gliosis,1237,0.7155142978501842,0.5265064774348838,queryseq,1,vendor,GE,availability,T2ax,1
Cerebral atrophy,550,0.921697202989477,0.6777683881239487,queryseq,1,vendor,GE,availability,T2ax,1
Encephalomalacia,62,0.7444770283479961,0.06633554085733757,queryseq,1,vendor,GE,availability,T2ax,1
Arachnoid cyst,165,0.5843888914003285,0.07130636696414366,queryseq,1,vendor,GE,availability,T2ax,1
Empty sella syndrome,88,0.6758438865355186,0.04856664275046565,queryseq,1,vendor,GE,availability,T2ax,1
Cyst of pineal gland,175,0.58419740777667,0.0518233653542481,queryseq,1,vendor,GE,availability,T2ax,1
Rathke's pouch cyst,38,0.5867108117364996,0.01579593275831811,queryseq,1,vendor,GE,availability,T2ax,1
Cerebral edema,74,0.7981186876154054,0.10410582161471062,queryseq,1,vendor,GE,availability,T2ax,1
Mastoiditis,66,0.529644908193804,0.018434897775010655,queryseq,1,vendor,GE,availability,T2ax,1
Chronic mastoiditis,123,0.74641708277319,0.08241123156747215,queryseq,1,vendor,GE,availability,T2ax,1
Ventriculomegaly,345,0.8730741084429154,0.40925805279778876,queryseq,1,vendor,GE,availability,T2ax,1
Cerebellar degeneration,34,0.7289769266724268,0.07294128485606616,queryseq,1,vendor,GE,availability,T2ax,1
Mega cisterna magna,49,0.45692979946932855,0.010943414279264874,queryseq,1,vendor,GE,availability,T2ax,1
Structure of cave of septum pellucidum,129,0.4937667388754532,0.030556124407560836,queryseq,1,vendor,GE,availability,T2ax,1
Hyperostosis of skull,40,0.7634494815529297,0.031054146584073093,queryseq,1,vendor,GE,availability,T2ax,1
Choroid plexus cyst,41,0.5018707422964244,0.009713987343518757,queryseq,1,vendor,GE,availability,T2ax,1
Pituitary adenoma,52,0.5763231327318389,0.016736253470232297,queryseq,1,vendor,GE,availability,T2ax,1
Cerebral infarction,129,0.8773463079914878,0.1887153821297217,queryseq,1,vendor,GE,availability,T1ax,1
Cerebral hemorrhage,27,0.859570868945869,0.07759722074007115,queryseq,1,vendor,GE,availability,T1ax,1
Intracranial meningioma,75,0.7139688715953307,0.038877198183226734,queryseq,1,vendor,GE,availability,T1ax,1
Demyelinating disease of central nervous system,109,0.5524924522274366,0.03218857327152707,queryseq,1,vendor,GE,availability,T1ax,1
Lacunar infarct,61,0.88645375587041,0.1203981359490309,queryseq,1,vendor,GE,availability,T1ax,1
Gliosis,1237,0.7094887850595344,0.5194447971305498,queryseq,1,vendor,GE,availability,T1ax,1
Cerebral atrophy,550,0.9122238608243557,0.6629416832355899,queryseq,1,vendor,GE,availability,T1ax,1
Encephalomalacia,62,0.7920117302052786,0.05692327668977118,queryseq,1,vendor,GE,availability,T1ax,1
Arachnoid cyst,165,0.5836060756746982,0.05426395742166015,queryseq,1,vendor,GE,availability,T1ax,1
Empty sella syndrome,88,0.663144004080818,0.04462791665011828,queryseq,1,vendor,GE,availability,T1ax,1
Cyst of pineal gland,175,0.5291126620139581,0.04381670946233244,queryseq,1,vendor,GE,availability,T1ax,1
Rathke's pouch cyst,38,0.5524412984739506,0.010462292058396858,queryseq,1,vendor,GE,availability,T1ax,1
Cerebral edema,74,0.8137612448334549,0.09002296586523766,queryseq,1,vendor,GE,availability,T1ax,1
Mastoiditis,66,0.47559800872103714,0.018524262101688692,queryseq,1,vendor,GE,availability,T1ax,1
Chronic mastoiditis,123,0.7391972344920299,0.07620042469512694,queryseq,1,vendor,GE,availability,T1ax,1
Ventriculomegaly,345,0.8715071407554942,0.4122722869742692,queryseq,1,vendor,GE,availability,T1ax,1
Cerebellar degeneration,34,0.6963286638999449,0.04628935296890291,queryseq,1,vendor,GE,availability,T1ax,1
Mega cisterna magna,49,0.44841242441877666,0.01213032535004743,queryseq,1,vendor,GE,availability,T1ax,1
Structure of cave of septum pellucidum,129,0.5846676676561945,0.036638583159893476,queryseq,1,vendor,GE,availability,T1ax,1
Hyperostosis of skull,40,0.7651796479382686,0.03353286564109558,queryseq,1,vendor,GE,availability,T1ax,1
Choroid plexus cyst,41,0.4903168496229101,0.009293289258289816,queryseq,1,vendor,GE,availability,T1ax,1
Pituitary adenoma,52,0.5601385917589061,0.01619727636753368,queryseq,1,vendor,GE,availability,T1ax,1
Cerebral infarction,129,0.8924356520377015,0.21705181013297542,queryseq,1,vendor,GE,availability,FLAIRax+T2cor,2
Cerebral hemorrhage,27,0.8482015669515669,0.07170979039619525,queryseq,1,vendor,GE,availability,FLAIRax+T2cor,2
Intracranial meningioma,75,0.7269844357976654,0.03943621044790316,queryseq,1,vendor,GE,availability,FLAIRax+T2cor,2
Demyelinating disease of central nervous system,109,0.5021124764343017,0.026480366262958292,queryseq,1,vendor,GE,availability,FLAIRax+T2cor,2
Lacunar infarct,61,0.9084533903355768,0.14340284931586428,queryseq,1,vendor,GE,availability,FLAIRax+T2cor,2
Gliosis,1237,0.7469111984982805,0.5559318950356809,queryseq,1,vendor,GE,availability,FLAIRax+T2cor,2
Cerebral atrophy,550,0.9491314020046492,0.7712957229963215,queryseq,1,vendor,GE,availability,FLAIRax+T2cor,2
Encephalomalacia,62,0.786830889540567,0.06993473268258692,queryseq,1,vendor,GE,availability,FLAIRax+T2cor,2
Arachnoid cyst,165,0.5947877582387776,0.07705721326229084,queryseq,1,vendor,GE,availability,FLAIRax+T2cor,2
Empty sella syndrome,88,0.6977422431191643,0.045357115825826765,queryseq,1,vendor,GE,availability,FLAIRax+T2cor,2
Cyst of pineal gland,175,0.6119883207520297,0.05570356387669963,queryseq,1,vendor,GE,availability,FLAIRax+T2cor,2
Rathke's pouch cyst,38,0.6120878842079892,0.012325714316449571,queryseq,1,vendor,GE,availability,FLAIRax+T2cor,2
Cerebral edema,74,0.8504182519499806,0.19673111736032706,queryseq,1,vendor,GE,availability,FLAIRax+T2cor,2
Mastoiditis,66,0.5901480223246784,0.024267341117648444,queryseq,1,vendor,GE,availability,FLAIRax+T2cor,2
Chronic mastoiditis,123,0.7509602458229306,0.07766571780372081,queryseq,1,vendor,GE,availability,FLAIRax+T2cor,2
Ventriculomegaly,345,0.8991188164376946,0.47425566156918264,queryseq,1,vendor,GE,availability,FLAIRax+T2cor,2
Cerebellar degeneration,34,0.7697270576904011,0.08447294723904727,queryseq,1,vendor,GE,availability,FLAIRax+T2cor,2
Mega cisterna magna,49,0.4780974738856393,0.011222154456400166,queryseq,1,vendor,GE,availability,FLAIRax+T2cor,2
Structure of cave of septum pellucidum,129,0.5328626390210169,0.0330410198700827,queryseq,1,vendor,GE,availability,FLAIRax+T2cor,2
Hyperostosis of skull,40,0.7882384856522787,0.03602497481425598,queryseq,1,vendor,GE,availability,FLAIRax+T2cor,2
Choroid plexus cyst,41,0.5035767651453649,0.009723928108099618,queryseq,1,vendor,GE,availability,FLAIRax+T2cor,2
Pituitary adenoma,52,0.5688866151985862,0.019773227705304642,queryseq,1,vendor,GE,availability,FLAIRax+T2cor,2
Cerebral infarction,129,0.8825824001589357,0.20346330484116418,queryseq,1,vendor,GE,availability,T2ax+T2cor,2
Cerebral hemorrhage,27,0.8161591880341881,0.027427944390515328,queryseq,1,vendor,GE,availability,T2ax+T2cor,2
Intracranial meningioma,75,0.7296530479896238,0.04014268058446147,queryseq,1,vendor,GE,availability,T2ax+T2cor,2
Demyelinating disease of central nervous system,109,0.4975163216363482,0.02489717680933228,queryseq,1,vendor,GE,availability,T2ax+T2cor,2
Lacunar infarct,61,0.9057873699768759,0.14930925250466542,queryseq,1,vendor,GE,availability,T2ax+T2cor,2
Gliosis,1237,0.7332181466916954,0.5414793539455607,queryseq,1,vendor,GE,availability,T2ax+T2cor,2
Cerebral atrophy,550,0.934679931012073,0.7134521278338685,queryseq,1,vendor,GE,availability,T2ax+T2cor,2
Encephalomalacia,62,0.757524926686217,0.08762679540833912,queryseq,1,vendor,GE,availability,T2ax+T2cor,2
Arachnoid cyst,165,0.6046893600349593,0.07881263558878188,queryseq,1,vendor,GE,availability,T2ax+T2cor,2
Empty sella syndrome,88,0.6844435449887999,0.044693862469281954,queryseq,1,vendor,GE,availability,T2ax+T2cor,2
Cyst of pineal gland,175,0.6081954137587239,0.055596034105949155,queryseq,1,vendor,GE,availability,T2ax+T2cor,2
Rathke's pouch cyst,38,0.5949055574583604,0.020741836632530656,queryseq,1,vendor,GE,availability,T2ax+T2cor,2
Cerebral edema,74,0.8071966934111354,0.12152281801440279,queryseq,1,vendor,GE,availability,T2ax+T2cor,2
Mastoiditis,66,0.5337223239431441,0.019198809501300117,queryseq,1,vendor,GE,availability,T2ax+T2cor,2
Chronic mastoiditis,123,0.7580580628640932,0.08699482509651184,queryseq,1,vendor,GE,availability,T2ax+T2cor,2
Ventriculomegaly,345,0.8869301164097806,0.449243993555942,queryseq,1,vendor,GE,availability,T2ax+T2cor,2
Cerebellar degeneration,34,0.7590756504865369,0.10843486141061087,queryseq,1,vendor,GE,availability,T2ax+T2cor,2
Mega cisterna magna,49,0.4773971454217259,0.011009579449061887,queryseq,1,vendor,GE,availability,T2ax+T2cor,2
Structure of cave of septum pellucidum,129,0.5109898716670296,0.03178418362896213,queryseq,1,vendor,GE,availability,T2ax+T2cor,2
Hyperostosis of skull,40,0.7864058355437666,0.03548073004616448,queryseq,1,vendor,GE,availability,T2ax+T2cor,2
Choroid plexus cyst,41,0.4921581777322838,0.009503994898932075,queryseq,1,vendor,GE,availability,T2ax+T2cor,2
Pituitary adenoma,52,0.577406752860199,0.01828970803421078,queryseq,1,vendor,GE,availability,T2ax+T2cor,2
Cerebral infarction,129,0.8905291872499913,0.20777048769055168,queryseq,1,vendor,GE,availability,T2ax+FLAIRax,2
Cerebral hemorrhage,27,0.8434383903133903,0.0588523542844823,queryseq,1,vendor,GE,availability,T2ax+FLAIRax,2
Intracranial meningioma,75,0.720139429312581,0.03609271513684904,queryseq,1,vendor,GE,availability,T2ax+FLAIRax,2
Demyelinating disease of central nervous system,109,0.5602786939091388,0.03191388386429155,queryseq,1,vendor,GE,availability,T2ax+FLAIRax,2
Lacunar infarct,61,0.9082229444625446,0.15448517201268247,queryseq,1,vendor,GE,availability,T2ax+FLAIRax,2
Gliosis,1237,0.7292977816751847,0.5426198210484783,queryseq,1,vendor,GE,availability,T2ax+FLAIRax,2
Cerebral atrophy,550,0.9406618841702704,0.7362981027124742,queryseq,1,vendor,GE,availability,T2ax+FLAIRax,2
Encephalomalacia,62,0.774733137829912,0.059673191896138386,queryseq,1,vendor,GE,availability,T2ax+FLAIRax,2
Arachnoid cyst,165,0.5776471829181924,0.06494375864086017,queryseq,1,vendor,GE,availability,T2ax+FLAIRax,2
Empty sella syndrome,88,0.6951390583069041,0.05439288135883407,queryseq,1,vendor,GE,availability,T2ax+FLAIRax,2
Cyst of pineal gland,175,0.5937701182167782,0.053607711474314985,queryseq,1,vendor,GE,availability,T2ax+FLAIRax,2
Rathke's pouch cyst,38,0.5907447577729573,0.012086731320260941,queryseq,1,vendor,GE,availability,T2ax+FLAIRax,2
Cerebral edema,74,0.8445173839046924,0.1657370180553439,queryseq,1,vendor,GE,availability,T2ax+FLAIRax,2
Mastoiditis,66,0.5799894112196952,0.021395666552935434,queryseq,1,vendor,GE,availability,T2ax+FLAIRax,2
Chronic mastoiditis,123,0.7440384738493054,0.0799568126639095,queryseq,1,vendor,GE,availability,T2ax+FLAIRax,2
Ventriculomegaly,345,0.8915216259647375,0.4532596239538733,queryseq,1,vendor,GE,availability,T2ax+FLAIRax,2
Cerebellar degeneration,34,0.7392175748218863,0.07844522437104103,queryseq,1,vendor,GE,availability,T2ax+FLAIRax,2
Mega cisterna magna,49,0.46411063216973597,0.011426124358464174,queryseq,1,vendor,GE,availability,T2ax+FLAIRax,2
Structure of cave of septum pellucidum,129,0.5098360593105398,0.030909039057992985,queryseq,1,vendor,GE,availability,T2ax+FLAIRax,2
Hyperostosis of skull,40,0.776374487581384,0.03984530257019931,queryseq,1,vendor,GE,availability,T2ax+FLAIRax,2
Choroid plexus cyst,41,0.5095654936288871,0.009890668825611052,queryseq,1,vendor,GE,availability,T2ax+FLAIRax,2
Pituitary adenoma,52,0.5745000465073017,0.01850196959752097,queryseq,1,vendor,GE,availability,T2ax+FLAIRax,2
Cerebral infarction,129,0.8852376968071491,0.21616879205000217,queryseq,1,vendor,GE,availability,T1ax+T2cor,2
Cerebral hemorrhage,27,0.8330573361823361,0.036408471130742776,queryseq,1,vendor,GE,availability,T1ax+T2cor,2
Intracranial meningioma,75,0.7295752269779507,0.04220235720494747,queryseq,1,vendor,GE,availability,T1ax+T2cor,2
Demyelinating disease of central nervous system,109,0.481178937327616,0.023711196079306905,queryseq,1,vendor,GE,availability,T1ax+T2cor,2
Lacunar infarct,61,0.9013651931374809,0.14020651255083003,queryseq,1,vendor,GE,availability,T1ax+T2cor,2
Gliosis,1237,0.7393790334735485,0.5455374914332997,queryseq,1,vendor,GE,availability,T1ax+T2cor,2
Cerebral atrophy,550,0.9339620566400879,0.7174009836186968,queryseq,1,vendor,GE,availability,T1ax+T2cor,2
Encephalomalacia,62,0.7845356793743891,0.11132927466935638,queryseq,1,vendor,GE,availability,T1ax+T2cor,2
Arachnoid cyst,165,0.6070069165046789,0.08286701283363662,queryseq,1,vendor,GE,availability,T1ax+T2cor,2
Empty sella syndrome,88,0.6687163166182439,0.04407628323985779,queryseq,1,vendor,GE,availability,T1ax+T2cor,2
Cyst of pineal gland,175,0.5887993163367041,0.05211353941881797,queryseq,1,vendor,GE,availability,T1ax+T2cor,2
Rathke's pouch cyst,38,0.5918166711065443,0.011886635506067854,queryseq,1,vendor,GE,availability,T1ax+T2cor,2
Cerebral edema,74,0.8133735486033079,0.12718385074492478,queryseq,1,vendor,GE,availability,T1ax+T2cor,2
Mastoiditis,66,0.514588986197819,0.02122681942420593,queryseq,1,vendor,GE,availability,T1ax+T2cor,2
Chronic mastoiditis,123,0.761408920683695,0.08864344651806635,queryseq,1,vendor,GE,availability,T1ax+T2cor,2
Ventriculomegaly,345,0.8875540366204197,0.4524480694484799,queryseq,1,vendor,GE,availability,T1ax+T2cor,2
Cerebellar degeneration,34,0.7600883840172236,0.11409158703229492,queryseq,1,vendor,GE,availability,T1ax+T2cor,2
Mega cisterna magna,49,0.4586855525197029,0.010997298368855392,queryseq,1,vendor,GE,availability,T1ax+T2cor,2
Structure of cave of septum pellucidum,129,0.5797429520021701,0.03940870955942763,queryseq,1,vendor,GE,availability,T1ax+T2cor,2
Hyperostosis of skull,40,0.7864842054497226,0.03576793542725018,queryseq,1,vendor,GE,availability,T1ax+T2cor,2
Choroid plexus cyst,41,0.48074547315661287,0.00911918933677389,queryseq,1,vendor,GE,availability,T1ax+T2cor,2
Pituitary adenoma,52,0.5563203422937401,0.016601009628406684,queryseq,1,vendor,GE,availability,T1ax+T2cor,2
Cerebral infarction,129,0.8933927050022733,0.2107804941300912,queryseq,1,vendor,GE,availability,T1ax+FLAIRax,2
Cerebral hemorrhage,27,0.8499020655270656,0.11419376937848932,queryseq,1,vendor,GE,availability,T1ax+FLAIRax,2
Intracranial meningioma,75,0.7111835278858625,0.0350990279410486,queryseq,1,vendor,GE,availability,T1ax+FLAIRax,2
Demyelinating disease of central nervous system,109,0.5967959649225426,0.0776233841994487,queryseq,1,vendor,GE,availability,T1ax+FLAIRax,2
Lacunar infarct,61,0.9072256700809739,0.1512756986475091,queryseq,1,vendor,GE,availability,T1ax+FLAIRax,2
Gliosis,1237,0.739544277434471,0.5518492445129656,queryseq,1,vendor,GE,availability,T1ax+FLAIRax,2
Cerebral atrophy,550,0.944856650086235,0.7553106022176382,queryseq,1,vendor,GE,availability,T1ax+FLAIRax,2
Encephalomalacia,62,0.795503421309873,0.060238505327976186,queryseq,1,vendor,GE,availability,T1ax+FLAIRax,2
Arachnoid cyst,165,0.5695945029609872,0.0556682579681792,queryseq,1,vendor,GE,availability,T1ax+FLAIRax,2
Empty sella syndrome,88,0.6868859367029652,0.04968737159298633,queryseq,1,vendor,GE,availability,T1ax+FLAIRax,2
Cyst of pineal gland,175,0.5739438826378008,0.05173077652507291,queryseq,1,vendor,GE,availability,T1ax+FLAIRax,2
Rathke's pouch cyst,38,0.5764864076315155,0.0106717884255544,queryseq,1,vendor,GE,availability,T1ax+FLAIRax,2
Cerebral edema,74,0.8535165362298842,0.20251614902125695,queryseq,1,vendor,GE,availability,T1ax+FLAIRax,2
Mastoiditis,66,0.5558447861286978,0.020559144406212992,queryseq,1,vendor,GE,availability,T1ax+FLAIRax,2
Chronic mastoiditis,123,0.7421619934703285,0.08303681046346097,queryseq,1,vendor,GE,availability,T1ax+FLAIRax,2
Ventriculomegaly,345,0.8958347479045484,0.4674588939879116,queryseq,1,vendor,GE,availability,T1ax+FLAIRax,2
Cerebellar degeneration,34,0.7387147490828743,0.07416871611622056,queryseq,1,vendor,GE,availability,T1ax+FLAIRax,2
Mega cisterna magna,49,0.4519880450972075,0.01176264043669889,queryseq,1,vendor,GE,availability,T1ax+FLAIRax,2
Structure of cave of septum pellucidum,129,0.5894109062011683,0.03773995048978153,queryseq,1,vendor,GE,availability,T1ax+FLAIRax,2
Hyperostosis of skull,40,0.7698637569327225,0.04143673879047667,queryseq,1,vendor,GE,availability,T1ax+FLAIRax,2
Choroid plexus cyst,41,0.5084242231713201,0.009801008736630853,queryseq,1,vendor,GE,availability,T1ax+FLAIRax,2
Pituitary adenoma,52,0.563780113477816,0.01816124350753143,queryseq,1,vendor,GE,availability,T1ax+FLAIRax,2
Cerebral infarction,129,0.8829568160891874,0.1999048252631817,queryseq,1,vendor,GE,availability,T1ax+T2ax,2
Cerebral hemorrhage,27,0.8167289886039886,0.03615876263577766,queryseq,1,vendor,GE,availability,T1ax+T2ax,2
Intracranial meningioma,75,0.7216245136186771,0.03943222611959904,queryseq,1,vendor,GE,availability,T1ax+T2ax,2
Demyelinating disease of central nervous system,109,0.5532978479286933,0.02845447631876857,queryseq,1,vendor,GE,availability,T1ax+T2ax,2
Lacunar infarct,61,0.9039557226067402,0.15484727555227423,queryseq,1,vendor,GE,availability,T1ax+T2ax,2
Gliosis,1237,0.7209521395393448,0.5328383104584935,queryseq,1,vendor,GE,availability,T1ax+T2ax,2
Cerebral atrophy,550,0.9255045367060765,0.6947828318389839,queryseq,1,vendor,GE,availability,T1ax+T2ax,2
Encephalomalacia,62,0.7645786901270772,0.0728935217586044,queryseq,1,vendor,GE,availability,T1ax+T2ax,2
Arachnoid cyst,165,0.5893464731853593,0.07159683452334148,queryseq,1,vendor,GE,availability,T1ax+T2ax,2
Empty sella syndrome,88,0.6697420656922974,0.04396627069866983,queryseq,1,vendor,GE,availability,T1ax+T2ax,2
Cyst of pineal gland,175,0.5609414613302949,0.04777553829175686,queryseq,1,vendor,GE,availability,T1ax+T2ax,2
Rathke's pouch cyst,38,0.573162842029151,0.013904723616559303,queryseq,1,vendor,GE,availability,T1ax+T2ax,2
Cerebral edema,74,0.8085930569519191,0.11871359147613408,queryseq,1,vendor,GE,availability,T1ax+T2ax,2
Mastoiditis,66,0.5032317839888818,0.01809047430214991,queryseq,1,vendor,GE,availability,T1ax+T2ax,2
Chronic mastoiditis,123,0.7521185423468407,0.08222653162540368,queryseq,1,vendor,GE,availability,T1ax+T2ax,2
Ventriculomegaly,345,0.8798897011671155,0.42580297691620345,queryseq,1,vendor,GE,availability,T1ax+T2ax,2
Cerebellar degeneration,34,0.7267248339258651,0.0712300104589029,queryseq,1,vendor,GE,availability,T1ax+T2ax,2
Mega cisterna magna,49,0.4425977254120595,0.011235852863474912,queryseq,1,vendor,GE,availability,T1ax+T2ax,2
Structure of cave of septum pellucidum,129,0.5582980885684703,0.03509312584536663,queryseq,1,vendor,GE,availability,T1ax+T2ax,2
Hyperostosis of skull,40,0.7689474318784664,0.03554166004871648,queryseq,1,vendor,GE,availability,T1ax+T2ax,2
Choroid plexus cyst,41,0.5000588283741014,0.009589551690274003,queryseq,1,vendor,GE,availability,T1ax+T2ax,2
Pituitary adenoma,52,0.5694726071993303,0.016979887719627183,queryseq,1,vendor,GE,availability,T1ax+T2ax,2
Cerebral infarction,129,0.8912665573983442,0.2102548342026633,queryseq,1,vendor,GE,availability,T2ax+FLAIRax+T2cor,3
Cerebral hemorrhage,27,0.8456641737891737,0.05210232780822103,queryseq,1,vendor,GE,availability,T2ax+FLAIRax+T2cor,3
Intracranial meningioma,75,0.7298378728923476,0.03867291022655628,queryseq,1,vendor,GE,availability,T2ax+FLAIRax+T2cor,3
Demyelinating disease of central nervous system,109,0.5152620235679479,0.026685601092564386,queryseq,1,vendor,GE,availability,T2ax+FLAIRax+T2cor,3
Lacunar infarct,61,0.9091804867970408,0.15759456281486373,queryseq,1,vendor,GE,availability,T2ax+FLAIRax+T2cor,3
Gliosis,1237,0.7396149788306866,0.5501378771412178,queryseq,1,vendor,GE,availability,T2ax+FLAIRax+T2cor,3
Cerebral atrophy,550,0.9454775414302496,0.7507369563114332,queryseq,1,vendor,GE,availability,T2ax+FLAIRax+T2cor,3
Encephalomalacia,62,0.7770948191593353,0.08315000794774088,queryseq,1,vendor,GE,availability,T2ax+FLAIRax+T2cor,3
Arachnoid cyst,165,0.5998568479423775,0.08661302944690821,queryseq,1,vendor,GE,availability,T2ax+FLAIRax+T2cor,3
Empty sella syndrome,88,0.697362438732285,0.047078485603763445,queryseq,1,vendor,GE,availability,T2ax+FLAIRax+T2cor,3
Cyst of pineal gland,175,0.606222760290557,0.055255809881135744,queryseq,1,vendor,GE,availability,T2ax+FLAIRax+T2cor,3
Rathke's pouch cyst,38,0.6019269069274777,0.014019803534002742,queryseq,1,vendor,GE,availability,T2ax+FLAIRax+T2cor,3
Cerebral edema,74,0.8430421668933705,0.1723974977973614,queryseq,1,vendor,GE,availability,T2ax+FLAIRax+T2cor,3
Mastoiditis,66,0.5667534358386094,0.02108585895507619,queryseq,1,vendor,GE,availability,T2ax+FLAIRax+T2cor,3
Chronic mastoiditis,123,0.7541210549900775,0.08672431420020998,queryseq,1,vendor,GE,availability,T2ax+FLAIRax+T2cor,3
Ventriculomegaly,345,0.8956891413741335,0.46715925960391025,queryseq,1,vendor,GE,availability,T2ax+FLAIRax+T2cor,3
Cerebellar degeneration,34,0.7611152816532344,0.1013115032690591,queryseq,1,vendor,GE,availability,T2ax+FLAIRax+T2cor,3
Mega cisterna magna,49,0.46818437379785166,0.011092659543654543,queryseq,1,vendor,GE,availability,T2ax+FLAIRax+T2cor,3
Structure of cave of septum pellucidum,129,0.5191467901475122,0.03208040117948298,queryseq,1,vendor,GE,availability,T2ax+FLAIRax+T2cor,3
Hyperostosis of skull,40,0.7873101036894141,0.03914974388725063,queryseq,1,vendor,GE,availability,T2ax+FLAIRax+T2cor,3
Choroid plexus cyst,41,0.5022178297036226,0.009726937189008807,queryseq,1,vendor,GE,availability,T2ax+FLAIRax+T2cor,3
Pituitary adenoma,52,0.5752209096828202,0.020591610170964773,queryseq,1,vendor,GE,availability,T2ax+FLAIRax+T2cor,3
Cerebral infarction,129,0.8941377162920597,0.22095925194790192,queryseq,1,vendor,GE,availability,T1ax+FLAIRax+T2cor,3
Cerebral hemorrhage,27,0.8527510683760684,0.07623146341111343,queryseq,1,vendor,GE,availability,T1ax+FLAIRax+T2cor,3
Intracranial meningioma,75,0.7288261997405966,0.0394080738314111,queryseq,1,vendor,GE,availability,T1ax+FLAIRax+T2cor,3
Demyelinating disease of central nervous system,109,0.5102586715020405,0.026975073602017237,queryseq,1,vendor,GE,availability,T1ax+FLAIRax+T2cor,3
Lacunar infarct,61,0.9087076754368539,0.1541349659040134,queryseq,1,vendor,GE,availability,T1ax+FLAIRax+T2cor,3
Gliosis,1237,0.7476047846758834,0.5570060642090181,queryseq,1,vendor,GE,availability,T1ax+FLAIRax+T2cor,3
Cerebral atrophy,550,0.9482960481915664,0.764193871247988,queryseq,1,vendor,GE,availability,T1ax+FLAIRax+T2cor,3
Encephalomalacia,62,0.7936578690127077,0.07765890086134629,queryseq,1,vendor,GE,availability,T1ax+FLAIRax+T2cor,3
Arachnoid cyst,165,0.6007293220619924,0.08731301981082544,queryseq,1,vendor,GE,availability,T1ax+FLAIRax+T2cor,3
Empty sella syndrome,88,0.6910443788950742,0.04653303431469994,queryseq,1,vendor,GE,availability,T1ax+FLAIRax+T2cor,3
Cyst of pineal gland,175,0.5945435123201823,0.05351624381209015,queryseq,1,vendor,GE,availability,T1ax+FLAIRax+T2cor,3
Rathke's pouch cyst,38,0.5988507059405564,0.011739805211205765,queryseq,1,vendor,GE,availability,T1ax+FLAIRax+T2cor,3
Cerebral edema,74,0.8508749449668487,0.203608825561607,queryseq,1,vendor,GE,availability,T1ax+FLAIRax+T2cor,3
Mastoiditis,66,0.5571794136462906,0.020651240325938548,queryseq,1,vendor,GE,availability,T1ax+FLAIRax+T2cor,3
Chronic mastoiditis,123,0.7569337750464118,0.0878858207616428,queryseq,1,vendor,GE,availability,T1ax+FLAIRax+T2cor,3
Ventriculomegaly,345,0.8986050441723437,0.47788040023040906,queryseq,1,vendor,GE,availability,T1ax+FLAIRax+T2cor,3
Cerebellar degeneration,34,0.7627441537655273,0.10511821490362576,queryseq,1,vendor,GE,availability,T1ax+FLAIRax+T2cor,3
Mega cisterna magna,49,0.4528659216223947,0.011079134971122104,queryseq,1,vendor,GE,availability,T1ax+FLAIRax+T2cor,3
Structure of cave of septum pellucidum,129,0.575513580218613,0.03797430889393471,queryseq,1,vendor,GE,availability,T1ax+FLAIRax+T2cor,3
Hyperostosis of skull,40,0.7851639739570774,0.03993208925346146,queryseq,1,vendor,GE,availability,T1ax+FLAIRax+T2cor,3
Choroid plexus cyst,41,0.4995234901697787,0.009594033063334399,queryseq,1,vendor,GE,availability,T1ax+FLAIRax+T2cor,3
Pituitary adenoma,52,0.5599525625523207,0.021987315402771598,queryseq,1,vendor,GE,availability,T1ax+FLAIRax+T2cor,3
Cerebral infarction,129,0.8860572092259141,0.2113273186422344,queryseq,1,vendor,GE,availability,T1ax+T2ax+T2cor,3
Cerebral hemorrhage,27,0.8247952279202279,0.03210747552257509,queryseq,1,vendor,GE,availability,T1ax+T2ax+T2cor,3
Intracranial meningioma,75,0.7319228274967574,0.0410704984000516,queryseq,1,vendor,GE,availability,T1ax+T2ax+T2cor,3
Demyelinating disease of central nervous system,109,0.5070078424843982,0.025402975745684887,queryseq,1,vendor,GE,availability,T1ax+T2ax+T2cor,3
Lacunar infarct,61,0.9063912970924087,0.1702296356336315,queryseq,1,vendor,GE,availability,T1ax+T2ax+T2cor,3
Gliosis,1237,0.7346439581820424,0.5438519220640603,queryseq,1,vendor,GE,availability,T1ax+T2ax+T2cor,3
Cerebral atrophy,550,0.9356197665408553,0.7197600827889897,queryseq,1,vendor,GE,availability,T1ax+T2ax+T2cor,3
Encephalomalacia,62,0.7697517106549365,0.09145118208237245,queryseq,1,vendor,GE,availability,T1ax+T2ax+T2cor,3
Arachnoid cyst,165,0.6048935400750418,0.08411033132201604,queryseq,1,vendor,GE,availability,T1ax+T2ax+T2cor,3
Empty sella syndrome,88,0.6819484796735346,0.0443521705688034,queryseq,1,vendor,GE,availability,T1ax+T2ax+T2cor,3
Cyst of pineal gland,175,0.5888107107249679,0.05228344475892888,queryseq,1,vendor,GE,availability,T1ax+T2ax+T2cor,3
Rathke's pouch cyst,38,0.5861145995864571,0.017428590307263566,queryseq,1,vendor,GE,availability,T1ax+T2ax+T2cor,3
Cerebral edema,74,0.8126704384910075,0.1296142222641234,queryseq,1,vendor,GE,availability,T1ax+T2ax+T2cor,3
Mastoiditis,66,0.5196738067400528,0.01855696909681679,queryseq,1,vendor,GE,availability,T1ax+T2ax+T2cor,3
Chronic mastoiditis,123,0.7602866333781447,0.08923644430286776,queryseq,1,vendor,GE,availability,T1ax+T2ax+T2cor,3
Ventriculomegaly,345,0.8882616994469968,0.4539155128704685,queryseq,1,vendor,GE,availability,T1ax+T2ax+T2cor,3
Cerebellar degeneration,34,0.7537074545686321,0.09819478265950408,queryseq,1,vendor,GE,availability,T1ax+T2ax+T2cor,3
Mega cisterna magna,49,0.45102139454138346,0.010864426355834088,queryseq,1,vendor,GE,availability,T1ax+T2ax+T2cor,3
Structure of cave of septum pellucidum,129,0.5566113065969794,0.03608669079670659,queryseq,1,vendor,GE,availability,T1ax+T2ax+T2cor,3
Hyperostosis of skull,40,0.7852182300458163,0.03526517060285724,queryseq,1,vendor,GE,availability,T1ax+T2ax+T2cor,3
Choroid plexus cyst,41,0.49249349946466175,0.009426431201852551,queryseq,1,vendor,GE,availability,T1ax+T2ax+T2cor,3
Pituitary adenoma,52,0.5686726816110129,0.018509816814497662,queryseq,1,vendor,GE,availability,T1ax+T2ax+T2cor,3
Cerebral infarction,129,0.891973362980962,0.20868722810090418,queryseq,1,vendor,GE,availability,T1ax+T2ax+FLAIRax,3
Cerebral hemorrhage,27,0.847337962962963,0.06222693972898626,queryseq,1,vendor,GE,availability,T1ax+T2ax+FLAIRax,3
Intracranial meningioma,75,0.7228080415045395,0.0370567670905884,queryseq,1,vendor,GE,availability,T1ax+T2ax+FLAIRax,3
Demyelinating disease of central nervous system,109,0.5640312079585693,0.032541142299623266,queryseq,1,vendor,GE,availability,T1ax+T2ax+FLAIRax,3
Lacunar infarct,61,0.9087871395310028,0.1556533187442585,queryseq,1,vendor,GE,availability,T1ax+T2ax+FLAIRax,3
Gliosis,1237,0.7320592466738829,0.5444867546685113,queryseq,1,vendor,GE,availability,T1ax+T2ax+FLAIRax,3
Cerebral atrophy,550,0.9403509385857475,0.7370783045674871,queryseq,1,vendor,GE,availability,T1ax+T2ax+FLAIRax,3
Encephalomalacia,62,0.7823812316715544,0.0640562433115519,queryseq,1,vendor,GE,availability,T1ax+T2ax+FLAIRax,3
Arachnoid cyst,165,0.5843421786236306,0.07175028695884873,queryseq,1,vendor,GE,availability,T1ax+T2ax+FLAIRax,3
Empty sella syndrome,88,0.688249905741977,0.05373398187096498,queryseq,1,vendor,GE,availability,T1ax+T2ax+FLAIRax,3
Cyst of pineal gland,175,0.5794188861985472,0.05138577972520812,queryseq,1,vendor,GE,availability,T1ax+T2ax+FLAIRax,3
Rathke's pouch cyst,38,0.58219482183405,0.011439486352204464,queryseq,1,vendor,GE,availability,T1ax+T2ax+FLAIRax,3
Cerebral edema,74,0.8453913432031595,0.17208919217496557,queryseq,1,vendor,GE,availability,T1ax+T2ax+FLAIRax,3
Mastoiditis,66,0.5429250034928268,0.019509395048245854,queryseq,1,vendor,GE,availability,T1ax+T2ax+FLAIRax,3
Chronic mastoiditis,123,0.7505541418603163,0.08392141075804639,queryseq,1,vendor,GE,availability,T1ax+T2ax+FLAIRax,3
Ventriculomegaly,345,0.8923877207674146,0.45603730726096875,queryseq,1,vendor,GE,availability,T1ax+T2ax+FLAIRax,3
Cerebellar degeneration,34,0.7372912564977833,0.07540131287020968,queryseq,1,vendor,GE,availability,T1ax+T2ax+FLAIRax,3
Mega cisterna magna,49,0.44907329775796256,0.011513829405051872,queryseq,1,vendor,GE,availability,T1ax+T2ax+FLAIRax,3
Structure of cave of septum pellucidum,129,0.5523284468233864,0.03520404036956589,queryseq,1,vendor,GE,availability,T1ax+T2ax+FLAIRax,3
Hyperostosis of skull,40,0.7740233904027007,0.04289441021451803,queryseq,1,vendor,GE,availability,T1ax+T2ax+FLAIRax,3
Choroid plexus cyst,41,0.506571129387126,0.009757023413738231,queryseq,1,vendor,GE,availability,T1ax+T2ax+FLAIRax,3
Pituitary adenoma,52,0.5689749790717142,0.019003786994199343,queryseq,1,vendor,GE,availability,T1ax+T2ax+FLAIRax,3
Cerebral infarction,129,0.8924776783155868,0.21245177565685228,queryseq,1,vendor,GE,availability,T1ax+T2ax+FLAIRax+T2cor,4
Cerebral hemorrhage,27,0.8484953703703704,0.05384712078067824,queryseq,1,vendor,GE,availability,T1ax+T2ax+FLAIRax+T2cor,4
Intracranial meningioma,75,0.7313942931258106,0.03927082920400507,queryseq,1,vendor,GE,availability,T1ax+T2ax+FLAIRax+T2cor,4
Demyelinating disease of central nervous system,109,0.5204228552402465,0.027204408744669,queryseq,1,vendor,GE,availability,T1ax+T2ax+FLAIRax+T2cor,4
Lacunar infarct,61,0.9095142359924667,0.16024492680702793,queryseq,1,vendor,GE,availability,T1ax+T2ax+FLAIRax+T2cor,4
Gliosis,1237,0.7401860707287998,0.5507045800708164,queryseq,1,vendor,GE,availability,T1ax+T2ax+FLAIRax+T2cor,4
Cerebral atrophy,550,0.9446601844677183,0.7479377061825198,queryseq,1,vendor,GE,availability,T1ax+T2ax+FLAIRax+T2cor,4
Encephalomalacia,62,0.7826744868035191,0.08584726290471621,queryseq,1,vendor,GE,availability,T1ax+T2ax+FLAIRax+T2cor,4
Arachnoid cyst,165,0.6012868616548378,0.08800725851200637,queryseq,1,vendor,GE,availability,T1ax+T2ax+FLAIRax+T2cor,4
Empty sella syndrome,88,0.6928713211648073,0.04881794387433257,queryseq,1,vendor,GE,availability,T1ax+T2ax+FLAIRax+T2cor,4
Cyst of pineal gland,175,0.5936148696766842,0.05333826186944764,queryseq,1,vendor,GE,availability,T1ax+T2ax+FLAIRax+T2cor,4
Rathke's pouch cyst,38,0.5938399868072205,0.01325261478758617,queryseq,1,vendor,GE,availability,T1ax+T2ax+FLAIRax+T2cor,4
Cerebral edema,74,0.843594141187139,0.17513268069225943,queryseq,1,vendor,GE,availability,T1ax+T2ax+FLAIRax+T2cor,4
Mastoiditis,66,0.5468847661276683,0.019908885392076456,queryseq,1,vendor,GE,availability,T1ax+T2ax+FLAIRax+T2cor,4
Chronic mastoiditis,123,0.7571158216503424,0.08925214905824745,queryseq,1,vendor,GE,availability,T1ax+T2ax+FLAIRax+T2cor,4
Ventriculomegaly,345,0.8954024549411914,0.46774353732771823,queryseq,1,vendor,GE,availability,T1ax+T2ax+FLAIRax+T2cor,4
Cerebellar degeneration,34,0.756660670528746,0.09571184194302672,queryseq,1,vendor,GE,availability,T1ax+T2ax+FLAIRax+T2cor,4
Mega cisterna magna,49,0.4516871997711603,0.011029598217521502,queryseq,1,vendor,GE,availability,T1ax+T2ax+FLAIRax+T2cor,4
Structure of cave of septum pellucidum,129,0.5525385782128135,0.03546849195149959,queryseq,1,vendor,GE,availability,T1ax+T2ax+FLAIRax+T2cor,4
Hyperostosis of skull,40,0.7851278032312515,0.040842675976846765,queryseq,1,vendor,GE,availability,T1ax+T2ax+FLAIRax+T2cor,4
Choroid plexus cyst,41,0.5011000905956962,0.009667927878658715,queryseq,1,vendor,GE,availability,T1ax+T2ax+FLAIRax+T2cor,4
Pituitary adenoma,52,0.5688912659287507,0.021533948908476687,queryseq,1,vendor,GE,availability,T1ax+T2ax+FLAIRax+T2cor,4
Cerebral infarction,129,0.8894976331564409,0.20662303672509144,queryseq,1,vendor,GE,budget,all4,1
Cerebral hemorrhage,27,0.830519943019943,0.08952174636206585,queryseq,1,vendor,GE,budget,all4,1
Intracranial meningioma,75,0.7232295719844358,0.03638502019874196,queryseq,1,vendor,GE,budget,all4,1
Demyelinating disease of central nervous system,109,0.47247031509419524,0.023741278427378915,queryseq,1,vendor,GE,budget,all4,1
Lacunar infarct,61,0.9021876465119235,0.16717179596604387,queryseq,1,vendor,GE,budget,all4,1
Gliosis,1237,0.7140021648877135,0.5209064915263207,queryseq,1,vendor,GE,budget,all4,1
Cerebral atrophy,550,0.92962481565726,0.7016049418577984,queryseq,1,vendor,GE,budget,all4,1
Encephalomalacia,62,0.7724301075268817,0.08585589163829005,queryseq,1,vendor,GE,budget,all4,1
Arachnoid cyst,165,0.5988819070867802,0.069529152695288,queryseq,1,vendor,GE,budget,all4,1
Empty sella syndrome,88,0.6416864423695359,0.036165289801004745,queryseq,1,vendor,GE,budget,all4,1
Cyst of pineal gland,175,0.598287993163367,0.05119883271419799,queryseq,1,vendor,GE,budget,all4,1
Rathke's pouch cyst,38,0.5336542730651647,0.009345928232478587,queryseq,1,vendor,GE,budget,all4,1
Cerebral edema,74,0.8510195096628357,0.1945552387170452,queryseq,1,vendor,GE,budget,all4,1
Mastoiditis,66,0.5402520717978131,0.01883910984326697,queryseq,1,vendor,GE,budget,all4,1
Chronic mastoiditis,123,0.7437744062479996,0.08227984820127159,queryseq,1,vendor,GE,budget,all4,1
Ventriculomegaly,345,0.8935721883982526,0.4426654729194033,queryseq,1,vendor,GE,budget,all4,1
Cerebellar degeneration,34,0.751724479823232,0.06019203953777017,queryseq,1,vendor,GE,budget,all4,1
Mega cisterna magna,49,0.4459020921079887,0.011053355551062339,queryseq,1,vendor,GE,budget,all4,1
Structure of cave of septum pellucidum,129,0.5270706538142668,0.03325355766590336,queryseq,1,vendor,GE,budget,all4,1
Hyperostosis of skull,40,0.74801663853388,0.03793178109355666,queryseq,1,vendor,GE,budget,all4,1
Choroid plexus cyst,41,0.485592931182568,0.009513074754458934,queryseq,1,vendor,GE,budget,all4,1
Pituitary adenoma,52,0.5615640405543671,0.01424827767741855,queryseq,1,vendor,GE,budget,all4,1
Cerebral infarction,129,0.8911653122743474,0.2103701496941443,queryseq,1,vendor,GE,budget,all4,2
Cerebral hemorrhage,27,0.8356125356125356,0.051760576124455886,queryseq,1,vendor,GE,budget,all4,2
Intracranial meningioma,75,0.7209922178988327,0.03596610392541673,queryseq,1,vendor,GE,budget,all4,2
Demyelinating disease of central nervous system,109,0.5163756293559985,0.026147887013409768,queryseq,1,vendor,GE,budget,all4,2
Lacunar infarct,61,0.9088308447827848,0.16613284490217156,queryseq,1,vendor,GE,budget,all4,2
Gliosis,1237,0.7371708480057,0.5456901749586649,queryseq,1,vendor,GE,budget,all4,2
Cerebral atrophy,550,0.9435248831454496,0.7422116377285576,queryseq,1,vendor,GE,budget,all4,2
Encephalomalacia,62,0.773247311827957,0.06211304084979124,queryseq,1,vendor,GE,budget,all4,2
Arachnoid cyst,165,0.6009071319861972,0.0785972463681166,queryseq,1,vendor,GE,budget,all4,2
Empty sella syndrome,88,0.6766201290780456,0.048364380280007314,queryseq,1,vendor,GE,budget,all4,2
Cyst of pineal gland,175,0.6027189858994445,0.05398824988335157,queryseq,1,vendor,GE,budget,all4,2
Rathke's pouch cyst,38,0.569173294769824,0.010521794451345089,queryseq,1,vendor,GE,budget,all4,2
Cerebral edema,74,0.8400917328707262,0.16412983267171402,queryseq,1,vendor,GE,budget,all4,2
Mastoiditis,66,0.5562565720294427,0.019604851545808148,queryseq,1,vendor,GE,budget,all4,2
Chronic mastoiditis,123,0.7439644549004546,0.08920345814639098,queryseq,1,vendor,GE,budget,all4,2
Ventriculomegaly,345,0.8935405020030328,0.45993071429897375,queryseq,1,vendor,GE,budget,all4,2
Cerebellar degeneration,34,0.7674962111018258,0.11646673984022929,queryseq,1,vendor,GE,budget,all4,2
Mega cisterna magna,49,0.43517029818210506,0.010489620489958927,queryseq,1,vendor,GE,budget,all4,2
Structure of cave of septum pellucidum,129,0.4995510829407697,0.029924584321569914,queryseq,1,vendor,GE,budget,all4,2
Hyperostosis of skull,40,0.7620207378828068,0.06385942130843744,queryseq,1,vendor,GE,budget,all4,2
Choroid plexus cyst,41,0.503035544103632,0.009729804023750831,queryseq,1,vendor,GE,budget,all4,2
Pituitary adenoma,52,0.5788763835922239,0.018910061326453516,queryseq,1,vendor,GE,budget,all4,2
Cerebral infarction,129,0.8913945465173588,0.2090828722264801,queryseq,1,vendor,GE,budget,all4,3
Cerebral hemorrhage,27,0.8413906695156694,0.04611962896985091,queryseq,1,vendor,GE,budget,all4,3
Intracranial meningioma,75,0.728725680933852,0.038510549223095124,queryseq,1,vendor,GE,budget,all4,3
Demyelinating disease of central nervous system,109,0.5227085592415782,0.02776899032502067,queryseq,1,vendor,GE,budget,all4,3
Lacunar infarct,61,0.9083302209896458,0.15847827430494663,queryseq,1,vendor,GE,budget,all4,3
Gliosis,1237,0.7340816354493512,0.5429986917009005,queryseq,1,vendor,GE,budget,all4,3
Cerebral atrophy,550,0.9391356512610294,0.7338862797752864,queryseq,1,vendor,GE,budget,all4,3
Encephalomalacia,62,0.7742052785923753,0.08742143179953993,queryseq,1,vendor,GE,budget,all4,3
Arachnoid cyst,165,0.594735018007022,0.07417125476539638,queryseq,1,vendor,GE,budget,all4,3
Empty sella syndrome,88,0.6860126638426223,0.05620573003931731,queryseq,1,vendor,GE,budget,all4,3
Cyst of pineal gland,175,0.5996980487110098,0.05268097479119894,queryseq,1,vendor,GE,budget,all4,3
Rathke's pouch cyst,38,0.5896411310271339,0.013109501365798793,queryseq,1,vendor,GE,budget,all4,3
Cerebral edema,74,0.8312108607513421,0.15917548643423837,queryseq,1,vendor,GE,budget,all4,3
Mastoiditis,66,0.5241519784106534,0.01899106267787218,queryseq,1,vendor,GE,budget,all4,3
Chronic mastoiditis,123,0.7586702195762115,0.08766848135427018,queryseq,1,vendor,GE,budget,all4,3
Ventriculomegaly,345,0.8950033572490174,0.46577760598719453,queryseq,1,vendor,GE,budget,all4,3
Cerebellar degeneration,34,0.7537428648319429,0.10022718287934312,queryseq,1,vendor,GE,budget,all4,3
Mega cisterna magna,49,0.4474655014253164,0.010798473915917137,queryseq,1,vendor,GE,budget,all4,3
Structure of cave of septum pellucidum,129,0.5462422776714386,0.03551661463420441,queryseq,1,vendor,GE,budget,all4,3
Hyperostosis of skull,40,0.7740716180371353,0.041927900297352015,queryseq,1,vendor,GE,budget,all4,3
Choroid plexus cyst,41,0.5011412704575671,0.009655242521924146,queryseq,1,vendor,GE,budget,all4,3
Pituitary adenoma,52,0.5695981769137755,0.020385342690745607,queryseq,1,vendor,GE,budget,all4,3
Cerebral infarction,129,0.8924375623230597,0.21834550788108523,queryseq,1,vendor,GE,budget,all4,4
Cerebral hemorrhage,27,0.8522881054131054,0.06315220480677616,queryseq,1,vendor,GE,budget,all4,4
Intracranial meningioma,75,0.7330350194552528,0.040449385915230285,queryseq,1,vendor,GE,budget,all4,4
Demyelinating disease of central nervous system,109,0.5374464006911105,0.02931491168949095,queryseq,1,vendor,GE,budget,all4,4
Lacunar infarct,61,0.9090891030887693,0.15367453556829203,queryseq,1,vendor,GE,budget,all4,4
Gliosis,1237,0.7424496115533755,0.553886176910026,queryseq,1,vendor,GE,budget,all4,4
Cerebral atrophy,550,0.9452155872722273,0.7499617595288872,queryseq,1,vendor,GE,budget,all4,4
Encephalomalacia,62,0.7851026392961877,0.09175220684336031,queryseq,1,vendor,GE,budget,all4,4
Arachnoid cyst,165,0.5982369693955969,0.08461669599490924,queryseq,1,vendor,GE,budget,all4,4
Empty sella syndrome,88,0.701520880924394,0.05706645631373853,queryseq,1,vendor,GE,budget,all4,4
Cyst of pineal gland,175,0.5904814129041447,0.05322085597908263,queryseq,1,vendor,GE,budget,all4,4
Rathke's pouch cyst,38,0.5963897451510193,0.013373206493474319,queryseq,1,vendor,GE,budget,all4,4
Cerebral edema,74,0.8415505220756863,0.19495406816260988,queryseq,1,vendor,GE,budget,all4,4
Mastoiditis,66,0.5647570095519623,0.020918355450879986,queryseq,1,vendor,GE,budget,all4,4
Chronic mastoiditis,123,0.7548632449907177,0.08657059637161332,queryseq,1,vendor,GE,budget,all4,4
Ventriculomegaly,345,0.8948019223079768,0.4660226256775916,queryseq,1,vendor,GE,budget,all4,4
Cerebellar degeneration,34,0.7510587668729904,0.0901062745842472,queryseq,1,vendor,GE,budget,all4,4
Mega cisterna magna,49,0.45325554097907894,0.011102325088001335,queryseq,1,vendor,GE,budget,all4,4
Structure of cave of septum pellucidum,129,0.5537477888446976,0.03626131172292534,queryseq,1,vendor,GE,budget,all4,4
Hyperostosis of skull,40,0.7901977333011816,0.040241420750850125,queryseq,1,vendor,GE,budget,all4,4
Choroid plexus cyst,41,0.49958820138129023,0.009589828451230905,queryseq,1,vendor,GE,budget,all4,4
Pituitary adenoma,52,0.5647242117012371,0.02111390658844316,queryseq,1,vendor,GE,budget,all4,4
Cerebral infarction,129,0.873865768068434,0.19577161429875706,uniform,2,vendor,GE,availability,T2cor,1
Cerebral hemorrhage,27,0.8139245014245013,0.02176134464954598,uniform,2,vendor,GE,availability,T2cor,1
Intracranial meningioma,75,0.7188229571984436,0.04052694824067473,uniform,2,vendor,GE,availability,T2cor,1
Demyelinating disease of central nervous system,109,0.46372119810484536,0.022817573654478306,uniform,2,vendor,GE,availability,T2cor,1
Lacunar infarct,61,0.8978012285148955,0.12735708214258634,uniform,2,vendor,GE,availability,T2cor,1
Gliosis,1237,0.724248112574161,0.5340291263152802,uniform,2,vendor,GE,availability,T2cor,1
Cerebral atrophy,550,0.9201539730547155,0.682504071103517,uniform,2,vendor,GE,availability,T2cor,1
Encephalomalacia,62,0.7699667644183774,0.09896591822843528,uniform,2,vendor,GE,availability,T2cor,1
Arachnoid cyst,165,0.603272908096379,0.07348779097917943,uniform,2,vendor,GE,availability,T2cor,1
Empty sella syndrome,88,0.6673606644636164,0.05174064688079594,uniform,2,vendor,GE,availability,T2cor,1
Cyst of pineal gland,175,0.6296140150975644,0.06139520111778743,uniform,2,vendor,GE,availability,T2cor,1
Rathke's pouch cyst,38,0.6010960155268867,0.013317687574877576,uniform,2,vendor,GE,availability,T2cor,1
Cerebral edema,74,0.7875917492985328,0.08186376154310993,uniform,2,vendor,GE,availability,T2cor,1
Mastoiditis,66,0.5159383203547242,0.03300260376001432,uniform,2,vendor,GE,availability,T2cor,1
Chronic mastoiditis,123,0.756861756609692,0.08822277143470719,uniform,2,vendor,GE,availability,T2cor,1
Ventriculomegaly,345,0.8794181774287245,0.44854674314971116,uniform,2,vendor,GE,availability,T2cor,1
Cerebellar degeneration,34,0.7583249529043499,0.1526709567988737,uniform,2,vendor,GE,availability,T2cor,1
Mega cisterna magna,49,0.5292165198607235,0.011905915449972293,uniform,2,vendor,GE,availability,T2cor,1
Structure of cave of septum pellucidum,129,0.6001935119068087,0.04149027973683511,uniform,2,vendor,GE,availability,T2cor,1
Hyperostosis of skull,40,0.7747890040993489,0.031289642534241165,uniform,2,vendor,GE,availability,T2cor,1
Choroid plexus cyst,41,0.48208087724871457,0.009166398162696812,uniform,2,vendor,GE,availability,T2cor,1
Pituitary adenoma,52,0.6540275323225746,0.022906803032554636,uniform,2,vendor,GE,availability,T2cor,1
Cerebral infarction,129,0.8901337581807972,0.21041936666323102,uniform,2,vendor,GE,availability,FLAIRax,1
Cerebral hemorrhage,27,0.8411948005698007,0.09559979747578198,uniform,2,vendor,GE,availability,FLAIRax,1
Intracranial meningioma,75,0.722636186770428,0.03526937290005265,uniform,2,vendor,GE,availability,FLAIRax,1
Demyelinating disease of central nervous system,109,0.5669670777634297,0.05392594619544899,uniform,2,vendor,GE,availability,FLAIRax,1
Lacunar infarct,61,0.9075912049140595,0.14579424447793043,uniform,2,vendor,GE,availability,FLAIRax,1
Gliosis,1237,0.7314223860351041,0.5510460584715134,uniform,2,vendor,GE,availability,FLAIRax,1
Cerebral atrophy,550,0.9458549753793086,0.7686826546653535,uniform,2,vendor,GE,availability,FLAIRax,1
Encephalomalacia,62,0.8069677419354839,0.07317814701242173,uniform,2,vendor,GE,availability,FLAIRax,1
Arachnoid cyst,165,0.5529813299579585,0.0571138379674611,uniform,2,vendor,GE,availability,FLAIRax,1
Empty sella syndrome,88,0.7091419193151323,0.057835974907587705,uniform,2,vendor,GE,availability,FLAIRax,1
Cyst of pineal gland,175,0.587044580544082,0.058788206577716905,uniform,2,vendor,GE,availability,FLAIRax,1
Rathke's pouch cyst,38,0.6256358539153379,0.014072652956357073,uniform,2,vendor,GE,availability,FLAIRax,1
Cerebral edema,74,0.853309545869721,0.23720866733921095,uniform,2,vendor,GE,availability,FLAIRax,1
Mastoiditis,66,0.6512320487083894,0.02802750542676692,uniform,2,vendor,GE,availability,FLAIRax,1
Chronic mastoiditis,123,0.7041822706612892,0.08237586357624783,uniform,2,vendor,GE,availability,FLAIRax,1
Ventriculomegaly,345,0.8961327509072116,0.45888449278271093,uniform,2,vendor,GE,availability,FLAIRax,1
Cerebellar degeneration,34,0.7248764181810456,0.0600884964347121,uniform,2,vendor,GE,availability,FLAIRax,1
Mega cisterna magna,49,0.4773034395004981,0.01179857304606598,uniform,2,vendor,GE,availability,FLAIRax,1
Structure of cave of septum pellucidum,129,0.6009585811928585,0.04244180407723686,uniform,2,vendor,GE,availability,FLAIRax,1
Hyperostosis of skull,40,0.7586267181094768,0.03061733552104972,uniform,2,vendor,GE,availability,FLAIRax,1
Choroid plexus cyst,41,0.5327497558622475,0.010928694335699152,uniform,2,vendor,GE,availability,FLAIRax,1
Pituitary adenoma,52,0.6113710352525347,0.019596343037374814,uniform,2,vendor,GE,availability,FLAIRax,1
Cerebral infarction,129,0.8757149242953913,0.2014932280593852,uniform,2,vendor,GE,availability,T2ax,1
Cerebral hemorrhage,27,0.8071759259259259,0.03184204292960464,uniform,2,vendor,GE,availability,T2ax,1
Intracranial meningioma,75,0.7113878080415046,0.03690220961520913,uniform,2,vendor,GE,availability,T2ax,1
Demyelinating disease of central nervous system,109,0.5436623457262284,0.027470819560861212,uniform,2,vendor,GE,availability,T2ax,1
Lacunar infarct,61,0.903506750474798,0.1573456131375643,uniform,2,vendor,GE,availability,T2ax,1
Gliosis,1237,0.6976808297822781,0.5175324058555109,uniform,2,vendor,GE,availability,T2ax,1
Cerebral atrophy,550,0.9090774114529958,0.6699676469480311,uniform,2,vendor,GE,availability,T2ax,1
Encephalomalacia,62,0.7607116324535681,0.0657803661397987,uniform,2,vendor,GE,availability,T2ax,1
Arachnoid cyst,165,0.571123969681901,0.06633803717352116,uniform,2,vendor,GE,availability,T2ax,1
Empty sella syndrome,88,0.6845932489077158,0.04216422898621262,uniform,2,vendor,GE,availability,T2ax,1
Cyst of pineal gland,175,0.5767127189858994,0.055255691941645604,uniform,2,vendor,GE,availability,T2ax,1
Rathke's pouch cyst,38,0.615658814425797,0.01633744926835418,uniform,2,vendor,GE,availability,T2ax,1
Cerebral edema,74,0.786560083058989,0.12731884432714352,uniform,2,vendor,GE,availability,T2ax,1
Mastoiditis,66,0.5068202039810873,0.017756712771536037,uniform,2,vendor,GE,availability,T2ax,1
Chronic mastoiditis,123,0.7423240349529481,0.0880776656352385,uniform,2,vendor,GE,availability,T2ax,1
Ventriculomegaly,345,0.8702751435318259,0.4319221141322448,uniform,2,vendor,GE,availability,T2ax,1
Cerebellar degeneration,34,0.7014843982379854,0.06921810731152103,uniform,2,vendor,GE,availability,T2ax,1
Mega cisterna magna,49,0.48031189276097097,0.011617134252469876,uniform,2,vendor,GE,availability,T2ax,1
Structure of cave of septum pellucidum,129,0.629737030117559,0.04421309874670984,uniform,2,vendor,GE,availability,T2ax,1
Hyperostosis of skull,40,0.7589884253677357,0.02533592698489434,uniform,2,vendor,GE,availability,T2ax,1
Choroid plexus cyst,41,0.5250844187168355,0.010399330849834139,uniform,2,vendor,GE,availability,T2ax,1
Pituitary adenoma,52,0.655734350292996,0.02410420092219305,uniform,2,vendor,GE,availability,T2ax,1
Cerebral infarction,129,0.8804295085599887,0.19635303004281765,uniform,2,vendor,GE,availability,T1ax,1
Cerebral hemorrhage,27,0.8678507834757835,0.08436845276105838,uniform,2,vendor,GE,availability,T1ax,1
Intracranial meningioma,75,0.7240175097276265,0.038340570310700824,uniform,2,vendor,GE,availability,T1ax,1
Demyelinating disease of central nervous system,109,0.5488996674930596,0.028701480644417847,uniform,2,vendor,GE,availability,T1ax,1
Lacunar infarct,61,0.8946345843630554,0.13136264817933987,uniform,2,vendor,GE,availability,T1ax,1
Gliosis,1237,0.7097093843771837,0.5205155109146077,uniform,2,vendor,GE,availability,T1ax,1
Cerebral atrophy,550,0.9132606793811084,0.666938384962225,uniform,2,vendor,GE,availability,T1ax,1
Encephalomalacia,62,0.8121290322580644,0.07167719086046515,uniform,2,vendor,GE,availability,T1ax,1
Arachnoid cyst,165,0.5835337462140049,0.05480668093142027,uniform,2,vendor,GE,availability,T1ax,1
Empty sella syndrome,88,0.677679145689636,0.04498845387379072,uniform,2,vendor,GE,availability,T1ax,1
Cyst of pineal gland,175,0.5208004557755306,0.04317670441677694,uniform,2,vendor,GE,availability,T1ax,1
Rathke's pouch cyst,38,0.5606170161484696,0.010259542316656243,uniform,2,vendor,GE,availability,T1ax,1
Cerebral edema,74,0.8222938474579612,0.11129831190881896,uniform,2,vendor,GE,availability,T1ax,1
Mastoiditis,66,0.4810394652665946,0.01912948812056122,uniform,2,vendor,GE,availability,T1ax,1
Chronic mastoiditis,123,0.7449427053325651,0.08176292983163906,uniform,2,vendor,GE,availability,T1ax,1
Ventriculomegaly,345,0.8728372149167478,0.4210491156532129,uniform,2,vendor,GE,availability,T1ax,1
Cerebellar degeneration,34,0.6900681293466098,0.05508667098597973,uniform,2,vendor,GE,availability,T1ax,1
Mega cisterna magna,49,0.4372762154644362,0.01169834608675662,uniform,2,vendor,GE,availability,T1ax,1
Structure of cave of septum pellucidum,129,0.6296415158496376,0.04690825772418025,uniform,2,vendor,GE,availability,T1ax,1
Hyperostosis of skull,40,0.7509163250542561,0.031804563839549035,uniform,2,vendor,GE,availability,T1ax,1
Choroid plexus cyst,41,0.5199075217959126,0.010121092723267042,uniform,2,vendor,GE,availability,T1ax,1
Pituitary adenoma,52,0.6364617244907451,0.023872872061763334,uniform,2,vendor,GE,availability,T1ax,1
Cerebral infarction,129,0.89264387314177,0.22291028038191119,uniform,2,vendor,GE,availability,FLAIRax+T2cor,2
Cerebral hemorrhage,27,0.8419960826210826,0.057105062078640516,uniform,2,vendor,GE,availability,FLAIRax+T2cor,2
Intracranial meningioma,75,0.7372341115434501,0.03949803383487324,uniform,2,vendor,GE,availability,FLAIRax+T2cor,2
Demyelinating disease of central nervous system,109,0.5054937885543822,0.02833676700165006,uniform,2,vendor,GE,availability,FLAIRax+T2cor,2
Lacunar infarct,61,0.9099989669667761,0.15468802384796798,uniform,2,vendor,GE,availability,FLAIRax+T2cor,2
Gliosis,1237,0.741689708562268,0.5570625513513816,uniform,2,vendor,GE,availability,FLAIRax+T2cor,2
Cerebral atrophy,550,0.9486799810033244,0.7762876608910304,uniform,2,vendor,GE,availability,FLAIRax+T2cor,2
Encephalomalacia,62,0.8005161290322581,0.11265264387597435,uniform,2,vendor,GE,availability,FLAIRax+T2cor,2
Arachnoid cyst,165,0.5847399906574446,0.07236491175286924,uniform,2,vendor,GE,availability,FLAIRax+T2cor,2
Empty sella syndrome,88,0.7080108230388786,0.05075798254294762,uniform,2,vendor,GE,availability,FLAIRax+T2cor,2
Cyst of pineal gland,175,0.6092721834496511,0.05939074182490274,uniform,2,vendor,GE,availability,FLAIRax+T2cor,2
Rathke's pouch cyst,38,0.6329679948243712,0.017120556712280452,uniform,2,vendor,GE,availability,FLAIRax+T2cor,2
Cerebral edema,74,0.8408375552795684,0.1800980405599656,uniform,2,vendor,GE,availability,FLAIRax+T2cor,2
Mastoiditis,66,0.5969388130271411,0.02563406784000388,uniform,2,vendor,GE,availability,FLAIRax+T2cor,2
Chronic mastoiditis,123,0.7482675564944625,0.08784784350466816,uniform,2,vendor,GE,availability,FLAIRax+T2cor,2
Ventriculomegaly,345,0.8993293046345125,0.4791832625816889,uniform,2,vendor,GE,availability,FLAIRax+T2cor,2
Cerebellar degeneration,34,0.7557895780513024,0.09900879468398256,uniform,2,vendor,GE,availability,FLAIRax+T2cor,2
Mega cisterna magna,49,0.49794340162357836,0.011817136952980829,uniform,2,vendor,GE,availability,FLAIRax+T2cor,2
Structure of cave of septum pellucidum,129,0.6058852071322414,0.042579293738063226,uniform,2,vendor,GE,availability,FLAIRax+T2cor,2
Hyperostosis of skull,40,0.7857065348444658,0.03125973106255391,uniform,2,vendor,GE,availability,FLAIRax+T2cor,2
Choroid plexus cyst,41,0.5129304766274869,0.009877159577876347,uniform,2,vendor,GE,availability,FLAIRax+T2cor,2
Pituitary adenoma,52,0.6385126964933494,0.02276206968201655,uniform,2,vendor,GE,availability,FLAIRax+T2cor,2
Cerebral infarction,129,0.8835604662624503,0.2089004957907154,uniform,2,vendor,GE,availability,T2ax+T2cor,2
Cerebral hemorrhage,27,0.8209223646723647,0.02674215605068171,uniform,2,vendor,GE,availability,T2ax+T2cor,2
Intracranial meningioma,75,0.7277594033722439,0.04003556873083064,uniform,2,vendor,GE,availability,T2ax+T2cor,2
Demyelinating disease of central nervous system,109,0.5066658867676637,0.025465802048042892,uniform,2,vendor,GE,availability,T2ax+T2cor,2
Lacunar infarct,61,0.905990003416956,0.15869234936744292,uniform,2,vendor,GE,availability,T2ax+T2cor,2
Gliosis,1237,0.7179578806023321,0.5350853798263956,uniform,2,vendor,GE,availability,T2ax+T2cor,2
Cerebral atrophy,550,0.9274187017271978,0.70359820204823,uniform,2,vendor,GE,availability,T2ax+T2cor,2
Encephalomalacia,62,0.7742834799608994,0.095293661210595,uniform,2,vendor,GE,availability,T2ax+T2cor,2
Arachnoid cyst,165,0.5952699546434007,0.0848698498608908,uniform,2,vendor,GE,availability,T2ax+T2cor,2
Empty sella syndrome,88,0.6869441548936548,0.0439115499242317,uniform,2,vendor,GE,availability,T2ax+T2cor,2
Cyst of pineal gland,175,0.6054536390827517,0.05906646297400933,uniform,2,vendor,GE,availability,T2ax+T2cor,2
Rathke's pouch cyst,38,0.6177518996333928,0.01662013496252789,uniform,2,vendor,GE,availability,T2ax+T2cor,2
Cerebral edema,74,0.7984866704779178,0.1194196678585196,uniform,2,vendor,GE,availability,T2ax+T2cor,2
Mastoiditis,66,0.5128609560786217,0.018743925171191035,uniform,2,vendor,GE,availability,T2ax+T2cor,2
Chronic mastoiditis,123,0.7636334901734845,0.0945045685984142,uniform,2,vendor,GE,availability,T2ax+T2cor,2
Ventriculomegaly,345,0.8846690657794476,0.4627637991088996,uniform,2,vendor,GE,availability,T2ax+T2cor,2
Cerebellar degeneration,34,0.7478081047010666,0.09841939414758508,uniform,2,vendor,GE,availability,T2ax+T2cor,2
Mega cisterna magna,49,0.5151113127706375,0.011812800037280063,uniform,2,vendor,GE,availability,T2ax+T2cor,2
Structure of cave of septum pellucidum,129,0.6209630894663045,0.043298363599959575,uniform,2,vendor,GE,availability,T2ax+T2cor,2
Hyperostosis of skull,40,0.7821196045333977,0.027920330401950914,uniform,2,vendor,GE,availability,T2ax+T2cor,2
Choroid plexus cyst,41,0.5076006259339003,0.009789442633548457,uniform,2,vendor,GE,availability,T2ax+T2cor,2
Pituitary adenoma,52,0.6651009208445725,0.023414595727241277,uniform,2,vendor,GE,availability,T2ax+T2cor,2
Cerebral infarction,129,0.8902541061583779,0.21238231927617057,uniform,2,vendor,GE,availability,T2ax+FLAIRax,2
Cerebral hemorrhage,27,0.8342681623931624,0.056630470912903526,uniform,2,vendor,GE,availability,T2ax+FLAIRax,2
Intracranial meningioma,75,0.7299610894941634,0.03678041057946377,uniform,2,vendor,GE,availability,T2ax+FLAIRax,2
Demyelinating disease of central nervous system,109,0.5431854074897301,0.02988393026100928,uniform,2,vendor,GE,availability,T2ax+FLAIRax,2
Lacunar infarct,61,0.9109684289153945,0.16566867306557562,uniform,2,vendor,GE,availability,T2ax+FLAIRax,2
Gliosis,1237,0.723719496321061,0.5429512438267743,uniform,2,vendor,GE,availability,T2ax+FLAIRax,2
Cerebral atrophy,550,0.9398505261579224,0.7497354243375716,uniform,2,vendor,GE,availability,T2ax+FLAIRax,2
Encephalomalacia,62,0.79413880742913,0.09012658148649287,uniform,2,vendor,GE,availability,T2ax+FLAIRax,2
Arachnoid cyst,165,0.5671654385726986,0.06969431592296757,uniform,2,vendor,GE,availability,T2ax+FLAIRax,2
Empty sella syndrome,88,0.7099458848056067,0.04822197104926918,uniform,2,vendor,GE,availability,T2ax+FLAIRax,2
Cyst of pineal gland,175,0.5859792052414186,0.05754811324328047,uniform,2,vendor,GE,availability,T2ax+FLAIRax,2
Rathke's pouch cyst,38,0.629923507249686,0.015293917708762074,uniform,2,vendor,GE,availability,T2ax+FLAIRax,2
Cerebral edema,74,0.8321735302041647,0.19257147067469657,uniform,2,vendor,GE,availability,T2ax+FLAIRax,2
Mastoiditis,66,0.5967623333553933,0.023657436301954205,uniform,2,vendor,GE,availability,T2ax+FLAIRax,2
Chronic mastoiditis,123,0.7276402759106331,0.08289247260146382,uniform,2,vendor,GE,availability,T2ax+FLAIRax,2
Ventriculomegaly,345,0.8916355460999329,0.47198561156122437,uniform,2,vendor,GE,availability,T2ax+FLAIRax,2
Cerebellar degeneration,34,0.7188920836815341,0.07553729254672203,uniform,2,vendor,GE,availability,T2ax+FLAIRax,2
Mega cisterna magna,49,0.47145914915023523,0.011470123672928916,uniform,2,vendor,GE,availability,T2ax+FLAIRax,2
Structure of cave of septum pellucidum,129,0.6174462541214407,0.04369274778229858,uniform,2,vendor,GE,availability,T2ax+FLAIRax,2
Hyperostosis of skull,40,0.7741258741258741,0.03136634211361294,uniform,2,vendor,GE,availability,T2ax+FLAIRax,2
Choroid plexus cyst,41,0.5316673137787818,0.010640724673973,uniform,2,vendor,GE,availability,T2ax+FLAIRax,2
Pituitary adenoma,52,0.6331922611850062,0.021376798469406533,uniform,2,vendor,GE,availability,T2ax+FLAIRax,2
Cerebral infarction,129,0.8855318807523468,0.21696632124581974,uniform,2,vendor,GE,availability,T1ax+T2cor,2
Cerebral hemorrhage,27,0.8569978632478632,0.04740114333072503,uniform,2,vendor,GE,availability,T1ax+T2cor,2
Intracranial meningioma,75,0.7389332036316473,0.04434928838684825,uniform,2,vendor,GE,availability,T1ax+T2cor,2
Demyelinating disease of central nervous system,109,0.5085848882569708,0.025687350782939246,uniform,2,vendor,GE,availability,T1ax+T2cor,2
Lacunar infarct,61,0.9028471984933607,0.1520531779566331,uniform,2,vendor,GE,availability,T1ax+T2cor,2
Gliosis,1237,0.7289735965909869,0.5427510641984856,uniform,2,vendor,GE,availability,T1ax+T2cor,2
Cerebral atrophy,550,0.9308580998325293,0.7106124742480391,uniform,2,vendor,GE,availability,T1ax+T2cor,2
Encephalomalacia,62,0.7997106549364614,0.10465470118716731,uniform,2,vendor,GE,availability,T1ax+T2cor,2
Arachnoid cyst,165,0.6086704941006283,0.078691341201823,uniform,2,vendor,GE,availability,T1ax+T2cor,2
Empty sella syndrome,88,0.6894170418505622,0.05362802757310822,uniform,2,vendor,GE,availability,T1ax+T2cor,2
Cyst of pineal gland,175,0.583260219341974,0.054090268791119195,uniform,2,vendor,GE,availability,T1ax+T2cor,2
Rathke's pouch cyst,38,0.6089292283492536,0.014128351211836065,uniform,2,vendor,GE,availability,T1ax+T2cor,2
Cerebral edema,74,0.8199939545672585,0.13057627907419797,uniform,2,vendor,GE,availability,T1ax+T2cor,2
Mastoiditis,66,0.49685277918716403,0.018673005474792836,uniform,2,vendor,GE,availability,T1ax+T2cor,2
Chronic mastoiditis,123,0.771471496703156,0.09546801161748035,uniform,2,vendor,GE,availability,T1ax+T2cor,2
Ventriculomegaly,345,0.8877154863484447,0.45688472705716143,uniform,2,vendor,GE,availability,T1ax+T2cor,2
Cerebellar degeneration,34,0.7429710627328225,0.08927930695111316,uniform,2,vendor,GE,availability,T1ax+T2cor,2
Mega cisterna magna,49,0.47701738984622355,0.011522924848229355,uniform,2,vendor,GE,availability,T1ax+T2cor,2
Structure of cave of septum pellucidum,129,0.6310245624491386,0.04524922746709929,uniform,2,vendor,GE,availability,T1ax+T2cor,2
Hyperostosis of skull,40,0.7824813117916567,0.032430529632757873,uniform,2,vendor,GE,availability,T1ax+T2cor,2
Choroid plexus cyst,41,0.5031532008518349,0.009550288202805353,uniform,2,vendor,GE,availability,T1ax+T2cor,2
Pituitary adenoma,52,0.6516277555576225,0.023222343746898588,uniform,2,vendor,GE,availability,T1ax+T2cor,2
Cerebral infarction,129,0.8933564095804631,0.21390664279998556,uniform,2,vendor,GE,availability,T1ax+FLAIRax,2
Cerebral hemorrhage,27,0.8594996438746438,0.13363829178119505,uniform,2,vendor,GE,availability,T1ax+FLAIRax,2
Intracranial meningioma,75,0.7306906614785992,0.038074440418066034,uniform,2,vendor,GE,availability,T1ax+FLAIRax,2
Demyelinating disease of central nervous system,109,0.5733337532789504,0.05281137548692495,uniform,2,vendor,GE,availability,T1ax+FLAIRax,2
Lacunar infarct,61,0.9072852681515857,0.15458715906166634,uniform,2,vendor,GE,availability,T1ax+FLAIRax,2
Gliosis,1237,0.7345189975747776,0.5512129861913964,uniform,2,vendor,GE,availability,T1ax+FLAIRax,2
Cerebral atrophy,550,0.946791311520484,0.7648147155631653,uniform,2,vendor,GE,availability,T1ax+FLAIRax,2
Encephalomalacia,62,0.8137869012707722,0.09377237429896894,uniform,2,vendor,GE,availability,T1ax+FLAIRax,2
Arachnoid cyst,165,0.5845546464144177,0.0649384252832074,uniform,2,vendor,GE,availability,T1ax+FLAIRax,2
Empty sella syndrome,88,0.7176805872829293,0.057678731188459516,uniform,2,vendor,GE,availability,T1ax+FLAIRax,2
Cyst of pineal gland,175,0.5735550491382994,0.054042178670596255,uniform,2,vendor,GE,availability,T1ax+FLAIRax,2
Rathke's pouch cyst,38,0.6229909553348302,0.013772328834643278,uniform,2,vendor,GE,availability,T1ax+FLAIRax,2
Cerebral edema,74,0.8513612080351687,0.22731940305831594,uniform,2,vendor,GE,availability,T1ax+FLAIRax,2
Mastoiditis,66,0.6023582096137301,0.02435541205827531,uniform,2,vendor,GE,availability,T1ax+FLAIRax,2
Chronic mastoiditis,123,0.728736556558479,0.08451164894727667,uniform,2,vendor,GE,availability,T1ax+FLAIRax,2
Ventriculomegaly,345,0.89619536925967,0.47486733927577723,uniform,2,vendor,GE,availability,T1ax+FLAIRax,2
Cerebellar degeneration,34,0.7267460800838514,0.0737220895735693,uniform,2,vendor,GE,availability,T1ax+FLAIRax,2
Mega cisterna magna,49,0.45363529655458124,0.011539852359205245,uniform,2,vendor,GE,availability,T1ax+FLAIRax,2
Structure of cave of septum pellucidum,129,0.6245601567962222,0.04636154870498494,uniform,2,vendor,GE,availability,T1ax+FLAIRax,2
Hyperostosis of skull,40,0.7706715698095008,0.03384123921006483,uniform,2,vendor,GE,availability,T1ax+FLAIRax,2
Choroid plexus cyst,41,0.5305701646017907,0.010490868268202039,uniform,2,vendor,GE,availability,T1ax+FLAIRax,2
Pituitary adenoma,52,0.6139056831922611,0.02087394153679592,uniform,2,vendor,GE,availability,T1ax+FLAIRax,2
Cerebral infarction,129,0.8830809846374851,0.20802601620083677,uniform,2,vendor,GE,availability,T1ax+T2ax,2
Cerebral hemorrhage,27,0.8505608974358974,0.06412988790073583,uniform,2,vendor,GE,availability,T1ax+T2ax,2
Intracranial meningioma,75,0.7256647211413749,0.03972625584266572,uniform,2,vendor,GE,availability,T1ax+T2ax,2
Demyelinating disease of central nervous system,109,0.5575340493406105,0.02855751101597806,uniform,2,vendor,GE,availability,T1ax+T2ax,2
Lacunar infarct,61,0.9033041170347178,0.17080072455807274,uniform,2,vendor,GE,availability,T1ax+T2ax,2
Gliosis,1237,0.7072852582108162,0.5260140913162256,uniform,2,vendor,GE,availability,T1ax+T2ax,2
Cerebral atrophy,550,0.9182003149448846,0.6907537150462721,uniform,2,vendor,GE,availability,T1ax+T2ax,2
Encephalomalacia,62,0.7872336265884652,0.08625946933321173,uniform,2,vendor,GE,availability,T1ax+T2ax,2
Arachnoid cyst,165,0.5912662176212649,0.0696846736800977,uniform,2,vendor,GE,availability,T1ax+T2ax,2
Empty sella syndrome,88,0.6903845727339262,0.044911392601661826,uniform,2,vendor,GE,availability,T1ax+T2ax,2
Cyst of pineal gland,175,0.5576356644352657,0.04918424957681347,uniform,2,vendor,GE,availability,T1ax+T2ax,2
Rathke's pouch cyst,38,0.6176060179371058,0.015015648498629327,uniform,2,vendor,GE,availability,T1ax+T2ax,2
Cerebral edema,74,0.8132322694685934,0.15695234240890446,uniform,2,vendor,GE,availability,T1ax+T2ax,2
Mastoiditis,66,0.4896685858830969,0.01797656817799962,uniform,2,vendor,GE,availability,T1ax+T2ax,2
Chronic mastoiditis,123,0.749335829972473,0.08836765534191098,uniform,2,vendor,GE,availability,T1ax+T2ax,2
Ventriculomegaly,345,0.8779545677447587,0.44383487952744594,uniform,2,vendor,GE,availability,T1ax+T2ax,2
Cerebellar degeneration,34,0.7040622654070056,0.06986092095924847,uniform,2,vendor,GE,availability,T1ax+T2ax,2
Mega cisterna magna,49,0.44952209980173796,0.011470924840122793,uniform,2,vendor,GE,availability,T1ax+T2ax,2
Structure of cave of septum pellucidum,129,0.6424709923168321,0.04634374628742738,uniform,2,vendor,GE,availability,T1ax+T2ax,2
Hyperostosis of skull,40,0.7652881601157463,0.029273892075749697,uniform,2,vendor,GE,availability,T1ax+T2ax,2
Choroid plexus cyst,41,0.5244431894391304,0.010259263155304033,uniform,2,vendor,GE,availability,T1ax+T2ax,2
Pituitary adenoma,52,0.6448144358664312,0.023693682858024166,uniform,2,vendor,GE,availability,T1ax+T2ax,2
Cerebral infarction,129,0.8918740281423239,0.22051238539648074,uniform,2,vendor,GE,availability,T2ax+FLAIRax+T2cor,3
Cerebral hemorrhage,27,0.8374465811965812,0.04724503436208979,uniform,2,vendor,GE,availability,T2ax+FLAIRax+T2cor,3
Intracranial meningioma,75,0.7372373540856032,0.0391324123023972,uniform,2,vendor,GE,availability,T2ax+FLAIRax+T2cor,3
Demyelinating disease of central nervous system,109,0.5126726088971478,0.026480129688898988,uniform,2,vendor,GE,availability,T2ax+FLAIRax+T2cor,3
Lacunar infarct,61,0.9115485168026827,0.1657045974237125,uniform,2,vendor,GE,availability,T2ax+FLAIRax+T2cor,3
Gliosis,1237,0.7317051916199664,0.5490659647362534,uniform,2,vendor,GE,availability,T2ax+FLAIRax+T2cor,3
Cerebral atrophy,550,0.9439318119329118,0.7565416459357623,uniform,2,vendor,GE,availability,T2ax+FLAIRax+T2cor,3
Encephalomalacia,62,0.7930400782013686,0.09790671133453643,uniform,2,vendor,GE,availability,T2ax+FLAIRax+T2cor,3
Arachnoid cyst,165,0.5857119177855129,0.08720732685350065,uniform,2,vendor,GE,availability,T2ax+FLAIRax+T2cor,3
Empty sella syndrome,88,0.7058317993302136,0.05043792221759954,uniform,2,vendor,GE,availability,T2ax+FLAIRax+T2cor,3
Cyst of pineal gland,175,0.6012220481412903,0.05906521870730444,uniform,2,vendor,GE,availability,T2ax+FLAIRax+T2cor,3
Rathke's pouch cyst,38,0.6315218632263958,0.017712428963164835,uniform,2,vendor,GE,availability,T2ax+FLAIRax+T2cor,3
Cerebral edema,74,0.8298802084360072,0.17093530919830818,uniform,2,vendor,GE,availability,T2ax+FLAIRax+T2cor,3
Mastoiditis,66,0.5734339267462296,0.02266931495402568,uniform,2,vendor,GE,availability,T2ax+FLAIRax+T2cor,3
Chronic mastoiditis,123,0.7489817393252672,0.08894250327676317,uniform,2,vendor,GE,availability,T2ax+FLAIRax+T2cor,3
Ventriculomegaly,345,0.8951029430625657,0.4793588478735378,uniform,2,vendor,GE,availability,T2ax+FLAIRax+T2cor,3
Cerebellar degeneration,34,0.7453931247432757,0.09992554450331637,uniform,2,vendor,GE,availability,T2ax+FLAIRax+T2cor,3
Mega cisterna magna,49,0.49092532131267197,0.011613245727863611,uniform,2,vendor,GE,availability,T2ax+FLAIRax+T2cor,3
Structure of cave of septum pellucidum,129,0.6174787289725339,0.043619421983437476,uniform,2,vendor,GE,availability,T2ax+FLAIRax+T2cor,3
Hyperostosis of skull,40,0.7855919942126838,0.029655236795048667,uniform,2,vendor,GE,availability,T2ax+FLAIRax+T2cor,3
Choroid plexus cyst,41,0.5183485698822257,0.010083515033584789,uniform,2,vendor,GE,availability,T2ax+FLAIRax+T2cor,3
Pituitary adenoma,52,0.647088642916938,0.022411803531067996,uniform,2,vendor,GE,availability,T2ax+FLAIRax+T2cor,3
Cerebral infarction,129,0.893910392334407,0.2232754066423249,uniform,2,vendor,GE,availability,T1ax+FLAIRax+T2cor,3
Cerebral hemorrhage,27,0.8567218660968661,0.07506591204728931,uniform,2,vendor,GE,availability,T1ax+FLAIRax+T2cor,3
Intracranial meningioma,75,0.7413748378728924,0.04138845309738525,uniform,2,vendor,GE,availability,T1ax+FLAIRax+T2cor,3
Demyelinating disease of central nervous system,109,0.5242136143369435,0.02930245147518381,uniform,2,vendor,GE,availability,T1ax+FLAIRax+T2cor,3
Lacunar infarct,61,0.9091645939782109,0.1588775664637831,uniform,2,vendor,GE,availability,T1ax+FLAIRax+T2cor,3
Gliosis,1237,0.7404039296822548,0.5556249936093756,uniform,2,vendor,GE,availability,T1ax+FLAIRax+T2cor,3
Cerebral atrophy,550,0.9479386107431199,0.7663807486965734,uniform,2,vendor,GE,availability,T1ax+FLAIRax+T2cor,3
Encephalomalacia,62,0.8072727272727273,0.1127978525329971,uniform,2,vendor,GE,availability,T1ax+FLAIRax+T2cor,3
Arachnoid cyst,165,0.5991546494281452,0.0893955791161396,uniform,2,vendor,GE,availability,T1ax+FLAIRax+T2cor,3
Empty sella syndrome,88,0.7129704584266673,0.059405887910308625,uniform,2,vendor,GE,availability,T1ax+FLAIRax+T2cor,3
Cyst of pineal gland,175,0.5910084033613445,0.0563394074828581,uniform,2,vendor,GE,availability,T1ax+FLAIRax+T2cor,3
Rathke's pouch cyst,38,0.6282363537187148,0.01561204951144064,uniform,2,vendor,GE,availability,T1ax+FLAIRax+T2cor,3
Cerebral edema,74,0.8426708984695855,0.20859719034867305,uniform,2,vendor,GE,availability,T1ax+FLAIRax+T2cor,3
Mastoiditis,66,0.5739265991631922,0.02280653448239202,uniform,2,vendor,GE,availability,T1ax+FLAIRax+T2cor,3
Chronic mastoiditis,123,0.7527627072530567,0.09145276887920284,uniform,2,vendor,GE,availability,T1ax+FLAIRax+T2cor,3
Ventriculomegaly,345,0.8985348814400712,0.482598817324136,uniform,2,vendor,GE,availability,T1ax+FLAIRax+T2cor,3
Cerebellar degeneration,34,0.7470290789082308,0.08845797484535929,uniform,2,vendor,GE,availability,T1ax+FLAIRax+T2cor,3
Mega cisterna magna,49,0.46428324834041873,0.011361176427345587,uniform,2,vendor,GE,availability,T1ax+FLAIRax+T2cor,3
Structure of cave of septum pellucidum,129,0.6235266924173133,0.045141702514346446,uniform,2,vendor,GE,availability,T1ax+FLAIRax+T2cor,3
Hyperostosis of skull,40,0.7852061731372076,0.03401270136281666,uniform,2,vendor,GE,availability,T1ax+FLAIRax+T2cor,3
Choroid plexus cyst,41,0.5179485369383361,0.010028362911817863,uniform,2,vendor,GE,availability,T1ax+FLAIRax+T2cor,3
Pituitary adenoma,52,0.6339735838526648,0.022616790210095567,uniform,2,vendor,GE,availability,T1ax+FLAIRax+T2cor,3
Cerebral infarction,129,0.8868480673643029,0.21490406610909524,uniform,2,vendor,GE,availability,T1ax+T2ax+T2cor,3
Cerebral hemorrhage,27,0.8465633903133903,0.04662455280119923,uniform,2,vendor,GE,availability,T1ax+T2ax+T2cor,3
Intracranial meningioma,75,0.7348508430609598,0.042351948170722846,uniform,2,vendor,GE,availability,T1ax+T2ax+T2cor,3
Demyelinating disease of central nervous system,109,0.5262878457239788,0.026777548886315353,uniform,2,vendor,GE,availability,T1ax+T2ax+T2cor,3
Lacunar infarct,61,0.9056880398591897,0.18085316038728758,uniform,2,vendor,GE,availability,T1ax+T2ax+T2cor,3
Gliosis,1237,0.7206086348875766,0.537654928556146,uniform,2,vendor,GE,availability,T1ax+T2ax+T2cor,3
Cerebral atrophy,550,0.9294918389281874,0.7110085806313144,uniform,2,vendor,GE,availability,T1ax+T2ax+T2cor,3
Encephalomalacia,62,0.789106549364614,0.10291857590471074,uniform,2,vendor,GE,availability,T1ax+T2ax+T2cor,3
Arachnoid cyst,165,0.6013863146632914,0.08189209658604302,uniform,2,vendor,GE,availability,T1ax+T2ax+T2cor,3
Empty sella syndrome,88,0.6923972587549069,0.0479462080003458,uniform,2,vendor,GE,availability,T1ax+T2ax+T2cor,3
Cyst of pineal gland,175,0.5846218487394957,0.0547228281134823,uniform,2,vendor,GE,availability,T1ax+T2ax+T2cor,3
Rathke's pouch cyst,38,0.6209866676814959,0.015833272711340753,uniform,2,vendor,GE,availability,T1ax+T2ax+T2cor,3
Cerebral edema,74,0.8141686544312365,0.14739371796520648,uniform,2,vendor,GE,availability,T1ax+T2ax+T2cor,3
Mastoiditis,66,0.49957718411977087,0.01801511512288146,uniform,2,vendor,GE,availability,T1ax+T2ax+T2cor,3
Chronic mastoiditis,123,0.7643096632737981,0.09364983633945137,uniform,2,vendor,GE,availability,T1ax+T2ax+T2cor,3
Ventriculomegaly,345,0.886239805656776,0.46149890046462355,uniform,2,vendor,GE,availability,T1ax+T2ax+T2cor,3
Cerebellar degeneration,34,0.734762963697398,0.08064592006831577,uniform,2,vendor,GE,availability,T1ax+T2ax+T2cor,3
Mega cisterna magna,49,0.476825046113177,0.01153625005087569,uniform,2,vendor,GE,availability,T1ax+T2ax+T2cor,3
Structure of cave of septum pellucidum,129,0.6347457983273541,0.04527697080417058,uniform,2,vendor,GE,availability,T1ax+T2ax+T2cor,3
Hyperostosis of skull,40,0.7811550518447071,0.029882453633183634,uniform,2,vendor,GE,availability,T1ax+T2ax+T2cor,3
Choroid plexus cyst,41,0.5123245443742426,0.009868398459688373,uniform,2,vendor,GE,availability,T1ax+T2ax+T2cor,3
Pituitary adenoma,52,0.655171611943075,0.023457155548897136,uniform,2,vendor,GE,availability,T1ax+T2ax+T2cor,3
Cerebral infarction,129,0.8913639819516238,0.2171920069871235,uniform,2,vendor,GE,availability,T1ax+T2ax+FLAIRax,3
Cerebral hemorrhage,27,0.8511841168091168,0.08536363630615089,uniform,2,vendor,GE,availability,T1ax+T2ax+FLAIRax,3
Intracranial meningioma,75,0.7343871595330739,0.03856284098791467,uniform,2,vendor,GE,availability,T1ax+T2ax+FLAIRax,3
Demyelinating disease of central nervous system,109,0.5532213578341605,0.02997443867697392,uniform,2,vendor,GE,availability,T1ax+T2ax+FLAIRax,3
Lacunar infarct,61,0.9092599508911898,0.1678658338135103,uniform,2,vendor,GE,availability,T1ax+T2ax+FLAIRax,3
Gliosis,1237,0.7253976953537125,0.5433641341757564,uniform,2,vendor,GE,availability,T1ax+T2ax+FLAIRax,3
Cerebral atrophy,550,0.9399180143474892,0.7434524110066477,uniform,2,vendor,GE,availability,T1ax+T2ax+FLAIRax,3
Encephalomalacia,62,0.8012746823069404,0.09830064428013005,uniform,2,vendor,GE,availability,T1ax+T2ax+FLAIRax,3
Arachnoid cyst,165,0.5819914711510932,0.07980600500883736,uniform,2,vendor,GE,availability,T1ax+T2ax+FLAIRax,3
Empty sella syndrome,88,0.7121775821153719,0.05031306485123985,uniform,2,vendor,GE,availability,T1ax+T2ax+FLAIRax,3
Cyst of pineal gland,175,0.5759720837487537,0.053801220159760715,uniform,2,vendor,GE,availability,T1ax+T2ax+FLAIRax,3
Rathke's pouch cyst,38,0.6263589197143256,0.015296867502682353,uniform,2,vendor,GE,availability,T1ax+T2ax+FLAIRax,3
Cerebral edema,74,0.8361490593438078,0.2113033892447614,uniform,2,vendor,GE,availability,T1ax+T2ax+FLAIRax,3
Mastoiditis,66,0.5701837594582074,0.02158181844273211,uniform,2,vendor,GE,availability,T1ax+T2ax+FLAIRax,3
Chronic mastoiditis,123,0.7372507361884644,0.08554306165000114,uniform,2,vendor,GE,availability,T1ax+T2ax+FLAIRax,3
Ventriculomegaly,345,0.8918822473198591,0.472009978703298,uniform,2,vendor,GE,availability,T1ax+T2ax+FLAIRax,3
Cerebellar degeneration,34,0.721342473902636,0.07388553464992836,uniform,2,vendor,GE,availability,T1ax+T2ax+FLAIRax,3
Mega cisterna magna,49,0.4556721673686391,0.011425109870241944,uniform,2,vendor,GE,availability,T1ax+T2ax+FLAIRax,3
Structure of cave of septum pellucidum,129,0.6312213218410566,0.04598047412932005,uniform,2,vendor,GE,availability,T1ax+T2ax+FLAIRax,3
Hyperostosis of skull,40,0.7727152158186641,0.032226412277141556,uniform,2,vendor,GE,availability,T1ax+T2ax+FLAIRax,3
Choroid plexus cyst,41,0.5300142364665326,0.010488377492323609,uniform,2,vendor,GE,availability,T1ax+T2ax+FLAIRax,3
Pituitary adenoma,52,0.6308017858803833,0.022049902916050586,uniform,2,vendor,GE,availability,T1ax+T2ax+FLAIRax,3
Cerebral infarction,129,0.8924757680302283,0.22098072888197706,uniform,2,vendor,GE,availability,T1ax+T2ax+FLAIRax+T2cor,4
Cerebral hemorrhage,27,0.8493767806267806,0.06355111667601639,uniform,2,vendor,GE,availability,T1ax+T2ax+FLAIRax+T2cor,4
Intracranial meningioma,75,0.7399221789883269,0.04081716685196761,uniform,2,vendor,GE,availability,T1ax+T2ax+FLAIRax+T2cor,4
Demyelinating disease of central nervous system,109,0.5282923361424696,0.027499761394988727,uniform,2,vendor,GE,availability,T1ax+T2ax+FLAIRax+T2cor,4
Lacunar infarct,61,0.9101499487456592,0.163059536171072,uniform,2,vendor,GE,availability,T1ax+T2ax+FLAIRax+T2cor,4
Gliosis,1237,0.7314533521505009,0.5482824245767391,uniform,2,vendor,GE,availability,T1ax+T2ax+FLAIRax+T2cor,4
Cerebral atrophy,550,0.9428385032619292,0.7488706008346456,uniform,2,vendor,GE,availability,T1ax+T2ax+FLAIRax+T2cor,4
Encephalomalacia,62,0.7987174975562072,0.10883077456423075,uniform,2,vendor,GE,availability,T1ax+T2ax+FLAIRax+T2cor,4
Arachnoid cyst,165,0.5936907614182603,0.09173260399745622,uniform,2,vendor,GE,availability,T1ax+T2ax+FLAIRax+T2cor,4
Empty sella syndrome,88,0.7081910222005368,0.056304675390197574,uniform,2,vendor,GE,availability,T1ax+T2ax+FLAIRax+T2cor,4
Cyst of pineal gland,175,0.5891411479846176,0.05614446037086046,uniform,2,vendor,GE,availability,T1ax+T2ax+FLAIRax+T2cor,4
Rathke's pouch cyst,38,0.6292670396163945,0.01659897023657056,uniform,2,vendor,GE,availability,T1ax+T2ax+FLAIRax+T2cor,4
Cerebral edema,74,0.8336060349189451,0.1947359136269402,uniform,2,vendor,GE,availability,T1ax+T2ax+FLAIRax+T2cor,4
Mastoiditis,66,0.5572750068018206,0.021005554788334206,uniform,2,vendor,GE,availability,T1ax+T2ax+FLAIRax+T2cor,4
Chronic mastoiditis,123,0.7517924588694704,0.08923742010910247,uniform,2,vendor,GE,availability,T1ax+T2ax+FLAIRax+T2cor,4
Ventriculomegaly,345,0.8944654429682608,0.47693336221919347,uniform,2,vendor,GE,availability,T1ax+T2ax+FLAIRax+T2cor,4
Cerebellar degeneration,34,0.7393308876644807,0.08149949998973231,uniform,2,vendor,GE,availability,T1ax+T2ax+FLAIRax+T2cor,4
Mega cisterna magna,49,0.46709935786784507,0.011404767012197819,uniform,2,vendor,GE,availability,T1ax+T2ax+FLAIRax+T2cor,4
Structure of cave of septum pellucidum,129,0.6285564737660512,0.045185315026208345,uniform,2,vendor,GE,availability,T1ax+T2ax+FLAIRax+T2cor,4
Hyperostosis of skull,40,0.7836809741982156,0.03158241406764143,uniform,2,vendor,GE,availability,T1ax+T2ax+FLAIRax+T2cor,4
Choroid plexus cyst,41,0.5207605332203828,0.010134136105847588,uniform,2,vendor,GE,availability,T1ax+T2ax+FLAIRax+T2cor,4
Pituitary adenoma,52,0.6418751744023812,0.022940818075402106,uniform,2,vendor,GE,availability,T1ax+T2ax+FLAIRax+T2cor,4
Cerebral infarction,129,0.8804295085599887,0.19635303004281765,uniform,2,vendor,GE,budget,all4,1
Cerebral hemorrhage,27,0.8678507834757835,0.08436845276105838,uniform,2,vendor,GE,budget,all4,1
Intracranial meningioma,75,0.7240175097276265,0.038340570310700824,uniform,2,vendor,GE,budget,all4,1
Demyelinating disease of central nervous system,109,0.5488996674930596,0.028701480644417847,uniform,2,vendor,GE,budget,all4,1
Lacunar infarct,61,0.8946345843630555,0.13136264817933987,uniform,2,vendor,GE,budget,all4,1
Gliosis,1237,0.7097093843771837,0.5205155109146077,uniform,2,vendor,GE,budget,all4,1
Cerebral atrophy,550,0.9132606793811084,0.666938384962225,uniform,2,vendor,GE,budget,all4,1
Encephalomalacia,62,0.8121290322580644,0.07167719086046515,uniform,2,vendor,GE,budget,all4,1
Arachnoid cyst,165,0.583534499645887,0.0548067554347885,uniform,2,vendor,GE,budget,all4,1
Empty sella syndrome,88,0.677679145689636,0.04498845387379072,uniform,2,vendor,GE,budget,all4,1
Cyst of pineal gland,175,0.5208004557755306,0.04317670441677694,uniform,2,vendor,GE,budget,all4,1
Rathke's pouch cyst,38,0.5606170161484696,0.010259542316656243,uniform,2,vendor,GE,budget,all4,1
Cerebral edema,74,0.8222938474579612,0.11129831190881896,uniform,2,vendor,GE,budget,all4,1
Mastoiditis,66,0.48103946526659463,0.019129488120561224,uniform,2,vendor,GE,budget,all4,1
Chronic mastoiditis,123,0.7449427053325651,0.08176292983163906,uniform,2,vendor,GE,budget,all4,1
Ventriculomegaly,345,0.8728372149167478,0.421049115653213,uniform,2,vendor,GE,budget,all4,1
Cerebellar degeneration,34,0.6900681293466098,0.05508667098597973,uniform,2,vendor,GE,budget,all4,1
Mega cisterna magna,49,0.4372762154644362,0.01169834608675662,uniform,2,vendor,GE,budget,all4,1
Structure of cave of septum pellucidum,129,0.6296415158496376,0.04690825772418025,uniform,2,vendor,GE,budget,all4,1
Hyperostosis of skull,40,0.7509163250542561,0.031804563839549035,uniform,2,vendor,GE,budget,all4,1
Choroid plexus cyst,41,0.5199075217959125,0.010121092723267042,uniform,2,vendor,GE,budget,all4,1
Pituitary adenoma,52,0.6364617244907451,0.023872872061763334,uniform,2,vendor,GE,budget,all4,1
Cerebral infarction,129,0.8830809846374851,0.20802601620083677,uniform,2,vendor,GE,budget,all4,2
Cerebral hemorrhage,27,0.8505608974358974,0.06412988790073583,uniform,2,vendor,GE,budget,all4,2
Intracranial meningioma,75,0.7256647211413749,0.03972625584266572,uniform,2,vendor,GE,budget,all4,2
Demyelinating disease of central nervous system,109,0.5575340493406103,0.028557511015978053,uniform,2,vendor,GE,budget,all4,2
Lacunar infarct,61,0.9033041170347178,0.17080072455807274,uniform,2,vendor,GE,budget,all4,2
Gliosis,1237,0.7072852582108162,0.5260140913162256,uniform,2,vendor,GE,budget,all4,2
Cerebral atrophy,550,0.9182003149448847,0.6907537150462721,uniform,2,vendor,GE,budget,all4,2
Encephalomalacia,62,0.7872336265884652,0.08625946933321173,uniform,2,vendor,GE,budget,all4,2
Arachnoid cyst,165,0.5912662176212649,0.0696846736800977,uniform,2,vendor,GE,budget,all4,2
Empty sella syndrome,88,0.6903845727339262,0.044911392601661826,uniform,2,vendor,GE,budget,all4,2
Cyst of pineal gland,175,0.5576356644352657,0.04918424957681347,uniform,2,vendor,GE,budget,all4,2
Rathke's pouch cyst,38,0.6176060179371058,0.015015648498629327,uniform,2,vendor,GE,budget,all4,2
Cerebral edema,74,0.8132322694685934,0.15695234240890446,uniform,2,vendor,GE,budget,all4,2
Mastoiditis,66,0.4896685858830969,0.01797656817799962,uniform,2,vendor,GE,budget,all4,2
Chronic mastoiditis,123,0.749335829972473,0.08836765534191098,uniform,2,vendor,GE,budget,all4,2
Ventriculomegaly,345,0.8779545677447587,0.44383487952744594,uniform,2,vendor,GE,budget,all4,2
Cerebellar degeneration,34,0.7040622654070056,0.06986092095924847,uniform,2,vendor,GE,budget,all4,2
Mega cisterna magna,49,0.44952209980173796,0.011470924840122793,uniform,2,vendor,GE,budget,all4,2
Structure of cave of septum pellucidum,129,0.6424709923168322,0.04634374628742738,uniform,2,vendor,GE,budget,all4,2
Hyperostosis of skull,40,0.7652881601157463,0.029273892075749697,uniform,2,vendor,GE,budget,all4,2
Choroid plexus cyst,41,0.5244431894391304,0.010259263155304033,uniform,2,vendor,GE,budget,all4,2
Pituitary adenoma,52,0.6448144358664312,0.023693682858024166,uniform,2,vendor,GE,budget,all4,2
Cerebral infarction,129,0.8913639819516238,0.2171920069871235,uniform,2,vendor,GE,budget,all4,3
Cerebral hemorrhage,27,0.8511841168091168,0.0853636363061509,uniform,2,vendor,GE,budget,all4,3
Intracranial meningioma,75,0.7343871595330739,0.03856284098791467,uniform,2,vendor,GE,budget,all4,3
Demyelinating disease of central nervous system,109,0.5532213578341605,0.02997443867697392,uniform,2,vendor,GE,budget,all4,3
Lacunar infarct,61,0.9092599508911897,0.1678658338135103,uniform,2,vendor,GE,budget,all4,3
Gliosis,1237,0.7253976953537125,0.5433641341757564,uniform,2,vendor,GE,budget,all4,3
Cerebral atrophy,550,0.9399180143474892,0.7434524110066478,uniform,2,vendor,GE,budget,all4,3
Encephalomalacia,62,0.8012746823069404,0.09830064428013005,uniform,2,vendor,GE,budget,all4,3
Arachnoid cyst,165,0.5819914711510932,0.07980600500883736,uniform,2,vendor,GE,budget,all4,3
Empty sella syndrome,88,0.7121775821153719,0.05031306485123985,uniform,2,vendor,GE,budget,all4,3
Cyst of pineal gland,175,0.5759727958980202,0.053801220159760715,uniform,2,vendor,GE,budget,all4,3
Rathke's pouch cyst,38,0.6263589197143256,0.015296867502682353,uniform,2,vendor,GE,budget,all4,3
Cerebral edema,74,0.8361490593438078,0.2113033892447614,uniform,2,vendor,GE,budget,all4,3
Mastoiditis,66,0.5701837594582074,0.02158181844273211,uniform,2,vendor,GE,budget,all4,3
Chronic mastoiditis,123,0.7372507361884642,0.08554306165000113,uniform,2,vendor,GE,budget,all4,3
Ventriculomegaly,345,0.8918822473198591,0.472009978703298,uniform,2,vendor,GE,budget,all4,3
Cerebellar degeneration,34,0.721342473902636,0.07388553464992836,uniform,2,vendor,GE,budget,all4,3
Mega cisterna magna,49,0.4556721673686391,0.011425109870241944,uniform,2,vendor,GE,budget,all4,3
Structure of cave of septum pellucidum,129,0.6312213218410566,0.04598047412932005,uniform,2,vendor,GE,budget,all4,3
Hyperostosis of skull,40,0.7727152158186641,0.032226412277141556,uniform,2,vendor,GE,budget,all4,3
Choroid plexus cyst,41,0.5300142364665326,0.010488377492323609,uniform,2,vendor,GE,budget,all4,3
Pituitary adenoma,52,0.6308017858803833,0.022049902916050586,uniform,2,vendor,GE,budget,all4,3
Cerebral infarction,129,0.8924757680302282,0.22098072888197706,uniform,2,vendor,GE,budget,all4,4
Cerebral hemorrhage,27,0.8493767806267806,0.06355111667601639,uniform,2,vendor,GE,budget,all4,4
Intracranial meningioma,75,0.7399221789883269,0.04081716685196761,uniform,2,vendor,GE,budget,all4,4
Demyelinating disease of central nervous system,109,0.5282923361424696,0.027499761394988727,uniform,2,vendor,GE,budget,all4,4
Lacunar infarct,61,0.9101499487456592,0.163059536171072,uniform,2,vendor,GE,budget,all4,4
Gliosis,1237,0.7314534891687106,0.5482824245767391,uniform,2,vendor,GE,budget,all4,4
Cerebral atrophy,550,0.9428385032619292,0.7488706008346456,uniform,2,vendor,GE,budget,all4,4
Encephalomalacia,62,0.7987174975562072,0.10883077456423075,uniform,2,vendor,GE,budget,all4,4
Arachnoid cyst,165,0.5936907614182603,0.09173260399745622,uniform,2,vendor,GE,budget,all4,4
Empty sella syndrome,88,0.7081910222005368,0.056304675390197574,uniform,2,vendor,GE,budget,all4,4
Cyst of pineal gland,175,0.5891411479846176,0.05614446037086046,uniform,2,vendor,GE,budget,all4,4
Rathke's pouch cyst,38,0.6292670396163945,0.01659897023657056,uniform,2,vendor,GE,budget,all4,4
Cerebral edema,74,0.8336060349189451,0.1947359136269402,uniform,2,vendor,GE,budget,all4,4
Mastoiditis,66,0.5572750068018206,0.021005554788334206,uniform,2,vendor,GE,budget,all4,4
Chronic mastoiditis,123,0.7517924588694707,0.08923742010910247,uniform,2,vendor,GE,budget,all4,4
Ventriculomegaly,345,0.8944654429682608,0.47693336221919347,uniform,2,vendor,GE,budget,all4,4
Cerebellar degeneration,34,0.7393308876644807,0.08149949998973231,uniform,2,vendor,GE,budget,all4,4
Mega cisterna magna,49,0.46709935786784507,0.011404767012197819,uniform,2,vendor,GE,budget,all4,4
Structure of cave of septum pellucidum,129,0.6285564737660512,0.045185315026208345,uniform,2,vendor,GE,budget,all4,4
Hyperostosis of skull,40,0.7836809741982157,0.03158241406764143,uniform,2,vendor,GE,budget,all4,4
Choroid plexus cyst,41,0.5207605332203828,0.010134136105847588,uniform,2,vendor,GE,budget,all4,4
Pituitary adenoma,52,0.6418751744023812,0.022940818075402106,uniform,2,vendor,GE,budget,all4,4
Cerebral infarction,129,0.8752163398168418,0.2037315774050829,patient,2,vendor,GE,availability,T2cor,1
Cerebral hemorrhage,27,0.80119301994302,0.021506101465663063,patient,2,vendor,GE,availability,T2cor,1
Intracranial meningioma,75,0.7126361867704281,0.03772435777387195,patient,2,vendor,GE,availability,T2cor,1
Demyelinating disease of central nervous system,109,0.48345789220295976,0.02402587096290654,patient,2,vendor,GE,availability,T2cor,1
Lacunar infarct,61,0.9019532274341838,0.1280199653037241,patient,2,vendor,GE,availability,T2cor,1
Gliosis,1237,0.7048504446240905,0.5174128709716423,patient,2,vendor,GE,availability,T2cor,1
Cerebral atrophy,550,0.9104666683330418,0.6634202473900155,patient,2,vendor,GE,availability,T2cor,1
Encephalomalacia,62,0.771366568914956,0.095730958248369,patient,2,vendor,GE,availability,T2cor,1
Arachnoid cyst,165,0.6019031689344967,0.0836440639520855,patient,2,vendor,GE,availability,T2cor,1
Empty sella syndrome,88,0.655902770076959,0.04906769159599013,patient,2,vendor,GE,availability,T2cor,1
Cyst of pineal gland,175,0.620155248540094,0.05864413308135287,patient,2,vendor,GE,availability,T2cor,1
Rathke's pouch cyst,38,0.5787951440423184,0.011515187963884262,patient,2,vendor,GE,availability,T2cor,1
Cerebral edema,74,0.7842503334844692,0.09456373117706013,patient,2,vendor,GE,availability,T2cor,1
Mastoiditis,66,0.4712669034435596,0.020790272985794583,patient,2,vendor,GE,availability,T2cor,1
Chronic mastoiditis,123,0.7602446226233917,0.08404515840111151,patient,2,vendor,GE,availability,T2cor,1
Ventriculomegaly,345,0.876943620849648,0.4373802500719528,patient,2,vendor,GE,availability,T2cor,1
Cerebellar degeneration,34,0.751285392558179,0.14270080589327402,patient,2,vendor,GE,availability,T2cor,1
Mega cisterna magna,49,0.5234659354316884,0.012018199488201459,patient,2,vendor,GE,availability,T2cor,1
Structure of cave of septum pellucidum,129,0.609759265839131,0.043932768310133825,patient,2,vendor,GE,availability,T2cor,1
Hyperostosis of skull,40,0.7626597540390644,0.028178293754428936,patient,2,vendor,GE,availability,T2cor,1
Choroid plexus cyst,41,0.4780452507853588,0.009084442709794756,patient,2,vendor,GE,availability,T2cor,1
Pituitary adenoma,52,0.6118407589991629,0.018563607710741923,patient,2,vendor,GE,availability,T2cor,1
Cerebral infarction,129,0.8888022892859736,0.21039288410723792,patient,2,vendor,GE,availability,FLAIRax,1
Cerebral hemorrhage,27,0.8417824074074074,0.08608167398386517,patient,2,vendor,GE,availability,FLAIRax,1
Intracranial meningioma,75,0.716209468223087,0.03490538127500834,patient,2,vendor,GE,availability,FLAIRax,1
Demyelinating disease of central nervous system,109,0.6415224228462415,0.06193164202851972,patient,2,vendor,GE,availability,FLAIRax,1
Lacunar infarct,61,0.9065780377136591,0.14803453762598906,patient,2,vendor,GE,availability,FLAIRax,1
Gliosis,1237,0.7181694367181399,0.5352617405754869,patient,2,vendor,GE,availability,FLAIRax,1
Cerebral atrophy,550,0.9375894218511762,0.7546520817373833,patient,2,vendor,GE,availability,FLAIRax,1
Encephalomalacia,62,0.7993313782991203,0.0642149881972861,patient,2,vendor,GE,availability,FLAIRax,1
Arachnoid cyst,165,0.5395672287268507,0.04983957609953428,patient,2,vendor,GE,availability,FLAIRax,1
Empty sella syndrome,88,0.6984713566501808,0.04474842404446427,patient,2,vendor,GE,availability,FLAIRax,1
Cyst of pineal gland,175,0.5905704315624555,0.057358795955480456,patient,2,vendor,GE,availability,FLAIRax,1
Rathke's pouch cyst,38,0.632016592457282,0.014240236399114311,patient,2,vendor,GE,availability,FLAIRax,1
Cerebral edema,74,0.8512757834420854,0.21812496051251365,patient,2,vendor,GE,availability,FLAIRax,1
Mastoiditis,66,0.6360584735979058,0.025956914022806622,patient,2,vendor,GE,availability,FLAIRax,1
Chronic mastoiditis,123,0.7074130977530247,0.08526261183519554,patient,2,vendor,GE,availability,FLAIRax,1
Ventriculomegaly,345,0.8895042588024054,0.45167751182654525,patient,2,vendor,GE,availability,FLAIRax,1
Cerebellar degeneration,34,0.6799832863557174,0.057810401558653544,patient,2,vendor,GE,availability,FLAIRax,1
Mega cisterna magna,49,0.4845878419033152,0.01335342016357718,patient,2,vendor,GE,availability,FLAIRax,1
Structure of cave of septum pellucidum,129,0.6098242155413176,0.04575545370564304,patient,2,vendor,GE,availability,FLAIRax,1
Hyperostosis of skull,40,0.761128526645768,0.02716721888383164,patient,2,vendor,GE,availability,FLAIRax,1
Choroid plexus cyst,41,0.5343851846622663,0.010715877070775714,patient,2,vendor,GE,availability,FLAIRax,1
Pituitary adenoma,52,0.5991396149195423,0.019485365411342784,patient,2,vendor,GE,availability,FLAIRax,1
Cerebral infarction,129,0.8740281423239002,0.1940222947962153,patient,2,vendor,GE,availability,T2ax,1
Cerebral hemorrhage,27,0.8068198005698005,0.029191232221812066,patient,2,vendor,GE,availability,T2ax,1
Intracranial meningioma,75,0.7131128404669262,0.037007206959078796,patient,2,vendor,GE,availability,T2ax,1
Demyelinating disease of central nervous system,109,0.5939005898736114,0.031050502992722648,patient,2,vendor,GE,availability,T2ax,1
Lacunar infarct,61,0.9059621909840039,0.16575983443478723,patient,2,vendor,GE,availability,T2ax,1
Gliosis,1237,0.684695065974268,0.5053028084575737,patient,2,vendor,GE,availability,T2ax,1
Cerebral atrophy,550,0.8939855525283076,0.6457909457215897,patient,2,vendor,GE,availability,T2ax,1
Encephalomalacia,62,0.7607350928641252,0.07150932371348721,patient,2,vendor,GE,availability,T2ax,1
Arachnoid cyst,165,0.5811461205792384,0.07832931493354132,patient,2,vendor,GE,availability,T2ax,1
Empty sella syndrome,88,0.671352768968041,0.04056916640665646,patient,2,vendor,GE,availability,T2ax,1
Cyst of pineal gland,175,0.5721506907847884,0.051221815010610766,patient,2,vendor,GE,availability,T2ax,1
Rathke's pouch cyst,38,0.6056437188415725,0.017072447886035923,patient,2,vendor,GE,availability,T2ax,1
Cerebral edema,74,0.787989302212497,0.1270414504641378,patient,2,vendor,GE,availability,T2ax,1
Mastoiditis,66,0.48443302228791185,0.017354783340808387,patient,2,vendor,GE,availability,T2ax,1
Chronic mastoiditis,123,0.7371267044363358,0.0790795150401664,patient,2,vendor,GE,availability,T2ax,1
Ventriculomegaly,345,0.8591539732476292,0.4079359791880786,patient,2,vendor,GE,availability,T2ax,1
Cerebellar degeneration,34,0.6793883939320973,0.06389227968444901,patient,2,vendor,GE,availability,T2ax,1
Mega cisterna magna,49,0.4629269784279106,0.011847721507213149,patient,2,vendor,GE,availability,T2ax,1
Structure of cave of septum pellucidum,129,0.6347343366152036,0.04612393047736479,patient,2,vendor,GE,availability,T2ax,1
Hyperostosis of skull,40,0.7426995418374729,0.02335102997881209,patient,2,vendor,GE,availability,T2ax,1
Choroid plexus cyst,41,0.5128245855541045,0.010039228457707727,patient,2,vendor,GE,availability,T2ax,1
Pituitary adenoma,52,0.6197795553901962,0.029660391999691373,patient,2,vendor,GE,availability,T2ax,1
Cerebral infarction,129,0.8782708861049663,0.18868582977399975,patient,2,vendor,GE,availability,T1ax,1
Cerebral hemorrhage,27,0.8628205128205129,0.06845610497252302,patient,2,vendor,GE,availability,T1ax,1
Intracranial meningioma,75,0.7204701686121922,0.04072046045375781,patient,2,vendor,GE,availability,T1ax,1
Demyelinating disease of central nervous system,109,0.5776914389586549,0.03128708291544213,patient,2,vendor,GE,availability,T1ax,1
Lacunar infarct,61,0.8947100752524971,0.12494980044422573,patient,2,vendor,GE,availability,T1ax,1
Gliosis,1237,0.6934653275420303,0.5088804888287325,patient,2,vendor,GE,availability,T1ax,1
Cerebral atrophy,550,0.9008058589746794,0.6497051620285403,patient,2,vendor,GE,availability,T1ax,1
Encephalomalacia,62,0.8095092864125122,0.06372063199873255,patient,2,vendor,GE,availability,T1ax,1
Arachnoid cyst,165,0.5830869611078462,0.05732492596919715,patient,2,vendor,GE,availability,T1ax,1
Empty sella syndrome,88,0.6707262303444299,0.04343811294338976,patient,2,vendor,GE,availability,T1ax,1
Cyst of pineal gland,175,0.516843754450933,0.043243588728401595,patient,2,vendor,GE,availability,T1ax,1
Rathke's pouch cyst,38,0.5546358666007029,0.010027679406884807,patient,2,vendor,GE,availability,T1ax,1
Cerebral edema,74,0.8154303099598503,0.10041349649648248,patient,2,vendor,GE,availability,T1ax,1
Mastoiditis,66,0.4881685086732406,0.019543138634948484,patient,2,vendor,GE,availability,T1ax,1
Chronic mastoiditis,123,0.7363685103386467,0.07791616201423347,patient,2,vendor,GE,availability,T1ax,1
Ventriculomegaly,345,0.8655289741906768,0.41543469830307805,patient,2,vendor,GE,availability,T1ax,1
Cerebellar degeneration,34,0.6806348352006345,0.05135971102189361,patient,2,vendor,GE,availability,T1ax,1
Mega cisterna magna,49,0.4349483631055129,0.012309557921880633,patient,2,vendor,GE,availability,T1ax,1
Structure of cave of septum pellucidum,129,0.6295135267306229,0.051231445311874,patient,2,vendor,GE,availability,T1ax,1
Hyperostosis of skull,40,0.7289848082951531,0.026402920004145593,patient,2,vendor,GE,availability,T1ax,1
Choroid plexus cyst,41,0.5100596519713388,0.009807190762538873,patient,2,vendor,GE,availability,T1ax,1
Pituitary adenoma,52,0.5985536229187982,0.02039465288541247,patient,2,vendor,GE,availability,T1ax,1
Cerebral infarction,129,0.8941243442945508,0.22359115041918234,patient,2,vendor,GE,availability,FLAIRax+T2cor,2
Cerebral hemorrhage,27,0.8492076210826212,0.05191216875511725,patient,2,vendor,GE,availability,FLAIRax+T2cor,2
Intracranial meningioma,75,0.7355836575875487,0.03879008158227038,patient,2,vendor,GE,availability,FLAIRax+T2cor,2
Demyelinating disease of central nervous system,109,0.5562314680248908,0.029252772574436967,patient,2,vendor,GE,availability,FLAIRax+T2cor,2
Lacunar infarct,61,0.9127404782149187,0.1609976216421562,patient,2,vendor,GE,availability,FLAIRax+T2cor,2
Gliosis,1237,0.7274110409273393,0.5432000623405296,patient,2,vendor,GE,availability,FLAIRax+T2cor,2
Cerebral atrophy,550,0.9433494138525758,0.761398034735225,patient,2,vendor,GE,availability,FLAIRax+T2cor,2
Encephalomalacia,62,0.8039648093841643,0.09030286382463079,patient,2,vendor,GE,availability,FLAIRax+T2cor,2
Arachnoid cyst,165,0.5823516115907961,0.06408186705841298,patient,2,vendor,GE,availability,FLAIRax+T2cor,2
Empty sella syndrome,88,0.6996911663598661,0.04423838774243029,patient,2,vendor,GE,availability,FLAIRax+T2cor,2
Cyst of pineal gland,175,0.6037402079475858,0.056644286142917596,patient,2,vendor,GE,availability,FLAIRax+T2cor,2
Rathke's pouch cyst,38,0.6209486115868122,0.014497500341346923,patient,2,vendor,GE,availability,FLAIRax+T2cor,2
Cerebral edema,74,0.8413369605929781,0.18438515463139624,patient,2,vendor,GE,availability,FLAIRax+T2cor,2
Mastoiditis,66,0.5874236173920717,0.023494483772404002,patient,2,vendor,GE,availability,FLAIRax+T2cor,2
Chronic mastoiditis,123,0.738933166890724,0.08173275398477944,patient,2,vendor,GE,availability,FLAIRax+T2cor,2
Ventriculomegaly,345,0.8971444522403036,0.4762568492437579,patient,2,vendor,GE,availability,FLAIRax+T2cor,2
Cerebellar degeneration,34,0.7316822707893657,0.10285272005082324,patient,2,vendor,GE,availability,FLAIRax+T2cor,2
Mega cisterna magna,49,0.49145796549649345,0.012802892156808642,patient,2,vendor,GE,availability,FLAIRax+T2cor,2
Structure of cave of septum pellucidum,129,0.6208121769229888,0.047136656405831076,patient,2,vendor,GE,availability,FLAIRax+T2cor,2
Hyperostosis of skull,40,0.7751446829033036,0.028798957789229522,patient,2,vendor,GE,availability,FLAIRax+T2cor,2
Choroid plexus cyst,41,0.5188897909239585,0.010008077446693988,patient,2,vendor,GE,availability,FLAIRax+T2cor,2
Pituitary adenoma,52,0.6087526741698447,0.02421105515797272,patient,2,vendor,GE,availability,FLAIRax+T2cor,2
Cerebral infarction,129,0.8821984328018919,0.20618360697102997,patient,2,vendor,GE,availability,T2ax+T2cor,2
Cerebral hemorrhage,27,0.81502849002849,0.027186378651943434,patient,2,vendor,GE,availability,T2ax+T2cor,2
Intracranial meningioma,75,0.7230512321660183,0.038703958862928316,patient,2,vendor,GE,availability,T2ax+T2cor,2
Demyelinating disease of central nervous system,109,0.5583956877584353,0.028702090878505882,patient,2,vendor,GE,availability,T2ax+T2cor,2
Lacunar infarct,61,0.9097407086607916,0.15677666191076042,patient,2,vendor,GE,availability,T2ax+T2cor,2
Gliosis,1237,0.7013882685008838,0.5185086761076693,patient,2,vendor,GE,availability,T2ax+T2cor,2
Cerebral atrophy,550,0.9172509810783113,0.6844040324146768,patient,2,vendor,GE,availability,T2ax+T2cor,2
Encephalomalacia,62,0.772813294232649,0.08487721454681427,patient,2,vendor,GE,availability,T2ax+T2cor,2
Arachnoid cyst,165,0.5966020222111719,0.0894574297101923,patient,2,vendor,GE,availability,T2ax+T2cor,2
Empty sella syndrome,88,0.6743773425891015,0.040555132384320354,patient,2,vendor,GE,availability,T2ax+T2cor,2
Cyst of pineal gland,175,0.5971656459193847,0.05571100571047711,patient,2,vendor,GE,availability,T2ax+T2cor,2
Rathke's pouch cyst,38,0.6006329997082366,0.015383304926227652,patient,2,vendor,GE,availability,T2ax+T2cor,2
Cerebral edema,74,0.7971855882140346,0.13306628546665641,patient,2,vendor,GE,availability,T2ax+T2cor,2
Mastoiditis,66,0.4801386836087152,0.0173827202921257,patient,2,vendor,GE,availability,T2ax+T2cor,2
Chronic mastoiditis,123,0.7546251840471161,0.08996419090061943,patient,2,vendor,GE,availability,T2ax+T2cor,2
Ventriculomegaly,345,0.8811171717628953,0.4502141983241424,patient,2,vendor,GE,availability,T2ax+T2cor,2
Cerebellar degeneration,34,0.718190960467982,0.07584301755908328,patient,2,vendor,GE,availability,T2ax+T2cor,2
Mega cisterna magna,49,0.4915368757459484,0.011989439241074408,patient,2,vendor,GE,availability,T2ax+T2cor,2
Structure of cave of septum pellucidum,129,0.6313836960965229,0.04613789830365419,patient,2,vendor,GE,availability,T2ax+T2cor,2
Hyperostosis of skull,40,0.7626778394019773,0.024650915004761572,patient,2,vendor,GE,availability,T2ax+T2cor,2
Choroid plexus cyst,41,0.5091419293353571,0.009813806819009556,patient,2,vendor,GE,availability,T2ax+T2cor,2
Pituitary adenoma,52,0.6184447958329458,0.027386158601465347,patient,2,vendor,GE,availability,T2ax+T2cor,2
Cerebral infarction,129,0.8889914075364578,0.20913265685168697,patient,2,vendor,GE,availability,T2ax+FLAIRax,2
Cerebral hemorrhage,27,0.8383279914529914,0.049165067036987205,patient,2,vendor,GE,availability,T2ax+FLAIRax,2
Intracranial meningioma,75,0.728848897535668,0.03698314338448313,patient,2,vendor,GE,availability,T2ax+FLAIRax,2
Demyelinating disease of central nervous system,109,0.5981502895375048,0.03200158883641541,patient,2,vendor,GE,availability,T2ax+FLAIRax,2
Lacunar infarct,61,0.9105591888305269,0.17294877080594132,patient,2,vendor,GE,availability,T2ax+FLAIRax,2
Gliosis,1237,0.7033350232245866,0.521278597248723,patient,2,vendor,GE,availability,T2ax+FLAIRax,2
Cerebral atrophy,550,0.9228589996750569,0.7143749137348225,patient,2,vendor,GE,availability,T2ax+FLAIRax,2
Encephalomalacia,62,0.7856187683284457,0.07956819041448779,patient,2,vendor,GE,availability,T2ax+FLAIRax,2
Arachnoid cyst,165,0.5703027289302773,0.06578423069044687,patient,2,vendor,GE,availability,T2ax+FLAIRax,2
Empty sella syndrome,88,0.6934756814300606,0.043377121406348355,patient,2,vendor,GE,availability,T2ax+FLAIRax,2
Cyst of pineal gland,175,0.5827674120495655,0.05326244359809282,patient,2,vendor,GE,availability,T2ax+FLAIRax,2
Rathke's pouch cyst,38,0.6198069287463053,0.014208616925353168,patient,2,vendor,GE,availability,T2ax+FLAIRax,2
Cerebral edema,74,0.8265486493057609,0.18504250125661426,patient,2,vendor,GE,availability,T2ax+FLAIRax,2
Mastoiditis,66,0.5661872302250851,0.02136131697386847,patient,2,vendor,GE,availability,T2ax+FLAIRax,2
Chronic mastoiditis,123,0.7294227322194482,0.08624334906681913,patient,2,vendor,GE,availability,T2ax+FLAIRax,2
Ventriculomegaly,345,0.8806260326369869,0.44770196441939725,patient,2,vendor,GE,availability,T2ax+FLAIRax,2
Cerebellar degeneration,34,0.6810101839917282,0.06994902758198898,patient,2,vendor,GE,availability,T2ax+FLAIRax,2
Mega cisterna magna,49,0.4730324222487448,0.012401993850891682,patient,2,vendor,GE,availability,T2ax+FLAIRax,2
Structure of cave of septum pellucidum,129,0.6322738890735498,0.047704246257634725,patient,2,vendor,GE,availability,T2ax+FLAIRax,2
Hyperostosis of skull,40,0.7635248372317338,0.031817020893744434,patient,2,vendor,GE,availability,T2ax+FLAIRax,2
Choroid plexus cyst,41,0.5242431729671855,0.010309865096267022,patient,2,vendor,GE,availability,T2ax+FLAIRax,2
Pituitary adenoma,52,0.6115152078876385,0.023062964696034565,patient,2,vendor,GE,availability,T2ax+FLAIRax,2
Cerebral infarction,129,0.8845939306413592,0.22050391638038233,patient,2,vendor,GE,availability,T1ax+T2cor,2
Cerebral hemorrhage,27,0.8395388176638177,0.042049583437558095,patient,2,vendor,GE,availability,T1ax+T2cor,2
Intracranial meningioma,75,0.7360505836575875,0.044567533145325564,patient,2,vendor,GE,availability,T1ax+T2cor,2
Demyelinating disease of central nervous system,109,0.5473023743425226,0.027646789199780152,patient,2,vendor,GE,availability,T1ax+T2cor,2
Lacunar infarct,61,0.9038365264655166,0.14174247471467769,patient,2,vendor,GE,availability,T1ax+T2cor,2
Gliosis,1237,0.7158080648918241,0.5282176336394401,patient,2,vendor,GE,availability,T1ax+T2cor,2
Cerebral atrophy,550,0.926599345114605,0.7086350084375058,patient,2,vendor,GE,availability,T1ax+T2cor,2
Encephalomalacia,62,0.7991671554252199,0.10954296032914099,patient,2,vendor,GE,availability,T1ax+T2cor,2
Arachnoid cyst,165,0.6048340189563461,0.09023893504768143,patient,2,vendor,GE,availability,T1ax+T2cor,2
Empty sella syndrome,88,0.6751230898888865,0.04316282411486573,patient,2,vendor,GE,availability,T1ax+T2cor,2
Cyst of pineal gland,175,0.5866913545079049,0.054127051037794624,patient,2,vendor,GE,availability,T1ax+T2cor,2
Rathke's pouch cyst,38,0.58888635181591,0.011840837958879436,patient,2,vendor,GE,availability,T1ax+T2cor,2
Cerebral edema,74,0.8071999789724079,0.1488055620259079,patient,2,vendor,GE,availability,T1ax+T2cor,2
Mastoiditis,66,0.4930621429044142,0.01795446910042079,patient,2,vendor,GE,availability,T1ax+T2cor,2
Chronic mastoiditis,123,0.74920379617182,0.08457251899716178,patient,2,vendor,GE,availability,T1ax+T2cor,2
Ventriculomegaly,345,0.884329568687806,0.45498832734410155,patient,2,vendor,GE,availability,T1ax+T2cor,2
Cerebellar degeneration,34,0.738063200237957,0.09778843050960902,patient,2,vendor,GE,availability,T1ax+T2cor,2
Mega cisterna magna,49,0.46977737445872497,0.011751425711760579,patient,2,vendor,GE,availability,T1ax+T2cor,2
Structure of cave of septum pellucidum,129,0.628976736544905,0.04800719086132803,patient,2,vendor,GE,availability,T1ax+T2cor,2
Hyperostosis of skull,40,0.7647275138654449,0.026281369566477766,patient,2,vendor,GE,availability,T1ax+T2cor,2
Choroid plexus cyst,41,0.49619968703304973,0.009328329385473042,patient,2,vendor,GE,availability,T1ax+T2cor,2
Pituitary adenoma,52,0.6010650172077017,0.020394767573465915,patient,2,vendor,GE,availability,T1ax+T2cor,2
Cerebral infarction,129,0.8940307403119879,0.21651097381086093,patient,2,vendor,GE,availability,T1ax+FLAIRax,2
Cerebral hemorrhage,27,0.8584935897435897,0.12908375023398602,patient,2,vendor,GE,availability,T1ax+FLAIRax,2
Intracranial meningioma,75,0.7236121919584955,0.03715416733757256,patient,2,vendor,GE,availability,T1ax+FLAIRax,2
Demyelinating disease of central nervous system,109,0.6313537396907101,0.05088625291475059,patient,2,vendor,GE,availability,T1ax+FLAIRax,2
Lacunar infarct,61,0.9085288812250184,0.15879997163595164,patient,2,vendor,GE,availability,T1ax+FLAIRax,2
Gliosis,1237,0.7220477371442664,0.5370557447127204,patient,2,vendor,GE,availability,T1ax+FLAIRax,2
Cerebral atrophy,550,0.9388262054140526,0.753364917101729,patient,2,vendor,GE,availability,T1ax+FLAIRax,2
Encephalomalacia,62,0.8067956989247312,0.06994903142679176,patient,2,vendor,GE,availability,T1ax+FLAIRax,2
Arachnoid cyst,165,0.5587993309524886,0.05340903228819819,patient,2,vendor,GE,availability,T1ax+FLAIRax,2
Empty sella syndrome,88,0.7069240834793408,0.046803942229315415,patient,2,vendor,GE,availability,T1ax+FLAIRax,2
Cyst of pineal gland,175,0.5827332288847743,0.054206480012953515,patient,2,vendor,GE,availability,T1ax+FLAIRax,2
Rathke's pouch cyst,38,0.6311349595971129,0.013796363414045564,patient,2,vendor,GE,availability,T1ax+FLAIRax,2
Cerebral edema,74,0.8509899396113837,0.21778300722305496,patient,2,vendor,GE,availability,T1ax+FLAIRax,2
Mastoiditis,66,0.6180171038215202,0.02518836523866691,patient,2,vendor,GE,availability,T1ax+FLAIRax,2
Chronic mastoiditis,123,0.715607195442033,0.08561435011863305,patient,2,vendor,GE,availability,T1ax+FLAIRax,2
Ventriculomegaly,345,0.8896574097126347,0.4637309218704065,patient,2,vendor,GE,availability,T1ax+FLAIRax,2
Cerebellar degeneration,34,0.6931559043073044,0.07397328985883665,patient,2,vendor,GE,availability,T1ax+FLAIRax,2
Mega cisterna magna,49,0.46524989889624285,0.012774501302870027,patient,2,vendor,GE,availability,T1ax+FLAIRax,2
Structure of cave of septum pellucidum,129,0.6178149391956169,0.047103204622592286,patient,2,vendor,GE,availability,T1ax+FLAIRax,2
Hyperostosis of skull,40,0.7664034241620448,0.03208400506651749,patient,2,vendor,GE,availability,T1ax+FLAIRax,2
Choroid plexus cyst,41,0.5317379078277035,0.01051026165450155,patient,2,vendor,GE,availability,T1ax+FLAIRax,2
Pituitary adenoma,52,0.5931308715468329,0.0205758023243513,patient,2,vendor,GE,availability,T1ax+FLAIRax,2
Cerebral infarction,129,0.880421867418555,0.20220319601303527,patient,2,vendor,GE,availability,T1ax+T2ax,2
Cerebral hemorrhage,27,0.8272881054131054,0.04586722585884211,patient,2,vendor,GE,availability,T1ax+T2ax,2
Intracranial meningioma,75,0.7225907911802852,0.03947393376398105,patient,2,vendor,GE,availability,T1ax+T2ax,2
Demyelinating disease of central nervous system,109,0.5977340934349002,0.031561994560635145,patient,2,vendor,GE,availability,T1ax+T2ax,2
Lacunar infarct,61,0.9065383056665847,0.16341876453837537,patient,2,vendor,GE,availability,T1ax+T2ax,2
Gliosis,1237,0.6907559294630257,0.5115757515344683,patient,2,vendor,GE,availability,T1ax+T2ax,2
Cerebral atrophy,550,0.9031489489339366,0.666754604702627,patient,2,vendor,GE,availability,T1ax+T2ax,2
Encephalomalacia,62,0.774674486803519,0.07763864247681392,patient,2,vendor,GE,availability,T1ax+T2ax,2
Arachnoid cyst,165,0.5858761659358378,0.07702258145655369,patient,2,vendor,GE,availability,T1ax+T2ax,2
Empty sella syndrome,88,0.6781338020359733,0.04203690117400023,patient,2,vendor,GE,availability,T1ax+T2ax,2
Cyst of pineal gland,175,0.5603033755875232,0.048636605558415334,patient,2,vendor,GE,availability,T1ax+T2ax,2
Rathke's pouch cyst,38,0.6100328550950768,0.01508233854789193,patient,2,vendor,GE,availability,T1ax+T2ax,2
Cerebral edema,74,0.7990386447716863,0.1527951647012215,patient,2,vendor,GE,availability,T1ax+T2ax,2
Mastoiditis,66,0.48142551454854293,0.017716211971862177,patient,2,vendor,GE,availability,T1ax+T2ax,2
Chronic mastoiditis,123,0.7400194449779145,0.08081509699578038,patient,2,vendor,GE,availability,T1ax+T2ax,2
Ventriculomegaly,345,0.8686025545270052,0.42531843550122994,patient,2,vendor,GE,availability,T1ax+T2ax,2
Cerebellar degeneration,34,0.6790626195096386,0.06955429910557552,patient,2,vendor,GE,availability,T1ax+T2ax,2
Mega cisterna magna,49,0.44642980440121915,0.012211424027133074,patient,2,vendor,GE,availability,T1ax+T2ax,2
Structure of cave of septum pellucidum,129,0.6410478297248043,0.048176091421499014,patient,2,vendor,GE,availability,T1ax+T2ax,2
Hyperostosis of skull,40,0.7394562334217507,0.02455655111070972,patient,2,vendor,GE,availability,T1ax+T2ax,2
Choroid plexus cyst,41,0.5111715082418552,0.009913068442091028,patient,2,vendor,GE,availability,T1ax+T2ax,2
Pituitary adenoma,52,0.612938331318017,0.027057781405565175,patient,2,vendor,GE,availability,T1ax+T2ax,2
Cerebral infarction,129,0.891663896752897,0.21431536109857421,patient,2,vendor,GE,availability,T2ax+FLAIRax+T2cor,3
Cerebral hemorrhage,27,0.8408920940170941,0.04151968946918546,patient,2,vendor,GE,availability,T2ax+FLAIRax+T2cor,3
Intracranial meningioma,75,0.7346757457846951,0.03855905046866355,patient,2,vendor,GE,availability,T2ax+FLAIRax+T2cor,3
Demyelinating disease of central nervous system,109,0.5783281065102069,0.030211606920527982,patient,2,vendor,GE,availability,T2ax+FLAIRax+T2cor,3
Lacunar infarct,61,0.9130901202291745,0.16647358211286872,patient,2,vendor,GE,availability,T2ax+FLAIRax+T2cor,3
Gliosis,1237,0.7125530603017141,0.5291695071809989,patient,2,vendor,GE,availability,T2ax+FLAIRax+T2cor,3
Cerebral atrophy,550,0.9320768865448547,0.7292216792578192,patient,2,vendor,GE,availability,T2ax+FLAIRax+T2cor,3
Encephalomalacia,62,0.7921212121212121,0.08815146902177089,patient,2,vendor,GE,availability,T2ax+FLAIRax+T2cor,3
Arachnoid cyst,165,0.586720009643928,0.07700936388900104,patient,2,vendor,GE,availability,T2ax+FLAIRax+T2cor,3
Empty sella syndrome,88,0.6916570560447115,0.043370128610012514,patient,2,vendor,GE,availability,T2ax+FLAIRax+T2cor,3
Cyst of pineal gland,175,0.5951502634952286,0.05557379220227295,patient,2,vendor,GE,availability,T2ax+FLAIRax+T2cor,3
Rathke's pouch cyst,38,0.6196103055904403,0.015660114045618005,patient,2,vendor,GE,availability,T2ax+FLAIRax+T2cor,3
Cerebral edema,74,0.8265585059895781,0.17599963691065645,patient,2,vendor,GE,availability,T2ax+FLAIRax+T2cor,3
Mastoiditis,66,0.5487047127425677,0.02023985471785412,patient,2,vendor,GE,availability,T2ax+FLAIRax+T2cor,3
Chronic mastoiditis,123,0.743954452339799,0.08808712240173491,patient,2,vendor,GE,availability,T2ax+FLAIRax+T2cor,3
Ventriculomegaly,345,0.8895472617673466,0.4625783384825241,patient,2,vendor,GE,availability,T2ax+FLAIRax+T2cor,3
Cerebellar degeneration,34,0.7125324003909294,0.07826641567677725,patient,2,vendor,GE,availability,T2ax+FLAIRax+T2cor,3
Mega cisterna magna,49,0.4792268768309644,0.01232165259434783,patient,2,vendor,GE,availability,T2ax+FLAIRax+T2cor,3
Structure of cave of septum pellucidum,129,0.6334926511322262,0.04788846548993443,patient,2,vendor,GE,availability,T2ax+FLAIRax+T2cor,3
Hyperostosis of skull,40,0.7680853629129492,0.027437579312791133,patient,2,vendor,GE,availability,T2ax+FLAIRax+T2cor,3
Choroid plexus cyst,41,0.5174602614332946,0.010030582862388985,patient,2,vendor,GE,availability,T2ax+FLAIRax+T2cor,3
Pituitary adenoma,52,0.6119849316342665,0.028580137449660713,patient,2,vendor,GE,availability,T2ax+FLAIRax+T2cor,3
Cerebral infarction,129,0.8952342200877969,0.2278082684087307,patient,2,vendor,GE,availability,T1ax+FLAIRax+T2cor,3
Cerebral hemorrhage,27,0.8575409544159545,0.06316262058612213,patient,2,vendor,GE,availability,T1ax+FLAIRax+T2cor,3
Intracranial meningioma,75,0.7391634241245136,0.04022394111892271,patient,2,vendor,GE,availability,T1ax+FLAIRax+T2cor,3
Demyelinating disease of central nervous system,109,0.5763753593909589,0.03026611114154905,patient,2,vendor,GE,availability,T1ax+FLAIRax+T2cor,3
Lacunar infarct,61,0.9115723560309273,0.16294600737013276,patient,2,vendor,GE,availability,T1ax+FLAIRax+T2cor,3
Gliosis,1237,0.7267848677089186,0.5414376292274368,patient,2,vendor,GE,availability,T1ax+FLAIRax+T2cor,3
Cerebral atrophy,550,0.9426505361561727,0.7575608607937323,patient,2,vendor,GE,availability,T1ax+FLAIRax+T2cor,3
Encephalomalacia,62,0.8087702834799609,0.10164125888632164,patient,2,vendor,GE,availability,T1ax+FLAIRax+T2cor,3
Arachnoid cyst,165,0.5866529542064103,0.06716370168081048,patient,2,vendor,GE,availability,T1ax+FLAIRax+T2cor,3
Empty sella syndrome,88,0.7013129588147886,0.04484741000766673,patient,2,vendor,GE,availability,T1ax+FLAIRax+T2cor,3
Cyst of pineal gland,175,0.5942671984047856,0.055555937464383844,patient,2,vendor,GE,availability,T1ax+FLAIRax+T2cor,3
Rathke's pouch cyst,38,0.6179738935190471,0.013993516924795047,patient,2,vendor,GE,availability,T1ax+FLAIRax+T2cor,3
Cerebral edema,74,0.8419020771318365,0.20213367994648687,patient,2,vendor,GE,availability,T1ax+FLAIRax+T2cor,3
Mastoiditis,66,0.5777282654254263,0.022502372431584778,patient,2,vendor,GE,availability,T1ax+FLAIRax+T2cor,3
Chronic mastoiditis,123,0.7357643556750529,0.0832624586633315,patient,2,vendor,GE,availability,T1ax+FLAIRax+T2cor,3
Ventriculomegaly,345,0.8953632241661574,0.47322747259833536,patient,2,vendor,GE,availability,T1ax+FLAIRax+T2cor,3
Cerebellar degeneration,34,0.7329499582158893,0.08900739109361779,patient,2,vendor,GE,availability,T1ax+FLAIRax+T2cor,3
Mega cisterna magna,49,0.4680314851895325,0.012304192795204488,patient,2,vendor,GE,availability,T1ax+FLAIRax+T2cor,3
Structure of cave of septum pellucidum,129,0.6262584004798636,0.04773409989133591,patient,2,vendor,GE,availability,T1ax+FLAIRax+T2cor,3
Hyperostosis of skull,40,0.7708222811671086,0.028457630190824375,patient,2,vendor,GE,availability,T1ax+FLAIRax+T2cor,3
Choroid plexus cyst,41,0.5185838833786311,0.010033582489262519,patient,2,vendor,GE,availability,T1ax+FLAIRax+T2cor,3
Pituitary adenoma,52,0.6031857501627755,0.026318013661637385,patient,2,vendor,GE,availability,T1ax+FLAIRax+T2cor,3
Cerebral infarction,129,0.8852166836682064,0.21500707012486162,patient,2,vendor,GE,availability,T1ax+T2ax+T2cor,3
Cerebral hemorrhage,27,0.8295495014245015,0.03744220102382452,patient,2,vendor,GE,availability,T1ax+T2ax+T2cor,3
Intracranial meningioma,75,0.7302010376134891,0.041140799269619194,patient,2,vendor,GE,availability,T1ax+T2ax+T2cor,3
Demyelinating disease of central nervous system,109,0.5799816423773121,0.030150056027481144,patient,2,vendor,GE,availability,T1ax+T2ax+T2cor,3
Lacunar infarct,61,0.90882289837337,0.17260642192336442,patient,2,vendor,GE,availability,T1ax+T2ax+T2cor,3
Gliosis,1237,0.7039395475658715,0.5214930291963267,patient,2,vendor,GE,availability,T1ax+T2ax+T2cor,3
Cerebral atrophy,550,0.9202229609818281,0.6942123653358558,patient,2,vendor,GE,availability,T1ax+T2ax+T2cor,3
Encephalomalacia,62,0.7827878787878789,0.09821189486720436,patient,2,vendor,GE,availability,T1ax+T2ax+T2cor,3
Arachnoid cyst,165,0.5972484667661198,0.09155223444700908,patient,2,vendor,GE,availability,T1ax+T2ax+T2cor,3
Empty sella syndrome,88,0.6789100445785003,0.041664987632208605,patient,2,vendor,GE,availability,T1ax+T2ax+T2cor,3
Cyst of pineal gland,175,0.5852699045719982,0.053930230524314206,patient,2,vendor,GE,availability,T1ax+T2ax+T2cor,3
Rathke's pouch cyst,38,0.6060306224708554,0.014972882247960045,patient,2,vendor,GE,availability,T1ax+T2ax+T2cor,3
Cerebral edema,74,0.8035957182565497,0.15484208924971246,patient,2,vendor,GE,availability,T1ax+T2ax+T2cor,3
Mastoiditis,66,0.48288147184046243,0.017381868304485352,patient,2,vendor,GE,availability,T1ax+T2ax+T2cor,3
Chronic mastoiditis,123,0.749639907816401,0.09211992382188235,patient,2,vendor,GE,availability,T1ax+T2ax+T2cor,3
Ventriculomegaly,345,0.8818429411010269,0.4509398183808113,patient,2,vendor,GE,availability,T1ax+T2ax+T2cor,3
Cerebellar degeneration,34,0.7139275647653716,0.07683178108822075,patient,2,vendor,GE,availability,T1ax+T2ax+T2cor,3
Mega cisterna magna,49,0.46071749144316987,0.011901987888222932,patient,2,vendor,GE,availability,T1ax+T2ax+T2cor,3
Structure of cave of septum pellucidum,129,0.6371183727425203,0.04749986634335365,patient,2,vendor,GE,availability,T1ax+T2ax+T2cor,3
Hyperostosis of skull,40,0.7588497709187364,0.02521697115668733,patient,2,vendor,GE,availability,T1ax+T2ax+T2cor,3
Choroid plexus cyst,41,0.5082830350734766,0.009746804685112334,patient,2,vendor,GE,availability,T1ax+T2ax+T2cor,3
Pituitary adenoma,52,0.6099246581713329,0.03035252610570437,patient,2,vendor,GE,availability,T1ax+T2ax+T2cor,3
Cerebral infarction,129,0.8913276865298139,0.21084974405976903,patient,2,vendor,GE,availability,T1ax+T2ax+FLAIRax,3
Cerebral hemorrhage,27,0.8460737179487179,0.06298195313709279,patient,2,vendor,GE,availability,T1ax+T2ax+FLAIRax,3
Intracranial meningioma,75,0.7324578469520103,0.0382629579386137,patient,2,vendor,GE,availability,T1ax+T2ax+FLAIRax,3
Demyelinating disease of central nervous system,109,0.605358356092886,0.03263998611432807,patient,2,vendor,GE,availability,T1ax+T2ax+FLAIRax,3
Lacunar infarct,61,0.9106426261293833,0.1697378789942827,patient,2,vendor,GE,availability,T1ax+T2ax+FLAIRax,3
Gliosis,1237,0.7058210816217475,0.5231779211029307,patient,2,vendor,GE,availability,T1ax+T2ax+FLAIRax,3
Cerebral atrophy,550,0.9243832329342365,0.7148092393859595,patient,2,vendor,GE,availability,T1ax+T2ax+FLAIRax,3
Encephalomalacia,62,0.7913313782991203,0.08015803618315766,patient,2,vendor,GE,availability,T1ax+T2ax+FLAIRax,3
Arachnoid cyst,165,0.5779666380362551,0.06955791568377473,patient,2,vendor,GE,availability,T1ax+T2ax+FLAIRax,3
Empty sella syndrome,88,0.6962341147508261,0.04392252729801298,patient,2,vendor,GE,availability,T1ax+T2ax+FLAIRax,3
Cyst of pineal gland,175,0.5770289132602193,0.052241896512690775,patient,2,vendor,GE,availability,T1ax+T2ax+FLAIRax,3
Rathke's pouch cyst,38,0.6197308165569383,0.013930196598756144,patient,2,vendor,GE,availability,T1ax+T2ax+FLAIRax,3
Cerebral edema,74,0.8286579796426624,0.1996859086665795,patient,2,vendor,GE,availability,T1ax+T2ax+FLAIRax,3
Mastoiditis,66,0.5555102100843425,0.020754005517627544,patient,2,vendor,GE,availability,T1ax+T2ax+FLAIRax,3
Chronic mastoiditis,123,0.7318693585557903,0.08249145295563949,patient,2,vendor,GE,availability,T1ax+T2ax+FLAIRax,3
Ventriculomegaly,345,0.8819236659650393,0.4498637564471977,patient,2,vendor,GE,availability,T1ax+T2ax+FLAIRax,3
Cerebellar degeneration,34,0.6866262517528079,0.07133375571602595,patient,2,vendor,GE,availability,T1ax+T2ax+FLAIRax,3
Mega cisterna magna,49,0.46086544816089803,0.012312955641213234,patient,2,vendor,GE,availability,T1ax+T2ax+FLAIRax,3
Structure of cave of septum pellucidum,129,0.6358996106838439,0.04845315320500486,patient,2,vendor,GE,availability,T1ax+T2ax+FLAIRax,3
Hyperostosis of skull,40,0.7608331323848566,0.031238326529312566,patient,2,vendor,GE,availability,T1ax+T2ax+FLAIRax,3
Choroid plexus cyst,41,0.5236784205758122,0.010275945923855468,patient,2,vendor,GE,availability,T1ax+T2ax+FLAIRax,3
Pituitary adenoma,52,0.6076737047716491,0.02378906566531535,patient,2,vendor,GE,availability,T1ax+T2ax+FLAIRax,3
Cerebral infarction,129,0.8926285908589024,0.21715621934089196,patient,2,vendor,GE,availability,T1ax+T2ax+FLAIRax+T2cor,4
Cerebral hemorrhage,27,0.8464476495726494,0.04916487760491621,patient,2,vendor,GE,availability,T1ax+T2ax+FLAIRax+T2cor,4
Intracranial meningioma,75,0.7369195849546044,0.0396799073055103,patient,2,vendor,GE,availability,T1ax+T2ax+FLAIRax+T2cor,4
Demyelinating disease of central nervous system,109,0.5879658584213344,0.03084150883119212,patient,2,vendor,GE,availability,T1ax+T2ax+FLAIRax+T2cor,4
Lacunar infarct,61,0.9121882027605827,0.1670025399586607,patient,2,vendor,GE,availability,T1ax+T2ax+FLAIRax+T2cor,4
Gliosis,1237,0.7131773152651988,0.5292067766332287,patient,2,vendor,GE,availability,T1ax+T2ax+FLAIRax+T2cor,4
Cerebral atrophy,550,0.9322588547004277,0.7286296600250887,patient,2,vendor,GE,availability,T1ax+T2ax+FLAIRax+T2cor,4
Encephalomalacia,62,0.7957810361681329,0.09167740151623915,patient,2,vendor,GE,availability,T1ax+T2ax+FLAIRax+T2cor,4
Arachnoid cyst,165,0.5894579811039283,0.07822971220109914,patient,2,vendor,GE,availability,T1ax+T2ax+FLAIRax+T2cor,4
Empty sella syndrome,88,0.6932123134245602,0.04373029294306183,patient,2,vendor,GE,availability,T1ax+T2ax+FLAIRax+T2cor,4
Cyst of pineal gland,175,0.588706736932061,0.05457597360412,patient,2,vendor,GE,availability,T1ax+T2ax+FLAIRax+T2cor,4
Rathke's pouch cyst,38,0.6185257068919587,0.01515840673828972,patient,2,vendor,GE,availability,T1ax+T2ax+FLAIRax+T2cor,4
Cerebral edema,74,0.828000867388176,0.19044433400381228,patient,2,vendor,GE,availability,T1ax+T2ax+FLAIRax+T2cor,4
Mastoiditis,66,0.5430500099269815,0.019837952753176985,patient,2,vendor,GE,availability,T1ax+T2ax+FLAIRax+T2cor,4
Chronic mastoiditis,123,0.7423940528775366,0.08842349776318655,patient,2,vendor,GE,availability,T1ax+T2ax+FLAIRax+T2cor,4
Ventriculomegaly,345,0.8890395250058468,0.4619449328457976,patient,2,vendor,GE,availability,T1ax+T2ax+FLAIRax+T2cor,4
Cerebellar degeneration,34,0.7136867749748587,0.07773789580969998,patient,2,vendor,GE,availability,T1ax+T2ax+FLAIRax+T2cor,4
Mega cisterna magna,49,0.46532880914569796,0.012205570759159099,patient,2,vendor,GE,availability,T1ax+T2ax+FLAIRax+T2cor,4
Structure of cave of septum pellucidum,129,0.6358919695424102,0.04829385593946082,patient,2,vendor,GE,availability,T1ax+T2ax+FLAIRax+T2cor,4
Hyperostosis of skull,40,0.7653363877501809,0.028028158980522598,patient,2,vendor,GE,availability,T1ax+T2ax+FLAIRax+T2cor,4
Choroid plexus cyst,41,0.5175190898073959,0.010034365279804839,patient,2,vendor,GE,availability,T1ax+T2ax+FLAIRax+T2cor,4
Pituitary adenoma,52,0.6089573062970886,0.0274174809560488,patient,2,vendor,GE,availability,T1ax+T2ax+FLAIRax+T2cor,4
Cerebral infarction,129,0.8805861519593797,0.20878955886472572,patient,2,vendor,GE,budget,all4,1
Cerebral hemorrhage,27,0.827261396011396,0.0428081455406105,patient,2,vendor,GE,budget,all4,1
Intracranial meningioma,75,0.7166990920881972,0.037121805852597924,patient,2,vendor,GE,budget,all4,1
Demyelinating disease of central nervous system,109,0.5908117398796856,0.03129275732931194,patient,2,vendor,GE,budget,all4,1
Lacunar infarct,61,0.9083341941943532,0.16324564474302303,patient,2,vendor,GE,budget,all4,1
Gliosis,1237,0.6843040160037268,0.5020093299357924,patient,2,vendor,GE,budget,all4,1
Cerebral atrophy,550,0.9046936786062441,0.6754099432996978,patient,2,vendor,GE,budget,all4,1
Encephalomalacia,62,0.7779863147605084,0.08703127283102832,patient,2,vendor,GE,budget,all4,1
Arachnoid cyst,165,0.5697949158416588,0.06303023407589871,patient,2,vendor,GE,budget,all4,1
Empty sella syndrome,88,0.675818935882366,0.0427318698027257,patient,2,vendor,GE,budget,all4,1
Cyst of pineal gland,175,0.572493946731235,0.05108554251489715,patient,2,vendor,GE,budget,all4,1
Rathke's pouch cyst,38,0.6122591366340653,0.01234127795741773,patient,2,vendor,GE,budget,all4,1
Cerebral edema,74,0.815936286395805,0.18897798114783917,patient,2,vendor,GE,budget,all4,1
Mastoiditis,66,0.5051657070584515,0.018273412613344225,patient,2,vendor,GE,budget,all4,1
Chronic mastoiditis,123,0.7341019300941041,0.07836778778564985,patient,2,vendor,GE,budget,all4,1
Ventriculomegaly,345,0.8766222302695608,0.4326666453243379,patient,2,vendor,GE,budget,all4,1
Cerebellar degeneration,34,0.6730924491154517,0.0605556007887388,patient,2,vendor,GE,budget,all4,1
Mega cisterna magna,49,0.47478324340852823,0.012054763683535235,patient,2,vendor,GE,budget,all4,1
Structure of cave of septum pellucidum,129,0.6444500479481625,0.04933121775209125,patient,2,vendor,GE,budget,all4,1
Hyperostosis of skull,40,0.7448818422956355,0.04465220427280803,patient,2,vendor,GE,budget,all4,1
Choroid plexus cyst,41,0.5249196992693517,0.010341354560722594,patient,2,vendor,GE,budget,all4,1
Pituitary adenoma,52,0.6241605432052832,0.020972495912389543,patient,2,vendor,GE,budget,all4,1
Cerebral infarction,129,0.8897249571140938,0.2120774333280226,patient,2,vendor,GE,budget,all4,2
Cerebral hemorrhage,27,0.8413283475783475,0.03549870299464884,patient,2,vendor,GE,budget,all4,2
Intracranial meningioma,75,0.7292801556420234,0.03815825249380736,patient,2,vendor,GE,budget,all4,2
Demyelinating disease of central nervous system,109,0.58809409181511,0.030759187503778197,patient,2,vendor,GE,budget,all4,2
Lacunar infarct,61,0.9101737879739039,0.1722332112698104,patient,2,vendor,GE,budget,all4,2
Gliosis,1237,0.7012742693503967,0.5160085663087973,patient,2,vendor,GE,budget,all4,2
Cerebral atrophy,550,0.9232049391356513,0.7093681132047215,patient,2,vendor,GE,budget,all4,2
Encephalomalacia,62,0.7951085043988271,0.07888616414974718,patient,2,vendor,GE,budget,all4,2
Arachnoid cyst,165,0.5825565450627609,0.06026145749620172,patient,2,vendor,GE,budget,all4,2
Empty sella syndrome,88,0.6833595777240569,0.04220423447267802,patient,2,vendor,GE,budget,all4,2
Cyst of pineal gland,175,0.5815254237288136,0.05276808634507388,patient,2,vendor,GE,budget,all4,2
Rathke's pouch cyst,38,0.6242341210944933,0.014914742419928934,patient,2,vendor,GE,budget,all4,2
Cerebral edema,74,0.8216630196936543,0.17097233384274726,patient,2,vendor,GE,budget,all4,2
Mastoiditis,66,0.5378953328480143,0.019153514996484065,patient,2,vendor,GE,budget,all4,2
Chronic mastoiditis,123,0.7316873119518597,0.08396390982630422,patient,2,vendor,GE,budget,all4,2
Ventriculomegaly,345,0.8798731035315241,0.44688873074296426,patient,2,vendor,GE,budget,all4,2
Cerebellar degeneration,34,0.7112009744904463,0.07894640610250148,patient,2,vendor,GE,budget,all4,2
Mega cisterna magna,49,0.4802872333080163,0.012463340070541538,patient,2,vendor,GE,budget,all4,2
Structure of cave of septum pellucidum,129,0.6351183039722473,0.050184676154592815,patient,2,vendor,GE,budget,all4,2
Hyperostosis of skull,40,0.7478237279961418,0.030068650269008786,patient,2,vendor,GE,budget,all4,2
Choroid plexus cyst,41,0.5171484710505572,0.010202196505949397,patient,2,vendor,GE,budget,all4,2
Pituitary adenoma,52,0.6174913961491956,0.02344545568894968,patient,2,vendor,GE,budget,all4,2
Cerebral infarction,129,0.8900668981932521,0.2137778257774459,patient,2,vendor,GE,budget,all4,3
Cerebral hemorrhage,27,0.8410523504273504,0.048189670477123706,patient,2,vendor,GE,budget,all4,3
Intracranial meningioma,75,0.731491569390402,0.03750361686746577,patient,2,vendor,GE,budget,all4,3
Demyelinating disease of central nervous system,109,0.585718399467269,0.030501614526522565,patient,2,vendor,GE,budget,all4,3
Lacunar infarct,61,0.911850480360449,0.17125530505812006,patient,2,vendor,GE,budget,all4,3
Gliosis,1237,0.7126750065083649,0.5286228941958162,patient,2,vendor,GE,budget,all4,3
Cerebral atrophy,550,0.9298702727022773,0.726411816069662,patient,2,vendor,GE,budget,all4,3
Encephalomalacia,62,0.7903734115347019,0.0898047190843664,patient,2,vendor,GE,budget,all4,3
Arachnoid cyst,165,0.5775733465937345,0.07592381691948716,patient,2,vendor,GE,budget,all4,3
Empty sella syndrome,88,0.6809116414203021,0.040909667647273974,patient,2,vendor,GE,budget,all4,3
Cyst of pineal gland,175,0.5933912548070076,0.05583237284956735,patient,2,vendor,GE,budget,all4,3
Rathke's pouch cyst,38,0.6170542045641942,0.016849044038906826,patient,2,vendor,GE,budget,all4,3
Cerebral edema,74,0.8267983519624658,0.16928687618338037,patient,2,vendor,GE,budget,all4,3
Mastoiditis,66,0.5687572154449126,0.021841498497215422,patient,2,vendor,GE,budget,all4,3
Chronic mastoiditis,123,0.7270681294411369,0.07992460645220897,patient,2,vendor,GE,budget,all4,3
Ventriculomegaly,345,0.884742246263646,0.45073755470314514,patient,2,vendor,GE,budget,all4,3
Cerebellar degeneration,34,0.7071004659990651,0.08845858088877323,patient,2,vendor,GE,budget,all4,3
Mega cisterna magna,49,0.46341030370582265,0.011974397314621212,patient,2,vendor,GE,budget,all4,3
Structure of cave of septum pellucidum,129,0.620768240359745,0.0470515684000574,patient,2,vendor,GE,budget,all4,3
Hyperostosis of skull,40,0.7569628647214854,0.02556949797526497,patient,2,vendor,GE,budget,all4,3
Choroid plexus cyst,41,0.5227548151024202,0.010119031196028512,patient,2,vendor,GE,budget,all4,3
Pituitary adenoma,52,0.604776299879081,0.03289531816179545,patient,2,vendor,GE,budget,all4,3
Cerebral infarction,129,0.8919198749909262,0.22315770489638714,patient,2,vendor,GE,budget,all4,4
Cerebral hemorrhage,27,0.8472934472934472,0.06154673363962224,patient,2,vendor,GE,budget,all4,4
Intracranial meningioma,75,0.7392639429312581,0.040668745198611335,patient,2,vendor,GE,budget,all4,4
Demyelinating disease of central nervous system,109,0.580769040409267,0.030552173064199273,patient,2,vendor,GE,budget,all4,4
Lacunar infarct,61,0.9116399005109541,0.16780009915476865,patient,2,vendor,GE,budget,all4,4
Gliosis,1237,0.7178225066111286,0.5337871499234923,patient,2,vendor,GE,budget,all4,4
Cerebral atrophy,550,0.933476641587722,0.7270712459991316,patient,2,vendor,GE,budget,all4,4
Encephalomalacia,62,0.7966138807429131,0.09936852791938461,patient,2,vendor,GE,budget,all4,4
Arachnoid cyst,165,0.5919096484486838,0.08876307325868915,patient,2,vendor,GE,budget,all4,4
Empty sella syndrome,88,0.6979640267027434,0.04538496023519782,patient,2,vendor,GE,budget,all4,4
Cyst of pineal gland,175,0.5850035607463324,0.05355934048787225,patient,2,vendor,GE,budget,all4,4
Rathke's pouch cyst,38,0.6185637629866423,0.014873648126156524,patient,2,vendor,GE,budget,all4,4
Cerebral edema,74,0.8300806276736254,0.19692811244154518,patient,2,vendor,GE,budget,all4,4
Mastoiditis,66,0.5390792173126558,0.0198722404025226,patient,2,vendor,GE,budget,all4,4
Chronic mastoiditis,123,0.7497839446898406,0.0871110270294875,patient,2,vendor,GE,budget,all4,4
Ventriculomegaly,345,0.8881636225094116,0.46458165654009226,patient,2,vendor,GE,budget,all4,4
Cerebellar degeneration,34,0.714834067506126,0.07664158900424953,patient,2,vendor,GE,budget,all4,4
Mega cisterna magna,49,0.45889269192452237,0.012177680453891629,patient,2,vendor,GE,budget,all4,4
Structure of cave of septum pellucidum,129,0.6362081217692299,0.048206915555817506,patient,2,vendor,GE,budget,all4,4
Hyperostosis of skull,40,0.7700446105618519,0.027299665702832356,patient,2,vendor,GE,budget,all4,4
Choroid plexus cyst,41,0.5111597425670349,0.009825735328623094,patient,2,vendor,GE,budget,all4,4
Pituitary adenoma,52,0.6066877499767463,0.028219316410136606,patient,2,vendor,GE,budget,all4,4
Cerebral infarction,129,0.8721274083922657,0.1914298618014764,finding,2,vendor,GE,availability,T2cor,1
Cerebral hemorrhage,27,0.8134615384615386,0.02616378655662813,finding,2,vendor,GE,availability,T2cor,1
Intracranial meningioma,75,0.6961186770428016,0.0363933581988302,finding,2,vendor,GE,availability,T2cor,1
Demyelinating disease of central nervous system,109,0.465653697846129,0.022944905430323268,finding,2,vendor,GE,availability,T2cor,1
Lacunar infarct,61,0.8983574771739389,0.12403612588486837,finding,2,vendor,GE,availability,T2cor,1
Gliosis,1237,0.7105257388706959,0.5180293598857643,finding,2,vendor,GE,availability,T2cor,1
Cerebral atrophy,550,0.9131312020396429,0.6630670490315737,finding,2,vendor,GE,availability,T2cor,1
Encephalomalacia,62,0.7603049853372433,0.09157289799119947,finding,2,vendor,GE,availability,T2cor,1
Arachnoid cyst,165,0.5931091120051836,0.0665231320915292,finding,2,vendor,GE,availability,T2cor,1
Empty sella syndrome,88,0.6426512009581051,0.03658402589196201,finding,2,vendor,GE,availability,T2cor,1
Cyst of pineal gland,175,0.6423557897735365,0.06440512538822353,finding,2,vendor,GE,availability,T2cor,1
Rathke's pouch cyst,38,0.5762897844756505,0.010650759911963062,finding,2,vendor,GE,availability,T2cor,1
Cerebral edema,74,0.7920666837515853,0.10226060873245905,finding,2,vendor,GE,availability,T2cor,1
Mastoiditis,66,0.49489679615862575,0.024639070232158326,finding,2,vendor,GE,availability,T2cor,1
Chronic mastoiditis,123,0.749411849433455,0.08598487376613796,finding,2,vendor,GE,availability,T2cor,1
Ventriculomegaly,345,0.8774709729986646,0.4349377430833723,finding,2,vendor,GE,availability,T2cor,1
Cerebellar degeneration,34,0.7535445673574028,0.15488637565051144,finding,2,vendor,GE,availability,T2cor,1
Mega cisterna magna,49,0.5294433868279066,0.011945477605365835,finding,2,vendor,GE,availability,T2cor,1
Structure of cave of septum pellucidum,129,0.6233261124546785,0.05151493060422477,finding,2,vendor,GE,availability,T2cor,1
Hyperostosis of skull,40,0.7782674222329394,0.03168657102768154,finding,2,vendor,GE,availability,T2cor,1
Choroid plexus cyst,41,0.4607085289376772,0.008792509144978812,finding,2,vendor,GE,availability,T2cor,1
Pituitary adenoma,52,0.6017533252720677,0.015407668494283128,finding,2,vendor,GE,availability,T2cor,1
Cerebral infarction,129,0.8899178959352948,0.20998027450369666,finding,2,vendor,GE,availability,FLAIRax,1
Cerebral hemorrhage,27,0.846536680911681,0.09589027585273784,finding,2,vendor,GE,availability,FLAIRax,1
Intracranial meningioma,75,0.7173800259403372,0.03531153770811508,finding,2,vendor,GE,availability,FLAIRax,1
Demyelinating disease of central nervous system,109,0.5974258833481064,0.055621957125547544,finding,2,vendor,GE,availability,FLAIRax,1
Lacunar infarct,61,0.9060575478969827,0.14307717483328034,finding,2,vendor,GE,availability,FLAIRax,1
Gliosis,1237,0.7116396969157202,0.5243986779687915,finding,2,vendor,GE,availability,FLAIRax,1
Cerebral atrophy,550,0.9408883445397056,0.7546125375653393,finding,2,vendor,GE,availability,FLAIRax,1
Encephalomalacia,62,0.8038279569892472,0.06986883359221364,finding,2,vendor,GE,availability,FLAIRax,1
Arachnoid cyst,165,0.5407516236457062,0.04682828207164542,finding,2,vendor,GE,availability,FLAIRax,1
Empty sella syndrome,88,0.6860098915478277,0.04145774233031842,finding,2,vendor,GE,availability,FLAIRax,1
Cyst of pineal gland,175,0.5965019228030195,0.056624882225542725,finding,2,vendor,GE,availability,FLAIRax,1
Rathke's pouch cyst,38,0.5938399868072204,0.01159462686438773,finding,2,vendor,GE,availability,FLAIRax,1
Cerebral edema,74,0.8600613742845691,0.24696904037362272,finding,2,vendor,GE,availability,FLAIRax,1
Mastoiditis,66,0.6388453817475899,0.025789736257907165,finding,2,vendor,GE,availability,FLAIRax,1
Chronic mastoiditis,123,0.6807262659240765,0.07967232524786524,finding,2,vendor,GE,availability,FLAIRax,1
Ventriculomegaly,345,0.893929037563467,0.4571920328145796,finding,2,vendor,GE,availability,FLAIRax,1
Cerebellar degeneration,34,0.7021855214515375,0.07287263142794098,finding,2,vendor,GE,availability,FLAIRax,1
Mega cisterna magna,49,0.4868170564504197,0.015448085651829778,finding,2,vendor,GE,availability,FLAIRax,1
Structure of cave of septum pellucidum,129,0.6205237238338663,0.04930178004977327,finding,2,vendor,GE,availability,FLAIRax,1
Hyperostosis of skull,40,0.7700024113817218,0.03757792655743056,finding,2,vendor,GE,availability,FLAIRax,1
Choroid plexus cyst,41,0.5200604755685763,0.01148442240066275,finding,2,vendor,GE,availability,FLAIRax,1
Pituitary adenoma,52,0.6033950330201842,0.018438571879615315,finding,2,vendor,GE,availability,FLAIRax,1
Cerebral infarction,129,0.8758295414168967,0.18988189450281656,finding,2,vendor,GE,availability,T2ax,1
Cerebral hemorrhage,27,0.8197916666666667,0.03888916861763743,finding,2,vendor,GE,availability,T2ax,1
Intracranial meningioma,75,0.7098540856031129,0.03580370736977115,finding,2,vendor,GE,availability,T2ax,1
Demyelinating disease of central nervous system,109,0.5595947824756694,0.02833475635755109,finding,2,vendor,GE,availability,T2ax,1
Lacunar infarct,61,0.902235324968413,0.14137806390939714,finding,2,vendor,GE,availability,T2ax,1
Gliosis,1237,0.6735891920036173,0.49308659006937205,finding,2,vendor,GE,availability,T2ax,1
Cerebral atrophy,550,0.8963156447621666,0.6414203879995568,finding,2,vendor,GE,availability,T2ax,1
Encephalomalacia,62,0.7568602150537634,0.06389258690076717,finding,2,vendor,GE,availability,T2ax,1
Arachnoid cyst,165,0.5628738905715533,0.05851176923080976,finding,2,vendor,GE,availability,T2ax,1
Empty sella syndrome,88,0.6587111047040297,0.03976298998121042,finding,2,vendor,GE,availability,T2ax,1
Cyst of pineal gland,175,0.6021207805155961,0.060544236244576,finding,2,vendor,GE,availability,T2ax,1
Rathke's pouch cyst,38,0.5813766157983534,0.014056770425345694,finding,2,vendor,GE,availability,T2ax,1
Cerebral edema,74,0.7936470387236252,0.15987803079075938,finding,2,vendor,GE,availability,T2ax,1
Mastoiditis,66,0.49511371908848245,0.017846686686016012,finding,2,vendor,GE,availability,T2ax,1
Chronic mastoiditis,123,0.7151930894308943,0.08233159130303622,finding,2,vendor,GE,availability,T2ax,1
Ventriculomegaly,345,0.8630129235226217,0.4095112016263687,finding,2,vendor,GE,availability,T2ax,1
Cerebellar degeneration,34,0.6930567555700345,0.06305957728059754,finding,2,vendor,GE,availability,T2ax,1
Mega cisterna magna,49,0.49284382675254734,0.013927995267908513,finding,2,vendor,GE,availability,T2ax,1
Structure of cave of septum pellucidum,129,0.630310115725087,0.048277249299666494,finding,2,vendor,GE,availability,T2ax,1
Hyperostosis of skull,40,0.7758982396913431,0.028010520166745396,finding,2,vendor,GE,availability,T2ax,1
Choroid plexus cyst,41,0.5016118974503783,0.010076626505524797,finding,2,vendor,GE,availability,T2ax,1
Pituitary adenoma,52,0.6391126406845875,0.021624796778627026,finding,2,vendor,GE,availability,T2ax,1
Cerebral infarction,129,0.8776194787977427,0.18296385878772323,finding,2,vendor,GE,availability,T1ax,1
Cerebral hemorrhage,27,0.8672008547008547,0.0835589608487348,finding,2,vendor,GE,availability,T1ax,1
Intracranial meningioma,75,0.7178274967574578,0.04107543413665476,finding,2,vendor,GE,availability,T1ax,1
Demyelinating disease of central nervous system,109,0.5498220480447782,0.028565085092727975,finding,2,vendor,GE,availability,T1ax,1
Lacunar infarct,61,0.8892866508268239,0.12880834267634633,finding,2,vendor,GE,availability,T1ax,1
Gliosis,1237,0.6861803433676334,0.5010020414104422,finding,2,vendor,GE,availability,T1ax,1
Cerebral atrophy,550,0.9034284000299947,0.647203137324598,finding,2,vendor,GE,availability,T1ax,1
Encephalomalacia,62,0.7990928641251221,0.07352186403742222,finding,2,vendor,GE,availability,T1ax,1
Arachnoid cyst,165,0.5830146316471527,0.059047568534096304,finding,2,vendor,GE,availability,T1ax,1
Empty sella syndrome,88,0.6625673667635121,0.04132072164127183,finding,2,vendor,GE,availability,T1ax,1
Cyst of pineal gland,175,0.5409015809713715,0.047607019890312935,finding,2,vendor,GE,availability,T1ax,1
Rathke's pouch cyst,38,0.5351257753929292,0.009580607810396005,finding,2,vendor,GE,availability,T1ax,1
Cerebral edema,74,0.8282735689737877,0.13758134533918734,finding,2,vendor,GE,availability,T1ax,1
Mastoiditis,66,0.49183781518166375,0.01905446347716181,finding,2,vendor,GE,availability,T1ax,1
Chronic mastoiditis,123,0.7213326611612572,0.07373207908353664,finding,2,vendor,GE,availability,T1ax,1
Ventriculomegaly,345,0.8677953058868795,0.40687103411495085,finding,2,vendor,GE,availability,T1ax,1
Cerebellar degeneration,34,0.6944944122604495,0.045624091090829884,finding,2,vendor,GE,availability,T1ax,1
Mega cisterna magna,49,0.44030932817786367,0.0133031564574453,finding,2,vendor,GE,availability,T1ax,1
Structure of cave of septum pellucidum,129,0.6267187792512445,0.051754649517196306,finding,2,vendor,GE,availability,T1ax,1
Hyperostosis of skull,40,0.7560766819387509,0.02830935812455075,finding,2,vendor,GE,availability,T1ax,1
Choroid plexus cyst,41,0.493175908604238,0.009541134774761633,finding,2,vendor,GE,availability,T1ax,1
Pituitary adenoma,52,0.6082271416612407,0.018891205920254936,finding,2,vendor,GE,availability,T1ax,1
Cerebral infarction,129,0.8916562556114631,0.21422251687629387,finding,2,vendor,GE,availability,FLAIRax+T2cor,2
Cerebral hemorrhage,27,0.850133547008547,0.0681835436107616,finding,2,vendor,GE,availability,FLAIRax+T2cor,2
Intracranial meningioma,75,0.7272957198443579,0.03923216583590931,finding,2,vendor,GE,availability,FLAIRax+T2cor,2
Demyelinating disease of central nervous system,109,0.5105983775101125,0.027233061794891846,finding,2,vendor,GE,availability,FLAIRax+T2cor,2
Lacunar infarct,61,0.909323522166509,0.15208567112394455,finding,2,vendor,GE,availability,FLAIRax+T2cor,2
Gliosis,1237,0.7241398681884823,0.5374441822759392,finding,2,vendor,GE,availability,FLAIRax+T2cor,2
Cerebral atrophy,550,0.9444087284725173,0.7580485833041241,finding,2,vendor,GE,availability,FLAIRax+T2cor,2
Encephalomalacia,62,0.7954956011730205,0.09266843913186855,finding,2,vendor,GE,availability,FLAIRax+T2cor,2
Arachnoid cyst,165,0.5745867426126005,0.05831514516083197,finding,2,vendor,GE,availability,FLAIRax+T2cor,2
Empty sella syndrome,88,0.6844518618731842,0.041319788363760816,finding,2,vendor,GE,availability,FLAIRax+T2cor,2
Cyst of pineal gland,175,0.6204600484261502,0.05875147572546287,finding,2,vendor,GE,availability,FLAIRax+T2cor,2
Rathke's pouch cyst,38,0.5856135276731235,0.011294066354878257,finding,2,vendor,GE,availability,FLAIRax+T2cor,2
Cerebral edema,74,0.8501882626609103,0.22102170262017018,finding,2,vendor,GE,availability,FLAIRax+T2cor,2
Mastoiditis,66,0.5829454457214709,0.023067411117991116,finding,2,vendor,GE,availability,FLAIRax+T2cor,2
Chronic mastoiditis,123,0.7316633058062865,0.08316952515946763,finding,2,vendor,GE,availability,FLAIRax+T2cor,2
Ventriculomegaly,345,0.8984073814212101,0.47628500492253456,finding,2,vendor,GE,availability,FLAIRax+T2cor,2
Cerebellar degeneration,34,0.7460800838515035,0.10193275780676875,finding,2,vendor,GE,availability,FLAIRax+T2cor,2
Mega cisterna magna,49,0.5082609167398231,0.013193448065182757,finding,2,vendor,GE,availability,FLAIRax+T2cor,2
Structure of cave of septum pellucidum,129,0.6304495665562521,0.052521900679139824,finding,2,vendor,GE,availability,FLAIRax+T2cor,2
Hyperostosis of skull,40,0.7932240173619485,0.029856012424777544,finding,2,vendor,GE,availability,FLAIRax+T2cor,2
Choroid plexus cyst,41,0.4897697457437671,0.00958419501142711,finding,2,vendor,GE,availability,FLAIRax+T2cor,2
Pituitary adenoma,52,0.6135429262394196,0.01789917683558151,finding,2,vendor,GE,availability,FLAIRax+T2cor,2
Cerebral infarction,129,0.881424767231729,0.19481925273306716,finding,2,vendor,GE,availability,T2ax+T2cor,2
Cerebral hemorrhage,27,0.8286146723646723,0.03475938362785507,finding,2,vendor,GE,availability,T2ax+T2cor,2
Intracranial meningioma,75,0.7170136186770427,0.03788393617081177,finding,2,vendor,GE,availability,T2ax+T2cor,2
Demyelinating disease of central nervous system,109,0.5104971406202896,0.02553635877759528,finding,2,vendor,GE,availability,T2ax+T2cor,2
Lacunar infarct,61,0.9050801395389494,0.147420060313004,finding,2,vendor,GE,availability,T2ax+T2cor,2
Gliosis,1237,0.6983145390022334,0.514419163252067,finding,2,vendor,GE,availability,T2ax+T2cor,2
Cerebral atrophy,550,0.918481765691004,0.6816350631366876,finding,2,vendor,GE,availability,T2ax+T2cor,2
Encephalomalacia,62,0.7674134897360705,0.0865251588460833,finding,2,vendor,GE,availability,T2ax+T2cor,2
Arachnoid cyst,165,0.5834124436809668,0.0647632823027808,finding,2,vendor,GE,availability,T2ax+T2cor,2
Empty sella syndrome,88,0.6619325112555168,0.040342025109204586,finding,2,vendor,GE,availability,T2ax+T2cor,2
Cyst of pineal gland,175,0.6270873095000712,0.0635772714051444,finding,2,vendor,GE,availability,T2ax+T2cor,2
Rathke's pouch cyst,38,0.5753700955207977,0.012416773225011765,finding,2,vendor,GE,availability,T2ax+T2cor,2
Cerebral edema,74,0.8044138230133854,0.15874747482351462,finding,2,vendor,GE,availability,T2ax+T2cor,2
Mastoiditis,66,0.49665791621627586,0.01919456932737136,finding,2,vendor,GE,availability,T2ax+T2cor,2
Chronic mastoiditis,123,0.7443585557902823,0.0872982382848941,finding,2,vendor,GE,availability,T2ax+T2cor,2
Ventriculomegaly,345,0.8810379557748456,0.4469421998435721,finding,2,vendor,GE,availability,T2ax+T2cor,2
Cerebellar degeneration,34,0.7398974518774522,0.08870580315352307,finding,2,vendor,GE,availability,T2ax+T2cor,2
Mega cisterna magna,49,0.521226857103402,0.01248892797141598,finding,2,vendor,GE,availability,T2ax+T2cor,2
Structure of cave of septum pellucidum,129,0.6315326983544802,0.050736556872735816,finding,2,vendor,GE,availability,T2ax+T2cor,2
Hyperostosis of skull,40,0.7914215095249578,0.029497228652274592,finding,2,vendor,GE,availability,T2ax+T2cor,2
Choroid plexus cyst,41,0.4815808360688527,0.010147914715288815,finding,2,vendor,GE,availability,T2ax+T2cor,2
Pituitary adenoma,52,0.6334015440424148,0.017999849159369953,finding,2,vendor,GE,availability,T2ax+T2cor,2
Cerebral infarction,129,0.8900382439128756,0.20452390378166932,finding,2,vendor,GE,availability,T2ax+FLAIRax,2
Cerebral hemorrhage,27,0.8454594017094017,0.06872282500309067,finding,2,vendor,GE,availability,T2ax+FLAIRax,2
Intracranial meningioma,75,0.7278793774319066,0.03655155609377257,finding,2,vendor,GE,availability,T2ax+FLAIRax,2
Demyelinating disease of central nervous system,109,0.5638849768954921,0.030246864554345915,finding,2,vendor,GE,availability,T2ax+FLAIRax,2
Lacunar infarct,61,0.9087037022321464,0.1543962608779933,finding,2,vendor,GE,availability,T2ax+FLAIRax,2
Gliosis,1237,0.7010857322938219,0.5164359227361931,finding,2,vendor,GE,availability,T2ax+FLAIRax,2
Cerebral atrophy,550,0.9317874371984901,0.7256754016033334,finding,2,vendor,GE,availability,T2ax+FLAIRax,2
Encephalomalacia,62,0.7909481915933528,0.07671925462348225,finding,2,vendor,GE,availability,T2ax+FLAIRax,2
Arachnoid cyst,165,0.5574341123818995,0.05255401629827432,finding,2,vendor,GE,availability,T2ax+FLAIRax,2
Empty sella syndrome,88,0.6838031448912152,0.04126218789851845,finding,2,vendor,GE,availability,T2ax+FLAIRax,2
Cyst of pineal gland,175,0.6000897308075772,0.05772869371669211,finding,2,vendor,GE,availability,T2ax+FLAIRax,2
Rathke's pouch cyst,38,0.5834697010059494,0.012346818494290587,finding,2,vendor,GE,availability,T2ax+FLAIRax,2
Cerebral edema,74,0.8395397585769577,0.22485408369044665,finding,2,vendor,GE,availability,T2ax+FLAIRax,2
Mastoiditis,66,0.5836954843263991,0.022192205900338706,finding,2,vendor,GE,availability,T2ax+FLAIRax,2
Chronic mastoiditis,123,0.7012515203892196,0.0795262786642455,finding,2,vendor,GE,availability,T2ax+FLAIRax,2
Ventriculomegaly,345,0.8880451757463277,0.45675063622764794,finding,2,vendor,GE,availability,T2ax+FLAIRax,2
Cerebellar degeneration,34,0.696583617795782,0.06985122478207527,finding,2,vendor,GE,availability,T2ax+FLAIRax,2
Mega cisterna magna,49,0.48436097493613206,0.014130805939951184,finding,2,vendor,GE,availability,T2ax+FLAIRax,2
Structure of cave of septum pellucidum,129,0.6288716708501917,0.049715541222300444,finding,2,vendor,GE,availability,T2ax+FLAIRax,2
Hyperostosis of skull,40,0.7879129491198457,0.034438308922489724,finding,2,vendor,GE,availability,T2ax+FLAIRax,2
Choroid plexus cyst,41,0.5093478286447118,0.010027793829092604,finding,2,vendor,GE,availability,T2ax+FLAIRax,2
Pituitary adenoma,52,0.6195005115803182,0.020178553037207482,finding,2,vendor,GE,availability,T2ax+FLAIRax,2
Cerebral infarction,129,0.8830427789303167,0.21128752629776787,finding,2,vendor,GE,availability,T1ax+T2cor,2
Cerebral hemorrhage,27,0.8588675213675214,0.06164803497595935,finding,2,vendor,GE,availability,T1ax+T2cor,2
Intracranial meningioma,75,0.7309889753566797,0.04323812704704236,finding,2,vendor,GE,availability,T1ax+T2cor,2
Demyelinating disease of central nervous system,109,0.5094825220133993,0.0255831524691398,finding,2,vendor,GE,availability,T1ax+T2cor,2
Lacunar infarct,61,0.9008168908878523,0.15892798188978013,finding,2,vendor,GE,availability,T1ax+T2cor,2
Gliosis,1237,0.7102086787334037,0.5246371984821382,finding,2,vendor,GE,availability,T1ax+T2cor,2
Cerebral atrophy,550,0.9232639288124578,0.6899970332212172,finding,2,vendor,GE,availability,T1ax+T2cor,2
Encephalomalacia,62,0.7907135874877811,0.10106762934896853,finding,2,vendor,GE,availability,T1ax+T2cor,2
Arachnoid cyst,165,0.5993234181697633,0.07851286762889403,finding,2,vendor,GE,availability,T1ax+T2cor,2
Empty sella syndrome,88,0.6684252256647962,0.04122570178327659,finding,2,vendor,GE,availability,T1ax+T2cor,2
Cyst of pineal gland,175,0.6053055120353226,0.05962315436820035,finding,2,vendor,GE,availability,T1ax+T2cor,2
Rathke's pouch cyst,38,0.5803364158770028,0.011169213713245467,finding,2,vendor,GE,availability,T1ax+T2cor,2
Cerebral edema,74,0.8284805593339511,0.17403736187063001,finding,2,vendor,GE,availability,T1ax+T2cor,2
Mastoiditis,66,0.4857124999080835,0.018329007497048983,finding,2,vendor,GE,availability,T1ax+T2cor,2
Chronic mastoiditis,123,0.7525546539914219,0.08442420600316665,finding,2,vendor,GE,availability,T1ax+T2cor,2
Ventriculomegaly,345,0.8846079563029522,0.44391002931561074,finding,2,vendor,GE,availability,T1ax+T2cor,2
Cerebellar degeneration,34,0.7409385136187874,0.07139840184138559,finding,2,vendor,GE,availability,T1ax+T2cor,2
Mega cisterna magna,49,0.48073603535179177,0.012178365417525911,finding,2,vendor,GE,availability,T1ax+T2cor,2
Structure of cave of septum pellucidum,129,0.6391012489445672,0.05187788015875112,finding,2,vendor,GE,availability,T1ax+T2cor,2
Hyperostosis of skull,40,0.7880094043887147,0.028954136184852094,finding,2,vendor,GE,availability,T1ax+T2cor,2
Choroid plexus cyst,41,0.4817867353782076,0.009629882569685642,finding,2,vendor,GE,availability,T1ax+T2cor,2
Pituitary adenoma,52,0.6230536694261,0.017462990610604252,finding,2,vendor,GE,availability,T1ax+T2cor,2
Cerebral infarction,129,0.8923707023355149,0.20757641090390466,finding,2,vendor,GE,availability,T1ax+FLAIRax,2
Cerebral hemorrhage,27,0.8656606125356126,0.12697087202687468,finding,2,vendor,GE,availability,T1ax+FLAIRax,2
Intracranial meningioma,75,0.7274092088197147,0.03903047698119409,finding,2,vendor,GE,availability,T1ax+FLAIRax,2
Demyelinating disease of central nervous system,109,0.5842808356317857,0.047585679382242244,finding,2,vendor,GE,availability,T1ax+FLAIRax,2
Lacunar infarct,61,0.9054337547579127,0.1525259174332975,finding,2,vendor,GE,availability,T1ax+FLAIRax,2
Gliosis,1237,0.7131131907430497,0.5253495450924828,finding,2,vendor,GE,availability,T1ax+FLAIRax,2
Cerebral atrophy,550,0.9404759167145749,0.7438057671440212,finding,2,vendor,GE,availability,T1ax+FLAIRax,2
Encephalomalacia,62,0.809544477028348,0.09158946850852948,finding,2,vendor,GE,availability,T1ax+FLAIRax,2
Arachnoid cyst,165,0.5694709401323026,0.05566774204243188,finding,2,vendor,GE,availability,T1ax+FLAIRax,2
Empty sella syndrome,88,0.6954079709019938,0.042768646225931434,finding,2,vendor,GE,availability,T1ax+FLAIRax,2
Cyst of pineal gland,175,0.5852983905426578,0.05596319262656178,finding,2,vendor,GE,availability,T1ax+FLAIRax,2
Rathke's pouch cyst,38,0.5758204259745532,0.010825485977834136,finding,2,vendor,GE,availability,T1ax+FLAIRax,2
Cerebral edema,74,0.8591249893219258,0.2584310579481505,finding,2,vendor,GE,availability,T1ax+FLAIRax,2
Mastoiditis,66,0.5926591809872567,0.022719980575590562,finding,2,vendor,GE,availability,T1ax+FLAIRax,2
Chronic mastoiditis,123,0.7041602650278471,0.07959195679834032,finding,2,vendor,GE,availability,T1ax+FLAIRax,2
Ventriculomegaly,345,0.8933420848139179,0.4571254183828571,finding,2,vendor,GE,availability,T1ax+FLAIRax,2
Cerebellar degeneration,34,0.7113072052803785,0.07227895463535441,finding,2,vendor,GE,availability,T1ax+FLAIRax,2
Mega cisterna magna,49,0.4606089898501691,0.013883678421052295,finding,2,vendor,GE,availability,T1ax+FLAIRax,2
Structure of cave of septum pellucidum,129,0.6294523975991534,0.05143405174465772,finding,2,vendor,GE,availability,T1ax+FLAIRax,2
Hyperostosis of skull,40,0.7816554135519653,0.03258987038459807,finding,2,vendor,GE,availability,T1ax+FLAIRax,2
Choroid plexus cyst,41,0.5111362112173944,0.009940005294043108,finding,2,vendor,GE,availability,T1ax+FLAIRax,2
Pituitary adenoma,52,0.6029718165752023,0.019807057208432614,finding,2,vendor,GE,availability,T1ax+FLAIRax,2
Cerebral infarction,129,0.8818708188629217,0.19934626074824516,finding,2,vendor,GE,availability,T1ax+T2ax,2
Cerebral hemorrhage,27,0.8550213675213676,0.0640668160376202,finding,2,vendor,GE,availability,T1ax+T2ax,2
Intracranial meningioma,75,0.7241990920881971,0.04000693118026209,finding,2,vendor,GE,availability,T1ax+T2ax,2
Demyelinating disease of central nervous system,109,0.5652977939356854,0.02887805786556988,finding,2,vendor,GE,availability,T1ax+T2ax,2
Lacunar infarct,61,0.9007692124313628,0.1514028481038405,finding,2,vendor,GE,availability,T1ax+T2ax,2
Gliosis,1237,0.6833892824356356,0.5018372284127383,finding,2,vendor,GE,availability,T1ax+T2ax,2
Cerebral atrophy,550,0.9066298397780389,0.6620201628213038,finding,2,vendor,GE,availability,T1ax+T2ax,2
Encephalomalacia,62,0.779562072336266,0.0785614625321773,finding,2,vendor,GE,availability,T1ax+T2ax,2
Arachnoid cyst,165,0.580591594713922,0.0688573703099414,finding,2,vendor,GE,availability,T1ax+T2ax,2
Empty sella syndrome,88,0.6685887910576859,0.040720168754958846,finding,2,vendor,GE,availability,T1ax+T2ax,2
Cyst of pineal gland,175,0.5822105113231734,0.05595660986093426,finding,2,vendor,GE,availability,T1ax+T2ax,2
Rathke's pouch cyst,38,0.5641181768593574,0.01111313578526698,finding,2,vendor,GE,availability,T1ax+T2ax,2
Cerebral edema,74,0.8187290134773723,0.1916980299480302,finding,2,vendor,GE,availability,T1ax+T2ax,2
Mastoiditis,66,0.4880839454971947,0.018158580903806384,finding,2,vendor,GE,availability,T1ax+T2ax,2
Chronic mastoiditis,123,0.7223029095448434,0.07715097127391025,finding,2,vendor,GE,availability,T1ax+T2ax,2
Ventriculomegaly,345,0.871292125930788,0.4192454823667112,finding,2,vendor,GE,availability,T1ax+T2ax,2
Cerebellar degeneration,34,0.6985099361198849,0.06665141455229086,finding,2,vendor,GE,availability,T1ax+T2ax,2
Mega cisterna magna,49,0.45446878606444996,0.014288286615150633,finding,2,vendor,GE,availability,T1ax+T2ax,2
Structure of cave of septum pellucidum,129,0.6389713495401944,0.050488425834985036,finding,2,vendor,GE,availability,T1ax+T2ax,2
Hyperostosis of skull,40,0.7753797926211718,0.03032311394006841,finding,2,vendor,GE,availability,T1ax+T2ax,2
Choroid plexus cyst,41,0.5022943065899546,0.009755561359417946,finding,2,vendor,GE,availability,T1ax+T2ax,2
Pituitary adenoma,52,0.6258208538740582,0.020834593359425002,finding,2,vendor,GE,availability,T1ax+T2ax,2
Cerebral infarction,129,0.8907813449173038,0.20831935062431395,finding,2,vendor,GE,availability,T2ax+FLAIRax+T2cor,3
Cerebral hemorrhage,27,0.8470441595441596,0.05753808616012149,finding,2,vendor,GE,availability,T2ax+FLAIRax+T2cor,3
Intracranial meningioma,75,0.7302788586251621,0.03829236093868506,finding,2,vendor,GE,availability,T2ax+FLAIRax+T2cor,3
Demyelinating disease of central nervous system,109,0.5219369091702625,0.026716961315040345,finding,2,vendor,GE,availability,T2ax+FLAIRax+T2cor,3
Lacunar infarct,61,0.9097605746843289,0.16010804552419933,finding,2,vendor,GE,availability,T2ax+FLAIRax+T2cor,3
Gliosis,1237,0.7109132263677843,0.5256461744357463,finding,2,vendor,GE,availability,T2ax+FLAIRax+T2cor,3
Cerebral atrophy,550,0.9370710125727999,0.7336876261047873,finding,2,vendor,GE,availability,T2ax+FLAIRax+T2cor,3
Encephalomalacia,62,0.7886295210166179,0.08694275019928194,finding,2,vendor,GE,availability,T2ax+FLAIRax+T2cor,3
Arachnoid cyst,165,0.5742522188568931,0.06025028227705928,finding,2,vendor,GE,availability,T2ax+FLAIRax+T2cor,3
Empty sella syndrome,88,0.6804431235999912,0.0413679447592899,finding,2,vendor,GE,availability,T2ax+FLAIRax+T2cor,3
Cyst of pineal gland,175,0.6172674832644922,0.05948349207002767,finding,2,vendor,GE,availability,T2ax+FLAIRax+T2cor,3
Rathke's pouch cyst,38,0.5848143496847688,0.012383653549264084,finding,2,vendor,GE,availability,T2ax+FLAIRax+T2cor,3
Cerebral edema,74,0.8364644732259612,0.21460037092000764,finding,2,vendor,GE,availability,T2ax+FLAIRax+T2cor,3
Mastoiditis,66,0.560392814336032,0.021153042911122064,finding,2,vendor,GE,availability,T2ax+FLAIRax+T2cor,3
Chronic mastoiditis,123,0.728054381921772,0.08419386935412755,finding,2,vendor,GE,availability,T2ax+FLAIRax+T2cor,3
Ventriculomegaly,345,0.8926215965416563,0.46469204733521685,finding,2,vendor,GE,availability,T2ax+FLAIRax+T2cor,3
Cerebellar degeneration,34,0.733870625061968,0.09039112475531075,finding,2,vendor,GE,availability,T2ax+FLAIRax+T2cor,3
Mega cisterna magna,49,0.5054842623371243,0.013237953032412736,finding,2,vendor,GE,availability,T2ax+FLAIRax+T2cor,3
Structure of cave of septum pellucidum,129,0.6322777096442667,0.050866467620977324,finding,2,vendor,GE,availability,T2ax+FLAIRax+T2cor,3
Hyperostosis of skull,40,0.795370147094285,0.03130848801972856,finding,2,vendor,GE,availability,T2ax+FLAIRax+T2cor,3
Choroid plexus cyst,41,0.49547021519419243,0.009842249693767496,finding,2,vendor,GE,availability,T2ax+FLAIRax+T2cor,3
Pituitary adenoma,52,0.6234629336805879,0.019391055489221775,finding,2,vendor,GE,availability,T2ax+FLAIRax+T2cor,3
Cerebral infarction,129,0.8924872297423789,0.21674966424836853,finding,2,vendor,GE,availability,T1ax+FLAIRax+T2cor,3
Cerebral hemorrhage,27,0.8635772792022792,0.09207819593320993,finding,2,vendor,GE,availability,T1ax+FLAIRax+T2cor,3
Intracranial meningioma,75,0.7357263294422828,0.041591763414128236,finding,2,vendor,GE,availability,T1ax+FLAIRax+T2cor,3
Demyelinating disease of central nervous system,109,0.5297681450252192,0.029383231733967168,finding,2,vendor,GE,availability,T1ax+FLAIRax+T2cor,3
Lacunar infarct,61,0.9075196872293254,0.16768738106410339,finding,2,vendor,GE,availability,T1ax+FLAIRax+T2cor,3
Gliosis,1237,0.7207708644478852,0.5336335195359684,finding,2,vendor,GE,availability,T1ax+FLAIRax+T2cor,3
Cerebral atrophy,550,0.9425705501537233,0.7470342656322827,finding,2,vendor,GE,availability,T1ax+FLAIRax+T2cor,3
Encephalomalacia,62,0.8024828934506354,0.10515548918476861,finding,2,vendor,GE,availability,T1ax+FLAIRax+T2cor,3
Arachnoid cyst,165,0.5825761342916986,0.0654379188909417,finding,2,vendor,GE,availability,T1ax+FLAIRax+T2cor,3
Empty sella syndrome,88,0.6900435804741732,0.04168271478767575,finding,2,vendor,GE,availability,T1ax+FLAIRax+T2cor,3
Cyst of pineal gland,175,0.6051958410482837,0.05773682218947536,finding,2,vendor,GE,availability,T1ax+FLAIRax+T2cor,3
Rathke's pouch cyst,38,0.5830891400591137,0.010994557389300785,finding,2,vendor,GE,availability,T1ax+FLAIRax+T2cor,3
Cerebral edema,74,0.8526852892279588,0.24353961084990544,finding,2,vendor,GE,availability,T1ax+FLAIRax+T2cor,3
Mastoiditis,66,0.5613671291904729,0.02102386813942462,finding,2,vendor,GE,availability,T1ax+FLAIRax+T2cor,3
Chronic mastoiditis,123,0.7325015203892197,0.08368332210569131,finding,2,vendor,GE,availability,T1ax+FLAIRax+T2cor,3
Ventriculomegaly,345,0.8965039343940732,0.46818261856121396,finding,2,vendor,GE,availability,T1ax+FLAIRax+T2cor,3
Cerebellar degeneration,34,0.7387784875568335,0.08501810352417512,finding,2,vendor,GE,availability,T1ax+FLAIRax+T2cor,3
Mega cisterna magna,49,0.4732099703100186,0.012872341710866746,finding,2,vendor,GE,availability,T1ax+FLAIRax+T2cor,3
Structure of cave of septum pellucidum,129,0.6371069110303696,0.05207019093142181,finding,2,vendor,GE,availability,T1ax+FLAIRax+T2cor,3
Hyperostosis of skull,40,0.7938328912466843,0.030381606400731558,finding,2,vendor,GE,availability,T1ax+FLAIRax+T2cor,3
Choroid plexus cyst,41,0.49526431588483755,0.009479975108383049,finding,2,vendor,GE,availability,T1ax+FLAIRax+T2cor,3
Pituitary adenoma,52,0.6106734257278393,0.018728825864473744,finding,2,vendor,GE,availability,T1ax+FLAIRax+T2cor,3
Cerebral infarction,129,0.8845519043634739,0.20682339211197567,finding,2,vendor,GE,availability,T1ax+T2ax+T2cor,3
Cerebral hemorrhage,27,0.8515758547008547,0.05675179576091486,finding,2,vendor,GE,availability,T1ax+T2ax+T2cor,3
Intracranial meningioma,75,0.7291309987029833,0.04126662456555205,finding,2,vendor,GE,availability,T1ax+T2ax+T2cor,3
Demyelinating disease of central nervous system,109,0.5302113376317767,0.02676586089875777,finding,2,vendor,GE,availability,T1ax+T2ax+T2cor,3
Lacunar infarct,61,0.9040550527244264,0.161850545387752,finding,2,vendor,GE,availability,T1ax+T2ax+T2cor,3
Gliosis,1237,0.6991096556732389,0.5158854630672256,finding,2,vendor,GE,availability,T1ax+T2ax+T2cor,3
Cerebral atrophy,550,0.9203634363986303,0.6860793646785217,finding,2,vendor,GE,availability,T1ax+T2ax+T2cor,3
Encephalomalacia,62,0.7813998044965788,0.0982272283866953,finding,2,vendor,GE,availability,T1ax+T2ax+T2cor,3
Arachnoid cyst,165,0.5897277097177644,0.07445480417855004,finding,2,vendor,GE,availability,T1ax+T2ax+T2cor,3
Empty sella syndrome,88,0.6699666215706713,0.040843048868818205,finding,2,vendor,GE,availability,T1ax+T2ax+T2cor,3
Cyst of pineal gland,175,0.6072297393533684,0.06045246194765351,finding,2,vendor,GE,availability,T1ax+T2ax+T2cor,3
Rathke's pouch cyst,38,0.5785731501566642,0.011983773479724983,finding,2,vendor,GE,availability,T1ax+T2ax+T2cor,3
Cerebral edema,74,0.8202009449274219,0.20439148073085575,finding,2,vendor,GE,availability,T1ax+T2ax+T2cor,3
Mastoiditis,66,0.48802144228011735,0.017973494345580654,finding,2,vendor,GE,availability,T1ax+T2ax+T2cor,3
Chronic mastoiditis,123,0.7413377824723129,0.08566398926758312,finding,2,vendor,GE,availability,T1ax+T2ax+T2cor,3
Ventriculomegaly,345,0.8823189914673065,0.4425205793316788,finding,2,vendor,GE,availability,T1ax+T2ax+T2cor,3
Cerebellar degeneration,34,0.7299896602031132,0.07688547812848434,finding,2,vendor,GE,availability,T1ax+T2ax+T2cor,3
Mega cisterna magna,49,0.48422781389017666,0.012782960773926572,finding,2,vendor,GE,availability,T1ax+T2ax+T2cor,3
Structure of cave of septum pellucidum,129,0.6399455950729921,0.05083889772414836,finding,2,vendor,GE,availability,T1ax+T2ax+T2cor,3
Hyperostosis of skull,40,0.7903544731130938,0.02981725865324835,finding,2,vendor,GE,availability,T1ax+T2ax+T2cor,3
Choroid plexus cyst,41,0.49105220429917756,0.009843061876897888,finding,2,vendor,GE,availability,T1ax+T2ax+T2cor,3
Pituitary adenoma,52,0.6314668402939262,0.018900579815265817,finding,2,vendor,GE,availability,T1ax+T2ax+T2cor,3
Cerebral infarction,129,0.8905826752400273,0.20765318127924448,finding,2,vendor,GE,availability,T1ax+T2ax+FLAIRax,3
Cerebral hemorrhage,27,0.8585470085470085,0.09094311259674116,finding,2,vendor,GE,availability,T1ax+T2ax+FLAIRax,3
Intracranial meningioma,75,0.7317185473411155,0.03887694979904637,finding,2,vendor,GE,availability,T1ax+T2ax+FLAIRax,3
Demyelinating disease of central nervous system,109,0.5676307418189345,0.03033773364717087,finding,2,vendor,GE,availability,T1ax+T2ax+FLAIRax,3
Lacunar infarct,61,0.9071144203491651,0.15634870403622472,finding,2,vendor,GE,availability,T1ax+T2ax+FLAIRax,3
Gliosis,1237,0.7020174561199183,0.5164453946985077,finding,2,vendor,GE,availability,T1ax+T2ax+FLAIRax,3
Cerebral atrophy,550,0.9314265003624366,0.7186443169863318,finding,2,vendor,GE,availability,T1ax+T2ax+FLAIRax,3
Encephalomalacia,62,0.7968054740957967,0.08368129169470216,finding,2,vendor,GE,availability,T1ax+T2ax+FLAIRax,3
Arachnoid cyst,165,0.5677154438467218,0.05885639902609598,finding,2,vendor,GE,availability,T1ax+T2ax+FLAIRax,3
Empty sella syndrome,88,0.6875124753265763,0.04180875438155628,finding,2,vendor,GE,availability,T1ax+T2ax+FLAIRax,3
Cyst of pineal gland,175,0.5913801452784504,0.056361077515395916,finding,2,vendor,GE,availability,T1ax+T2ax+FLAIRax,3
Rathke's pouch cyst,38,0.579124963529576,0.011273034807504991,finding,2,vendor,GE,availability,T1ax+T2ax+FLAIRax,3
Cerebral edema,74,0.8438077026698471,0.24372190788290132,finding,2,vendor,GE,availability,T1ax+T2ax+FLAIRax,3
Mastoiditis,66,0.5589552403432531,0.02052754944949335,finding,2,vendor,GE,availability,T1ax+T2ax+FLAIRax,3
Chronic mastoiditis,123,0.711112044683439,0.0797848214664392,finding,2,vendor,GE,availability,T1ax+T2ax+FLAIRax,3
Ventriculomegaly,345,0.8876724833835036,0.4505125394057647,finding,2,vendor,GE,availability,T1ax+T2ax+FLAIRax,3
Cerebellar degeneration,34,0.707086301893741,0.07127042620915944,finding,2,vendor,GE,availability,T1ax+T2ax+FLAIRax,3
Mega cisterna magna,49,0.4639676073425987,0.014210208512554532,finding,2,vendor,GE,availability,T1ax+T2ax+FLAIRax,3
Structure of cave of septum pellucidum,129,0.6353933850638609,0.050998550241176756,finding,2,vendor,GE,availability,T1ax+T2ax+FLAIRax,3
Hyperostosis of skull,40,0.7871654207861104,0.03505586353331341,finding,2,vendor,GE,availability,T1ax+T2ax+FLAIRax,3
Choroid plexus cyst,41,0.5076888684950526,0.00984357181204124,finding,2,vendor,GE,availability,T1ax+T2ax+FLAIRax,3
Pituitary adenoma,52,0.6151474281462189,0.020278150709417984,finding,2,vendor,GE,availability,T1ax+T2ax+FLAIRax,3
Cerebral infarction,129,0.8911366579939712,0.21160637778419986,finding,2,vendor,GE,availability,T1ax+T2ax+FLAIRax+T2cor,4
Cerebral hemorrhage,27,0.857977207977208,0.07642239105479588,finding,2,vendor,GE,availability,T1ax+T2ax+FLAIRax+T2cor,4
Intracranial meningioma,75,0.7347730220492867,0.04017268593020773,finding,2,vendor,GE,availability,T1ax+T2ax+FLAIRax+T2cor,4
Demyelinating disease of central nervous system,109,0.5373406643839623,0.027640047730599766,finding,2,vendor,GE,availability,T1ax+T2ax+FLAIRax+T2cor,4
Lacunar infarct,61,0.9083381673990607,0.1690170187753903,finding,2,vendor,GE,availability,T1ax+T2ax+FLAIRax+T2cor,4
Gliosis,1237,0.7100001370182097,0.524446508362978,finding,2,vendor,GE,availability,T1ax+T2ax+FLAIRax+T2cor,4
Cerebral atrophy,550,0.9355747744144776,0.7276009644099194,finding,2,vendor,GE,availability,T1ax+T2ax+FLAIRax+T2cor,4
Encephalomalacia,62,0.7939745845552296,0.09397230269670312,finding,2,vendor,GE,availability,T1ax+T2ax+FLAIRax+T2cor,4
Arachnoid cyst,165,0.5787321248285943,0.06557578290839478,finding,2,vendor,GE,availability,T1ax+T2ax+FLAIRax+T2cor,4
Empty sella syndrome,88,0.6836395794983254,0.041609129604641776,finding,2,vendor,GE,availability,T1ax+T2ax+FLAIRax+T2cor,4
Cyst of pineal gland,175,0.6058595641646489,0.05843698704194396,finding,2,vendor,GE,availability,T1ax+T2ax+FLAIRax+T2cor,4
Rathke's pouch cyst,38,0.5834697010059494,0.011489109129203092,finding,2,vendor,GE,availability,T1ax+T2ax+FLAIRax+T2cor,4
Cerebral edema,74,0.841077401252456,0.23559564059037508,finding,2,vendor,GE,availability,T1ax+T2ax+FLAIRax+T2cor,4
Mastoiditis,66,0.5448993698205056,0.019963469282469004,finding,2,vendor,GE,availability,T1ax+T2ax+FLAIRax+T2cor,4
Chronic mastoiditis,123,0.7295267588502656,0.0839502727392797,finding,2,vendor,GE,availability,T1ax+T2ax+FLAIRax+T2cor,4
Ventriculomegaly,345,0.891440901100725,0.4596406088516795,finding,2,vendor,GE,availability,T1ax+T2ax+FLAIRax+T2cor,4
Cerebellar degeneration,34,0.7303295987308961,0.07808547914495427,finding,2,vendor,GE,availability,T1ax+T2ax+FLAIRax+T2cor,4
Mega cisterna magna,49,0.4777275820913189,0.01331290448623395,finding,2,vendor,GE,availability,T1ax+T2ax+FLAIRax+T2cor,4
Structure of cave of septum pellucidum,129,0.6375195326677899,0.05132583002829924,finding,2,vendor,GE,availability,T1ax+T2ax+FLAIRax+T2cor,4
Hyperostosis of skull,40,0.7946286472148542,0.031141963871290184,finding,2,vendor,GE,availability,T1ax+T2ax+FLAIRax+T2cor,4
Choroid plexus cyst,41,0.49835868836257097,0.009667433698868555,finding,2,vendor,GE,availability,T1ax+T2ax+FLAIRax+T2cor,4
Pituitary adenoma,52,0.6187610454841409,0.019736568909859007,finding,2,vendor,GE,availability,T1ax+T2ax+FLAIRax+T2cor,4
Cerebral infarction,129,0.8758295414168968,0.18988189450281656,finding,2,vendor,GE,budget,all4,1
Cerebral hemorrhage,27,0.846536680911681,0.09589027585273784,finding,2,vendor,GE,budget,all4,1
Intracranial meningioma,75,0.7098540856031129,0.03580370736977115,finding,2,vendor,GE,budget,all4,1
Demyelinating disease of central nervous system,109,0.465653697846129,0.022944905430323268,finding,2,vendor,GE,budget,all4,1
Lacunar infarct,61,0.9060575478969827,0.14307717483328034,finding,2,vendor,GE,budget,all4,1
Gliosis,1237,0.6735889179671978,0.49308643316711565,finding,2,vendor,GE,budget,all4,1
Cerebral atrophy,550,0.9408883445397056,0.7546125375653393,finding,2,vendor,GE,budget,all4,1
Encephalomalacia,62,0.8038279569892472,0.06986883359221364,finding,2,vendor,GE,budget,all4,1
Arachnoid cyst,165,0.5628738905715533,0.05851176923080976,finding,2,vendor,GE,budget,all4,1
Empty sella syndrome,88,0.6587111047040298,0.03976298998121042,finding,2,vendor,GE,budget,all4,1
Cyst of pineal gland,175,0.5965019228030195,0.056624882225542725,finding,2,vendor,GE,budget,all4,1
Rathke's pouch cyst,38,0.5351257753929292,0.009580607810396005,finding,2,vendor,GE,budget,all4,1
Cerebral edema,74,0.8600613742845691,0.2469690403736227,finding,2,vendor,GE,budget,all4,1
Mastoiditis,66,0.49511371908848245,0.017846686686016012,finding,2,vendor,GE,budget,all4,1
Chronic mastoiditis,123,0.7151930894308943,0.08233159130303622,finding,2,vendor,GE,budget,all4,1
Ventriculomegaly,345,0.8939290375634671,0.4571920328145796,finding,2,vendor,GE,budget,all4,1
Cerebellar degeneration,34,0.6930567555700344,0.06305957728059754,finding,2,vendor,GE,budget,all4,1
Mega cisterna magna,49,0.44030932817786367,0.0133031564574453,finding,2,vendor,GE,budget,all4,1
Structure of cave of septum pellucidum,129,0.630310115725087,0.048277249299666494,finding,2,vendor,GE,budget,all4,1
Hyperostosis of skull,40,0.7700024113817218,0.03757792655743056,finding,2,vendor,GE,budget,all4,1
Choroid plexus cyst,41,0.493175908604238,0.009541134774761633,finding,2,vendor,GE,budget,all4,1
Pituitary adenoma,52,0.6082271416612408,0.018891205920254936,finding,2,vendor,GE,budget,all4,1
Cerebral infarction,129,0.8900649879078937,0.20457070447886933,finding,2,vendor,GE,budget,all4,2
Cerebral hemorrhage,27,0.8454237891737891,0.06870158412346725,finding,2,vendor,GE,budget,all4,2
Intracranial meningioma,75,0.7279345006485084,0.03655902395583604,finding,2,vendor,GE,budget,all4,2
Demyelinating disease of central nervous system,109,0.5107536074078407,0.025666985266397567,finding,2,vendor,GE,budget,all4,2
Lacunar infarct,61,0.908727541460391,0.1542681919438298,finding,2,vendor,GE,budget,all4,2
Gliosis,1237,0.6989200224709864,0.5149525959162952,finding,2,vendor,GE,budget,all4,2
Cerebral atrophy,550,0.9310470667633164,0.7230979946382932,finding,2,vendor,GE,budget,all4,2
Encephalomalacia,62,0.7909208211143695,0.07672554034245867,finding,2,vendor,GE,budget,all4,2
Arachnoid cyst,165,0.5835766918312915,0.06490231359206809,finding,2,vendor,GE,budget,all4,2
Empty sella syndrome,88,0.6685943356472753,0.04073065429239794,finding,2,vendor,GE,budget,all4,2
Cyst of pineal gland,175,0.6206679960119642,0.058791958561239095,finding,2,vendor,GE,budget,all4,2
Rathke's pouch cyst,38,0.5641181768593574,0.01111313578526698,finding,2,vendor,GE,budget,all4,2
Cerebral edema,74,0.839359052706974,0.22440213236275172,finding,2,vendor,GE,budget,all4,2
Mastoiditis,66,0.5846440625620437,0.02227201938497908,finding,2,vendor,GE,budget,all4,2
Chronic mastoiditis,123,0.7223049100569746,0.07713211054811818,finding,2,vendor,GE,budget,all4,2
Ventriculomegaly,345,0.8982331062475009,0.47608837371471047,finding,2,vendor,GE,budget,all4,2
Cerebellar degeneration,34,0.7402019801419242,0.0900749587781373,finding,2,vendor,GE,budget,all4,2
Mega cisterna magna,49,0.46087038005148895,0.01388072115249688,finding,2,vendor,GE,budget,all4,2
Structure of cave of septum pellucidum,129,0.6315422497812724,0.05076836280878143,finding,2,vendor,GE,budget,all4,2
Hyperostosis of skull,40,0.7932843019049916,0.029860883035421056,finding,2,vendor,GE,budget,all4,2
Choroid plexus cyst,41,0.5111597425670349,0.009941008644173865,finding,2,vendor,GE,budget,all4,2
Pituitary adenoma,52,0.6258208538740582,0.020834593359425002,finding,2,vendor,GE,budget,all4,2
Cerebral infarction,129,0.8907087540736836,0.20853259938976293,finding,2,vendor,GE,budget,all4,3
Cerebral hemorrhage,27,0.8590811965811965,0.09155494930067272,finding,2,vendor,GE,budget,all4,3
Intracranial meningioma,75,0.7302821011673153,0.03832861077711918,finding,2,vendor,GE,budget,all4,3
Demyelinating disease of central nervous system,109,0.5318738723335329,0.02954435074519411,finding,2,vendor,GE,budget,all4,3
Lacunar infarct,61,0.9097049498184245,0.16011376399465344,finding,2,vendor,GE,budget,all4,3
Gliosis,1237,0.7114840442294781,0.526173049158015,finding,2,vendor,GE,budget,all4,3
Cerebral atrophy,550,0.9365691004074286,0.7317828194992244,finding,2,vendor,GE,budget,all4,3
Encephalomalacia,62,0.7885747800586511,0.08696584078781873,finding,2,vendor,GE,budget,all4,3
Arachnoid cyst,165,0.5903319620873076,0.07499760173928802,finding,2,vendor,GE,budget,all4,3
Empty sella syndrome,88,0.6875651489276764,0.041814695205352706,finding,2,vendor,GE,budget,all4,3
Cyst of pineal gland,175,0.604824099131178,0.057712100215974706,finding,2,vendor,GE,budget,all4,3
Rathke's pouch cyst,38,0.579124963529576,0.011273034807504991,finding,2,vendor,GE,budget,all4,3
Cerebral edema,74,0.836083348118359,0.21357329604342934,finding,2,vendor,GE,budget,all4,3
Mastoiditis,66,0.5594736493790122,0.02055722862239433,finding,2,vendor,GE,budget,all4,3
Chronic mastoiditis,123,0.7416438608283721,0.08545120462616133,finding,2,vendor,GE,budget,all4,3
Ventriculomegaly,345,0.8919901319512029,0.4637459858009847,finding,2,vendor,GE,budget,all4,3
Cerebellar degeneration,34,0.7338068865880086,0.09044625609193195,finding,2,vendor,GE,budget,all4,3
Mega cisterna magna,49,0.4642240656533276,0.014219691105262052,finding,2,vendor,GE,budget,all4,3
Structure of cave of septum pellucidum,129,0.6400009933483863,0.05087621621929131,finding,2,vendor,GE,budget,all4,3
Hyperostosis of skull,40,0.7937846636122499,0.030378913913972693,finding,2,vendor,GE,budget,all4,3
Choroid plexus cyst,41,0.5078124080806654,0.009846643247056305,finding,2,vendor,GE,budget,all4,3
Pituitary adenoma,52,0.6151474281462189,0.020278150709417984,finding,2,vendor,GE,budget,all4,3
Cerebral infarction,129,0.891050695152842,0.21140786014278623,finding,2,vendor,GE,budget,all4,4
Cerebral hemorrhage,27,0.8579326923076922,0.075766991189551,finding,2,vendor,GE,budget,all4,4
Intracranial meningioma,75,0.7347892347600519,0.040165096091542306,finding,2,vendor,GE,budget,all4,4
Demyelinating disease of central nervous system,109,0.5388232223927002,0.027722843422402298,finding,2,vendor,GE,budget,all4,4
Lacunar infarct,61,0.9082428104860818,0.16892345553244445,finding,2,vendor,GE,budget,all4,4
Gliosis,1237,0.710408725319595,0.5247486374160876,finding,2,vendor,GE,budget,all4,4
Cerebral atrophy,550,0.9347569175394308,0.7250221431612569,finding,2,vendor,GE,budget,all4,4
Encephalomalacia,62,0.7940293255131966,0.09397646592737426,finding,2,vendor,GE,budget,all4,4
Arachnoid cyst,165,0.5783508882961892,0.06519023527154953,finding,2,vendor,GE,budget,all4,4
Empty sella syndrome,88,0.6837144314577835,0.041611146195093436,finding,2,vendor,GE,budget,all4,4
Cyst of pineal gland,175,0.6055804016521863,0.058424540571818555,finding,2,vendor,GE,budget,all4,4
Rathke's pouch cyst,38,0.5834697010059494,0.011489109129203092,finding,2,vendor,GE,budget,all4,4
Cerebral edema,74,0.8410248322720971,0.23564290225434825,finding,2,vendor,GE,budget,all4,4
Mastoiditis,66,0.5448111299846315,0.01997167457875054,finding,2,vendor,GE,budget,all4,4
Chronic mastoiditis,123,0.7291446610332245,0.08388396361463257,finding,2,vendor,GE,budget,all4,4
Ventriculomegaly,345,0.8907038151928721,0.45763850059915007,finding,2,vendor,GE,budget,all4,4
Cerebellar degeneration,34,0.7300888089403833,0.07791898034724672,finding,2,vendor,GE,budget,all4,4
Mega cisterna magna,49,0.47893096339550806,0.013312347385080305,finding,2,vendor,GE,budget,all4,4
Structure of cave of septum pellucidum,129,0.6375405458067327,0.051341886272164704,finding,2,vendor,GE,budget,all4,4
Hyperostosis of skull,40,0.7946407041234628,0.031144110342141866,finding,2,vendor,GE,budget,all4,4
Choroid plexus cyst,41,0.49752920828774133,0.009663189422985347,finding,2,vendor,GE,budget,all4,4
Pituitary adenoma,52,0.6187610454841409,0.01973656890985901,finding,2,vendor,GE,budget,all4,4
Cerebral infarction,129,0.8731818859101171,0.20436273753392034,label_id,2,vendor,GE,availability,T2cor,1
Cerebral hemorrhage,27,0.8135950854700855,0.02114941270863035,label_id,2,vendor,GE,availability,T2cor,1
Intracranial meningioma,75,0.7195363164721141,0.03838566002166168,label_id,2,vendor,GE,availability,T2cor,1
Demyelinating disease of central nervous system,109,0.46152323274136003,0.022724524659841226,label_id,2,vendor,GE,availability,T2cor,1
Lacunar infarct,61,0.8986634139364128,0.12640135066745264,label_id,2,vendor,GE,availability,T2cor,1
Gliosis,1237,0.7125703245961388,0.5251891747755173,label_id,2,vendor,GE,availability,T2cor,1
Cerebral atrophy,550,0.9146844302247107,0.6710708905259571,label_id,2,vendor,GE,availability,T2cor,1
Encephalomalacia,62,0.7693802541544477,0.087245000508424,label_id,2,vendor,GE,availability,T2cor,1
Arachnoid cyst,165,0.5985609451049531,0.08428964626115723,label_id,2,vendor,GE,availability,T2cor,1
Empty sella syndrome,88,0.6582675375368715,0.051899165696632346,label_id,2,vendor,GE,availability,T2cor,1
Cyst of pineal gland,175,0.628497365047714,0.058315721067292346,label_id,2,vendor,GE,availability,T2cor,1
Rathke's pouch cyst,38,0.5915566211262067,0.012487667748014892,label_id,2,vendor,GE,availability,T2cor,1
Cerebral edema,74,0.7821738587602921,0.07553182170776174,label_id,2,vendor,GE,availability,T2cor,1
Mastoiditis,66,0.49404381107851136,0.021738057019664463,label_id,2,vendor,GE,availability,T2cor,1
Chronic mastoiditis,123,0.7609087926509186,0.0912981896178715,label_id,2,vendor,GE,availability,T2cor,1
Ventriculomegaly,345,0.8772755735614753,0.44135166815902827,label_id,2,vendor,GE,availability,T2cor,1
Cerebellar degeneration,34,0.7578504553759863,0.15218734092204134,label_id,2,vendor,GE,availability,T2cor,1
Mega cisterna magna,49,0.534355549856482,0.01203289772756919,label_id,2,vendor,GE,availability,T2cor,1
Structure of cave of septum pellucidum,129,0.5974990544087476,0.04175038899785066,label_id,2,vendor,GE,availability,T2cor,1
Hyperostosis of skull,40,0.7644924041475765,0.028788975008407817,label_id,2,vendor,GE,availability,T2cor,1
Choroid plexus cyst,41,0.47925711529184756,0.009255512335291422,label_id,2,vendor,GE,availability,T2cor,1
Pituitary adenoma,52,0.6316900753418286,0.019460706127275306,label_id,2,vendor,GE,availability,T2cor,1
Cerebral infarction,129,0.8910315922992575,0.2147466062711528,label_id,2,vendor,GE,availability,FLAIRax,1
Cerebral hemorrhage,27,0.8398148148148148,0.08078535428617778,label_id,2,vendor,GE,availability,FLAIRax,1
Intracranial meningioma,75,0.7202367055771725,0.03552914086379568,label_id,2,vendor,GE,availability,FLAIRax,1
Demyelinating disease of central nervous system,109,0.5652572991797562,0.058668061968370405,label_id,2,vendor,GE,availability,FLAIRax,1
Lacunar infarct,61,0.908358033422598,0.15012860500763203,label_id,2,vendor,GE,availability,FLAIRax,1
Gliosis,1237,0.7270600002740364,0.5462770868706267,label_id,2,vendor,GE,availability,FLAIRax,1
Cerebral atrophy,550,0.9426980278451271,0.7486530394683303,label_id,2,vendor,GE,availability,FLAIRax,1
Encephalomalacia,62,0.7991984359726295,0.06748085393091176,label_id,2,vendor,GE,availability,FLAIRax,1
Arachnoid cyst,165,0.5519144704127299,0.05346663726057165,label_id,2,vendor,GE,availability,FLAIRax,1
Empty sella syndrome,88,0.6784359821685999,0.04217244302610122,label_id,2,vendor,GE,availability,FLAIRax,1
Cyst of pineal gland,175,0.592538099985757,0.056473369372401355,label_id,2,vendor,GE,availability,FLAIRax,1
Rathke's pouch cyst,38,0.6341921325366925,0.01483260124570647,label_id,2,vendor,GE,availability,FLAIRax,1
Cerebral edema,74,0.852291021875267,0.22029325443453737,label_id,2,vendor,GE,availability,FLAIRax,1
Mastoiditis,66,0.640470465391601,0.027072121877913646,label_id,2,vendor,GE,availability,FLAIRax,1
Chronic mastoiditis,123,0.6947898662057487,0.08474449230821651,label_id,2,vendor,GE,availability,FLAIRax,1
Ventriculomegaly,345,0.8950335347682744,0.4528458636637653,label_id,2,vendor,GE,availability,FLAIRax,1
Cerebellar degeneration,34,0.7288565317771704,0.06186340953893353,label_id,2,vendor,GE,availability,FLAIRax,1
Mega cisterna magna,49,0.4804401219163354,0.012966047334373487,label_id,2,vendor,GE,availability,FLAIRax,1
Structure of cave of septum pellucidum,129,0.6058068854325458,0.04441183233437685,label_id,2,vendor,GE,availability,FLAIRax,1
Hyperostosis of skull,40,0.7550578731613214,0.02748742063183397,label_id,2,vendor,GE,availability,FLAIRax,1
Choroid plexus cyst,41,0.5283376278046428,0.010591298722859667,label_id,2,vendor,GE,availability,FLAIRax,1
Pituitary adenoma,52,0.6042182122593247,0.021790004236432868,label_id,2,vendor,GE,availability,FLAIRax,1
Cerebral infarction,129,0.8756079483153194,0.19870489614671713,label_id,2,vendor,GE,availability,T2ax,1
Cerebral hemorrhage,27,0.8021367521367522,0.02868549595783686,label_id,2,vendor,GE,availability,T2ax,1
Intracranial meningioma,75,0.718103112840467,0.03615576184956947,label_id,2,vendor,GE,availability,T2ax,1
Demyelinating disease of central nervous system,109,0.5424407539223671,0.027796390365227408,label_id,2,vendor,GE,availability,T2ax,1
Lacunar infarct,61,0.904937104169481,0.17352613473209264,label_id,2,vendor,GE,availability,T2ax,1
Gliosis,1237,0.6870273899401229,0.5109130697939346,label_id,2,vendor,GE,availability,T2ax,1
Cerebral atrophy,550,0.8997300472417327,0.6518414705545359,label_id,2,vendor,GE,availability,T2ax,1
Encephalomalacia,62,0.7586744868035191,0.07160226161848944,label_id,2,vendor,GE,availability,T2ax,1
Arachnoid cyst,165,0.5830161385109172,0.07209902989213142,label_id,2,vendor,GE,availability,T2ax,1
Empty sella syndrome,88,0.6659079819911731,0.03922067963794465,label_id,2,vendor,GE,availability,T2ax,1
Cyst of pineal gland,175,0.581350235009258,0.05191718868225257,label_id,2,vendor,GE,availability,T2ax,1
Rathke's pouch cyst,38,0.6077114333193794,0.023152927830964905,label_id,2,vendor,GE,availability,T2ax,1
Cerebral edema,74,0.7837476426097871,0.12180928127941215,label_id,2,vendor,GE,availability,T2ax,1
Mastoiditis,66,0.49249226063106183,0.017399751457416103,label_id,2,vendor,GE,availability,T2ax,1
Chronic mastoiditis,123,0.7379109051917291,0.08804584441636601,label_id,2,vendor,GE,availability,T2ax,1
Ventriculomegaly,345,0.869598412662487,0.4308992232966901,label_id,2,vendor,GE,availability,T2ax,1
Cerebellar degeneration,34,0.6978442231696436,0.07330284939346073,label_id,2,vendor,GE,availability,T2ax,1
Mega cisterna magna,49,0.4923161144593168,0.01207721547600315,label_id,2,vendor,GE,availability,T2ax,1
Structure of cave of septum pellucidum,129,0.6288907737037759,0.04532121722002596,label_id,2,vendor,GE,availability,T2ax,1
Hyperostosis of skull,40,0.7430552206414275,0.023077068869577683,label_id,2,vendor,GE,availability,T2ax,1
Choroid plexus cyst,41,0.5131540244490722,0.010042163130626294,label_id,2,vendor,GE,availability,T2ax,1
Pituitary adenoma,52,0.6465305552971816,0.028343576222077435,label_id,2,vendor,GE,availability,T2ax,1
Cerebral infarction,129,0.8794648144539831,0.1948760511158464,label_id,2,vendor,GE,availability,T1ax,1
Cerebral hemorrhage,27,0.8629095441595442,0.06722556242449576,label_id,2,vendor,GE,availability,T1ax,1
Intracranial meningioma,75,0.7221173800259403,0.039210128166907096,label_id,2,vendor,GE,availability,T1ax,1
Demyelinating disease of central nervous system,109,0.5481572636343593,0.028999154265481247,label_id,2,vendor,GE,availability,T1ax,1
Lacunar infarct,61,0.892945972362388,0.12965980263496762,label_id,2,vendor,GE,availability,T1ax,1
Gliosis,1237,0.6972141457599714,0.511444816344347,label_id,2,vendor,GE,availability,T1ax,1
Cerebral atrophy,550,0.9015612267853127,0.6519012912505013,label_id,2,vendor,GE,availability,T1ax,1
Encephalomalacia,62,0.8034173998044966,0.06372553774157261,label_id,2,vendor,GE,availability,T1ax,1
Arachnoid cyst,165,0.5815951659810437,0.05103167885140016,label_id,2,vendor,GE,availability,T1ax,1
Empty sella syndrome,88,0.6633602430748076,0.040661405455260057,label_id,2,vendor,GE,availability,T1ax,1
Cyst of pineal gland,175,0.5342857142857143,0.04525006152503837,label_id,2,vendor,GE,availability,T1ax,1
Rathke's pouch cyst,38,0.6050982481511079,0.014557185627790811,label_id,2,vendor,GE,availability,T1ax,1
Cerebral edema,74,0.8108206674946281,0.09012862862571457,label_id,2,vendor,GE,availability,T1ax,1
Mastoiditis,66,0.48851411469708,0.019848221278855282,label_id,2,vendor,GE,availability,T1ax,1
Chronic mastoiditis,123,0.7268550748991741,0.08386312850734612,label_id,2,vendor,GE,availability,T1ax,1
Ventriculomegaly,345,0.8662728500403624,0.4196425448567724,label_id,2,vendor,GE,availability,T1ax,1
Cerebellar degeneration,34,0.6897423549241511,0.05540124106148675,label_id,2,vendor,GE,availability,T1ax,1
Mega cisterna magna,49,0.46098381353508056,0.012626059965406628,label_id,2,vendor,GE,availability,T1ax,1
Structure of cave of septum pellucidum,129,0.633316904879251,0.049916071903893786,label_id,2,vendor,GE,availability,T1ax,1
Hyperostosis of skull,40,0.7343621895346033,0.027942370866960477,label_id,2,vendor,GE,availability,T1ax,1
Choroid plexus cyst,41,0.5122715988375514,0.009877199609409942,label_id,2,vendor,GE,availability,T1ax,1
Pituitary adenoma,52,0.6250348804762349,0.02217563295550915,label_id,2,vendor,GE,availability,T1ax,1
Cerebral infarction,129,0.893060315349907,0.2251690715250266,label_id,2,vendor,GE,availability,FLAIRax+T2cor,2
Cerebral hemorrhage,27,0.8487001424501425,0.06777779037568728,label_id,2,vendor,GE,availability,FLAIRax+T2cor,2
Intracranial meningioma,75,0.727367055771725,0.039362474615890666,label_id,2,vendor,GE,availability,FLAIRax+T2cor,2
Demyelinating disease of central nervous system,109,0.4836581162739425,0.02529040554264611,label_id,2,vendor,GE,availability,FLAIRax+T2cor,2
Lacunar infarct,61,0.9113021781108206,0.15999648942336533,label_id,2,vendor,GE,availability,FLAIRax+T2cor,2
Gliosis,1237,0.7349634846471096,0.5529678817158442,label_id,2,vendor,GE,availability,FLAIRax+T2cor,2
Cerebral atrophy,550,0.9470762616542105,0.7623130428405056,label_id,2,vendor,GE,availability,FLAIRax+T2cor,2
Encephalomalacia,62,0.7952649071358748,0.09668197522795346,label_id,2,vendor,GE,availability,FLAIRax+T2cor,2
Arachnoid cyst,165,0.6005168542712053,0.08563617372033433,label_id,2,vendor,GE,availability,FLAIRax+T2cor,2
Empty sella syndrome,88,0.6919010179866486,0.043613040008225336,label_id,2,vendor,GE,availability,FLAIRax+T2cor,2
Cyst of pineal gland,175,0.609478706736932,0.056253487207405625,label_id,2,vendor,GE,availability,FLAIRax+T2cor,2
Rathke's pouch cyst,38,0.6256929380573633,0.01564121501908764,label_id,2,vendor,GE,availability,FLAIRax+T2cor,2
Cerebral edema,74,0.8473232532313495,0.2040088476711668,label_id,2,vendor,GE,availability,FLAIRax+T2cor,2
Mastoiditis,66,0.593129793445251,0.025069065388461334,label_id,2,vendor,GE,availability,FLAIRax+T2cor,2
Chronic mastoiditis,123,0.7253156808142885,0.07799953361211504,label_id,2,vendor,GE,availability,FLAIRax+T2cor,2
Ventriculomegaly,345,0.8989762276592053,0.4758784581955562,label_id,2,vendor,GE,availability,FLAIRax+T2cor,2
Cerebellar degeneration,34,0.7528151159332022,0.11802165817653477,label_id,2,vendor,GE,availability,FLAIRax+T2cor,2
Mega cisterna magna,49,0.49092038942208105,0.012376592500774403,label_id,2,vendor,GE,availability,FLAIRax+T2cor,2
Structure of cave of septum pellucidum,129,0.6087754688795413,0.04417834007808092,label_id,2,vendor,GE,availability,FLAIRax+T2cor,2
Hyperostosis of skull,40,0.7715034965034965,0.026671767431380545,label_id,2,vendor,GE,availability,FLAIRax+T2cor,2
Choroid plexus cyst,41,0.5201016554304472,0.010264583617171075,label_id,2,vendor,GE,availability,FLAIRax+T2cor,2
Pituitary adenoma,52,0.6180820388801042,0.027580196464893868,label_id,2,vendor,GE,availability,FLAIRax+T2cor,2
Cerebral infarction,129,0.8832357177515178,0.21313564993420683,label_id,2,vendor,GE,availability,T2ax+T2cor,2
Cerebral hemorrhage,27,0.8147346866096865,0.028593530971781196,label_id,2,vendor,GE,availability,T2ax+T2cor,2
Intracranial meningioma,75,0.7260635538261998,0.0386538686148067,label_id,2,vendor,GE,availability,T2ax+T2cor,2
Demyelinating disease of central nervous system,109,0.4819843330288727,0.024011011960156342,label_id,2,vendor,GE,availability,T2ax+T2cor,2
Lacunar infarct,61,0.9086162917285825,0.17690676779133038,label_id,2,vendor,GE,availability,T2ax+T2cor,2
Gliosis,1237,0.7057820314319774,0.5272514067377421,label_id,2,vendor,GE,availability,T2ax+T2cor,2
Cerebral atrophy,550,0.9185617516934537,0.6858722522882844,label_id,2,vendor,GE,availability,T2ax+T2cor,2
Encephalomalacia,62,0.767386119257087,0.09317771976226116,label_id,2,vendor,GE,availability,T2ax+T2cor,2
Arachnoid cyst,165,0.5985654656962465,0.08366646807837788,label_id,2,vendor,GE,availability,T2ax+T2cor,2
Empty sella syndrome,88,0.670842666725809,0.040722552769358385,label_id,2,vendor,GE,availability,T2ax+T2cor,2
Cyst of pineal gland,175,0.606942031049708,0.0553078193782429,label_id,2,vendor,GE,availability,T2ax+T2cor,2
Rathke's pouch cyst,38,0.6099028301049081,0.018035299570348204,label_id,2,vendor,GE,availability,T2ax+T2cor,2
Cerebral edema,74,0.7909495929189584,0.14154258755705187,label_id,2,vendor,GE,availability,T2ax+T2cor,2
Mastoiditis,66,0.513849977572375,0.018655954223268365,label_id,2,vendor,GE,availability,T2ax+T2cor,2
Chronic mastoiditis,123,0.7430902310991615,0.09623005481186286,label_id,2,vendor,GE,availability,T2ax+T2cor,2
Ventriculomegaly,345,0.8826441542373009,0.4565206211966604,label_id,2,vendor,GE,availability,T2ax+T2cor,2
Cerebellar degeneration,34,0.7373408308664183,0.09640002218392951,label_id,2,vendor,GE,availability,T2ax+T2cor,2
Mega cisterna magna,49,0.5135084483285822,0.01212363724812032,label_id,2,vendor,GE,availability,T2ax+T2cor,2
Structure of cave of septum pellucidum,129,0.6247683779002907,0.04517503523266653,label_id,2,vendor,GE,availability,T2ax+T2cor,2
Hyperostosis of skull,40,0.7634012539184952,0.024117913102448405,label_id,2,vendor,GE,availability,T2ax+T2cor,2
Choroid plexus cyst,41,0.5049180520748768,0.009809551566157176,label_id,2,vendor,GE,availability,T2ax+T2cor,2
Pituitary adenoma,52,0.6499116361268719,0.02574406822464645,label_id,2,vendor,GE,availability,T2ax+T2cor,2
Cerebral infarction,129,0.8894995434417993,0.21751534044221188,label_id,2,vendor,GE,availability,T2ax+FLAIRax,2
Cerebral hemorrhage,27,0.8345975783475783,0.06539475434768685,label_id,2,vendor,GE,availability,T2ax+FLAIRax,2
Intracranial meningioma,75,0.7276977950713359,0.03649675934895715,label_id,2,vendor,GE,availability,T2ax+FLAIRax,2
Demyelinating disease of central nervous system,109,0.5585531673648263,0.03261729880582172,label_id,2,vendor,GE,availability,T2ax+FLAIRax,2
Lacunar infarct,61,0.9122954792876838,0.19294659594262445,label_id,2,vendor,GE,availability,T2ax+FLAIRax,2
Gliosis,1237,0.7187418987983503,0.5381557043177806,label_id,2,vendor,GE,availability,T2ax+FLAIRax,2
Cerebral atrophy,550,0.934492963731347,0.7276919428373791,label_id,2,vendor,GE,availability,T2ax+FLAIRax,2
Encephalomalacia,62,0.7935601173020528,0.08518262177515401,label_id,2,vendor,GE,availability,T2ax+FLAIRax,2
Arachnoid cyst,165,0.584700812199569,0.07893818902355394,label_id,2,vendor,GE,availability,T2ax+FLAIRax,2
Empty sella syndrome,88,0.6857326620683536,0.0416014496932163,label_id,2,vendor,GE,availability,T2ax+FLAIRax,2
Cyst of pineal gland,175,0.5922133599202393,0.05571475983090742,label_id,2,vendor,GE,availability,T2ax+FLAIRax,2
Rathke's pouch cyst,38,0.6304689779401504,0.016511446318570877,label_id,2,vendor,GE,availability,T2ax+FLAIRax,2
Cerebral edema,74,0.8403348644048864,0.1938762311466264,label_id,2,vendor,GE,availability,T2ax+FLAIRax,2
Mastoiditis,66,0.5645400866221055,0.0216886850311122,label_id,2,vendor,GE,availability,T2ax+FLAIRax,2
Chronic mastoiditis,123,0.736014419691441,0.09119781823978432,label_id,2,vendor,GE,availability,T2ax+FLAIRax,2
Ventriculomegaly,345,0.892339436736603,0.46661917401706915,label_id,2,vendor,GE,availability,T2ax+FLAIRax,2
Cerebellar degeneration,34,0.7139983852919929,0.0797024673757196,label_id,2,vendor,GE,availability,T2ax+FLAIRax,2
Mega cisterna magna,49,0.4779396533867293,0.012649702815344784,label_id,2,vendor,GE,availability,T2ax+FLAIRax,2
Structure of cave of septum pellucidum,129,0.6217119213268079,0.04576209625771073,label_id,2,vendor,GE,availability,T2ax+FLAIRax,2
Hyperostosis of skull,40,0.7568483240897035,0.025322136760171147,label_id,2,vendor,GE,availability,T2ax+FLAIRax,2
Choroid plexus cyst,41,0.5262492205240432,0.010472619358895725,label_id,2,vendor,GE,availability,T2ax+FLAIRax,2
Pituitary adenoma,52,0.623741977490466,0.025023768144621764,label_id,2,vendor,GE,availability,T2ax+FLAIRax,2
Cerebral infarction,129,0.8857955001318096,0.22441790287588106,label_id,2,vendor,GE,availability,T1ax+T2cor,2
Cerebral hemorrhage,27,0.8610576923076922,0.04989630213703273,label_id,2,vendor,GE,availability,T1ax+T2cor,2
Intracranial meningioma,75,0.7316472114137483,0.042416934824232436,label_id,2,vendor,GE,availability,T1ax+T2cor,2
Demyelinating disease of central nervous system,109,0.46690003644528033,0.023154327372441455,label_id,2,vendor,GE,availability,T1ax+T2cor,2
Lacunar infarct,61,0.90227108381078,0.15363723342062183,label_id,2,vendor,GE,availability,T1ax+T2cor,2
Gliosis,1237,0.718122850526835,0.5363321191011351,label_id,2,vendor,GE,availability,T1ax+T2cor,2
Cerebral atrophy,550,0.9214862399080161,0.6944056253483378,label_id,2,vendor,GE,availability,T1ax+T2cor,2
Encephalomalacia,62,0.788617790811339,0.1060958720443427,label_id,2,vendor,GE,availability,T1ax+T2cor,2
Arachnoid cyst,165,0.5988095776260868,0.08290210593736187,label_id,2,vendor,GE,availability,T1ax+T2cor,2
Empty sella syndrome,88,0.6794478697686797,0.04447763352250386,label_id,2,vendor,GE,availability,T1ax+T2cor,2
Cyst of pineal gland,175,0.579900299102692,0.05129162498854192,label_id,2,vendor,GE,availability,T1ax+T2cor,2
Rathke's pouch cyst,38,0.6114599586457106,0.01467951125759096,label_id,2,vendor,GE,availability,T1ax+T2cor,2
Cerebral edema,74,0.7923623842661042,0.09365882691228158,label_id,2,vendor,GE,availability,T1ax+T2cor,2
Mastoiditis,66,0.5305309832123712,0.02038402223679622,label_id,2,vendor,GE,availability,T1ax+T2cor,2
Chronic mastoiditis,123,0.7335397861852635,0.09066925402397502,label_id,2,vendor,GE,availability,T1ax+T2cor,2
Ventriculomegaly,345,0.8831971572776861,0.4496763372255179,label_id,2,vendor,GE,availability,T1ax+T2cor,2
Cerebellar degeneration,34,0.7430277191541196,0.09477654140062887,label_id,2,vendor,GE,availability,T1ax+T2cor,2
Mega cisterna magna,49,0.4765389964589026,0.012628934137069846,label_id,2,vendor,GE,availability,T1ax+T2cor,2
Structure of cave of septum pellucidum,129,0.6309003939008409,0.04712405792831929,label_id,2,vendor,GE,availability,T1ax+T2cor,2
Hyperostosis of skull,40,0.7625331564986738,0.027828040263470227,label_id,2,vendor,GE,availability,T1ax+T2cor,2
Choroid plexus cyst,41,0.5064122927770522,0.00975045809101649,label_id,2,vendor,GE,availability,T1ax+T2cor,2
Pituitary adenoma,52,0.6361733792205377,0.02387819500438856,label_id,2,vendor,GE,availability,T1ax+T2cor,2
Cerebral infarction,129,0.8939103923344067,0.22247378538306348,label_id,2,vendor,GE,availability,T1ax+FLAIRax,2
Cerebral hemorrhage,27,0.8476940883190883,0.10418123277477932,label_id,2,vendor,GE,availability,T1ax+FLAIRax,2
Intracranial meningioma,75,0.7276459143968871,0.03816747493456836,label_id,2,vendor,GE,availability,T1ax+FLAIRax,2
Demyelinating disease of central nervous system,109,0.5835609288597128,0.05117931224145489,label_id,2,vendor,GE,availability,T1ax+FLAIRax,2
Lacunar infarct,61,0.9079408469283154,0.1658462948321945,label_id,2,vendor,GE,availability,T1ax+FLAIRax,2
Gliosis,1237,0.728267678774509,0.5461851205308436,label_id,2,vendor,GE,availability,T1ax+FLAIRax,2
Cerebral atrophy,550,0.9423390906591346,0.7523843561754892,label_id,2,vendor,GE,availability,T1ax+FLAIRax,2
Encephalomalacia,62,0.8012629521016618,0.06981358447662864,label_id,2,vendor,GE,availability,T1ax+FLAIRax,2
Arachnoid cyst,165,0.5817805102240706,0.05705760008913928,label_id,2,vendor,GE,availability,T1ax+FLAIRax,2
Empty sella syndrome,88,0.6936170684645923,0.04318902202229688,label_id,2,vendor,GE,availability,T1ax+FLAIRax,2
Cyst of pineal gland,175,0.5785358211081043,0.053704986158583,label_id,2,vendor,GE,availability,T1ax+FLAIRax,2
Rathke's pouch cyst,38,0.6299552206619223,0.015694538889981614,label_id,2,vendor,GE,availability,T1ax+FLAIRax,2
Cerebral edema,74,0.8501192658741893,0.22364690801892675,label_id,2,vendor,GE,availability,T1ax+FLAIRax,2
Mastoiditis,66,0.5807798930827321,0.023830251265289277,label_id,2,vendor,GE,availability,T1ax+FLAIRax,2
Chronic mastoiditis,123,0.7277763107355483,0.08411116171272082,label_id,2,vendor,GE,availability,T1ax+FLAIRax,2
Ventriculomegaly,345,0.8953066413175503,0.4740250429491014,label_id,2,vendor,GE,availability,T1ax+FLAIRax,2
Cerebellar degeneration,34,0.7181697143099958,0.05938441369969976,label_id,2,vendor,GE,availability,T1ax+FLAIRax,2
Mega cisterna magna,49,0.46186169006026767,0.012557904420923967,label_id,2,vendor,GE,availability,T1ax+FLAIRax,2
Structure of cave of septum pellucidum,129,0.6340256207472272,0.04925961626854993,label_id,2,vendor,GE,availability,T1ax+FLAIRax,2
Hyperostosis of skull,40,0.7508982396913431,0.03106139467501814,label_id,2,vendor,GE,availability,T1ax+FLAIRax,2
Choroid plexus cyst,41,0.5221606485239961,0.010252348033875498,label_id,2,vendor,GE,availability,T1ax+FLAIRax,2
Pituitary adenoma,52,0.6069853967072831,0.023255510295712344,label_id,2,vendor,GE,availability,T1ax+FLAIRax,2
Cerebral infarction,129,0.8826435292904055,0.21286027704118493,label_id,2,vendor,GE,availability,T1ax+T2ax,2
Cerebral hemorrhage,27,0.8235487891737892,0.047996111946674865,label_id,2,vendor,GE,availability,T1ax+T2ax,2
Intracranial meningioma,75,0.7276523994811932,0.03919464550266801,label_id,2,vendor,GE,availability,T1ax+T2ax,2
Demyelinating disease of central nervous system,109,0.5519187765184408,0.028525457688994754,label_id,2,vendor,GE,availability,T1ax+T2ax,2
Lacunar infarct,61,0.9037729551901973,0.18748147283727232,label_id,2,vendor,GE,availability,T1ax+T2ax,2
Gliosis,1237,0.6949928065439898,0.5171062999791205,label_id,2,vendor,GE,availability,T1ax+T2ax,2
Cerebral atrophy,550,0.9067423200939835,0.6752662600966761,label_id,2,vendor,GE,availability,T1ax+T2ax,2
Encephalomalacia,62,0.7739159335288367,0.07244126008896326,label_id,2,vendor,GE,availability,T1ax+T2ax,2
Arachnoid cyst,165,0.5861820592800204,0.06823311562395187,label_id,2,vendor,GE,availability,T1ax+T2ax,2
Empty sella syndrome,88,0.6730799086251635,0.03998133878872095,label_id,2,vendor,GE,availability,T1ax+T2ax,2
Cyst of pineal gland,175,0.5604215923657598,0.04843349132593148,label_id,2,vendor,GE,availability,T1ax+T2ax,2
Rathke's pouch cyst,38,0.6148215803427586,0.018358629284845655,label_id,2,vendor,GE,availability,T1ax+T2ax,2
Cerebral edema,74,0.7878611653228721,0.1421504987071552,label_id,2,vendor,GE,availability,T1ax+T2ax,2
Mastoiditis,66,0.489025170413183,0.01824090100841262,label_id,2,vendor,GE,availability,T1ax+T2ax,2
Chronic mastoiditis,123,0.7375708181294411,0.08859227064190467,label_id,2,vendor,GE,availability,T1ax+T2ax,2
Ventriculomegaly,345,0.8751601294615576,0.44528736636604227,label_id,2,vendor,GE,availability,T1ax+T2ax,2
Cerebellar degeneration,34,0.6993739465446666,0.07098635086200696,label_id,2,vendor,GE,availability,T1ax+T2ax,2
Mega cisterna magna,49,0.46862824395103614,0.012550914208343044,label_id,2,vendor,GE,availability,T1ax+T2ax,2
Structure of cave of septum pellucidum,129,0.6426390974283738,0.04740244797542254,label_id,2,vendor,GE,availability,T1ax+T2ax,2
Hyperostosis of skull,40,0.7421569809500844,0.02604485489493575,label_id,2,vendor,GE,availability,T1ax+T2ax,2
Choroid plexus cyst,41,0.5136893626533949,0.009929760267576927,label_id,2,vendor,GE,availability,T1ax+T2ax,2
Pituitary adenoma,52,0.6370988745233002,0.02424983648294359,label_id,2,vendor,GE,availability,T1ax+T2ax,2
Cerebral infarction,129,0.8913047631055129,0.21925401219630888,label_id,2,vendor,GE,availability,T2ax+FLAIRax+T2cor,3
Cerebral hemorrhage,27,0.8412749287749287,0.053170427257317736,label_id,2,vendor,GE,availability,T2ax+FLAIRax+T2cor,3
Intracranial meningioma,75,0.731352140077821,0.038873682781709024,label_id,2,vendor,GE,availability,T2ax+FLAIRax+T2cor,3
Demyelinating disease of central nervous system,109,0.4923082460821325,0.025168756215432075,label_id,2,vendor,GE,availability,T2ax+FLAIRax+T2cor,3
Lacunar infarct,61,0.9133761909681111,0.19079819329714792,label_id,2,vendor,GE,availability,T2ax+FLAIRax+T2cor,3
Gliosis,1237,0.7244382938492524,0.5433815004882652,label_id,2,vendor,GE,availability,T2ax+FLAIRax+T2cor,3
Cerebral atrophy,550,0.9388966930787114,0.7360404898329532,label_id,2,vendor,GE,availability,T2ax+FLAIRax+T2cor,3
Encephalomalacia,62,0.7913157380254154,0.08896001270540421,label_id,2,vendor,GE,availability,T2ax+FLAIRax+T2cor,3
Arachnoid cyst,165,0.5977125808055693,0.08394912865718365,label_id,2,vendor,GE,availability,T2ax+FLAIRax+T2cor,3
Empty sella syndrome,88,0.6878368338175609,0.04184568133990426,label_id,2,vendor,GE,availability,T2ax+FLAIRax+T2cor,3
Cyst of pineal gland,175,0.604198832075203,0.0559772265609895,label_id,2,vendor,GE,availability,T2ax+FLAIRax+T2cor,3
Rathke's pouch cyst,38,0.6247986198322995,0.017992409569515137,label_id,2,vendor,GE,availability,T2ax+FLAIRax+T2cor,3
Cerebral edema,74,0.8383766698865167,0.1899735847832114,label_id,2,vendor,GE,availability,T2ax+FLAIRax+T2cor,3
Mastoiditis,66,0.5602016280249719,0.02153903999991591,label_id,2,vendor,GE,availability,T2ax+FLAIRax+T2cor,3
Chronic mastoiditis,123,0.7384110332245055,0.0886647408268816,label_id,2,vendor,GE,availability,T2ax+FLAIRax+T2cor,3
Ventriculomegaly,345,0.8952493040309621,0.47518075076288824,label_id,2,vendor,GE,availability,T2ax+FLAIRax+T2cor,3
Cerebellar degeneration,34,0.7386935029248878,0.08980665542459974,label_id,2,vendor,GE,availability,T2ax+FLAIRax+T2cor,3
Mega cisterna magna,49,0.48749765735196926,0.012349366361972097,label_id,2,vendor,GE,availability,T2ax+FLAIRax+T2cor,3
Structure of cave of septum pellucidum,129,0.6219220527162348,0.04577653572313231,label_id,2,vendor,GE,availability,T2ax+FLAIRax+T2cor,3
Hyperostosis of skull,40,0.7658970340004823,0.02491265626298768,label_id,2,vendor,GE,availability,T2ax+FLAIRax+T2cor,3
Choroid plexus cyst,41,0.5207840645700235,0.010271452302505764,label_id,2,vendor,GE,availability,T2ax+FLAIRax+T2cor,3
Pituitary adenoma,52,0.6279973955911079,0.028268176223981825,label_id,2,vendor,GE,availability,T2ax+FLAIRax+T2cor,3
Cerebral infarction,129,0.8942676156964326,0.228651662994841,label_id,2,vendor,GE,availability,T1ax+FLAIRax+T2cor,3
Cerebral hemorrhage,27,0.8553240740740741,0.0923378003361152,label_id,2,vendor,GE,availability,T1ax+FLAIRax+T2cor,3
Intracranial meningioma,75,0.7329377431906616,0.04085756026156803,label_id,2,vendor,GE,availability,T1ax+FLAIRax+T2cor,3
Demyelinating disease of central nervous system,109,0.4844972576051402,0.025322295907299477,label_id,2,vendor,GE,availability,T1ax+FLAIRax+T2cor,3
Lacunar infarct,61,0.9095976732913233,0.17405580001292653,label_id,2,vendor,GE,availability,T1ax+FLAIRax+T2cor,3
Gliosis,1237,0.733299535508269,0.5506917713931665,label_id,2,vendor,GE,availability,T1ax+FLAIRax+T2cor,3
Cerebral atrophy,550,0.9444802159622067,0.7533955782408955,label_id,2,vendor,GE,availability,T1ax+FLAIRax+T2cor,3
Encephalomalacia,62,0.7984203323558162,0.09436706058929757,label_id,2,vendor,GE,availability,T1ax+FLAIRax+T2cor,3
Arachnoid cyst,165,0.5991019091963896,0.08382866582897007,label_id,2,vendor,GE,availability,T1ax+FLAIRax+T2cor,3
Empty sella syndrome,88,0.6968772871432056,0.04413221139660567,label_id,2,vendor,GE,availability,T1ax+FLAIRax+T2cor,3
Cyst of pineal gland,175,0.5920524141860134,0.0544881127149077,label_id,2,vendor,GE,availability,T1ax+FLAIRax+T2cor,3
Rathke's pouch cyst,38,0.6262891502074058,0.016285753352150885,label_id,2,vendor,GE,availability,T1ax+FLAIRax+T2cor,3
Cerebral edema,74,0.8454800533575151,0.20917772782514157,label_id,2,vendor,GE,availability,T1ax+FLAIRax+T2cor,3
Mastoiditis,66,0.5736434963564301,0.023143865100104022,label_id,2,vendor,GE,availability,T1ax+FLAIRax+T2cor,3
Chronic mastoiditis,123,0.7309951347544971,0.0947422820213728,label_id,2,vendor,GE,availability,T1ax+FLAIRax+T2cor,3
Ventriculomegaly,345,0.8977510203773699,0.48051973623584354,label_id,2,vendor,GE,availability,T1ax+FLAIRax+T2cor,3
Cerebellar degeneration,34,0.7462075607994221,0.0959316957597982,label_id,2,vendor,GE,availability,T1ax+FLAIRax+T2cor,3
Mega cisterna magna,49,0.46660123691816024,0.01246704190360387,label_id,2,vendor,GE,availability,T1ax+FLAIRax+T2cor,3
Structure of cave of septum pellucidum,129,0.6304285534173095,0.047952615202891694,label_id,2,vendor,GE,availability,T1ax+FLAIRax+T2cor,3
Hyperostosis of skull,40,0.7641005546177959,0.028813309232378376,label_id,2,vendor,GE,availability,T1ax+FLAIRax+T2cor,3
Choroid plexus cyst,41,0.5177249891167508,0.010119799221033749,label_id,2,vendor,GE,availability,T1ax+FLAIRax+T2cor,3
Pituitary adenoma,52,0.6173611757045856,0.027791474049188847,label_id,2,vendor,GE,availability,T1ax+FLAIRax+T2cor,3
Cerebral infarction,129,0.8864163428732984,0.21696969821307865,label_id,2,vendor,GE,availability,T1ax+T2ax+T2cor,3
Cerebral hemorrhage,27,0.8313657407407408,0.04443429884877741,label_id,2,vendor,GE,availability,T1ax+T2ax+T2cor,3
Intracranial meningioma,75,0.7311316472114138,0.04075827906813839,label_id,2,vendor,GE,availability,T1ax+T2ax+T2cor,3
Demyelinating disease of central nervous system,109,0.48601356124381895,0.024342042062272654,label_id,2,vendor,GE,availability,T1ax+T2ax+T2cor,3
Lacunar infarct,61,0.9063475918406267,0.1886403159889995,label_id,2,vendor,GE,availability,T1ax+T2ax+T2cor,3
Gliosis,1237,0.7084131921132318,0.5296512317345976,label_id,2,vendor,GE,availability,T1ax+T2ax+T2cor,3
Cerebral atrophy,550,0.9197240482915489,0.6961561528419501,label_id,2,vendor,GE,availability,T1ax+T2ax+T2cor,3
Encephalomalacia,62,0.7772003910068426,0.0900519402120005,label_id,2,vendor,GE,availability,T1ax+T2ax+T2cor,3
Arachnoid cyst,165,0.599828217530853,0.08060070180542618,label_id,2,vendor,GE,availability,T1ax+T2ax+T2cor,3
Empty sella syndrome,88,0.6766007230144826,0.041107081747746105,label_id,2,vendor,GE,availability,T1ax+T2ax+T2cor,3
Cyst of pineal gland,175,0.5836205668708161,0.05176662776362562,label_id,2,vendor,GE,availability,T1ax+T2ax+T2cor,3
Rathke's pouch cyst,38,0.6158871509938983,0.017789819174248003,label_id,2,vendor,GE,availability,T1ax+T2ax+T2cor,3
Cerebral edema,74,0.7929899264691387,0.148235175617683,label_id,2,vendor,GE,availability,T1ax+T2ax+T2cor,3
Mastoiditis,66,0.5127580096034355,0.018739207602896532,label_id,2,vendor,GE,availability,T1ax+T2ax+T2cor,3
Chronic mastoiditis,123,0.7400074419051277,0.09076396802981154,label_id,2,vendor,GE,availability,T1ax+T2ax+T2cor,3
Ventriculomegaly,345,0.8830862548944165,0.45973153933953675,label_id,2,vendor,GE,availability,T1ax+T2ax+T2cor,3
Cerebellar degeneration,34,0.7285520035126982,0.08359240630351573,label_id,2,vendor,GE,availability,T1ax+T2ax+T2cor,3
Mega cisterna magna,49,0.4810516763496118,0.012781959659909652,label_id,2,vendor,GE,availability,T1ax+T2ax+T2cor,3
Structure of cave of septum pellucidum,129,0.6385243427663225,0.04711086407365607,label_id,2,vendor,GE,availability,T1ax+T2ax+T2cor,3
Hyperostosis of skull,40,0.759965034965035,0.02608727782713168,label_id,2,vendor,GE,availability,T1ax+T2ax+T2cor,3
Choroid plexus cyst,41,0.5102243714188227,0.009840242765074652,label_id,2,vendor,GE,availability,T1ax+T2ax+T2cor,3
Pituitary adenoma,52,0.6417403032276067,0.024987247945540147,label_id,2,vendor,GE,availability,T1ax+T2ax+T2cor,3
Cerebral infarction,129,0.8904852506867474,0.21948120649127734,label_id,2,vendor,GE,availability,T1ax+T2ax+FLAIRax,3
Cerebral hemorrhage,27,0.8413906695156695,0.07197337371854971,label_id,2,vendor,GE,availability,T1ax+T2ax+FLAIRax,3
Intracranial meningioma,75,0.7323411154345006,0.03779641131265541,label_id,2,vendor,GE,availability,T1ax+T2ax+FLAIRax,3
Demyelinating disease of central nervous system,109,0.5617162577446221,0.03219347537228942,label_id,2,vendor,GE,availability,T1ax+T2ax+FLAIRax,3
Lacunar infarct,61,0.9097049498184245,0.18887329875912764,label_id,2,vendor,GE,availability,T1ax+T2ax+FLAIRax,3
Gliosis,1237,0.7183757861419783,0.5371128681466799,label_id,2,vendor,GE,availability,T1ax+T2ax+FLAIRax,3
Cerebral atrophy,550,0.9328562501562225,0.7267031194065496,label_id,2,vendor,GE,availability,T1ax+T2ax+FLAIRax,3
Encephalomalacia,62,0.7956441837732161,0.0870333953131455,label_id,2,vendor,GE,availability,T1ax+T2ax+FLAIRax,3
Arachnoid cyst,165,0.5883730391935265,0.07095035297983235,label_id,2,vendor,GE,availability,T1ax+T2ax+FLAIRax,3
Empty sella syndrome,88,0.6913271529641376,0.042042769085369136,label_id,2,vendor,GE,availability,T1ax+T2ax+FLAIRax,3
Cyst of pineal gland,175,0.5813545079048569,0.053385829188467744,label_id,2,vendor,GE,availability,T1ax+T2ax+FLAIRax,3
Rathke's pouch cyst,38,0.6303421242912053,0.01712923674350082,label_id,2,vendor,GE,availability,T1ax+T2ax+FLAIRax,3
Cerebral edema,74,0.8391093500502691,0.19615710063535657,label_id,2,vendor,GE,availability,T1ax+T2ax+FLAIRax,3
Mastoiditis,66,0.5469435926849177,0.020674502497366933,label_id,2,vendor,GE,availability,T1ax+T2ax+FLAIRax,3
Chronic mastoiditis,123,0.7374547884258369,0.09044149782848895,label_id,2,vendor,GE,availability,T1ax+T2ax+FLAIRax,3
Ventriculomegaly,345,0.8920120106526642,0.47068391980847146,label_id,2,vendor,GE,availability,T1ax+T2ax+FLAIRax,3
Cerebellar degeneration,34,0.71246866191697,0.07410016165968282,label_id,2,vendor,GE,availability,T1ax+T2ax+FLAIRax,3
Mega cisterna magna,49,0.46504769138201446,0.012646992669681873,label_id,2,vendor,GE,availability,T1ax+T2ax+FLAIRax,3
Structure of cave of septum pellucidum,129,0.6376475217868046,0.04807501598995261,label_id,2,vendor,GE,availability,T1ax+T2ax+FLAIRax,3
Hyperostosis of skull,40,0.7505847600675186,0.027512810448932952,label_id,2,vendor,GE,availability,T1ax+T2ax+FLAIRax,3
Choroid plexus cyst,41,0.522072405962844,0.010220977286573563,label_id,2,vendor,GE,availability,T1ax+T2ax+FLAIRax,3
Pituitary adenoma,52,0.6225141847270023,0.025094240025802197,label_id,2,vendor,GE,availability,T1ax+T2ax+FLAIRax,3
Cerebral infarction,129,0.8918167195815709,0.22168724623691294,label_id,2,vendor,GE,availability,T1ax+T2ax+FLAIRax+T2cor,4
Cerebral hemorrhage,27,0.8462873931623931,0.06628818251320064,label_id,2,vendor,GE,availability,T1ax+T2ax+FLAIRax+T2cor,4
Intracranial meningioma,75,0.7341569390402075,0.03972661020042868,label_id,2,vendor,GE,availability,T1ax+T2ax+FLAIRax+T2cor,4
Demyelinating disease of central nervous system,109,0.4941620060202204,0.025305429107804856,label_id,2,vendor,GE,availability,T1ax+T2ax+FLAIRax+T2cor,4
Lacunar infarct,61,0.9108174471365114,0.18865395750308359,label_id,2,vendor,GE,availability,T1ax+T2ax+FLAIRax+T2cor,4
Gliosis,1237,0.7235282189002918,0.5422319516292785,label_id,2,vendor,GE,availability,T1ax+T2ax+FLAIRax+T2cor,4
Cerebral atrophy,550,0.9369230384682681,0.7325179899337669,label_id,2,vendor,GE,availability,T1ax+T2ax+FLAIRax+T2cor,4
Encephalomalacia,62,0.7939120234604106,0.09144556190822388,label_id,2,vendor,GE,availability,T1ax+T2ax+FLAIRax+T2cor,4
Arachnoid cyst,165,0.5993625966276388,0.08276119475692435,label_id,2,vendor,GE,availability,T1ax+T2ax+FLAIRax+T2cor,4
Empty sella syndrome,88,0.6907006143405265,0.042293586809987786,label_id,2,vendor,GE,availability,T1ax+T2ax+FLAIRax+T2cor,4
Cyst of pineal gland,175,0.5915852442671984,0.054361492572317635,label_id,2,vendor,GE,availability,T1ax+T2ax+FLAIRax+T2cor,4
Rathke's pouch cyst,38,0.6260798416866461,0.017881190084122763,label_id,2,vendor,GE,availability,T1ax+T2ax+FLAIRax+T2cor,4
Cerebral edema,74,0.8370525886937265,0.19115430081010878,label_id,2,vendor,GE,availability,T1ax+T2ax+FLAIRax+T2cor,4
Mastoiditis,66,0.5501717000139713,0.02086240392005062,label_id,2,vendor,GE,availability,T1ax+T2ax+FLAIRax+T2cor,4
Chronic mastoiditis,123,0.7387151110684336,0.09263511083127347,label_id,2,vendor,GE,availability,T1ax+T2ax+FLAIRax+T2cor,4
Ventriculomegaly,345,0.8942745701589601,0.4768489706525295,label_id,2,vendor,GE,availability,T1ax+T2ax+FLAIRax+T2cor,4
Cerebellar degeneration,34,0.7333040608489966,0.08383896692671802,label_id,2,vendor,GE,availability,T1ax+T2ax+FLAIRax+T2cor,4
Mega cisterna magna,49,0.47084266282636783,0.012473225672247856,label_id,2,vendor,GE,availability,T1ax+T2ax+FLAIRax+T2cor,4
Structure of cave of septum pellucidum,129,0.6347763628930889,0.04771676712815199,label_id,2,vendor,GE,availability,T1ax+T2ax+FLAIRax+T2cor,4
Hyperostosis of skull,40,0.7618157704364601,0.027124117218304596,label_id,2,vendor,GE,availability,T1ax+T2ax+FLAIRax+T2cor,4
Choroid plexus cyst,41,0.5187838998505759,0.010141272724136298,label_id,2,vendor,GE,availability,T1ax+T2ax+FLAIRax+T2cor,4
Pituitary adenoma,52,0.6256906334294484,0.026524982598561096,label_id,2,vendor,GE,availability,T1ax+T2ax+FLAIRax+T2cor,4
Cerebral infarction,129,0.8723738352035026,0.2009291327389088,label_id,2,vendor,GE,budget,all4,1
Cerebral hemorrhage,27,0.8431267806267807,0.056977481602566556,label_id,2,vendor,GE,budget,all4,1
Intracranial meningioma,75,0.699124513618677,0.03458914565283899,label_id,2,vendor,GE,budget,all4,1
Demyelinating disease of central nervous system,109,0.4870326792680348,0.025731159724078863,label_id,2,vendor,GE,budget,all4,1
Lacunar infarct,61,0.9107936079082666,0.18154791580802015,label_id,2,vendor,GE,budget,all4,1
Gliosis,1237,0.6934442267377335,0.5096908735081231,label_id,2,vendor,GE,budget,all4,1
Cerebral atrophy,550,0.9047736646086935,0.6827081894964686,label_id,2,vendor,GE,budget,all4,1
Encephalomalacia,62,0.8029872922776149,0.0843109980233093,label_id,2,vendor,GE,budget,all4,1
Arachnoid cyst,165,0.5939815861247985,0.0816663513303401,label_id,2,vendor,GE,budget,all4,1
Empty sella syndrome,88,0.66243152431857,0.05497509215332202,label_id,2,vendor,GE,budget,all4,1
Cyst of pineal gland,175,0.570827517447657,0.04901393230719914,label_id,2,vendor,GE,budget,all4,1
Rathke's pouch cyst,38,0.5994786315028352,0.011873299744302993,label_id,2,vendor,GE,budget,all4,1
Cerebral edema,74,0.8435120021553282,0.2089512660292398,label_id,2,vendor,GE,budget,all4,1
Mastoiditis,66,0.5280712977873862,0.020743901575712046,label_id,2,vendor,GE,budget,all4,1
Chronic mastoiditis,123,0.7285525094424172,0.08424132995996537,label_id,2,vendor,GE,budget,all4,1
Ventriculomegaly,345,0.8911134750167862,0.4311072579156833,label_id,2,vendor,GE,budget,all4,1
Cerebellar degeneration,34,0.677398337134035,0.06409049810980694,label_id,2,vendor,GE,budget,all4,1
Mega cisterna magna,49,0.4618271668261311,0.01265835472744812,label_id,2,vendor,GE,budget,all4,1
Structure of cave of septum pellucidum,129,0.6054630340680291,0.043776405194432044,label_id,2,vendor,GE,budget,all4,1
Hyperostosis of skull,40,0.6869182541596335,0.023173909459724144,label_id,2,vendor,GE,budget,all4,1
Choroid plexus cyst,41,0.5031884978762957,0.00971549852348736,label_id,2,vendor,GE,budget,all4,1
Pituitary adenoma,52,0.614928843828481,0.027377518957436932,label_id,2,vendor,GE,budget,all4,1
Cerebral infarction,129,0.8858298852682613,0.20385308000882119,label_id,2,vendor,GE,budget,all4,2
Cerebral hemorrhage,27,0.8299145299145299,0.06348407180800329,label_id,2,vendor,GE,budget,all4,2
Intracranial meningioma,75,0.7173249027237354,0.03631050797988183,label_id,2,vendor,GE,budget,all4,2
Demyelinating disease of central nervous system,109,0.519738943806777,0.026956846991811646,label_id,2,vendor,GE,budget,all4,2
Lacunar infarct,61,0.9082626765096191,0.17700288994495653,label_id,2,vendor,GE,budget,all4,2
Gliosis,1237,0.7092203663866928,0.5301818345459163,label_id,2,vendor,GE,budget,all4,2
Cerebral atrophy,550,0.9228794960881846,0.7062621400977351,label_id,2,vendor,GE,budget,all4,2
Encephalomalacia,62,0.7912531769305963,0.08200872314270947,label_id,2,vendor,GE,budget,all4,2
Arachnoid cyst,165,0.6019061826620256,0.08241882111021388,label_id,2,vendor,GE,budget,all4,2
Empty sella syndrome,88,0.688579808822551,0.043588687096737584,label_id,2,vendor,GE,budget,all4,2
Cyst of pineal gland,175,0.5893633385557613,0.05439086374922619,label_id,2,vendor,GE,budget,all4,2
Rathke's pouch cyst,38,0.618094404485545,0.015444277940367035,label_id,2,vendor,GE,budget,all4,2
Cerebral edema,74,0.8294005164902319,0.18399332551623312,label_id,2,vendor,GE,budget,all4,2
Mastoiditis,66,0.5428312486672108,0.020399625775685853,label_id,2,vendor,GE,budget,all4,2
Chronic mastoiditis,123,0.7327215767236412,0.09442172562800934,label_id,2,vendor,GE,budget,all4,2
Ventriculomegaly,345,0.890890538593275,0.4672342647055786,label_id,2,vendor,GE,budget,all4,2
Cerebellar degeneration,34,0.7344584354329259,0.08118343637826719,label_id,2,vendor,GE,budget,all4,2
Mega cisterna magna,49,0.4648898708831043,0.012735842282620452,label_id,2,vendor,GE,budget,all4,2
Structure of cave of septum pellucidum,129,0.6444997153674815,0.049384472208847,label_id,2,vendor,GE,budget,all4,2
Hyperostosis of skull,40,0.7531167108753315,0.025663917849329497,label_id,2,vendor,GE,budget,all4,2
Choroid plexus cyst,41,0.5202075465038297,0.010180645242798585,label_id,2,vendor,GE,budget,all4,2
Pituitary adenoma,52,0.626551018509906,0.025509841871108625,label_id,2,vendor,GE,budget,all4,2
Cerebral infarction,129,0.8903954672749015,0.2137605272571552,label_id,2,vendor,GE,budget,all4,3
Cerebral hemorrhage,27,0.8474982193732193,0.06553648722232758,label_id,2,vendor,GE,budget,all4,3
Intracranial meningioma,75,0.7324546044098572,0.03810217440782872,label_id,2,vendor,GE,budget,all4,3
Demyelinating disease of central nervous system,109,0.508227184579597,0.026023099224918907,label_id,2,vendor,GE,budget,all4,3
Lacunar infarct,61,0.9108889648212455,0.20276051680822493,label_id,2,vendor,GE,budget,all4,3
Gliosis,1237,0.7244350054122193,0.5437986661015582,label_id,2,vendor,GE,budget,all4,3
Cerebral atrophy,550,0.9291194041042817,0.7180304366064978,label_id,2,vendor,GE,budget,all4,3
Encephalomalacia,62,0.790811339198436,0.09008234836596891,label_id,2,vendor,GE,budget,all4,3
Arachnoid cyst,165,0.5984916293717885,0.07917548967266687,label_id,2,vendor,GE,budget,all4,3
Empty sella syndrome,88,0.6862483089001752,0.041661316085603375,label_id,2,vendor,GE,budget,all4,3
Cyst of pineal gland,175,0.5848867682666287,0.05277833921674289,label_id,2,vendor,GE,budget,all4,3
Rathke's pouch cyst,38,0.6172444850376122,0.017030352188238895,label_id,2,vendor,GE,budget,all4,3
Cerebral edema,74,0.8235752163542099,0.1523886679576444,label_id,2,vendor,GE,budget,all4,3
Mastoiditis,66,0.5323876964255513,0.01926706399694706,label_id,2,vendor,GE,budget,all4,3
Chronic mastoiditis,123,0.7300989053197618,0.0879867388454392,label_id,2,vendor,GE,budget,all4,3
Ventriculomegaly,345,0.889911655312375,0.47147108632209855,label_id,2,vendor,GE,budget,all4,3
Cerebellar degeneration,34,0.7300604807297347,0.07800863557977032,label_id,2,vendor,GE,budget,all4,3
Mega cisterna magna,49,0.4654052534498575,0.012623533544852026,label_id,2,vendor,GE,budget,all4,3
Structure of cave of septum pellucidum,129,0.6411337925659335,0.04914651931179509,label_id,2,vendor,GE,budget,all4,3
Hyperostosis of skull,40,0.7517964793826862,0.025358949738835772,label_id,2,vendor,GE,budget,all4,3
Choroid plexus cyst,41,0.5216370759944937,0.010220256488508809,label_id,2,vendor,GE,budget,all4,3
Pituitary adenoma,52,0.6241140359036369,0.026879569305673492,label_id,2,vendor,GE,budget,all4,3
Cerebral infarction,129,0.8923993566158912,0.22010753687976226,label_id,2,vendor,GE,budget,all4,4
Cerebral hemorrhage,27,0.8470975783475784,0.06191298636795641,label_id,2,vendor,GE,budget,all4,4
Intracranial meningioma,75,0.7387970168612192,0.04053722804211288,label_id,2,vendor,GE,budget,all4,4
Demyelinating disease of central nervous system,109,0.5205015950434418,0.027806731388419437,label_id,2,vendor,GE,budget,all4,4
Lacunar infarct,61,0.9105234299881598,0.17264951018277028,label_id,2,vendor,GE,budget,all4,4
Gliosis,1237,0.7234429935738459,0.542343023995951,label_id,2,vendor,GE,budget,all4,4
Cerebral atrophy,550,0.9380458419776538,0.7346264473874197,label_id,2,vendor,GE,budget,all4,4
Encephalomalacia,62,0.7944828934506354,0.09800906758229197,label_id,2,vendor,GE,budget,all4,4
Arachnoid cyst,165,0.5972966864065821,0.08253725726516176,label_id,2,vendor,GE,budget,all4,4
Empty sella syndrome,88,0.6887932755217459,0.04219764349991449,label_id,2,vendor,GE,budget,all4,4
Cyst of pineal gland,175,0.5928243839908844,0.05456184612845905,label_id,2,vendor,GE,budget,all4,4
Rathke's pouch cyst,38,0.6260734990041988,0.017892468835056238,label_id,2,vendor,GE,budget,all4,4
Cerebral edema,74,0.8275934577903943,0.1935400493015252,label_id,2,vendor,GE,budget,all4,4
Mastoiditis,66,0.5483958733170089,0.020714403623421432,label_id,2,vendor,GE,budget,all4,4
Chronic mastoiditis,123,0.7436823826899686,0.09468585071374126,label_id,2,vendor,GE,budget,all4,4
Ventriculomegaly,345,0.8930237119857563,0.4748513209970776,label_id,2,vendor,GE,budget,all4,4
Cerebellar degeneration,34,0.7381056925539298,0.08891919471879087,label_id,2,vendor,GE,budget,all4,4
Mega cisterna magna,49,0.48054369161874516,0.012427249765545037,label_id,2,vendor,GE,budget,all4,4
Structure of cave of septum pellucidum,129,0.6305861519593797,0.04712308489895844,label_id,2,vendor,GE,budget,all4,4
Hyperostosis of skull,40,0.7755425608873885,0.028626176647512575,label_id,2,vendor,GE,budget,all4,4
Choroid plexus cyst,41,0.5105067476145095,0.009855357931129427,label_id,2,vendor,GE,budget,all4,4
Pituitary adenoma,52,0.6267742535578085,0.026232576524922835,label_id,2,vendor,GE,budget,all4,4
Cerebral infarction,129,0.8744044685395105,0.19748169591924836,queryseq,2,vendor,GE,availability,T2cor,1
Cerebral hemorrhage,27,0.8171652421652421,0.026021134489860993,queryseq,2,vendor,GE,availability,T2cor,1
Intracranial meningioma,75,0.6712224383916991,0.03072397940846928,queryseq,2,vendor,GE,availability,T2cor,1
Demyelinating disease of central nervous system,109,0.4451745998893144,0.021926511813363133,queryseq,2,vendor,GE,availability,T2cor,1
Lacunar infarct,61,0.9001652853158301,0.13102980367938022,queryseq,2,vendor,GE,availability,T2cor,1
Gliosis,1237,0.6946521792746255,0.50675124685227,queryseq,2,vendor,GE,availability,T2cor,1
Cerebral atrophy,550,0.8993951058564751,0.6530242742523742,queryseq,2,vendor,GE,availability,T2cor,1
Encephalomalacia,62,0.7632218963831866,0.0944622885652007,queryseq,2,vendor,GE,availability,T2cor,1
Arachnoid cyst,165,0.5909723791871977,0.06247015538759664,queryseq,2,vendor,GE,availability,T2cor,1
Empty sella syndrome,88,0.6418361462884516,0.03600620796577855,queryseq,2,vendor,GE,availability,T2cor,1
Cyst of pineal gland,175,0.6243213217490386,0.05768152967779805,queryseq,2,vendor,GE,availability,T2cor,1
Rathke's pouch cyst,38,0.5842435082645152,0.01108229196336017,queryseq,2,vendor,GE,availability,T2cor,1
Cerebral edema,74,0.8021303579290451,0.11102129054861015,queryseq,2,vendor,GE,availability,T2cor,1
Mastoiditis,66,0.4852492407697455,0.01907216223413512,queryseq,2,vendor,GE,availability,T2cor,1
Chronic mastoiditis,123,0.7456288809935343,0.07707815656471811,queryseq,2,vendor,GE,availability,T2cor,1
Ventriculomegaly,345,0.8755531916498805,0.4409290638801598,queryseq,2,vendor,GE,availability,T2cor,1
Cerebellar degeneration,34,0.7378365745527683,0.14155928613880508,queryseq,2,vendor,GE,availability,T2cor,1
Mega cisterna magna,49,0.5123741134926663,0.011504503918624405,queryseq,2,vendor,GE,availability,T2cor,1
Structure of cave of septum pellucidum,129,0.62022762960331,0.04451187743303316,queryseq,2,vendor,GE,availability,T2cor,1
Hyperostosis of skull,40,0.7753858210754763,0.028685935301851453,queryseq,2,vendor,GE,availability,T2cor,1
Choroid plexus cyst,41,0.47127998776369817,0.009243741390521778,queryseq,2,vendor,GE,availability,T2cor,1
Pituitary adenoma,52,0.5715096270114407,0.01564750608907362,queryseq,2,vendor,GE,availability,T2cor,1
Cerebral infarction,129,0.8882406653905959,0.20394047666404863,queryseq,2,vendor,GE,availability,FLAIRax,1
Cerebral hemorrhage,27,0.8471866096866096,0.09206288819295098,queryseq,2,vendor,GE,availability,FLAIRax,1
Intracranial meningioma,75,0.701488326848249,0.0343078705090256,queryseq,2,vendor,GE,availability,FLAIRax,1
Demyelinating disease of central nervous system,109,0.5482067572249394,0.05552991674572988,queryseq,2,vendor,GE,availability,FLAIRax,1
Lacunar infarct,61,0.9057992895909983,0.14071195209221476,queryseq,2,vendor,GE,availability,FLAIRax,1
Gliosis,1237,0.7038510338023924,0.5166643946150298,queryseq,2,vendor,GE,availability,FLAIRax,1
Cerebral atrophy,550,0.9387202239608068,0.753553723137444,queryseq,2,vendor,GE,availability,FLAIRax,1
Encephalomalacia,62,0.7969618768328446,0.06745341742807959,queryseq,2,vendor,GE,availability,FLAIRax,1
Arachnoid cyst,165,0.5327275741000256,0.042484061662096326,queryseq,2,vendor,GE,availability,FLAIRax,1
Empty sella syndrome,88,0.6744937789704806,0.04198250521237116,queryseq,2,vendor,GE,availability,FLAIRax,1
Cyst of pineal gland,175,0.6003817120068367,0.05660086984502255,queryseq,2,vendor,GE,availability,FLAIRax,1
Rathke's pouch cyst,38,0.5908018419149828,0.011263971731789404,queryseq,2,vendor,GE,availability,FLAIRax,1
Cerebral edema,74,0.8629526682043093,0.26775178599509275,queryseq,2,vendor,GE,availability,FLAIRax,1
Mastoiditis,66,0.6447500974314854,0.026094799836065965,queryseq,2,vendor,GE,availability,FLAIRax,1
Chronic mastoiditis,123,0.6555578228026375,0.06626731681517045,queryseq,2,vendor,GE,availability,FLAIRax,1
Ventriculomegaly,345,0.8904080755041532,0.45521244400588723,queryseq,2,vendor,GE,availability,FLAIRax,1
Cerebellar degeneration,34,0.7108964462259741,0.055060794438314395,queryseq,2,vendor,GE,availability,FLAIRax,1
Mega cisterna magna,49,0.483635987019264,0.016746622196420004,queryseq,2,vendor,GE,availability,FLAIRax,1
Structure of cave of septum pellucidum,129,0.617698411788753,0.04898452479180305,queryseq,2,vendor,GE,availability,FLAIRax,1
Hyperostosis of skull,40,0.7680491921871233,0.027719114922923678,queryseq,2,vendor,GE,availability,FLAIRax,1
Choroid plexus cyst,41,0.5240843363571117,0.015064942058973529,queryseq,2,vendor,GE,availability,FLAIRax,1
Pituitary adenoma,52,0.5884615384615385,0.02196024085791395,queryseq,2,vendor,GE,availability,FLAIRax,1
Cerebral infarction,129,0.8727062248558689,0.19145480480725716,queryseq,2,vendor,GE,availability,T2ax,1
Cerebral hemorrhage,27,0.822070868945869,0.052411033959687506,queryseq,2,vendor,GE,availability,T2ax,1
Intracranial meningioma,75,0.7007749675745785,0.03549831716668582,queryseq,2,vendor,GE,availability,T2ax,1
Demyelinating disease of central nervous system,109,0.5228165452573891,0.026575451270678528,queryseq,2,vendor,GE,availability,T2ax,1
Lacunar infarct,61,0.9011069348314964,0.15139194791155378,queryseq,2,vendor,GE,availability,T2ax,1
Gliosis,1237,0.6728166833372156,0.49232745831788616,queryseq,2,vendor,GE,availability,T2ax,1
Cerebral atrophy,550,0.8791246531856924,0.6275281086771141,queryseq,2,vendor,GE,availability,T2ax,1
Encephalomalacia,62,0.7521094819159335,0.06209149999254078,queryseq,2,vendor,GE,availability,T2ax,1
Arachnoid cyst,165,0.5779847204014286,0.06340857165993127,queryseq,2,vendor,GE,availability,T2ax,1
Empty sella syndrome,88,0.6571336689658231,0.040935832314254385,queryseq,2,vendor,GE,availability,T2ax,1
Cyst of pineal gland,175,0.5895171627973224,0.05485009502291724,queryseq,2,vendor,GE,availability,T2ax,1
Rathke's pouch cyst,38,0.5819094011239233,0.013454692715492517,queryseq,2,vendor,GE,availability,T2ax,1
Cerebral edema,74,0.7971100203047687,0.19976897682015032,queryseq,2,vendor,GE,availability,T2ax,1
Mastoiditis,66,0.5054635165045259,0.018225939163533024,queryseq,2,vendor,GE,availability,T2ax,1
Chronic mastoiditis,123,0.7041922732219448,0.06814179002231581,queryseq,2,vendor,GE,availability,T2ax,1
Ventriculomegaly,345,0.8594399052425895,0.40615892308177576,queryseq,2,vendor,GE,availability,T2ax,1
Cerebellar degeneration,34,0.6743601365419754,0.04257107431377381,queryseq,2,vendor,GE,availability,T2ax,1
Mega cisterna magna,49,0.4738116609621132,0.013579188412188553,queryseq,2,vendor,GE,availability,T2ax,1
Structure of cave of septum pellucidum,129,0.6256127240287154,0.043776552848407715,queryseq,2,vendor,GE,availability,T2ax,1
Hyperostosis of skull,40,0.7775198938992043,0.027286098141087126,queryseq,2,vendor,GE,availability,T2ax,1
Choroid plexus cyst,41,0.5146541479886579,0.010060297697625037,queryseq,2,vendor,GE,availability,T2ax,1
Pituitary adenoma,52,0.5956143614547484,0.019795575391365377,queryseq,2,vendor,GE,availability,T2ax,1
Cerebral infarction,129,0.8743242365544565,0.19185784274155607,queryseq,2,vendor,GE,availability,T1ax,1
Cerebral hemorrhage,27,0.8722400284900285,0.09179224767793707,queryseq,2,vendor,GE,availability,T1ax,1
Intracranial meningioma,75,0.7055317769130999,0.04163164350990008,queryseq,2,vendor,GE,availability,T1ax,1
Demyelinating disease of central nervous system,109,0.530026861521433,0.028139288954687994,queryseq,2,vendor,GE,availability,T1ax,1
Lacunar infarct,61,0.8852419284346368,0.13618108001817508,queryseq,2,vendor,GE,availability,T1ax,1
Gliosis,1237,0.6786363947768658,0.49617696228451913,queryseq,2,vendor,GE,availability,T1ax,1
Cerebral atrophy,550,0.8788631989401854,0.6250992230535666,queryseq,2,vendor,GE,availability,T1ax,1
Encephalomalacia,62,0.8055405669599218,0.08285264007358772,queryseq,2,vendor,GE,availability,T1ax,1
Arachnoid cyst,165,0.5846254690113467,0.06017562646768473,queryseq,2,vendor,GE,availability,T1ax,1
Empty sella syndrome,88,0.6538290935704939,0.04385517514977813,queryseq,2,vendor,GE,availability,T1ax,1
Cyst of pineal gland,175,0.5420025637373593,0.04737839585250145,queryseq,2,vendor,GE,availability,T1ax,1
Rathke's pouch cyst,38,0.5446461417462672,0.00999974753044215,queryseq,2,vendor,GE,availability,T1ax,1
Cerebral edema,74,0.8205984978413863,0.14005165447142123,queryseq,2,vendor,GE,availability,T1ax,1
Mastoiditis,66,0.4867934378975388,0.018469522641360446,queryseq,2,vendor,GE,availability,T1ax,1
Chronic mastoiditis,123,0.7059627264579733,0.06669809840166525,queryseq,2,vendor,GE,availability,T1ax,1
Ventriculomegaly,345,0.8487774332510996,0.4054916764025724,queryseq,2,vendor,GE,availability,T1ax,1
Cerebellar degeneration,34,0.6583688616308551,0.03780001333059778,queryseq,2,vendor,GE,availability,T1ax,1
Mega cisterna magna,49,0.4424596324755132,0.014184993864785223,queryseq,2,vendor,GE,availability,T1ax,1
Structure of cave of septum pellucidum,129,0.6284380360738288,0.04896031676746486,queryseq,2,vendor,GE,availability,T1ax,1
Hyperostosis of skull,40,0.7669942126838679,0.030661457004056886,queryseq,2,vendor,GE,availability,T1ax,1
Choroid plexus cyst,41,0.5138717306131093,0.009843950428658734,queryseq,2,vendor,GE,availability,T1ax,1
Pituitary adenoma,52,0.5818482001674262,0.02019507649668075,queryseq,2,vendor,GE,availability,T1ax,1
Cerebral infarction,129,0.891480509358488,0.2101357243612127,queryseq,2,vendor,GE,availability,FLAIRax+T2cor,2
Cerebral hemorrhage,27,0.8576923076923076,0.0695653217434367,queryseq,2,vendor,GE,availability,FLAIRax+T2cor,2
Intracranial meningioma,75,0.7018255512321661,0.03387147870279196,queryseq,2,vendor,GE,availability,FLAIRax+T2cor,2
Demyelinating disease of central nervous system,109,0.4710934933926057,0.024765001832680232,queryseq,2,vendor,GE,availability,FLAIRax+T2cor,2
Lacunar infarct,61,0.912235881217072,0.15621045918517995,queryseq,2,vendor,GE,availability,FLAIRax+T2cor,2
Gliosis,1237,0.7176190345696942,0.5300440237535882,queryseq,2,vendor,GE,availability,FLAIRax+T2cor,2
Cerebral atrophy,550,0.9414717424450721,0.7582630009668074,queryseq,2,vendor,GE,availability,FLAIRax+T2cor,2
Encephalomalacia,62,0.7950263929618768,0.07961701931737092,queryseq,2,vendor,GE,availability,FLAIRax+T2cor,2
Arachnoid cyst,165,0.5809487214260959,0.059594506541486014,queryseq,2,vendor,GE,availability,FLAIRax+T2cor,2
Empty sella syndrome,88,0.6801187651090066,0.04227602847388679,queryseq,2,vendor,GE,availability,FLAIRax+T2cor,2
Cyst of pineal gland,175,0.6200028485970659,0.057294642857555665,queryseq,2,vendor,GE,availability,FLAIRax+T2cor,2
Rathke's pouch cyst,38,0.5940175819157438,0.011119008851898463,queryseq,2,vendor,GE,availability,FLAIRax+T2cor,2
Cerebral edema,74,0.862752248966691,0.2657440893203231,queryseq,2,vendor,GE,availability,FLAIRax+T2cor,2
Mastoiditis,66,0.577901068437346,0.021578217240511198,queryseq,2,vendor,GE,availability,FLAIRax+T2cor,2
Chronic mastoiditis,123,0.7158672620190768,0.07212875893789487,queryseq,2,vendor,GE,availability,FLAIRax+T2cor,2
Ventriculomegaly,345,0.89810032516277,0.4823186012721795,queryseq,2,vendor,GE,availability,FLAIRax+T2cor,2
Cerebellar degeneration,34,0.729678049885979,0.089123696649414,queryseq,2,vendor,GE,availability,FLAIRax+T2cor,2
Mega cisterna magna,49,0.4903088349888046,0.013061199027866663,queryseq,2,vendor,GE,availability,FLAIRax+T2cor,2
Structure of cave of septum pellucidum,129,0.6283807275130759,0.048056526579313294,queryseq,2,vendor,GE,availability,FLAIRax+T2cor,2
Hyperostosis of skull,40,0.7896612008680974,0.02867741109949511,queryseq,2,vendor,GE,availability,FLAIRax+T2cor,2
Choroid plexus cyst,41,0.5083712776346287,0.009775566710150174,queryseq,2,vendor,GE,availability,FLAIRax+T2cor,2
Pituitary adenoma,52,0.5827411403590363,0.01979507889645489,queryseq,2,vendor,GE,availability,FLAIRax+T2cor,2
Cerebral infarction,129,0.8795794315754887,0.2024785918276429,queryseq,2,vendor,GE,availability,T2ax+T2cor,2
Cerebral hemorrhage,27,0.8334312678062679,0.0471578988987944,queryseq,2,vendor,GE,availability,T2ax+T2cor,2
Intracranial meningioma,75,0.6982619974059663,0.03459801960131251,queryseq,2,vendor,GE,availability,T2ax+T2cor,2
Demyelinating disease of central nervous system,109,0.47916319836581167,0.0238334060641043,queryseq,2,vendor,GE,availability,T2ax+T2cor,2
Lacunar infarct,61,0.9083699530367204,0.1671053848886291,queryseq,2,vendor,GE,availability,T2ax+T2cor,2
Gliosis,1237,0.6908260827864023,0.5095047283286231,queryseq,2,vendor,GE,availability,T2ax+T2cor,2
Cerebral atrophy,550,0.9003539380608393,0.6641006211925403,queryseq,2,vendor,GE,availability,T2ax+T2cor,2
Encephalomalacia,62,0.7619863147605084,0.07904718387779418,queryseq,2,vendor,GE,availability,T2ax+T2cor,2
Arachnoid cyst,165,0.5919382788602082,0.06489240127689846,queryseq,2,vendor,GE,availability,T2ax+T2cor,2
Empty sella syndrome,88,0.663141231786023,0.040957962294575406,queryseq,2,vendor,GE,availability,T2ax+T2cor,2
Cyst of pineal gland,175,0.6111009827659877,0.05646813277323784,queryseq,2,vendor,GE,availability,T2ax+T2cor,2
Rathke's pouch cyst,38,0.5846874960358235,0.013335893362423558,queryseq,2,vendor,GE,availability,T2ax+T2cor,2
Cerebral edema,74,0.8040852668861422,0.22291863185896948,queryseq,2,vendor,GE,availability,T2ax+T2cor,2
Mastoiditis,66,0.5176516438346092,0.01828095233886962,queryseq,2,vendor,GE,availability,T2ax+T2cor,2
Chronic mastoiditis,123,0.7305410185007362,0.0735052637115154,queryseq,2,vendor,GE,availability,T2ax+T2cor,2
Ventriculomegaly,345,0.8788055737878069,0.45040395875003175,queryseq,2,vendor,GE,availability,T2ax+T2cor,2
Cerebellar degeneration,34,0.706647214628688,0.06726755174806251,queryseq,2,vendor,GE,availability,T2ax+T2cor,2
Mega cisterna magna,49,0.494165573430919,0.01228763121337806,queryseq,2,vendor,GE,availability,T2ax+T2cor,2
Structure of cave of septum pellucidum,129,0.6271543243129659,0.04441276877258116,queryseq,2,vendor,GE,availability,T2ax+T2cor,2
Hyperostosis of skull,40,0.7935435254400771,0.02795790626600003,queryseq,2,vendor,GE,availability,T2ax+T2cor,2
Choroid plexus cyst,41,0.4996411469179815,0.010501482102652542,queryseq,2,vendor,GE,availability,T2ax+T2cor,2
Pituitary adenoma,52,0.5928053204353083,0.01737622873704986,queryseq,2,vendor,GE,availability,T2ax+T2cor,2
Cerebral infarction,129,0.8850218345616468,0.20241406884727567,queryseq,2,vendor,GE,availability,T2ax+FLAIRax,2
Cerebral hemorrhage,27,0.8525017806267806,0.06567892544719572,queryseq,2,vendor,GE,availability,T2ax+FLAIRax,2
Intracranial meningioma,75,0.7129539559014267,0.03590379750810252,queryseq,2,vendor,GE,availability,T2ax+FLAIRax,2
Demyelinating disease of central nervous system,109,0.5198311818619489,0.027679941823418486,queryseq,2,vendor,GE,availability,T2ax+FLAIRax,2
Lacunar infarct,61,0.907849463220044,0.15821180133013946,queryseq,2,vendor,GE,availability,T2ax+FLAIRax,2
Gliosis,1237,0.6882463039337928,0.5031610153066102,queryseq,2,vendor,GE,availability,T2ax+FLAIRax,2
Cerebral atrophy,550,0.9290354188017098,0.7206040685427155,queryseq,2,vendor,GE,availability,T2ax+FLAIRax,2
Encephalomalacia,62,0.7929579667644184,0.07192423741492944,queryseq,2,vendor,GE,availability,T2ax+FLAIRax,2
Arachnoid cyst,165,0.5661543329867547,0.05542368200504963,queryseq,2,vendor,GE,availability,T2ax+FLAIRax,2
Empty sella syndrome,88,0.6768086451240878,0.042457364228375684,queryseq,2,vendor,GE,availability,T2ax+FLAIRax,2
Cyst of pineal gland,175,0.5975815410910126,0.05630756693452515,queryseq,2,vendor,GE,availability,T2ax+FLAIRax,2
Rathke's pouch cyst,38,0.5851758825842625,0.011664087911484542,queryseq,2,vendor,GE,availability,T2ax+FLAIRax,2
Cerebral edema,74,0.856549109284339,0.2577306810868321,queryseq,2,vendor,GE,availability,T2ax+FLAIRax,2
Mastoiditis,66,0.528203657541197,0.01883702596001451,queryseq,2,vendor,GE,availability,T2ax+FLAIRax,2
Chronic mastoiditis,123,0.6959581652903144,0.06592396628746786,queryseq,2,vendor,GE,availability,T2ax+FLAIRax,2
Ventriculomegaly,345,0.8874646357196208,0.4617198327920725,queryseq,2,vendor,GE,availability,T2ax+FLAIRax,2
Cerebellar degeneration,34,0.6825044971034405,0.05450804894903884,queryseq,2,vendor,GE,availability,T2ax+FLAIRax,2
Mega cisterna magna,49,0.4795425178287845,0.015526439553981315,queryseq,2,vendor,GE,availability,T2ax+FLAIRax,2
Structure of cave of septum pellucidum,129,0.6308125207743533,0.04682444886938111,queryseq,2,vendor,GE,availability,T2ax+FLAIRax,2
Hyperostosis of skull,40,0.7848926935133831,0.03171310498565724,queryseq,2,vendor,GE,availability,T2ax+FLAIRax,2
Choroid plexus cyst,41,0.5226253926793971,0.010291756177750236,queryseq,2,vendor,GE,availability,T2ax+FLAIRax,2
Pituitary adenoma,52,0.5941819365640405,0.021493352353136565,queryseq,2,vendor,GE,availability,T2ax+FLAIRax,2
Cerebral infarction,129,0.8788974597025303,0.21109524384897152,queryseq,2,vendor,GE,availability,T1ax+T2cor,2
Cerebral hemorrhage,27,0.8493144586894587,0.04179474610617953,queryseq,2,vendor,GE,availability,T1ax+T2cor,2
Intracranial meningioma,75,0.6769163424124514,0.03173424174343749,queryseq,2,vendor,GE,availability,T1ax+T2cor,2
Demyelinating disease of central nervous system,109,0.4570823078411345,0.022470481303298873,queryseq,2,vendor,GE,availability,T1ax+T2cor,2
Lacunar infarct,61,0.8941299873652091,0.16520572873363185,queryseq,2,vendor,GE,availability,T1ax+T2cor,2
Gliosis,1237,0.6913737445706535,0.508012443285947,queryseq,2,vendor,GE,availability,T1ax+T2cor,2
Cerebral atrophy,550,0.8895753243182444,0.6606628622993934,queryseq,2,vendor,GE,availability,T1ax+T2cor,2
Encephalomalacia,62,0.7849266862170088,0.1019425949059264,queryseq,2,vendor,GE,availability,T1ax+T2cor,2
Arachnoid cyst,165,0.5954055723822009,0.06527173993680156,queryseq,2,vendor,GE,availability,T1ax+T2cor,2
Empty sella syndrome,88,0.6594956641309411,0.040471719296540594,queryseq,2,vendor,GE,availability,T1ax+T2cor,2
Cyst of pineal gland,175,0.6053154821250534,0.05620054113175702,queryseq,2,vendor,GE,availability,T1ax+T2cor,2
Rathke's pouch cyst,38,0.5997006253884893,0.01180708054372793,queryseq,2,vendor,GE,availability,T1ax+T2cor,2
Cerebral edema,74,0.7986148073675426,0.12843333507462254,queryseq,2,vendor,GE,availability,T1ax+T2cor,2
Mastoiditis,66,0.5056142595574772,0.01756820764742388,queryseq,2,vendor,GE,availability,T1ax+T2cor,2
Chronic mastoiditis,123,0.7296607931630498,0.07410516373539616,queryseq,2,vendor,GE,availability,T1ax+T2cor,2
Ventriculomegaly,345,0.876955691857351,0.4482714897059503,queryseq,2,vendor,GE,availability,T1ax+T2cor,2
Cerebellar degeneration,34,0.6956275406863925,0.06275539362641618,queryseq,2,vendor,GE,availability,T1ax+T2cor,2
Mega cisterna magna,49,0.46381471873427954,0.012549520728364023,queryseq,2,vendor,GE,availability,T1ax+T2cor,2
Structure of cave of septum pellucidum,129,0.6306062099556431,0.047139975631614164,queryseq,2,vendor,GE,availability,T1ax+T2cor,2
Hyperostosis of skull,40,0.7893778635157945,0.029026586676761768,queryseq,2,vendor,GE,availability,T1ax+T2cor,2
Choroid plexus cyst,41,0.49441718729777745,0.009439209839058264,queryseq,2,vendor,GE,availability,T1ax+T2cor,2
Pituitary adenoma,52,0.5798204818156452,0.016494477707466315,queryseq,2,vendor,GE,availability,T1ax+T2cor,2
Cerebral infarction,129,0.8894565620212347,0.2057686092508124,queryseq,2,vendor,GE,availability,T1ax+FLAIRax,2
Cerebral hemorrhage,27,0.8508101851851853,0.12111943486733433,queryseq,2,vendor,GE,availability,T1ax+FLAIRax,2
Intracranial meningioma,75,0.7020136186770428,0.03367334145290921,queryseq,2,vendor,GE,availability,T1ax+FLAIRax,2
Demyelinating disease of central nervous system,109,0.5504587155963303,0.036739829258662815,queryseq,2,vendor,GE,availability,T1ax+FLAIRax,2
Lacunar infarct,61,0.9031412156417122,0.15737149624571956,queryseq,2,vendor,GE,availability,T1ax+FLAIRax,2
Gliosis,1237,0.696234465560473,0.506263153080095,queryseq,2,vendor,GE,availability,T1ax+FLAIRax,2
Cerebral atrophy,550,0.9283305421551228,0.7122469057296813,queryseq,2,vendor,GE,availability,T1ax+FLAIRax,2
Encephalomalacia,62,0.8015053763440859,0.07682031423011787,queryseq,2,vendor,GE,availability,T1ax+FLAIRax,2
Arachnoid cyst,165,0.5609179814053011,0.0493853889656349,queryseq,2,vendor,GE,availability,T1ax+FLAIRax,2
Empty sella syndrome,88,0.6841607709197366,0.04343064046129375,queryseq,2,vendor,GE,availability,T1ax+FLAIRax,2
Cyst of pineal gland,175,0.5917091582395669,0.057232118038637175,queryseq,2,vendor,GE,availability,T1ax+FLAIRax,2
Rathke's pouch cyst,38,0.5888990371808045,0.011357683358852184,queryseq,2,vendor,GE,availability,T1ax+FLAIRax,2
Cerebral edema,74,0.8614807367542597,0.27946874368207625,queryseq,2,vendor,GE,availability,T1ax+FLAIRax,2
Mastoiditis,66,0.5063790048017178,0.018488722534905612,queryseq,2,vendor,GE,availability,T1ax+FLAIRax,2
Chronic mastoiditis,123,0.7009234363997183,0.0683416401888621,queryseq,2,vendor,GE,availability,T1ax+FLAIRax,2
Ventriculomegaly,345,0.8912711525549043,0.46894257068210066,queryseq,2,vendor,GE,availability,T1ax+FLAIRax,2
Cerebellar degeneration,34,0.6787935015084772,0.04498454752866074,queryseq,2,vendor,GE,availability,T1ax+FLAIRax,2
Mega cisterna magna,49,0.460219370493485,0.015459799444061067,queryseq,2,vendor,GE,availability,T1ax+FLAIRax,2
Structure of cave of septum pellucidum,129,0.634713323476261,0.04994258136514996,queryseq,2,vendor,GE,availability,T1ax+FLAIRax,2
Hyperostosis of skull,40,0.7793103448275862,0.032546092603368375,queryseq,2,vendor,GE,availability,T1ax+FLAIRax,2
Choroid plexus cyst,41,0.5228489405009824,0.010183854110220094,queryseq,2,vendor,GE,availability,T1ax+FLAIRax,2
Pituitary adenoma,52,0.5863547576969584,0.021257442362789453,queryseq,2,vendor,GE,availability,T1ax+FLAIRax,2
Cerebral infarction,129,0.8782441421099484,0.20413129398379726,queryseq,2,vendor,GE,availability,T1ax+T2ax,2
Cerebral hemorrhage,27,0.8343571937321937,0.06999861434797547,queryseq,2,vendor,GE,availability,T1ax+T2ax,2
Intracranial meningioma,75,0.7032587548638133,0.03650503775879141,queryseq,2,vendor,GE,availability,T1ax+T2ax,2
Demyelinating disease of central nervous system,109,0.5187175760738985,0.026023329707561445,queryseq,2,vendor,GE,availability,T1ax+T2ax,2
Lacunar infarct,61,0.898393236016306,0.15845563868398221,queryseq,2,vendor,GE,availability,T1ax+T2ax,2
Gliosis,1237,0.6778168888645302,0.49542295032440214,queryseq,2,vendor,GE,availability,T1ax+T2ax,2
Cerebral atrophy,550,0.8837063513885071,0.6369896407849839,queryseq,2,vendor,GE,availability,T1ax+T2ax,2
Encephalomalacia,62,0.7697869012707723,0.0719173114249266,queryseq,2,vendor,GE,availability,T1ax+T2ax,2
Arachnoid cyst,165,0.582880520772117,0.0680330330227489,queryseq,2,vendor,GE,availability,T1ax+T2ax,2
Empty sella syndrome,88,0.6618105302845483,0.04217751534908621,queryseq,2,vendor,GE,availability,T1ax+T2ax,2
Cyst of pineal gland,175,0.5767967525993448,0.051921972279723505,queryseq,2,vendor,GE,availability,T1ax+T2ax,2
Rathke's pouch cyst,38,0.5827022364298309,0.01217777683517119,queryseq,2,vendor,GE,availability,T1ax+T2ax,2
Cerebral edema,74,0.7974845742898259,0.22372391087565316,queryseq,2,vendor,GE,availability,T1ax+T2ax,2
Mastoiditis,66,0.4945254535159898,0.01818599840004685,queryseq,2,vendor,GE,availability,T1ax+T2ax,2
Chronic mastoiditis,123,0.7088894757057808,0.06814422492844764,queryseq,2,vendor,GE,availability,T1ax+T2ax,2
Ventriculomegaly,345,0.8636798466982022,0.41679565784508404,queryseq,2,vendor,GE,availability,T1ax+T2ax,2
Cerebellar degeneration,34,0.663793713970057,0.042071029980534976,queryseq,2,vendor,GE,availability,T1ax+T2ax,2
Mega cisterna magna,49,0.45284126216944,0.014951027676255797,queryseq,2,vendor,GE,availability,T1ax+T2ax,2
Structure of cave of septum pellucidum,129,0.6317008034660218,0.04582649430217979,queryseq,2,vendor,GE,availability,T1ax+T2ax,2
Hyperostosis of skull,40,0.779744393537497,0.030244905589595486,queryseq,2,vendor,GE,availability,T1ax+T2ax,2
Choroid plexus cyst,41,0.5153483228030544,0.009899904258084548,queryseq,2,vendor,GE,availability,T1ax+T2ax,2
Pituitary adenoma,52,0.5961212910426937,0.02114462991542554,queryseq,2,vendor,GE,availability,T1ax+T2ax,2
Cerebral infarction,129,0.8882846019538398,0.20735490337810908,queryseq,2,vendor,GE,availability,T2ax+FLAIRax+T2cor,3
Cerebral hemorrhage,27,0.857113603988604,0.0608846365467588,queryseq,2,vendor,GE,availability,T2ax+FLAIRax+T2cor,3
Intracranial meningioma,75,0.7141342412451362,0.03600676963163228,queryseq,2,vendor,GE,availability,T2ax+FLAIRax+T2cor,3
Demyelinating disease of central nervous system,109,0.48813953593009707,0.024992876392739137,queryseq,2,vendor,GE,availability,T2ax+FLAIRax+T2cor,3
Lacunar infarct,61,0.9115604364168052,0.17752160657622368,queryseq,2,vendor,GE,availability,T2ax+FLAIRax+T2cor,3
Gliosis,1237,0.7028406615239166,0.5180259382221516,queryseq,2,vendor,GE,availability,T2ax+FLAIRax+T2cor,3
Cerebral atrophy,550,0.9311085560026996,0.7239769272570318,queryseq,2,vendor,GE,availability,T2ax+FLAIRax+T2cor,3
Encephalomalacia,62,0.7911280547409579,0.0763935734622911,queryseq,2,vendor,GE,availability,T2ax+FLAIRax+T2cor,3
Arachnoid cyst,165,0.5842984795744617,0.06297078164302122,queryseq,2,vendor,GE,availability,T2ax+FLAIRax+T2cor,3
Empty sella syndrome,88,0.675893787841824,0.04307898977092246,queryseq,2,vendor,GE,availability,T2ax+FLAIRax+T2cor,3
Cyst of pineal gland,175,0.6116977638513033,0.05650945255492079,queryseq,2,vendor,GE,availability,T2ax+FLAIRax+T2cor,3
Rathke's pouch cyst,38,0.5927934442034225,0.011543692740771343,queryseq,2,vendor,GE,availability,T2ax+FLAIRax+T2cor,3
Cerebral edema,74,0.8562139820345509,0.25987048981927097,queryseq,2,vendor,GE,availability,T2ax+FLAIRax+T2cor,3
Mastoiditis,66,0.5419286286794173,0.01914169119455358,queryseq,2,vendor,GE,availability,T2ax+FLAIRax+T2cor,3
Chronic mastoiditis,123,0.7193481531272006,0.07360759234409396,queryseq,2,vendor,GE,availability,T2ax+FLAIRax+T2cor,3
Ventriculomegaly,345,0.8935548363246799,0.47726374130030064,queryseq,2,vendor,GE,availability,T2ax+FLAIRax+T2cor,3
Cerebellar degeneration,34,0.7089347176385604,0.07165916808897636,queryseq,2,vendor,GE,availability,T2ax+FLAIRax+T2cor,3
Mega cisterna magna,49,0.48491334668231717,0.01346670218021026,queryseq,2,vendor,GE,availability,T2ax+FLAIRax+T2cor,3
Structure of cave of septum pellucidum,129,0.6314123503768992,0.04662527524179689,queryseq,2,vendor,GE,availability,T2ax+FLAIRax+T2cor,3
Hyperostosis of skull,40,0.7937364359778153,0.029056536577412355,queryseq,2,vendor,GE,availability,T2ax+FLAIRax+T2cor,3
Choroid plexus cyst,41,0.5122774816749615,0.009926498795432386,queryseq,2,vendor,GE,availability,T2ax+FLAIRax+T2cor,3
Pituitary adenoma,52,0.5894195888754535,0.019310099995426887,queryseq,2,vendor,GE,availability,T2ax+FLAIRax+T2cor,3
Cerebral infarction,129,0.8910258614431824,0.21720315518737546,queryseq,2,vendor,GE,availability,T1ax+FLAIRax+T2cor,3
Cerebral hemorrhage,27,0.8613425925925926,0.08071761341601058,queryseq,2,vendor,GE,availability,T1ax+FLAIRax+T2cor,3
Intracranial meningioma,75,0.702911802853437,0.03423658136533494,queryseq,2,vendor,GE,availability,T1ax+FLAIRax+T2cor,3
Demyelinating disease of central nervous system,109,0.4757593891591039,0.02480048506010037,queryseq,2,vendor,GE,availability,T1ax+FLAIRax+T2cor,3
Lacunar infarct,61,0.9050165682636302,0.17441127992582953,queryseq,2,vendor,GE,availability,T1ax+FLAIRax+T2cor,3
Gliosis,1237,0.7083690722497019,0.5204348831565593,queryseq,2,vendor,GE,availability,T1ax+FLAIRax+T2cor,3
Cerebral atrophy,550,0.9289639313120205,0.7187622568706276,queryseq,2,vendor,GE,availability,T1ax+FLAIRax+T2cor,3
Encephalomalacia,62,0.7987878787878788,0.08332927600684288,queryseq,2,vendor,GE,availability,T1ax+FLAIRax+T2cor,3
Arachnoid cyst,165,0.5858580835706644,0.062388321158428656,queryseq,2,vendor,GE,availability,T1ax+FLAIRax+T2cor,3
Empty sella syndrome,88,0.6797445053117168,0.04252409307604734,queryseq,2,vendor,GE,availability,T1ax+FLAIRax+T2cor,3
Cyst of pineal gland,175,0.6078963110667996,0.056545120222459375,queryseq,2,vendor,GE,availability,T1ax+FLAIRax+T2cor,3
Rathke's pouch cyst,38,0.5986223693724548,0.011315705894083764,queryseq,2,vendor,GE,availability,T1ax+FLAIRax+T2cor,3
Cerebral edema,74,0.8609780458795776,0.26746668495150594,queryseq,2,vendor,GE,availability,T1ax+FLAIRax+T2cor,3
Mastoiditis,66,0.5295088717801651,0.018388844984207002,queryseq,2,vendor,GE,availability,T1ax+FLAIRax+T2cor,3
Chronic mastoiditis,123,0.7188820338006531,0.07441564648829885,queryseq,2,vendor,GE,availability,T1ax+FLAIRax+T2cor,3
Ventriculomegaly,345,0.896551463986903,0.48384820163015274,queryseq,2,vendor,GE,availability,T1ax+FLAIRax+T2cor,3
Cerebellar degeneration,34,0.7052732964122321,0.05828811493960971,queryseq,2,vendor,GE,availability,T1ax+FLAIRax+T2cor,3
Mega cisterna magna,49,0.4659946143754746,0.013589971440011304,queryseq,2,vendor,GE,availability,T1ax+FLAIRax+T2cor,3
Structure of cave of septum pellucidum,129,0.6349043520121036,0.04857665375479321,queryseq,2,vendor,GE,availability,T1ax+FLAIRax+T2cor,3
Hyperostosis of skull,40,0.7929527369182542,0.03029180676179203,queryseq,2,vendor,GE,availability,T1ax+FLAIRax+T2cor,3
Choroid plexus cyst,41,0.5116186038850259,0.009799751397732585,queryseq,2,vendor,GE,availability,T1ax+FLAIRax+T2cor,3
Pituitary adenoma,52,0.5819040089294019,0.019159129039710343,queryseq,2,vendor,GE,availability,T1ax+FLAIRax+T2cor,3
Cerebral infarction,129,0.8810102353089505,0.21386392035581916,queryseq,2,vendor,GE,availability,T1ax+T2ax+T2cor,3
Cerebral hemorrhage,27,0.8419248575498575,0.060944921077593535,queryseq,2,vendor,GE,availability,T1ax+T2ax+T2cor,3
Intracranial meningioma,75,0.7004182879377432,0.03541467611612477,queryseq,2,vendor,GE,availability,T1ax+T2ax+T2cor,3
Demyelinating disease of central nervous system,109,0.48258950465914663,0.02395819762054044,queryseq,2,vendor,GE,availability,T1ax+T2ax+T2cor,3
Lacunar infarct,61,0.9013890323657254,0.18366550851695815,queryseq,2,vendor,GE,availability,T1ax+T2ax+T2cor,3
Gliosis,1237,0.6898379074579013,0.5085739243809083,queryseq,2,vendor,GE,availability,T1ax+T2ax+T2cor,3
Cerebral atrophy,550,0.8951468493013723,0.6617567011219108,queryseq,2,vendor,GE,availability,T1ax+T2ax+T2cor,3
Encephalomalacia,62,0.7725356793743889,0.0878271200158011,queryseq,2,vendor,GE,availability,T1ax+T2ax+T2cor,3
Arachnoid cyst,165,0.593154317918117,0.0675518583029207,queryseq,2,vendor,GE,availability,T1ax+T2ax+T2cor,3
Empty sella syndrome,88,0.6664264011177892,0.04163963542491936,queryseq,2,vendor,GE,availability,T1ax+T2ax+T2cor,3
Cyst of pineal gland,175,0.6000498504486541,0.05505410127084055,queryseq,2,vendor,GE,availability,T1ax+T2ax+T2cor,3
Rathke's pouch cyst,38,0.5901866017175984,0.012271309722129517,queryseq,2,vendor,GE,availability,T1ax+T2ax+T2cor,3
Cerebral edema,74,0.8030371728402362,0.22560437894814642,queryseq,2,vendor,GE,availability,T1ax+T2ax+T2cor,3
Mastoiditis,66,0.5072944930989094,0.017983007721186307,queryseq,2,vendor,GE,availability,T1ax+T2ax+T2cor,3
Chronic mastoiditis,123,0.7238693105434992,0.07272104678675673,queryseq,2,vendor,GE,availability,T1ax+T2ax+T2cor,3
Ventriculomegaly,345,0.8772054108292029,0.45105459463577185,queryseq,2,vendor,GE,availability,T1ax+T2ax+T2cor,3
Cerebellar degeneration,34,0.6871290774918203,0.0627518052694522,queryseq,2,vendor,GE,availability,T1ax+T2ax+T2cor,3
Mega cisterna magna,49,0.4633067340034128,0.01291769461505592,queryseq,2,vendor,GE,availability,T1ax+T2ax+T2cor,3
Structure of cave of septum pellucidum,129,0.6328737186760959,0.045769188301076215,queryseq,2,vendor,GE,availability,T1ax+T2ax+T2cor,3
Hyperostosis of skull,40,0.7944658789486375,0.029528846144947683,queryseq,2,vendor,GE,availability,T1ax+T2ax+T2cor,3
Choroid plexus cyst,41,0.5048592237007754,0.009648569965778495,queryseq,2,vendor,GE,availability,T1ax+T2ax+T2cor,3
Pituitary adenoma,52,0.5882103990326482,0.017780128270717885,queryseq,2,vendor,GE,availability,T1ax+T2ax+T2cor,3
Cerebral infarction,129,0.8875434112347703,0.20775788918726065,queryseq,2,vendor,GE,availability,T1ax+T2ax+FLAIRax,3
Cerebral hemorrhage,27,0.8545316951566951,0.07443731952449012,queryseq,2,vendor,GE,availability,T1ax+T2ax+FLAIRax,3
Intracranial meningioma,75,0.7139040207522697,0.03582742962737857,queryseq,2,vendor,GE,availability,T1ax+T2ax+FLAIRax,3
Demyelinating disease of central nervous system,109,0.5176309667898007,0.027019750520433476,queryseq,2,vendor,GE,availability,T1ax+T2ax+FLAIRax,3
Lacunar infarct,61,0.904138490023283,0.16725669190602283,queryseq,2,vendor,GE,availability,T1ax+T2ax+FLAIRax,3
Gliosis,1237,0.6876398613375718,0.5016751185133631,queryseq,2,vendor,GE,availability,T1ax+T2ax+FLAIRax,3
Cerebral atrophy,550,0.9191056565101107,0.6952881150015714,queryseq,2,vendor,GE,availability,T1ax+T2ax+FLAIRax,3
Encephalomalacia,62,0.7960430107526882,0.07427161307223536,queryseq,2,vendor,GE,availability,T1ax+T2ax+FLAIRax,3
Arachnoid cyst,165,0.5724274068381477,0.05985919791332004,queryseq,2,vendor,GE,availability,T1ax+T2ax+FLAIRax,3
Empty sella syndrome,88,0.6775128080019517,0.04301832117312594,queryseq,2,vendor,GE,availability,T1ax+T2ax+FLAIRax,3
Cyst of pineal gland,175,0.5907036034752884,0.05530577067229474,queryseq,2,vendor,GE,availability,T1ax+T2ax+FLAIRax,3
Rathke's pouch cyst,38,0.5872182263322805,0.011587370172531985,queryseq,2,vendor,GE,availability,T1ax+T2ax+FLAIRax,3
Cerebral edema,74,0.8547321939006841,0.2636851317795772,queryseq,2,vendor,GE,availability,T1ax+T2ax+FLAIRax,3
Mastoiditis,66,0.505003934026016,0.01833025622676683,queryseq,2,vendor,GE,availability,T1ax+T2ax+FLAIRax,3
Chronic mastoiditis,123,0.7047964278855386,0.06728508365042447,queryseq,2,vendor,GE,availability,T1ax+T2ax+FLAIRax,3
Ventriculomegaly,345,0.8875902496435281,0.46253581451842546,queryseq,2,vendor,GE,availability,T1ax+T2ax+FLAIRax,3
Cerebellar degeneration,34,0.6757553009164176,0.04547057166741479,queryseq,2,vendor,GE,availability,T1ax+T2ax+FLAIRax,3
Mega cisterna magna,49,0.4632327556445488,0.015876492068650015,queryseq,2,vendor,GE,availability,T1ax+T2ax+FLAIRax,3
Structure of cave of septum pellucidum,129,0.6372272590079506,0.04769291415876606,queryseq,2,vendor,GE,availability,T1ax+T2ax+FLAIRax,3
Hyperostosis of skull,40,0.7864239209066796,0.032758902133542926,queryseq,2,vendor,GE,availability,T1ax+T2ax+FLAIRax,3
Choroid plexus cyst,41,0.5215547162707517,0.010131257437314802,queryseq,2,vendor,GE,availability,T1ax+T2ax+FLAIRax,3
Pituitary adenoma,52,0.5942377453260161,0.021699518214234048,queryseq,2,vendor,GE,availability,T1ax+T2ax+FLAIRax,3
Cerebral infarction,129,0.8886265430329983,0.2154375946839538,queryseq,2,vendor,GE,availability,T1ax+T2ax+FLAIRax+T2cor,4
Cerebral hemorrhage,27,0.8585915242165243,0.0682383514292692,queryseq,2,vendor,GE,availability,T1ax+T2ax+FLAIRax+T2cor,4
Intracranial meningioma,75,0.7145136186770429,0.03624469706903617,queryseq,2,vendor,GE,availability,T1ax+T2ax+FLAIRax+T2cor,4
Demyelinating disease of central nervous system,109,0.48892918367071464,0.024834933260475995,queryseq,2,vendor,GE,availability,T1ax+T2ax+FLAIRax+T2cor,4
Lacunar infarct,61,0.9059939766216634,0.1752848516186236,queryseq,2,vendor,GE,availability,T1ax+T2ax+FLAIRax+T2cor,4
Gliosis,1237,0.6993645095433183,0.5143610004110892,queryseq,2,vendor,GE,availability,T1ax+T2ax+FLAIRax+T2cor,4
Cerebral atrophy,550,0.9217241982653036,0.7024046246101474,queryseq,2,vendor,GE,availability,T1ax+T2ax+FLAIRax+T2cor,4
Encephalomalacia,62,0.7936226783968718,0.07958687754912643,queryseq,2,vendor,GE,availability,T1ax+T2ax+FLAIRax+T2cor,4
Arachnoid cyst,165,0.5862453475581273,0.06501024336845841,queryseq,2,vendor,GE,availability,T1ax+T2ax+FLAIRax+T2cor,4
Empty sella syndrome,88,0.6763484441881612,0.04284508364629671,queryseq,2,vendor,GE,availability,T1ax+T2ax+FLAIRax+T2cor,4
Cyst of pineal gland,175,0.6033399800598205,0.05583199696596516,queryseq,2,vendor,GE,availability,T1ax+T2ax+FLAIRax+T2cor,4
Rathke's pouch cyst,38,0.594556709923761,0.011595725595276132,queryseq,2,vendor,GE,availability,T1ax+T2ax+FLAIRax+T2cor,4
Cerebral edema,74,0.8544069233347132,0.26184310745468525,queryseq,2,vendor,GE,availability,T1ax+T2ax+FLAIRax+T2cor,4
Mastoiditis,66,0.5196664534203966,0.01833993835785859,queryseq,2,vendor,GE,availability,T1ax+T2ax+FLAIRax+T2cor,4
Chronic mastoiditis,123,0.71793579156264,0.07352688820713796,queryseq,2,vendor,GE,availability,T1ax+T2ax+FLAIRax+T2cor,4
Ventriculomegaly,345,0.8921825136364664,0.4755818382893267,queryseq,2,vendor,GE,availability,T1ax+T2ax+FLAIRax+T2cor,4
Cerebellar degeneration,34,0.6949476636308267,0.057189124825136564,queryseq,2,vendor,GE,availability,T1ax+T2ax+FLAIRax+T2cor,4
Mega cisterna magna,49,0.46826328404730666,0.01397711813898436,queryseq,2,vendor,GE,availability,T1ax+T2ax+FLAIRax+T2cor,4
Structure of cave of septum pellucidum,129,0.6364344905842035,0.04728649621852095,queryseq,2,vendor,GE,availability,T1ax+T2ax+FLAIRax+T2cor,4
Hyperostosis of skull,40,0.7944598504943332,0.030054752928072522,queryseq,2,vendor,GE,availability,T1ax+T2ax+FLAIRax+T2cor,4
Choroid plexus cyst,41,0.5134305178073488,0.009881845080696085,queryseq,2,vendor,GE,availability,T1ax+T2ax+FLAIRax+T2cor,4
Pituitary adenoma,52,0.5883964282392335,0.01956692040764267,queryseq,2,vendor,GE,availability,T1ax+T2ax+FLAIRax+T2cor,4
Cerebral infarction,129,0.8742535559961948,0.19520115098359409,queryseq,2,vendor,GE,budget,all4,1
Cerebral hemorrhage,27,0.8440972222222223,0.09540959248732189,queryseq,2,vendor,GE,budget,all4,1
Intracranial meningioma,75,0.6627788586251621,0.03146443155002097,queryseq,2,vendor,GE,budget,all4,1
Demyelinating disease of central nervous system,109,0.46310252822259523,0.02288984552589652,queryseq,2,vendor,GE,budget,all4,1
Lacunar infarct,61,0.9053542906637635,0.1690053860087147,queryseq,2,vendor,GE,budget,all4,1
Gliosis,1237,0.6489883945576367,0.48216716593451686,queryseq,2,vendor,GE,budget,all4,1
Cerebral atrophy,550,0.8800099982503061,0.6222953045100796,queryseq,2,vendor,GE,budget,all4,1
Encephalomalacia,62,0.798041055718475,0.0630308069931369,queryseq,2,vendor,GE,budget,all4,1
Arachnoid cyst,165,0.5887000286304115,0.0599562826285088,queryseq,2,vendor,GE,budget,all4,1
Empty sella syndrome,88,0.6491633214309476,0.035577857303116855,queryseq,2,vendor,GE,budget,all4,1
Cyst of pineal gland,175,0.6020025637373593,0.05272611233605163,queryseq,2,vendor,GE,budget,all4,1
Rathke's pouch cyst,38,0.5835331278304221,0.010457656912968821,queryseq,2,vendor,GE,budget,all4,1
Cerebral edema,74,0.8648221525683233,0.2720251541961533,queryseq,2,vendor,GE,budget,all4,1
Mastoiditis,66,0.5216959696454965,0.017816697932024336,queryseq,2,vendor,GE,budget,all4,1
Chronic mastoiditis,123,0.6941837110300236,0.06440697171132817,queryseq,2,vendor,GE,budget,all4,1
Ventriculomegaly,345,0.8894469215158168,0.4522372293141487,queryseq,2,vendor,GE,budget,all4,1
Cerebellar degeneration,34,0.616443109870965,0.08487260621487588,queryseq,2,vendor,GE,budget,all4,1
Mega cisterna magna,49,0.4799666604196052,0.018565836261819776,queryseq,2,vendor,GE,budget,all4,1
Structure of cave of septum pellucidum,129,0.6138205325111465,0.04508464236451133,queryseq,2,vendor,GE,budget,all4,1
Hyperostosis of skull,40,0.7543887147335423,0.029305766043624972,queryseq,2,vendor,GE,budget,all4,1
Choroid plexus cyst,41,0.5218135611167979,0.010114773095272495,queryseq,2,vendor,GE,budget,all4,1
Pituitary adenoma,52,0.5788903357827179,0.021928837345859993,queryseq,2,vendor,GE,budget,all4,1
Cerebral infarction,129,0.8862654303299827,0.2087050216507016,queryseq,2,vendor,GE,budget,all4,2
Cerebral hemorrhage,27,0.8414084757834758,0.06914493363043625,queryseq,2,vendor,GE,budget,all4,2
Intracranial meningioma,75,0.6997373540856031,0.03309733194785967,queryseq,2,vendor,GE,budget,all4,2
Demyelinating disease of central nervous system,109,0.48856923028467814,0.024561583980749944,queryseq,2,vendor,GE,budget,all4,2
Lacunar infarct,61,0.9089699069475459,0.18554373870819726,queryseq,2,vendor,GE,budget,all4,2
Gliosis,1237,0.6920365016510694,0.5087086109863316,queryseq,2,vendor,GE,budget,all4,2
Cerebral atrophy,550,0.9124423225935461,0.6751382414587023,queryseq,2,vendor,GE,budget,all4,2
Encephalomalacia,62,0.7869990224828933,0.07068828054859316,queryseq,2,vendor,GE,budget,all4,2
Arachnoid cyst,165,0.5906438828865482,0.06592537473042266,queryseq,2,vendor,GE,budget,all4,2
Empty sella syndrome,88,0.6726696089955422,0.041853544885791134,queryseq,2,vendor,GE,budget,all4,2
Cyst of pineal gland,175,0.5987380714997863,0.0532001135301503,queryseq,2,vendor,GE,budget,all4,2
Rathke's pouch cyst,38,0.5899202090548135,0.011156374545840252,queryseq,2,vendor,GE,budget,all4,2
Cerebral edema,74,0.843061880261005,0.2519838615840819,queryseq,2,vendor,GE,budget,all4,2
Mastoiditis,66,0.5458038281382129,0.019852150485889914,queryseq,2,vendor,GE,budget,all4,2
Chronic mastoiditis,123,0.7082553133602203,0.07055109453164557,queryseq,2,vendor,GE,budget,all4,2
Ventriculomegaly,345,0.8867316992206655,0.44273426411192396,queryseq,2,vendor,GE,budget,all4,2
Cerebellar degeneration,34,0.6498916445942692,0.04207561230335075,queryseq,2,vendor,GE,budget,all4,2
Mega cisterna magna,49,0.4766080429271757,0.01411019972302201,queryseq,2,vendor,GE,budget,all4,2
Structure of cave of septum pellucidum,129,0.6239507757668841,0.04413418759749113,queryseq,2,vendor,GE,budget,all4,2
Hyperostosis of skull,40,0.7772606703641187,0.027950462931122806,queryseq,2,vendor,GE,budget,all4,2
Choroid plexus cyst,41,0.5156895273728425,0.0099805538908341,queryseq,2,vendor,GE,budget,all4,2
Pituitary adenoma,52,0.5909915356711003,0.018896082286649636,queryseq,2,vendor,GE,budget,all4,2
Cerebral infarction,129,0.8849683465716109,0.20377573559622905,queryseq,2,vendor,GE,budget,all4,3
Cerebral hemorrhage,27,0.8525017806267807,0.07195987849651121,queryseq,2,vendor,GE,budget,all4,3
Intracranial meningioma,75,0.7233268482490273,0.03750440021611785,queryseq,2,vendor,GE,budget,all4,3
Demyelinating disease of central nervous system,109,0.48870646251310457,0.02667789097998883,queryseq,2,vendor,GE,budget,all4,3
Lacunar infarct,61,0.9053701834825933,0.17053385900518248,queryseq,2,vendor,GE,budget,all4,3
Gliosis,1237,0.6897191126700739,0.5055106305067956,queryseq,2,vendor,GE,budget,all4,3
Cerebral atrophy,550,0.919107656160172,0.6944574730184974,queryseq,2,vendor,GE,budget,all4,3
Encephalomalacia,62,0.7872414467253177,0.07903465753291661,queryseq,2,vendor,GE,budget,all4,3
Arachnoid cyst,165,0.583918749905821,0.0626619126095565,queryseq,2,vendor,GE,budget,all4,3
Empty sella syndrome,88,0.6716383153318992,0.04317654962030765,queryseq,2,vendor,GE,budget,all4,3
Cyst of pineal gland,175,0.6066229881783222,0.056304975110926955,queryseq,2,vendor,GE,budget,all4,3
Rathke's pouch cyst,38,0.6003666070454516,0.011985091468083114,queryseq,2,vendor,GE,budget,all4,3
Cerebral edema,74,0.8355313738245905,0.22258165906009952,queryseq,2,vendor,GE,budget,all4,3
Mastoiditis,66,0.5156772775069305,0.01847859009063184,queryseq,2,vendor,GE,budget,all4,3
Chronic mastoiditis,123,0.7204904455540619,0.07404762285149065,queryseq,2,vendor,GE,budget,all4,3
Ventriculomegaly,345,0.8885491403179201,0.468137462863133,queryseq,2,vendor,GE,budget,all4,3
Cerebellar degeneration,34,0.7001033979688672,0.06318348805290265,queryseq,2,vendor,GE,budget,all4,3
Mega cisterna magna,49,0.4653682642704255,0.013107503099646981,queryseq,2,vendor,GE,budget,all4,3
Structure of cave of septum pellucidum,129,0.6382549925307843,0.04727555849157102,queryseq,2,vendor,GE,budget,all4,3
Hyperostosis of skull,40,0.7832589823969134,0.03154074225411816,queryseq,2,vendor,GE,budget,all4,3
Choroid plexus cyst,41,0.5176661607426494,0.010002086689476898,queryseq,2,vendor,GE,budget,all4,3
Pituitary adenoma,52,0.5897404892568133,0.019243894805215843,queryseq,2,vendor,GE,budget,all4,3
Cerebral infarction,129,0.8910048483042396,0.21807984001897818,queryseq,2,vendor,GE,budget,all4,4
Cerebral hemorrhage,27,0.8607282763532763,0.0852421715112421,queryseq,2,vendor,GE,budget,all4,4
Intracranial meningioma,75,0.7368612191958497,0.04135212809789011,queryseq,2,vendor,GE,budget,all4,4
Demyelinating disease of central nervous system,109,0.4995095635115253,0.028528905680340604,queryseq,2,vendor,GE,budget,all4,4
Lacunar infarct,61,0.908727541460391,0.17200020654580547,queryseq,2,vendor,GE,budget,all4,4
Gliosis,1237,0.7065823547949522,0.5200303606715545,queryseq,2,vendor,GE,budget,all4,4
Cerebral atrophy,550,0.9263138950683631,0.7120370460654049,queryseq,2,vendor,GE,budget,all4,4
Encephalomalacia,62,0.7944633431085044,0.09963948770282806,queryseq,2,vendor,GE,budget,all4,4
Arachnoid cyst,165,0.5800430963036632,0.06340348740416513,queryseq,2,vendor,GE,budget,all4,4
Empty sella syndrome,88,0.6788629155669896,0.04323614135757782,queryseq,2,vendor,GE,budget,all4,4
Cyst of pineal gland,175,0.5998248112804443,0.05597975026805088,queryseq,2,vendor,GE,budget,all4,4
Rathke's pouch cyst,38,0.59312326369068,0.011885122510010667,queryseq,2,vendor,GE,budget,all4,4
Cerebral edema,74,0.8417213712618526,0.26717194137774514,queryseq,2,vendor,GE,budget,all4,4
Mastoiditis,66,0.5533005375276668,0.020232813752510643,queryseq,2,vendor,GE,budget,all4,4
Chronic mastoiditis,123,0.7200523333973496,0.07294107069819283,queryseq,2,vendor,GE,budget,all4,4
Ventriculomegaly,345,0.8876513591200236,0.46570301342201614,queryseq,2,vendor,GE,budget,all4,4
Cerebellar degeneration,34,0.7139204827127095,0.059023488325750634,queryseq,2,vendor,GE,budget,all4,4
Mega cisterna magna,49,0.46885511091821935,0.014036792584688453,queryseq,2,vendor,GE,budget,all4,4
Structure of cave of septum pellucidum,129,0.6424557100339648,0.0487621600711982,queryseq,2,vendor,GE,budget,all4,4
Hyperostosis of skull,40,0.7948999276585483,0.030213298228828542,queryseq,2,vendor,GE,budget,all4,4
Choroid plexus cyst,41,0.5097243302389609,0.009757409591071284,queryseq,2,vendor,GE,budget,all4,4
Pituitary adenoma,52,0.5880336712863921,0.019261031260546797,queryseq,2,vendor,GE,budget,all4,4
Gliosis,54,0.7144390767579173,0.640173513466403,uniform,0,field,3.0,availability,T2cor,1
Cerebral atrophy,26,0.7525773195876289,0.5208661274014116,uniform,0,field,3.0,availability,T2cor,1
Ventriculomegaly,20,0.7257281553398058,0.4736420411077509,uniform,0,field,3.0,availability,T2cor,1
Gliosis,54,0.7611379495437466,0.7085226813832814,uniform,0,field,3.0,availability,FLAIRax,1
Cerebral atrophy,26,0.816415543219667,0.5590688239733329,uniform,0,field,3.0,availability,FLAIRax,1
Ventriculomegaly,20,0.8519417475728155,0.49293690491975645,uniform,0,field,3.0,availability,FLAIRax,1
Gliosis,54,0.7286634460547503,0.6729620511092498,uniform,0,field,3.0,availability,T2ax,1
Cerebral atrophy,26,0.7569389373513085,0.5312229666817293,uniform,0,field,3.0,availability,T2ax,1
Ventriculomegaly,20,0.7975728155339805,0.4617551753886877,uniform,0,field,3.0,availability,T2ax,1
Gliosis,54,0.7224906065485774,0.6995650438718387,uniform,0,field,3.0,availability,T1ax,1
Cerebral atrophy,26,0.8291038858049167,0.5521329178993144,uniform,0,field,3.0,availability,T1ax,1
Ventriculomegaly,20,0.8694174757281553,0.5060364903790137,uniform,0,field,3.0,availability,T1ax,1
Gliosis,54,0.7597960279119699,0.6896718244279239,uniform,0,field,3.0,availability,FLAIRax+T2cor,2
Cerebral atrophy,26,0.7965900079302141,0.575608825256954,uniform,0,field,3.0,availability,FLAIRax+T2cor,2
Ventriculomegaly,20,0.7995145631067961,0.5169202933430682,uniform,0,field,3.0,availability,FLAIRax+T2cor,2
Gliosis,54,0.7399355877616747,0.6775175654246046,uniform,0,field,3.0,availability,T2ax+T2cor,2
Cerebral atrophy,26,0.7581284694686756,0.5459242887690082,uniform,0,field,3.0,availability,T2ax+T2cor,2
Ventriculomegaly,20,0.7703883495145631,0.49072063560663864,uniform,0,field,3.0,availability,T2ax+T2cor,2
Gliosis,54,0.7571121846484166,0.7113416655317552,uniform,0,field,3.0,availability,T2ax+FLAIRax,2
Cerebral atrophy,26,0.789056304520222,0.5550501813916091,uniform,0,field,3.0,availability,T2ax+FLAIRax,2
Ventriculomegaly,20,0.829126213592233,0.5001359442659289,uniform,0,field,3.0,availability,T2ax+FLAIRax,2
Gliosis,54,0.7404723564143855,0.6900620230420405,uniform,0,field,3.0,availability,T1ax+T2cor,2
Cerebral atrophy,26,0.8092783505154639,0.5566984040899505,uniform,0,field,3.0,availability,T1ax+T2cor,2
Ventriculomegaly,20,0.8092233009708738,0.5135344992831564,uniform,0,field,3.0,availability,T1ax+T2cor,2
Gliosis,54,0.7506709608158882,0.7129520916053093,uniform,0,field,3.0,availability,T1ax+FLAIRax,2
Cerebral atrophy,26,0.8334655035685964,0.5210398894933685,uniform,0,field,3.0,availability,T1ax+FLAIRax,2
Ventriculomegaly,20,0.8650485436893204,0.47572624262318614,uniform,0,field,3.0,availability,T1ax+FLAIRax,2
Gliosis,54,0.746376811594203,0.7051034687759162,uniform,0,field,3.0,availability,T1ax+T2ax,2
Cerebral atrophy,26,0.8009516256938937,0.5474341177883056,uniform,0,field,3.0,availability,T1ax+T2ax,2
Ventriculomegaly,20,0.8349514563106797,0.5034664769161905,uniform,0,field,3.0,availability,T1ax+T2ax,2
Gliosis,54,0.7528180354267311,0.6898355443452442,uniform,0,field,3.0,availability,T2ax+FLAIRax+T2cor,3
Cerebral atrophy,26,0.781919111816019,0.5640094099923704,uniform,0,field,3.0,availability,T2ax+FLAIRax+T2cor,3
Ventriculomegaly,20,0.8009708737864077,0.4859209130658971,uniform,0,field,3.0,availability,T2ax+FLAIRax+T2cor,3
Gliosis,54,0.7517444981213097,0.6922754283666204,uniform,0,field,3.0,availability,T1ax+FLAIRax+T2cor,3
Cerebral atrophy,26,0.8183980967486123,0.5605667111004577,uniform,0,field,3.0,availability,T1ax+FLAIRax+T2cor,3
Ventriculomegaly,20,0.8344660194174758,0.5213718021261081,uniform,0,field,3.0,availability,T1ax+FLAIRax+T2cor,3
Gliosis,54,0.7471819645732689,0.6907439918886784,uniform,0,field,3.0,availability,T1ax+T2ax+T2cor,3
Cerebral atrophy,26,0.7906423473433782,0.5493182903816075,uniform,0,field,3.0,availability,T1ax+T2ax+T2cor,3
Ventriculomegaly,20,0.8053398058252428,0.5041878167619679,uniform,0,field,3.0,availability,T1ax+T2ax+T2cor,3
Gliosis,54,0.7549651100375738,0.7077178515326242,uniform,0,field,3.0,availability,T1ax+T2ax+FLAIRax,3
Cerebral atrophy,26,0.8092783505154639,0.5645154234901782,uniform,0,field,3.0,availability,T1ax+T2ax+FLAIRax,3
Ventriculomegaly,20,0.8504854368932039,0.5106046659902154,uniform,0,field,3.0,availability,T1ax+T2ax+FLAIRax,3
Gliosis,54,0.7563070316693505,0.698152475278178,uniform,0,field,3.0,availability,T1ax+T2ax+FLAIRax+T2cor,4
Cerebral atrophy,26,0.8045202220459953,0.5626035685676021,uniform,0,field,3.0,availability,T1ax+T2ax+FLAIRax+T2cor,4
Ventriculomegaly,20,0.8237864077669903,0.5226598515548766,uniform,0,field,3.0,availability,T1ax+T2ax+FLAIRax+T2cor,4
Gliosis,54,0.7224906065485774,0.6995650438718387,uniform,0,field,3.0,budget,all4,1
Cerebral atrophy,26,0.8291038858049167,0.5521329178993144,uniform,0,field,3.0,budget,all4,1
Ventriculomegaly,20,0.8694174757281553,0.5060364903790137,uniform,0,field,3.0,budget,all4,1
Gliosis,54,0.746376811594203,0.7051034687759162,uniform,0,field,3.0,budget,all4,2
Cerebral atrophy,26,0.8009516256938937,0.5474341177883056,uniform,0,field,3.0,budget,all4,2
Ventriculomegaly,20,0.8349514563106797,0.5034664769161905,uniform,0,field,3.0,budget,all4,2
Gliosis,54,0.7549651100375738,0.7077178515326242,uniform,0,field,3.0,budget,all4,3
Cerebral atrophy,26,0.8092783505154639,0.5645154234901782,uniform,0,field,3.0,budget,all4,3
Ventriculomegaly,20,0.8504854368932039,0.5106046659902154,uniform,0,field,3.0,budget,all4,3
Gliosis,54,0.7563070316693505,0.698152475278178,uniform,0,field,3.0,budget,all4,4
Cerebral atrophy,26,0.8045202220459953,0.5626035685676021,uniform,0,field,3.0,budget,all4,4
Ventriculomegaly,20,0.8237864077669903,0.5226598515548766,uniform,0,field,3.0,budget,all4,4
Gliosis,54,0.7257112184648417,0.6562801883544327,patient,0,field,3.0,availability,T2cor,1
Cerebral atrophy,26,0.7454401268834259,0.5252016502379855,patient,0,field,3.0,availability,T2cor,1
Ventriculomegaly,20,0.7266990291262136,0.46480980424344553,patient,0,field,3.0,availability,T2cor,1
Gliosis,54,0.7619431025228127,0.7128137783335964,patient,0,field,3.0,availability,FLAIRax,1
Cerebral atrophy,26,0.8096748612212531,0.5452979802353521,patient,0,field,3.0,availability,FLAIRax,1
Ventriculomegaly,20,0.8470873786407767,0.5018175384556963,patient,0,field,3.0,availability,FLAIRax,1
Gliosis,54,0.7420826623725174,0.7031964396723897,patient,0,field,3.0,availability,T2ax,1
Cerebral atrophy,26,0.753766851704996,0.518444912685458,patient,0,field,3.0,availability,T2ax,1
Ventriculomegaly,20,0.7893203883495146,0.4207521873812421,patient,0,field,3.0,availability,T2ax,1
Gliosis,54,0.7128287707997853,0.7027190446147716,patient,0,field,3.0,availability,T1ax,1
Cerebral atrophy,26,0.8342585249801745,0.5593096109557278,patient,0,field,3.0,availability,T1ax,1
Ventriculomegaly,20,0.8543689320388349,0.46413707850026253,patient,0,field,3.0,availability,T1ax,1
Gliosis,54,0.7581857219538378,0.6898546630288034,patient,0,field,3.0,availability,FLAIRax+T2cor,2
Cerebral atrophy,26,0.7894528152260112,0.567864603543258,patient,0,field,3.0,availability,FLAIRax+T2cor,2
Ventriculomegaly,20,0.7849514563106795,0.4831904086062755,patient,0,field,3.0,availability,FLAIRax+T2cor,2
Gliosis,54,0.7479871175523349,0.696623975888732,patient,0,field,3.0,availability,T2ax+T2cor,2
Cerebral atrophy,26,0.7597145122918318,0.540734700919701,patient,0,field,3.0,availability,T2ax+T2cor,2
Ventriculomegaly,20,0.7796116504854369,0.4495657815132413,patient,0,field,3.0,availability,T2ax+T2cor,2
Gliosis,54,0.7555018786902846,0.714912024279755,patient,0,field,3.0,availability,T2ax+FLAIRax,2
Cerebral atrophy,26,0.7727993655828708,0.543554633891523,patient,0,field,3.0,availability,T2ax+FLAIRax,2
Ventriculomegaly,20,0.8067961165048544,0.45576102088739323,patient,0,field,3.0,availability,T2ax+FLAIRax,2
Gliosis,54,0.7447665056360708,0.6889029740234416,patient,0,field,3.0,availability,T1ax+T2cor,2
Cerebral atrophy,26,0.7906423473433783,0.547823133239348,patient,0,field,3.0,availability,T1ax+T2cor,2
Ventriculomegaly,20,0.7800970873786407,0.44353717726507524,patient,0,field,3.0,availability,T1ax+T2cor,2
Gliosis,54,0.7431561996779388,0.7094185521967656,patient,0,field,3.0,availability,T1ax+FLAIRax,2
Cerebral atrophy,26,0.8318794607454402,0.5577489654117027,patient,0,field,3.0,availability,T1ax+FLAIRax,2
Ventriculomegaly,20,0.8635922330097087,0.5110248419110539,patient,0,field,3.0,availability,T1ax+FLAIRax,2
Gliosis,54,0.7514761137949544,0.7181961581531483,patient,0,field,3.0,availability,T1ax+T2ax,2
Cerebral atrophy,26,0.78152260111023,0.528693893481494,patient,0,field,3.0,availability,T1ax+T2ax,2
Ventriculomegaly,20,0.8072815533980583,0.46886076565753376,patient,0,field,3.0,availability,T1ax+T2ax,2
Gliosis,54,0.7538915727321525,0.6968726155781457,patient,0,field,3.0,availability,T2ax+FLAIRax+T2cor,3
Cerebral atrophy,26,0.774385408406027,0.5562893568263853,patient,0,field,3.0,availability,T2ax+FLAIRax+T2cor,3
Ventriculomegaly,20,0.7898058252427185,0.4291832660101274,patient,0,field,3.0,availability,T2ax+FLAIRax+T2cor,3
Gliosis,54,0.7555018786902845,0.692569621066601,patient,0,field,3.0,availability,T1ax+FLAIRax+T2cor,3
Cerebral atrophy,26,0.8076923076923077,0.5678476614891155,patient,0,field,3.0,availability,T1ax+FLAIRax+T2cor,3
Ventriculomegaly,20,0.8111650485436893,0.49181725768058393,patient,0,field,3.0,availability,T1ax+FLAIRax+T2cor,3
Gliosis,54,0.7549651100375738,0.7036001814619235,patient,0,field,3.0,availability,T1ax+T2ax+T2cor,3
Cerebral atrophy,26,0.7783505154639175,0.553635204526147,patient,0,field,3.0,availability,T1ax+T2ax+T2cor,3
Ventriculomegaly,20,0.7907766990291262,0.46270507515135023,patient,0,field,3.0,availability,T1ax+T2ax+T2cor,3
Gliosis,54,0.7565754159957058,0.717347940412182,patient,0,field,3.0,availability,T1ax+T2ax+FLAIRax,3
Cerebral atrophy,26,0.7906423473433782,0.5504694744758908,patient,0,field,3.0,availability,T1ax+T2ax+FLAIRax,3
Ventriculomegaly,20,0.8194174757281554,0.46377484454854945,patient,0,field,3.0,availability,T1ax+T2ax+FLAIRax,3
Gliosis,54,0.7587224906065485,0.7047023644339936,patient,0,field,3.0,availability,T1ax+T2ax+FLAIRax+T2cor,4
Cerebral atrophy,26,0.7898493259318002,0.5644127293575847,patient,0,field,3.0,availability,T1ax+T2ax+FLAIRax+T2cor,4
Ventriculomegaly,20,0.8038834951456311,0.4481838074556041,patient,0,field,3.0,availability,T1ax+T2ax+FLAIRax+T2cor,4
Gliosis,54,0.7412775093934514,0.6934124890551059,patient,0,field,3.0,budget,all4,1
Cerebral atrophy,26,0.7498017446471055,0.4897863290874537,patient,0,field,3.0,budget,all4,1
Ventriculomegaly,20,0.7859223300970875,0.3689448165779743,patient,0,field,3.0,budget,all4,1
Gliosis,54,0.7560386473429951,0.7015260167855293,patient,0,field,3.0,budget,all4,2
Cerebral atrophy,26,0.7664551942902459,0.5607768461769983,patient,0,field,3.0,budget,all4,2
Ventriculomegaly,20,0.7490291262135922,0.3661485331213125,patient,0,field,3.0,budget,all4,2
Gliosis,54,0.7474503488996243,0.6961339458818547,patient,0,field,3.0,budget,all4,3
Cerebral atrophy,26,0.795003965107058,0.5767372044194811,patient,0,field,3.0,budget,all4,3
Ventriculomegaly,20,0.8135922330097087,0.46762092245355197,patient,0,field,3.0,budget,all4,3
Gliosis,54,0.7630166398282341,0.705008254616295,patient,0,field,3.0,budget,all4,4
Cerebral atrophy,26,0.8053132434575734,0.5701086843376423,patient,0,field,3.0,budget,all4,4
Ventriculomegaly,20,0.8252427184466019,0.5014732427453018,patient,0,field,3.0,budget,all4,4
Gliosis,54,0.7216854535695115,0.652706502936409,finding,0,field,3.0,availability,T2cor,1
Cerebral atrophy,26,0.7482157018239493,0.5300404036174036,finding,0,field,3.0,availability,T2cor,1
Ventriculomegaly,20,0.7359223300970874,0.4717727015816454,finding,0,field,3.0,availability,T2cor,1
Gliosis,54,0.7560386473429951,0.7105405500558836,finding,0,field,3.0,availability,FLAIRax,1
Cerebral atrophy,26,0.8088818398096749,0.5527843799954676,finding,0,field,3.0,availability,FLAIRax,1
Ventriculomegaly,20,0.8383495145631068,0.46327151733639077,finding,0,field,3.0,availability,FLAIRax,1
Gliosis,54,0.7442297369833601,0.7046391026092961,finding,0,field,3.0,availability,T2ax,1
Cerebral atrophy,26,0.7565424266455194,0.5300978909558457,finding,0,field,3.0,availability,T2ax,1
Ventriculomegaly,20,0.7902912621359224,0.41385184944892023,finding,0,field,3.0,availability,T2ax,1
Gliosis,54,0.7106816961889426,0.700739719847778,finding,0,field,3.0,availability,T1ax,1
Cerebral atrophy,26,0.8203806502775575,0.5540022954790581,finding,0,field,3.0,availability,T1ax,1
Ventriculomegaly,20,0.854368932038835,0.5081696912241537,finding,0,field,3.0,availability,T1ax,1
Gliosis,54,0.7643585614600107,0.6960954610865473,finding,0,field,3.0,availability,FLAIRax+T2cor,2
Cerebral atrophy,26,0.80253766851705,0.5674835300368619,finding,0,field,3.0,availability,FLAIRax+T2cor,2
Ventriculomegaly,20,0.8077669902912621,0.4686332971402413,finding,0,field,3.0,availability,FLAIRax+T2cor,2
Gliosis,54,0.7495974235104669,0.6907968450729489,finding,0,field,3.0,availability,T2ax+T2cor,2
Cerebral atrophy,26,0.7593180015860429,0.5428355045698007,finding,0,field,3.0,availability,T2ax+T2cor,2
Ventriculomegaly,20,0.7655339805825243,0.4485849714802131,finding,0,field,3.0,availability,T2ax+T2cor,2
Gliosis,54,0.7651637144390768,0.717461768434346,finding,0,field,3.0,availability,T2ax+FLAIRax,2
Cerebral atrophy,26,0.7902458366375893,0.5617474990296936,finding,0,field,3.0,availability,T2ax+FLAIRax,2
Ventriculomegaly,20,0.8266990291262135,0.47775787126030017,finding,0,field,3.0,availability,T2ax+FLAIRax,2
Gliosis,54,0.7517444981213097,0.7004606292381892,finding,0,field,3.0,availability,T1ax+T2cor,2
Cerebral atrophy,26,0.8084853291038858,0.5551428475702553,finding,0,field,3.0,availability,T1ax+T2cor,2
Ventriculomegaly,20,0.8150485436893204,0.48646804711628305,finding,0,field,3.0,availability,T1ax+T2cor,2
Gliosis,54,0.7428878153515834,0.7159835973421194,finding,0,field,3.0,availability,T1ax+FLAIRax,2
Cerebral atrophy,26,0.8199841395717683,0.5439041032748578,finding,0,field,3.0,availability,T1ax+FLAIRax,2
Ventriculomegaly,20,0.8485436893203884,0.4689231763618338,finding,0,field,3.0,availability,T1ax+FLAIRax,2
Gliosis,54,0.7530864197530864,0.7275801975650283,finding,0,field,3.0,availability,T1ax+T2ax,2
Cerebral atrophy,26,0.7922283901665346,0.5263186477442957,finding,0,field,3.0,availability,T1ax+T2ax,2
Ventriculomegaly,20,0.8257281553398059,0.46070719836515905,finding,0,field,3.0,availability,T1ax+T2ax,2
Gliosis,54,0.7622114868491681,0.7021494334549578,finding,0,field,3.0,availability,T2ax+FLAIRax+T2cor,3
Cerebral atrophy,26,0.7854877081681205,0.560872305011912,finding,0,field,3.0,availability,T2ax+FLAIRax+T2cor,3
Ventriculomegaly,20,0.8043689320388349,0.4647927957965247,finding,0,field,3.0,availability,T2ax+FLAIRax+T2cor,3
Gliosis,54,0.7576489533011272,0.6996054172619057,finding,0,field,3.0,availability,T1ax+FLAIRax+T2cor,3
Cerebral atrophy,26,0.8195876288659794,0.5652554910884827,finding,0,field,3.0,availability,T1ax+FLAIRax+T2cor,3
Ventriculomegaly,20,0.8310679611650486,0.4825943885489201,finding,0,field,3.0,availability,T1ax+FLAIRax+T2cor,3
Gliosis,54,0.7571121846484166,0.7067599272696881,finding,0,field,3.0,availability,T1ax+T2ax+T2cor,3
Cerebral atrophy,26,0.7906423473433782,0.5506573322305947,finding,0,field,3.0,availability,T1ax+T2ax+T2cor,3
Ventriculomegaly,20,0.8097087378640777,0.4888247269048507,finding,0,field,3.0,availability,T1ax+T2ax+T2cor,3
Gliosis,54,0.7616747181964574,0.7270124545692809,finding,0,field,3.0,availability,T1ax+T2ax+FLAIRax,3
Cerebral atrophy,26,0.802934179222839,0.5601988468383776,finding,0,field,3.0,availability,T1ax+T2ax+FLAIRax,3
Ventriculomegaly,20,0.8407766990291262,0.47588515835665346,finding,0,field,3.0,availability,T1ax+T2ax+FLAIRax,3
Gliosis,54,0.7648953301127215,0.7106040820658375,finding,0,field,3.0,availability,T1ax+T2ax+FLAIRax+T2cor,4
Cerebral atrophy,26,0.8025376685170499,0.5682406015295954,finding,0,field,3.0,availability,T1ax+T2ax+FLAIRax+T2cor,4
Ventriculomegaly,20,0.8233009708737864,0.4693065324425702,finding,0,field,3.0,availability,T1ax+T2ax+FLAIRax+T2cor,4
Gliosis,54,0.7442297369833601,0.7046391026092961,finding,0,field,3.0,budget,all4,1
Cerebral atrophy,26,0.8088818398096749,0.5527843799954676,finding,0,field,3.0,budget,all4,1
Ventriculomegaly,20,0.8383495145631068,0.46327151733639077,finding,0,field,3.0,budget,all4,1
Gliosis,54,0.7512077294685989,0.6929095736043887,finding,0,field,3.0,budget,all4,2
Cerebral atrophy,26,0.7906423473433783,0.564712053301876,finding,0,field,3.0,budget,all4,2
Ventriculomegaly,20,0.8237864077669903,0.46133234550973573,finding,0,field,3.0,budget,all4,2
Gliosis,54,0.7635534084809448,0.7033678348769372,finding,0,field,3.0,budget,all4,3
Cerebral atrophy,26,0.7835051546391752,0.5649307462303895,finding,0,field,3.0,budget,all4,3
Ventriculomegaly,20,0.8033980582524272,0.45993748871144846,finding,0,field,3.0,budget,all4,3
Gliosis,54,0.764626945786366,0.7107880146533885,finding,0,field,3.0,budget,all4,4
Cerebral atrophy,26,0.8041237113402062,0.5685462805940497,finding,0,field,3.0,budget,all4,4
Ventriculomegaly,20,0.8203883495145632,0.4655754529618819,finding,0,field,3.0,budget,all4,4
Gliosis,54,0.7235641438539989,0.6577087898589236,label_id,0,field,3.0,availability,T2cor,1
Cerebral atrophy,26,0.7513877874702617,0.5400792011851374,label_id,0,field,3.0,availability,T2cor,1
Ventriculomegaly,20,0.7325242718446602,0.4869342750999538,label_id,0,field,3.0,availability,T2cor,1
Gliosis,54,0.7557702630166399,0.7146559133027177,label_id,0,field,3.0,availability,FLAIRax,1
Cerebral atrophy,26,0.8128469468675654,0.5671450655498796,label_id,0,field,3.0,availability,FLAIRax,1
Ventriculomegaly,20,0.8441747572815534,0.48339369252739156,label_id,0,field,3.0,availability,FLAIRax,1
Gliosis,54,0.7466451959205582,0.7041586531188103,label_id,0,field,3.0,availability,T2ax,1
Cerebral atrophy,26,0.7541633624107852,0.5049527966053889,label_id,0,field,3.0,availability,T2ax,1
Ventriculomegaly,20,0.7864077669902912,0.44253878764908694,label_id,0,field,3.0,availability,T2ax,1
Gliosis,54,0.717391304347826,0.7129293025857198,label_id,0,field,3.0,availability,T1ax,1
Cerebral atrophy,26,0.8251387787470262,0.5654052249776115,label_id,0,field,3.0,availability,T1ax,1
Ventriculomegaly,20,0.858252427184466,0.49918361274064404,label_id,0,field,3.0,availability,T1ax,1
Gliosis,54,0.7651637144390768,0.6960008941517237,label_id,0,field,3.0,availability,FLAIRax+T2cor,2
Cerebral atrophy,26,0.8013481363996828,0.5733344448882698,label_id,0,field,3.0,availability,FLAIRax+T2cor,2
Ventriculomegaly,20,0.7980582524271844,0.48208505987327166,label_id,0,field,3.0,availability,FLAIRax+T2cor,2
Gliosis,54,0.7501341921631776,0.6915579242643777,label_id,0,field,3.0,availability,T2ax+T2cor,2
Cerebral atrophy,26,0.760904044409199,0.5345116159841012,label_id,0,field,3.0,availability,T2ax+T2cor,2
Ventriculomegaly,20,0.7699029126213592,0.4564836310661579,label_id,0,field,3.0,availability,T2ax+T2cor,2
Gliosis,54,0.7643585614600107,0.7176826496477656,label_id,0,field,3.0,availability,T2ax+FLAIRax,2
Cerebral atrophy,26,0.7902458366375892,0.5432438546378202,label_id,0,field,3.0,availability,T2ax+FLAIRax,2
Ventriculomegaly,20,0.8271844660194174,0.47706851369136394,label_id,0,field,3.0,availability,T2ax+FLAIRax,2
Gliosis,54,0.7517444981213096,0.6991541079851691,label_id,0,field,3.0,availability,T1ax+T2cor,2
Cerebral atrophy,26,0.8112609040444092,0.5738593723404666,label_id,0,field,3.0,availability,T1ax+T2cor,2
Ventriculomegaly,20,0.8,0.49596551455274224,label_id,0,field,3.0,availability,T1ax+T2cor,2
Gliosis,54,0.7439613526570048,0.7150400910181288,label_id,0,field,3.0,availability,T1ax+FLAIRax,2
Cerebral atrophy,26,0.8235527359238699,0.5576934831535949,label_id,0,field,3.0,availability,T1ax+FLAIRax,2
Ventriculomegaly,20,0.8563106796116505,0.4964154304174019,label_id,0,field,3.0,availability,T1ax+FLAIRax,2
Gliosis,54,0.7579173376274826,0.719648355968759,label_id,0,field,3.0,availability,T1ax+T2ax,2
Cerebral atrophy,26,0.7922283901665345,0.5203080815833991,label_id,0,field,3.0,availability,T1ax+T2ax,2
Ventriculomegaly,20,0.8213592233009709,0.4663080462041935,label_id,0,field,3.0,availability,T1ax+T2ax,2
Gliosis,54,0.764626945786366,0.7050403398276803,label_id,0,field,3.0,availability,T2ax+FLAIRax+T2cor,3
Cerebral atrophy,26,0.782712133227597,0.5515145160387683,label_id,0,field,3.0,availability,T2ax+FLAIRax+T2cor,3
Ventriculomegaly,20,0.8004854368932038,0.47397723542709164,label_id,0,field,3.0,availability,T2ax+FLAIRax+T2cor,3
Gliosis,54,0.7592592592592592,0.7040943697016497,label_id,0,field,3.0,availability,T1ax+FLAIRax+T2cor,3
Cerebral atrophy,26,0.8239492466296591,0.5730050379319485,label_id,0,field,3.0,availability,T1ax+FLAIRax+T2cor,3
Ventriculomegaly,20,0.8237864077669903,0.48942252564435473,label_id,0,field,3.0,availability,T1ax+FLAIRax+T2cor,3
Gliosis,54,0.7635534084809447,0.7145194864558977,label_id,0,field,3.0,availability,T1ax+T2ax+T2cor,3
Cerebral atrophy,26,0.7890563045202221,0.5487135770401979,label_id,0,field,3.0,availability,T1ax+T2ax+T2cor,3
Ventriculomegaly,20,0.7990291262135923,0.48183391649138213,label_id,0,field,3.0,availability,T1ax+T2ax+T2cor,3
Gliosis,54,0.7638217928073001,0.726109073535386,label_id,0,field,3.0,availability,T1ax+T2ax+FLAIRax,3
Cerebral atrophy,26,0.8041237113402061,0.5564237443847369,label_id,0,field,3.0,availability,T1ax+T2ax+FLAIRax,3
Ventriculomegaly,20,0.837378640776699,0.48228450255132665,label_id,0,field,3.0,availability,T1ax+T2ax+FLAIRax,3
Gliosis,54,0.7673107890499196,0.7118758651885597,label_id,0,field,3.0,availability,T1ax+T2ax+FLAIRax+T2cor,4
Cerebral atrophy,26,0.7993655828707376,0.5498646628352107,label_id,0,field,3.0,availability,T1ax+T2ax+FLAIRax+T2cor,4
Ventriculomegaly,20,0.8174757281553399,0.4874960555396063,label_id,0,field,3.0,availability,T1ax+T2ax+FLAIRax+T2cor,4
Gliosis,54,0.7466451959205582,0.7041586531188103,label_id,0,field,3.0,budget,all4,1
Cerebral atrophy,26,0.752973830293418,0.5040198997150453,label_id,0,field,3.0,budget,all4,1
Ventriculomegaly,20,0.7815533980582525,0.36941322906092955,label_id,0,field,3.0,budget,all4,1
Gliosis,54,0.7667740203972088,0.7095927190635312,label_id,0,field,3.0,budget,all4,2
Cerebral atrophy,26,0.7854877081681205,0.5413749673552846,label_id,0,field,3.0,budget,all4,2
Ventriculomegaly,20,0.7820388349514563,0.42230818242389756,label_id,0,field,3.0,budget,all4,2
Gliosis,54,0.7587224906065485,0.6990865718565835,label_id,0,field,3.0,budget,all4,3
Cerebral atrophy,26,0.7930214115781126,0.54434465679885,label_id,0,field,3.0,budget,all4,3
Ventriculomegaly,20,0.8019417475728156,0.5028813415680908,label_id,0,field,3.0,budget,all4,3
Gliosis,54,0.7632850241545893,0.7069583789892719,label_id,0,field,3.0,budget,all4,4
Cerebral atrophy,26,0.8049167327517843,0.5715073209297972,label_id,0,field,3.0,budget,all4,4
Ventriculomegaly,20,0.820873786407767,0.48465145194373577,label_id,0,field,3.0,budget,all4,4
Gliosis,54,0.7173913043478262,0.6364036931868031,queryseq,0,field,3.0,availability,T2cor,1
Cerebral atrophy,26,0.7525773195876289,0.5501184838592948,queryseq,0,field,3.0,availability,T2cor,1
Ventriculomegaly,20,0.7325242718446602,0.48995266359176143,queryseq,0,field,3.0,availability,T2cor,1
Gliosis,54,0.7675791733762748,0.7155054830813576,queryseq,0,field,3.0,availability,FLAIRax,1
Cerebral atrophy,26,0.8136399682791435,0.550415956822217,queryseq,0,field,3.0,availability,FLAIRax,1
Ventriculomegaly,20,0.8432038834951456,0.4668473938862469,queryseq,0,field,3.0,availability,FLAIRax,1
Gliosis,54,0.7364465915190552,0.6802090162459893,queryseq,0,field,3.0,availability,T2ax,1
Cerebral atrophy,26,0.7561459159397305,0.52783001809717,queryseq,0,field,3.0,availability,T2ax,1
Ventriculomegaly,20,0.7907766990291262,0.41649089476541334,queryseq,0,field,3.0,availability,T2ax,1
Gliosis,54,0.726784755770263,0.7129006904671786,queryseq,0,field,3.0,availability,T1ax,1
Cerebral atrophy,26,0.8223632038065027,0.5521654288898867,queryseq,0,field,3.0,availability,T1ax,1
Ventriculomegaly,20,0.8606796116504855,0.4796002163494756,queryseq,0,field,3.0,availability,T1ax,1
Gliosis,54,0.7616747181964573,0.6876301969471021,queryseq,0,field,3.0,availability,FLAIRax+T2cor,2
Cerebral atrophy,26,0.795400475812847,0.5737477440404584,queryseq,0,field,3.0,availability,FLAIRax+T2cor,2
Ventriculomegaly,20,0.816504854368932,0.48977618883468427,queryseq,0,field,3.0,availability,FLAIRax+T2cor,2
Gliosis,54,0.7428878153515834,0.6799616568875073,queryseq,0,field,3.0,availability,T2ax+T2cor,2
Cerebral atrophy,26,0.7577319587628866,0.5340539215680183,queryseq,0,field,3.0,availability,T2ax+T2cor,2
Ventriculomegaly,20,0.7655339805825243,0.4606128460734011,queryseq,0,field,3.0,availability,T2ax+T2cor,2
Gliosis,54,0.7552334943639292,0.695694014131663,queryseq,0,field,3.0,availability,T2ax+FLAIRax,2
Cerebral atrophy,26,0.7866772402854877,0.5483655941190416,queryseq,0,field,3.0,availability,T2ax+FLAIRax,2
Ventriculomegaly,20,0.8344660194174758,0.4761311758103803,queryseq,0,field,3.0,availability,T2ax+FLAIRax,2
Gliosis,54,0.7447665056360708,0.6840549188002345,queryseq,0,field,3.0,availability,T1ax+T2cor,2
Cerebral atrophy,26,0.7934179222839017,0.5750986058545378,queryseq,0,field,3.0,availability,T1ax+T2cor,2
Ventriculomegaly,20,0.837378640776699,0.49615511216600716,queryseq,0,field,3.0,availability,T1ax+T2cor,2
Gliosis,54,0.7552334943639292,0.7124640039826639,queryseq,0,field,3.0,availability,T1ax+FLAIRax,2
Cerebral atrophy,26,0.824345757335448,0.5557919235772374,queryseq,0,field,3.0,availability,T1ax+FLAIRax,2
Ventriculomegaly,20,0.8640776699029127,0.4835624952271372,queryseq,0,field,3.0,availability,T1ax+FLAIRax,2
Gliosis,54,0.7469135802469136,0.6964353267029577,queryseq,0,field,3.0,availability,T1ax+T2ax,2
Cerebral atrophy,26,0.7811260904044408,0.5359038979644473,queryseq,0,field,3.0,availability,T1ax+T2ax,2
Ventriculomegaly,20,0.8398058252427184,0.4697267678302943,queryseq,0,field,3.0,availability,T1ax+T2ax,2
Gliosis,54,0.7546967257112184,0.6904271848036048,queryseq,0,field,3.0,availability,T2ax+FLAIRax+T2cor,3
Cerebral atrophy,26,0.774781919111816,0.5517159700430555,queryseq,0,field,3.0,availability,T2ax+FLAIRax+T2cor,3
Ventriculomegaly,20,0.8097087378640776,0.4649446701504915,queryseq,0,field,3.0,availability,T2ax+FLAIRax+T2cor,3
Gliosis,54,0.7619431025228127,0.6939238861227832,queryseq,0,field,3.0,availability,T1ax+FLAIRax+T2cor,3
Cerebral atrophy,26,0.8096748612212529,0.5722847062344174,queryseq,0,field,3.0,availability,T1ax+FLAIRax+T2cor,3
Ventriculomegaly,20,0.8485436893203884,0.5069017542869053,queryseq,0,field,3.0,availability,T1ax+FLAIRax+T2cor,3
Gliosis,54,0.7463768115942029,0.6869929732360849,queryseq,0,field,3.0,availability,T1ax+T2ax+T2cor,3
Cerebral atrophy,26,0.7696272799365583,0.5315537455162497,queryseq,0,field,3.0,availability,T1ax+T2ax+T2cor,3
Ventriculomegaly,20,0.8271844660194174,0.4937844668168475,queryseq,0,field,3.0,availability,T1ax+T2ax+T2cor,3
Gliosis,54,0.7573805689747719,0.7016513304796683,queryseq,0,field,3.0,availability,T1ax+T2ax+FLAIRax,3
Cerebral atrophy,26,0.795796986518636,0.5483436842715501,queryseq,0,field,3.0,availability,T1ax+T2ax+FLAIRax,3
Ventriculomegaly,20,0.8548543689320388,0.48970856696759096,queryseq,0,field,3.0,availability,T1ax+T2ax+FLAIRax,3
Gliosis,54,0.7584541062801932,0.6970923520450125,queryseq,0,field,3.0,availability,T1ax+T2ax+FLAIRax+T2cor,4
Cerebral atrophy,26,0.789056304520222,0.5638708598516782,queryseq,0,field,3.0,availability,T1ax+T2ax+FLAIRax+T2cor,4
Ventriculomegaly,20,0.8383495145631068,0.47530738672171785,queryseq,0,field,3.0,availability,T1ax+T2ax+FLAIRax+T2cor,4
Gliosis,54,0.7356414385399892,0.6794016647995691,queryseq,0,field,3.0,budget,all4,1
Cerebral atrophy,26,0.7454401268834259,0.518555756177326,queryseq,0,field,3.0,budget,all4,1
Ventriculomegaly,20,0.8092233009708738,0.4246686179380856,queryseq,0,field,3.0,budget,all4,1
Gliosis,54,0.7463768115942029,0.6800084915175195,queryseq,0,field,3.0,budget,all4,2
Cerebral atrophy,26,0.7624900872323552,0.5354655738873001,queryseq,0,field,3.0,budget,all4,2
Ventriculomegaly,20,0.8461165048543688,0.4158349826807717,queryseq,0,field,3.0,budget,all4,2
Gliosis,54,0.7576489533011271,0.6804507657760681,queryseq,0,field,3.0,budget,all4,3
Cerebral atrophy,26,0.7831086439333863,0.5717480983461247,queryseq,0,field,3.0,budget,all4,3
Ventriculomegaly,20,0.8310679611650486,0.4924976540120595,queryseq,0,field,3.0,budget,all4,3
Gliosis,54,0.7597960279119699,0.703011295306357,queryseq,0,field,3.0,budget,all4,4
Cerebral atrophy,26,0.8029341792228389,0.5570727590491225,queryseq,0,field,3.0,budget,all4,4
Ventriculomegaly,20,0.8213592233009709,0.48492166751290716,queryseq,0,field,3.0,budget,all4,4
Gliosis,54,0.7184648416532474,0.6605096190146755,uniform,1,field,3.0,availability,T2cor,1
Cerebral atrophy,26,0.7541633624107851,0.521943708060506,uniform,1,field,3.0,availability,T2cor,1
Ventriculomegaly,20,0.7470873786407767,0.49559071411562944,uniform,1,field,3.0,availability,T2cor,1
Gliosis,54,0.7563070316693504,0.7209663088137517,uniform,1,field,3.0,availability,FLAIRax,1
Cerebral atrophy,26,0.8112609040444091,0.5577312846037437,uniform,1,field,3.0,availability,FLAIRax,1
Ventriculomegaly,20,0.8470873786407768,0.491402360345498,uniform,1,field,3.0,availability,FLAIRax,1
Gliosis,54,0.7415458937198068,0.7004416664315607,uniform,1,field,3.0,availability,T2ax,1
Cerebral atrophy,26,0.7529738302934179,0.5345894817610716,uniform,1,field,3.0,availability,T2ax,1
Ventriculomegaly,20,0.7878640776699029,0.4485687854467486,uniform,1,field,3.0,availability,T2ax,1
Gliosis,54,0.7176596886741814,0.7113823685730365,uniform,1,field,3.0,availability,T1ax,1
Cerebral atrophy,26,0.8243457573354481,0.5689725186938809,uniform,1,field,3.0,availability,T1ax,1
Ventriculomegaly,20,0.8592233009708737,0.49619870457642196,uniform,1,field,3.0,availability,T1ax,1
Gliosis,54,0.7552334943639291,0.6991200317164523,uniform,1,field,3.0,availability,FLAIRax+T2cor,2
Cerebral atrophy,26,0.8009516256938939,0.575542836747385,uniform,1,field,3.0,availability,FLAIRax+T2cor,2
Ventriculomegaly,20,0.8092233009708738,0.4999034880971553,uniform,1,field,3.0,availability,FLAIRax+T2cor,2
Gliosis,54,0.7431561996779388,0.6914983575894835,uniform,1,field,3.0,availability,T2ax+T2cor,2
Cerebral atrophy,26,0.7557494052339414,0.5425611349371459,uniform,1,field,3.0,availability,T2ax+T2cor,2
Ventriculomegaly,20,0.7742718446601942,0.48048080962541834,uniform,1,field,3.0,availability,T2ax+T2cor,2
Gliosis,54,0.7632850241545894,0.721991355433825,uniform,1,field,3.0,availability,T2ax+FLAIRax,2
Cerebral atrophy,26,0.7898493259318002,0.568424642700438,uniform,1,field,3.0,availability,T2ax+FLAIRax,2
Ventriculomegaly,20,0.8281553398058252,0.5044301858577529,uniform,1,field,3.0,availability,T2ax+FLAIRax,2
Gliosis,54,0.74020397208803,0.7010778003509255,uniform,1,field,3.0,availability,T1ax+T2cor,2
Cerebral atrophy,26,0.8124504361617765,0.5750179265389195,uniform,1,field,3.0,availability,T1ax+T2cor,2
Ventriculomegaly,20,0.8218446601941748,0.5066658500280533,uniform,1,field,3.0,availability,T1ax+T2cor,2
Gliosis,54,0.7439613526570048,0.7190250643439551,uniform,1,field,3.0,availability,T1ax+FLAIRax,2
Cerebral atrophy,26,0.8219666931007137,0.5499671034076206,uniform,1,field,3.0,availability,T1ax+FLAIRax,2
Ventriculomegaly,20,0.8606796116504853,0.48215445359846104,uniform,1,field,3.0,availability,T1ax+FLAIRax,2
Gliosis,54,0.7490606548577562,0.7183761015714467,uniform,1,field,3.0,availability,T1ax+T2ax,2
Cerebral atrophy,26,0.7965900079302141,0.5709151125211294,uniform,1,field,3.0,availability,T1ax+T2ax,2
Ventriculomegaly,20,0.8349514563106796,0.4982220732444489,uniform,1,field,3.0,availability,T1ax+T2ax,2
Gliosis,54,0.7584541062801932,0.7068556950846958,uniform,1,field,3.0,availability,T2ax+FLAIRax+T2cor,3
Cerebral atrophy,26,0.7839016653449643,0.5680279093820063,uniform,1,field,3.0,availability,T2ax+FLAIRax+T2cor,3
Ventriculomegaly,20,0.8087378640776699,0.5012592383022996,uniform,1,field,3.0,availability,T2ax+FLAIRax+T2cor,3
Gliosis,54,0.7533548040794417,0.7050413803468056,uniform,1,field,3.0,availability,T1ax+FLAIRax+T2cor,3
Cerebral atrophy,26,0.8203806502775576,0.574391994324561,uniform,1,field,3.0,availability,T1ax+FLAIRax+T2cor,3
Ventriculomegaly,20,0.8407766990291261,0.5106288660188579,uniform,1,field,3.0,availability,T1ax+FLAIRax+T2cor,3
Gliosis,54,0.7525496511003757,0.7088563532495897,uniform,1,field,3.0,availability,T1ax+T2ax+T2cor,3
Cerebral atrophy,26,0.7930214115781127,0.5676415735149041,uniform,1,field,3.0,availability,T1ax+T2ax+T2cor,3
Ventriculomegaly,20,0.8121359223300971,0.4962762860583268,uniform,1,field,3.0,availability,T1ax+T2ax+T2cor,3
Gliosis,54,0.7579173376274826,0.7163144876808454,uniform,1,field,3.0,availability,T1ax+T2ax+FLAIRax,3
Cerebral atrophy,26,0.8033306899286281,0.571091783256914,uniform,1,field,3.0,availability,T1ax+T2ax+FLAIRax,3
Ventriculomegaly,20,0.8441747572815534,0.5035045424071378,uniform,1,field,3.0,availability,T1ax+T2ax+FLAIRax,3
Gliosis,54,0.7624798711755234,0.714666876535285,uniform,1,field,3.0,availability,T1ax+T2ax+FLAIRax+T2cor,4
Cerebral atrophy,26,0.8041237113402062,0.5745013205614022,uniform,1,field,3.0,availability,T1ax+T2ax+FLAIRax+T2cor,4
Ventriculomegaly,20,0.829611650485437,0.4993619016724297,uniform,1,field,3.0,availability,T1ax+T2ax+FLAIRax+T2cor,4
Gliosis,54,0.7176596886741814,0.7113823685730365,uniform,1,field,3.0,budget,all4,1
Cerebral atrophy,26,0.8243457573354481,0.5689725186938809,uniform,1,field,3.0,budget,all4,1
Ventriculomegaly,20,0.8592233009708737,0.49619870457642196,uniform,1,field,3.0,budget,all4,1
Gliosis,54,0.7490606548577562,0.7183761015714467,uniform,1,field,3.0,budget,all4,2
Cerebral atrophy,26,0.7965900079302141,0.5709151125211294,uniform,1,field,3.0,budget,all4,2
Ventriculomegaly,20,0.8349514563106796,0.4982220732444489,uniform,1,field,3.0,budget,all4,2
Gliosis,54,0.7579173376274826,0.7163144876808454,uniform,1,field,3.0,budget,all4,3
Cerebral atrophy,26,0.8033306899286281,0.571091783256914,uniform,1,field,3.0,budget,all4,3
Ventriculomegaly,20,0.8441747572815534,0.5035045424071378,uniform,1,field,3.0,budget,all4,3
Gliosis,54,0.7624798711755234,0.714666876535285,uniform,1,field,3.0,budget,all4,4
Cerebral atrophy,26,0.8041237113402062,0.5745013205614022,uniform,1,field,3.0,budget,all4,4
Ventriculomegaly,20,0.829611650485437,0.4993619016724297,uniform,1,field,3.0,budget,all4,4
Gliosis,54,0.7200751476113795,0.6571450484363968,patient,1,field,3.0,availability,T2cor,1
Cerebral atrophy,26,0.7529738302934179,0.5306925432628206,patient,1,field,3.0,availability,T2cor,1
Ventriculomegaly,20,0.7368932038834952,0.4865971597280406,patient,1,field,3.0,availability,T2cor,1
Gliosis,54,0.7627482555018786,0.7202330137905935,patient,1,field,3.0,availability,FLAIRax,1
Cerebral atrophy,26,0.8112609040444092,0.5696381014137977,patient,1,field,3.0,availability,FLAIRax,1
Ventriculomegaly,20,0.8393203883495146,0.4730220861010334,patient,1,field,3.0,availability,FLAIRax,1
Gliosis,54,0.7420826623725173,0.7076957852051747,patient,1,field,3.0,availability,T2ax,1
Cerebral atrophy,26,0.7541633624107852,0.5275420604477785,patient,1,field,3.0,availability,T2ax,1
Ventriculomegaly,20,0.787864077669903,0.4367081964046595,patient,1,field,3.0,availability,T2ax,1
Gliosis,54,0.724369296833065,0.7175997942785167,patient,1,field,3.0,availability,T1ax,1
Cerebral atrophy,26,0.8247422680412372,0.5654651297900142,patient,1,field,3.0,availability,T1ax,1
Ventriculomegaly,20,0.8558252427184466,0.49182367762525014,patient,1,field,3.0,availability,T1ax,1
Gliosis,54,0.7592592592592593,0.6950742511697812,patient,1,field,3.0,availability,FLAIRax+T2cor,2
Cerebral atrophy,26,0.7985725614591594,0.5716308993640825,patient,1,field,3.0,availability,FLAIRax+T2cor,2
Ventriculomegaly,20,0.7873786407766991,0.45035458962885244,patient,1,field,3.0,availability,FLAIRax+T2cor,2
Gliosis,54,0.7439613526570048,0.6970657100700288,patient,1,field,3.0,availability,T2ax+T2cor,2
Cerebral atrophy,26,0.7593180015860429,0.5512619046328733,patient,1,field,3.0,availability,T2ax+T2cor,2
Ventriculomegaly,20,0.7796116504854369,0.44798340457054703,patient,1,field,3.0,availability,T2ax+T2cor,2
Gliosis,54,0.7571121846484166,0.7209572788515203,patient,1,field,3.0,availability,T2ax+FLAIRax,2
Cerebral atrophy,26,0.7759714512291832,0.5527361775112741,patient,1,field,3.0,availability,T2ax+FLAIRax,2
Ventriculomegaly,20,0.8058252427184467,0.4351960750249883,patient,1,field,3.0,availability,T2ax+FLAIRax,2
Gliosis,54,0.7434245840042941,0.6936502849510047,patient,1,field,3.0,availability,T1ax+T2cor,2
Cerebral atrophy,26,0.7989690721649485,0.5791051687247788,patient,1,field,3.0,availability,T1ax+T2cor,2
Ventriculomegaly,20,0.7825242718446602,0.44683225088440465,patient,1,field,3.0,availability,T1ax+T2cor,2
Gliosis,54,0.7474503488996243,0.7235247475201969,patient,1,field,3.0,availability,T1ax+FLAIRax,2
Cerebral atrophy,26,0.8247422680412372,0.5688223445510333,patient,1,field,3.0,availability,T1ax+FLAIRax,2
Ventriculomegaly,20,0.858252427184466,0.4964468433394265,patient,1,field,3.0,availability,T1ax+FLAIRax,2
Gliosis,54,0.7514761137949544,0.7122450101859967,patient,1,field,3.0,availability,T1ax+T2ax,2
Cerebral atrophy,26,0.7779540047581285,0.5381541047044134,patient,1,field,3.0,availability,T1ax+T2ax,2
Ventriculomegaly,20,0.8004854368932038,0.44236512624228197,patient,1,field,3.0,availability,T1ax+T2ax,2
Gliosis,54,0.7576489533011271,0.7073020301598683,patient,1,field,3.0,availability,T2ax+FLAIRax+T2cor,3
Cerebral atrophy,26,0.775574940523394,0.5568247361681878,patient,1,field,3.0,availability,T2ax+FLAIRax+T2cor,3
Ventriculomegaly,20,0.7936893203883496,0.453181308375627,patient,1,field,3.0,availability,T2ax+FLAIRax+T2cor,3
Gliosis,54,0.7560386473429952,0.7040948104177029,patient,1,field,3.0,availability,T1ax+FLAIRax+T2cor,3
Cerebral atrophy,26,0.8128469468675655,0.577939574686345,patient,1,field,3.0,availability,T1ax+FLAIRax+T2cor,3
Ventriculomegaly,20,0.8121359223300971,0.46493076989577986,patient,1,field,3.0,availability,T1ax+FLAIRax+T2cor,3
Gliosis,54,0.750402576489533,0.7038452624397113,patient,1,field,3.0,availability,T1ax+T2ax+T2cor,3
Cerebral atrophy,26,0.7779540047581285,0.5465812411328747,patient,1,field,3.0,availability,T1ax+T2ax+T2cor,3
Ventriculomegaly,20,0.7868932038834952,0.44922851078735637,patient,1,field,3.0,availability,T1ax+T2ax+T2cor,3
Gliosis,54,0.7581857219538378,0.715449385087239,patient,1,field,3.0,availability,T1ax+T2ax+FLAIRax,3
Cerebral atrophy,26,0.7882632831086439,0.5545029407399489,patient,1,field,3.0,availability,T1ax+T2ax+FLAIRax,3
Ventriculomegaly,20,0.8140776699029126,0.461293324466079,patient,1,field,3.0,availability,T1ax+T2ax+FLAIRax,3
Gliosis,54,0.7587224906065485,0.7102382541635215,patient,1,field,3.0,availability,T1ax+T2ax+FLAIRax+T2cor,4
Cerebral atrophy,26,0.789056304520222,0.5595735614032181,patient,1,field,3.0,availability,T1ax+T2ax+FLAIRax+T2cor,4
Ventriculomegaly,20,0.800485436893204,0.43245913538806013,patient,1,field,3.0,availability,T1ax+T2ax+FLAIRax+T2cor,4
Gliosis,54,0.7444981213097155,0.7242681034480896,patient,1,field,3.0,budget,all4,1
Cerebral atrophy,26,0.7581284694686756,0.5139493601096898,patient,1,field,3.0,budget,all4,1
Ventriculomegaly,20,0.7888349514563107,0.4023368615526896,patient,1,field,3.0,budget,all4,1
Gliosis,54,0.7426194310252281,0.6985845929444001,patient,1,field,3.0,budget,all4,2
Cerebral atrophy,26,0.7692307692307693,0.5491874828252474,patient,1,field,3.0,budget,all4,2
Ventriculomegaly,20,0.7349514563106796,0.35811460269566975,patient,1,field,3.0,budget,all4,2
Gliosis,54,0.754428341384863,0.7104339866350498,patient,1,field,3.0,budget,all4,3
Cerebral atrophy,26,0.7906423473433783,0.5847887270963615,patient,1,field,3.0,budget,all4,3
Ventriculomegaly,20,0.7893203883495146,0.39804259354227667,patient,1,field,3.0,budget,all4,3
Gliosis,54,0.7622114868491681,0.7141860090599261,patient,1,field,3.0,budget,all4,4
Cerebral atrophy,26,0.8049167327517843,0.5796071147653489,patient,1,field,3.0,budget,all4,4
Ventriculomegaly,20,0.8262135922330097,0.48593964037634063,patient,1,field,3.0,budget,all4,4
Gliosis,54,0.7227589908749329,0.6605894667568704,finding,1,field,3.0,availability,T2cor,1
Cerebral atrophy,26,0.7557494052339413,0.526169007254431,finding,1,field,3.0,availability,T2cor,1
Ventriculomegaly,20,0.7427184466019418,0.4982509408320733,finding,1,field,3.0,availability,T2cor,1
Gliosis,54,0.75979602791197,0.7128517253227137,finding,1,field,3.0,availability,FLAIRax,1
Cerebral atrophy,26,0.8045202220459952,0.5454379726722774,finding,1,field,3.0,availability,FLAIRax,1
Ventriculomegaly,20,0.8504854368932039,0.49208614583870386,finding,1,field,3.0,availability,FLAIRax,1
Gliosis,54,0.7420826623725174,0.7097250104033664,finding,1,field,3.0,availability,T2ax,1
Cerebral atrophy,26,0.7561459159397305,0.5421775584129365,finding,1,field,3.0,availability,T2ax,1
Ventriculomegaly,20,0.796116504854369,0.4497202492144061,finding,1,field,3.0,availability,T2ax,1
Gliosis,54,0.7200751476113795,0.7125856900981137,finding,1,field,3.0,availability,T1ax,1
Cerebral atrophy,26,0.8271213322759715,0.5549203081922269,finding,1,field,3.0,availability,T1ax,1
Ventriculomegaly,20,0.8572815533980581,0.4527811513681873,finding,1,field,3.0,availability,T1ax,1
Gliosis,54,0.7632850241545893,0.7009144952524444,finding,1,field,3.0,availability,FLAIRax+T2cor,2
Cerebral atrophy,26,0.8053132434575734,0.5763198200665869,finding,1,field,3.0,availability,FLAIRax+T2cor,2
Ventriculomegaly,20,0.8160194174757281,0.5280995226926914,finding,1,field,3.0,availability,FLAIRax+T2cor,2
Gliosis,54,0.7458400429414922,0.6916231449070838,finding,1,field,3.0,availability,T2ax+T2cor,2
Cerebral atrophy,26,0.7628865979381444,0.5532055751696803,finding,1,field,3.0,availability,T2ax+T2cor,2
Ventriculomegaly,20,0.7791262135922331,0.4943089365273784,finding,1,field,3.0,availability,T2ax+T2cor,2
Gliosis,54,0.7632850241545893,0.7238404042161718,finding,1,field,3.0,availability,T2ax+FLAIRax,2
Cerebral atrophy,26,0.7898493259318002,0.5674451213400487,finding,1,field,3.0,availability,T2ax+FLAIRax,2
Ventriculomegaly,20,0.833495145631068,0.4974062164776792,finding,1,field,3.0,availability,T2ax+FLAIRax,2
Gliosis,54,0.741009125067096,0.6956953139393711,finding,1,field,3.0,availability,T1ax+T2cor,2
Cerebral atrophy,26,0.8116574147501984,0.5828144022671145,finding,1,field,3.0,availability,T1ax+T2cor,2
Ventriculomegaly,20,0.820873786407767,0.5081307910733536,finding,1,field,3.0,availability,T1ax+T2cor,2
Gliosis,54,0.7482555018786903,0.7186764481107479,finding,1,field,3.0,availability,T1ax+FLAIRax,2
Cerebral atrophy,26,0.8191911181601903,0.5370042953487254,finding,1,field,3.0,availability,T1ax+FLAIRax,2
Ventriculomegaly,20,0.866504854368932,0.4911062305044087,finding,1,field,3.0,availability,T1ax+FLAIRax,2
Gliosis,54,0.7501341921631777,0.7246822162847663,finding,1,field,3.0,availability,T1ax+T2ax,2
Cerebral atrophy,26,0.7961934972244251,0.5711018198745788,finding,1,field,3.0,availability,T1ax+T2ax,2
Ventriculomegaly,20,0.8388349514563107,0.4996790257366214,finding,1,field,3.0,availability,T1ax+T2ax,2
Gliosis,54,0.7600644122383252,0.7044770419498732,finding,1,field,3.0,availability,T2ax+FLAIRax+T2cor,3
Cerebral atrophy,26,0.7886597938144331,0.5697876505767415,finding,1,field,3.0,availability,T2ax+FLAIRax+T2cor,3
Ventriculomegaly,20,0.8092233009708738,0.4966517770606704,finding,1,field,3.0,availability,T2ax+FLAIRax+T2cor,3
Gliosis,54,0.7530864197530864,0.7001208660567155,finding,1,field,3.0,availability,T1ax+FLAIRax+T2cor,3
Cerebral atrophy,26,0.8207771609833465,0.5711052172555073,finding,1,field,3.0,availability,T1ax+FLAIRax+T2cor,3
Ventriculomegaly,20,0.84126213592233,0.5149420026992808,finding,1,field,3.0,availability,T1ax+FLAIRax+T2cor,3
Gliosis,54,0.7530864197530864,0.7059361556605293,finding,1,field,3.0,availability,T1ax+T2ax+T2cor,3
Cerebral atrophy,26,0.7890563045202221,0.5690148161563601,finding,1,field,3.0,availability,T1ax+T2ax+T2cor,3
Ventriculomegaly,20,0.8121359223300971,0.5148217492047804,finding,1,field,3.0,availability,T1ax+T2ax+T2cor,3
Gliosis,54,0.7584541062801933,0.7248999675052458,finding,1,field,3.0,availability,T1ax+T2ax+FLAIRax,3
Cerebral atrophy,26,0.803727200634417,0.571756787392411,finding,1,field,3.0,availability,T1ax+T2ax+FLAIRax,3
Ventriculomegaly,20,0.8490291262135922,0.50008957057725,finding,1,field,3.0,availability,T1ax+T2ax+FLAIRax,3
Gliosis,54,0.7603327965646806,0.7075044592156365,finding,1,field,3.0,availability,T1ax+T2ax+FLAIRax+T2cor,4
Cerebral atrophy,26,0.802934179222839,0.57700052593168,finding,1,field,3.0,availability,T1ax+T2ax+FLAIRax+T2cor,4
Ventriculomegaly,20,0.8315533980582525,0.513394966050197,finding,1,field,3.0,availability,T1ax+T2ax+FLAIRax+T2cor,4
Gliosis,54,0.7420826623725174,0.7097250104033664,finding,1,field,3.0,budget,all4,1
Cerebral atrophy,26,0.8045202220459952,0.5454379726722774,finding,1,field,3.0,budget,all4,1
Ventriculomegaly,20,0.8504854368932039,0.49208614583870386,finding,1,field,3.0,budget,all4,1
Gliosis,54,0.7627482555018786,0.7227544201425556,finding,1,field,3.0,budget,all4,2
Cerebral atrophy,26,0.7882632831086439,0.567913852356282,finding,1,field,3.0,budget,all4,2
Ventriculomegaly,20,0.829611650485437,0.4914806464578821,finding,1,field,3.0,budget,all4,2
Gliosis,54,0.7600644122383252,0.7037501666795534,finding,1,field,3.0,budget,all4,3
Cerebral atrophy,26,0.7866772402854877,0.5688241416240395,finding,1,field,3.0,budget,all4,3
Ventriculomegaly,20,0.8053398058252428,0.4939880215655196,finding,1,field,3.0,budget,all4,3
Gliosis,54,0.7603327965646806,0.7075660306128646,finding,1,field,3.0,budget,all4,4
Cerebral atrophy,26,0.8033306899286281,0.5766706954345303,finding,1,field,3.0,budget,all4,4
Ventriculomegaly,20,0.829126213592233,0.5114491612713595,finding,1,field,3.0,budget,all4,4
Gliosis,54,0.7216854535695115,0.6562364411560972,label_id,1,field,3.0,availability,T2cor,1
Cerebral atrophy,26,0.7585249801744647,0.5318851829375687,label_id,1,field,3.0,availability,T2cor,1
Ventriculomegaly,20,0.7330097087378641,0.49731990674865867,label_id,1,field,3.0,availability,T2cor,1
Gliosis,54,0.7581857219538379,0.7177751911821085,label_id,1,field,3.0,availability,FLAIRax,1
Cerebral atrophy,26,0.8076923076923077,0.5511194871365039,label_id,1,field,3.0,availability,FLAIRax,1
Ventriculomegaly,20,0.8470873786407767,0.484800257236685,label_id,1,field,3.0,availability,FLAIRax,1
Gliosis,54,0.7444981213097154,0.7069435975364277,label_id,1,field,3.0,availability,T2ax,1
Cerebral atrophy,26,0.7541633624107851,0.527530315607637,label_id,1,field,3.0,availability,T2ax,1
Ventriculomegaly,20,0.7936893203883495,0.4641470763236756,label_id,1,field,3.0,availability,T2ax,1
Gliosis,54,0.7214170692431562,0.7230915279013063,label_id,1,field,3.0,availability,T1ax,1
Cerebral atrophy,26,0.8255352894528152,0.5470875487472955,label_id,1,field,3.0,availability,T1ax,1
Ventriculomegaly,20,0.8601941747572814,0.48334997395663376,label_id,1,field,3.0,availability,T1ax,1
Gliosis,54,0.7608695652173912,0.6950557787443228,label_id,1,field,3.0,availability,FLAIRax+T2cor,2
Cerebral atrophy,26,0.7973830293417923,0.5649986687890091,label_id,1,field,3.0,availability,FLAIRax+T2cor,2
Ventriculomegaly,20,0.8072815533980583,0.48351386855728556,label_id,1,field,3.0,availability,FLAIRax+T2cor,2
Gliosis,54,0.7474503488996243,0.6940596940164752,label_id,1,field,3.0,availability,T2ax+T2cor,2
Cerebral atrophy,26,0.7613005551149881,0.5453607589632387,label_id,1,field,3.0,availability,T2ax+T2cor,2
Ventriculomegaly,20,0.7689320388349515,0.5048403465634163,label_id,1,field,3.0,availability,T2ax+T2cor,2
Gliosis,54,0.7608695652173912,0.7175958128553065,label_id,1,field,3.0,availability,T2ax+FLAIRax,2
Cerebral atrophy,26,0.7803330689928629,0.5468887406622536,label_id,1,field,3.0,availability,T2ax+FLAIRax,2
Ventriculomegaly,20,0.8330097087378641,0.5130257416866044,label_id,1,field,3.0,availability,T2ax+FLAIRax,2
Gliosis,54,0.7434245840042941,0.6976048533363939,label_id,1,field,3.0,availability,T1ax+T2cor,2
Cerebral atrophy,26,0.8065027755749405,0.5957518524461213,label_id,1,field,3.0,availability,T1ax+T2cor,2
Ventriculomegaly,20,0.8184466019417476,0.523159182068754,label_id,1,field,3.0,availability,T1ax+T2cor,2
Gliosis,54,0.7493290391841116,0.7294336709198627,label_id,1,field,3.0,availability,T1ax+FLAIRax,2
Cerebral atrophy,26,0.8207771609833466,0.5459742929184817,label_id,1,field,3.0,availability,T1ax+FLAIRax,2
Ventriculomegaly,20,0.8679611650485437,0.5018614308558703,label_id,1,field,3.0,availability,T1ax+FLAIRax,2
Gliosis,54,0.7506709608158884,0.7229059096531948,label_id,1,field,3.0,availability,T1ax+T2ax,2
Cerebral atrophy,26,0.7739888977002378,0.5483741123442526,label_id,1,field,3.0,availability,T1ax+T2ax,2
Ventriculomegaly,20,0.8368932038834951,0.5058985630563064,label_id,1,field,3.0,availability,T1ax+T2ax,2
Gliosis,54,0.7608695652173912,0.7038915274028992,label_id,1,field,3.0,availability,T2ax+FLAIRax+T2cor,3
Cerebral atrophy,26,0.7783505154639175,0.5622278396002389,label_id,1,field,3.0,availability,T2ax+FLAIRax+T2cor,3
Ventriculomegaly,20,0.8087378640776699,0.5023314600444174,label_id,1,field,3.0,availability,T2ax+FLAIRax+T2cor,3
Gliosis,54,0.752012882447665,0.7020507005283367,label_id,1,field,3.0,availability,T1ax+FLAIRax+T2cor,3
Cerebral atrophy,26,0.8128469468675654,0.576217644829983,label_id,1,field,3.0,availability,T1ax+FLAIRax+T2cor,3
Ventriculomegaly,20,0.8398058252427185,0.5185121345158147,label_id,1,field,3.0,availability,T1ax+FLAIRax+T2cor,3
Gliosis,54,0.7517444981213096,0.7030527456057911,label_id,1,field,3.0,availability,T1ax+T2ax+T2cor,3
Cerebral atrophy,26,0.7735923869944489,0.5600592670531193,label_id,1,field,3.0,availability,T1ax+T2ax+T2cor,3
Ventriculomegaly,20,0.8135922330097087,0.5111072214810694,label_id,1,field,3.0,availability,T1ax+T2ax+T2cor,3
Gliosis,54,0.75979602791197,0.7241826206887082,label_id,1,field,3.0,availability,T1ax+T2ax+FLAIRax,3
Cerebral atrophy,26,0.7898493259318001,0.5488022039815978,label_id,1,field,3.0,availability,T1ax+T2ax+FLAIRax,3
Ventriculomegaly,20,0.8533980582524272,0.500700658017222,label_id,1,field,3.0,availability,T1ax+T2ax+FLAIRax,3
Gliosis,54,0.761406333870102,0.7112649902732433,label_id,1,field,3.0,availability,T1ax+T2ax+FLAIRax+T2cor,4
Cerebral atrophy,26,0.788263283108644,0.5622343905808761,label_id,1,field,3.0,availability,T1ax+T2ax+FLAIRax+T2cor,4
Ventriculomegaly,20,0.8320388349514564,0.5156361913279647,label_id,1,field,3.0,availability,T1ax+T2ax+FLAIRax+T2cor,4
Gliosis,54,0.729200214707461,0.7321631721500813,label_id,1,field,3.0,budget,all4,1
Cerebral atrophy,26,0.753370340999207,0.50685723868456,label_id,1,field,3.0,budget,all4,1
Ventriculomegaly,20,0.8174757281553398,0.49622880556697513,label_id,1,field,3.0,budget,all4,1
Gliosis,54,0.7571121846484166,0.7185868800479077,label_id,1,field,3.0,budget,all4,2
Cerebral atrophy,26,0.7549563838223633,0.5354999693142437,label_id,1,field,3.0,budget,all4,2
Ventriculomegaly,20,0.8679611650485437,0.5342325177788021,label_id,1,field,3.0,budget,all4,2
Gliosis,54,0.7678475577026301,0.7207017090112368,label_id,1,field,3.0,budget,all4,3
Cerebral atrophy,26,0.787866772402855,0.572652478551346,label_id,1,field,3.0,budget,all4,3
Ventriculomegaly,20,0.8407766990291261,0.48400709816499293,label_id,1,field,3.0,budget,all4,3
Gliosis,54,0.7608695652173912,0.7112249017193322,label_id,1,field,3.0,budget,all4,4
Cerebral atrophy,26,0.8037272006344172,0.5832731604950612,label_id,1,field,3.0,budget,all4,4
Ventriculomegaly,20,0.8247572815533981,0.5193239877306214,label_id,1,field,3.0,budget,all4,4
Gliosis,54,0.7216854535695115,0.6583941309284222,queryseq,1,field,3.0,availability,T2cor,1
Cerebral atrophy,26,0.7652656621728786,0.55343723608567,queryseq,1,field,3.0,availability,T2cor,1
Ventriculomegaly,20,0.7461165048543689,0.5139245184910999,queryseq,1,field,3.0,availability,T2cor,1
Gliosis,54,0.749597423510467,0.7156750682882923,queryseq,1,field,3.0,availability,FLAIRax,1
Cerebral atrophy,26,0.8057097541633624,0.5406528718716365,queryseq,1,field,3.0,availability,FLAIRax,1
Ventriculomegaly,20,0.8427184466019417,0.4499192610293616,queryseq,1,field,3.0,availability,FLAIRax,1
Gliosis,54,0.7391304347826088,0.7085821442884693,queryseq,1,field,3.0,availability,T2ax,1
Cerebral atrophy,26,0.7589214908802538,0.5448929438354492,queryseq,1,field,3.0,availability,T2ax,1
Ventriculomegaly,20,0.7946601941747572,0.4381332594554285,queryseq,1,field,3.0,availability,T2ax,1
Gliosis,54,0.7136339237788514,0.7052974486141956,queryseq,1,field,3.0,availability,T1ax,1
Cerebral atrophy,26,0.8116574147501983,0.5636690126998235,queryseq,1,field,3.0,availability,T1ax,1
Ventriculomegaly,20,0.8495145631067962,0.47144881299658936,queryseq,1,field,3.0,availability,T1ax,1
Gliosis,54,0.7522812667740205,0.6922590730897435,queryseq,1,field,3.0,availability,FLAIRax+T2cor,2
Cerebral atrophy,26,0.8120539254559873,0.5609101258709029,queryseq,1,field,3.0,availability,FLAIRax+T2cor,2
Ventriculomegaly,20,0.8398058252427184,0.48373649999571927,queryseq,1,field,3.0,availability,FLAIRax+T2cor,2
Gliosis,54,0.7453032742887815,0.696821707049134,queryseq,1,field,3.0,availability,T2ax+T2cor,2
Cerebral atrophy,26,0.7589214908802538,0.5491502121126045,queryseq,1,field,3.0,availability,T2ax+T2cor,2
Ventriculomegaly,20,0.7703883495145631,0.4793780553154622,queryseq,1,field,3.0,availability,T2ax+T2cor,2
Gliosis,54,0.7525496511003757,0.7188523720950685,queryseq,1,field,3.0,availability,T2ax+FLAIRax,2
Cerebral atrophy,26,0.7922283901665346,0.557058393551708,queryseq,1,field,3.0,availability,T2ax+FLAIRax,2
Ventriculomegaly,20,0.8344660194174757,0.4638200637310383,queryseq,1,field,3.0,availability,T2ax+FLAIRax,2
Gliosis,54,0.7412775093934514,0.6872608702838765,queryseq,1,field,3.0,availability,T1ax+T2cor,2
Cerebral atrophy,26,0.8124504361617764,0.5746227359676983,queryseq,1,field,3.0,availability,T1ax+T2cor,2
Ventriculomegaly,20,0.857766990291262,0.5423413827510016,queryseq,1,field,3.0,availability,T1ax+T2cor,2
Gliosis,54,0.7380568974771873,0.7204840486906249,queryseq,1,field,3.0,availability,T1ax+FLAIRax,2
Cerebral atrophy,26,0.8076923076923077,0.5281591658217265,queryseq,1,field,3.0,availability,T1ax+FLAIRax,2
Ventriculomegaly,20,0.8601941747572815,0.4808590320103526,queryseq,1,field,3.0,availability,T1ax+FLAIRax,2
Gliosis,54,0.7461084272678475,0.7091140268618832,queryseq,1,field,3.0,availability,T1ax+T2ax,2
Cerebral atrophy,26,0.7922283901665346,0.5599355507575945,queryseq,1,field,3.0,availability,T1ax+T2ax,2
Ventriculomegaly,20,0.8519417475728155,0.487318578213299,queryseq,1,field,3.0,availability,T1ax+T2ax,2
Gliosis,54,0.7522812667740203,0.7027295026743028,queryseq,1,field,3.0,availability,T2ax+FLAIRax+T2cor,3
Cerebral atrophy,26,0.7902458366375893,0.5601650923168555,queryseq,1,field,3.0,availability,T2ax+FLAIRax+T2cor,3
Ventriculomegaly,20,0.8247572815533981,0.47634644627756834,queryseq,1,field,3.0,availability,T2ax+FLAIRax+T2cor,3
Gliosis,54,0.7522812667740204,0.6944308098872869,queryseq,1,field,3.0,availability,T1ax+FLAIRax+T2cor,3
Cerebral atrophy,26,0.8164155432196669,0.5665067489052522,queryseq,1,field,3.0,availability,T1ax+FLAIRax+T2cor,3
Ventriculomegaly,20,0.8621359223300971,0.5195174798647253,queryseq,1,field,3.0,availability,T1ax+FLAIRax+T2cor,3
Gliosis,54,0.7477187332259796,0.7028758423351309,queryseq,1,field,3.0,availability,T1ax+T2ax+T2cor,3
Cerebral atrophy,26,0.7914353687549563,0.5609948881338559,queryseq,1,field,3.0,availability,T1ax+T2ax+T2cor,3
Ventriculomegaly,20,0.8480582524271845,0.507240608114431,queryseq,1,field,3.0,availability,T1ax+T2ax+T2cor,3
Gliosis,54,0.7528180354267311,0.7217895602194974,queryseq,1,field,3.0,availability,T1ax+T2ax+FLAIRax,3
Cerebral atrophy,26,0.7993655828707374,0.5680601137038039,queryseq,1,field,3.0,availability,T1ax+T2ax+FLAIRax,3
Ventriculomegaly,20,0.8563106796116504,0.49869537504577194,queryseq,1,field,3.0,availability,T1ax+T2ax+FLAIRax,3
Gliosis,54,0.7522812667740204,0.7060320991694704,queryseq,1,field,3.0,availability,T1ax+T2ax+FLAIRax+T2cor,4
Cerebral atrophy,26,0.8041237113402062,0.5610733985326838,queryseq,1,field,3.0,availability,T1ax+T2ax+FLAIRax+T2cor,4
Ventriculomegaly,20,0.8529126213592233,0.49613413539485124,queryseq,1,field,3.0,availability,T1ax+T2ax+FLAIRax+T2cor,4
Gliosis,54,0.738593666129898,0.7054296332753541,queryseq,1,field,3.0,budget,all4,1
Cerebral atrophy,26,0.7577319587628867,0.5357012728641019,queryseq,1,field,3.0,budget,all4,1
Ventriculomegaly,20,0.8325242718446602,0.45488335885165765,queryseq,1,field,3.0,budget,all4,1
Gliosis,54,0.7431561996779388,0.6916263772098161,queryseq,1,field,3.0,budget,all4,2
Cerebral atrophy,26,0.7696272799365582,0.5001083856915278,queryseq,1,field,3.0,budget,all4,2
Ventriculomegaly,20,0.8529126213592233,0.4703006534494395,queryseq,1,field,3.0,budget,all4,2
Gliosis,54,0.7455716586151369,0.6952695964338271,queryseq,1,field,3.0,budget,all4,3
Cerebral atrophy,26,0.789056304520222,0.5255650512440039,queryseq,1,field,3.0,budget,all4,3
Ventriculomegaly,20,0.8388349514563107,0.46293619093698873,queryseq,1,field,3.0,budget,all4,3
Gliosis,54,0.7579173376274826,0.7091287097192098,queryseq,1,field,3.0,budget,all4,4
Cerebral atrophy,26,0.8057097541633624,0.5706745264130514,queryseq,1,field,3.0,budget,all4,4
Ventriculomegaly,20,0.8276699029126213,0.4913940108644373,queryseq,1,field,3.0,budget,all4,4
Gliosis,54,0.7139023081052066,0.6500014443134459,uniform,2,field,3.0,availability,T2cor,1
Cerebral atrophy,26,0.7478191911181602,0.5129816460237271,uniform,2,field,3.0,availability,T2cor,1
Ventriculomegaly,20,0.7436893203883496,0.5095017883019369,uniform,2,field,3.0,availability,T2cor,1
Gliosis,54,0.7555018786902844,0.7181055935512907,uniform,2,field,3.0,availability,FLAIRax,1
Cerebral atrophy,26,0.8084853291038858,0.5579369862418222,uniform,2,field,3.0,availability,FLAIRax,1
Ventriculomegaly,20,0.8466019417475728,0.4891739750933419,uniform,2,field,3.0,availability,FLAIRax,1
Gliosis,54,0.7388620504562533,0.6967949519601726,uniform,2,field,3.0,availability,T2ax,1
Cerebral atrophy,26,0.7581284694686756,0.526791289293896,uniform,2,field,3.0,availability,T2ax,1
Ventriculomegaly,20,0.7946601941747573,0.4408172370974304,uniform,2,field,3.0,availability,T2ax,1
Gliosis,54,0.7208803005904455,0.7083060132516558,uniform,2,field,3.0,availability,T1ax,1
Cerebral atrophy,26,0.8350515463917526,0.5672801012323258,uniform,2,field,3.0,availability,T1ax,1
Ventriculomegaly,20,0.8548543689320388,0.48315697051797707,uniform,2,field,3.0,availability,T1ax,1
Gliosis,54,0.7530864197530864,0.6935249723811652,uniform,2,field,3.0,availability,FLAIRax+T2cor,2
Cerebral atrophy,26,0.795003965107058,0.5648527906147323,uniform,2,field,3.0,availability,FLAIRax+T2cor,2
Ventriculomegaly,20,0.8072815533980583,0.5152811091703631,uniform,2,field,3.0,availability,FLAIRax+T2cor,2
Gliosis,54,0.7479871175523349,0.6908717166214746,uniform,2,field,3.0,availability,T2ax+T2cor,2
Cerebral atrophy,26,0.7660586835844568,0.5456854349276208,uniform,2,field,3.0,availability,T2ax+T2cor,2
Ventriculomegaly,20,0.7694174757281553,0.473657690390135,uniform,2,field,3.0,availability,T2ax+T2cor,2
Gliosis,54,0.7619431025228127,0.7237254622456651,uniform,2,field,3.0,availability,T2ax+FLAIRax,2
Cerebral atrophy,26,0.7914353687549563,0.5559758964707937,uniform,2,field,3.0,availability,T2ax+FLAIRax,2
Ventriculomegaly,20,0.8257281553398058,0.4738655134640396,uniform,2,field,3.0,availability,T2ax+FLAIRax,2
Gliosis,54,0.7442297369833601,0.6963043923114665,uniform,2,field,3.0,availability,T1ax+T2cor,2
Cerebral atrophy,26,0.809674861221253,0.5603673075251555,uniform,2,field,3.0,availability,T1ax+T2cor,2
Ventriculomegaly,20,0.8179611650485437,0.5233163738048932,uniform,2,field,3.0,availability,T1ax+T2cor,2
Gliosis,54,0.7450348899624262,0.7172467632229326,uniform,2,field,3.0,availability,T1ax+FLAIRax,2
Cerebral atrophy,26,0.8291038858049167,0.5642983336845068,uniform,2,field,3.0,availability,T1ax+FLAIRax,2
Ventriculomegaly,20,0.8611650485436892,0.492216564460057,uniform,2,field,3.0,availability,T1ax+FLAIRax,2
Gliosis,54,0.7501341921631777,0.71560555256976,uniform,2,field,3.0,availability,T1ax+T2ax,2
Cerebral atrophy,26,0.80253766851705,0.5484094291534697,uniform,2,field,3.0,availability,T1ax+T2ax,2
Ventriculomegaly,20,0.8339805825242719,0.5037089843446809,uniform,2,field,3.0,availability,T1ax+T2ax,2
Gliosis,54,0.7584541062801933,0.7045899607129198,uniform,2,field,3.0,availability,T2ax+FLAIRax+T2cor,3
Cerebral atrophy,26,0.787866772402855,0.5665329241992064,uniform,2,field,3.0,availability,T2ax+FLAIRax+T2cor,3
Ventriculomegaly,20,0.8063106796116505,0.5091899040353823,uniform,2,field,3.0,availability,T2ax+FLAIRax+T2cor,3
Gliosis,54,0.7530864197530863,0.7020606555717261,uniform,2,field,3.0,availability,T1ax+FLAIRax+T2cor,3
Cerebral atrophy,26,0.8207771609833466,0.5780434236020269,uniform,2,field,3.0,availability,T1ax+FLAIRax+T2cor,3
Ventriculomegaly,20,0.8368932038834951,0.5291961210319054,uniform,2,field,3.0,availability,T1ax+FLAIRax+T2cor,3
Gliosis,54,0.7536231884057971,0.7058361488117009,uniform,2,field,3.0,availability,T1ax+T2ax+T2cor,3
Cerebral atrophy,26,0.7985725614591593,0.5586245732524764,uniform,2,field,3.0,availability,T1ax+T2ax+T2cor,3
Ventriculomegaly,20,0.8072815533980582,0.5020664883175178,uniform,2,field,3.0,availability,T1ax+T2ax+T2cor,3
Gliosis,54,0.7581857219538379,0.722818108347781,uniform,2,field,3.0,availability,T1ax+T2ax+FLAIRax,3
Cerebral atrophy,26,0.8124504361617763,0.571148215143053,uniform,2,field,3.0,availability,T1ax+T2ax+FLAIRax,3
Ventriculomegaly,20,0.8480582524271845,0.4978329886374575,uniform,2,field,3.0,availability,T1ax+T2ax+FLAIRax,3
Gliosis,54,0.7614063338701019,0.7089554212726088,uniform,2,field,3.0,availability,T1ax+T2ax+FLAIRax+T2cor,4
Cerebral atrophy,26,0.8049167327517843,0.5624439948994113,uniform,2,field,3.0,availability,T1ax+T2ax+FLAIRax+T2cor,4
Ventriculomegaly,20,0.8276699029126213,0.5264654610463803,uniform,2,field,3.0,availability,T1ax+T2ax+FLAIRax+T2cor,4
Gliosis,54,0.7208803005904455,0.7083060132516558,uniform,2,field,3.0,budget,all4,1
Cerebral atrophy,26,0.8350515463917526,0.5672801012323258,uniform,2,field,3.0,budget,all4,1
Ventriculomegaly,20,0.8548543689320388,0.48315697051797707,uniform,2,field,3.0,budget,all4,1
Gliosis,54,0.7501341921631777,0.71560555256976,uniform,2,field,3.0,budget,all4,2
Cerebral atrophy,26,0.80253766851705,0.5484094291534697,uniform,2,field,3.0,budget,all4,2
Ventriculomegaly,20,0.8339805825242719,0.5037089843446809,uniform,2,field,3.0,budget,all4,2
Gliosis,54,0.7581857219538379,0.722818108347781,uniform,2,field,3.0,budget,all4,3
Cerebral atrophy,26,0.8124504361617763,0.571148215143053,uniform,2,field,3.0,budget,all4,3
Ventriculomegaly,20,0.8480582524271845,0.4978329886374575,uniform,2,field,3.0,budget,all4,3
Gliosis,54,0.7614063338701019,0.7089554212726088,uniform,2,field,3.0,budget,all4,4
Cerebral atrophy,26,0.8049167327517843,0.5624439948994113,uniform,2,field,3.0,budget,all4,4
Ventriculomegaly,20,0.8276699029126213,0.5264654610463803,uniform,2,field,3.0,budget,all4,4
Gliosis,54,0.7147074610842727,0.6433728902608564,patient,2,field,3.0,availability,T2cor,1
Cerebral atrophy,26,0.7470261697065821,0.5094530926504756,patient,2,field,3.0,availability,T2cor,1
Ventriculomegaly,20,0.7378640776699028,0.5026547170864196,patient,2,field,3.0,availability,T2cor,1
Gliosis,54,0.7576489533011271,0.710663278719289,patient,2,field,3.0,availability,FLAIRax,1
Cerebral atrophy,26,0.8112609040444092,0.5491273450767288,patient,2,field,3.0,availability,FLAIRax,1
Ventriculomegaly,20,0.8490291262135923,0.497339063200546,patient,2,field,3.0,availability,FLAIRax,1
Gliosis,54,0.739398819108964,0.6910533723695478,patient,2,field,3.0,availability,T2ax,1
Cerebral atrophy,26,0.7577319587628867,0.5152831108237689,patient,2,field,3.0,availability,T2ax,1
Ventriculomegaly,20,0.7995145631067961,0.4375585832233359,patient,2,field,3.0,availability,T2ax,1
Gliosis,54,0.7232957595276437,0.7063063026172872,patient,2,field,3.0,availability,T1ax,1
Cerebral atrophy,26,0.8318794607454402,0.5515735612689062,patient,2,field,3.0,availability,T1ax,1
Ventriculomegaly,20,0.8558252427184465,0.43398734274202894,patient,2,field,3.0,availability,T1ax,1
Gliosis,54,0.7546967257112185,0.6854391712105796,patient,2,field,3.0,availability,FLAIRax+T2cor,2
Cerebral atrophy,26,0.7874702616970658,0.5461275427784419,patient,2,field,3.0,availability,FLAIRax+T2cor,2
Ventriculomegaly,20,0.791747572815534,0.5033938949143127,patient,2,field,3.0,availability,FLAIRax+T2cor,2
Gliosis,54,0.7474503488996243,0.69443227112355,patient,2,field,3.0,availability,T2ax+T2cor,2
Cerebral atrophy,26,0.7664551942902459,0.5419587170218685,patient,2,field,3.0,availability,T2ax+T2cor,2
Ventriculomegaly,20,0.7873786407766991,0.4724209658498153,patient,2,field,3.0,availability,T2ax+T2cor,2
Gliosis,54,0.7541599570585078,0.7112765284504227,patient,2,field,3.0,availability,T2ax+FLAIRax,2
Cerebral atrophy,26,0.7779540047581285,0.5413826199042006,patient,2,field,3.0,availability,T2ax+FLAIRax,2
Ventriculomegaly,20,0.8126213592233009,0.45970600926850924,patient,2,field,3.0,availability,T2ax+FLAIRax,2
Gliosis,54,0.7388620504562533,0.6833760702468907,patient,2,field,3.0,availability,T1ax+T2cor,2
Cerebral atrophy,26,0.8057097541633624,0.5600454725699026,patient,2,field,3.0,availability,T1ax+T2cor,2
Ventriculomegaly,20,0.8053398058252428,0.4861428075160324,patient,2,field,3.0,availability,T1ax+T2cor,2
Gliosis,54,0.7469135802469136,0.713398528432082,patient,2,field,3.0,availability,T1ax+FLAIRax,2
Cerebral atrophy,26,0.830293417922284,0.5439024525414708,patient,2,field,3.0,availability,T1ax+FLAIRax,2
Ventriculomegaly,20,0.8645631067961165,0.4853700596121816,patient,2,field,3.0,availability,T1ax+FLAIRax,2
Gliosis,54,0.7471819645732689,0.701370812406477,patient,2,field,3.0,availability,T1ax+T2ax,2
Cerebral atrophy,26,0.789056304520222,0.5418995019958952,patient,2,field,3.0,availability,T1ax+T2ax,2
Ventriculomegaly,20,0.8150485436893204,0.46787067921686065,patient,2,field,3.0,availability,T1ax+T2ax,2
Gliosis,54,0.7544283413848631,0.6991719998115498,patient,2,field,3.0,availability,T2ax+FLAIRax+T2cor,3
Cerebral atrophy,26,0.7739888977002379,0.5474240738279118,patient,2,field,3.0,availability,T2ax+FLAIRax+T2cor,3
Ventriculomegaly,20,0.7966019417475728,0.45088684394532236,patient,2,field,3.0,availability,T2ax+FLAIRax+T2cor,3
Gliosis,54,0.7466451959205582,0.6873465495694717,patient,2,field,3.0,availability,T1ax+FLAIRax+T2cor,3
Cerebral atrophy,26,0.8108643933386203,0.5619405385746445,patient,2,field,3.0,availability,T1ax+FLAIRax+T2cor,3
Ventriculomegaly,20,0.8247572815533981,0.5043556301803312,patient,2,field,3.0,availability,T1ax+FLAIRax+T2cor,3
Gliosis,54,0.7541599570585078,0.7005822058824451,patient,2,field,3.0,availability,T1ax+T2ax+T2cor,3
Cerebral atrophy,26,0.7870737509912767,0.5471392618026351,patient,2,field,3.0,availability,T1ax+T2ax+T2cor,3
Ventriculomegaly,20,0.8014563106796116,0.4701887578255727,patient,2,field,3.0,availability,T1ax+T2ax+T2cor,3
Gliosis,54,0.7538915727321525,0.7139011030247343,patient,2,field,3.0,availability,T1ax+T2ax+FLAIRax,3
Cerebral atrophy,26,0.7957969865186361,0.5382285175817713,patient,2,field,3.0,availability,T1ax+T2ax+FLAIRax,3
Ventriculomegaly,20,0.8247572815533981,0.4690993940724453,patient,2,field,3.0,availability,T1ax+T2ax+FLAIRax,3
Gliosis,54,0.7568438003220612,0.7005704093991005,patient,2,field,3.0,availability,T1ax+T2ax+FLAIRax+T2cor,4
Cerebral atrophy,26,0.7957969865186361,0.5534205457586738,patient,2,field,3.0,availability,T1ax+T2ax+FLAIRax+T2cor,4
Ventriculomegaly,20,0.8131067961165048,0.46710316484623493,patient,2,field,3.0,availability,T1ax+T2ax+FLAIRax+T2cor,4
Gliosis,54,0.7388620504562533,0.6905491464626607,patient,2,field,3.0,budget,all4,1
Cerebral atrophy,26,0.7545598731165742,0.4923197721932592,patient,2,field,3.0,budget,all4,1
Ventriculomegaly,20,0.799514563106796,0.40469577763089665,patient,2,field,3.0,budget,all4,1
Gliosis,54,0.751207729468599,0.6937917984071842,patient,2,field,3.0,budget,all4,2
Cerebral atrophy,26,0.7771609833465504,0.5344331699907703,patient,2,field,3.0,budget,all4,2
Ventriculomegaly,20,0.7378640776699029,0.3681447247027237,patient,2,field,3.0,budget,all4,2
Gliosis,54,0.7493290391841118,0.6941315823149747,patient,2,field,3.0,budget,all4,3
Cerebral atrophy,26,0.8045202220459952,0.5516386181482651,patient,2,field,3.0,budget,all4,3
Ventriculomegaly,20,0.8097087378640777,0.47460693117573893,patient,2,field,3.0,budget,all4,3
Gliosis,54,0.7581857219538379,0.702171623189817,patient,2,field,3.0,budget,all4,4
Cerebral atrophy,26,0.8080888183980968,0.5593546186895554,patient,2,field,3.0,budget,all4,4
Ventriculomegaly,20,0.8237864077669903,0.5113642233562001,patient,2,field,3.0,budget,all4,4
Gliosis,54,0.7155126140633387,0.646686691550594,finding,2,field,3.0,availability,T2cor,1
Cerebral atrophy,26,0.7446471054718478,0.5245690608276516,finding,2,field,3.0,availability,T2cor,1
Ventriculomegaly,20,0.74126213592233,0.4991942716681402,finding,2,field,3.0,availability,T2cor,1
Gliosis,54,0.7555018786902845,0.7055594197738003,finding,2,field,3.0,availability,FLAIRax,1
Cerebral atrophy,26,0.8045202220459953,0.5453874941655055,finding,2,field,3.0,availability,FLAIRax,1
Ventriculomegaly,20,0.8480582524271845,0.49522735878852486,finding,2,field,3.0,availability,FLAIRax,1
Gliosis,54,0.738593666129898,0.6898574841343694,finding,2,field,3.0,availability,T2ax,1
Cerebral atrophy,26,0.7585249801744647,0.5265128685602817,finding,2,field,3.0,availability,T2ax,1
Ventriculomegaly,20,0.796116504854369,0.43289225766687206,finding,2,field,3.0,availability,T2ax,1
Gliosis,54,0.7257112184648417,0.6961394420465086,finding,2,field,3.0,availability,T1ax,1
Cerebral atrophy,26,0.8370340999206979,0.5599280428077399,finding,2,field,3.0,availability,T1ax,1
Ventriculomegaly,20,0.8572815533980582,0.43511977951102515,finding,2,field,3.0,availability,T1ax,1
Gliosis,54,0.7576489533011271,0.6887192477520885,finding,2,field,3.0,availability,FLAIRax+T2cor,2
Cerebral atrophy,26,0.8017446471054719,0.5722630604389973,finding,2,field,3.0,availability,FLAIRax+T2cor,2
Ventriculomegaly,20,0.8179611650485437,0.5191398060812863,finding,2,field,3.0,availability,FLAIRax+T2cor,2
Gliosis,54,0.748792270531401,0.6895840246242857,finding,2,field,3.0,availability,T2ax+T2cor,2
Cerebral atrophy,26,0.7589214908802538,0.5434456428087395,finding,2,field,3.0,availability,T2ax+T2cor,2
Ventriculomegaly,20,0.7733009708737865,0.4833451451459183,finding,2,field,3.0,availability,T2ax+T2cor,2
Gliosis,54,0.7584541062801932,0.7140719556056364,finding,2,field,3.0,availability,T2ax+FLAIRax,2
Cerebral atrophy,26,0.7934179222839016,0.5585462814248845,finding,2,field,3.0,availability,T2ax+FLAIRax,2
Ventriculomegaly,20,0.8315533980582525,0.49363933627040296,finding,2,field,3.0,availability,T2ax+FLAIRax,2
Gliosis,54,0.7479871175523349,0.6938537367398623,finding,2,field,3.0,availability,T1ax+T2cor,2
Cerebral atrophy,26,0.8128469468675654,0.5642742571896675,finding,2,field,3.0,availability,T1ax+T2cor,2
Ventriculomegaly,20,0.8179611650485437,0.49078185478468644,finding,2,field,3.0,availability,T1ax+T2cor,2
Gliosis,54,0.7501341921631777,0.7134873073660452,finding,2,field,3.0,availability,T1ax+FLAIRax,2
Cerebral atrophy,26,0.8275178429817606,0.5540512936010373,finding,2,field,3.0,availability,T1ax+FLAIRax,2
Ventriculomegaly,20,0.8616504854368932,0.4851645238966616,finding,2,field,3.0,availability,T1ax+FLAIRax,2
Gliosis,54,0.749597423510467,0.7119811703870023,finding,2,field,3.0,availability,T1ax+T2ax,2
Cerebral atrophy,26,0.802934179222839,0.5568461412470534,finding,2,field,3.0,availability,T1ax+T2ax,2
Ventriculomegaly,20,0.8393203883495146,0.48425136845807293,finding,2,field,3.0,availability,T1ax+T2ax,2
Gliosis,54,0.7568438003220612,0.697504219517743,finding,2,field,3.0,availability,T2ax+FLAIRax+T2cor,3
Cerebral atrophy,26,0.7850911974623315,0.5595447117007476,finding,2,field,3.0,availability,T2ax+FLAIRax+T2cor,3
Ventriculomegaly,20,0.8058252427184467,0.5020647012121675,finding,2,field,3.0,availability,T2ax+FLAIRax+T2cor,3
Gliosis,54,0.7522812667740204,0.6917086101589311,finding,2,field,3.0,availability,T1ax+FLAIRax+T2cor,3
Cerebral atrophy,26,0.8219666931007138,0.5719393119089965,finding,2,field,3.0,availability,T1ax+FLAIRax+T2cor,3
Ventriculomegaly,20,0.8407766990291261,0.5142848912576953,finding,2,field,3.0,availability,T1ax+FLAIRax+T2cor,3
Gliosis,54,0.7528180354267311,0.6997202037251908,finding,2,field,3.0,availability,T1ax+T2ax+T2cor,3
Cerebral atrophy,26,0.7942109436954798,0.5598941076559668,finding,2,field,3.0,availability,T1ax+T2ax+T2cor,3
Ventriculomegaly,20,0.8092233009708738,0.5000198877290539,finding,2,field,3.0,availability,T1ax+T2ax+T2cor,3
Gliosis,54,0.7565754159957058,0.708935341871715,finding,2,field,3.0,availability,T1ax+T2ax+FLAIRax,3
Cerebral atrophy,26,0.809674861221253,0.554452415673366,finding,2,field,3.0,availability,T1ax+T2ax+FLAIRax,3
Ventriculomegaly,20,0.8480582524271845,0.4927412738734656,finding,2,field,3.0,availability,T1ax+T2ax+FLAIRax,3
Gliosis,54,0.7600644122383253,0.7021263173710224,finding,2,field,3.0,availability,T1ax+T2ax+FLAIRax+T2cor,4
Cerebral atrophy,26,0.8045202220459953,0.5602676756626197,finding,2,field,3.0,availability,T1ax+T2ax+FLAIRax+T2cor,4
Ventriculomegaly,20,0.829126213592233,0.5178894541585763,finding,2,field,3.0,availability,T1ax+T2ax+FLAIRax+T2cor,4
Gliosis,54,0.738593666129898,0.6898574841343694,finding,2,field,3.0,budget,all4,1
Cerebral atrophy,26,0.8045202220459953,0.5453874941655055,finding,2,field,3.0,budget,all4,1
Ventriculomegaly,20,0.8480582524271845,0.49522735878852486,finding,2,field,3.0,budget,all4,1
Gliosis,54,0.7592592592592593,0.7148527790183784,finding,2,field,3.0,budget,all4,2
Cerebral atrophy,26,0.7926249008723235,0.5584916548015308,finding,2,field,3.0,budget,all4,2
Ventriculomegaly,20,0.8310679611650486,0.49339443555764795,finding,2,field,3.0,budget,all4,2
Gliosis,54,0.7571121846484165,0.6973097735478355,finding,2,field,3.0,budget,all4,3
Cerebral atrophy,26,0.7831086439333862,0.5603401116269239,finding,2,field,3.0,budget,all4,3
Ventriculomegaly,20,0.804368932038835,0.5021570967516361,finding,2,field,3.0,budget,all4,3
Gliosis,54,0.7608695652173914,0.7030926278005356,finding,2,field,3.0,budget,all4,4
Cerebral atrophy,26,0.8068992862807296,0.5620261626091082,finding,2,field,3.0,budget,all4,4
Ventriculomegaly,20,0.8276699029126213,0.517642254291643,finding,2,field,3.0,budget,all4,4
Gliosis,54,0.7128287707997852,0.6461329561829483,label_id,2,field,3.0,availability,T2cor,1
Cerebral atrophy,26,0.7513877874702617,0.5145173979616593,label_id,2,field,3.0,availability,T2cor,1
Ventriculomegaly,20,0.7383495145631068,0.5083009178715945,label_id,2,field,3.0,availability,T2cor,1
Gliosis,54,0.7579173376274826,0.7172179124540937,label_id,2,field,3.0,availability,FLAIRax,1
Cerebral atrophy,26,0.8068992862807296,0.5539373048056481,label_id,2,field,3.0,availability,FLAIRax,1
Ventriculomegaly,20,0.8529126213592233,0.4999874309163693,label_id,2,field,3.0,availability,FLAIRax,1
Gliosis,54,0.7367149758454107,0.6897345502114209,label_id,2,field,3.0,availability,T2ax,1
Cerebral atrophy,26,0.7557494052339414,0.5222978216517198,label_id,2,field,3.0,availability,T2ax,1
Ventriculomegaly,20,0.7956310679611651,0.4218978369769672,label_id,2,field,3.0,availability,T2ax,1
Gliosis,54,0.7254428341384863,0.7122926724352752,label_id,2,field,3.0,availability,T1ax,1
Cerebral atrophy,26,0.8271213322759714,0.5286467756337251,label_id,2,field,3.0,availability,T1ax,1
Ventriculomegaly,20,0.8587378640776698,0.4337241220460024,label_id,2,field,3.0,availability,T1ax,1
Gliosis,54,0.7557702630166397,0.6889692313880931,label_id,2,field,3.0,availability,FLAIRax+T2cor,2
Cerebral atrophy,26,0.7839016653449644,0.5460198764422546,label_id,2,field,3.0,availability,FLAIRax+T2cor,2
Ventriculomegaly,20,0.812621359223301,0.5098273298299592,label_id,2,field,3.0,availability,FLAIRax+T2cor,2
Gliosis,54,0.7431561996779388,0.6842694514927758,label_id,2,field,3.0,availability,T2ax+T2cor,2
Cerebral atrophy,26,0.7593180015860429,0.5359568566272259,label_id,2,field,3.0,availability,T2ax+T2cor,2
Ventriculomegaly,20,0.7733009708737865,0.4894671105327269,label_id,2,field,3.0,availability,T2ax+T2cor,2
Gliosis,54,0.7619431025228127,0.7203589481076821,label_id,2,field,3.0,availability,T2ax+FLAIRax,2
Cerebral atrophy,26,0.7727993655828708,0.5465657362846746,label_id,2,field,3.0,availability,T2ax+FLAIRax,2
Ventriculomegaly,20,0.8344660194174758,0.48313852772606986,label_id,2,field,3.0,availability,T2ax+FLAIRax,2
Gliosis,54,0.7423510466988728,0.6965030271575539,label_id,2,field,3.0,availability,T1ax+T2cor,2
Cerebral atrophy,26,0.7815226011102301,0.5381960745937067,label_id,2,field,3.0,availability,T1ax+T2cor,2
Ventriculomegaly,20,0.8121359223300971,0.516117714693058,label_id,2,field,3.0,availability,T1ax+T2cor,2
Gliosis,54,0.7501341921631777,0.7220005814425711,label_id,2,field,3.0,availability,T1ax+FLAIRax,2
Cerebral atrophy,26,0.8235527359238699,0.5544324962849205,label_id,2,field,3.0,availability,T1ax+FLAIRax,2
Ventriculomegaly,20,0.8669902912621359,0.4876441419815802,label_id,2,field,3.0,availability,T1ax+FLAIRax,2
Gliosis,54,0.7479871175523349,0.711483728981638,label_id,2,field,3.0,availability,T1ax+T2ax,2
Cerebral atrophy,26,0.7720063441712927,0.531543648074606,label_id,2,field,3.0,availability,T1ax+T2ax,2
Ventriculomegaly,20,0.8315533980582523,0.4647488111030021,label_id,2,field,3.0,availability,T1ax+T2ax,2
Gliosis,54,0.7581857219538379,0.7000372284223124,label_id,2,field,3.0,availability,T2ax+FLAIRax+T2cor,3
Cerebral atrophy,26,0.7692307692307693,0.5404426892121662,label_id,2,field,3.0,availability,T2ax+FLAIRax+T2cor,3
Ventriculomegaly,20,0.8058252427184467,0.4882949019453457,label_id,2,field,3.0,availability,T2ax+FLAIRax+T2cor,3
Gliosis,54,0.7506709608158884,0.696749734417057,label_id,2,field,3.0,availability,T1ax+FLAIRax+T2cor,3
Cerebral atrophy,26,0.802934179222839,0.5515107551094997,label_id,2,field,3.0,availability,T1ax+FLAIRax+T2cor,3
Ventriculomegaly,20,0.8383495145631068,0.5078984638983635,label_id,2,field,3.0,availability,T1ax+FLAIRax+T2cor,3
Gliosis,54,0.7482555018786903,0.7001801440546302,label_id,2,field,3.0,availability,T1ax+T2ax+T2cor,3
Cerebral atrophy,26,0.7660586835844568,0.541657975736295,label_id,2,field,3.0,availability,T1ax+T2ax+T2cor,3
Ventriculomegaly,20,0.8087378640776699,0.5037526755234945,label_id,2,field,3.0,availability,T1ax+T2ax+T2cor,3
Gliosis,54,0.7576489533011271,0.7119543932724661,label_id,2,field,3.0,availability,T1ax+T2ax+FLAIRax,3
Cerebral atrophy,26,0.7835051546391752,0.5456809738308767,label_id,2,field,3.0,availability,T1ax+T2ax+FLAIRax,3
Ventriculomegaly,20,0.8519417475728155,0.49748243311860346,label_id,2,field,3.0,availability,T1ax+T2ax+FLAIRax,3
Gliosis,54,0.7589908749329038,0.7043016942716496,label_id,2,field,3.0,availability,T1ax+T2ax+FLAIRax+T2cor,4
Cerebral atrophy,26,0.7755749405233942,0.5409514165257026,label_id,2,field,3.0,availability,T1ax+T2ax+FLAIRax+T2cor,4
Ventriculomegaly,20,0.8281553398058252,0.5057670301301992,label_id,2,field,3.0,availability,T1ax+T2ax+FLAIRax+T2cor,4
Gliosis,54,0.7426194310252281,0.6976194328385978,label_id,2,field,3.0,budget,all4,1
Cerebral atrophy,26,0.7537668517049961,0.5193059731518888,label_id,2,field,3.0,budget,all4,1
Ventriculomegaly,20,0.8373786407766991,0.44624057848235643,label_id,2,field,3.0,budget,all4,1
Gliosis,54,0.7444981213097155,0.6963044224436049,label_id,2,field,3.0,budget,all4,2
Cerebral atrophy,26,0.7656621728786678,0.5340239286367935,label_id,2,field,3.0,budget,all4,2
Ventriculomegaly,20,0.7490291262135923,0.43411679580099755,label_id,2,field,3.0,budget,all4,2
Gliosis,54,0.7555018786902845,0.6985229347901702,label_id,2,field,3.0,budget,all4,3
Cerebral atrophy,26,0.7854877081681205,0.5559672062549695,label_id,2,field,3.0,budget,all4,3
Ventriculomegaly,20,0.816504854368932,0.4589070266080028,label_id,2,field,3.0,budget,all4,3
Gliosis,54,0.7592592592592593,0.7065599332001418,label_id,2,field,3.0,budget,all4,4
Cerebral atrophy,26,0.8013481363996828,0.5385076347495737,label_id,2,field,3.0,budget,all4,4
Ventriculomegaly,20,0.8276699029126213,0.5072941388225496,label_id,2,field,3.0,budget,all4,4
Gliosis,54,0.714975845410628,0.6458966861936855,queryseq,2,field,3.0,availability,T2cor,1
Cerebral atrophy,26,0.7501982553528946,0.534406816014205,queryseq,2,field,3.0,availability,T2cor,1
Ventriculomegaly,20,0.7480582524271845,0.4986274316695005,queryseq,2,field,3.0,availability,T2cor,1
Gliosis,54,0.7686527106816962,0.7219752570535598,queryseq,2,field,3.0,availability,FLAIRax,1
Cerebral atrophy,26,0.8195876288659794,0.5756246257316546,queryseq,2,field,3.0,availability,FLAIRax,1
Ventriculomegaly,20,0.8509708737864078,0.5021141633822769,queryseq,2,field,3.0,availability,FLAIRax,1
Gliosis,54,0.739398819108964,0.6909592264598996,queryseq,2,field,3.0,availability,T2ax,1
Cerebral atrophy,26,0.760111022997621,0.5063559582564279,queryseq,2,field,3.0,availability,T2ax,1
Ventriculomegaly,20,0.7932038834951456,0.44538574862929964,queryseq,2,field,3.0,availability,T2ax,1
Gliosis,54,0.7222222222222222,0.7023256487831737,queryseq,2,field,3.0,availability,T1ax,1
Cerebral atrophy,26,0.8243457573354481,0.5447906417322249,queryseq,2,field,3.0,availability,T1ax,1
Ventriculomegaly,20,0.8572815533980582,0.4915497311232708,queryseq,2,field,3.0,availability,T1ax,1
Gliosis,54,0.7587224906065485,0.6922471267396688,queryseq,2,field,3.0,availability,FLAIRax+T2cor,2
Cerebral atrophy,26,0.8049167327517843,0.5757054397787431,queryseq,2,field,3.0,availability,FLAIRax+T2cor,2
Ventriculomegaly,20,0.8077669902912621,0.4920972990530589,queryseq,2,field,3.0,availability,FLAIRax+T2cor,2
Gliosis,54,0.7404723564143854,0.686032924881169,queryseq,2,field,3.0,availability,T2ax+T2cor,2
Cerebral atrophy,26,0.7648691514670897,0.5428586406158178,queryseq,2,field,3.0,availability,T2ax+T2cor,2
Ventriculomegaly,20,0.7820388349514563,0.49278852208935414,queryseq,2,field,3.0,availability,T2ax+T2cor,2
Gliosis,54,0.7568438003220611,0.7161528942522503,queryseq,2,field,3.0,availability,T2ax+FLAIRax,2
Cerebral atrophy,26,0.7902458366375892,0.5499354951986292,queryseq,2,field,3.0,availability,T2ax+FLAIRax,2
Ventriculomegaly,20,0.8179611650485437,0.4719433190631085,queryseq,2,field,3.0,availability,T2ax+FLAIRax,2
Gliosis,54,0.7447665056360708,0.6861015609649783,queryseq,2,field,3.0,availability,T1ax+T2cor,2
Cerebral atrophy,26,0.7934179222839016,0.5474787011381007,queryseq,2,field,3.0,availability,T1ax+T2cor,2
Ventriculomegaly,20,0.8160194174757283,0.4992862703007018,queryseq,2,field,3.0,availability,T1ax+T2cor,2
Gliosis,54,0.7563070316693505,0.7194521267616721,queryseq,2,field,3.0,availability,T1ax+FLAIRax,2
Cerebral atrophy,26,0.824345757335448,0.555267069078425,queryseq,2,field,3.0,availability,T1ax+FLAIRax,2
Ventriculomegaly,20,0.8650485436893204,0.5052660892299743,queryseq,2,field,3.0,availability,T1ax+FLAIRax,2
Gliosis,54,0.7498658078368223,0.7071472048510161,queryseq,2,field,3.0,availability,T1ax+T2ax,2
Cerebral atrophy,26,0.7854877081681205,0.5348888039674649,queryseq,2,field,3.0,availability,T1ax+T2ax,2
Ventriculomegaly,20,0.8140776699029126,0.47083240326720877,queryseq,2,field,3.0,availability,T1ax+T2ax,2
Gliosis,54,0.7525496511003757,0.6946999416745812,queryseq,2,field,3.0,availability,T2ax+FLAIRax+T2cor,3
Cerebral atrophy,26,0.7842981760507534,0.5497485000482462,queryseq,2,field,3.0,availability,T2ax+FLAIRax+T2cor,3
Ventriculomegaly,20,0.8053398058252427,0.4884535353294133,queryseq,2,field,3.0,availability,T2ax+FLAIRax+T2cor,3
Gliosis,54,0.7587224906065486,0.698913723738809,queryseq,2,field,3.0,availability,T1ax+FLAIRax+T2cor,3
Cerebral atrophy,26,0.8191911181601904,0.5733357279908263,queryseq,2,field,3.0,availability,T1ax+FLAIRax+T2cor,3
Ventriculomegaly,20,0.8339805825242719,0.4904204863641573,queryseq,2,field,3.0,availability,T1ax+FLAIRax+T2cor,3
Gliosis,54,0.7514761137949544,0.6991274921764152,queryseq,2,field,3.0,availability,T1ax+T2ax+T2cor,3
Cerebral atrophy,26,0.78152260111023,0.5389553415995357,queryseq,2,field,3.0,availability,T1ax+T2ax+T2cor,3
Ventriculomegaly,20,0.8033980582524273,0.4711556908235354,queryseq,2,field,3.0,availability,T1ax+T2ax+T2cor,3
Gliosis,54,0.7608695652173912,0.7156694720443619,queryseq,2,field,3.0,availability,T1ax+T2ax+FLAIRax,3
Cerebral atrophy,26,0.8009516256938937,0.5529580207764757,queryseq,2,field,3.0,availability,T1ax+T2ax+FLAIRax,3
Ventriculomegaly,20,0.8300970873786409,0.47496055969539236,queryseq,2,field,3.0,availability,T1ax+T2ax+FLAIRax,3
Gliosis,54,0.7571121846484166,0.7029363723249626,queryseq,2,field,3.0,availability,T1ax+T2ax+FLAIRax+T2cor,4
Cerebral atrophy,26,0.7942109436954797,0.555745673777497,queryseq,2,field,3.0,availability,T1ax+T2ax+FLAIRax+T2cor,4
Ventriculomegaly,20,0.8179611650485437,0.4826643817641722,queryseq,2,field,3.0,availability,T1ax+T2ax+FLAIRax+T2cor,4
Gliosis,54,0.7431561996779388,0.6984648178554531,queryseq,2,field,3.0,budget,all4,1
Cerebral atrophy,26,0.7454401268834259,0.4995351970613007,queryseq,2,field,3.0,budget,all4,1
Ventriculomegaly,20,0.8024271844660195,0.4572308125719083,queryseq,2,field,3.0,budget,all4,1
Gliosis,54,0.7447665056360708,0.6879933463852661,queryseq,2,field,3.0,budget,all4,2
Cerebral atrophy,26,0.7755749405233942,0.5421190383674267,queryseq,2,field,3.0,budget,all4,2
Ventriculomegaly,20,0.787864077669903,0.4415005369931376,queryseq,2,field,3.0,budget,all4,2
Gliosis,54,0.7485238862050456,0.6907304521192792,queryseq,2,field,3.0,budget,all4,3
Cerebral atrophy,26,0.7894528152260111,0.5728411113149833,queryseq,2,field,3.0,budget,all4,3
Ventriculomegaly,20,0.803883495145631,0.42864869084122087,queryseq,2,field,3.0,budget,all4,3
Gliosis,54,0.7595276435856146,0.7068874882297755,queryseq,2,field,3.0,budget,all4,4
Cerebral atrophy,26,0.8061062648691515,0.5610678906892698,queryseq,2,field,3.0,budget,all4,4
Ventriculomegaly,20,0.829126213592233,0.4959750299094873,queryseq,2,field,3.0,budget,all4,4
