finding,n_pos,auroc,auprc,method,seed,axis,subset,k,budget
Cerebral infarction,42,0.9151153144184503,0.2610178319890842,uniform,0,availability,T2cor,1,-1
Demyelinating disease of central nervous system,21,0.7346611721611721,0.1679631928264966,uniform,0,availability,T2cor,1,-1
Lacunar infarct,21,0.9071166928309786,0.12290431672576654,uniform,0,availability,T2cor,1,-1
Gliosis,451,0.7618590699463614,0.6180535037931383,uniform,0,availability,T2cor,1,-1
Cerebral atrophy,213,0.9371248588577881,0.723605998784507,uniform,0,availability,T2cor,1,-1
Encephalomalacia,25,0.8356198347107437,0.16148746120109345,uniform,0,availability,T2cor,1,-1
Arachnoid cyst,69,0.6633419795783926,0.09455122708483638,uniform,0,availability,T2cor,1,-1
Empty sella syndrome,82,0.6793251158318035,0.12071772817320289,uniform,0,availability,T2cor,1,-1
Cerebral edema,23,0.7934035045750852,0.1687151821454892,uniform,0,availability,T2cor,1,-1
Mastoiditis,23,0.609622630225465,0.028536953011263376,uniform,0,availability,T2cor,1,-1
Chronic mastoiditis,37,0.7363926426426427,0.056439263004513865,uniform,0,availability,T2cor,1,-1
Ventriculomegaly,131,0.8635028299853681,0.41153480897651806,uniform,0,availability,T2cor,1,-1
Cerebellar degeneration,43,0.8823910998670169,0.321257351851658,uniform,0,availability,T2cor,1,-1
Mega cisterna magna,23,0.7167932539919861,0.03220829133474021,uniform,0,availability,T2cor,1,-1
Structure of cave of septum pellucidum,22,0.6857232114964074,0.061564865013666654,uniform,0,availability,T2cor,1,-1
Cerebral infarction,42,0.9108345777335324,0.2806025455798283,uniform,0,availability,FLAIRax,1,-1
Demyelinating disease of central nervous system,21,0.7207613814756672,0.07643002405069224,uniform,0,availability,FLAIRax,1,-1
Lacunar infarct,21,0.8972069597069596,0.09445112547451433,uniform,0,availability,FLAIRax,1,-1
Gliosis,451,0.755377912630801,0.598972122351631,uniform,0,availability,FLAIRax,1,-1
Cerebral atrophy,213,0.9500876567421405,0.7802671556471764,uniform,0,availability,FLAIRax,1,-1
Encephalomalacia,25,0.8728650137741047,0.24800039326084564,uniform,0,availability,FLAIRax,1,-1
Arachnoid cyst,69,0.6701457509881423,0.09931221561330729,uniform,0,availability,FLAIRax,1,-1
Empty sella syndrome,82,0.6804266107177199,0.12944586546511927,uniform,0,availability,FLAIRax,1,-1
Cerebral edema,23,0.8501584833442976,0.20897969434923183,uniform,0,availability,FLAIRax,1,-1
Mastoiditis,23,0.624005741283416,0.037290661703270146,uniform,0,availability,FLAIRax,1,-1
Chronic mastoiditis,37,0.7362800300300301,0.052329387326877176,uniform,0,availability,FLAIRax,1,-1
Ventriculomegaly,131,0.8836473350498507,0.43457459406875687,uniform,0,availability,FLAIRax,1,-1
Cerebellar degeneration,43,0.8984301514709221,0.3278829662553264,uniform,0,availability,FLAIRax,1,-1
Mega cisterna magna,23,0.7567729202798876,0.05928968318848309,uniform,0,availability,FLAIRax,1,-1
Structure of cave of septum pellucidum,22,0.6467041549515777,0.05045853579859845,uniform,0,availability,FLAIRax,1,-1
Cerebral infarction,42,0.9051932968309275,0.24337211266271352,uniform,0,availability,T2ax,1,-1
Demyelinating disease of central nervous system,21,0.7287087912087912,0.08218869603916203,uniform,0,availability,T2ax,1,-1
Lacunar infarct,21,0.9089154892726321,0.11101358830996613,uniform,0,availability,T2ax,1,-1
Gliosis,451,0.7649602572580749,0.5973892299529733,uniform,0,availability,T2ax,1,-1
Cerebral atrophy,213,0.9396542758661675,0.7221132407284747,uniform,0,availability,T2ax,1,-1
Encephalomalacia,25,0.8723140495867769,0.1694607670726959,uniform,0,availability,T2ax,1,-1
Arachnoid cyst,69,0.6655035408432148,0.09443816075784438,uniform,0,availability,T2ax,1,-1
Empty sella syndrome,82,0.6853046594982078,0.15087290002274414,uniform,0,availability,T2ax,1,-1
Cerebral edema,23,0.8248310507744752,0.15545170970142858,uniform,0,availability,T2ax,1,-1
Mastoiditis,23,0.6638059924645655,0.029829617529052967,uniform,0,availability,T2ax,1,-1
Chronic mastoiditis,37,0.7314189189189189,0.054797617782822584,uniform,0,availability,T2ax,1,-1
Ventriculomegaly,131,0.8613817587877,0.41937104039030354,uniform,0,availability,T2ax,1,-1
Cerebellar degeneration,43,0.876974473743959,0.32633528596259315,uniform,0,availability,T2ax,1,-1
Mega cisterna magna,23,0.7551282818013276,0.04545167839849474,uniform,0,availability,T2ax,1,-1
Structure of cave of septum pellucidum,22,0.6477975632614807,0.042544169137731264,uniform,0,availability,T2ax,1,-1
Cerebral infarction,42,0.9067529450804712,0.2949633126876018,uniform,0,availability,T1ax,1,-1
Demyelinating disease of central nervous system,21,0.7303767660910518,0.1490451282970035,uniform,0,availability,T1ax,1,-1
Lacunar infarct,21,0.888507326007326,0.11726297013783618,uniform,0,availability,T1ax,1,-1
Gliosis,451,0.761830975566534,0.5901187426463671,uniform,0,availability,T1ax,1,-1
Cerebral atrophy,213,0.9361740060616867,0.7183947838737674,uniform,0,availability,T1ax,1,-1
Encephalomalacia,25,0.8688980716253444,0.2014893884283367,uniform,0,availability,T1ax,1,-1
Arachnoid cyst,69,0.6484683794466403,0.07792531872534925,uniform,0,availability,T1ax,1,-1
Empty sella syndrome,82,0.6804528367864323,0.1340690741322157,uniform,0,availability,T1ax,1,-1
Cerebral edema,23,0.7709168111955027,0.1278966729130273,uniform,0,availability,T1ax,1,-1
Mastoiditis,23,0.6638059924645655,0.038627141452532696,uniform,0,availability,T1ax,1,-1
Chronic mastoiditis,37,0.7375375375375376,0.05534360341040783,uniform,0,availability,T1ax,1,-1
Ventriculomegaly,131,0.8679661536018511,0.42594787411439955,uniform,0,availability,T1ax,1,-1
Cerebellar degeneration,43,0.9008465505497714,0.3528390508849079,uniform,0,availability,T1ax,1,-1
Mega cisterna magna,23,0.7859278751270856,0.05109697337536302,uniform,0,availability,T1ax,1,-1
Structure of cave of septum pellucidum,22,0.5949390815370197,0.04455887415786444,uniform,0,availability,T1ax,1,-1
Cerebral infarction,42,0.9191803550688569,0.2970551929469942,uniform,0,availability,FLAIRax+T2cor,2,-1
Demyelinating disease of central nervous system,21,0.7371140763997908,0.16810348967530944,uniform,0,availability,FLAIRax+T2cor,2,-1
Lacunar infarct,21,0.9085884353741497,0.11916805100844148,uniform,0,availability,FLAIRax+T2cor,2,-1
Gliosis,451,0.7654270561844375,0.6183491875918244,uniform,0,availability,FLAIRax+T2cor,2,-1
Cerebral atrophy,213,0.9531296428359185,0.7829193794016323,uniform,0,availability,FLAIRax+T2cor,2,-1
Encephalomalacia,25,0.8642148760330579,0.26374844136484604,uniform,0,availability,FLAIRax+T2cor,2,-1
Arachnoid cyst,69,0.674417407773386,0.09687909375987491,uniform,0,availability,FLAIRax+T2cor,2,-1
Empty sella syndrome,82,0.6827607308331148,0.13379561101289766,uniform,0,availability,FLAIRax+T2cor,2,-1
Cerebral edema,23,0.8413073380778662,0.21229607921993804,uniform,0,availability,FLAIRax+T2cor,2,-1
Mastoiditis,23,0.6220022725913521,0.03989544992140222,uniform,0,availability,FLAIRax+T2cor,2,-1
Chronic mastoiditis,37,0.7500750750750751,0.05765659635307595,uniform,0,availability,FLAIRax+T2cor,2,-1
Ventriculomegaly,131,0.885178589657793,0.44615787894203973,uniform,0,availability,FLAIRax+T2cor,2,-1
Cerebellar degeneration,43,0.9013492912977199,0.3358930902175264,uniform,0,availability,FLAIRax+T2cor,2,-1
Mega cisterna magna,23,0.7429878595777765,0.0457755284514907,uniform,0,availability,FLAIRax+T2cor,2,-1
Structure of cave of septum pellucidum,22,0.6628241174632927,0.05541739768467836,uniform,0,availability,FLAIRax+T2cor,2,-1
Cerebral infarction,42,0.9157458105193297,0.2847775272954748,uniform,0,availability,T2ax+T2cor,2,-1
Demyelinating disease of central nervous system,21,0.7446690214547357,0.1626163237473678,uniform,0,availability,T2ax+T2cor,2,-1
Lacunar infarct,21,0.9131998953427525,0.12630306681272,uniform,0,availability,T2ax+T2cor,2,-1
Gliosis,451,0.7695526078067798,0.616555207165987,uniform,0,availability,T2ax+T2cor,2,-1
Cerebral atrophy,213,0.9458905330718488,0.7489329630321006,uniform,0,availability,T2ax+T2cor,2,-1
Encephalomalacia,25,0.8623415977961433,0.17024815980391822,uniform,0,availability,T2ax+T2cor,2,-1
Arachnoid cyst,69,0.6711030138339922,0.09682128670832757,uniform,0,availability,T2ax+T2cor,2,-1
Empty sella syndrome,82,0.6843780050703733,0.14479945088917992,uniform,0,availability,T2ax+T2cor,2,-1
Cerebral edema,23,0.829107110818731,0.168761912753721,uniform,0,availability,T2ax+T2cor,2,-1
Mastoiditis,23,0.6471203875366306,0.032337537481029334,uniform,0,availability,T2ax+T2cor,2,-1
Chronic mastoiditis,37,0.7434684684684685,0.05685875127403205,uniform,0,availability,T2ax+T2cor,2,-1
Ventriculomegaly,131,0.8693953245692638,0.42985680185058156,uniform,0,availability,T2ax+T2cor,2,-1
Cerebellar degeneration,43,0.8817261846842464,0.34603063255122646,uniform,0,availability,T2ax+T2cor,2,-1
Mega cisterna magna,23,0.7473536271754082,0.039731302339303026,uniform,0,availability,T2ax+T2cor,2,-1
Structure of cave of septum pellucidum,22,0.6667916276163699,0.048998923096423945,uniform,0,availability,T2ax+T2cor,2,-1
Cerebral infarction,42,0.9129583540733366,0.2653311023338988,uniform,0,availability,T2ax+FLAIRax,2,-1
Demyelinating disease of central nervous system,21,0.7223966509680795,0.12480244994391781,uniform,0,availability,T2ax+FLAIRax,2,-1
Lacunar infarct,21,0.907443746729461,0.11195885097472422,uniform,0,availability,T2ax+FLAIRax,2,-1
Gliosis,451,0.7657360943625385,0.6067502508478615,uniform,0,availability,T2ax+FLAIRax,2,-1
Cerebral atrophy,213,0.9520822190527128,0.7735986191515003,uniform,0,availability,T2ax+FLAIRax,2,-1
Encephalomalacia,25,0.8800275482093664,0.22434188576372954,uniform,0,availability,T2ax+FLAIRax,2,-1
Arachnoid cyst,69,0.6731822299077733,0.09907617896058893,uniform,0,availability,T2ax+FLAIRax,2,-1
Empty sella syndrome,82,0.6838971938106478,0.14145463277133596,uniform,0,availability,T2ax+FLAIRax,2,-1
Cerebral edema,23,0.8466000837270498,0.18679369346149288,uniform,0,availability,T2ax+FLAIRax,2,-1
Mastoiditis,23,0.6476885353746786,0.03217415569107452,uniform,0,availability,T2ax+FLAIRax,2,-1
Chronic mastoiditis,37,0.7408220720720721,0.055151203125371515,uniform,0,availability,T2ax+FLAIRax,2,-1
Ventriculomegaly,131,0.8797171148894661,0.4391471275582082,uniform,0,availability,T2ax+FLAIRax,2,-1
Cerebellar degeneration,43,0.8960299698355552,0.3520955774739859,uniform,0,availability,T2ax+FLAIRax,2,-1
Mega cisterna magna,23,0.7614676155732313,0.05181685120322582,uniform,0,availability,T2ax+FLAIRax,2,-1
Structure of cave of septum pellucidum,22,0.6489534520462356,0.04799006019289309,uniform,0,availability,T2ax+FLAIRax,2,-1
Cerebral infarction,42,0.9158453625352581,0.3050434134083696,uniform,0,availability,T1ax+T2cor,2,-1
Demyelinating disease of central nervous system,21,0.7561159079016221,0.17049520120383743,uniform,0,availability,T1ax+T2cor,2,-1
Lacunar infarct,21,0.9029631083202512,0.1308472834537404,uniform,0,availability,T1ax+T2cor,2,-1
Gliosis,451,0.7701836507998254,0.6167298273934699,uniform,0,availability,T1ax+T2cor,2,-1
Cerebral atrophy,213,0.9467819575681939,0.7596260461311868,uniform,0,availability,T1ax+T2cor,2,-1
Encephalomalacia,25,0.8632506887052341,0.2059610820203476,uniform,0,availability,T1ax+T2cor,2,-1
Arachnoid cyst,69,0.6657814558629775,0.08784241406560914,uniform,0,availability,T1ax+T2cor,2,-1
Empty sella syndrome,82,0.6840807762916339,0.13802094028044193,uniform,0,availability,T1ax+T2cor,2,-1
Cerebral edema,23,0.8037796782489086,0.17011892204046766,uniform,0,availability,T1ax+T2cor,2,-1
Mastoiditis,23,0.6491537587464864,0.03551628077910439,uniform,0,availability,T1ax+T2cor,2,-1
Chronic mastoiditis,37,0.7499249249249249,0.05660376929755378,uniform,0,availability,T1ax+T2cor,2,-1
Ventriculomegaly,131,0.8755827274480225,0.4413938136088666,uniform,0,availability,T1ax+T2cor,2,-1
Cerebellar degeneration,43,0.8978463235055626,0.3775866155260622,uniform,0,availability,T1ax+T2cor,2,-1
Mega cisterna magna,23,0.7569224328688475,0.03995701394499134,uniform,0,availability,T1ax+T2cor,2,-1
Structure of cave of septum pellucidum,22,0.648890971571384,0.05288591886663875,uniform,0,availability,T1ax+T2cor,2,-1
Cerebral infarction,42,0.9131574581051933,0.322160454548581,uniform,0,availability,T1ax+FLAIRax,2,-1
Demyelinating disease of central nervous system,21,0.7361983254840397,0.13498947277441936,uniform,0,availability,T1ax+FLAIRax,2,-1
Lacunar infarct,21,0.8978937728937728,0.11515518119565214,uniform,0,availability,T1ax+FLAIRax,2,-1
Gliosis,451,0.764346503114154,0.6035939671463935,uniform,0,availability,T1ax+FLAIRax,2,-1
Cerebral atrophy,213,0.9515882213109883,0.7740005555414924,uniform,0,availability,T1ax+FLAIRax,2,-1
Encephalomalacia,25,0.8797796143250689,0.24699041768699098,uniform,0,availability,T1ax+FLAIRax,2,-1
Arachnoid cyst,69,0.6702692687747036,0.09003171139785825,uniform,0,availability,T1ax+FLAIRax,2,-1
Empty sella syndrome,82,0.6830579596118542,0.13370492646415466,uniform,0,availability,T1ax+FLAIRax,2,-1
Cerebral edema,23,0.8223790443155314,0.1606599064969951,uniform,0,availability,T1ax+FLAIRax,2,-1
Mastoiditis,23,0.6382393397524071,0.040974787367686547,uniform,0,availability,T1ax+FLAIRax,2,-1
Chronic mastoiditis,37,0.7626313813813814,0.05657030228898739,uniform,0,availability,T1ax+FLAIRax,2,-1
Ventriculomegaly,131,0.8834204825153409,0.4429562798724274,uniform,0,availability,T1ax+FLAIRax,2,-1
Cerebellar degeneration,43,0.9085822710907853,0.3598591988164528,uniform,0,availability,T1ax+FLAIRax,2,-1
Mega cisterna magna,23,0.7739967705280784,0.05896398190186173,uniform,0,availability,T1ax+FLAIRax,2,-1
Structure of cave of septum pellucidum,22,0.6279287722586693,0.04680530788579269,uniform,0,availability,T1ax+FLAIRax,2,-1
Cerebral infarction,42,0.9099883855981418,0.2731222654532939,uniform,0,availability,T1ax+T2ax,2,-1
Demyelinating disease of central nervous system,21,0.7377681841967557,0.1502253371131472,uniform,0,availability,T1ax+T2ax,2,-1
Lacunar infarct,21,0.9027341705913134,0.12030164464468653,uniform,0,availability,T1ax+T2ax,2,-1
Gliosis,451,0.7686449432277418,0.6011127560098943,uniform,0,availability,T1ax+T2ax,2,-1
Cerebral atrophy,213,0.9437771141617639,0.7403944135149532,uniform,0,availability,T1ax+T2ax,2,-1
Encephalomalacia,25,0.8800550964187328,0.1857876222772309,uniform,0,availability,T1ax+T2ax,2,-1
Arachnoid cyst,69,0.6624361824769432,0.08677528263733536,uniform,0,availability,T1ax+T2ax,2,-1
Empty sella syndrome,82,0.6829705393828132,0.149743962105839,uniform,0,availability,T1ax+T2ax,2,-1
Cerebral edema,23,0.8093116440404282,0.14718259341218098,uniform,0,availability,T1ax+T2ax,2,-1
Mastoiditis,23,0.6697864960229651,0.03477664147446376,uniform,0,availability,T1ax+T2ax,2,-1
Chronic mastoiditis,37,0.7547297297297297,0.055391731979094506,uniform,0,availability,T1ax+T2ax,2,-1
Ventriculomegaly,131,0.8694974082097933,0.43587495399966864,uniform,0,availability,T1ax+T2ax,2,-1
Cerebellar degeneration,43,0.8915377379909831,0.36615765350890933,uniform,0,availability,T1ax+T2ax,2,-1
Mega cisterna magna,23,0.7779140003588303,0.049914417266685954,uniform,0,availability,T1ax+T2ax,2,-1
Structure of cave of septum pellucidum,22,0.6362386754139331,0.04420596730368922,uniform,0,availability,T1ax+T2ax,2,-1
Cerebral infarction,42,0.9178198108511697,0.28439960459038,uniform,0,availability,T2ax+FLAIRax+T2cor,3,-1
Demyelinating disease of central nervous system,21,0.7358058608058606,0.15634018348662546,uniform,0,availability,T2ax+FLAIRax+T2cor,3,-1
Lacunar infarct,21,0.9107796964939823,0.1216129078101015,uniform,0,availability,T2ax+FLAIRax+T2cor,3,-1
Gliosis,451,0.7692824695392089,0.6167418729746141,uniform,0,availability,T2ax+FLAIRax+T2cor,3,-1
Cerebral atrophy,213,0.9530033576989363,0.774436122635368,uniform,0,availability,T2ax+FLAIRax+T2cor,3,-1
Encephalomalacia,25,0.870909090909091,0.23294858910982139,uniform,0,availability,T2ax+FLAIRax+T2cor,3,-1
Arachnoid cyst,69,0.6738615777338604,0.0976426682118215,uniform,0,availability,T2ax+FLAIRax+T2cor,3,-1
Empty sella syndrome,82,0.684098260337442,0.14332819693157792,uniform,0,availability,T2ax+FLAIRax+T2cor,3,-1
Cerebral edema,23,0.844596615034986,0.2066999734051195,uniform,0,availability,T2ax+FLAIRax+T2cor,3,-1
Mastoiditis,23,0.6394952454996711,0.035019989968826465,uniform,0,availability,T2ax+FLAIRax+T2cor,3,-1
Chronic mastoiditis,37,0.7471096096096097,0.056754938008815044,uniform,0,availability,T2ax+FLAIRax+T2cor,3,-1
Ventriculomegaly,131,0.8808627201887412,0.4423832036327957,uniform,0,availability,T2ax+FLAIRax+T2cor,3,-1
Cerebellar degeneration,43,0.8954785767571599,0.35525127387905264,uniform,0,availability,T2ax+FLAIRax+T2cor,3,-1
Mega cisterna magna,23,0.7542611087853597,0.04774097339678308,uniform,0,availability,T2ax+FLAIRax+T2cor,3,-1
Structure of cave of septum pellucidum,22,0.6610121836925961,0.05192015743165451,uniform,0,availability,T2ax+FLAIRax+T2cor,3,-1
Cerebral infarction,42,0.9176870748299318,0.3141073106635498,uniform,0,availability,T1ax+FLAIRax+T2cor,3,-1
Demyelinating disease of central nervous system,21,0.7485609628466772,0.16999646207791622,uniform,0,availability,T1ax+FLAIRax+T2cor,3,-1
Lacunar infarct,21,0.9049908424908424,0.12301140443582821,uniform,0,availability,T1ax+FLAIRax+T2cor,3,-1
Gliosis,451,0.7689258870260154,0.6163144686304802,uniform,0,availability,T1ax+FLAIRax+T2cor,3,-1
Cerebral atrophy,213,0.9535307838592738,0.7813198653756622,uniform,0,availability,T1ax+FLAIRax+T2cor,3,-1
Encephalomalacia,25,0.8738567493112948,0.2634547540095344,uniform,0,availability,T1ax+FLAIRax+T2cor,3,-1
Arachnoid cyst,69,0.6714838603425559,0.09195137399919151,uniform,0,availability,T1ax+FLAIRax+T2cor,3,-1
Empty sella syndrome,82,0.6847539120552495,0.13902896279402113,uniform,0,availability,T1ax+FLAIRax+T2cor,3,-1
Cerebral edema,23,0.827611984929131,0.19855525901830262,uniform,0,availability,T1ax+FLAIRax+T2cor,3,-1
Mastoiditis,23,0.6372226541474793,0.04121270908237353,uniform,0,availability,T1ax+FLAIRax+T2cor,3,-1
Chronic mastoiditis,37,0.7627815315315316,0.05826146350578726,uniform,0,availability,T1ax+FLAIRax+T2cor,3,-1
Ventriculomegaly,131,0.8842201376994885,0.44927130028185225,uniform,0,availability,T1ax+FLAIRax+T2cor,3,-1
Cerebellar degeneration,43,0.9059712626901495,0.37820188366702867,uniform,0,availability,T1ax+FLAIRax+T2cor,3,-1
Mega cisterna magna,23,0.7589558040787034,0.050188088247378033,uniform,0,availability,T1ax+FLAIRax+T2cor,3,-1
Structure of cave of septum pellucidum,22,0.6499843798812871,0.05191877696724718,uniform,0,availability,T1ax+FLAIRax+T2cor,3,-1
Cerebral infarction,42,0.9155632984901277,0.2795643451870759,uniform,0,availability,T1ax+T2ax+T2cor,3,-1
Demyelinating disease of central nervous system,21,0.7525510204081632,0.16280903743249137,uniform,0,availability,T1ax+T2ax+T2cor,3,-1
Lacunar infarct,21,0.9079016221873364,0.12750906494666697,uniform,0,availability,T1ax+T2ax+T2cor,3,-1
Gliosis,451,0.7714500589981976,0.6145861575419831,uniform,0,availability,T1ax+T2ax+T2cor,3,-1
Cerebral atrophy,213,0.9478293813513995,0.7581621044846425,uniform,0,availability,T1ax+T2ax+T2cor,3,-1
Encephalomalacia,25,0.8712947658402204,0.1925939435336309,uniform,0,availability,T1ax+T2ax+T2cor,3,-1
Arachnoid cyst,69,0.6689929183135706,0.09201795384929819,uniform,0,availability,T1ax+T2ax+T2cor,3,-1
Empty sella syndrome,82,0.6843954891161814,0.1490837980918979,uniform,0,availability,T1ax+T2ax+T2cor,3,-1
Cerebral edema,23,0.8201363554811315,0.16623351481499365,uniform,0,availability,T1ax+T2ax+T2cor,3,-1
Mastoiditis,23,0.6582740266730459,0.035809173401587666,uniform,0,availability,T1ax+T2ax+T2cor,3,-1
Chronic mastoiditis,37,0.7553115615615617,0.0567024343291637,uniform,0,availability,T1ax+T2ax+T2cor,3,-1
Ventriculomegaly,131,0.8731043635085013,0.4366959430137194,uniform,0,availability,T1ax+T2ax+T2cor,3,-1
Cerebellar degeneration,43,0.8921053485128604,0.36831061471739635,uniform,0,availability,T1ax+T2ax+T2cor,3,-1
Mega cisterna magna,23,0.7625142036959511,0.042533252568245306,uniform,0,availability,T1ax+T2ax+T2cor,3,-1
Structure of cave of septum pellucidum,22,0.6546391752577321,0.048476766021498335,uniform,0,availability,T1ax+T2ax+T2cor,3,-1
Cerebral infarction,42,0.913704994192799,0.287989674635719,uniform,0,availability,T1ax+T2ax+FLAIRax,3,-1
Demyelinating disease of central nervous system,21,0.7340070643642073,0.15617953441467347,uniform,0,availability,T1ax+T2ax+FLAIRax,3,-1
Lacunar infarct,21,0.903748037676609,0.11518857225359422,uniform,0,availability,T1ax+T2ax+FLAIRax,3,-1
Gliosis,451,0.7681457277092708,0.6075293746733657,uniform,0,availability,T1ax+T2ax+FLAIRax,3,-1
Cerebral atrophy,213,0.9519410768407917,0.7716047289420619,uniform,0,availability,T1ax+T2ax+FLAIRax,3,-1
Encephalomalacia,25,0.8820385674931129,0.22363408948983993,uniform,0,availability,T1ax+T2ax+FLAIRax,3,-1
Arachnoid cyst,69,0.6714735671936759,0.09118895974472543,uniform,0,availability,T1ax+T2ax+FLAIRax,3,-1
Empty sella syndrome,82,0.6845178774368389,0.14302986029010764,uniform,0,availability,T1ax+T2ax+FLAIRax,3,-1
Cerebral edema,23,0.830363016565995,0.17527766572811443,uniform,0,availability,T1ax+T2ax+FLAIRax,3,-1
Mastoiditis,23,0.6503797619759584,0.03567037086619972,uniform,0,availability,T1ax+T2ax+FLAIRax,3,-1
Chronic mastoiditis,37,0.7583333333333334,0.05673686649180344,uniform,0,availability,T1ax+T2ax+FLAIRax,3,-1
Ventriculomegaly,131,0.8799609813640643,0.44641658870174294,uniform,0,availability,T1ax+T2ax+FLAIRax,3,-1
Cerebellar degeneration,43,0.9012357691933444,0.3675699357274985,uniform,0,availability,T1ax+T2ax+FLAIRax,3,-1
Mega cisterna magna,23,0.7723820345673106,0.05443917944799113,uniform,0,availability,T1ax+T2ax+FLAIRax,3,-1
Structure of cave of septum pellucidum,22,0.6432052483598876,0.0461629282085137,uniform,0,availability,T1ax+T2ax+FLAIRax,3,-1
Cerebral infarction,42,0.9169238427078148,0.29122970777274626,uniform,0,availability,T1ax+T2ax+FLAIRax+T2cor,4,-1
Demyelinating disease of central nervous system,21,0.744832548403977,0.16085594036260215,uniform,0,availability,T1ax+T2ax+FLAIRax+T2cor,4,-1
Lacunar infarct,21,0.9078689167974882,0.1248108557383774,uniform,0,availability,T1ax+T2ax+FLAIRax+T2cor,4,-1
Gliosis,451,0.770574811011268,0.6155574503643667,uniform,0,availability,T1ax+T2ax+FLAIRax+T2cor,4,-1
Cerebral atrophy,213,0.9529625007428537,0.7761664622689053,uniform,0,availability,T1ax+T2ax+FLAIRax+T2cor,4,-1
Encephalomalacia,25,0.8762809917355372,0.231960057293222,uniform,0,availability,T1ax+T2ax+FLAIRax+T2cor,4,-1
Arachnoid cyst,69,0.6719470520421608,0.09316466020996833,uniform,0,availability,T1ax+T2ax+FLAIRax+T2cor,4,-1
Empty sella syndrome,82,0.6844829093452225,0.14312620878721133,uniform,0,availability,T1ax+T2ax+FLAIRax+T2cor,4,-1
Cerebral edema,23,0.8324262902936427,0.17720571885746075,uniform,0,availability,T1ax+T2ax+FLAIRax+T2cor,4,-1
Mastoiditis,23,0.6467316548053346,0.035657089801714975,uniform,0,availability,T1ax+T2ax+FLAIRax+T2cor,4,-1
Chronic mastoiditis,37,0.7591403903903904,0.0577669881060799,uniform,0,availability,T1ax+T2ax+FLAIRax+T2cor,4,-1
Ventriculomegaly,131,0.8809988317094473,0.4472625761930837,uniform,0,availability,T1ax+T2ax+FLAIRax+T2cor,4,-1
Cerebellar degeneration,43,0.899500502740748,0.36751699664615706,uniform,0,availability,T1ax+T2ax+FLAIRax+T2cor,4,-1
Mega cisterna magna,23,0.7639794270677591,0.050294752440031676,uniform,0,availability,T1ax+T2ax+FLAIRax+T2cor,4,-1
Structure of cave of septum pellucidum,22,0.6542330521711965,0.04953172991431587,uniform,0,availability,T1ax+T2ax+FLAIRax+T2cor,4,-1
Cerebral infarction,42,0.9067529450804712,0.2949633126876018,uniform,0,budget,all4,1,1
Demyelinating disease of central nervous system,21,0.7303767660910518,0.1490451282970035,uniform,0,budget,all4,1,1
Lacunar infarct,21,0.888507326007326,0.11726297013783618,uniform,0,budget,all4,1,1
Gliosis,451,0.761830975566534,0.5901187426463671,uniform,0,budget,all4,1,1
Cerebral atrophy,213,0.9361740060616867,0.7183947838737674,uniform,0,budget,all4,1,1
Encephalomalacia,25,0.8688980716253444,0.2014893884283367,uniform,0,budget,all4,1,1
Arachnoid cyst,69,0.6484683794466403,0.07792531872534925,uniform,0,budget,all4,1,1
Empty sella syndrome,82,0.6804528367864323,0.1340690741322157,uniform,0,budget,all4,1,1
Cerebral edema,23,0.7709168111955027,0.1278966729130273,uniform,0,budget,all4,1,1
Mastoiditis,23,0.6638059924645655,0.038627141452532696,uniform,0,budget,all4,1,1
Chronic mastoiditis,37,0.7375375375375376,0.05534360341040783,uniform,0,budget,all4,1,1
Ventriculomegaly,131,0.8679661536018511,0.42594787411439955,uniform,0,budget,all4,1,1
Cerebellar degeneration,43,0.9008465505497714,0.3528390508849079,uniform,0,budget,all4,1,1
Mega cisterna magna,23,0.7859278751270856,0.05109697337536302,uniform,0,budget,all4,1,1
Structure of cave of septum pellucidum,22,0.5949390815370197,0.04455887415786444,uniform,0,budget,all4,1,1
Cerebral infarction,42,0.9099883855981418,0.2731222654532939,uniform,0,budget,all4,2,2
Demyelinating disease of central nervous system,21,0.7377681841967557,0.1502253371131472,uniform,0,budget,all4,2,2
Lacunar infarct,21,0.9027341705913134,0.12030164464468653,uniform,0,budget,all4,2,2
Gliosis,451,0.7686449432277418,0.6011127560098943,uniform,0,budget,all4,2,2
Cerebral atrophy,213,0.9437771141617639,0.7403944135149532,uniform,0,budget,all4,2,2
Encephalomalacia,25,0.8800550964187328,0.1857876222772309,uniform,0,budget,all4,2,2
Arachnoid cyst,69,0.6624361824769432,0.08677528263733536,uniform,0,budget,all4,2,2
Empty sella syndrome,82,0.6829705393828132,0.149743962105839,uniform,0,budget,all4,2,2
Cerebral edema,23,0.8093116440404282,0.14718259341218098,uniform,0,budget,all4,2,2
Mastoiditis,23,0.6697864960229651,0.03477664147446376,uniform,0,budget,all4,2,2
Chronic mastoiditis,37,0.7547297297297297,0.055391731979094506,uniform,0,budget,all4,2,2
Ventriculomegaly,131,0.8694974082097933,0.43587495399966864,uniform,0,budget,all4,2,2
Cerebellar degeneration,43,0.8915377379909831,0.36615765350890933,uniform,0,budget,all4,2,2
Mega cisterna magna,23,0.7779140003588303,0.049914417266685954,uniform,0,budget,all4,2,2
Structure of cave of septum pellucidum,22,0.6362386754139331,0.04420596730368922,uniform,0,budget,all4,2,2
Cerebral infarction,42,0.913704994192799,0.287989674635719,uniform,0,budget,all4,3,3
Demyelinating disease of central nervous system,21,0.7340070643642073,0.15617953441467347,uniform,0,budget,all4,3,3
Lacunar infarct,21,0.903748037676609,0.11518857225359422,uniform,0,budget,all4,3,3
Gliosis,451,0.7681457277092708,0.6075293746733657,uniform,0,budget,all4,3,3
Cerebral atrophy,213,0.9519410768407917,0.7716047289420619,uniform,0,budget,all4,3,3
Encephalomalacia,25,0.8820385674931129,0.22363408948983993,uniform,0,budget,all4,3,3
Arachnoid cyst,69,0.6714735671936759,0.09118895974472543,uniform,0,budget,all4,3,3
Empty sella syndrome,82,0.6845178774368389,0.14302986029010764,uniform,0,budget,all4,3,3
Cerebral edema,23,0.830363016565995,0.17527766572811443,uniform,0,budget,all4,3,3
Mastoiditis,23,0.6503797619759584,0.03567037086619972,uniform,0,budget,all4,3,3
Chronic mastoiditis,37,0.7583333333333334,0.05673686649180344,uniform,0,budget,all4,3,3
Ventriculomegaly,131,0.8799609813640643,0.44641658870174294,uniform,0,budget,all4,3,3
Cerebellar degeneration,43,0.9012357691933444,0.3675699357274985,uniform,0,budget,all4,3,3
Mega cisterna magna,23,0.7723820345673106,0.05443917944799113,uniform,0,budget,all4,3,3
Structure of cave of septum pellucidum,22,0.6432052483598876,0.0461629282085137,uniform,0,budget,all4,3,3
Cerebral infarction,42,0.9169238427078148,0.29122970777274626,uniform,0,budget,all4,4,4
Demyelinating disease of central nervous system,21,0.744832548403977,0.16085594036260215,uniform,0,budget,all4,4,4
Lacunar infarct,21,0.9078689167974882,0.1248108557383774,uniform,0,budget,all4,4,4
Gliosis,451,0.770574811011268,0.6155574503643667,uniform,0,budget,all4,4,4
Cerebral atrophy,213,0.9529625007428537,0.7761664622689053,uniform,0,budget,all4,4,4
Encephalomalacia,25,0.8762809917355372,0.231960057293222,uniform,0,budget,all4,4,4
Arachnoid cyst,69,0.6719470520421608,0.09316466020996833,uniform,0,budget,all4,4,4
Empty sella syndrome,82,0.6844829093452225,0.14312620878721133,uniform,0,budget,all4,4,4
Cerebral edema,23,0.8324262902936427,0.17720571885746075,uniform,0,budget,all4,4,4
Mastoiditis,23,0.6467316548053346,0.035657089801714975,uniform,0,budget,all4,4,4
Chronic mastoiditis,37,0.7591403903903904,0.0577669881060799,uniform,0,budget,all4,4,4
Ventriculomegaly,131,0.8809988317094473,0.4472625761930837,uniform,0,budget,all4,4,4
Cerebellar degeneration,43,0.899500502740748,0.36751699664615706,uniform,0,budget,all4,4,4
Mega cisterna magna,23,0.7639794270677591,0.050294752440031676,uniform,0,budget,all4,4,4
Structure of cave of septum pellucidum,22,0.6542330521711965,0.04953172991431587,uniform,0,budget,all4,4,4
Cerebral infarction,42,0.9164260826281733,0.29525335164366573,patient,0,availability,T2cor,1,-1
Demyelinating disease of central nervous system,21,0.7447344322344323,0.17662161510316643,patient,0,availability,T2cor,1,-1
Lacunar infarct,21,0.9048273155416012,0.1344422016318065,patient,0,availability,T2cor,1,-1
Gliosis,451,0.7584358778197033,0.6064810686029101,patient,0,availability,T2cor,1,-1
Cerebral atrophy,213,0.9344060141439353,0.7215158967274223,patient,0,availability,T2cor,1,-1
Encephalomalacia,25,0.8303030303030303,0.16067553108181915,patient,0,availability,T2cor,1,-1
Arachnoid cyst,69,0.681746129776021,0.10833230967290444,patient,0,availability,T2cor,1,-1
Empty sella syndrome,82,0.6696127283853484,0.12239955562198143,patient,0,availability,T2cor,1,-1
Cerebral edema,23,0.8076072005262843,0.17942353096056804,patient,0,availability,T2cor,1,-1
Mastoiditis,23,0.5957179594521858,0.03899129183905293,patient,0,availability,T2cor,1,-1
Chronic mastoiditis,37,0.761936936936937,0.09785827510115745,patient,0,availability,T2cor,1,-1
Ventriculomegaly,131,0.8497725803341538,0.375430821746952,patient,0,availability,T2cor,1,-1
Cerebellar degeneration,43,0.8808666601796893,0.3011007884408231,patient,0,availability,T2cor,1,-1
Mega cisterna magna,23,0.701752287542611,0.03459591216903262,patient,0,availability,T2cor,1,-1
Structure of cave of septum pellucidum,22,0.6938144329896907,0.06341388422741873,patient,0,availability,T2cor,1,-1
Cerebral infarction,42,0.9143852663016426,0.3010781538857244,patient,0,availability,FLAIRax,1,-1
Demyelinating disease of central nervous system,21,0.7421180010465724,0.0702034333843101,patient,0,availability,FLAIRax,1,-1
Lacunar infarct,21,0.9002812663526949,0.1014661310718667,patient,0,availability,FLAIRax,1,-1
Gliosis,451,0.7581679006582729,0.5959913380074637,patient,0,availability,FLAIRax,1,-1
Cerebral atrophy,213,0.9512465085873892,0.7848831556011512,patient,0,availability,FLAIRax,1,-1
Encephalomalacia,25,0.8697245179063361,0.2242196483567848,patient,0,availability,FLAIRax,1,-1
Arachnoid cyst,69,0.6841032608695652,0.11419612018586095,patient,0,availability,FLAIRax,1,-1
Empty sella syndrome,82,0.6766850249147652,0.13039987621202825,patient,0,availability,FLAIRax,1,-1
Cerebral edema,23,0.8512648765026015,0.21335775404692134,patient,0,availability,FLAIRax,1,-1
Mastoiditis,23,0.6338137671191915,0.04974604944498041,patient,0,availability,FLAIRax,1,-1
Chronic mastoiditis,37,0.7443130630630631,0.060314803463122596,patient,0,availability,FLAIRax,1,-1
Ventriculomegaly,131,0.8783049578621416,0.4340505166382454,patient,0,availability,FLAIRax,1,-1
Cerebellar degeneration,43,0.9038305601504979,0.3447047965592355,patient,0,availability,FLAIRax,1,-1
Mega cisterna magna,23,0.7427785419532325,0.05002305537156187,patient,0,availability,FLAIRax,1,-1
Structure of cave of septum pellucidum,22,0.6682599187753826,0.05721657904842013,patient,0,availability,FLAIRax,1,-1
Cerebral infarction,42,0.9096067695370831,0.27370813099068014,patient,0,availability,T2ax,1,-1
Demyelinating disease of central nervous system,21,0.7831959706959708,0.08908104954271516,patient,0,availability,T2ax,1,-1
Lacunar infarct,21,0.9088827838827839,0.11771773778693027,patient,0,availability,T2ax,1,-1
Gliosis,451,0.7618374588849557,0.5850864209036665,patient,0,availability,T2ax,1,-1
Cerebral atrophy,213,0.9389819932251737,0.7223991820597147,patient,0,availability,T2ax,1,-1
Encephalomalacia,25,0.8669146005509641,0.12514370567551675,patient,0,availability,T2ax,1,-1
Arachnoid cyst,69,0.6820034584980237,0.11215742883703123,patient,0,availability,T2ax,1,-1
Empty sella syndrome,82,0.6830055074744296,0.1478660916544611,patient,0,availability,T2ax,1,-1
Cerebral edema,23,0.8216314813707314,0.18969582355870715,patient,0,availability,T2ax,1,-1
Mastoiditis,23,0.6635966748400215,0.04451457658111292,patient,0,availability,T2ax,1,-1
Chronic mastoiditis,37,0.7492304804804805,0.0651329873937616,patient,0,availability,T2ax,1,-1
Ventriculomegaly,131,0.8538332407018818,0.4043753553362077,patient,0,availability,T2ax,1,-1
Cerebellar degeneration,43,0.8806233985274561,0.3618427191384102,patient,0,availability,T2ax,1,-1
Mega cisterna magna,23,0.7357813527899049,0.04531044398334564,patient,0,availability,T2ax,1,-1
Structure of cave of septum pellucidum,22,0.6653545766947829,0.06907292080906924,patient,0,availability,T2ax,1,-1
Cerebral infarction,42,0.9089762734362038,0.32066633945878753,patient,0,availability,T1ax,1,-1
Demyelinating disease of central nervous system,21,0.7495421245421245,0.10910185600199376,patient,0,availability,T1ax,1,-1
Lacunar infarct,21,0.8884419152276296,0.11836867483707986,patient,0,availability,T1ax,1,-1
Gliosis,451,0.7608628000155601,0.5850658764707324,patient,0,availability,T1ax,1,-1
Cerebral atrophy,213,0.9359325785939264,0.7131565716644943,patient,0,availability,T1ax,1,-1
Encephalomalacia,25,0.8615151515151516,0.16697922639830642,patient,0,availability,T1ax,1,-1
Arachnoid cyst,69,0.6672327898550724,0.07991110713447697,patient,0,availability,T1ax,1,-1
Empty sella syndrome,82,0.6773057085409563,0.1346846962018602,patient,0,availability,T1ax,1,-1
Cerebral edema,23,0.7672687040248789,0.13314529754666996,patient,0,availability,T1ax,1,-1
Mastoiditis,23,0.6496022965133663,0.041587291252818445,patient,0,availability,T1ax,1,-1
Chronic mastoiditis,37,0.7368055555555555,0.06441811438355649,patient,0,availability,T1ax,1,-1
Ventriculomegaly,131,0.8587502693873847,0.3986745720105186,patient,0,availability,T1ax,1,-1
Cerebellar degeneration,43,0.9040900392462132,0.3560664238940768,patient,0,availability,T1ax,1,-1
Mega cisterna magna,23,0.7780635129477902,0.04762986854254942,patient,0,availability,T1ax,1,-1
Structure of cave of septum pellucidum,22,0.6131208997188379,0.0509201288320768,patient,0,availability,T1ax,1,-1
Cerebral infarction,42,0.9229301476688236,0.3218608846232245,patient,0,availability,FLAIRax+T2cor,2,-1
Demyelinating disease of central nervous system,21,0.7444073783359497,0.16374951173793434,patient,0,availability,FLAIRax+T2cor,2,-1
Lacunar infarct,21,0.9079016221873365,0.1223192418549376,patient,0,availability,FLAIRax+T2cor,2,-1
Gliosis,451,0.7638386431711207,0.6067970952591328,patient,0,availability,FLAIRax+T2cor,2,-1
Cerebral atrophy,213,0.951577078504784,0.7805767032939721,patient,0,availability,FLAIRax+T2cor,2,-1
Encephalomalacia,25,0.8674380165289256,0.24628722279816337,patient,0,availability,FLAIRax+T2cor,2,-1
Arachnoid cyst,69,0.6853796113306984,0.11026172890590233,patient,0,availability,FLAIRax+T2cor,2,-1
Empty sella syndrome,82,0.6759681790366291,0.1314643443065504,patient,0,availability,FLAIRax+T2cor,2,-1
Cerebral edema,23,0.8525506847676575,0.21026668556381306,patient,0,availability,FLAIRax+T2cor,2,-1
Mastoiditis,23,0.639614855570839,0.05024420181643803,patient,0,availability,FLAIRax+T2cor,2,-1
Chronic mastoiditis,37,0.7697072072072072,0.08002115602989608,patient,0,availability,FLAIRax+T2cor,2,-1
Ventriculomegaly,131,0.8746980025634337,0.43452576686744426,patient,0,availability,FLAIRax+T2cor,2,-1
Cerebellar degeneration,43,0.9062307417858648,0.3446591933456099,patient,0,availability,FLAIRax+T2cor,2,-1
Mega cisterna magna,23,0.7402667304587046,0.046031419665544956,patient,0,availability,FLAIRax+T2cor,2,-1
Structure of cave of septum pellucidum,22,0.6856294907841299,0.05772665575532875,patient,0,availability,FLAIRax+T2cor,2,-1
Cerebral infarction,42,0.9189148830263812,0.2907813238089644,patient,0,availability,T2ax+T2cor,2,-1
Demyelinating disease of central nervous system,21,0.7804814233385662,0.1349424430557937,patient,0,availability,T2ax+T2cor,2,-1
Lacunar infarct,21,0.9134942438513867,0.12880909232617016,patient,0,availability,T2ax+T2cor,2,-1
Gliosis,451,0.7651007291572118,0.5991441713615392,patient,0,availability,T2ax+T2cor,2,-1
Cerebral atrophy,213,0.9427816901408451,0.7401083174166129,patient,0,availability,T2ax+T2cor,2,-1
Encephalomalacia,25,0.8639118457300275,0.16301490140679506,patient,0,availability,T2ax+T2cor,2,-1
Arachnoid cyst,69,0.6850605237154151,0.1051518739453764,patient,0,availability,T2ax+T2cor,2,-1
Empty sella syndrome,82,0.6804091266719119,0.14262221553555168,patient,0,availability,T2ax+T2cor,2,-1
Cerebral edema,23,0.8329645356138986,0.17743887441670686,patient,0,availability,T2ax+T2cor,2,-1
Mastoiditis,23,0.6530410860594461,0.044299009785495044,patient,0,availability,T2ax+T2cor,2,-1
Chronic mastoiditis,37,0.7644331831831832,0.07151227699438614,patient,0,availability,T2ax+T2cor,2,-1
Ventriculomegaly,131,0.8570942458854621,0.4013917557724676,patient,0,availability,T2ax+T2cor,2,-1
Cerebellar degeneration,43,0.8833803639194318,0.37810195476815217,patient,0,availability,T2ax+T2cor,2,-1
Mega cisterna magna,23,0.7324920758327851,0.041345271859049806,patient,0,availability,T2ax+T2cor,2,-1
Structure of cave of septum pellucidum,22,0.6762886597938145,0.06795176180773269,patient,0,availability,T2ax+T2cor,2,-1
Cerebral infarction,42,0.9164758586361373,0.2809547041627891,patient,0,availability,T2ax+FLAIRax,2,-1
Demyelinating disease of central nervous system,21,0.7628205128205129,0.10375740277480117,patient,0,availability,T2ax+FLAIRax,2,-1
Lacunar infarct,21,0.9086865515436944,0.1179816797501794,patient,0,availability,T2ax+FLAIRax,2,-1
Gliosis,451,0.7649191962414043,0.5989914711146702,patient,0,availability,T2ax+FLAIRax,2,-1
Cerebral atrophy,213,0.950681939739704,0.7723194491645274,patient,0,availability,T2ax+FLAIRax,2,-1
Encephalomalacia,25,0.8735261707988982,0.17326917493522664,patient,0,availability,T2ax+FLAIRax,2,-1
Arachnoid cyst,69,0.6822813735177866,0.11334436607918222,patient,0,availability,T2ax+FLAIRax,2,-1
Empty sella syndrome,82,0.6819564647259375,0.14272985450568962,patient,0,availability,T2ax+FLAIRax,2,-1
Cerebral edema,23,0.8420249985048741,0.2115253227904486,patient,0,availability,T2ax+FLAIRax,2,-1
Mastoiditis,23,0.6540577716643741,0.04484583830238229,patient,0,availability,T2ax+FLAIRax,2,-1
Chronic mastoiditis,37,0.7599662162162162,0.06745127754786456,patient,0,availability,T2ax+FLAIRax,2,-1
Ventriculomegaly,131,0.8716128080940984,0.42946767395901314,patient,0,availability,T2ax+FLAIRax,2,-1
Cerebellar degeneration,43,0.8969543641140411,0.37434194022675327,patient,0,availability,T2ax+FLAIRax,2,-1
Mega cisterna magna,23,0.7464565516416481,0.04937945563874041,patient,0,availability,T2ax+FLAIRax,2,-1
Structure of cave of septum pellucidum,22,0.6807872539831302,0.05827933735221097,patient,0,availability,T2ax+FLAIRax,2,-1
Cerebral infarction,42,0.9211713953874233,0.3434112956448592,patient,0,availability,T1ax+T2cor,2,-1
Demyelinating disease of central nervous system,21,0.7666470434327577,0.1633843033177834,patient,0,availability,T1ax+T2cor,2,-1
Lacunar infarct,21,0.9060701203558347,0.14192331397546296,patient,0,availability,T1ax+T2cor,2,-1
Gliosis,451,0.7676443510846591,0.6089147846907829,patient,0,availability,T1ax+T2cor,2,-1
Cerebral atrophy,213,0.9450399655315862,0.758979430437463,patient,0,availability,T1ax+T2cor,2,-1
Encephalomalacia,25,0.8587603305785124,0.1970516873428092,patient,0,availability,T1ax+T2cor,2,-1
Arachnoid cyst,69,0.6799139492753623,0.10100330785436341,patient,0,availability,T1ax+T2cor,2,-1
Empty sella syndrome,82,0.6774280968616138,0.1400340717230463,patient,0,availability,T1ax+T2cor,2,-1
Cerebral edema,23,0.811614137910412,0.18046314435624583,patient,0,availability,T1ax+T2cor,2,-1
Mastoiditis,23,0.6400035883021351,0.04188785880553826,patient,0,availability,T1ax+T2cor,2,-1
Chronic mastoiditis,37,0.7533596096096097,0.07482136444757492,patient,0,availability,T1ax+T2cor,2,-1
Ventriculomegaly,131,0.8603779363224935,0.3994239148226259,patient,0,availability,T1ax+T2cor,2,-1
Cerebellar degeneration,43,0.8966624501313613,0.38383660618837556,patient,0,availability,T1ax+T2cor,2,-1
Mega cisterna magna,23,0.7453501584833442,0.03920121477709516,patient,0,availability,T1ax+T2cor,2,-1
Structure of cave of septum pellucidum,22,0.641705716963449,0.06067357092928304,patient,0,availability,T1ax+T2cor,2,-1
Cerebral infarction,42,0.9167579226812677,0.3216060479034684,patient,0,availability,T1ax+FLAIRax,2,-1
Demyelinating disease of central nervous system,21,0.7476452119309263,0.14213575174988827,patient,0,availability,T1ax+FLAIRax,2,-1
Lacunar infarct,21,0.9022762951334379,0.12154598971089552,patient,0,availability,T1ax+FLAIRax,2,-1
Gliosis,451,0.7632573056193083,0.5991454217348975,patient,0,availability,T1ax+FLAIRax,2,-1
Cerebral atrophy,213,0.9517887918226658,0.7709723003260416,patient,0,availability,T1ax+FLAIRax,2,-1
Encephalomalacia,25,0.8735812672176309,0.21174633592840406,patient,0,availability,T1ax+FLAIRax,2,-1
Arachnoid cyst,69,0.6840106225296443,0.11021687948814007,patient,0,availability,T1ax+FLAIRax,2,-1
Empty sella syndrome,82,0.6794387621295568,0.13467435226373375,patient,0,availability,T1ax+FLAIRax,2,-1
Cerebral edema,23,0.8320674600801388,0.1773263076348342,patient,0,availability,T1ax+FLAIRax,2,-1
Mastoiditis,23,0.6381197296812392,0.04948177035310791,patient,0,availability,T1ax+FLAIRax,2,-1
Chronic mastoiditis,37,0.7679992492492492,0.06663216720349263,patient,0,availability,T1ax+FLAIRax,2,-1
Ventriculomegaly,131,0.8781801889681613,0.4350567779286784,patient,0,availability,T1ax+FLAIRax,2,-1
Cerebellar degeneration,43,0.9113230190392787,0.3671468404905559,patient,0,availability,T1ax+FLAIRax,2,-1
Mega cisterna magna,23,0.7545003289276957,0.05161937383900567,patient,0,availability,T1ax+FLAIRax,2,-1
Structure of cave of septum pellucidum,22,0.65398313027179,0.054633759350986515,patient,0,availability,T1ax+FLAIRax,2,-1
Cerebral infarction,42,0.9124605939936951,0.29069088317200276,patient,0,availability,T1ax+T2ax,2,-1
Demyelinating disease of central nervous system,21,0.7797291993720564,0.11791540597244603,patient,0,availability,T1ax+T2ax,2,-1
Lacunar infarct,21,0.9051543694400838,0.12247791406439038,patient,0,availability,T1ax+T2ax,2,-1
Gliosis,451,0.7657231277256952,0.5918206523045684,patient,0,availability,T1ax+T2ax,2,-1
Cerebral atrophy,213,0.9433611160634694,0.7412752323185027,patient,0,availability,T1ax+T2ax,2,-1
Encephalomalacia,25,0.8735537190082645,0.14953928799148744,patient,0,availability,T1ax+T2ax,2,-1
Arachnoid cyst,69,0.6808815052700922,0.0975730491671803,patient,0,availability,T1ax+T2ax,2,-1
Empty sella syndrome,82,0.6823236296879098,0.14918307513593204,patient,0,availability,T1ax+T2ax,2,-1
Cerebral edema,23,0.813109263800012,0.18063496508396285,patient,0,availability,T1ax+T2ax,2,-1
Mastoiditis,23,0.6642545302314455,0.040998145094179636,patient,0,availability,T1ax+T2ax,2,-1
Chronic mastoiditis,37,0.7572072072072072,0.06450342236667216,patient,0,availability,T1ax+T2ax,2,-1
Ventriculomegaly,131,0.8595442532581695,0.4134580504232632,patient,0,availability,T1ax+T2ax,2,-1
Cerebellar degeneration,43,0.8875482468943595,0.3956110552691309,patient,0,availability,T1ax+T2ax,2,-1
Mega cisterna magna,23,0.7554273069792476,0.04730497775167653,patient,0,availability,T1ax+T2ax,2,-1
Structure of cave of septum pellucidum,22,0.654795376444861,0.05691016173188338,patient,0,availability,T1ax+T2ax,2,-1
Cerebral infarction,42,0.9215696034511365,0.29669557778814326,patient,0,availability,T2ax+FLAIRax+T2cor,3,-1
Demyelinating disease of central nervous system,21,0.7636708529565672,0.1419770304457742,patient,0,availability,T2ax+FLAIRax+T2cor,3,-1
Lacunar infarct,21,0.9121206174777603,0.12458362927885756,patient,0,availability,T2ax+FLAIRax+T2cor,3,-1
Gliosis,451,0.766511931467002,0.6047749989963672,patient,0,availability,T2ax+FLAIRax+T2cor,3,-1
Cerebral atrophy,213,0.950811939145421,0.7730872055497643,patient,0,availability,T2ax+FLAIRax+T2cor,3,-1
Encephalomalacia,25,0.8709090909090909,0.18468191852148688,patient,0,availability,T2ax+FLAIRax+T2cor,3,-1
Arachnoid cyst,69,0.6826210474308301,0.11657990321553253,patient,0,availability,T2ax+FLAIRax+T2cor,3,-1
Empty sella syndrome,82,0.6804965469009528,0.13995381799238038,patient,0,availability,T2ax+FLAIRax+T2cor,3,-1
Cerebral edema,23,0.845015250284074,0.21949028415183602,patient,0,availability,T2ax+FLAIRax+T2cor,3,-1
Mastoiditis,23,0.6492434662998625,0.051642196003127847,patient,0,availability,T2ax+FLAIRax+T2cor,3,-1
Chronic mastoiditis,37,0.7673798798798799,0.07225618740825077,patient,0,availability,T2ax+FLAIRax+T2cor,3,-1
Ventriculomegaly,131,0.8706033143155292,0.42782024428168836,patient,0,availability,T2ax+FLAIRax+T2cor,3,-1
Cerebellar degeneration,43,0.8961110570529661,0.3770894475510097,patient,0,availability,T2ax+FLAIRax+T2cor,3,-1
Mega cisterna magna,23,0.7437952275581604,0.04640663563019945,patient,0,availability,T2ax+FLAIRax+T2cor,3,-1
Structure of cave of septum pellucidum,22,0.6849422055607621,0.05896835791172634,patient,0,availability,T2ax+FLAIRax+T2cor,3,-1
Cerebral infarction,42,0.921951219512195,0.33507848519863354,patient,0,availability,T1ax+FLAIRax+T2cor,3,-1
Demyelinating disease of central nervous system,21,0.7526818419675563,0.17355766570174327,patient,0,availability,T1ax+FLAIRax+T2cor,3,-1
Lacunar infarct,21,0.9064625850340136,0.12572395926710786,patient,0,availability,T1ax+FLAIRax+T2cor,3,-1
Gliosis,451,0.7663736206740057,0.6075395580795979,patient,0,availability,T1ax+FLAIRax+T2cor,3,-1
Cerebral atrophy,213,0.9520747905152434,0.7775310896141725,patient,0,availability,T1ax+FLAIRax+T2cor,3,-1
Encephalomalacia,25,0.8720661157024793,0.24737139186303023,patient,0,availability,T1ax+FLAIRax+T2cor,3,-1
Arachnoid cyst,69,0.6831562911725955,0.10819364090168819,patient,0,availability,T1ax+FLAIRax+T2cor,3,-1
Empty sella syndrome,82,0.6781799108313663,0.1358034705951131,patient,0,availability,T1ax+FLAIRax+T2cor,3,-1
Cerebral edema,23,0.8388852341367143,0.1836258696755708,patient,0,availability,T1ax+FLAIRax+T2cor,3,-1
Mastoiditis,23,0.641020273907063,0.049728975325060404,patient,0,availability,T1ax+FLAIRax+T2cor,3,-1
Chronic mastoiditis,37,0.7739677177177178,0.07576577718217115,patient,0,availability,T1ax+FLAIRax+T2cor,3,-1
Ventriculomegaly,131,0.8753955741070518,0.437312673549676,patient,0,availability,T1ax+FLAIRax+T2cor,3,-1
Cerebellar degeneration,43,0.9077389640297103,0.36394292276474005,patient,0,availability,T1ax+FLAIRax+T2cor,3,-1
Mega cisterna magna,23,0.7489384606183841,0.04638422414454849,patient,0,availability,T1ax+FLAIRax+T2cor,3,-1
Structure of cave of septum pellucidum,22,0.6675101530771633,0.05532289259694857,patient,0,availability,T1ax+FLAIRax+T2cor,3,-1
Cerebral infarction,42,0.9189148830263812,0.3025215249086055,patient,0,availability,T1ax+T2ax+T2cor,3,-1
Demyelinating disease of central nervous system,21,0.7775706436420722,0.14562959318474486,patient,0,availability,T1ax+T2ax+T2cor,3,-1
Lacunar infarct,21,0.9102564102564102,0.13010598674147153,patient,0,availability,T1ax+T2ax+T2cor,3,-1
Gliosis,451,0.7675254902469281,0.6020368118658453,patient,0,availability,T1ax+T2ax+T2cor,3,-1
Cerebral atrophy,213,0.9453296784928983,0.7503389806230312,patient,0,availability,T1ax+T2ax+T2cor,3,-1
Encephalomalacia,25,0.8697245179063361,0.1787510022797756,patient,0,availability,T1ax+T2ax+T2cor,3,-1
Arachnoid cyst,69,0.6837224143610012,0.10057566028616013,patient,0,availability,T1ax+T2ax+T2cor,3,-1
Empty sella syndrome,82,0.6809074219774456,0.14785445307197295,patient,0,availability,T1ax+T2ax+T2cor,3,-1
Cerebral edema,23,0.8251898809879792,0.17674617594169043,patient,0,availability,T1ax+T2ax+T2cor,3,-1
Mastoiditis,23,0.656001435320854,0.051696495833664535,patient,0,availability,T1ax+T2ax+T2cor,3,-1
Chronic mastoiditis,37,0.7667417417417418,0.07428720653037525,patient,0,availability,T1ax+T2ax+T2cor,3,-1
Ventriculomegaly,131,0.8601000419677188,0.4075387212685074,patient,0,availability,T1ax+T2ax+T2cor,3,-1
Cerebellar degeneration,43,0.8879212480944504,0.3962225514383328,patient,0,availability,T1ax+T2ax+T2cor,3,-1
Mega cisterna magna,23,0.7480712876024163,0.0436915732757442,patient,0,availability,T1ax+T2ax+T2cor,3,-1
Structure of cave of septum pellucidum,22,0.6655420181193378,0.05989841627916987,patient,0,availability,T1ax+T2ax+T2cor,3,-1
Cerebral infarction,42,0.9173054587688734,0.29816837754256414,patient,0,availability,T1ax+T2ax+FLAIRax,3,-1
Demyelinating disease of central nervous system,21,0.7630985086342228,0.12732222092154227,patient,0,availability,T1ax+T2ax+FLAIRax,3,-1
Lacunar infarct,21,0.9066588173731032,0.12233433843397881,patient,0,availability,T1ax+T2ax+FLAIRax,3,-1
Gliosis,451,0.7662525987301341,0.6008996159985174,patient,0,availability,T1ax+T2ax+FLAIRax,3,-1
Cerebral atrophy,213,0.95115365186902,0.7716819895777522,patient,0,availability,T1ax+T2ax+FLAIRax,3,-1
Encephalomalacia,25,0.8760330578512396,0.1835072798395858,patient,0,availability,T1ax+T2ax+FLAIRax,3,-1
Arachnoid cyst,69,0.6815711462450593,0.11132237016687936,patient,0,availability,T1ax+T2ax+FLAIRax,3,-1
Empty sella syndrome,82,0.6822012413672524,0.1420176042117548,patient,0,availability,T1ax+T2ax+FLAIRax,3,-1
Cerebral edema,23,0.8341008312899946,0.1976303747436699,patient,0,availability,T1ax+T2ax+FLAIRax,3,-1
Mastoiditis,23,0.6555828000717661,0.051581903265684514,patient,0,availability,T1ax+T2ax+FLAIRax,3,-1
Chronic mastoiditis,37,0.7661599099099099,0.06559847181926362,patient,0,availability,T1ax+T2ax+FLAIRax,3,-1
Ventriculomegaly,131,0.8722933656976283,0.43066934063286877,patient,0,availability,T1ax+T2ax+FLAIRax,3,-1
Cerebellar degeneration,43,0.9001654179235185,0.39067419792076424,patient,0,availability,T1ax+T2ax+FLAIRax,3,-1
Mega cisterna magna,23,0.7538424735362718,0.05066624395059359,patient,0,availability,T1ax+T2ax+FLAIRax,3,-1
Structure of cave of septum pellucidum,22,0.6714776632302406,0.05396025728938036,patient,0,availability,T1ax+T2ax+FLAIRax,3,-1
Cerebral infarction,42,0.921071843371495,0.30611079202618474,patient,0,availability,T1ax+T2ax+FLAIRax+T2cor,4,-1
Demyelinating disease of central nervous system,21,0.7650117739403454,0.1490858522913634,patient,0,availability,T1ax+T2ax+FLAIRax+T2cor,4,-1
Lacunar infarct,21,0.9100274725274725,0.12636332080765064,patient,0,availability,T1ax+T2ax+FLAIRax+T2cor,4,-1
Gliosis,451,0.7674390460013052,0.6054955967832665,patient,0,availability,T1ax+T2ax+FLAIRax+T2cor,4,-1
Cerebral atrophy,213,0.9510830807630594,0.7726342328473791,patient,0,availability,T1ax+T2ax+FLAIRax+T2cor,4,-1
Encephalomalacia,25,0.8734710743801652,0.18583162078569343,patient,0,availability,T1ax+T2ax+FLAIRax+T2cor,4,-1
Arachnoid cyst,69,0.6826622200263505,0.11003703899614208,patient,0,availability,T1ax+T2ax+FLAIRax+T2cor,4,-1
Empty sella syndrome,82,0.6814843954891162,0.14127952139137911,patient,0,availability,T1ax+T2ax+FLAIRax+T2cor,4,-1
Cerebral edema,23,0.8377788409784104,0.2050283052033547,patient,0,availability,T1ax+T2ax+FLAIRax+T2cor,4,-1
Mastoiditis,23,0.6517253752765984,0.051323667327964895,patient,0,availability,T1ax+T2ax+FLAIRax+T2cor,4,-1
Chronic mastoiditis,37,0.770945945945946,0.06940098666710978,patient,0,availability,T1ax+T2ax+FLAIRax+T2cor,4,-1
Ventriculomegaly,131,0.8710967185780882,0.4275198143004839,patient,0,availability,T1ax+T2ax+FLAIRax+T2cor,4,-1
Cerebellar degeneration,43,0.8986247607927086,0.3934837378560867,patient,0,availability,T1ax+T2ax+FLAIRax+T2cor,4,-1
Mega cisterna magna,23,0.750433586507984,0.04752668817229399,patient,0,availability,T1ax+T2ax+FLAIRax+T2cor,4,-1
Structure of cave of septum pellucidum,22,0.6757575757575758,0.056325270119594324,patient,0,availability,T1ax+T2ax+FLAIRax+T2cor,4,-1
Cerebral infarction,42,0.9180355068856811,0.271081215090226,patient,0,budget,all4,1,1
Demyelinating disease of central nervous system,21,0.7597462061747776,0.09915198451514713,patient,0,budget,all4,1,1
Lacunar infarct,21,0.907312925170068,0.113250639510357,patient,0,budget,all4,1,1
Gliosis,451,0.7623366744034267,0.5953733118542206,patient,0,budget,all4,1,1
Cerebral atrophy,213,0.9427705473346407,0.7539498046955044,patient,0,budget,all4,1,1
Encephalomalacia,25,0.8712121212121211,0.1768112226780213,patient,0,budget,all4,1,1
Arachnoid cyst,69,0.6794095849802372,0.10621982484601736,patient,0,budget,all4,1,1
Empty sella syndrome,82,0.6787306582743247,0.13922583679188216,patient,0,budget,all4,1,1
Cerebral edema,23,0.827911010107051,0.18920302734859595,patient,0,budget,all4,1,1
Mastoiditis,23,0.6497219065845344,0.04523638266413556,patient,0,budget,all4,1,1
Chronic mastoiditis,37,0.7620495495495496,0.06981391200163539,patient,0,budget,all4,1,1
Ventriculomegaly,131,0.8668375622426642,0.41375126976815935,patient,0,budget,all4,1,1
Cerebellar degeneration,43,0.8875158120073952,0.3563797834901625,patient,0,budget,all4,1,1
Mega cisterna magna,23,0.7276777704682734,0.048651005186714565,patient,0,budget,all4,1,1
Structure of cave of septum pellucidum,22,0.6902842861605748,0.061383840398999114,patient,0,budget,all4,1,1
Cerebral infarction,42,0.9209059233449477,0.29860611512437757,patient,0,budget,all4,2,2
Demyelinating disease of central nervous system,21,0.7724686028257457,0.13944919449207466,patient,0,budget,all4,2,2
Lacunar infarct,21,0.9075745682888539,0.11818518830632785,patient,0,budget,all4,2,2
Gliosis,451,0.7644480751027607,0.599005832779325,patient,0,budget,all4,2,2
Cerebral atrophy,213,0.9499725144113627,0.7657644695553014,patient,0,budget,all4,2,2
Encephalomalacia,25,0.8755096418732782,0.17772138582935698,patient,0,budget,all4,2,2
Arachnoid cyst,69,0.6842267786561265,0.11532648063932742,patient,0,budget,all4,2,2
Empty sella syndrome,82,0.6834688346883468,0.14231428414494288,patient,0,budget,all4,2,2
Cerebral edema,23,0.8407092877220261,0.22590764126655746,patient,0,budget,all4,2,2
Mastoiditis,23,0.6571377309969499,0.044646021881917686,patient,0,budget,all4,2,2
Chronic mastoiditis,37,0.7628003003003003,0.06855966453799864,patient,0,budget,all4,2,2
Ventriculomegaly,131,0.8712271587854316,0.42528898485517097,patient,0,budget,all4,2,2
Cerebellar degeneration,43,0.9001978528104829,0.3799708732180624,patient,0,budget,all4,2,2
Mega cisterna magna,23,0.749357095867472,0.04868266027603276,patient,0,budget,all4,2,2
Structure of cave of septum pellucidum,22,0.6798500468603561,0.0592919099793524,patient,0,budget,all4,2,2
Cerebral infarction,42,0.923792931806869,0.32906401197369184,patient,0,budget,all4,3,3
Demyelinating disease of central nervous system,21,0.7599097331240189,0.16516417131105587,patient,0,budget,all4,3,3
Lacunar infarct,21,0.9153257456828885,0.1354821828013514,patient,0,budget,all4,3,3
Gliosis,451,0.7671624244153128,0.6041426104079628,patient,0,budget,all4,3,3
Cerebral atrophy,213,0.9489622333155049,0.7621847305649613,patient,0,budget,all4,3,3
Encephalomalacia,25,0.8696143250688705,0.1870015782247398,patient,0,budget,all4,3,3
Arachnoid cyst,69,0.6831254117259551,0.10715799001552775,patient,0,budget,all4,3,3
Empty sella syndrome,82,0.6806364192674185,0.14239987368308352,patient,0,budget,all4,3,3
Cerebral edema,23,0.828837988158603,0.20808772879964232,patient,0,budget,all4,3,3
Mastoiditis,23,0.6444291609353507,0.043372324055514555,patient,0,budget,all4,3,3
Chronic mastoiditis,37,0.7758821321321321,0.07090715482389792,patient,0,budget,all4,3,3
Ventriculomegaly,131,0.8671211279108016,0.4222797444959151,patient,0,budget,all4,3,3
Cerebellar degeneration,43,0.9001005481495897,0.38478565876022147,patient,0,budget,all4,3,3
Mega cisterna magna,23,0.7480712876024161,0.04612929045456411,patient,0,budget,all4,3,3
Structure of cave of septum pellucidum,22,0.6728522336769759,0.05747480332125208,patient,0,budget,all4,3,3
Cerebral infarction,42,0.9191803550688568,0.32007840319171704,patient,0,budget,all4,4,4
Demyelinating disease of central nervous system,21,0.7656004709576139,0.17927234735445954,patient,0,budget,all4,4,4
Lacunar infarct,21,0.9072148090005233,0.13074950748009465,patient,0,budget,all4,4,4
Gliosis,451,0.7682364941671744,0.608264141511058,patient,0,budget,all4,4,4
Cerebral atrophy,213,0.9521899328460213,0.7761843640824808,patient,0,budget,all4,4,4
Encephalomalacia,25,0.8703305785123966,0.2264894350437721,patient,0,budget,all4,4,4
Arachnoid cyst,69,0.6862648221343874,0.10674242777288581,patient,0,budget,all4,4,4
Empty sella syndrome,82,0.6813095550310342,0.14182100243817175,patient,0,budget,all4,4,4
Cerebral edema,23,0.8340709287722027,0.20164829184166783,patient,0,budget,all4,4,4
Mastoiditis,23,0.6431732551880868,0.050146135241880024,patient,0,budget,all4,4,4
Chronic mastoiditis,37,0.7715653153153154,0.07610449925487459,patient,0,budget,all4,4,4
Ventriculomegaly,131,0.8718226466885202,0.4270705589792632,patient,0,budget,all4,4,4
Cerebellar degeneration,43,0.8985923259057442,0.39551139797455576,patient,0,budget,all4,4,4
Mega cisterna magna,23,0.74977573111656,0.045735052903438815,patient,0,budget,all4,4,4
Structure of cave of septum pellucidum,22,0.6706966572945954,0.06420785581549387,patient,0,budget,all4,4,4
Cerebral infarction,42,0.9211548033847685,0.3125649619600079,finding,0,availability,T2cor,1,-1
Demyelinating disease of central nervous system,21,0.7249803767660911,0.17443867870211974,finding,0,availability,T2cor,1,-1
Lacunar infarct,21,0.9116954474097332,0.1429473643170973,finding,0,availability,T2cor,1,-1
Gliosis,451,0.7592441315162752,0.6124060309631704,finding,0,availability,T2cor,1,-1
Cerebral atrophy,213,0.9345360135496524,0.7113483308800186,finding,0,availability,T2cor,1,-1
Encephalomalacia,25,0.8365289256198347,0.1685920911721772,finding,0,availability,T2cor,1,-1
Arachnoid cyst,69,0.6837224143610015,0.09636407090181297,finding,0,availability,T2cor,1,-1
Empty sella syndrome,82,0.6688958825072121,0.11256829145291822,finding,0,availability,T2cor,1,-1
Cerebral edema,23,0.8063512947790205,0.18688789808439665,finding,0,availability,T2cor,1,-1
Mastoiditis,23,0.6150947909814006,0.03327360601535884,finding,0,availability,T2cor,1,-1
Chronic mastoiditis,37,0.7518205705705706,0.06658733162471478,finding,0,availability,T2cor,1,-1
Ventriculomegaly,131,0.8539012964622348,0.39612648191539124,finding,0,availability,T2cor,1,-1
Cerebellar degeneration,43,0.8803963543187052,0.3049716558326409,finding,0,availability,T2cor,1,-1
Mega cisterna magna,23,0.7081215238323066,0.036757242431418355,finding,0,availability,T2cor,1,-1
Structure of cave of septum pellucidum,22,0.6827866291783817,0.06002011099576049,finding,0,availability,T2cor,1,-1
Cerebral infarction,42,0.9132238261158122,0.3275714037568953,finding,0,availability,FLAIRax,1,-1
Demyelinating disease of central nervous system,21,0.714122187336473,0.11892085201773608,finding,0,availability,FLAIRax,1,-1
Lacunar infarct,21,0.9029631083202512,0.10085391391619196,finding,0,availability,FLAIRax,1,-1
Gliosis,451,0.7568323370634025,0.5926582833694496,finding,0,availability,FLAIRax,1,-1
Cerebral atrophy,213,0.9503959410471267,0.7721432584302609,finding,0,availability,FLAIRax,1,-1
Encephalomalacia,25,0.8720936639118457,0.23469053523662323,finding,0,availability,FLAIRax,1,-1
Arachnoid cyst,69,0.6791522562582345,0.1038280138129565,finding,0,availability,FLAIRax,1,-1
Empty sella syndrome,82,0.6742022904100009,0.12256551981857644,finding,0,availability,FLAIRax,1,-1
Cerebral edema,23,0.8433108067699301,0.20359606538388533,finding,0,availability,FLAIRax,1,-1
Mastoiditis,23,0.6436815979905508,0.035218403903641476,finding,0,availability,FLAIRax,1,-1
Chronic mastoiditis,37,0.7350225225225226,0.05709909303370772,finding,0,availability,FLAIRax,1,-1
Ventriculomegaly,131,0.8834885382756938,0.4380047679470669,finding,0,availability,FLAIRax,1,-1
Cerebellar degeneration,43,0.8973760176445784,0.3161269320117761,finding,0,availability,FLAIRax,1,-1
Mega cisterna magna,23,0.7441241552538724,0.06403001460553655,finding,0,availability,FLAIRax,1,-1
Structure of cave of septum pellucidum,22,0.6598562949078413,0.05005774988768958,finding,0,availability,FLAIRax,1,-1
Cerebral infarction,42,0.9114152978264477,0.2876705638463126,finding,0,availability,T2ax,1,-1
Demyelinating disease of central nervous system,21,0.7378663003663003,0.08142297158766627,finding,0,availability,T2ax,1,-1
Lacunar infarct,21,0.9144427001569859,0.12272017209360994,finding,0,availability,T2ax,1,-1
Gliosis,451,0.7625311739560776,0.5884961020834303,finding,0,availability,T2ax,1,-1
Cerebral atrophy,213,0.9364042907232424,0.6942490796810388,finding,0,availability,T2ax,1,-1
Encephalomalacia,25,0.8732231404958678,0.13606044948926127,finding,0,availability,T2ax,1,-1
Arachnoid cyst,69,0.6803874341238472,0.0992867692549041,finding,0,availability,T2ax,1,-1
Empty sella syndrome,82,0.6830929277034705,0.14094679023341677,finding,0,availability,T2ax,1,-1
Cerebral edema,23,0.8166975659350518,0.17406026925846946,finding,0,availability,T2ax,1,-1
Mastoiditis,23,0.6701453262364692,0.03617608950168323,finding,0,availability,T2ax,1,-1
Chronic mastoiditis,37,0.7151276276276276,0.057332002757661364,finding,0,availability,T2ax,1,-1
Ventriculomegaly,131,0.8560790807935301,0.40830709922750025,finding,0,availability,T2ax,1,-1
Cerebellar degeneration,43,0.8749472933086828,0.3216219552841705,finding,0,availability,T2ax,1,-1
Mega cisterna magna,23,0.7464864541594403,0.051287747781804324,finding,0,availability,T2ax,1,-1
Structure of cave of septum pellucidum,22,0.6593876913464541,0.05552681053987904,finding,0,availability,T2ax,1,-1
Cerebral infarction,42,0.9114650738344118,0.35453176486624466,finding,0,availability,T1ax,1,-1
Demyelinating disease of central nervous system,21,0.7466313448456305,0.13466341640775198,finding,0,availability,T1ax,1,-1
Lacunar infarct,21,0.8938383045525902,0.1397006367537751,finding,0,availability,T1ax,1,-1
Gliosis,451,0.762474985196423,0.5923472976081671,finding,0,availability,T1ax,1,-1
Cerebral atrophy,213,0.9368908599274975,0.7039431068896693,finding,0,availability,T1ax,1,-1
Encephalomalacia,25,0.8696143250688705,0.19950436578017808,finding,0,availability,T1ax,1,-1
Arachnoid cyst,69,0.6777009222661396,0.0878785985157238,finding,0,availability,T1ax,1,-1
Empty sella syndrome,82,0.6806801293819389,0.13040931593996916,finding,0,availability,T1ax,1,-1
Cerebral edema,23,0.7764786795048143,0.13131885754469588,finding,0,availability,T1ax,1,-1
Mastoiditis,23,0.6596196399736858,0.03575593228192141,finding,0,availability,T1ax,1,-1
Chronic mastoiditis,37,0.7271584084084085,0.05567538154516309,finding,0,availability,T1ax,1,-1
Ventriculomegaly,131,0.8624990075201615,0.40807147237841723,finding,0,availability,T1ax,1,-1
Cerebellar degeneration,43,0.9009600726541468,0.32916492975364564,finding,0,availability,T1ax,1,-1
Mega cisterna magna,23,0.7759404341845584,0.057218731509444384,finding,0,availability,T1ax,1,-1
Structure of cave of septum pellucidum,22,0.6100905966885348,0.05093654587651875,finding,0,availability,T1ax,1,-1
Cerebral infarction,42,0.9240915878546541,0.33953821232563575,finding,0,availability,FLAIRax+T2cor,2,-1
Demyelinating disease of central nervous system,21,0.722723704866562,0.16308525996258916,finding,0,availability,FLAIRax+T2cor,2,-1
Lacunar infarct,21,0.9126439037153322,0.12647241646280938,finding,0,availability,FLAIRax+T2cor,2,-1
Gliosis,451,0.7650164460177298,0.6130066343290216,finding,0,availability,FLAIRax+T2cor,2,-1
Cerebral atrophy,213,0.9523905033576989,0.770284753073087,finding,0,availability,FLAIRax+T2cor,2,-1
Encephalomalacia,25,0.8635812672176308,0.2570802331282644,finding,0,availability,FLAIRax+T2cor,2,-1
Arachnoid cyst,69,0.6909379117259552,0.0995424612687853,finding,0,availability,FLAIRax+T2cor,2,-1
Empty sella syndrome,82,0.6742285164787132,0.12624257152892854,finding,0,availability,FLAIRax+T2cor,2,-1
Cerebral edema,23,0.8399916272950183,0.19332889181227358,finding,0,availability,FLAIRax+T2cor,2,-1
Mastoiditis,23,0.6349500627952873,0.0399994867735021,finding,0,availability,FLAIRax+T2cor,2,-1
Chronic mastoiditis,37,0.7537162162162163,0.06701115604329053,finding,0,availability,FLAIRax+T2cor,2,-1
Ventriculomegaly,131,0.8820083254880164,0.443585370804096,finding,0,availability,FLAIRax+T2cor,2,-1
Cerebellar degeneration,43,0.8993545457494081,0.3315589694599932,finding,0,availability,FLAIRax+T2cor,2,-1
Mega cisterna magna,23,0.7295018240535853,0.05512719382651449,finding,0,availability,FLAIRax+T2cor,2,-1
Structure of cave of septum pellucidum,22,0.6712902218056858,0.05898969735497714,finding,0,availability,FLAIRax+T2cor,2,-1
Cerebral infarction,42,0.9211879873900779,0.3121969585714379,finding,0,availability,T2ax+T2cor,2,-1
Demyelinating disease of central nervous system,21,0.7406135531135531,0.10549572048723839,finding,0,availability,T2ax+T2cor,2,-1
Lacunar infarct,21,0.9182692307692308,0.13715796152747348,finding,0,availability,T2ax+T2cor,2,-1
Gliosis,451,0.7665616369082351,0.6086406970277923,finding,0,availability,T2ax+T2cor,2,-1
Cerebral atrophy,213,0.9420128365127474,0.7264786216539125,finding,0,availability,T2ax+T2cor,2,-1
Encephalomalacia,25,0.8636363636363635,0.17264954606651142,finding,0,availability,T2ax+T2cor,2,-1
Arachnoid cyst,69,0.6875411725955204,0.09984571134854507,finding,0,availability,T2ax+T2cor,2,-1
Empty sella syndrome,82,0.6800244776641315,0.1356510398559222,finding,0,availability,T2ax+T2cor,2,-1
Cerebral edema,23,0.827342862269003,0.20158940986637297,finding,0,availability,T2ax+T2cor,2,-1
Mastoiditis,23,0.6497219065845343,0.0363395496845665,finding,0,availability,T2ax+T2cor,2,-1
Chronic mastoiditis,37,0.7398836336336336,0.061319322241460604,finding,0,availability,T2ax+T2cor,2,-1
Ventriculomegaly,131,0.8620112745709652,0.4175276661435727,finding,0,availability,T2ax+T2cor,2,-1
Cerebellar degeneration,43,0.8806720508579028,0.3360407864742942,finding,0,availability,T2ax+T2cor,2,-1
Mega cisterna magna,23,0.734226421864721,0.04476375489286423,finding,0,availability,T2ax+T2cor,2,-1
Structure of cave of septum pellucidum,22,0.6704154951577632,0.06327928733057145,finding,0,availability,T2ax+T2cor,2,-1
Cerebral infarction,42,0.9171561307449809,0.3147077871148406,finding,0,availability,T2ax+FLAIRax,2,-1
Demyelinating disease of central nervous system,21,0.722985347985348,0.10360749723509614,finding,0,availability,T2ax+FLAIRax,2,-1
Lacunar infarct,21,0.9113356881214024,0.11915284950502472,finding,0,availability,T2ax+FLAIRax,2,-1
Gliosis,451,0.765429217290578,0.6000986347429977,finding,0,availability,T2ax+FLAIRax,2,-1
Cerebral atrophy,213,0.9506447970523564,0.754959053077095,finding,0,availability,T2ax+FLAIRax,2,-1
Encephalomalacia,25,0.878595041322314,0.19191507650971992,finding,0,availability,T2ax+FLAIRax,2,-1
Arachnoid cyst,69,0.686048666007905,0.10184306325686707,finding,0,availability,T2ax+FLAIRax,2,-1
Empty sella syndrome,82,0.6796223446105429,0.13413101232695665,finding,0,availability,T2ax+FLAIRax,2,-1
Cerebral edema,23,0.8378386460139944,0.21371220644204414,finding,0,availability,T2ax+FLAIRax,2,-1
Mastoiditis,23,0.6594103223491418,0.03875112271343262,finding,0,availability,T2ax+FLAIRax,2,-1
Chronic mastoiditis,37,0.7317942942942943,0.06414460341236057,finding,0,availability,T2ax+FLAIRax,2,-1
Ventriculomegaly,131,0.8786282227238185,0.4375800137902313,finding,0,availability,T2ax+FLAIRax,2,-1
Cerebellar degeneration,43,0.8940027894002789,0.3376200703645042,finding,0,availability,T2ax+FLAIRax,2,-1
Mega cisterna magna,23,0.7529753005203038,0.05967063762117157,finding,0,availability,T2ax+FLAIRax,2,-1
Structure of cave of septum pellucidum,22,0.6639800062480474,0.05339708251222611,finding,0,availability,T2ax+FLAIRax,2,-1
Cerebral infarction,42,0.9204911232785797,0.36647418072496485,finding,0,availability,T1ax+T2cor,2,-1
Demyelinating disease of central nervous system,21,0.746696755625327,0.16977973052807743,finding,0,availability,T1ax+T2cor,2,-1
Lacunar infarct,21,0.9061028257456829,0.14226329756740322,finding,0,availability,T1ax+T2cor,2,-1
Gliosis,451,0.768863214947939,0.6149035120175723,finding,0,availability,T1ax+T2cor,2,-1
Cerebral atrophy,213,0.9450511083377905,0.7455874362825239,finding,0,availability,T1ax+T2cor,2,-1
Encephalomalacia,25,0.8630027548209367,0.2093326528348905,finding,0,availability,T1ax+T2cor,2,-1
Arachnoid cyst,69,0.6877367424242424,0.09525776375361869,finding,0,availability,T1ax+T2cor,2,-1
Empty sella syndrome,82,0.6797359909082962,0.13244307167923064,finding,0,availability,T1ax+T2cor,2,-1
Cerebral edema,23,0.8086537886490043,0.16176587895472913,finding,0,availability,T1ax+T2cor,2,-1
Mastoiditis,23,0.6493331738532384,0.03872788742397334,finding,0,availability,T1ax+T2cor,2,-1
Chronic mastoiditis,37,0.7559684684684685,0.061169746488230786,finding,0,availability,T1ax+T2cor,2,-1
Ventriculomegaly,131,0.8670814287172622,0.4218848320751881,finding,0,availability,T1ax+T2cor,2,-1
Cerebellar degeneration,43,0.896792189679219,0.3568163635724445,finding,0,availability,T1ax+T2cor,2,-1
Mega cisterna magna,23,0.7469947969619042,0.050702545379478166,finding,0,availability,T1ax+T2cor,2,-1
Structure of cave of septum pellucidum,22,0.6573258356763512,0.0691210348255262,finding,0,availability,T1ax+T2cor,2,-1
Cerebral infarction,42,0.9160610585697694,0.34901159356956063,finding,0,availability,T1ax+FLAIRax,2,-1
Demyelinating disease of central nervous system,21,0.734497645211931,0.1365385494402653,finding,0,availability,T1ax+FLAIRax,2,-1
Lacunar infarct,21,0.9017857142857142,0.12954705278537318,finding,0,availability,T1ax+FLAIRax,2,-1
Gliosis,451,0.7657577054239443,0.6019538039695764,finding,0,availability,T1ax+FLAIRax,2,-1
Cerebral atrophy,213,0.9519522196469961,0.7648107597134285,finding,0,availability,T1ax+FLAIRax,2,-1
Encephalomalacia,25,0.8806060606060606,0.2542260317734375,finding,0,availability,T1ax+FLAIRax,2,-1
Arachnoid cyst,69,0.6865736166007905,0.09692948869213691,finding,0,availability,T1ax+FLAIRax,2,-1
Empty sella syndrome,82,0.6819302386572252,0.13106197379198498,finding,0,availability,T1ax+FLAIRax,2,-1
Cerebral edema,23,0.8217510914418994,0.15711448839612588,finding,0,availability,T1ax+FLAIRax,2,-1
Mastoiditis,23,0.6503199569403744,0.0390426078544087,finding,0,availability,T1ax+FLAIRax,2,-1
Chronic mastoiditis,37,0.757301051051051,0.058624178274743186,finding,0,availability,T1ax+FLAIRax,2,-1
Ventriculomegaly,131,0.8820083254880164,0.4443944445388418,finding,0,availability,T1ax+FLAIRax,2,-1
Cerebellar degeneration,43,0.9068956569686355,0.35390878138174064,finding,0,availability,T1ax+FLAIRax,2,-1
Mega cisterna magna,23,0.764936307637103,0.06531831999937954,finding,0,availability,T1ax+FLAIRax,2,-1
Structure of cave of septum pellucidum,22,0.6417681974383005,0.04907495564845738,finding,0,availability,T1ax+FLAIRax,2,-1
Cerebral infarction,42,0.9150323544051767,0.3235250647752634,finding,0,availability,T1ax+T2ax,2,-1
Demyelinating disease of central nervous system,21,0.7548731030873889,0.11568088754809792,finding,0,availability,T1ax+T2ax,2,-1
Lacunar infarct,21,0.9077708006279435,0.12915203262801866,finding,0,availability,T1ax+T2ax,2,-1
Gliosis,451,0.7681478888154113,0.5996350148147079,finding,0,availability,T1ax+T2ax,2,-1
Cerebral atrophy,213,0.9416228382955963,0.7206406936312594,finding,0,availability,T1ax+T2ax,2,-1
Encephalomalacia,25,0.880495867768595,0.18800748742189094,finding,0,availability,T1ax+T2ax,2,-1
Arachnoid cyst,69,0.6847723155467721,0.09569673171836396,finding,0,availability,T1ax+T2ax,2,-1
Empty sella syndrome,82,0.6831978319783197,0.14329418644678518,finding,0,availability,T1ax+T2ax,2,-1
Cerebral edema,23,0.8082351533999163,0.16780370216027962,finding,0,availability,T1ax+T2ax,2,-1
Mastoiditis,23,0.6744213862807248,0.03760892931891523,finding,0,availability,T1ax+T2ax,2,-1
Chronic mastoiditis,37,0.744481981981982,0.0554720296117976,finding,0,availability,T1ax+T2ax,2,-1
Ventriculomegaly,131,0.8643535269897803,0.4226306448394145,finding,0,availability,T1ax+T2ax,2,-1
Cerebellar degeneration,43,0.889591644773118,0.3646450849623906,finding,0,availability,T1ax+T2ax,2,-1
Mega cisterna magna,23,0.766042700795407,0.055216195568498584,finding,0,availability,T1ax+T2ax,2,-1
Structure of cave of septum pellucidum,22,0.6470477975632615,0.05233645865572231,finding,0,availability,T1ax+T2ax,2,-1
Cerebral infarction,42,0.922017587522814,0.32996059302568514,finding,0,availability,T2ax+FLAIRax+T2cor,3,-1
Demyelinating disease of central nervous system,21,0.72854526425955,0.11379615709343967,finding,0,availability,T2ax+FLAIRax+T2cor,3,-1
Lacunar infarct,21,0.9158163265306122,0.13251094338076985,finding,0,availability,T2ax+FLAIRax+T2cor,3,-1
Gliosis,451,0.7680614445697886,0.6106098814105901,finding,0,availability,T2ax+FLAIRax+T2cor,3,-1
Cerebral atrophy,213,0.9509159386699947,0.7547846985364012,finding,0,availability,T2ax+FLAIRax+T2cor,3,-1
Encephalomalacia,25,0.8712672176308539,0.21403576251825096,finding,0,availability,T2ax+FLAIRax+T2cor,3,-1
Arachnoid cyst,69,0.6895998023715415,0.10145852936000618,finding,0,availability,T2ax+FLAIRax+T2cor,3,-1
Empty sella syndrome,82,0.6790803391904886,0.13441788942434996,finding,0,availability,T2ax+FLAIRax+T2cor,3,-1
Cerebral edema,23,0.8382572812630824,0.20727996814904381,finding,0,availability,T2ax+FLAIRax+T2cor,3,-1
Mastoiditis,23,0.6487650260151905,0.0385464990203581,finding,0,availability,T2ax+FLAIRax+T2cor,3,-1
Chronic mastoiditis,37,0.7440878378378379,0.06771534480137534,finding,0,availability,T2ax+FLAIRax+T2cor,3,-1
Ventriculomegaly,131,0.8772103943831312,0.4381825133900962,finding,0,availability,T2ax+FLAIRax+T2cor,3,-1
Cerebellar degeneration,43,0.8944730952612631,0.34303050931480306,finding,0,availability,T2ax+FLAIRax+T2cor,3,-1
Mega cisterna magna,23,0.7430177620955685,0.058148725714191135,finding,0,availability,T2ax+FLAIRax+T2cor,3,-1
Structure of cave of septum pellucidum,22,0.6698531708840987,0.058271948588149665,finding,0,availability,T2ax+FLAIRax+T2cor,3,-1
Cerebral infarction,42,0.9215696034511366,0.3570078184998084,finding,0,availability,T1ax+FLAIRax+T2cor,3,-1
Demyelinating disease of central nervous system,21,0.7368524332810047,0.15420566939020924,finding,0,availability,T1ax+FLAIRax+T2cor,3,-1
Lacunar infarct,21,0.9080324437467294,0.1448593190828364,finding,0,availability,T1ax+FLAIRax+T2cor,3,-1
Gliosis,451,0.7691808975506024,0.6143570674255437,finding,0,availability,T1ax+FLAIRax+T2cor,3,-1
Cerebral atrophy,213,0.9529327865929755,0.7686758434331549,finding,0,availability,T1ax+FLAIRax+T2cor,3,-1
Encephalomalacia,25,0.8748760330578512,0.27137124458683887,finding,0,availability,T1ax+FLAIRax+T2cor,3,-1
Arachnoid cyst,69,0.691308465085639,0.09784273254687623,finding,0,availability,T1ax+FLAIRax+T2cor,3,-1
Empty sella syndrome,82,0.6805227729696652,0.1345520576866035,finding,0,availability,T1ax+FLAIRax+T2cor,3,-1
Cerebral edema,23,0.828538962980683,0.16640734401765211,finding,0,availability,T1ax+FLAIRax+T2cor,3,-1
Mastoiditis,23,0.6450571138089827,0.03952389967957347,finding,0,availability,T1ax+FLAIRax+T2cor,3,-1
Chronic mastoiditis,37,0.7629879879879881,0.06292647914534848,finding,0,availability,T1ax+FLAIRax+T2cor,3,-1
Ventriculomegaly,131,0.8805507979537902,0.445215558877285,finding,0,availability,T1ax+FLAIRax+T2cor,3,-1
Cerebellar degeneration,43,0.904381953228893,0.3517400494457515,finding,0,availability,T1ax+FLAIRax+T2cor,3,-1
Mega cisterna magna,23,0.7512708570061599,0.06002770375291726,finding,0,availability,T1ax+FLAIRax+T2cor,3,-1
Structure of cave of septum pellucidum,22,0.6589815682599187,0.06048560246007229,finding,0,availability,T1ax+FLAIRax+T2cor,3,-1
Cerebral infarction,42,0.9205077152812344,0.3421387328687621,finding,0,availability,T1ax+T2ax+T2cor,3,-1
Demyelinating disease of central nervous system,21,0.7487571951857667,0.11488505770588037,finding,0,availability,T1ax+T2ax+T2cor,3,-1
Lacunar infarct,21,0.9129709576138147,0.1355826849338228,finding,0,availability,T1ax+T2ax+T2cor,3,-1
Gliosis,451,0.7700086012024394,0.6105955028791838,finding,0,availability,T1ax+T2ax+T2cor,3,-1
Cerebral atrophy,213,0.9448691091697866,0.7373476571463757,finding,0,availability,T1ax+T2ax+T2cor,3,-1
Encephalomalacia,25,0.8725895316804407,0.19356303519960996,finding,0,availability,T1ax+T2ax+T2cor,3,-1
Arachnoid cyst,69,0.6883543313570487,0.0982186420382023,finding,0,availability,T1ax+T2ax+T2cor,3,-1
Empty sella syndrome,82,0.6814756534662121,0.14245326074226236,finding,0,availability,T1ax+T2ax+T2cor,3,-1
Cerebral edema,23,0.8201662579989236,0.19312530076683604,finding,0,availability,T1ax+T2ax+T2cor,3,-1
Mastoiditis,23,0.6604868129896536,0.03667981770882841,finding,0,availability,T1ax+T2ax+T2cor,3,-1
Chronic mastoiditis,37,0.7527027027027028,0.05922913208364327,finding,0,availability,T1ax+T2ax+T2cor,3,-1
Ventriculomegaly,131,0.8662193890861246,0.4240775484103546,finding,0,availability,T1ax+T2ax+T2cor,3,-1
Cerebellar degeneration,43,0.8899322110862443,0.3628100120492617,finding,0,availability,T1ax+T2ax+T2cor,3,-1
Mega cisterna magna,23,0.7522576400932959,0.0513885974821498,finding,0,availability,T1ax+T2ax+T2cor,3,-1
Structure of cave of septum pellucidum,22,0.6611371446422993,0.0592593473734009,finding,0,availability,T1ax+T2ax+T2cor,3,-1
Cerebral infarction,42,0.9171395387423262,0.33260743118585334,finding,0,availability,T1ax+T2ax+FLAIRax,3,-1
Demyelinating disease of central nervous system,21,0.7377354788069075,0.10825856443876807,finding,0,availability,T1ax+T2ax+FLAIRax,3,-1
Lacunar infarct,21,0.9082940868655154,0.128471458724965,finding,0,availability,T1ax+T2ax+FLAIRax,3,-1
Gliosis,451,0.7685498545575569,0.6036986745027464,finding,0,availability,T1ax+T2ax+FLAIRax,3,-1
Cerebral atrophy,213,0.9507042253521126,0.753132585867121,finding,0,availability,T1ax+T2ax+FLAIRax,3,-1
Encephalomalacia,25,0.8821212121212121,0.20082061111934818,finding,0,availability,T1ax+T2ax+FLAIRax,3,-1
Arachnoid cyst,69,0.6880764163372859,0.09852607835379455,finding,0,availability,T1ax+T2ax+FLAIRax,3,-1
Empty sella syndrome,82,0.6819652067488416,0.13813639828889046,finding,0,availability,T1ax+T2ax+FLAIRax,3,-1
Cerebral edema,23,0.8268644219843311,0.18425038623761975,finding,0,availability,T1ax+T2ax+FLAIRax,3,-1
Mastoiditis,23,0.6617128162191257,0.037616640253880694,finding,0,availability,T1ax+T2ax+FLAIRax,3,-1
Chronic mastoiditis,37,0.7504692192192193,0.05843494404687807,finding,0,availability,T1ax+T2ax+FLAIRax,3,-1
Ventriculomegaly,131,0.8778342388530336,0.4411875033155412,finding,0,availability,T1ax+T2ax+FLAIRax,3,-1
Cerebellar degeneration,43,0.8992896759754792,0.357170621367663,finding,0,availability,T1ax+T2ax+FLAIRax,3,-1
Mega cisterna magna,23,0.7631720590873752,0.06116270959125429,finding,0,availability,T1ax+T2ax+FLAIRax,3,-1
Structure of cave of septum pellucidum,22,0.6560449859418931,0.05190352101960509,finding,0,availability,T1ax+T2ax+FLAIRax,3,-1
Cerebral infarction,42,0.9212045793927327,0.3426096675354552,finding,0,availability,T1ax+T2ax+FLAIRax+T2cor,4,-1
Demyelinating disease of central nervous system,21,0.7392399267399267,0.1257325155789728,finding,0,availability,T1ax+T2ax+FLAIRax+T2cor,4,-1
Lacunar infarct,21,0.9120879120879121,0.1413373292562068,finding,0,availability,T1ax+T2ax+FLAIRax+T2cor,4,-1
Gliosis,451,0.769930801381379,0.6112020530621112,finding,0,availability,T1ax+T2ax+FLAIRax+T2cor,4,-1
Cerebral atrophy,213,0.9512687941997979,0.7573864715742376,finding,0,availability,T1ax+T2ax+FLAIRax+T2cor,4,-1
Encephalomalacia,25,0.8773553719008265,0.21626127142687,finding,0,availability,T1ax+T2ax+FLAIRax+T2cor,4,-1
Arachnoid cyst,69,0.690330615942029,0.09925658392091843,finding,0,availability,T1ax+T2ax+FLAIRax+T2cor,4,-1
Empty sella syndrome,82,0.6813969752600753,0.14167612570384325,finding,0,availability,T1ax+T2ax+FLAIRax+T2cor,4,-1
Cerebral edema,23,0.8300639913880749,0.18312693585482243,finding,0,availability,T1ax+T2ax+FLAIRax+T2cor,4,-1
Mastoiditis,23,0.6550744572693021,0.037924818593114785,finding,0,availability,T1ax+T2ax+FLAIRax+T2cor,4,-1
Chronic mastoiditis,37,0.7553866366366366,0.06073802752289965,finding,0,availability,T1ax+T2ax+FLAIRax+T2cor,4,-1
Ventriculomegaly,131,0.8769381713417194,0.43946226233676033,finding,0,availability,T1ax+T2ax+FLAIRax+T2cor,4,-1
Cerebellar degeneration,43,0.8982841944795823,0.3556786990278478,finding,0,availability,T1ax+T2ax+FLAIRax+T2cor,4,-1
Mega cisterna magna,23,0.7541115961963998,0.05995440959705985,finding,0,availability,T1ax+T2ax+FLAIRax+T2cor,4,-1
Structure of cave of septum pellucidum,22,0.6629490784129959,0.059837291771758075,finding,0,availability,T1ax+T2ax+FLAIRax+T2cor,4,-1
Cerebral infarction,42,0.9114152978264477,0.2876705638463126,finding,0,budget,all4,1,1
Demyelinating disease of central nervous system,21,0.714122187336473,0.11892085201773608,finding,0,budget,all4,1,1
Lacunar infarct,21,0.9144427001569859,0.12272017209360994,finding,0,budget,all4,1,1
Gliosis,451,0.7625311739560776,0.5884961020834303,finding,0,budget,all4,1,1
Cerebral atrophy,213,0.9503959410471267,0.7721432584302609,finding,0,budget,all4,1,1
Encephalomalacia,25,0.8720936639118457,0.23469053523662323,finding,0,budget,all4,1,1
Arachnoid cyst,69,0.6837224143610015,0.09636407090181297,finding,0,budget,all4,1,1
Empty sella syndrome,82,0.6742022904100009,0.12256551981857644,finding,0,budget,all4,1,1
Cerebral edema,23,0.8433108067699301,0.20359606538388533,finding,0,budget,all4,1,1
Mastoiditis,23,0.6701453262364692,0.03617608950168323,finding,0,budget,all4,1,1
Chronic mastoiditis,37,0.7151276276276276,0.057332002757661364,finding,0,budget,all4,1,1
Ventriculomegaly,131,0.8834885382756938,0.4380047679470669,finding,0,budget,all4,1,1
Cerebellar degeneration,43,0.8749472933086828,0.3216219552841705,finding,0,budget,all4,1,1
Mega cisterna magna,23,0.7081215238323066,0.036757242431418355,finding,0,budget,all4,1,1
Structure of cave of septum pellucidum,22,0.6593876913464541,0.05552681053987904,finding,0,budget,all4,1,1
Cerebral infarction,42,0.9171727227476357,0.3147916578203881,finding,0,budget,all4,2,2
Demyelinating disease of central nervous system,21,0.7352171637885924,0.13699386297870786,finding,0,budget,all4,2,2
Lacunar infarct,21,0.9112702773417058,0.1188590411344652,finding,0,budget,all4,2,2
Gliosis,451,0.7665810868635003,0.608844335852443,finding,0,budget,all4,2,2
Cerebral atrophy,213,0.9504182266595353,0.7529467990199388,finding,0,budget,all4,2,2
Encephalomalacia,25,0.878732782369146,0.1921212571595592,finding,0,budget,all4,2,2
Arachnoid cyst,69,0.6875514657444004,0.099860271898266,finding,0,budget,all4,2,2
Empty sella syndrome,82,0.6796048605647346,0.13412261793153585,finding,0,budget,all4,2,2
Cerebral edema,23,0.8375396208360745,0.21319847145510307,finding,0,budget,all4,2,2
Mastoiditis,23,0.6744213862807248,0.0375347396805103,finding,0,budget,all4,2,2
Chronic mastoiditis,37,0.7401088588588588,0.06140487464806624,finding,0,budget,all4,2,2
Ventriculomegaly,131,0.8776754420788767,0.43617679866240183,finding,0,budget,all4,2,2
Cerebellar degeneration,43,0.8807369206318316,0.33607826595355467,finding,0,budget,all4,2,2
Mega cisterna magna,23,0.7471443095508641,0.05071698015259791,finding,0,budget,all4,2,2
Structure of cave of septum pellucidum,22,0.6708216182442986,0.06327248254272724,finding,0,budget,all4,2,2
Cerebral infarction,42,0.9170565787290526,0.3319147716961878,finding,0,budget,all4,3,3
Demyelinating disease of central nervous system,21,0.7385531135531136,0.10856121897805872,finding,0,budget,all4,3,3
Lacunar infarct,21,0.915783621140764,0.13057354062751653,finding,0,budget,all4,3,3
Gliosis,451,0.7679836447487283,0.6106261047877524,finding,0,budget,all4,3,3
Cerebral atrophy,213,0.9505482260652522,0.7545654400590298,finding,0,budget,all4,3,3
Encephalomalacia,25,0.8823415977961433,0.20169160529806984,finding,0,budget,all4,3,3
Arachnoid cyst,69,0.6882308135704874,0.09810781224316713,finding,0,budget,all4,3,3
Empty sella syndrome,82,0.6819477227030335,0.13817105192817486,finding,0,budget,all4,3,3
Cerebral edema,23,0.8256683212726511,0.18832301735750548,finding,0,budget,all4,3,3
Mastoiditis,23,0.6600681777405657,0.036609753738259136,finding,0,budget,all4,3,3
Chronic mastoiditis,37,0.7529091591591591,0.05917646536226101,finding,0,budget,all4,3,3
Ventriculomegaly,131,0.8761782153511111,0.4382073148366806,finding,0,budget,all4,3,3
Cerebellar degeneration,43,0.8946352696960851,0.3428130854908867,finding,0,budget,all4,3,3
Mega cisterna magna,23,0.7521380300221279,0.05142698888130028,finding,0,budget,all4,3,3
Structure of cave of septum pellucidum,22,0.6697594501718214,0.05854344232642031,finding,0,budget,all4,3,3
Cerebral infarction,42,0.9213207234113158,0.34187393733735927,finding,0,budget,all4,4,4
Demyelinating disease of central nervous system,21,0.7395996860282573,0.12643504243842157,finding,0,budget,all4,4,4
Lacunar infarct,21,0.9118589743589743,0.14107598122801523,finding,0,budget,all4,4,4
Gliosis,451,0.7700388566884073,0.6115114074797768,finding,0,budget,all4,4,4
Cerebral atrophy,213,0.950830510489095,0.7562317934991601,finding,0,budget,all4,4,4
Encephalomalacia,25,0.8768044077134987,0.21557617661717995,finding,0,budget,all4,4,4
Arachnoid cyst,69,0.6905673583662714,0.09954548346295042,finding,0,budget,all4,4,4
Empty sella syndrome,82,0.6812483608707055,0.13933746427536933,finding,0,budget,all4,4,4
Cerebral edema,23,0.8291370133365229,0.18319132396777202,finding,0,budget,all4,4,4
Mastoiditis,23,0.6551342623048861,0.037929341251990094,finding,0,budget,all4,4,4
Chronic mastoiditis,37,0.7556869369369369,0.06070486654121274,finding,0,budget,all4,4,4
Ventriculomegaly,131,0.8760080759502287,0.43730325690686245,finding,0,budget,all4,4,4
Cerebellar degeneration,43,0.8985112386883332,0.3566039698411988,finding,0,budget,all4,4,4
Mega cisterna magna,23,0.7539321810896478,0.06002227945408607,finding,0,budget,all4,4,4
Structure of cave of septum pellucidum,22,0.6626991565135896,0.05981683045420495,finding,0,budget,all4,4,4
Cerebral infarction,42,0.9136884021901444,0.2726773839469561,label_id,0,availability,T2cor,1,-1
Demyelinating disease of central nervous system,21,0.7222985347985347,0.14700711361054755,label_id,0,availability,T2cor,1,-1
Lacunar infarct,21,0.9018511250654108,0.12244948719764867,label_id,0,availability,T2cor,1,-1
Gliosis,451,0.7574266412520584,0.6060391404898287,label_id,0,availability,T2cor,1,-1
Cerebral atrophy,213,0.9351377250846853,0.7236607875856134,label_id,0,availability,T2cor,1,-1
Encephalomalacia,25,0.8275206611570247,0.16881882138245033,label_id,0,availability,T2cor,1,-1
Arachnoid cyst,69,0.6823637187088274,0.1062163030890599,label_id,0,availability,T2cor,1,-1
Empty sella syndrome,82,0.6731357636157007,0.113869345949274,label_id,0,availability,T2cor,1,-1
Cerebral edema,23,0.8067699300281083,0.17284441851812385,label_id,0,availability,T2cor,1,-1
Mastoiditis,23,0.6044195921296573,0.03770234635111968,label_id,0,availability,T2cor,1,-1
Chronic mastoiditis,37,0.763551051051051,0.09340445112899134,label_id,0,availability,T2cor,1,-1
Ventriculomegaly,131,0.8473566008416229,0.3780359909620824,label_id,0,availability,T2cor,1,-1
Cerebellar degeneration,43,0.880850442736207,0.30334760737945493,label_id,0,availability,T2cor,1,-1
Mega cisterna magna,23,0.6991806710124993,0.03273477002608762,label_id,0,availability,T2cor,1,-1
Structure of cave of septum pellucidum,22,0.7049047172758514,0.0566649555592974,label_id,0,availability,T2cor,1,-1
Cerebral infarction,42,0.9115480338476855,0.31474884810905474,label_id,0,availability,FLAIRax,1,-1
Demyelinating disease of central nervous system,21,0.7356423338566195,0.1240997590254327,label_id,0,availability,FLAIRax,1,-1
Lacunar infarct,21,0.8996271585557299,0.09978761381341521,label_id,0,availability,FLAIRax,1,-1
Gliosis,451,0.7554967734685322,0.5890540512669558,label_id,0,availability,FLAIRax,1,-1
Cerebral atrophy,213,0.9503847982409223,0.786604725469537,label_id,0,availability,FLAIRax,1,-1
Encephalomalacia,25,0.866060606060606,0.23881571277762978,label_id,0,availability,FLAIRax,1,-1
Arachnoid cyst,69,0.6923789525691699,0.1187020444277669,label_id,0,availability,FLAIRax,1,-1
Empty sella syndrome,82,0.6823848238482385,0.13265406743484112,label_id,0,availability,FLAIRax,1,-1
Cerebral edema,23,0.8463010585491298,0.20812839847142772,label_id,0,availability,FLAIRax,1,-1
Mastoiditis,23,0.6384486573769511,0.05012855323075355,label_id,0,availability,FLAIRax,1,-1
Chronic mastoiditis,37,0.7516328828828829,0.07111510079856959,label_id,0,availability,FLAIRax,1,-1
Ventriculomegaly,131,0.8749702256048455,0.4220765915683045,label_id,0,availability,FLAIRax,1,-1
Cerebellar degeneration,43,0.9034413415069249,0.3434299483533441,label_id,0,availability,FLAIRax,1,-1
Mega cisterna magna,23,0.7441540577716643,0.05263853806969493,label_id,0,availability,FLAIRax,1,-1
Structure of cave of septum pellucidum,22,0.6593876913464543,0.052337854068771714,label_id,0,availability,FLAIRax,1,-1
Cerebral infarction,42,0.9075825452132072,0.26681150895993333,label_id,0,availability,T2ax,1,-1
Demyelinating disease of central nervous system,21,0.7303440607012035,0.08190838615870319,label_id,0,availability,T2ax,1,-1
Lacunar infarct,21,0.9062336473050758,0.11001251123155698,label_id,0,availability,T2ax,1,-1
Gliosis,451,0.7602404014470767,0.5862249657682655,label_id,0,availability,T2ax,1,-1
Cerebral atrophy,213,0.9397805610031498,0.7326980093570193,label_id,0,availability,T2ax,1,-1
Encephalomalacia,25,0.8648484848484849,0.14408988720579727,label_id,0,availability,T2ax,1,-1
Arachnoid cyst,69,0.6909379117259552,0.10936238993602539,label_id,0,availability,T2ax,1,-1
Empty sella syndrome,82,0.684526619459743,0.145413439722492,label_id,0,availability,T2ax,1,-1
Cerebral edema,23,0.8210035284970995,0.15337993860589122,label_id,0,availability,T2ax,1,-1
Mastoiditis,23,0.6603073978829017,0.033920029482528403,label_id,0,availability,T2ax,1,-1
Chronic mastoiditis,37,0.7503003003003004,0.06190075238552811,label_id,0,availability,T2ax,1,-1
Ventriculomegaly,131,0.8538275693885189,0.4038791226825657,label_id,0,availability,T2ax,1,-1
Cerebellar degeneration,43,0.8800557880055788,0.35169267320457975,label_id,0,availability,T2ax,1,-1
Mega cisterna magna,23,0.7364990132169128,0.04519982614879603,label_id,0,availability,T2ax,1,-1
Structure of cave of septum pellucidum,22,0.6648859731333958,0.05836231856374821,label_id,0,availability,T2ax,1,-1
Cerebral infarction,42,0.9102206736353077,0.3473157777978964,label_id,0,availability,T1ax,1,-1
Demyelinating disease of central nervous system,21,0.7313252223966509,0.1501883131605449,label_id,0,availability,T1ax,1,-1
Lacunar infarct,21,0.8877878074306645,0.11465421472979366,label_id,0,availability,T1ax,1,-1
Gliosis,451,0.7610789106296166,0.5893070414625043,label_id,0,availability,T1ax,1,-1
Cerebral atrophy,213,0.9374628573126524,0.7275090056563409,label_id,0,availability,T1ax,1,-1
Encephalomalacia,25,0.8679338842975206,0.18272177671020146,label_id,0,availability,T1ax,1,-1
Arachnoid cyst,69,0.6703722002635046,0.08789013593776895,label_id,0,availability,T1ax,1,-1
Empty sella syndrome,82,0.6803916426261036,0.13429022762897214,label_id,0,availability,T1ax,1,-1
Cerebral edema,23,0.7777046827342862,0.1340469807750766,label_id,0,availability,T1ax,1,-1
Mastoiditis,23,0.6483164882483105,0.04089573719111665,label_id,0,availability,T1ax,1,-1
Chronic mastoiditis,37,0.7368430930930931,0.06321864662156063,label_id,0,availability,T1ax,1,-1
Ventriculomegaly,131,0.8631965790637797,0.400884908891703,label_id,0,availability,T1ax,1,-1
Cerebellar degeneration,43,0.9042522136810354,0.35657159397115423,label_id,0,availability,T1ax,1,-1
Mega cisterna magna,23,0.7775551701453262,0.05286498897270653,label_id,0,availability,T1ax,1,-1
Structure of cave of septum pellucidum,22,0.6144329896907217,0.05168473005604353,label_id,0,availability,T1ax,1,-1
Cerebral infarction,42,0.9191803550688568,0.32332248543509595,label_id,0,availability,FLAIRax+T2cor,2,-1
Demyelinating disease of central nervous system,21,0.7385204081632651,0.15326066852714867,label_id,0,availability,FLAIRax+T2cor,2,-1
Lacunar infarct,21,0.9070839874411303,0.11879282061209571,label_id,0,availability,FLAIRax+T2cor,2,-1
Gliosis,451,0.7625722349727485,0.6077033080061837,label_id,0,availability,FLAIRax+T2cor,2,-1
Cerebral atrophy,213,0.9534379271409046,0.7899202444854281,label_id,0,availability,FLAIRax+T2cor,2,-1
Encephalomalacia,25,0.8586776859504132,0.25693327310127245,label_id,0,availability,FLAIRax+T2cor,2,-1
Arachnoid cyst,69,0.6937994071146246,0.11317414172054029,label_id,0,availability,FLAIRax+T2cor,2,-1
Empty sella syndrome,82,0.6824722440772795,0.1334284292441669,label_id,0,availability,FLAIRax+T2cor,2,-1
Cerebral edema,23,0.8513545840559775,0.20822211659503492,label_id,0,availability,FLAIRax+T2cor,2,-1
Mastoiditis,23,0.6362358710603433,0.049249636257666166,label_id,0,availability,FLAIRax+T2cor,2,-1
Chronic mastoiditis,37,0.7775900900900901,0.09687448041584654,label_id,0,availability,FLAIRax+T2cor,2,-1
Ventriculomegaly,131,0.8731497340154033,0.4211028802235679,label_id,0,availability,FLAIRax+T2cor,2,-1
Cerebellar degeneration,43,0.9013492912977199,0.34944615931209444,label_id,0,availability,FLAIRax+T2cor,2,-1
Mega cisterna magna,23,0.7316548053346091,0.041963191040208535,label_id,0,availability,FLAIRax+T2cor,2,-1
Structure of cave of septum pellucidum,22,0.6876601062168073,0.05890524162352155,label_id,0,availability,FLAIRax+T2cor,2,-1
Cerebral infarction,42,0.9154803384768542,0.288303858689311,label_id,0,availability,T2ax+T2cor,2,-1
Demyelinating disease of central nervous system,21,0.7365253793825222,0.08368078567057328,label_id,0,availability,T2ax+T2cor,2,-1
Lacunar infarct,21,0.9100601779173207,0.1229299407044218,label_id,0,availability,T2ax+T2cor,2,-1
Gliosis,451,0.7650618292466816,0.6060156439265045,label_id,0,availability,T2ax+T2cor,2,-1
Cerebral atrophy,213,0.9445608248648006,0.7533861042956296,label_id,0,availability,T2ax+T2cor,2,-1
Encephalomalacia,25,0.8577134986225895,0.16419125850093644,label_id,0,availability,T2ax+T2cor,2,-1
Arachnoid cyst,69,0.6910717226613965,0.11191308523995774,label_id,0,availability,T2ax+T2cor,2,-1
Empty sella syndrome,82,0.6823061456421015,0.13755235947307073,label_id,0,availability,T2ax+T2cor,2,-1
Cerebral edema,23,0.8314096046887147,0.16532035726946007,label_id,0,availability,T2ax+T2cor,2,-1
Mastoiditis,23,0.6380898271634472,0.03725992874431762,label_id,0,availability,T2ax+T2cor,2,-1
Chronic mastoiditis,37,0.7649587087087086,0.07244552340668473,label_id,0,availability,T2ax+T2cor,2,-1
Ventriculomegaly,131,0.8577407756088155,0.4030025895814441,label_id,0,availability,T2ax+T2cor,2,-1
Cerebellar degeneration,43,0.8836560604586293,0.3685830297978224,label_id,0,availability,T2ax+T2cor,2,-1
Mega cisterna magna,23,0.7232521978350577,0.037442563301794934,label_id,0,availability,T2ax+T2cor,2,-1
Structure of cave of septum pellucidum,22,0.6810059356451109,0.05914904281823635,label_id,0,availability,T2ax+T2cor,2,-1
Cerebral infarction,42,0.914484818317571,0.29765456817580754,label_id,0,availability,T2ax+FLAIRax,2,-1
Demyelinating disease of central nervous system,21,0.7487244897959183,0.10682472064231396,label_id,0,availability,T2ax+FLAIRax,2,-1
Lacunar infarct,21,0.9063317634746206,0.10899578820360432,label_id,0,availability,T2ax+FLAIRax,2,-1
Gliosis,451,0.763542571629863,0.5960439504281452,label_id,0,availability,T2ax+FLAIRax,2,-1
Cerebral atrophy,213,0.9527396446187675,0.7895224958565272,label_id,0,availability,T2ax+FLAIRax,2,-1
Encephalomalacia,25,0.8719283746556473,0.20630955676690058,label_id,0,availability,T2ax+FLAIRax,2,-1
Arachnoid cyst,69,0.6958271574440054,0.12079428486707443,label_id,0,availability,T2ax+FLAIRax,2,-1
Empty sella syndrome,82,0.6858116968266457,0.14280628524672626,label_id,0,availability,T2ax+FLAIRax,2,-1
Cerebral edema,23,0.8443872974104418,0.1988888678147346,label_id,0,availability,T2ax+FLAIRax,2,-1
Mastoiditis,23,0.655164164822678,0.043564580633621924,label_id,0,availability,T2ax+FLAIRax,2,-1
Chronic mastoiditis,37,0.7653528528528528,0.07169249786130685,label_id,0,availability,T2ax+FLAIRax,2,-1
Ventriculomegaly,131,0.8732971881628347,0.4230248858597635,label_id,0,availability,T2ax+FLAIRax,2,-1
Cerebellar degeneration,43,0.8956894035224287,0.3867054187476324,label_id,0,availability,T2ax+FLAIRax,2,-1
Mega cisterna magna,23,0.75127085700616,0.05032431302214074,label_id,0,availability,T2ax+FLAIRax,2,-1
Structure of cave of septum pellucidum,22,0.6708840987191502,0.055738517637341924,label_id,0,availability,T2ax+FLAIRax,2,-1
Cerebral infarction,42,0.918566450970632,0.34788128350080466,label_id,0,availability,T1ax+T2cor,2,-1
Demyelinating disease of central nervous system,21,0.7481357927786498,0.1639220918180122,label_id,0,availability,T1ax+T2cor,2,-1
Lacunar infarct,21,0.9000850340136054,0.13943883911798044,label_id,0,availability,T1ax+T2cor,2,-1
Gliosis,451,0.7668015196898381,0.6127027905873048,label_id,0,availability,T1ax+T2cor,2,-1
Cerebral atrophy,213,0.9476213823022523,0.7740656162079295,label_id,0,availability,T1ax+T2cor,2,-1
Encephalomalacia,25,0.8601101928374655,0.20939199150162188,label_id,0,availability,T1ax+T2cor,2,-1
Arachnoid cyst,69,0.6860177865612649,0.10836183369544007,label_id,0,availability,T1ax+T2cor,2,-1
Empty sella syndrome,82,0.6805140309467611,0.142369534004655,label_id,0,availability,T1ax+T2cor,2,-1
Cerebral edema,23,0.8118533580527482,0.13348638057467696,label_id,0,availability,T1ax+T2cor,2,-1
Mastoiditis,23,0.6513067400275104,0.04955922077249432,label_id,0,availability,T1ax+T2cor,2,-1
Chronic mastoiditis,37,0.7509384384384383,0.08674335846667779,label_id,0,availability,T1ax+T2cor,2,-1
Ventriculomegaly,131,0.8632816487642209,0.41101488275523823,label_id,0,availability,T1ax+T2cor,2,-1
Cerebellar degeneration,43,0.8966137978009145,0.3461353180312677,label_id,0,availability,T1ax+T2cor,2,-1
Mega cisterna magna,23,0.750642904132528,0.04045518249698298,label_id,0,availability,T1ax+T2cor,2,-1
Structure of cave of septum pellucidum,22,0.6878163074039363,0.05977183543410084,label_id,0,availability,T1ax+T2cor,2,-1
Cerebral infarction,42,0.9130247220839556,0.3490616164872391,label_id,0,availability,T1ax+FLAIRax,2,-1
Demyelinating disease of central nervous system,21,0.7465005232862375,0.15679980897645512,label_id,0,availability,T1ax+FLAIRax,2,-1
Lacunar infarct,21,0.8978283621140764,0.1166780624613016,label_id,0,availability,T1ax+FLAIRax,2,-1
Gliosis,451,0.7635857937526743,0.5998954148847113,label_id,0,availability,T1ax+FLAIRax,2,-1
Cerebral atrophy,213,0.9526616449753372,0.7898867101519502,label_id,0,availability,T1ax+FLAIRax,2,-1
Encephalomalacia,25,0.871404958677686,0.2498052905732076,label_id,0,availability,T1ax+FLAIRax,2,-1
Arachnoid cyst,69,0.6902585638998682,0.11185430402616937,label_id,0,availability,T1ax+FLAIRax,2,-1
Empty sella syndrome,82,0.6856368563685636,0.13888306574032294,label_id,0,availability,T1ax+FLAIRax,2,-1
Cerebral edema,23,0.8406793852042341,0.18805209400737055,label_id,0,availability,T1ax+FLAIRax,2,-1
Mastoiditis,23,0.6474792177501345,0.04919879355307638,label_id,0,availability,T1ax+FLAIRax,2,-1
Chronic mastoiditis,37,0.7504129129129129,0.0834859712067743,label_id,0,availability,T1ax+FLAIRax,2,-1
Ventriculomegaly,131,0.8771139820559645,0.4279486526611584,label_id,0,availability,T1ax+FLAIRax,2,-1
Cerebellar degeneration,43,0.9084687489864098,0.38035144496566137,label_id,0,availability,T1ax+FLAIRax,2,-1
Mega cisterna magna,23,0.7750732611685903,0.05758259684897815,label_id,0,availability,T1ax+FLAIRax,2,-1
Structure of cave of septum pellucidum,22,0.6542018119337707,0.05037735219867019,label_id,0,availability,T1ax+FLAIRax,2,-1
Cerebral infarction,42,0.9109673137547701,0.3088465202120794,label_id,0,availability,T1ax+T2ax,2,-1
Demyelinating disease of central nervous system,21,0.741529304029304,0.1014241487612631,label_id,0,availability,T1ax+T2ax,2,-1
Lacunar infarct,21,0.9028976975405547,0.11191931107886624,label_id,0,availability,T1ax+T2ax,2,-1
Gliosis,451,0.7659003384292218,0.5956134440404268,label_id,0,availability,T1ax+T2ax,2,-1
Cerebral atrophy,213,0.944341683009449,0.7517148252057897,label_id,0,availability,T1ax+T2ax,2,-1
Encephalomalacia,25,0.8742699724517906,0.16551339037792073,label_id,0,availability,T1ax+T2ax,2,-1
Arachnoid cyst,69,0.6910305500658762,0.10825916449373867,label_id,0,availability,T1ax+T2ax,2,-1
Empty sella syndrome,82,0.684780138123962,0.14268087246724104,label_id,0,availability,T1ax+T2ax,2,-1
Cerebral edema,23,0.8190000598050355,0.15511502332471144,label_id,0,availability,T1ax+T2ax,2,-1
Mastoiditis,23,0.6674540996351893,0.043788109621274524,label_id,0,availability,T1ax+T2ax,2,-1
Chronic mastoiditis,37,0.736204954954955,0.06028240950536554,label_id,0,availability,T1ax+T2ax,2,-1
Ventriculomegaly,131,0.8622211131653869,0.4151917134711125,label_id,0,availability,T1ax+T2ax,2,-1
Cerebellar degeneration,43,0.8905971262690149,0.38111543845765006,label_id,0,availability,T1ax+T2ax,2,-1
Mega cisterna magna,23,0.7669397763291669,0.04999721154013135,label_id,0,availability,T1ax+T2ax,2,-1
Structure of cave of septum pellucidum,22,0.6634801624492346,0.05870882208411465,label_id,0,availability,T1ax+T2ax,2,-1
Cerebral infarction,42,0.9179027708644434,0.31364094250355307,label_id,0,availability,T2ax+FLAIRax+T2cor,3,-1
Demyelinating disease of central nervous system,21,0.7497710622710623,0.13138310915475698,label_id,0,availability,T2ax+FLAIRax+T2cor,3,-1
Lacunar infarct,21,0.9095368916797488,0.11886962739439141,label_id,0,availability,T2ax+FLAIRax+T2cor,3,-1
Gliosis,451,0.7658095719713178,0.6062470280596097,label_id,0,availability,T2ax+FLAIRax+T2cor,3,-1
Cerebral atrophy,213,0.9530479289237536,0.7891811592597018,label_id,0,availability,T2ax+FLAIRax+T2cor,3,-1
Encephalomalacia,25,0.8650964187327823,0.22066350469429336,label_id,0,availability,T2ax+FLAIRax+T2cor,3,-1
Arachnoid cyst,69,0.6946949110671936,0.11179063669967766,label_id,0,availability,T2ax+FLAIRax+T2cor,3,-1
Empty sella syndrome,82,0.6839583879709765,0.14152769716961464,label_id,0,availability,T2ax+FLAIRax+T2cor,3,-1
Cerebral edema,23,0.8468991089049698,0.20037779665677571,label_id,0,availability,T2ax+FLAIRax+T2cor,3,-1
Mastoiditis,23,0.6468811673942945,0.039073586863322754,label_id,0,availability,T2ax+FLAIRax+T2cor,3,-1
Chronic mastoiditis,37,0.7730855855855856,0.07870618352414296,label_id,0,availability,T2ax+FLAIRax+T2cor,3,-1
Ventriculomegaly,131,0.8716014654673729,0.4235700714281271,label_id,0,availability,T2ax+FLAIRax+T2cor,3,-1
Cerebellar degeneration,43,0.8959002302876975,0.38800503352829596,label_id,0,availability,T2ax+FLAIRax+T2cor,3,-1
Mega cisterna magna,23,0.7390108247114408,0.04334845487387093,label_id,0,availability,T2ax+FLAIRax+T2cor,3,-1
Structure of cave of septum pellucidum,22,0.6823805060918462,0.0587968916367066,label_id,0,availability,T2ax+FLAIRax+T2cor,3,-1
Cerebral infarction,42,0.9181018748962999,0.3441746045511117,label_id,0,availability,T1ax+FLAIRax+T2cor,3,-1
Demyelinating disease of central nervous system,21,0.7478414442700156,0.15531220106345747,label_id,0,availability,T1ax+FLAIRax+T2cor,3,-1
Lacunar infarct,21,0.9029304029304028,0.13251253002675736,label_id,0,availability,T1ax+FLAIRax+T2cor,3,-1
Gliosis,451,0.7665616369082351,0.611047290792566,label_id,0,availability,T1ax+FLAIRax+T2cor,3,-1
Cerebral atrophy,213,0.9542216378439413,0.7929895458706597,label_id,0,availability,T1ax+FLAIRax+T2cor,3,-1
Encephalomalacia,25,0.8666115702479339,0.2622531140472562,label_id,0,availability,T1ax+FLAIRax+T2cor,3,-1
Arachnoid cyst,69,0.6932950428194994,0.10932296880042493,label_id,0,availability,T1ax+FLAIRax+T2cor,3,-1
Empty sella syndrome,82,0.6845703295742636,0.1376997935217999,label_id,0,availability,T1ax+FLAIRax+T2cor,3,-1
Cerebral edema,23,0.8463010585491298,0.1924372533279588,label_id,0,availability,T1ax+FLAIRax+T2cor,3,-1
Mastoiditis,23,0.6493630763710303,0.04988330361894171,label_id,0,availability,T1ax+FLAIRax+T2cor,3,-1
Chronic mastoiditis,37,0.7630067567567568,0.08767047607324507,label_id,0,availability,T1ax+FLAIRax+T2cor,3,-1
Ventriculomegaly,131,0.875457958554042,0.4298100839935759,label_id,0,availability,T1ax+FLAIRax+T2cor,3,-1
Cerebellar degeneration,43,0.9066037429859557,0.3757353324462516,label_id,0,availability,T1ax+FLAIRax+T2cor,3,-1
Mega cisterna magna,23,0.7555768195682077,0.04680123544221511,label_id,0,availability,T1ax+FLAIRax+T2cor,3,-1
Structure of cave of septum pellucidum,22,0.6825367072789753,0.057522904702428906,label_id,0,availability,T1ax+FLAIRax+T2cor,3,-1
Cerebral infarction,42,0.9161937945910071,0.32326294073616446,label_id,0,availability,T1ax+T2ax+T2cor,3,-1
Demyelinating disease of central nervous system,21,0.7453885400313971,0.12707159001881688,label_id,0,availability,T1ax+T2ax+T2cor,3,-1
Lacunar infarct,21,0.9066915227629512,0.12641342730510413,label_id,0,availability,T1ax+T2ax+T2cor,3,-1
Gliosis,451,0.7680614445697886,0.608339124003432,label_id,0,availability,T1ax+T2ax+T2cor,3,-1
Cerebral atrophy,213,0.947547096927557,0.7663575181357465,label_id,0,availability,T1ax+T2ax+T2cor,3,-1
Encephalomalacia,25,0.8670798898071626,0.1944739978142067,label_id,0,availability,T1ax+T2ax+T2cor,3,-1
Arachnoid cyst,69,0.691606966403162,0.11077812844003133,label_id,0,availability,T1ax+T2ax+T2cor,3,-1
Empty sella syndrome,82,0.6830667016347584,0.14298716616971552,label_id,0,availability,T1ax+T2ax+T2cor,3,-1
Cerebral edema,23,0.8279409126248429,0.15463371444270838,label_id,0,availability,T1ax+T2ax+T2cor,3,-1
Mastoiditis,23,0.6551043597870941,0.05020710008924693,label_id,0,availability,T1ax+T2ax+T2cor,3,-1
Chronic mastoiditis,37,0.7535848348348348,0.0707485459785221,label_id,0,availability,T1ax+T2ax+T2cor,3,-1
Ventriculomegaly,131,0.8625897485339656,0.41198482033058753,label_id,0,availability,T1ax+T2ax+T2cor,3,-1
Cerebellar degeneration,43,0.8912944763387499,0.3842368429228083,label_id,0,availability,T1ax+T2ax+T2cor,3,-1
Mega cisterna magna,23,0.7522875426110878,0.04219514935132373,label_id,0,availability,T1ax+T2ax+T2cor,3,-1
Structure of cave of septum pellucidum,22,0.6786629178381756,0.060777505180254404,label_id,0,availability,T1ax+T2ax+T2cor,3,-1
Cerebral infarction,42,0.9144682263149162,0.3260037663692957,label_id,0,availability,T1ax+T2ax+FLAIRax,3,-1
Demyelinating disease of central nervous system,21,0.7501308215593929,0.13381039834767375,label_id,0,availability,T1ax+T2ax+FLAIRax,3,-1
Lacunar infarct,21,0.903748037676609,0.11108545857948257,label_id,0,availability,T1ax+T2ax+FLAIRax,3,-1
Gliosis,451,0.7664103594783954,0.6006098249539296,label_id,0,availability,T1ax+T2ax+FLAIRax,3,-1
Cerebral atrophy,213,0.9533487846912699,0.7911913849572849,label_id,0,availability,T1ax+T2ax+FLAIRax,3,-1
Encephalomalacia,25,0.8748760330578512,0.21898332496950101,label_id,0,availability,T1ax+T2ax+FLAIRax,3,-1
Arachnoid cyst,69,0.695013998682477,0.11890052397386389,label_id,0,availability,T1ax+T2ax+FLAIRax,3,-1
Empty sella syndrome,82,0.6869831278957952,0.14369313541661052,label_id,0,availability,T1ax+T2ax+FLAIRax,3,-1
Cerebral edema,23,0.8414568506668262,0.18973884743742023,label_id,0,availability,T1ax+T2ax+FLAIRax,3,-1
Mastoiditis,23,0.6589617845822617,0.05055507584412285,label_id,0,availability,T1ax+T2ax+FLAIRax,3,-1
Chronic mastoiditis,37,0.7508821321321322,0.06895902482783924,label_id,0,availability,T1ax+T2ax+FLAIRax,3,-1
Ventriculomegaly,131,0.8741251999137959,0.42620699297921416,label_id,0,availability,T1ax+T2ax+FLAIRax,3,-1
Cerebellar degeneration,43,0.9014790308455776,0.3937522918972858,label_id,0,availability,T1ax+T2ax+FLAIRax,3,-1
Mega cisterna magna,23,0.7674481191316309,0.05230909701683133,label_id,0,availability,T1ax+T2ax+FLAIRax,3,-1
Structure of cave of septum pellucidum,22,0.669978131833802,0.05576256202351196,label_id,0,availability,T1ax+T2ax+FLAIRax,3,-1
Cerebral infarction,42,0.9171395387423262,0.3271308954701829,label_id,0,availability,T1ax+T2ax+FLAIRax+T2cor,4,-1
Demyelinating disease of central nervous system,21,0.7509484563055993,0.1486912196353816,label_id,0,availability,T1ax+T2ax+FLAIRax+T2cor,4,-1
Lacunar infarct,21,0.9067896389324961,0.11668167046631801,label_id,0,availability,T1ax+T2ax+FLAIRax+T2cor,4,-1
Gliosis,451,0.7677826618776554,0.6082465872598939,label_id,0,availability,T1ax+T2ax+FLAIRax+T2cor,4,-1
Cerebral atrophy,213,0.9535976406964998,0.7914963716209784,label_id,0,availability,T1ax+T2ax+FLAIRax+T2cor,4,-1
Encephalomalacia,25,0.8695592286501378,0.22354192508974252,label_id,0,availability,T1ax+T2ax+FLAIRax+T2cor,4,-1
Arachnoid cyst,69,0.694242012516469,0.10948935778216563,label_id,0,availability,T1ax+T2ax+FLAIRax+T2cor,4,-1
Empty sella syndrome,82,0.6851298190401259,0.1422018390134655,label_id,0,availability,T1ax+T2ax+FLAIRax+T2cor,4,-1
Cerebral edema,23,0.8441779797858979,0.193559206711086,label_id,0,availability,T1ax+T2ax+FLAIRax+T2cor,4,-1
Mastoiditis,23,0.6540876741821662,0.05036670979082988,label_id,0,availability,T1ax+T2ax+FLAIRax+T2cor,4,-1
Chronic mastoiditis,37,0.7653716216216215,0.07244764724664372,label_id,0,availability,T1ax+T2ax+FLAIRax+T2cor,4,-1
Ventriculomegaly,131,0.8729625806744326,0.4282741168823731,label_id,0,availability,T1ax+T2ax+FLAIRax+T2cor,4,-1
Cerebellar degeneration,43,0.8991437189841393,0.3922399697503803,label_id,0,availability,T1ax+T2ax+FLAIRax+T2cor,4,-1
Mega cisterna magna,23,0.7575204832246875,0.04703698221279601,label_id,0,availability,T1ax+T2ax+FLAIRax+T2cor,4,-1
Structure of cave of septum pellucidum,22,0.680818494220556,0.05889829134893438,label_id,0,availability,T1ax+T2ax+FLAIRax+T2cor,4,-1
Cerebral infarction,42,0.9076820972291355,0.27275879734956604,label_id,0,budget,all4,1,1
Demyelinating disease of central nervous system,21,0.7354788069073782,0.10376242800730763,label_id,0,budget,all4,1,1
Lacunar infarct,21,0.9058084772370487,0.10361868002737909,label_id,0,budget,all4,1,1
Gliosis,451,0.7564368546396787,0.5925131150945976,label_id,0,budget,all4,1,1
Cerebral atrophy,213,0.9492816604266953,0.7858262685055917,label_id,0,budget,all4,1,1
Encephalomalacia,25,0.8649862258953168,0.13037862069566677,label_id,0,budget,all4,1,1
Arachnoid cyst,69,0.6883955039525692,0.10908899787345644,label_id,0,budget,all4,1,1
Empty sella syndrome,82,0.6929539295392955,0.13743149144467176,label_id,0,budget,all4,1,1
Cerebral edema,23,0.8392440643502183,0.18937993615911383,label_id,0,budget,all4,1,1
Mastoiditis,23,0.671042401770229,0.05348040847201495,label_id,0,budget,all4,1,1
Chronic mastoiditis,37,0.7266141141141143,0.0831965970176262,label_id,0,budget,all4,1,1
Ventriculomegaly,131,0.872928552794256,0.4112265173559791,label_id,0,budget,all4,1,1
Cerebellar degeneration,43,0.8805260938665628,0.339544054303164,label_id,0,budget,all4,1,1
Mega cisterna magna,23,0.7921775013456133,0.049032111356764,label_id,0,budget,all4,1,1
Structure of cave of septum pellucidum,22,0.668197438300531,0.06177848536041897,label_id,0,budget,all4,1,1
Cerebral infarction,42,0.9141861622697859,0.30147354840538787,label_id,0,budget,all4,2,2
Demyelinating disease of central nervous system,21,0.7315541601255888,0.1160749763148073,label_id,0,budget,all4,2,2
Lacunar infarct,21,0.907312925170068,0.1171684520501172,label_id,0,budget,all4,2,2
Gliosis,451,0.7649235184536853,0.6057307763785948,label_id,0,budget,all4,2,2
Cerebral atrophy,213,0.9521230760087954,0.7826924209260245,label_id,0,budget,all4,2,2
Encephalomalacia,25,0.8651515151515151,0.20199553016767116,label_id,0,budget,all4,2,2
Arachnoid cyst,69,0.6912569993412385,0.1100033113264627,label_id,0,budget,all4,2,2
Empty sella syndrome,82,0.6893085059882855,0.1414305760484222,label_id,0,budget,all4,2,2
Cerebral edema,23,0.8414867531846181,0.19000656815925018,label_id,0,budget,all4,2,2
Mastoiditis,23,0.6613539860056217,0.05167120755338364,label_id,0,budget,all4,2,2
Chronic mastoiditis,37,0.7555743243243244,0.07260932141021478,label_id,0,budget,all4,2,2
Ventriculomegaly,131,0.87295690936107,0.4221528385636472,label_id,0,budget,all4,2,2
Cerebellar degeneration,43,0.8974733223054717,0.37133490661611673,label_id,0,budget,all4,2,2
Mega cisterna magna,23,0.764427964834639,0.046110604061539225,label_id,0,budget,all4,2,2
Structure of cave of septum pellucidum,22,0.6818806622930333,0.053979469493791656,label_id,0,budget,all4,2,2
Cerebral infarction,42,0.9173552347768376,0.3129079988576251,label_id,0,budget,all4,3,3
Demyelinating disease of central nervous system,21,0.7365907901622187,0.14893140539418032,label_id,0,budget,all4,3,3
Lacunar infarct,21,0.9036826268969126,0.11519480564681674,label_id,0,budget,all4,3,3
Gliosis,451,0.7671667466275939,0.6057825253875452,label_id,0,budget,all4,3,3
Cerebral atrophy,213,0.9514656504427409,0.7867932642939499,label_id,0,budget,all4,3,3
Encephalomalacia,25,0.8705509641873279,0.2295491451879731,label_id,0,budget,all4,3,3
Arachnoid cyst,69,0.6966403162055337,0.10912057234531854,label_id,0,budget,all4,3,3
Empty sella syndrome,82,0.6847713961010577,0.1429605911656788,label_id,0,budget,all4,3,3
Cerebral edema,23,0.8367023503378985,0.1803173741018626,label_id,0,budget,all4,3,3
Mastoiditis,23,0.6609353507565336,0.050589325922162705,label_id,0,budget,all4,3,3
Chronic mastoiditis,37,0.7719782282282283,0.0740046354585464,label_id,0,budget,all4,3,3
Ventriculomegaly,131,0.8697469459977543,0.41945510164871236,label_id,0,budget,all4,3,3
Cerebellar degeneration,43,0.8963543187051992,0.36452421288169695,label_id,0,budget,all4,3,3
Mega cisterna magna,23,0.7511512469349919,0.04746965075234699,label_id,0,budget,all4,3,3
Structure of cave of septum pellucidum,22,0.681630740393627,0.061010071459635995,label_id,0,budget,all4,3,3
Cerebral infarction,42,0.9182843869255018,0.3364210030895196,label_id,0,budget,all4,4,4
Demyelinating disease of central nervous system,21,0.7442765567765567,0.1508913920402843,label_id,0,budget,all4,4,4
Lacunar infarct,21,0.9054160125588697,0.1235723780820189,label_id,0,budget,all4,4,4
Gliosis,451,0.76779995072678,0.6074881671508487,label_id,0,budget,all4,4,4
Cerebral atrophy,213,0.9529513579366494,0.7856566712478927,label_id,0,budget,all4,4,4
Encephalomalacia,25,0.8701652892561983,0.24779618366831252,label_id,0,budget,all4,4,4
Arachnoid cyst,69,0.6958168642951252,0.10965244669584925,label_id,0,budget,all4,4,4
Empty sella syndrome,82,0.6848675583530028,0.14158709401822925,label_id,0,budget,all4,4,4
Cerebral edema,23,0.8317086298666347,0.17951523512249093,label_id,0,budget,all4,4,4
Mastoiditis,23,0.6442198433108068,0.04898211373301237,label_id,0,budget,all4,4,4
Chronic mastoiditis,37,0.7723723723723724,0.07475624422271751,label_id,0,budget,all4,4,4
Ventriculomegaly,131,0.8724521624717853,0.4296028149789494,label_id,0,budget,all4,4,4
Cerebellar degeneration,43,0.9003600272453051,0.4013329873624177,label_id,0,budget,all4,4,4
Mega cisterna magna,23,0.7486095329226721,0.04675913346252436,label_id,0,budget,all4,4,4
Structure of cave of septum pellucidum,22,0.6722586691658857,0.05864678134607095,label_id,0,budget,all4,4,4
Cerebral infarction,42,0.9179193628670981,0.29930246182153797,queryseq,0,availability,T2cor,1,-1
Demyelinating disease of central nervous system,21,0.7596153846153846,0.20980627080777983,queryseq,0,availability,T2cor,1,-1
Lacunar infarct,21,0.9082613814756672,0.13166295595967267,queryseq,0,availability,T2cor,1,-1
Gliosis,451,0.7604089677260408,0.6085220174931977,queryseq,0,availability,T2cor,1,-1
Cerebral atrophy,213,0.9349705829916206,0.7093185759078987,queryseq,0,availability,T2cor,1,-1
Encephalomalacia,25,0.8423691460055096,0.16758394749329264,queryseq,0,availability,T2cor,1,-1
Arachnoid cyst,69,0.6804080204216074,0.10946394716789523,queryseq,0,availability,T2cor,1,-1
Empty sella syndrome,82,0.6753037852959175,0.12997222499665229,queryseq,0,availability,T2cor,1,-1
Cerebral edema,23,0.795317265713773,0.18030252790281925,queryseq,0,availability,T2cor,1,-1
Mastoiditis,23,0.6174869924047605,0.03457851117181484,queryseq,0,availability,T2cor,1,-1
Chronic mastoiditis,37,0.7680367867867868,0.07587018337670806,queryseq,0,availability,T2cor,1,-1
Ventriculomegaly,131,0.8604403207694838,0.40916663714836793,queryseq,0,availability,T2cor,1,-1
Cerebellar degeneration,43,0.8763095585611883,0.28146047940492075,queryseq,0,availability,T2cor,1,-1
Mega cisterna magna,23,0.6902099156748998,0.03233288688355737,queryseq,0,availability,T2cor,1,-1
Structure of cave of septum pellucidum,22,0.6898469228366135,0.06237579586109636,queryseq,0,availability,T2cor,1,-1
Cerebral infarction,42,0.9116641778662685,0.29948259645356384,queryseq,0,availability,FLAIRax,1,-1
Demyelinating disease of central nervous system,21,0.7132718472004186,0.09665799123672188,queryseq,0,availability,FLAIRax,1,-1
Lacunar infarct,21,0.9000850340136055,0.09845379998444112,queryseq,0,availability,FLAIRax,1,-1
Gliosis,451,0.7571413752415036,0.5933540195620501,queryseq,0,availability,FLAIRax,1,-1
Cerebral atrophy,213,0.9497459440185416,0.76587477749189,queryseq,0,availability,FLAIRax,1,-1
Encephalomalacia,25,0.8772451790633609,0.20784447011914442,queryseq,0,availability,FLAIRax,1,-1
Arachnoid cyst,69,0.6753129117259552,0.10688201982402144,queryseq,0,availability,FLAIRax,1,-1
Empty sella syndrome,82,0.679377567969228,0.1296823720241965,queryseq,0,availability,FLAIRax,1,-1
Cerebral edema,23,0.8412774355600742,0.20136689472751146,queryseq,0,availability,FLAIRax,1,-1
Mastoiditis,23,0.6476885353746786,0.037217638501610965,queryseq,0,availability,FLAIRax,1,-1
Chronic mastoiditis,37,0.7525713213213213,0.06770836097416075,queryseq,0,availability,FLAIRax,1,-1
Ventriculomegaly,131,0.8861540555561856,0.4360906964670623,queryseq,0,availability,FLAIRax,1,-1
Cerebellar degeneration,43,0.9020952936979014,0.3347120916646891,queryseq,0,availability,FLAIRax,1,-1
Mega cisterna magna,23,0.7413432210992166,0.04834139128377633,queryseq,0,availability,FLAIRax,1,-1
Structure of cave of septum pellucidum,22,0.6719775070290535,0.0549237564629682,queryseq,0,availability,FLAIRax,1,-1
Cerebral infarction,42,0.9094242575078811,0.2794498261483869,queryseq,0,availability,T2ax,1,-1
Demyelinating disease of central nervous system,21,0.7637362637362637,0.10506221413372525,queryseq,0,availability,T2ax,1,-1
Lacunar infarct,21,0.9126111983254841,0.11651058790749247,queryseq,0,availability,T2ax,1,-1
Gliosis,451,0.7639121207799,0.5916265999307283,queryseq,0,availability,T2ax,1,-1
Cerebral atrophy,213,0.9376188565995127,0.7085399593300522,queryseq,0,availability,T2ax,1,-1
Encephalomalacia,25,0.8763085399449037,0.13570195064405602,queryseq,0,availability,T2ax,1,-1
Arachnoid cyst,69,0.6857501646903821,0.10034421904589898,queryseq,0,availability,T2ax,1,-1
Empty sella syndrome,82,0.6830492175889501,0.1472892026038546,queryseq,0,availability,T2ax,1,-1
Cerebral edema,23,0.8194485975719156,0.167157185069303,queryseq,0,availability,T2ax,1,-1
Mastoiditis,23,0.6734047006757968,0.03351193870113316,queryseq,0,availability,T2ax,1,-1
Chronic mastoiditis,37,0.7521396396396396,0.06303481394182528,queryseq,0,availability,T2ax,1,-1
Ventriculomegaly,131,0.8561074373603439,0.4191289261186776,queryseq,0,availability,T2ax,1,-1
Cerebellar degeneration,43,0.8709902370990237,0.3470342983851861,queryseq,0,availability,T2ax,1,-1
Mega cisterna magna,23,0.7269601100412656,0.04166783191109755,queryseq,0,availability,T2ax,1,-1
Structure of cave of septum pellucidum,22,0.6767885035926273,0.05359299553393848,queryseq,0,availability,T2ax,1,-1
Cerebral infarction,42,0.9102870416459267,0.3539266885179052,queryseq,0,availability,T1ax,1,-1
Demyelinating disease of central nervous system,21,0.7440149136577708,0.13530628886776638,queryseq,0,availability,T1ax,1,-1
Lacunar infarct,21,0.8921049188906331,0.12528582523964377,queryseq,0,availability,T1ax,1,-1
Gliosis,451,0.7629633951841911,0.590901510560955,queryseq,0,availability,T1ax,1,-1
Cerebral atrophy,213,0.9366568609972069,0.7070623623599523,queryseq,0,availability,T1ax,1,-1
Encephalomalacia,25,0.8777134986225895,0.19039081841665464,queryseq,0,availability,T1ax,1,-1
Arachnoid cyst,69,0.6699398880105403,0.08085426558878847,queryseq,0,availability,T1ax,1,-1
Empty sella syndrome,82,0.6785295917475305,0.1471688999361428,queryseq,0,availability,T1ax,1,-1
Cerebral edema,23,0.7790502960349261,0.11520708063173195,queryseq,0,availability,T1ax,1,-1
Mastoiditis,23,0.6690688355959572,0.03542017554134248,queryseq,0,availability,T1ax,1,-1
Chronic mastoiditis,37,0.7210585585585585,0.061912984071919974,queryseq,0,availability,T1ax,1,-1
Ventriculomegaly,131,0.8628222723818381,0.41124284451751186,queryseq,0,availability,T1ax,1,-1
Cerebellar degeneration,43,0.9060523499075606,0.3384970463216273,queryseq,0,availability,T1ax,1,-1
Mega cisterna magna,23,0.7466359667484002,0.050056398854220197,queryseq,0,availability,T1ax,1,-1
Structure of cave of septum pellucidum,22,0.6258669165885661,0.05297840054972191,queryseq,0,availability,T1ax,1,-1
Cerebral infarction,42,0.9217355234776837,0.3028646589095259,queryseq,0,availability,FLAIRax+T2cor,2,-1
Demyelinating disease of central nervous system,21,0.7284798534798534,0.18759626309908015,queryseq,0,availability,FLAIRax+T2cor,2,-1
Lacunar infarct,21,0.9077708006279435,0.11382323515920553,queryseq,0,availability,FLAIRax+T2cor,2,-1
Gliosis,451,0.7674217571521808,0.6163000798324421,queryseq,0,availability,FLAIRax+T2cor,2,-1
Cerebral atrophy,213,0.9522790752956557,0.7612748185181974,queryseq,0,availability,FLAIRax+T2cor,2,-1
Encephalomalacia,25,0.8769146005509642,0.2004197447979453,queryseq,0,availability,FLAIRax+T2cor,2,-1
Arachnoid cyst,69,0.6865633234519104,0.10232133704673799,queryseq,0,availability,FLAIRax+T2cor,2,-1
Empty sella syndrome,82,0.6813357810997465,0.13407080622131104,queryseq,0,availability,FLAIRax+T2cor,2,-1
Cerebral edema,23,0.8455235930865379,0.21297025058730237,queryseq,0,availability,FLAIRax+T2cor,2,-1
Mastoiditis,23,0.6449076012200228,0.042691503139709874,queryseq,0,availability,FLAIRax+T2cor,2,-1
Chronic mastoiditis,37,0.778978978978979,0.08789891101192736,queryseq,0,availability,FLAIRax+T2cor,2,-1
Ventriculomegaly,131,0.8831482594739288,0.43813823077537783,queryseq,0,availability,FLAIRax+T2cor,2,-1
Cerebellar degeneration,43,0.8977814537316338,0.3230844607841724,queryseq,0,availability,FLAIRax+T2cor,2,-1
Mega cisterna magna,23,0.7143711500508343,0.03761569786554971,queryseq,0,availability,FLAIRax+T2cor,2,-1
Structure of cave of septum pellucidum,22,0.693783192752265,0.06606333721877564,queryseq,0,availability,FLAIRax+T2cor,2,-1
Cerebral infarction,42,0.919877219180355,0.3027559256922218,queryseq,0,availability,T2ax+T2cor,2,-1
Demyelinating disease of central nervous system,21,0.7623626373626373,0.14202709060459962,queryseq,0,availability,T2ax+T2cor,2,-1
Lacunar infarct,21,0.9158490319204604,0.1260624302322582,queryseq,0,availability,T2ax+T2cor,2,-1
Gliosis,451,0.7686557487584446,0.61224256345439,queryseq,0,availability,T2ax+T2cor,2,-1
Cerebral atrophy,213,0.9430305461460747,0.7285443263298222,queryseq,0,availability,T2ax+T2cor,2,-1
Encephalomalacia,25,0.8747107438016528,0.17454605720808486,queryseq,0,availability,T2ax+T2cor,2,-1
Arachnoid cyst,69,0.6860486660079052,0.09888700607307009,queryseq,0,availability,T2ax+T2cor,2,-1
Empty sella syndrome,82,0.6824285339627589,0.14142875703650198,queryseq,0,availability,T2ax+T2cor,2,-1
Cerebral edema,23,0.8267448119131631,0.17706685952178067,queryseq,0,availability,T2ax+T2cor,2,-1
Mastoiditis,23,0.6603971054362778,0.036200327703962254,queryseq,0,availability,T2ax+T2cor,2,-1
Chronic mastoiditis,37,0.7686186186186186,0.07141576836292426,queryseq,0,availability,T2ax+T2cor,2,-1
Ventriculomegaly,131,0.8643478556764176,0.42113714497673904,queryseq,0,availability,T2ax+T2cor,2,-1
Cerebellar degeneration,43,0.8778664331354805,0.3431794426307511,queryseq,0,availability,T2ax+T2cor,2,-1
Mega cisterna magna,23,0.7091681119550266,0.03457293533610457,queryseq,0,availability,T2ax+T2cor,2,-1
Structure of cave of septum pellucidum,22,0.686410496719775,0.05660703591181293,queryseq,0,availability,T2ax+T2cor,2,-1
Cerebral infarction,42,0.9147502903600465,0.29628479724608037,queryseq,0,availability,T2ax+FLAIRax,2,-1
Demyelinating disease of central nervous system,21,0.7407116692830978,0.11963709808877587,queryseq,0,availability,T2ax+FLAIRax,2,-1
Lacunar infarct,21,0.9086211407639979,0.10824310005402714,queryseq,0,availability,T2ax+FLAIRax,2,-1
Gliosis,451,0.767640028872378,0.6025644516364427,queryseq,0,availability,T2ax+FLAIRax,2,-1
Cerebral atrophy,213,0.9512167944375111,0.7575956457000628,queryseq,0,availability,T2ax+FLAIRax,2,-1
Encephalomalacia,25,0.8834159779614326,0.1525710405112874,queryseq,0,availability,T2ax+FLAIRax,2,-1
Arachnoid cyst,69,0.6835268445322793,0.11073031856652046,queryseq,0,availability,T2ax+FLAIRax,2,-1
Empty sella syndrome,82,0.6832240580470321,0.14258884367520513,queryseq,0,availability,T2ax+FLAIRax,2,-1
Cerebral edema,23,0.8366724478201065,0.20616810475969585,queryseq,0,availability,T2ax+FLAIRax,2,-1
Mastoiditis,23,0.6678129298486932,0.03712515012526248,queryseq,0,availability,T2ax+FLAIRax,2,-1
Chronic mastoiditis,37,0.765746996996997,0.06794263738237163,queryseq,0,availability,T2ax+FLAIRax,2,-1
Ventriculomegaly,131,0.8802161904653878,0.44287940358131983,queryseq,0,availability,T2ax+FLAIRax,2,-1
Cerebellar degeneration,43,0.8918620868606273,0.3717296821676899,queryseq,0,availability,T2ax+FLAIRax,2,-1
Mega cisterna magna,23,0.7377549189641768,0.04538742336532751,queryseq,0,availability,T2ax+FLAIRax,2,-1
Structure of cave of septum pellucidum,22,0.6869728209934396,0.060620722521502184,queryseq,0,availability,T2ax+FLAIRax,2,-1
Cerebral infarction,42,0.9228969636635141,0.36271107837359123,queryseq,0,availability,T1ax+T2cor,2,-1
Demyelinating disease of central nervous system,21,0.7566064887493459,0.17539686393835757,queryseq,0,availability,T1ax+T2cor,2,-1
Lacunar infarct,21,0.9102564102564102,0.1430307002845083,queryseq,0,availability,T1ax+T2cor,2,-1
Gliosis,451,0.769801135012945,0.618410482669556,queryseq,0,availability,T1ax+T2cor,2,-1
Cerebral atrophy,213,0.9453928210613894,0.745097341333039,queryseq,0,availability,T1ax+T2cor,2,-1
Encephalomalacia,25,0.8714876033057851,0.20136324682058682,queryseq,0,availability,T1ax+T2cor,2,-1
Arachnoid cyst,69,0.6803668478260869,0.10882034845795997,queryseq,0,availability,T1ax+T2cor,2,-1
Empty sella syndrome,82,0.6815543316723489,0.13755284936921425,queryseq,0,availability,T1ax+T2cor,2,-1
Cerebral edema,23,0.8127803361042999,0.16477338222241716,queryseq,0,availability,T1ax+T2cor,2,-1
Mastoiditis,23,0.6496022965133664,0.035192768787970896,queryseq,0,availability,T1ax+T2cor,2,-1
Chronic mastoiditis,37,0.7450262762762763,0.06664020313151878,queryseq,0,availability,T1ax+T2cor,2,-1
Ventriculomegaly,131,0.8697866451912935,0.42154299141826385,queryseq,0,availability,T1ax+T2cor,2,-1
Cerebellar degeneration,43,0.8949758360092116,0.32025465635046246,queryseq,0,availability,T1ax+T2cor,2,-1
Mega cisterna magna,23,0.7147000777465463,0.03474365537260391,queryseq,0,availability,T1ax+T2cor,2,-1
Structure of cave of septum pellucidum,22,0.6827866291783817,0.09246292242337217,queryseq,0,availability,T1ax+T2cor,2,-1
Cerebral infarction,42,0.9147005143520822,0.33523760539502345,queryseq,0,availability,T1ax+FLAIRax,2,-1
Demyelinating disease of central nervous system,21,0.7267791732077445,0.16678645250611487,queryseq,0,availability,T1ax+FLAIRax,2,-1
Lacunar infarct,21,0.8996271585557299,0.14430869830120766,queryseq,0,availability,T1ax+FLAIRax,2,-1
Gliosis,451,0.7658960162169405,0.6029116368065036,queryseq,0,availability,T1ax+FLAIRax,2,-1
Cerebral atrophy,213,0.9527322160812979,0.7652390230057974,queryseq,0,availability,T1ax+FLAIRax,2,-1
Encephalomalacia,25,0.8816253443526171,0.1961418286148552,queryseq,0,availability,T1ax+FLAIRax,2,-1
Arachnoid cyst,69,0.6787817028985508,0.09679104118833147,queryseq,0,availability,T1ax+FLAIRax,2,-1
Empty sella syndrome,82,0.6825334382376081,0.1366154594419442,queryseq,0,availability,T1ax+FLAIRax,2,-1
Cerebral edema,23,0.8371508881047784,0.17544404546317946,queryseq,0,availability,T1ax+FLAIRax,2,-1
Mastoiditis,23,0.6578254889061659,0.034951801138002475,queryseq,0,availability,T1ax+FLAIRax,2,-1
Chronic mastoiditis,37,0.7549924924924925,0.0646275085704559,queryseq,0,availability,T1ax+FLAIRax,2,-1
Ventriculomegaly,131,0.8862447965699897,0.4412797729474208,queryseq,0,availability,T1ax+FLAIRax,2,-1
Cerebellar degeneration,43,0.9092958386040024,0.3654660903790082,queryseq,0,availability,T1ax+FLAIRax,2,-1
Mega cisterna magna,23,0.7539919861252317,0.04996362310081825,queryseq,0,availability,T1ax+FLAIRax,2,-1
Structure of cave of septum pellucidum,22,0.6654482974070604,0.0555321184171773,queryseq,0,availability,T1ax+FLAIRax,2,-1
Cerebral infarction,42,0.9129915380786461,0.31542705317626335,queryseq,0,availability,T1ax+T2ax,2,-1
Demyelinating disease of central nervous system,21,0.7582744636316066,0.11493998328719351,queryseq,0,availability,T1ax+T2ax,2,-1
Lacunar infarct,21,0.9119897959183674,0.12512476671344505,queryseq,0,availability,T1ax+T2ax,2,-1
Gliosis,451,0.7681673387706762,0.5976501797489675,queryseq,0,availability,T1ax+T2ax,2,-1
Cerebral atrophy,213,0.9423136922802638,0.7263776610676521,queryseq,0,availability,T1ax+T2ax,2,-1
Encephalomalacia,25,0.8809090909090909,0.15364608265021068,queryseq,0,availability,T1ax+T2ax,2,-1
Arachnoid cyst,69,0.6854207839262187,0.09730808432705262,queryseq,0,availability,T1ax+T2ax,2,-1
Empty sella syndrome,82,0.6828918611766763,0.1467141709675782,queryseq,0,availability,T1ax+T2ax,2,-1
Cerebral edema,23,0.8159201004724598,0.15858460021547882,queryseq,0,availability,T1ax+T2ax,2,-1
Mastoiditis,23,0.6744213862807249,0.03450036562669584,queryseq,0,availability,T1ax+T2ax,2,-1
Chronic mastoiditis,37,0.7476351351351351,0.05782608870838604,queryseq,0,availability,T1ax+T2ax,2,-1
Ventriculomegaly,131,0.8632816487642209,0.4310999293175401,queryseq,0,availability,T1ax+T2ax,2,-1
Cerebellar degeneration,43,0.8841425837630956,0.3571721318935825,queryseq,0,availability,T1ax+T2ax,2,-1
Mega cisterna magna,23,0.7411937085102567,0.04435383461426778,queryseq,0,availability,T1ax+T2ax,2,-1
Structure of cave of septum pellucidum,22,0.676038737894408,0.05522975429856712,queryseq,0,availability,T1ax+T2ax,2,-1
Cerebral infarction,42,0.9206570433051269,0.31747949872224507,queryseq,0,availability,T2ax+FLAIRax+T2cor,3,-1
Demyelinating disease of central nervous system,21,0.7466640502354788,0.1740515765548101,queryseq,0,availability,T2ax+FLAIRax+T2cor,3,-1
Lacunar infarct,21,0.9118589743589743,0.11647935702493645,queryseq,0,availability,T2ax+FLAIRax+T2cor,3,-1
Gliosis,451,0.7703089949559783,0.6138610022106104,queryseq,0,availability,T2ax+FLAIRax+T2cor,3,-1
Cerebral atrophy,213,0.9513542223806977,0.7561125924832792,queryseq,0,availability,T2ax+FLAIRax+T2cor,3,-1
Encephalomalacia,25,0.8821763085399449,0.1670980854438309,queryseq,0,availability,T2ax+FLAIRax+T2cor,3,-1
Arachnoid cyst,69,0.6857295783926218,0.09994034751154185,queryseq,0,availability,T2ax+FLAIRax+T2cor,3,-1
Empty sella syndrome,82,0.6833377043447854,0.14298229280764513,queryseq,0,availability,T2ax+FLAIRax+T2cor,3,-1
Cerebral edema,23,0.8405597751330662,0.21223541878989408,queryseq,0,availability,T2ax+FLAIRax+T2cor,3,-1
Mastoiditis,23,0.6614436935589977,0.038287464429565016,queryseq,0,availability,T2ax+FLAIRax+T2cor,3,-1
Chronic mastoiditis,37,0.7743243243243243,0.07372020824759534,queryseq,0,availability,T2ax+FLAIRax+T2cor,3,-1
Ventriculomegaly,131,0.8794448918480541,0.4408812122988306,queryseq,0,availability,T2ax+FLAIRax+T2cor,3,-1
Cerebellar degeneration,43,0.8906619960429438,0.365045454912476,queryseq,0,availability,T2ax+FLAIRax+T2cor,3,-1
Mega cisterna magna,23,0.7227737575503858,0.03900353404442418,queryseq,0,availability,T2ax+FLAIRax+T2cor,3,-1
Structure of cave of septum pellucidum,22,0.6922524211184005,0.06384379461706985,queryseq,0,availability,T2ax+FLAIRax+T2cor,3,-1
Cerebral infarction,42,0.9217355234776837,0.3256411040936988,queryseq,0,availability,T1ax+FLAIRax+T2cor,3,-1
Demyelinating disease of central nervous system,21,0.7370486656200942,0.18006431688001195,queryseq,0,availability,T1ax+FLAIRax+T2cor,3,-1
Lacunar infarct,21,0.9074437467294609,0.1247177689835853,queryseq,0,availability,T1ax+FLAIRax+T2cor,3,-1
Gliosis,451,0.770864399234104,0.6185611993090193,queryseq,0,availability,T1ax+FLAIRax+T2cor,3,-1
Cerebral atrophy,213,0.9534899269031913,0.7660516339236044,queryseq,0,availability,T1ax+FLAIRax+T2cor,3,-1
Encephalomalacia,25,0.8811019283746557,0.2246115213714695,queryseq,0,availability,T1ax+FLAIRax+T2cor,3,-1
Arachnoid cyst,69,0.684082674571805,0.09927044773172532,queryseq,0,availability,T1ax+FLAIRax+T2cor,3,-1
Empty sella syndrome,82,0.6832765101844566,0.13648515347888182,queryseq,0,availability,T1ax+FLAIRax+T2cor,3,-1
Cerebral edema,23,0.8411877280066982,0.19254776669469084,queryseq,0,availability,T1ax+FLAIRax+T2cor,3,-1
Mastoiditis,23,0.6533401112373661,0.038433977991109744,queryseq,0,availability,T1ax+FLAIRax+T2cor,3,-1
Chronic mastoiditis,37,0.7680180180180181,0.07250429446190469,queryseq,0,availability,T1ax+FLAIRax+T2cor,3,-1
Ventriculomegaly,131,0.8837664326304686,0.4438377664415109,queryseq,0,availability,T1ax+FLAIRax+T2cor,3,-1
Cerebellar degeneration,43,0.9040251694722844,0.343398077927957,queryseq,0,availability,T1ax+FLAIRax+T2cor,3,-1
Mega cisterna magna,23,0.7295317265713773,0.038919887089086405,queryseq,0,availability,T1ax+FLAIRax+T2cor,3,-1
Structure of cave of septum pellucidum,22,0.6881599500156201,0.06705752138067547,queryseq,0,availability,T1ax+FLAIRax+T2cor,3,-1
Cerebral infarction,42,0.9204413472706156,0.33470544258452106,queryseq,0,availability,T1ax+T2ax+T2cor,3,-1
Demyelinating disease of central nervous system,21,0.7585361067503925,0.16499455643675492,queryseq,0,availability,T1ax+T2ax+T2cor,3,-1
Lacunar infarct,21,0.9145735217163788,0.13258772520448275,queryseq,0,availability,T1ax+T2ax+T2cor,3,-1
Gliosis,451,0.7709054602507748,0.6142499240619802,queryseq,0,availability,T1ax+T2ax+T2cor,3,-1
Cerebral atrophy,213,0.945545106079515,0.741485968652297,queryseq,0,availability,T1ax+T2ax+T2cor,3,-1
Encephalomalacia,25,0.8793939393939394,0.18715015299870422,queryseq,0,availability,T1ax+T2ax+T2cor,3,-1
Arachnoid cyst,69,0.6849781785243741,0.09835999545448751,queryseq,0,availability,T1ax+T2ax+T2cor,3,-1
Empty sella syndrome,82,0.6834513506425387,0.14297787661923617,queryseq,0,availability,T1ax+T2ax+T2cor,3,-1
Cerebral edema,23,0.8241133903474672,0.1783795368741063,queryseq,0,availability,T1ax+T2ax+T2cor,3,-1
Mastoiditis,23,0.6641648226780695,0.037503674193624374,queryseq,0,availability,T1ax+T2ax+T2cor,3,-1
Chronic mastoiditis,37,0.7630818318318319,0.06392841659067808,queryseq,0,availability,T1ax+T2ax+T2cor,3,-1
Ventriculomegaly,131,0.8670530721504485,0.42770413599707907,queryseq,0,availability,T1ax+T2ax+T2cor,3,-1
Cerebellar degeneration,43,0.8850507605980993,0.35251922256104745,queryseq,0,availability,T1ax+T2ax+T2cor,3,-1
Mega cisterna magna,23,0.7239100532264817,0.03682257911110383,queryseq,0,availability,T1ax+T2ax+T2cor,3,-1
Structure of cave of septum pellucidum,22,0.683880037488285,0.06138260403166634,queryseq,0,availability,T1ax+T2ax+T2cor,3,-1
Cerebral infarction,42,0.9160610585697694,0.30989457923967595,queryseq,0,availability,T1ax+T2ax+FLAIRax,3,-1
Demyelinating disease of central nervous system,21,0.7432953950811093,0.1278377747643354,queryseq,0,availability,T1ax+T2ax+FLAIRax,3,-1
Lacunar infarct,21,0.908359497645212,0.1504978949602414,queryseq,0,availability,T1ax+T2ax+FLAIRax,3,-1
Gliosis,451,0.7694402302874703,0.6050008023804686,queryseq,0,availability,T1ax+T2ax+FLAIRax,3,-1
Cerebral atrophy,213,0.9519745052594045,0.7583776025090846,queryseq,0,availability,T1ax+T2ax+FLAIRax,3,-1
Encephalomalacia,25,0.8847382920110193,0.16210542657716467,queryseq,0,availability,T1ax+T2ax+FLAIRax,3,-1
Arachnoid cyst,69,0.6841444334650857,0.10173174492724638,queryseq,0,availability,T1ax+T2ax+FLAIRax,3,-1
Empty sella syndrome,82,0.683652417169333,0.14290972244821848,queryseq,0,availability,T1ax+T2ax+FLAIRax,3,-1
Cerebral edema,23,0.8348184917170025,0.19377044967703214,queryseq,0,availability,T1ax+T2ax+FLAIRax,3,-1
Mastoiditis,23,0.670743376592309,0.036569060115252926,queryseq,0,availability,T1ax+T2ax+FLAIRax,3,-1
Chronic mastoiditis,37,0.7678303303303304,0.06472822296665615,queryseq,0,availability,T1ax+T2ax+FLAIRax,3,-1
Ventriculomegaly,131,0.8809648038292709,0.4444850861746752,queryseq,0,availability,T1ax+T2ax+FLAIRax,3,-1
Cerebellar degeneration,43,0.897732801401187,0.37877206580345796,queryseq,0,availability,T1ax+T2ax+FLAIRax,3,-1
Mega cisterna magna,23,0.7468751868907362,0.0466433925463125,queryseq,0,availability,T1ax+T2ax+FLAIRax,3,-1
Structure of cave of septum pellucidum,22,0.6852546079350204,0.05885027835614083,queryseq,0,availability,T1ax+T2ax+FLAIRax,3,-1
Cerebral infarction,42,0.9211713953874232,0.32862942157315655,queryseq,0,availability,T1ax+T2ax+FLAIRax+T2cor,4,-1
Demyelinating disease of central nervous system,21,0.746958398744113,0.17983657148434298,queryseq,0,availability,T1ax+T2ax+FLAIRax+T2cor,4,-1
Lacunar infarct,21,0.9118589743589743,0.13309618646303883,queryseq,0,availability,T1ax+T2ax+FLAIRax+T2cor,4,-1
Gliosis,451,0.7718304136789373,0.6163959968669406,queryseq,0,availability,T1ax+T2ax+FLAIRax+T2cor,4,-1
Cerebral atrophy,213,0.9521082189338562,0.7621919068041786,queryseq,0,availability,T1ax+T2ax+FLAIRax+T2cor,4,-1
Encephalomalacia,25,0.8831129476584022,0.16755059529755148,queryseq,0,availability,T1ax+T2ax+FLAIRax+T2cor,4,-1
Arachnoid cyst,69,0.6845149868247694,0.09865801245127237,queryseq,0,availability,T1ax+T2ax+FLAIRax+T2cor,4,-1
Empty sella syndrome,82,0.6837660634670863,0.14307178960071748,queryseq,0,availability,T1ax+T2ax+FLAIRax+T2cor,4,-1
Cerebral edema,23,0.8378984510495784,0.20101188671050207,queryseq,0,availability,T1ax+T2ax+FLAIRax+T2cor,4,-1
Mastoiditis,23,0.6646133604449493,0.04032845352877154,queryseq,0,availability,T1ax+T2ax+FLAIRax+T2cor,4,-1
Chronic mastoiditis,37,0.7744932432432433,0.06785057927162831,queryseq,0,availability,T1ax+T2ax+FLAIRax+T2cor,4,-1
Ventriculomegaly,131,0.8798929256037114,0.44417733842282797,queryseq,0,availability,T1ax+T2ax+FLAIRax+T2cor,4,-1
Cerebellar degeneration,43,0.8951217930005514,0.36488558375863217,queryseq,0,availability,T1ax+T2ax+FLAIRax+T2cor,4,-1
Mega cisterna magna,23,0.733508761437713,0.04062787724656066,queryseq,0,availability,T1ax+T2ax+FLAIRax+T2cor,4,-1
Structure of cave of septum pellucidum,22,0.6897532021243362,0.0618267860685711,queryseq,0,availability,T1ax+T2ax+FLAIRax+T2cor,4,-1
Cerebral infarction,42,0.9069686411149825,0.26538696842584614,queryseq,0,budget,all4,1,1
Demyelinating disease of central nervous system,21,0.7211211407639979,0.12152025705440198,queryseq,0,budget,all4,1,1
Lacunar infarct,21,0.9090136054421769,0.10448460599803842,queryseq,0,budget,all4,1,1
Gliosis,451,0.7654594727765459,0.6056890574159912,queryseq,0,budget,all4,1,1
Cerebral atrophy,213,0.94522196469959,0.7627529617066326,queryseq,0,budget,all4,1,1
Encephalomalacia,25,0.8834435261707989,0.13038802056262613,queryseq,0,budget,all4,1,1
Arachnoid cyst,69,0.6770936264822134,0.09807542732541957,queryseq,0,budget,all4,1,1
Empty sella syndrome,82,0.6792289535798584,0.13142880471164092,queryseq,0,budget,all4,1,1
Cerebral edema,23,0.8249805633634352,0.1964199949817568,queryseq,0,budget,all4,1,1
Mastoiditis,23,0.6769930028108366,0.03834970223159655,queryseq,0,budget,all4,1,1
Chronic mastoiditis,37,0.7338025525525526,0.05959653413879825,queryseq,0,budget,all4,1,1
Ventriculomegaly,131,0.8797398001429171,0.42671764878436325,queryseq,0,budget,all4,1,1
Cerebellar degeneration,43,0.8739255943693036,0.3227296015618052,queryseq,0,budget,all4,1,1
Mega cisterna magna,23,0.7093176245439866,0.04006511202884603,queryseq,0,budget,all4,1,1
Structure of cave of septum pellucidum,22,0.6852858481724461,0.06423271642925436,queryseq,0,budget,all4,1,1
Cerebral infarction,42,0.9212377633980422,0.29947633211235236,queryseq,0,budget,all4,2,2
Demyelinating disease of central nervous system,21,0.747612506541078,0.14553038884033792,queryseq,0,budget,all4,2,2
Lacunar infarct,21,0.9106815803244376,0.1147738758944145,queryseq,0,budget,all4,2,2
Gliosis,451,0.7693970081646591,0.6123551434769228,queryseq,0,budget,all4,2,2
Cerebral atrophy,213,0.9472648125037143,0.7523602858096923,queryseq,0,budget,all4,2,2
Encephalomalacia,25,0.8830853994490357,0.15364796016407772,queryseq,0,budget,all4,2,2
Arachnoid cyst,69,0.6898777173913044,0.100089216140957,queryseq,0,budget,all4,2,2
Empty sella syndrome,82,0.6860389894221522,0.14475647262352875,queryseq,0,budget,all4,2,2
Cerebral edema,23,0.8409784103821543,0.1943320237633755,queryseq,0,budget,all4,2,2
Mastoiditis,23,0.6683810776867412,0.03780308857331823,queryseq,0,budget,all4,2,2
Chronic mastoiditis,37,0.7610360360360361,0.06432960632091335,queryseq,0,budget,all4,2,2
Ventriculomegaly,131,0.8708131529099509,0.43726822252298353,queryseq,0,budget,all4,2,2
Cerebellar degeneration,43,0.8916999124258053,0.34668547493340396,queryseq,0,budget,all4,2,2
Mega cisterna magna,23,0.7227737575503856,0.039031281071744785,queryseq,0,budget,all4,2,2
Structure of cave of septum pellucidum,22,0.6951265229615745,0.05824522320269119,queryseq,0,budget,all4,2,2
Cerebral infarction,42,0.9230462916874067,0.33268130092482856,queryseq,0,budget,all4,3,3
Demyelinating disease of central nervous system,21,0.7611852433281004,0.17412331590698266,queryseq,0,budget,all4,3,3
Lacunar infarct,21,0.914867870225013,0.1257193041019712,queryseq,0,budget,all4,3,3
Gliosis,451,0.770730410653389,0.6146952029129482,queryseq,0,budget,all4,3,3
Cerebral atrophy,213,0.9507339395019908,0.7531676814450176,queryseq,0,budget,all4,3,3
Encephalomalacia,25,0.8879063360881543,0.1900150016255791,queryseq,0,budget,all4,3,3
Arachnoid cyst,69,0.6847002635046113,0.10285440091789934,queryseq,0,budget,all4,3,3
Empty sella syndrome,82,0.6837922895357985,0.14400114165017772,queryseq,0,budget,all4,3,3
Cerebral edema,23,0.8347885891992105,0.1869691494321291,queryseq,0,budget,all4,3,3
Mastoiditis,23,0.6643442377848214,0.03868122014499623,queryseq,0,budget,all4,3,3
Chronic mastoiditis,37,0.7830705705705706,0.06861476909333572,queryseq,0,budget,all4,3,3
Ventriculomegaly,131,0.8744201082086589,0.4354932968574806,queryseq,0,budget,all4,3,3
Cerebellar degeneration,43,0.8939217021828679,0.3448715741127308,queryseq,0,budget,all4,3,3
Mega cisterna magna,23,0.7225046348902577,0.03915480080390104,queryseq,0,budget,all4,3,3
Structure of cave of septum pellucidum,22,0.6845985629490783,0.06201928113760946,queryseq,0,budget,all4,3,3
Cerebral infarction,42,0.919877219180355,0.3414116298507119,queryseq,0,budget,all4,4,4
Demyelinating disease of central nervous system,21,0.752256671899529,0.1838989333635672,queryseq,0,budget,all4,4,4
Lacunar infarct,21,0.9103545264259549,0.1640382800329312,queryseq,0,budget,all4,4,4
Gliosis,451,0.7713117482052013,0.6138929394181364,queryseq,0,budget,all4,4,4
Cerebral atrophy,213,0.9518630771973614,0.757420856985261,queryseq,0,budget,all4,4,4
Encephalomalacia,25,0.8802754820936639,0.22700677364634228,queryseq,0,budget,all4,4,4
Arachnoid cyst,69,0.6852046277997366,0.09912460323545955,queryseq,0,budget,all4,4,4
Empty sella syndrome,82,0.6823148876650057,0.1415736540485689,queryseq,0,budget,all4,4,4
Cerebral edema,23,0.8271634471622511,0.17750394539536055,queryseq,0,budget,all4,4,4
Mastoiditis,23,0.6589019795466778,0.0393758591324242,queryseq,0,budget,all4,4,4
Chronic mastoiditis,37,0.7738363363363364,0.06994267912196632,queryseq,0,budget,all4,4,4
Ventriculomegaly,131,0.8779249798668377,0.4447259395559492,queryseq,0,budget,all4,4,4
Cerebellar degeneration,43,0.897424669975025,0.37780313388943193,queryseq,0,budget,all4,4,4
Mega cisterna magna,23,0.7310268524609772,0.041361725097968,queryseq,0,budget,all4,4,4
Structure of cave of septum pellucidum,22,0.6808809746954078,0.06988379707130586,queryseq,0,budget,all4,4,4
Cerebral infarction,42,0.923494275759084,0.3007217406487446,uniform,1,availability,T2cor,1,-1
Demyelinating disease of central nervous system,21,0.7297880690737834,0.12977060448891475,uniform,1,availability,T2cor,1,-1
Lacunar infarct,21,0.9117281527995813,0.13850332807823762,uniform,1,availability,T2cor,1,-1
Gliosis,451,0.7658355052450045,0.5990246676316093,uniform,1,availability,T2cor,1,-1
Cerebral atrophy,213,0.9405902715873299,0.7328501412693127,uniform,1,availability,T2cor,1,-1
Encephalomalacia,25,0.8457575757575757,0.17571061775546332,uniform,1,availability,T2cor,1,-1
Arachnoid cyst,69,0.6968255928853755,0.1009100190804521,uniform,1,availability,T2cor,1,-1
Empty sella syndrome,82,0.6787481423201329,0.13415992961403803,uniform,1,availability,T2cor,1,-1
Cerebral edema,23,0.8058429519765564,0.18386577519252667,uniform,1,availability,T2cor,1,-1
Mastoiditis,23,0.6123138568267448,0.07837654782665561,uniform,1,availability,T2cor,1,-1
Chronic mastoiditis,37,0.7574136636636637,0.07438239091734537,uniform,1,availability,T2cor,1,-1
Ventriculomegaly,131,0.8644726245703981,0.42656893532734624,uniform,1,availability,T2cor,1,-1
Cerebellar degeneration,43,0.8827803185105899,0.26174399012554445,uniform,1,availability,T2cor,1,-1
Mega cisterna magna,23,0.6617726212547097,0.029770024062272627,uniform,1,availability,T2cor,1,-1
Structure of cave of septum pellucidum,22,0.6729147141518275,0.0379293926326075,uniform,1,availability,T2cor,1,-1
Cerebral infarction,42,0.912460593993695,0.3774632491566103,uniform,1,availability,FLAIRax,1,-1
Demyelinating disease of central nervous system,21,0.673731030873888,0.10189736733781385,uniform,1,availability,FLAIRax,1,-1
Lacunar infarct,21,0.9111721611721612,0.17355053784761915,uniform,1,availability,FLAIRax,1,-1
Gliosis,451,0.7574071912967935,0.5895378534050622,uniform,1,availability,FLAIRax,1,-1
Cerebral atrophy,213,0.9509865097759553,0.7931605461532875,uniform,1,availability,FLAIRax,1,-1
Encephalomalacia,25,0.877741046831956,0.24688964105858519,uniform,1,availability,FLAIRax,1,-1
Arachnoid cyst,69,0.6936964756258235,0.10394920233259344,uniform,1,availability,FLAIRax,1,-1
Empty sella syndrome,82,0.6767724451438063,0.12945405787812128,uniform,1,availability,FLAIRax,1,-1
Cerebral edema,23,0.8536570779259613,0.17819468993736623,uniform,1,availability,FLAIRax,1,-1
Mastoiditis,23,0.6532504036839902,0.0543524713701109,uniform,1,availability,FLAIRax,1,-1
Chronic mastoiditis,37,0.748704954954955,0.05996800179190282,uniform,1,availability,FLAIRax,1,-1
Ventriculomegaly,131,0.8764958088994249,0.4322426589251807,uniform,1,availability,FLAIRax,1,-1
Cerebellar degeneration,43,0.8965327105835037,0.31740360793729916,uniform,1,availability,FLAIRax,1,-1
Mega cisterna magna,23,0.7418814664194725,0.04916939699785164,uniform,1,availability,FLAIRax,1,-1
Structure of cave of septum pellucidum,22,0.6195876288659794,0.03234602954942061,uniform,1,availability,FLAIRax,1,-1
Cerebral infarction,42,0.9140202422432387,0.29971839403937994,uniform,1,availability,T2ax,1,-1
Demyelinating disease of central nervous system,21,0.6755625327053898,0.06220562120606156,uniform,1,availability,T2ax,1,-1
Lacunar infarct,21,0.9184000523286238,0.12124170809929433,uniform,1,availability,T2ax,1,-1
Gliosis,451,0.7614160431875451,0.5769431548302646,uniform,1,availability,T2ax,1,-1
Cerebral atrophy,213,0.9380905687288287,0.7203456552566574,uniform,1,availability,T2ax,1,-1
Encephalomalacia,25,0.8844077134986226,0.1908752996595047,uniform,1,availability,T2ax,1,-1
Arachnoid cyst,69,0.6898159584980237,0.09530845668496854,uniform,1,availability,T2ax,1,-1
Empty sella syndrome,82,0.686537284727686,0.14417271590665182,uniform,1,availability,T2ax,1,-1
Cerebral edema,23,0.8293762334788589,0.16670801646097141,uniform,1,availability,T2ax,1,-1
Mastoiditis,23,0.6785778362538125,0.0551535836136911,uniform,1,availability,T2ax,1,-1
Chronic mastoiditis,37,0.7240427927927928,0.05447807842661781,uniform,1,availability,T2ax,1,-1
Ventriculomegaly,131,0.8590168211154339,0.4549863249365049,uniform,1,availability,T2ax,1,-1
Cerebellar degeneration,43,0.8682008368200838,0.33563664429424983,uniform,1,availability,T2ax,1,-1
Mega cisterna magna,23,0.7329705161174571,0.04479798707497663,uniform,1,availability,T2ax,1,-1
Structure of cave of septum pellucidum,22,0.6438300531084037,0.031150512903870047,uniform,1,availability,T2ax,1,-1
Cerebral infarction,42,0.9124440019910403,0.3921136098564356,uniform,1,availability,T1ax,1,-1
Demyelinating disease of central nervous system,21,0.6746794871794871,0.14250428013109484,uniform,1,availability,T1ax,1,-1
Lacunar infarct,21,0.8994636316064887,0.1731875923216984,uniform,1,availability,T1ax,1,-1
Gliosis,451,0.766412520584536,0.5915317725806035,uniform,1,availability,T1ax,1,-1
Cerebral atrophy,213,0.9396654186723717,0.7295770336599345,uniform,1,availability,T1ax,1,-1
Encephalomalacia,25,0.877741046831956,0.20869401264280477,uniform,1,availability,T1ax,1,-1
Arachnoid cyst,69,0.6750452898550724,0.09044305713376372,uniform,1,availability,T1ax,1,-1
Empty sella syndrome,82,0.6866596730483434,0.13421149498810953,uniform,1,availability,T1ax,1,-1
Cerebral edema,23,0.7845224567908617,0.1545964521048937,uniform,1,availability,T1ax,1,-1
Mastoiditis,23,0.6719394773039891,0.03454807108769618,uniform,1,availability,T1ax,1,-1
Chronic mastoiditis,37,0.7351351351351352,0.05961079126616808,uniform,1,availability,T1ax,1,-1
Ventriculomegaly,131,0.8647618615518983,0.4335518159214591,uniform,1,availability,T1ax,1,-1
Cerebellar degeneration,43,0.8960299698355552,0.3358666576865589,uniform,1,availability,T1ax,1,-1
Mega cisterna magna,23,0.7459781113569762,0.04496882187932001,uniform,1,availability,T1ax,1,-1
Structure of cave of septum pellucidum,22,0.5550140581068417,0.02917769589279661,uniform,1,availability,T1ax,1,-1
Cerebral infarction,42,0.9251700680272108,0.36935877716046733,uniform,1,availability,FLAIRax+T2cor,2,-1
Demyelinating disease of central nervous system,21,0.7103283621140764,0.1308512603562938,uniform,1,availability,FLAIRax+T2cor,2,-1
Lacunar infarct,21,0.9171899529042385,0.19724173734601186,uniform,1,availability,FLAIRax+T2cor,2,-1
Gliosis,451,0.769137675427791,0.6045009837039113,uniform,1,availability,FLAIRax+T2cor,2,-1
Cerebral atrophy,213,0.9549087775598739,0.7923303461649485,uniform,1,availability,FLAIRax+T2cor,2,-1
Encephalomalacia,25,0.8696418732782369,0.2463716660788478,uniform,1,availability,FLAIRax+T2cor,2,-1
Arachnoid cyst,69,0.705471837944664,0.10345001545680611,uniform,1,availability,FLAIRax+T2cor,2,-1
Empty sella syndrome,82,0.6809161640003496,0.14057328997677082,uniform,1,availability,FLAIRax+T2cor,2,-1
Cerebral edema,23,0.84420788230369,0.18826768240298022,uniform,1,availability,FLAIRax+T2cor,2,-1
Mastoiditis,23,0.6306141977154476,0.09117527321904136,uniform,1,availability,FLAIRax+T2cor,2,-1
Chronic mastoiditis,37,0.7642830330330331,0.06762036797969129,uniform,1,availability,FLAIRax+T2cor,2,-1
Ventriculomegaly,131,0.8789571588988578,0.4463324098245206,uniform,1,availability,FLAIRax+T2cor,2,-1
Cerebellar degeneration,43,0.8996140248451234,0.30131324316872543,uniform,1,availability,FLAIRax+T2cor,2,-1
Mega cisterna magna,23,0.7107529453980025,0.038147754596279906,uniform,1,availability,FLAIRax+T2cor,2,-1
Structure of cave of septum pellucidum,22,0.6509840674789129,0.03926873448281065,uniform,1,availability,FLAIRax+T2cor,2,-1
Cerebral infarction,42,0.9250373320059732,0.31499192124866715,uniform,1,availability,T2ax+T2cor,2,-1
Demyelinating disease of central nervous system,21,0.7211211407639979,0.09030343350717873,uniform,1,availability,T2ax+T2cor,2,-1
Lacunar infarct,21,0.9200353218210361,0.14512909370856075,uniform,1,availability,T2ax+T2cor,2,-1
Gliosis,451,0.7713247148420447,0.5974146140560439,uniform,1,availability,T2ax+T2cor,2,-1
Cerebral atrophy,213,0.9468153859868069,0.7492647980131001,uniform,1,availability,T2ax+T2cor,2,-1
Encephalomalacia,25,0.8730853994490358,0.21835160547365132,uniform,1,availability,T2ax+T2cor,2,-1
Arachnoid cyst,69,0.7002635046113307,0.10167820461564107,uniform,1,availability,T2ax+T2cor,2,-1
Empty sella syndrome,82,0.6872628726287263,0.14568724898926044,uniform,1,availability,T2ax+T2cor,2,-1
Cerebral edema,23,0.8339513187010346,0.19017949693484276,uniform,1,availability,T2ax+T2cor,2,-1
Mastoiditis,23,0.6536092338974943,0.06624317181450379,uniform,1,availability,T2ax+T2cor,2,-1
Chronic mastoiditis,37,0.7469406906906908,0.06272265636232051,uniform,1,availability,T2ax+T2cor,2,-1
Ventriculomegaly,131,0.8687544661592732,0.4702847619904069,uniform,1,availability,T2ax+T2cor,2,-1
Cerebellar degeneration,43,0.8796503519185236,0.32233415516568137,uniform,1,availability,T2ax+T2cor,2,-1
Mega cisterna magna,23,0.7099455774176185,0.037210830892944816,uniform,1,availability,T2ax+T2cor,2,-1
Structure of cave of septum pellucidum,22,0.6570446735395189,0.03628226584579916,uniform,1,availability,T2ax+T2cor,2,-1
Cerebral infarction,42,0.9166251866600299,0.363573454287871,uniform,1,availability,T2ax+FLAIRax,2,-1
Demyelinating disease of central nervous system,21,0.6825614861329148,0.11144078235752522,uniform,1,availability,T2ax+FLAIRax,2,-1
Lacunar infarct,21,0.917386185243328,0.14173843815051587,uniform,1,availability,T2ax+FLAIRax,2,-1
Gliosis,451,0.7655999446756829,0.5887103671678953,uniform,1,availability,T2ax+FLAIRax,2,-1
Cerebral atrophy,213,0.951461936174006,0.778236503458403,uniform,1,availability,T2ax+FLAIRax,2,-1
Encephalomalacia,25,0.8860606060606061,0.24907308975964434,uniform,1,availability,T2ax+FLAIRax,2,-1
Arachnoid cyst,69,0.6965373847167325,0.10160835067328815,uniform,1,availability,T2ax+FLAIRax,2,-1
Empty sella syndrome,82,0.6837660634670862,0.1371923979306145,uniform,1,availability,T2ax+FLAIRax,2,-1
Cerebral edema,23,0.8509359488068895,0.18925535874753757,uniform,1,availability,T2ax+FLAIRax,2,-1
Mastoiditis,23,0.6596794450092698,0.05729223797645027,uniform,1,availability,T2ax+FLAIRax,2,-1
Chronic mastoiditis,37,0.7429054054054054,0.05918863694285352,uniform,1,availability,T2ax+FLAIRax,2,-1
Ventriculomegaly,131,0.872951238047707,0.46311007509529795,uniform,1,availability,T2ax+FLAIRax,2,-1
Cerebellar degeneration,43,0.8884077713989167,0.37461049710056227,uniform,1,availability,T2ax+FLAIRax,2,-1
Mega cisterna magna,23,0.7395191675139046,0.047764829687557936,uniform,1,availability,T2ax+FLAIRax,2,-1
Structure of cave of septum pellucidum,22,0.6352389878163074,0.034382003958996876,uniform,1,availability,T2ax+FLAIRax,2,-1
Cerebral infarction,42,0.9241081798573088,0.38302155127995763,uniform,1,availability,T1ax+T2cor,2,-1
Demyelinating disease of central nervous system,21,0.7232142857142857,0.14076691516449938,uniform,1,availability,T1ax+T2cor,2,-1
Lacunar infarct,21,0.9108124018838304,0.1979170913237578,uniform,1,availability,T1ax+T2cor,2,-1
Gliosis,451,0.7745037019748187,0.6113834242800156,uniform,1,availability,T1ax+T2cor,2,-1
Cerebral atrophy,213,0.9510905093005289,0.7634637863048189,uniform,1,availability,T1ax+T2cor,2,-1
Encephalomalacia,25,0.8718181818181818,0.25148867623958465,uniform,1,availability,T1ax+T2cor,2,-1
Arachnoid cyst,69,0.6973917160737814,0.09833992293015087,uniform,1,availability,T1ax+T2cor,2,-1
Empty sella syndrome,82,0.6883381414459305,0.1424504168492656,uniform,1,availability,T1ax+T2cor,2,-1
Cerebral edema,23,0.8187010346271156,0.1794281007383721,uniform,1,availability,T1ax+T2cor,2,-1
Mastoiditis,23,0.655612702589558,0.04348478685355926,uniform,1,availability,T1ax+T2cor,2,-1
Chronic mastoiditis,37,0.7567004504504504,0.06795782991822598,uniform,1,availability,T1ax+T2cor,2,-1
Ventriculomegaly,131,0.8732971881628347,0.4529292510277787,uniform,1,availability,T1ax+T2cor,2,-1
Cerebellar degeneration,43,0.8959326651746619,0.3110149066404715,uniform,1,availability,T1ax+T2cor,2,-1
Mega cisterna magna,23,0.7155971532803062,0.03654950869428053,uniform,1,availability,T1ax+T2cor,2,-1
Structure of cave of septum pellucidum,22,0.6154326772883474,0.03591876555444905,uniform,1,availability,T1ax+T2cor,2,-1
Cerebral infarction,42,0.91602787456446,0.40410875339952657,uniform,1,availability,T1ax+FLAIRax,2,-1
Demyelinating disease of central nervous system,21,0.6809916274201988,0.13995223390418904,uniform,1,availability,T1ax+FLAIRax,2,-1
Lacunar infarct,21,0.9113683935112507,0.16034570397572753,uniform,1,availability,T1ax+FLAIRax,2,-1
Gliosis,451,0.7663757817801464,0.5970217074728408,uniform,1,availability,T1ax+FLAIRax,2,-1
Cerebral atrophy,213,0.9529030724430974,0.7783931880347376,uniform,1,availability,T1ax+FLAIRax,2,-1
Encephalomalacia,25,0.8865840220385675,0.24589827622574603,uniform,1,availability,T1ax+FLAIRax,2,-1
Arachnoid cyst,69,0.6921833827404479,0.11075365939256472,uniform,1,availability,T1ax+FLAIRax,2,-1
Empty sella syndrome,82,0.6850773669027013,0.13619611713845675,uniform,1,availability,T1ax+FLAIRax,2,-1
Cerebral edema,23,0.8297948687279468,0.16033005666235778,uniform,1,availability,T1ax+FLAIRax,2,-1
Mastoiditis,23,0.6567489982656539,0.03804256216922719,uniform,1,availability,T1ax+FLAIRax,2,-1
Chronic mastoiditis,37,0.7526463963963964,0.06098967642379576,uniform,1,availability,T1ax+FLAIRax,2,-1
Ventriculomegaly,131,0.8759400201898756,0.44182717275213096,uniform,1,availability,T1ax+FLAIRax,2,-1
Cerebellar degeneration,43,0.90259803444585,0.3863668008860068,uniform,1,availability,T1ax+FLAIRax,2,-1
Mega cisterna magna,23,0.7479516775312481,0.04896354545177865,uniform,1,availability,T1ax+FLAIRax,2,-1
Structure of cave of septum pellucidum,22,0.5855357700718525,0.03412093579088258,uniform,1,availability,T1ax+FLAIRax,2,-1
Cerebral infarction,42,0.9181018748963,0.385750628617143,uniform,1,availability,T1ax+T2ax,2,-1
Demyelinating disease of central nervous system,21,0.685243328100471,0.09910470690367813,uniform,1,availability,T1ax+T2ax,2,-1
Lacunar infarct,21,0.9149659863945578,0.1483760081091671,uniform,1,availability,T1ax+T2ax,2,-1
Gliosis,451,0.7699502513366442,0.5945688269332681,uniform,1,availability,T1ax+T2ax,2,-1
Cerebral atrophy,213,0.9445162536399834,0.7429408756785381,uniform,1,availability,T1ax+T2ax,2,-1
Encephalomalacia,25,0.8910743801652892,0.23724088163040893,uniform,1,availability,T1ax+T2ax,2,-1
Arachnoid cyst,69,0.6861515974967061,0.0958943062742785,uniform,1,availability,T1ax+T2ax,2,-1
Empty sella syndrome,82,0.688906372934697,0.14084706162258792,uniform,1,availability,T1ax+T2ax,2,-1
Cerebral edema,23,0.8212128461216435,0.19470168162703122,uniform,1,availability,T1ax+T2ax,2,-1
Mastoiditis,23,0.6820764308354763,0.04313580897420809,uniform,1,availability,T1ax+T2ax,2,-1
Chronic mastoiditis,37,0.7439376876876878,0.057509408991782904,uniform,1,availability,T1ax+T2ax,2,-1
Ventriculomegaly,131,0.8655388314825947,0.4611448373561963,uniform,1,availability,T1ax+T2ax,2,-1
Cerebellar degeneration,43,0.885877850215692,0.35984441604684503,uniform,1,availability,T1ax+T2ax,2,-1
Mega cisterna magna,23,0.7411339034746726,0.044739912722901,uniform,1,availability,T1ax+T2ax,2,-1
Structure of cave of septum pellucidum,22,0.6050921587004061,0.02985006131592623,uniform,1,availability,T1ax+T2ax,2,-1
Cerebral infarction,42,0.9237099717935955,0.34914703254917345,uniform,1,availability,T2ax+FLAIRax+T2cor,3,-1
Demyelinating disease of central nervous system,21,0.7063383045525903,0.11243474188933943,uniform,1,availability,T2ax+FLAIRax+T2cor,3,-1
Lacunar infarct,21,0.9189560439560439,0.15121328761538336,uniform,1,availability,T2ax+FLAIRax+T2cor,3,-1
Gliosis,451,0.7711150875464097,0.6000320667162291,uniform,1,availability,T2ax+FLAIRax+T2cor,3,-1
Cerebral atrophy,213,0.9534453556783741,0.7820108730523839,uniform,1,availability,T2ax+FLAIRax+T2cor,3,-1
Encephalomalacia,25,0.8781542699724518,0.23764123264349626,uniform,1,availability,T2ax+FLAIRax+T2cor,3,-1
Arachnoid cyst,69,0.7023633069828722,0.10170249021650611,uniform,1,availability,T2ax+FLAIRax+T2cor,3,-1
Empty sella syndrome,82,0.6850336567881807,0.14468696419263216,uniform,1,availability,T2ax+FLAIRax+T2cor,3,-1
Cerebral edema,23,0.8468991089049699,0.18826783672335667,uniform,1,availability,T2ax+FLAIRax+T2cor,3,-1
Mastoiditis,23,0.6461336044494946,0.061482277861184785,uniform,1,availability,T2ax+FLAIRax+T2cor,3,-1
Chronic mastoiditis,37,0.754222972972973,0.0632983976404892,uniform,1,availability,T2ax+FLAIRax+T2cor,3,-1
Ventriculomegaly,131,0.8761838866644738,0.4663785075460497,uniform,1,availability,T2ax+FLAIRax+T2cor,3,-1
Cerebellar degeneration,43,0.8916999124258052,0.342424093170032,uniform,1,availability,T2ax+FLAIRax+T2cor,3,-1
Mega cisterna magna,23,0.7246576161712818,0.04137369111657686,uniform,1,availability,T2ax+FLAIRax+T2cor,3,-1
Structure of cave of septum pellucidum,22,0.648234926585442,0.038076086990608875,uniform,1,availability,T2ax+FLAIRax+T2cor,3,-1
Cerebral infarction,42,0.9239256678281068,0.3964914714999406,uniform,1,availability,T1ax+FLAIRax+T2cor,3,-1
Demyelinating disease of central nervous system,21,0.7098704866562009,0.1378679629764285,uniform,1,availability,T1ax+FLAIRax+T2cor,3,-1
Lacunar infarct,21,0.9147043432757718,0.16134357338211117,uniform,1,availability,T1ax+FLAIRax+T2cor,3,-1
Gliosis,451,0.7722237349965205,0.6092315518148151,uniform,1,availability,T1ax+FLAIRax+T2cor,3,-1
Cerebral atrophy,213,0.9557593451001367,0.7859153389298374,uniform,1,availability,T1ax+FLAIRax+T2cor,3,-1
Encephalomalacia,25,0.8790633608815427,0.25408176668711696,uniform,1,availability,T1ax+FLAIRax+T2cor,3,-1
Arachnoid cyst,69,0.7003664361001317,0.10065849944669812,uniform,1,availability,T1ax+FLAIRax+T2cor,3,-1
Empty sella syndrome,82,0.6852084972462629,0.1389680259714542,uniform,1,availability,T1ax+FLAIRax+T2cor,3,-1
Cerebral edema,23,0.8368219604090664,0.20124347499192044,uniform,1,availability,T1ax+FLAIRax+T2cor,3,-1
Mastoiditis,23,0.6491238562286945,0.04545645925597229,uniform,1,availability,T1ax+FLAIRax+T2cor,3,-1
Chronic mastoiditis,37,0.7615990990990991,0.06587654477673069,uniform,1,availability,T1ax+FLAIRax+T2cor,3,-1
Ventriculomegaly,131,0.8784297267561223,0.44910614721453407,uniform,1,availability,T1ax+FLAIRax+T2cor,3,-1
Cerebellar degeneration,43,0.902289903019688,0.3488403700345266,uniform,1,availability,T1ax+FLAIRax+T2cor,3,-1
Mega cisterna magna,23,0.7303689970695533,0.04081363713130665,uniform,1,availability,T1ax+FLAIRax+T2cor,3,-1
Structure of cave of septum pellucidum,22,0.6188066229303342,0.03609208173910563,uniform,1,availability,T1ax+FLAIRax+T2cor,3,-1
Cerebral infarction,42,0.9244234279077485,0.3704630617356986,uniform,1,availability,T1ax+T2ax+T2cor,3,-1
Demyelinating disease of central nervous system,21,0.7150706436420722,0.1205374505972425,uniform,1,availability,T1ax+T2ax+T2cor,3,-1
Lacunar infarct,21,0.9170591313448455,0.14812434177636988,uniform,1,availability,T1ax+T2ax+T2cor,3,-1
Gliosis,451,0.7742594969809347,0.6041023036678124,uniform,1,availability,T1ax+T2ax+T2cor,3,-1
Cerebral atrophy,213,0.9500690853984668,0.7598659118299947,uniform,1,availability,T1ax+T2ax+T2cor,3,-1
Encephalomalacia,25,0.8810192837465565,0.24357678129054158,uniform,1,availability,T1ax+T2ax+T2cor,3,-1
Arachnoid cyst,69,0.6974225955204215,0.09911850397826955,uniform,1,availability,T1ax+T2ax+T2cor,3,-1
Empty sella syndrome,82,0.6889675670950257,0.1447277187547189,uniform,1,availability,T1ax+T2ax+T2cor,3,-1
Cerebral edema,23,0.8290473057831469,0.21169624913815988,uniform,1,availability,T1ax+T2ax+T2cor,3,-1
Mastoiditis,23,0.6675438071885653,0.047619985748464856,uniform,1,availability,T1ax+T2ax+T2cor,3,-1
Chronic mastoiditis,37,0.7517454954954955,0.06208851289371188,uniform,1,availability,T1ax+T2ax+T2cor,3,-1
Ventriculomegaly,131,0.8712385014121572,0.4696006471782406,uniform,1,availability,T1ax+T2ax+T2cor,3,-1
Cerebellar degeneration,43,0.8885699458337387,0.3411209698584174,uniform,1,availability,T1ax+T2ax+T2cor,3,-1
Mega cisterna magna,23,0.7255845942228335,0.03996626964545169,uniform,1,availability,T1ax+T2ax+T2cor,3,-1
Structure of cave of septum pellucidum,22,0.6298031865042174,0.03466291716933213,uniform,1,availability,T1ax+T2ax+T2cor,3,-1
Cerebral infarction,42,0.9186494109839058,0.3958398028843196,uniform,1,availability,T1ax+T2ax+FLAIRax,3,-1
Demyelinating disease of central nervous system,21,0.6855376766091051,0.1348950476954693,uniform,1,availability,T1ax+T2ax+FLAIRax,3,-1
Lacunar infarct,21,0.9155873888016746,0.15201197991930226,uniform,1,availability,T1ax+T2ax+FLAIRax,3,-1
Gliosis,451,0.7690793255619957,0.5979369377249525,uniform,1,availability,T1ax+T2ax+FLAIRax,3,-1
Cerebral atrophy,213,0.9519373625720569,0.7709123241305916,uniform,1,availability,T1ax+T2ax+FLAIRax,3,-1
Encephalomalacia,25,0.8903856749311294,0.2502388000435539,uniform,1,availability,T1ax+T2ax+FLAIRax,3,-1
Arachnoid cyst,69,0.6928833168642952,0.10936637603503108,uniform,1,availability,T1ax+T2ax+FLAIRax,3,-1
Empty sella syndrome,82,0.6860040213305358,0.13689757113482431,uniform,1,availability,T1ax+T2ax+FLAIRax,3,-1
Cerebral edema,23,0.8382871837808743,0.1724349386044959,uniform,1,availability,T1ax+T2ax+FLAIRax,3,-1
Mastoiditis,23,0.6641050176424854,0.042848750293047064,uniform,1,availability,T1ax+T2ax+FLAIRax,3,-1
Chronic mastoiditis,37,0.7498686186186186,0.06023139395436289,uniform,1,availability,T1ax+T2ax+FLAIRax,3,-1
Ventriculomegaly,131,0.8731724192688542,0.4625590082668999,uniform,1,availability,T1ax+T2ax+FLAIRax,3,-1
Cerebellar degeneration,43,0.8948947487918004,0.3827699801250554,uniform,1,availability,T1ax+T2ax+FLAIRax,3,-1
Mega cisterna magna,23,0.7441839602894563,0.04716258938188528,uniform,1,availability,T1ax+T2ax+FLAIRax,3,-1
Structure of cave of septum pellucidum,22,0.6116526085598251,0.03344632836175975,uniform,1,availability,T1ax+T2ax+FLAIRax,3,-1
Cerebral infarction,42,0.9234279077484653,0.38154046159385613,uniform,1,availability,T1ax+T2ax+FLAIRax+T2cor,4,-1
Demyelinating disease of central nervous system,21,0.7059785452642595,0.13440083797167926,uniform,1,availability,T1ax+T2ax+FLAIRax+T2cor,4,-1
Lacunar infarct,21,0.9172226582940868,0.15430183188680183,uniform,1,availability,T1ax+T2ax+FLAIRax+T2cor,4,-1
Gliosis,451,0.7726581173307747,0.603846111709906,uniform,1,availability,T1ax+T2ax+FLAIRax+T2cor,4,-1
Cerebral atrophy,213,0.9538576395079337,0.7775321807012237,uniform,1,availability,T1ax+T2ax+FLAIRax+T2cor,4,-1
Encephalomalacia,25,0.883168044077135,0.2600185947906472,uniform,1,availability,T1ax+T2ax+FLAIRax+T2cor,4,-1
Arachnoid cyst,69,0.6986474802371543,0.09979952456778997,uniform,1,availability,T1ax+T2ax+FLAIRax+T2cor,4,-1
Empty sella syndrome,82,0.6869656438499869,0.1426087719706056,uniform,1,availability,T1ax+T2ax+FLAIRax+T2cor,4,-1
Cerebral edema,23,0.8399617247772262,0.1790183795302279,uniform,1,availability,T1ax+T2ax+FLAIRax+T2cor,4,-1
Mastoiditis,23,0.6572274385503258,0.048982873157391166,uniform,1,availability,T1ax+T2ax+FLAIRax+T2cor,4,-1
Chronic mastoiditis,37,0.7556306306306306,0.06299748326884923,uniform,1,availability,T1ax+T2ax+FLAIRax+T2cor,4,-1
Ventriculomegaly,131,0.8756677971484637,0.4607057429294611,uniform,1,availability,T1ax+T2ax+FLAIRax+T2cor,4,-1
Cerebellar degeneration,43,0.8953488372093024,0.36190469471120845,uniform,1,availability,T1ax+T2ax+FLAIRax+T2cor,4,-1
Mega cisterna magna,23,0.733060223670833,0.04254990206756563,uniform,1,availability,T1ax+T2ax+FLAIRax+T2cor,4,-1
Structure of cave of septum pellucidum,22,0.6294595438925337,0.03610512531568727,uniform,1,availability,T1ax+T2ax+FLAIRax+T2cor,4,-1
Cerebral infarction,42,0.9124440019910403,0.3921136098564356,uniform,1,budget,all4,1,1
Demyelinating disease of central nervous system,21,0.6746794871794871,0.14250428013109484,uniform,1,budget,all4,1,1
Lacunar infarct,21,0.8994636316064888,0.1731875923216984,uniform,1,budget,all4,1,1
Gliosis,451,0.766412520584536,0.5915317725806035,uniform,1,budget,all4,1,1
Cerebral atrophy,213,0.9396654186723717,0.7295770336599345,uniform,1,budget,all4,1,1
Encephalomalacia,25,0.877741046831956,0.20869401264280477,uniform,1,budget,all4,1,1
Arachnoid cyst,69,0.6750452898550724,0.09044305713376372,uniform,1,budget,all4,1,1
Empty sella syndrome,82,0.6866596730483434,0.13421149498810953,uniform,1,budget,all4,1,1
Cerebral edema,23,0.7845224567908617,0.1545964521048937,uniform,1,budget,all4,1,1
Mastoiditis,23,0.6719394773039891,0.03454807108769618,uniform,1,budget,all4,1,1
Chronic mastoiditis,37,0.7351351351351352,0.05961079126616808,uniform,1,budget,all4,1,1
Ventriculomegaly,131,0.8647618615518983,0.4335518159214591,uniform,1,budget,all4,1,1
Cerebellar degeneration,43,0.8960299698355552,0.3358666576865589,uniform,1,budget,all4,1,1
Mega cisterna magna,23,0.7459781113569762,0.04496882187932001,uniform,1,budget,all4,1,1
Structure of cave of septum pellucidum,22,0.5550140581068417,0.02917769589279661,uniform,1,budget,all4,1,1
Cerebral infarction,42,0.9181018748963,0.385750628617143,uniform,1,budget,all4,2,2
Demyelinating disease of central nervous system,21,0.685243328100471,0.09910470690367813,uniform,1,budget,all4,2,2
Lacunar infarct,21,0.9149659863945578,0.1483760081091671,uniform,1,budget,all4,2,2
Gliosis,451,0.7699502513366442,0.5945688269332681,uniform,1,budget,all4,2,2
Cerebral atrophy,213,0.9445162536399834,0.7429408756785381,uniform,1,budget,all4,2,2
Encephalomalacia,25,0.8910743801652892,0.23724088163040893,uniform,1,budget,all4,2,2
Arachnoid cyst,69,0.6861515974967061,0.0958943062742785,uniform,1,budget,all4,2,2
Empty sella syndrome,82,0.688906372934697,0.14084706162258792,uniform,1,budget,all4,2,2
Cerebral edema,23,0.8212128461216435,0.19470168162703122,uniform,1,budget,all4,2,2
Mastoiditis,23,0.6820764308354763,0.04313580897420809,uniform,1,budget,all4,2,2
Chronic mastoiditis,37,0.7439376876876878,0.057509408991782904,uniform,1,budget,all4,2,2
Ventriculomegaly,131,0.8655388314825947,0.4611448373561963,uniform,1,budget,all4,2,2
Cerebellar degeneration,43,0.885877850215692,0.35984441604684503,uniform,1,budget,all4,2,2
Mega cisterna magna,23,0.7411339034746726,0.044739912722901,uniform,1,budget,all4,2,2
Structure of cave of septum pellucidum,22,0.6050921587004061,0.02985006131592623,uniform,1,budget,all4,2,2
Cerebral infarction,42,0.9186494109839058,0.3958398028843196,uniform,1,budget,all4,3,3
Demyelinating disease of central nervous system,21,0.6855376766091051,0.1348950476954693,uniform,1,budget,all4,3,3
Lacunar infarct,21,0.9155873888016746,0.15201197991930226,uniform,1,budget,all4,3,3
Gliosis,451,0.7690793255619957,0.5979369377249525,uniform,1,budget,all4,3,3
Cerebral atrophy,213,0.9519373625720569,0.7709123241305916,uniform,1,budget,all4,3,3
Encephalomalacia,25,0.8903856749311294,0.2502388000435539,uniform,1,budget,all4,3,3
Arachnoid cyst,69,0.6928833168642952,0.10936637603503108,uniform,1,budget,all4,3,3
Empty sella syndrome,82,0.6860040213305358,0.13689757113482431,uniform,1,budget,all4,3,3
Cerebral edema,23,0.8382871837808743,0.1724349386044959,uniform,1,budget,all4,3,3
Mastoiditis,23,0.6641050176424854,0.042848750293047064,uniform,1,budget,all4,3,3
Chronic mastoiditis,37,0.7498686186186186,0.06023139395436289,uniform,1,budget,all4,3,3
Ventriculomegaly,131,0.8731724192688542,0.4625590082668999,uniform,1,budget,all4,3,3
Cerebellar degeneration,43,0.8948947487918004,0.3827699801250555,uniform,1,budget,all4,3,3
Mega cisterna magna,23,0.7441839602894563,0.04716258938188528,uniform,1,budget,all4,3,3
Structure of cave of septum pellucidum,22,0.6116526085598251,0.03344632836175975,uniform,1,budget,all4,3,3
Cerebral infarction,42,0.9234279077484653,0.38154046159385613,uniform,1,budget,all4,4,4
Demyelinating disease of central nervous system,21,0.7059785452642595,0.13440083797167926,uniform,1,budget,all4,4,4
Lacunar infarct,21,0.9172226582940868,0.15430183188680183,uniform,1,budget,all4,4,4
Gliosis,451,0.7726581173307747,0.603846111709906,uniform,1,budget,all4,4,4
Cerebral atrophy,213,0.9538576395079337,0.7775321807012237,uniform,1,budget,all4,4,4
Encephalomalacia,25,0.883168044077135,0.2600185947906472,uniform,1,budget,all4,4,4
Arachnoid cyst,69,0.6986474802371543,0.09979952456778997,uniform,1,budget,all4,4,4
Empty sella syndrome,82,0.6869656438499869,0.1426087719706056,uniform,1,budget,all4,4,4
Cerebral edema,23,0.8399617247772262,0.1790183795302279,uniform,1,budget,all4,4,4
Mastoiditis,23,0.6572274385503258,0.048982873157391166,uniform,1,budget,all4,4,4
Chronic mastoiditis,37,0.7556306306306306,0.06299748326884923,uniform,1,budget,all4,4,4
Ventriculomegaly,131,0.8756677971484637,0.4607057429294611,uniform,1,budget,all4,4,4
Cerebellar degeneration,43,0.8953488372093024,0.36190469471120845,uniform,1,budget,all4,4,4
Mega cisterna magna,23,0.733060223670833,0.04254990206756563,uniform,1,budget,all4,4,4
Structure of cave of septum pellucidum,22,0.6294595438925337,0.03610512531568727,uniform,1,budget,all4,4,4
Cerebral infarction,42,0.9117139538742327,0.3311704494495257,patient,1,availability,T2cor,1,-1
Demyelinating disease of central nervous system,21,0.7445054945054945,0.05867021740924944,patient,1,availability,T2cor,1,-1
Lacunar infarct,21,0.9033555729984301,0.16228957065312283,patient,1,availability,T2cor,1,-1
Gliosis,451,0.7563547326063372,0.6014605721913912,patient,1,availability,T2cor,1,-1
Cerebral atrophy,213,0.9305394603910382,0.6903984682544798,patient,1,availability,T2cor,1,-1
Encephalomalacia,25,0.8371074380165289,0.11150873558243347,patient,1,availability,T2cor,1,-1
Arachnoid cyst,69,0.6669548748353097,0.0858513882436626,patient,1,availability,T2cor,1,-1
Empty sella syndrome,82,0.6891686336218201,0.13861676972339954,patient,1,availability,T2cor,1,-1
Cerebral edema,23,0.7941211650020932,0.12390051223913458,patient,1,availability,T2cor,1,-1
Mastoiditis,23,0.5948507864362179,0.0516293241481298,patient,1,availability,T2cor,1,-1
Chronic mastoiditis,37,0.7695007507507508,0.07239128452052353,patient,1,availability,T2cor,1,-1
Ventriculomegaly,131,0.8641380170819959,0.4261513614693945,patient,1,availability,T2cor,1,-1
Cerebellar degeneration,43,0.8708929324381304,0.23697483553055543,patient,1,availability,T2cor,1,-1
Mega cisterna magna,23,0.6592907122779738,0.026672097367411447,patient,1,availability,T2cor,1,-1
Structure of cave of septum pellucidum,22,0.7140893470790378,0.048860754020400333,patient,1,availability,T2cor,1,-1
Cerebral infarction,42,0.9077318732370997,0.3162874871043576,patient,1,availability,FLAIRax,1,-1
Demyelinating disease of central nervous system,21,0.7004186289900575,0.06300361147836062,patient,1,availability,FLAIRax,1,-1
Lacunar infarct,21,0.8912545787545787,0.11192033340717493,patient,1,availability,FLAIRax,1,-1
Gliosis,451,0.7539040382429343,0.5919203459302891,patient,1,availability,FLAIRax,1,-1
Cerebral atrophy,213,0.9456825340227016,0.7385068348981443,patient,1,availability,FLAIRax,1,-1
Encephalomalacia,25,0.8682920110192837,0.16874558458693859,patient,1,availability,FLAIRax,1,-1
Arachnoid cyst,69,0.6649065382081686,0.08869275878155969,patient,1,availability,FLAIRax,1,-1
Empty sella syndrome,82,0.6866509310254392,0.13046643901187205,patient,1,availability,FLAIRax,1,-1
Cerebral edema,23,0.8333233658274026,0.1407643940850316,patient,1,availability,FLAIRax,1,-1
Mastoiditis,23,0.6365049937204712,0.07631156235287197,patient,1,availability,FLAIRax,1,-1
Chronic mastoiditis,37,0.7598723723723724,0.08361159356164359,patient,1,availability,FLAIRax,1,-1
Ventriculomegaly,131,0.8819175844742124,0.4149170110388082,patient,1,availability,FLAIRax,1,-1
Cerebellar degeneration,43,0.8994031980798547,0.31240018748136633,patient,1,availability,FLAIRax,1,-1
Mega cisterna magna,23,0.7240894683332336,0.04090193046816067,patient,1,availability,FLAIRax,1,-1
Structure of cave of septum pellucidum,22,0.682099343955014,0.049184993337006856,patient,1,availability,FLAIRax,1,-1
Cerebral infarction,42,0.9072507051601127,0.3091658308020715,patient,1,availability,T2ax,1,-1
Demyelinating disease of central nervous system,21,0.7363291470434328,0.07114361146484594,patient,1,availability,T2ax,1,-1
Lacunar infarct,21,0.9117281527995813,0.1352778764166648,patient,1,availability,T2ax,1,-1
Gliosis,451,0.7590755652373111,0.581965287486068,patient,1,availability,T2ax,1,-1
Cerebral atrophy,213,0.9347662982112083,0.6743243696453946,patient,1,availability,T2ax,1,-1
Encephalomalacia,25,0.8690082644628099,0.11613957194512245,patient,1,availability,T2ax,1,-1
Arachnoid cyst,69,0.6837430006587615,0.10674325621356909,patient,1,availability,T2ax,1,-1
Empty sella syndrome,82,0.6869306757583705,0.14636408297939485,patient,1,availability,T2ax,1,-1
Cerebral edema,23,0.8177740565755636,0.12175871430549391,patient,1,availability,T2ax,1,-1
Mastoiditis,23,0.6596495424914777,0.08273474318121232,patient,1,availability,T2ax,1,-1
Chronic mastoiditis,37,0.7550863363363364,0.058563780704740935,patient,1,availability,T2ax,1,-1
Ventriculomegaly,131,0.8583816340188061,0.41973461327505146,patient,1,availability,T2ax,1,-1
Cerebellar degeneration,43,0.8769420388569946,0.3135806020613002,patient,1,availability,T2ax,1,-1
Mega cisterna magna,23,0.7123377788409784,0.037311154556302406,patient,1,availability,T2ax,1,-1
Structure of cave of septum pellucidum,22,0.7085285848172446,0.04550042517808387,patient,1,availability,T2ax,1,-1
Cerebral infarction,42,0.9063381450141031,0.3559677342980563,patient,1,availability,T1ax,1,-1
Demyelinating disease of central nervous system,21,0.73992673992674,0.10882191577665783,patient,1,availability,T1ax,1,-1
Lacunar infarct,21,0.8898482469911041,0.1341760283915011,patient,1,availability,T1ax,1,-1
Gliosis,451,0.754988913525499,0.5774997225669132,patient,1,availability,T1ax,1,-1
Cerebral atrophy,213,0.9284854697807097,0.6701477712497033,patient,1,availability,T1ax,1,-1
Encephalomalacia,25,0.8802754820936639,0.17224978754307446,patient,1,availability,T1ax,1,-1
Arachnoid cyst,69,0.6647418478260869,0.08144617900065626,patient,1,availability,T1ax,1,-1
Empty sella syndrome,82,0.6785033656788181,0.12946935870548734,patient,1,availability,T1ax,1,-1
Cerebral edema,23,0.7932240894683332,0.1179112751733485,patient,1,availability,T1ax,1,-1
Mastoiditis,23,0.6580049040129179,0.04631407523831525,patient,1,availability,T1ax,1,-1
Chronic mastoiditis,37,0.7455518018018019,0.05547404660705907,patient,1,availability,T1ax,1,-1
Ventriculomegaly,131,0.8585007315994237,0.42708650002429943,patient,1,availability,T1ax,1,-1
Cerebellar degeneration,43,0.8930297427913464,0.3232167914595108,patient,1,availability,T1ax,1,-1
Mega cisterna magna,23,0.7065067878715388,0.03337610970711941,patient,1,availability,T1ax,1,-1
Structure of cave of septum pellucidum,22,0.6398937831927523,0.05578850614728881,patient,1,availability,T1ax,1,-1
Cerebral infarction,42,0.9166085946573751,0.3462056255529694,patient,1,availability,FLAIRax+T2cor,2,-1
Demyelinating disease of central nervous system,21,0.7077773417059131,0.07507150073249971,patient,1,availability,FLAIRax+T2cor,2,-1
Lacunar infarct,21,0.9028976975405547,0.14263724895562535,patient,1,availability,FLAIRax+T2cor,2,-1
Gliosis,451,0.7635187994623168,0.6079616197920381,patient,1,availability,FLAIRax+T2cor,2,-1
Cerebral atrophy,213,0.9474059547156355,0.7316879223218542,patient,1,availability,FLAIRax+T2cor,2,-1
Encephalomalacia,25,0.8634435261707989,0.14658514272947498,patient,1,availability,FLAIRax+T2cor,2,-1
Arachnoid cyst,69,0.6698060770750989,0.08608047844981528,patient,1,availability,FLAIRax+T2cor,2,-1
Empty sella syndrome,82,0.6904274849200105,0.13427911868800999,patient,1,availability,FLAIRax+T2cor,2,-1
Cerebral edema,23,0.8232462173314993,0.1514192844116864,patient,1,availability,FLAIRax+T2cor,2,-1
Mastoiditis,23,0.6255606722086,0.07589883887449828,patient,1,availability,FLAIRax+T2cor,2,-1
Chronic mastoiditis,37,0.7811936936936937,0.07791126210797601,patient,1,availability,FLAIRax+T2cor,2,-1
Ventriculomegaly,131,0.8816226761793495,0.4329241546071162,patient,1,availability,FLAIRax+T2cor,2,-1
Cerebellar degeneration,43,0.8932730044435795,0.304147061027788,patient,1,availability,FLAIRax+T2cor,2,-1
Mega cisterna magna,23,0.6956820764308353,0.03095870248348419,patient,1,availability,FLAIRax+T2cor,2,-1
Structure of cave of septum pellucidum,22,0.7034676663542643,0.05912426072683484,patient,1,availability,FLAIRax+T2cor,2,-1
Cerebral infarction,42,0.9155632984901277,0.344114875595663,patient,1,availability,T2ax+T2cor,2,-1
Demyelinating disease of central nervous system,21,0.7421834118262689,0.07675405407560738,patient,1,availability,T2ax+T2cor,2,-1
Lacunar infarct,21,0.9138540031397174,0.16193231036499395,patient,1,availability,T2ax+T2cor,2,-1
Gliosis,451,0.7636138881325019,0.5968674905984142,patient,1,availability,T2ax+T2cor,2,-1
Cerebral atrophy,213,0.940508557675165,0.6986575799364054,patient,1,availability,T2ax+T2cor,2,-1
Encephalomalacia,25,0.8634435261707989,0.12475920924582515,patient,1,availability,T2ax+T2cor,2,-1
Arachnoid cyst,69,0.6837224143610013,0.09375168797916075,patient,1,availability,T2ax+T2cor,2,-1
Empty sella syndrome,82,0.6888626628201766,0.14303053005212643,patient,1,availability,T2ax+T2cor,2,-1
Cerebral edema,23,0.8149034148675319,0.15435607880045737,patient,1,availability,T2ax+T2cor,2,-1
Mastoiditis,23,0.6454757490580707,0.07895011266707927,patient,1,availability,T2ax+T2cor,2,-1
Chronic mastoiditis,37,0.7703453453453454,0.06327124197944145,patient,1,availability,T2ax+T2cor,2,-1
Ventriculomegaly,131,0.8662704309063892,0.43838081996880607,patient,1,availability,T2ax+T2cor,2,-1
Cerebellar degeneration,43,0.8793422204923615,0.30575970864348706,patient,1,availability,T2ax+T2cor,2,-1
Mega cisterna magna,23,0.6960708091621314,0.031627639414647205,patient,1,availability,T2ax+T2cor,2,-1
Structure of cave of septum pellucidum,22,0.7199937519525149,0.05131415396811448,patient,1,availability,T2ax+T2cor,2,-1
Cerebral infarction,42,0.9119960179193628,0.3357654252955017,patient,1,availability,T2ax+FLAIRax,2,-1
Demyelinating disease of central nervous system,21,0.7142203035060178,0.0807964289239535,patient,1,availability,T2ax+FLAIRax,2,-1
Lacunar infarct,21,0.9059065934065934,0.13159711299719887,patient,1,availability,T2ax+FLAIRax,2,-1
Gliosis,451,0.763248661194746,0.5925279746788813,patient,1,availability,T2ax+FLAIRax,2,-1
Cerebral atrophy,213,0.9460613894336483,0.71336881016531,patient,1,availability,T2ax+FLAIRax,2,-1
Encephalomalacia,25,0.8744903581267218,0.1335264637132998,patient,1,availability,T2ax+FLAIRax,2,-1
Arachnoid cyst,69,0.680480072463768,0.09826718232888308,patient,1,availability,T2ax+FLAIRax,2,-1
Empty sella syndrome,82,0.688906372934697,0.14233603447846288,patient,1,availability,T2ax+FLAIRax,2,-1
Cerebral edema,23,0.827492374857963,0.12723900512451775,patient,1,availability,T2ax+FLAIRax,2,-1
Mastoiditis,23,0.6514562526164703,0.08408403016057939,patient,1,availability,T2ax+FLAIRax,2,-1
Chronic mastoiditis,37,0.7677927927927928,0.06287650927865183,patient,1,availability,T2ax+FLAIRax,2,-1
Ventriculomegaly,131,0.8743690663883943,0.4285182461952781,patient,1,availability,T2ax+FLAIRax,2,-1
Cerebellar degeneration,43,0.8870292887029289,0.33773610650355534,patient,1,availability,T2ax+FLAIRax,2,-1
Mega cisterna magna,23,0.718916332755218,0.03885267450506838,patient,1,availability,T2ax+FLAIRax,2,-1
Structure of cave of septum pellucidum,22,0.7099968759762575,0.05479022108544129,patient,1,availability,T2ax+FLAIRax,2,-1
Cerebral infarction,42,0.9160776505724241,0.378028209776453,patient,1,availability,T1ax+T2cor,2,-1
Demyelinating disease of central nervous system,21,0.7485609628466772,0.08019580664839646,patient,1,availability,T1ax+T2cor,2,-1
Lacunar infarct,21,0.902537938252224,0.198454340200239,patient,1,availability,T1ax+T2cor,2,-1
Gliosis,451,0.7647419855378779,0.6115965725941686,patient,1,availability,T1ax+T2cor,2,-1
Cerebral atrophy,213,0.9412774113032626,0.7237745627652667,patient,1,availability,T1ax+T2cor,2,-1
Encephalomalacia,25,0.8631404958677685,0.13942461326075176,patient,1,availability,T1ax+T2cor,2,-1
Arachnoid cyst,69,0.6762907608695652,0.09278051310296576,patient,1,availability,T1ax+T2cor,2,-1
Empty sella syndrome,82,0.6895620246525046,0.1359761423413492,patient,1,availability,T1ax+T2cor,2,-1
Cerebral edema,23,0.8005502063273727,0.10391072652753174,patient,1,availability,T1ax+T2cor,2,-1
Mastoiditis,23,0.6304646851264877,0.052858122809320056,patient,1,availability,T1ax+T2cor,2,-1
Chronic mastoiditis,37,0.772165915915916,0.06490253552179263,patient,1,availability,T1ax+T2cor,2,-1
Ventriculomegaly,131,0.8706997266426958,0.44911359139709117,patient,1,availability,T1ax+T2cor,2,-1
Cerebellar degeneration,43,0.8830722324932698,0.2927906013328953,patient,1,availability,T1ax+T2cor,2,-1
Mega cisterna magna,23,0.6734645057113808,0.027733031077801677,patient,1,availability,T1ax+T2cor,2,-1
Structure of cave of septum pellucidum,22,0.6898156825991878,0.07010576547037856,patient,1,availability,T1ax+T2cor,2,-1
Cerebral infarction,42,0.9113489298158286,0.3649940598446371,patient,1,availability,T1ax+FLAIRax,2,-1
Demyelinating disease of central nervous system,21,0.7243262689691261,0.14293626335987958,patient,1,availability,T1ax+FLAIRax,2,-1
Lacunar infarct,21,0.8951138147566718,0.12528721560418374,patient,1,availability,T1ax+FLAIRax,2,-1
Gliosis,451,0.7584142667582976,0.5938775331024027,patient,1,availability,T1ax+FLAIRax,2,-1
Cerebral atrophy,213,0.947238812622571,0.7307696007868795,patient,1,availability,T1ax+FLAIRax,2,-1
Encephalomalacia,25,0.8776859504132232,0.18352364878582197,patient,1,availability,T1ax+FLAIRax,2,-1
Arachnoid cyst,69,0.6682312252964427,0.09279365276545823,patient,1,availability,T1ax+FLAIRax,2,-1
Empty sella syndrome,82,0.6876125535448903,0.13123145424065769,patient,1,availability,T1ax+FLAIRax,2,-1
Cerebral edema,23,0.8214520662639795,0.10587112591917539,patient,1,availability,T1ax+FLAIRax,2,-1
Mastoiditis,23,0.641379104120567,0.07679025470721185,patient,1,availability,T1ax+FLAIRax,2,-1
Chronic mastoiditis,37,0.76371996996997,0.07118290291713454,patient,1,availability,T1ax+FLAIRax,2,-1
Ventriculomegaly,131,0.8828363372389779,0.44348986038568816,patient,1,availability,T1ax+FLAIRax,2,-1
Cerebellar degeneration,43,0.9043170834549642,0.35507294699499237,patient,1,availability,T1ax+FLAIRax,2,-1
Mega cisterna magna,23,0.7255247891872495,0.039101491573140246,patient,1,availability,T1ax+FLAIRax,2,-1
Structure of cave of septum pellucidum,22,0.668541080912215,0.052054066666658905,patient,1,availability,T1ax+FLAIRax,2,-1
Cerebral infarction,42,0.9092085614733698,0.3383922003569296,patient,1,availability,T1ax+T2ax,2,-1
Demyelinating disease of central nervous system,21,0.7409733124018838,0.14433761213902474,patient,1,availability,T1ax+T2ax,2,-1
Lacunar infarct,21,0.9073129251700679,0.14391657214935402,patient,1,availability,T1ax+T2ax,2,-1
Gliosis,451,0.7619347086612812,0.5892318142139804,patient,1,availability,T1ax+T2ax,2,-1
Cerebral atrophy,213,0.9384025673025495,0.6904358991516539,patient,1,availability,T1ax+T2ax,2,-1
Encephalomalacia,25,0.8784297520661157,0.1332460468568379,patient,1,availability,T1ax+T2ax,2,-1
Arachnoid cyst,69,0.6852766798418973,0.10675162227225701,patient,1,availability,T1ax+T2ax,2,-1
Empty sella syndrome,82,0.6859428271702072,0.14401404369077364,patient,1,availability,T1ax+T2ax,2,-1
Cerebral edema,23,0.8123317983374201,0.12224141007779998,patient,1,availability,T1ax+T2ax,2,-1
Mastoiditis,23,0.6588122719933018,0.0825744138630006,patient,1,availability,T1ax+T2ax,2,-1
Chronic mastoiditis,37,0.7613738738738739,0.05833571820012483,patient,1,availability,T1ax+T2ax,2,-1
Ventriculomegaly,131,0.8626294477275047,0.43803665446101814,patient,1,availability,T1ax+T2ax,2,-1
Cerebellar degeneration,43,0.8822451428756771,0.3251103181149195,patient,1,availability,T1ax+T2ax,2,-1
Mega cisterna magna,23,0.7160755935649781,0.03766593195842728,patient,1,availability,T1ax+T2ax,2,-1
Structure of cave of septum pellucidum,22,0.7031865042174321,0.04848485891087749,patient,1,availability,T1ax+T2ax,2,-1
Cerebral infarction,42,0.9173386427741828,0.3499569505832162,patient,1,availability,T2ax+FLAIRax+T2cor,3,-1
Demyelinating disease of central nervous system,21,0.7211211407639979,0.08892953761302602,patient,1,availability,T2ax+FLAIRax+T2cor,3,-1
Lacunar infarct,21,0.9088173731030873,0.1488790643508466,patient,1,availability,T2ax+FLAIRax+T2cor,3,-1
Gliosis,451,0.7655524003405904,0.6013118913742455,patient,1,availability,T2ax+FLAIRax+T2cor,3,-1
Cerebral atrophy,213,0.9467448148808463,0.7177790607443993,patient,1,availability,T2ax+FLAIRax+T2cor,3,-1
Encephalomalacia,25,0.8691184573002755,0.13573531742799452,patient,1,availability,T2ax+FLAIRax+T2cor,3,-1
Arachnoid cyst,69,0.6803874341238472,0.09266699703595917,patient,1,availability,T2ax+FLAIRax+T2cor,3,-1
Empty sella syndrome,82,0.6900428359122301,0.13890721672432166,patient,1,availability,T2ax+FLAIRax+T2cor,3,-1
Cerebral edema,23,0.8249805633634352,0.14776085422666738,patient,1,availability,T2ax+FLAIRax+T2cor,3,-1
Mastoiditis,23,0.6437713055439268,0.08090409805314723,patient,1,availability,T2ax+FLAIRax+T2cor,3,-1
Chronic mastoiditis,37,0.7754129129129129,0.06532343877321443,patient,1,availability,T2ax+FLAIRax+T2cor,3,-1
Ventriculomegaly,131,0.8757301815954538,0.43877384227433064,patient,1,availability,T2ax+FLAIRax+T2cor,3,-1
Cerebellar degeneration,43,0.8865103305114982,0.32928131185560394,patient,1,availability,T2ax+FLAIRax+T2cor,3,-1
Mega cisterna magna,23,0.7064469828359548,0.0339470373138147,patient,1,availability,T2ax+FLAIRax+T2cor,3,-1
Structure of cave of septum pellucidum,22,0.7149328334895345,0.06636370888170867,patient,1,availability,T2ax+FLAIRax+T2cor,3,-1
Cerebral infarction,42,0.9179027708644433,0.36421355569722363,patient,1,availability,T1ax+FLAIRax+T2cor,3,-1
Demyelinating disease of central nervous system,21,0.724849555206698,0.12558085304791214,patient,1,availability,T1ax+FLAIRax+T2cor,3,-1
Lacunar infarct,21,0.9019165358451072,0.14512499810489457,patient,1,availability,T1ax+FLAIRax+T2cor,3,-1
Gliosis,451,0.7645928692141787,0.6079546783265523,patient,1,availability,T1ax+FLAIRax+T2cor,3,-1
Cerebral atrophy,213,0.9486576632792535,0.7340153176831956,patient,1,availability,T1ax+FLAIRax+T2cor,3,-1
Encephalomalacia,25,0.871763085399449,0.16410875996591104,patient,1,availability,T1ax+FLAIRax+T2cor,3,-1
Arachnoid cyst,69,0.6736145421607378,0.08886284976925557,patient,1,availability,T1ax+FLAIRax+T2cor,3,-1
Empty sella syndrome,82,0.6905149051490515,0.13369373855301164,patient,1,availability,T1ax+FLAIRax+T2cor,3,-1
Cerebral edema,23,0.8188206446982835,0.11280344677605648,patient,1,availability,T1ax+FLAIRax+T2cor,3,-1
Mastoiditis,23,0.6342922074038635,0.07580863077562891,patient,1,availability,T1ax+FLAIRax+T2cor,3,-1
Chronic mastoiditis,37,0.7783220720720722,0.07114505414948862,patient,1,availability,T1ax+FLAIRax+T2cor,3,-1
Ventriculomegaly,131,0.8818722139673105,0.44725010518456115,patient,1,availability,T1ax+FLAIRax+T2cor,3,-1
Cerebellar degeneration,43,0.8955434465310887,0.32430506178111923,patient,1,availability,T1ax+FLAIRax+T2cor,3,-1
Mega cisterna magna,23,0.6993600861192512,0.03122598188784313,patient,1,availability,T1ax+FLAIRax+T2cor,3,-1
Structure of cave of septum pellucidum,22,0.6946891596376134,0.06603435064408532,patient,1,availability,T1ax+FLAIRax+T2cor,3,-1
Cerebral infarction,42,0.9156296665007466,0.3668380446501625,patient,1,availability,T1ax+T2ax+T2cor,3,-1
Demyelinating disease of central nervous system,21,0.7433608058608059,0.08582435133095657,patient,1,availability,T1ax+T2ax+T2cor,3,-1
Lacunar infarct,21,0.9107469911041339,0.16191827743295892,patient,1,availability,T1ax+T2ax+T2cor,3,-1
Gliosis,451,0.7651525957045855,0.6010167169842672,patient,1,availability,T1ax+T2ax+T2cor,3,-1
Cerebral atrophy,213,0.9424065489986331,0.7107494717970452,patient,1,availability,T1ax+T2ax+T2cor,3,-1
Encephalomalacia,25,0.8706611570247933,0.13320537380849543,patient,1,availability,T1ax+T2ax+T2cor,3,-1
Arachnoid cyst,69,0.6853487318840579,0.09357887850991571,patient,1,availability,T1ax+T2ax+T2cor,3,-1
Empty sella syndrome,82,0.6891336655302036,0.14270394566517947,patient,1,availability,T1ax+T2ax+T2cor,3,-1
Cerebral edema,23,0.811853358052748,0.12389417118487527,patient,1,availability,T1ax+T2ax+T2cor,3,-1
Mastoiditis,23,0.6484660008372705,0.07923367606552509,patient,1,availability,T1ax+T2ax+T2cor,3,-1
Chronic mastoiditis,37,0.7717154654654655,0.06272573346086252,patient,1,availability,T1ax+T2ax+T2cor,3,-1
Ventriculomegaly,131,0.867926454408312,0.44433642342970214,patient,1,availability,T1ax+T2ax+T2cor,3,-1
Cerebellar degeneration,43,0.8826019266322856,0.32041808059527205,patient,1,availability,T1ax+T2ax+T2cor,3,-1
Mega cisterna magna,23,0.6991806710124993,0.03193244733744101,patient,1,availability,T1ax+T2ax+T2cor,3,-1
Structure of cave of septum pellucidum,22,0.7126835363948766,0.05164526003641587,patient,1,availability,T1ax+T2ax+T2cor,3,-1
Cerebral infarction,42,0.9129251700680272,0.35644043655668833,patient,1,availability,T1ax+T2ax+FLAIRax,3,-1
Demyelinating disease of central nervous system,21,0.7267137624280481,0.14380579237868932,patient,1,availability,T1ax+T2ax+FLAIRax,3,-1
Lacunar infarct,21,0.9043367346938775,0.13609529033375567,patient,1,availability,T1ax+T2ax+FLAIRax,3,-1
Gliosis,451,0.7641584868799246,0.5952674764618314,patient,1,availability,T1ax+T2ax+FLAIRax,3,-1
Cerebral atrophy,213,0.9463659594698997,0.7151873497959731,patient,1,availability,T1ax+T2ax+FLAIRax,3,-1
Encephalomalacia,25,0.8792561983471074,0.14040129232229268,patient,1,availability,T1ax+T2ax+FLAIRax,3,-1
Arachnoid cyst,69,0.6811182476943347,0.10564274786365575,patient,1,availability,T1ax+T2ax+FLAIRax,3,-1
Empty sella syndrome,82,0.6884605297665879,0.14190976275212686,patient,1,availability,T1ax+T2ax+FLAIRax,3,-1
Cerebral edema,23,0.8220501166198194,0.1292494087193363,patient,1,availability,T1ax+T2ax+FLAIRax,3,-1
Mastoiditis,23,0.6529812810238622,0.08386478461704724,patient,1,availability,T1ax+T2ax+FLAIRax,3,-1
Chronic mastoiditis,37,0.7687312312312313,0.06196172776110107,patient,1,availability,T1ax+T2ax+FLAIRax,3,-1
Ventriculomegaly,131,0.8753842314803263,0.44177832930103555,patient,1,availability,T1ax+T2ax+FLAIRax,3,-1
Cerebellar degeneration,43,0.8892672959034739,0.35257111203713026,patient,1,availability,T1ax+T2ax+FLAIRax,3,-1
Mega cisterna magna,23,0.7207403863405297,0.03899351651490813,patient,1,availability,T1ax+T2ax+FLAIRax,3,-1
Structure of cave of septum pellucidum,22,0.7052171196501094,0.057726275959412605,patient,1,availability,T1ax+T2ax+FLAIRax,3,-1
Cerebral infarction,42,0.9170731707317074,0.36505198232654884,patient,1,availability,T1ax+T2ax+FLAIRax+T2cor,4,-1
Demyelinating disease of central nervous system,21,0.7295918367346939,0.1256443340145353,patient,1,availability,T1ax+T2ax+FLAIRax+T2cor,4,-1
Lacunar infarct,21,0.9077380952380951,0.17730871773266685,patient,1,availability,T1ax+T2ax+FLAIRax+T2cor,4,-1
Gliosis,451,0.7659889437809848,0.6026600380134549,patient,1,availability,T1ax+T2ax+FLAIRax+T2cor,4,-1
Cerebral atrophy,213,0.9470493849170976,0.7207253142332137,patient,1,availability,T1ax+T2ax+FLAIRax+T2cor,4,-1
Encephalomalacia,25,0.8736914600550963,0.14218844850268722,patient,1,availability,T1ax+T2ax+FLAIRax+T2cor,4,-1
Arachnoid cyst,69,0.6817873023715415,0.09263204475548235,patient,1,availability,T1ax+T2ax+FLAIRax+T2cor,4,-1
Empty sella syndrome,82,0.6902001923245039,0.1401563806943298,patient,1,availability,T1ax+T2ax+FLAIRax+T2cor,4,-1
Cerebral edema,23,0.8209736259793075,0.1351443655482901,patient,1,availability,T1ax+T2ax+FLAIRax+T2cor,4,-1
Mastoiditis,23,0.6458644817893666,0.0799748437557306,patient,1,availability,T1ax+T2ax+FLAIRax+T2cor,4,-1
Chronic mastoiditis,37,0.7750375375375375,0.06716333976918869,patient,1,availability,T1ax+T2ax+FLAIRax+T2cor,4,-1
Ventriculomegaly,131,0.876246271111464,0.4456820994491232,patient,1,availability,T1ax+T2ax+FLAIRax+T2cor,4,-1
Cerebellar degeneration,43,0.8881320748597191,0.34155203915466115,patient,1,availability,T1ax+T2ax+FLAIRax+T2cor,4,-1
Mega cisterna magna,23,0.7077327911010106,0.03400186530993954,patient,1,availability,T1ax+T2ax+FLAIRax+T2cor,4,-1
Structure of cave of septum pellucidum,22,0.7097781943142768,0.06637281627444531,patient,1,availability,T1ax+T2ax+FLAIRax+T2cor,4,-1
Cerebral infarction,42,0.904861456777833,0.33629258901355996,patient,1,budget,all4,1,1
Demyelinating disease of central nervous system,21,0.7264521193092621,0.07311517791171224,patient,1,budget,all4,1,1
Lacunar infarct,21,0.9016875981161695,0.13982896226804947,patient,1,budget,all4,1,1
Gliosis,451,0.7597541525654491,0.5869802614397374,patient,1,budget,all4,1,1
Cerebral atrophy,213,0.934673441492839,0.6825299601142442,patient,1,budget,all4,1,1
Encephalomalacia,25,0.8786776859504132,0.12453165314106196,patient,1,budget,all4,1,1
Arachnoid cyst,69,0.680562417654809,0.10712641104779141,patient,1,budget,all4,1,1
Empty sella syndrome,82,0.6850861089256054,0.14637543028654776,patient,1,budget,all4,1,1
Cerebral edema,23,0.8251599784701872,0.11687778414965941,patient,1,budget,all4,1,1
Mastoiditis,23,0.65743675617487,0.08266590587438587,patient,1,budget,all4,1,1
Chronic mastoiditis,37,0.7593656156156157,0.06863832306092929,patient,1,budget,all4,1,1
Ventriculomegaly,131,0.8645179950773001,0.43526326648707114,patient,1,budget,all4,1,1
Cerebellar degeneration,43,0.8799747007881678,0.3307130098724226,patient,1,budget,all4,1,1
Mega cisterna magna,23,0.7085999641169787,0.037081857362689014,patient,1,budget,all4,1,1
Structure of cave of septum pellucidum,22,0.7184004998437988,0.06265456982442227,patient,1,budget,all4,1,1
Cerebral infarction,42,0.9174713787954206,0.36475376495518974,patient,1,budget,all4,2,2
Demyelinating disease of central nervous system,21,0.6993393511250654,0.06800992238037534,patient,1,budget,all4,2,2
Lacunar infarct,21,0.906789638932496,0.13896399608135726,patient,1,budget,all4,2,2
Gliosis,451,0.7636787213167188,0.596940821659235,patient,1,budget,all4,2,2
Cerebral atrophy,213,0.943479972662982,0.7056286628841837,patient,1,budget,all4,2,2
Encephalomalacia,25,0.8728650137741047,0.13672609791276155,patient,1,budget,all4,2,2
Arachnoid cyst,69,0.6781641139657445,0.08826859359478065,patient,1,budget,all4,2,2
Empty sella syndrome,82,0.6913016872104204,0.13872964551950773,patient,1,budget,all4,2,2
Cerebral edema,23,0.8182524968602357,0.12373860596164175,patient,1,budget,all4,2,2
Mastoiditis,23,0.6495723939955744,0.07959203432508777,patient,1,budget,all4,2,2
Chronic mastoiditis,37,0.7723160660660661,0.06808819483154703,patient,1,budget,all4,2,2
Ventriculomegaly,131,0.8716695212277259,0.4374582151491637,patient,1,budget,all4,2,2
Cerebellar degeneration,43,0.8907106483733904,0.33244248580112606,patient,1,budget,all4,2,2
Mega cisterna magna,23,0.7062077626936187,0.034193022547940106,patient,1,budget,all4,2,2
Structure of cave of septum pellucidum,22,0.7133083411433927,0.05173760440552118,patient,1,budget,all4,2,2
Cerebral infarction,42,0.9177368508378962,0.353531300446736,patient,1,budget,all4,3,3
Demyelinating disease of central nervous system,21,0.7368851386708529,0.14406011838096172,patient,1,budget,all4,3,3
Lacunar infarct,21,0.9096677132391418,0.1526846915999786,patient,1,budget,all4,3,3
Gliosis,451,0.7660516158590612,0.6074452248723081,patient,1,budget,all4,3,3
Cerebral atrophy,213,0.9484942354549236,0.73254848181806,patient,1,budget,all4,3,3
Encephalomalacia,25,0.86534435261708,0.1386333949291078,patient,1,budget,all4,3,3
Arachnoid cyst,69,0.6784214426877471,0.09307271961660075,patient,1,budget,all4,3,3
Empty sella syndrome,82,0.690733455721654,0.13730950951297347,patient,1,budget,all4,3,3
Cerebral edema,23,0.813797021709228,0.1474357906998467,patient,1,budget,all4,3,3
Mastoiditis,23,0.6433825728126308,0.0793658044528774,patient,1,budget,all4,3,3
Chronic mastoiditis,37,0.7750187687687689,0.065641683802286,patient,1,budget,all4,3,3
Ventriculomegaly,131,0.8791896827467305,0.44353987919414256,patient,1,budget,all4,3,3
Cerebellar degeneration,43,0.8903214297298173,0.32883975485593125,patient,1,budget,all4,3,3
Mega cisterna magna,23,0.703606243645715,0.03283742359353017,patient,1,budget,all4,3,3
Structure of cave of septum pellucidum,22,0.7105904404873478,0.06689728059900632,patient,1,budget,all4,3,3
Cerebral infarction,42,0.9158121785299486,0.3710667481742395,patient,1,budget,all4,4,4
Demyelinating disease of central nervous system,21,0.7436551543694401,0.15646300015808332,patient,1,budget,all4,4,4
Lacunar infarct,21,0.9043367346938774,0.14985217746387974,patient,1,budget,all4,4,4
Gliosis,451,0.7660797102388885,0.6048218853522169,patient,1,budget,all4,4,4
Cerebral atrophy,213,0.9487282343852143,0.7244848857695374,patient,1,budget,all4,4,4
Encephalomalacia,25,0.873526170798898,0.16080210171116657,patient,1,budget,all4,4,4
Arachnoid cyst,69,0.6810256093544137,0.09321504197626337,patient,1,budget,all4,4,4
Empty sella syndrome,82,0.6903225806451614,0.13955710101537838,patient,1,budget,all4,4,4
Cerebral edema,23,0.8194785000897076,0.12466332408991908,patient,1,budget,all4,4,4
Mastoiditis,23,0.6420369595119908,0.07869229185203509,patient,1,budget,all4,4,4
Chronic mastoiditis,37,0.777271021021021,0.06371569506762058,patient,1,budget,all4,4,4
Ventriculomegaly,131,0.8776584281387882,0.4474133593563273,patient,1,budget,all4,4,4
Cerebellar degeneration,43,0.8911485193474101,0.3464393111462304,patient,1,budget,all4,4,4
Mega cisterna magna,23,0.7056994198911548,0.033040664772274256,patient,1,budget,all4,4,4
Structure of cave of septum pellucidum,22,0.7017182130584192,0.06536729421488971,patient,1,budget,all4,4,4
Cerebral infarction,42,0.9204745312759249,0.2720774008056344,finding,1,availability,T2cor,1,-1
Demyelinating disease of central nervous system,21,0.7260923600209314,0.14219143810395896,finding,1,availability,T2cor,1,-1
Lacunar infarct,21,0.9105834641548927,0.13534504862418342,finding,1,availability,T2cor,1,-1
Gliosis,451,0.7657317721502575,0.6034091229061129,finding,1,availability,T2cor,1,-1
Cerebral atrophy,213,0.9406571284245558,0.7275412897525958,finding,1,availability,T2cor,1,-1
Encephalomalacia,25,0.8396694214876034,0.16866946433515717,finding,1,availability,T2cor,1,-1
Arachnoid cyst,69,0.6805932971014493,0.10847522653903593,finding,1,availability,T2cor,1,-1
Empty sella syndrome,82,0.6831628638867033,0.13515653002040554,finding,1,availability,T2cor,1,-1
Cerebral edema,23,0.8157107828479158,0.21267773775174983,finding,1,availability,T2cor,1,-1
Mastoiditis,23,0.6169188445667125,0.047585161415903306,finding,1,availability,T2cor,1,-1
Chronic mastoiditis,37,0.767210960960961,0.06775363418130607,finding,1,availability,T2cor,1,-1
Ventriculomegaly,131,0.866752492542223,0.4283095481308538,finding,1,availability,T2cor,1,-1
Cerebellar degeneration,43,0.8795206123706659,0.2507466193275508,finding,1,availability,T2cor,1,-1
Mega cisterna magna,23,0.6708928891812691,0.029398640459041513,finding,1,availability,T2cor,1,-1
Structure of cave of septum pellucidum,22,0.6798188066229303,0.042397771047135505,finding,1,availability,T2cor,1,-1
Cerebral infarction,42,0.9103368176538909,0.3464812243664675,finding,1,availability,FLAIRax,1,-1
Demyelinating disease of central nervous system,21,0.7092163788592359,0.10303327945606991,finding,1,availability,FLAIRax,1,-1
Lacunar infarct,21,0.9067569335426477,0.10364833169960508,finding,1,availability,FLAIRax,1,-1
Gliosis,451,0.7584034612275947,0.5950114047951677,finding,1,availability,FLAIRax,1,-1
Cerebral atrophy,213,0.9508045106079515,0.7889001409508074,finding,1,availability,FLAIRax,1,-1
Encephalomalacia,25,0.874077134986226,0.25132600208721295,finding,1,availability,FLAIRax,1,-1
Arachnoid cyst,69,0.6846796772068511,0.11168774620626432,finding,1,availability,FLAIRax,1,-1
Empty sella syndrome,82,0.6810472943439112,0.1296789625705927,finding,1,availability,FLAIRax,1,-1
Cerebral edema,23,0.8517134142694814,0.22534462663534693,finding,1,availability,FLAIRax,1,-1
Mastoiditis,23,0.6473895101967586,0.052530921385402884,finding,1,availability,FLAIRax,1,-1
Chronic mastoiditis,37,0.7472597597597598,0.05951732387683976,finding,1,availability,FLAIRax,1,-1
Ventriculomegaly,131,0.8774542608577295,0.4171664177080582,finding,1,availability,FLAIRax,1,-1
Cerebellar degeneration,43,0.9000194609321787,0.3385528987154145,finding,1,availability,FLAIRax,1,-1
Mega cisterna magna,23,0.7488188505472161,0.05378166327491068,finding,1,availability,FLAIRax,1,-1
Structure of cave of septum pellucidum,22,0.6509215870040612,0.03956610731564169,finding,1,availability,FLAIRax,1,-1
Cerebral infarction,42,0.9132736021237763,0.2905419754445952,finding,1,availability,T2ax,1,-1
Demyelinating disease of central nervous system,21,0.6887100994243851,0.0688226198006463,finding,1,availability,T2ax,1,-1
Lacunar infarct,21,0.9191849816849818,0.11733343806838538,finding,1,availability,T2ax,1,-1
Gliosis,451,0.7650056404870269,0.5833418422556925,finding,1,availability,T2ax,1,-1
Cerebral atrophy,213,0.9374740001188566,0.7035572070663894,finding,1,availability,T2ax,1,-1
Encephalomalacia,25,0.8790909090909091,0.15219647151605642,finding,1,availability,T2ax,1,-1
Arachnoid cyst,69,0.6816740777338604,0.1046298533952757,finding,1,availability,T2ax,1,-1
Empty sella syndrome,82,0.6866684150712475,0.1400906110668452,finding,1,availability,T2ax,1,-1
Cerebral edema,23,0.8296752586567789,0.15810168171855532,finding,1,availability,T2ax,1,-1
Mastoiditis,23,0.6703247413432211,0.054714718862024496,finding,1,availability,T2ax,1,-1
Chronic mastoiditis,37,0.7475788288288289,0.05713631332994634,finding,1,availability,T2ax,1,-1
Ventriculomegaly,131,0.8599979583271894,0.44578865798386197,finding,1,availability,T2ax,1,-1
Cerebellar degeneration,43,0.8685900554636568,0.3572409647498583,finding,1,availability,T2ax,1,-1
Mega cisterna magna,23,0.7352132049518569,0.044516948580621905,finding,1,availability,T2ax,1,-1
Structure of cave of septum pellucidum,22,0.6565448297407059,0.03894944698388615,finding,1,availability,T2ax,1,-1
Cerebral infarction,42,0.9097395055583208,0.36141306254088384,finding,1,availability,T1ax,1,-1
Demyelinating disease of central nervous system,21,0.7160845107273679,0.13711526162666132,finding,1,availability,T1ax,1,-1
Lacunar infarct,21,0.8961603872318158,0.14986336029250344,finding,1,availability,T1ax,1,-1
Gliosis,451,0.766328237445054,0.5920273172256608,finding,1,availability,T1ax,1,-1
Cerebral atrophy,213,0.9388519938194569,0.7260054071675176,finding,1,availability,T1ax,1,-1
Encephalomalacia,25,0.8754269972451791,0.2122930212479193,finding,1,availability,T1ax,1,-1
Arachnoid cyst,69,0.6715559123847168,0.08841425170211908,finding,1,availability,T1ax,1,-1
Empty sella syndrome,82,0.6840108401084011,0.1366499010647048,finding,1,availability,T1ax,1,-1
Cerebral edema,23,0.7859876801626697,0.12320675304192016,finding,1,availability,T1ax,1,-1
Mastoiditis,23,0.6731056754978769,0.04142135097756927,finding,1,availability,T1ax,1,-1
Chronic mastoiditis,37,0.7491554054054054,0.05733574667319575,finding,1,availability,T1ax,1,-1
Ventriculomegaly,131,0.8639395211142996,0.42088975256644123,finding,1,availability,T1ax,1,-1
Cerebellar degeneration,43,0.8980571502708313,0.35664570031185044,finding,1,availability,T1ax,1,-1
Mega cisterna magna,23,0.7548591591411997,0.05764235098982913,finding,1,availability,T1ax,1,-1
Structure of cave of septum pellucidum,22,0.5793814432989691,0.04570984325508922,finding,1,availability,T1ax,1,-1
Cerebral infarction,42,0.9220341795254687,0.32409508489345873,finding,1,availability,FLAIRax+T2cor,2,-1
Demyelinating disease of central nervous system,21,0.7347919937205651,0.14065253223265115,finding,1,availability,FLAIRax+T2cor,2,-1
Lacunar infarct,21,0.913788592360021,0.1316684210725246,finding,1,availability,FLAIRax+T2cor,2,-1
Gliosis,451,0.7691765753383211,0.6083324796588834,finding,1,availability,FLAIRax+T2cor,2,-1
Cerebral atrophy,213,0.9552133475961253,0.7905207699574599,finding,1,availability,FLAIRax+T2cor,2,-1
Encephalomalacia,25,0.8646556473829201,0.24917337337786835,finding,1,availability,FLAIRax+T2cor,2,-1
Arachnoid cyst,69,0.6918642951251648,0.11328318067301442,finding,1,availability,FLAIRax+T2cor,2,-1
Empty sella syndrome,82,0.6834950607570592,0.13491658040034002,finding,1,availability,FLAIRax+T2cor,2,-1
Cerebral edema,23,0.8494109203994976,0.2130034306777677,finding,1,availability,FLAIRax+T2cor,2,-1
Mastoiditis,23,0.6326475689253035,0.05858653388590071,finding,1,availability,FLAIRax+T2cor,2,-1
Chronic mastoiditis,37,0.773460960960961,0.06405792181920893,finding,1,availability,FLAIRax+T2cor,2,-1
Ventriculomegaly,131,0.8806925807878588,0.44038841293646863,finding,1,availability,FLAIRax+T2cor,2,-1
Cerebellar degeneration,43,0.8986247607927087,0.32153991573604346,finding,1,availability,FLAIRax+T2cor,2,-1
Mega cisterna magna,23,0.7210992165540339,0.0385663520970392,finding,1,availability,FLAIRax+T2cor,2,-1
Structure of cave of septum pellucidum,22,0.6664479850046859,0.04483671089389632,finding,1,availability,FLAIRax+T2cor,2,-1
Cerebral infarction,42,0.9224821635971462,0.29940704290315834,finding,1,availability,T2ax+T2cor,2,-1
Demyelinating disease of central nervous system,21,0.730801936159079,0.09218080317384109,finding,1,availability,T2ax+T2cor,2,-1
Lacunar infarct,21,0.9197409733124018,0.14949140073320477,finding,1,availability,T2ax+T2cor,2,-1
Gliosis,451,0.7719514356228091,0.6025697869596472,finding,1,availability,T2ax+T2cor,2,-1
Cerebral atrophy,213,0.9465962441314554,0.7414541279903082,finding,1,availability,T2ax+T2cor,2,-1
Encephalomalacia,25,0.8674104683195593,0.19248076041382906,finding,1,availability,T2ax+T2cor,2,-1
Arachnoid cyst,69,0.6869029973649539,0.10125772037558935,finding,1,availability,T2ax+T2cor,2,-1
Empty sella syndrome,82,0.6891686336218201,0.14492895945124518,finding,1,availability,T2ax+T2cor,2,-1
Cerebral edema,23,0.8383170862986663,0.2409529779676041,finding,1,availability,T2ax+T2cor,2,-1
Mastoiditis,23,0.6519944979367263,0.05425485805557182,finding,1,availability,T2ax+T2cor,2,-1
Chronic mastoiditis,37,0.7682244744744746,0.06251083202433885,finding,1,availability,T2ax+T2cor,2,-1
Ventriculomegaly,131,0.8704842167349115,0.46383592867666534,finding,1,availability,T2ax+T2cor,2,-1
Cerebellar degeneration,43,0.8784340436573579,0.33731279887819726,finding,1,availability,T2ax+T2cor,2,-1
Mega cisterna magna,23,0.7158363734226423,0.03584890642122268,finding,1,availability,T2ax+T2cor,2,-1
Structure of cave of septum pellucidum,22,0.6678225554514214,0.04344678798974394,finding,1,availability,T2ax+T2cor,2,-1
Cerebral infarction,42,0.915961506553841,0.3402150455016675,finding,1,availability,T2ax+FLAIRax,2,-1
Demyelinating disease of central nervous system,21,0.7013670852956567,0.11075080054643872,finding,1,availability,T2ax+FLAIRax,2,-1
Lacunar infarct,21,0.9153257456828885,0.11579276884480773,finding,1,availability,T2ax+FLAIRax,2,-1
Gliosis,451,0.7673763739232289,0.5960611223143182,finding,1,availability,T2ax+FLAIRax,2,-1
Cerebral atrophy,213,0.9513950793367801,0.767771633105098,finding,1,availability,T2ax+FLAIRax,2,-1
Encephalomalacia,25,0.8813223140495867,0.2417749405656354,finding,1,availability,T2ax+FLAIRax,2,-1
Arachnoid cyst,69,0.6905055994729907,0.10825462210038012,finding,1,availability,T2ax+FLAIRax,2,-1
Empty sella syndrome,82,0.685051140833989,0.13718255388352812,finding,1,availability,T2ax+FLAIRax,2,-1
Cerebral edema,23,0.8523114646253214,0.19070641979917322,finding,1,availability,T2ax+FLAIRax,2,-1
Mastoiditis,23,0.6550445547515101,0.04726257277564874,finding,1,availability,T2ax+FLAIRax,2,-1
Chronic mastoiditis,37,0.7576576576576577,0.0576793925388275,finding,1,availability,T2ax+FLAIRax,2,-1
Ventriculomegaly,131,0.8759797193834147,0.4535454884950773,finding,1,availability,T2ax+FLAIRax,2,-1
Cerebellar degeneration,43,0.8881645097466835,0.3806278019483626,finding,1,availability,T2ax+FLAIRax,2,-1
Mega cisterna magna,23,0.7446025955385444,0.0484100018448596,finding,1,availability,T2ax+FLAIRax,2,-1
Structure of cave of septum pellucidum,22,0.6542330521711965,0.04163345096962773,finding,1,availability,T2ax+FLAIRax,2,-1
Cerebral infarction,42,0.9209556993529119,0.3800317232862007,finding,1,availability,T1ax+T2cor,2,-1
Demyelinating disease of central nervous system,21,0.747350863422292,0.15355944899740523,finding,1,availability,T1ax+T2cor,2,-1
Lacunar infarct,21,0.9091771323914181,0.21580576145403832,finding,1,availability,T1ax+T2cor,2,-1
Gliosis,451,0.7739763920765205,0.614439258945842,finding,1,availability,T1ax+T2cor,2,-1
Cerebral atrophy,213,0.9509456528198728,0.7635921091593242,finding,1,availability,T1ax+T2cor,2,-1
Encephalomalacia,25,0.8694490358126722,0.25239709723130577,finding,1,availability,T1ax+T2cor,2,-1
Arachnoid cyst,69,0.6870985671936759,0.11051073111728935,finding,1,availability,T1ax+T2cor,2,-1
Empty sella syndrome,82,0.6888451787743685,0.13696659006149486,finding,1,availability,T1ax+T2cor,2,-1
Cerebral edema,23,0.8221996292087794,0.20228588279764062,finding,1,availability,T1ax+T2cor,2,-1
Mastoiditis,23,0.65728724358591,0.047195689569619614,finding,1,availability,T1ax+T2cor,2,-1
Chronic mastoiditis,37,0.7721283783783784,0.0640181564881841,finding,1,availability,T1ax+T2cor,2,-1
Ventriculomegaly,131,0.8740231162732666,0.4395844794541347,finding,1,availability,T1ax+T2cor,2,-1
Cerebellar degeneration,43,0.8938568324089391,0.336105108442875,finding,1,availability,T1ax+T2cor,2,-1
Mega cisterna magna,23,0.7232821003528497,0.03700426495776801,finding,1,availability,T1ax+T2cor,2,-1
Structure of cave of septum pellucidum,22,0.627460168697282,0.04536220239523312,finding,1,availability,T1ax+T2cor,2,-1
Cerebral infarction,42,0.9141197942591671,0.39110427102445866,finding,1,availability,T1ax+FLAIRax,2,-1
Demyelinating disease of central nervous system,21,0.7242608581894295,0.1393428980823946,finding,1,availability,T1ax+FLAIRax,2,-1
Lacunar infarct,21,0.9075418628990057,0.1562358769325722,finding,1,availability,T1ax+FLAIRax,2,-1
Gliosis,451,0.7672013243258429,0.5993807972596885,finding,1,availability,T1ax+FLAIRax,2,-1
Cerebral atrophy,213,0.9531927854044097,0.7825489452558685,finding,1,availability,T1ax+FLAIRax,2,-1
Encephalomalacia,25,0.8839669421487604,0.2517690181253227,finding,1,availability,T1ax+FLAIRax,2,-1
Arachnoid cyst,69,0.6872014986824769,0.10678351846539719,finding,1,availability,T1ax+FLAIRax,2,-1
Empty sella syndrome,82,0.6857942127808375,0.13488366099385368,finding,1,availability,T1ax+FLAIRax,2,-1
Cerebral edema,23,0.8341307338077866,0.16879348017201756,finding,1,availability,T1ax+FLAIRax,2,-1
Mastoiditis,23,0.6542371867711261,0.045418653205758636,finding,1,availability,T1ax+FLAIRax,2,-1
Chronic mastoiditis,37,0.7631193693693694,0.06033605254817398,finding,1,availability,T1ax+FLAIRax,2,-1
Ventriculomegaly,131,0.8778512527931218,0.43334517549294893,finding,1,availability,T1ax+FLAIRax,2,-1
Cerebellar degeneration,43,0.9064415685511336,0.3979786693300897,finding,1,availability,T1ax+FLAIRax,2,-1
Mega cisterna magna,23,0.751240954488368,0.05488827690298139,finding,1,availability,T1ax+FLAIRax,2,-1
Structure of cave of septum pellucidum,22,0.613433302093096,0.040329837860557514,finding,1,availability,T1ax+FLAIRax,2,-1
Cerebral infarction,42,0.9165422266467562,0.3654686327448828,finding,1,availability,T1ax+T2ax,2,-1
Demyelinating disease of central nervous system,21,0.7181449502878074,0.13972047916545294,finding,1,availability,T1ax+T2ax,2,-1
Lacunar infarct,21,0.913134484563056,0.1640334153316007,finding,1,availability,T1ax+T2ax,2,-1
Gliosis,451,0.771218820641157,0.5960841524372205,finding,1,availability,T1ax+T2ax,2,-1
Cerebral atrophy,213,0.9441708266476495,0.7332881897349166,finding,1,availability,T1ax+T2ax,2,-1
Encephalomalacia,25,0.885977961432507,0.22554630863442476,finding,1,availability,T1ax+T2ax,2,-1
Arachnoid cyst,69,0.6784626152832673,0.10179467832858,finding,1,availability,T1ax+T2ax,2,-1
Empty sella syndrome,82,0.6865198006818778,0.1416953105219682,finding,1,availability,T1ax+T2ax,2,-1
Cerebral edema,23,0.8228275820824114,0.16498210557427795,finding,1,availability,T1ax+T2ax,2,-1
Mastoiditis,23,0.6741223611028049,0.0498109209322154,finding,1,availability,T1ax+T2ax,2,-1
Chronic mastoiditis,37,0.7652965465465467,0.058273064798454226,finding,1,availability,T1ax+T2ax,2,-1
Ventriculomegaly,131,0.8664235563671836,0.44963893034749397,finding,1,availability,T1ax+T2ax,2,-1
Cerebellar degeneration,43,0.884337193084882,0.37738167366771863,finding,1,availability,T1ax+T2ax,2,-1
Mega cisterna magna,23,0.7491178757251361,0.04840799669341033,finding,1,availability,T1ax+T2ax,2,-1
Structure of cave of septum pellucidum,22,0.6232739768822242,0.038649227359937276,finding,1,availability,T1ax+T2ax,2,-1
Cerebral infarction,42,0.9216691554670648,0.3224557464591679,finding,1,availability,T2ax+FLAIRax+T2cor,3,-1
Demyelinating disease of central nervous system,21,0.7279238618524333,0.13224357049594682,finding,1,availability,T2ax+FLAIRax+T2cor,3,-1
Lacunar infarct,21,0.9172880690737834,0.13241829340840303,finding,1,availability,T2ax+FLAIRax+T2cor,3,-1
Gliosis,451,0.7716143030648808,0.6040466408836473,finding,1,availability,T2ax+FLAIRax+T2cor,3,-1
Cerebral atrophy,213,0.9535307838592738,0.7745609143374648,finding,1,availability,T2ax+FLAIRax+T2cor,3,-1
Encephalomalacia,25,0.8730578512396695,0.2558011132696905,finding,1,availability,T2ax+FLAIRax+T2cor,3,-1
Arachnoid cyst,69,0.6905364789196311,0.10185348354548193,finding,1,availability,T2ax+FLAIRax+T2cor,3,-1
Empty sella syndrome,82,0.6869131917125624,0.14121957580905306,finding,1,availability,T2ax+FLAIRax+T2cor,3,-1
Cerebral edema,23,0.8512648765026015,0.2160883953918764,finding,1,availability,T2ax+FLAIRax+T2cor,3,-1
Mastoiditis,23,0.6466120447341666,0.08838816645822802,finding,1,availability,T2ax+FLAIRax+T2cor,3,-1
Chronic mastoiditis,37,0.769481981981982,0.061641465861112785,finding,1,availability,T2ax+FLAIRax+T2cor,3,-1
Ventriculomegaly,131,0.878049748760818,0.4625972233226345,finding,1,availability,T2ax+FLAIRax+T2cor,3,-1
Cerebellar degeneration,43,0.8913269112257143,0.37157229807246694,finding,1,availability,T2ax+FLAIRax+T2cor,3,-1
Mega cisterna magna,23,0.7305484121763052,0.04155960519647894,finding,1,availability,T2ax+FLAIRax+T2cor,3,-1
Structure of cave of septum pellucidum,22,0.663730084348641,0.044644910970153495,finding,1,availability,T2ax+FLAIRax+T2cor,3,-1
Cerebral infarction,42,0.9212709474033516,0.38063597226002993,finding,1,availability,T1ax+FLAIRax+T2cor,3,-1
Demyelinating disease of central nervous system,21,0.7451268969126112,0.14707253014853694,finding,1,availability,T1ax+FLAIRax+T2cor,3,-1
Lacunar infarct,21,0.9121206174777604,0.19859751631612285,finding,1,availability,T1ax+FLAIRax+T2cor,3,-1
Gliosis,451,0.7719752077903556,0.6108039588845022,finding,1,availability,T1ax+FLAIRax+T2cor,3,-1
Cerebral atrophy,213,0.9561159148986748,0.7891271081994357,finding,1,availability,T1ax+FLAIRax+T2cor,3,-1
Encephalomalacia,25,0.8753994490358127,0.2614479199072641,finding,1,availability,T1ax+FLAIRax+T2cor,3,-1
Arachnoid cyst,69,0.6899497694334652,0.11073460475475538,finding,1,availability,T1ax+FLAIRax+T2cor,3,-1
Empty sella syndrome,82,0.6866509310254393,0.1384225707115152,finding,1,availability,T1ax+FLAIRax+T2cor,3,-1
Cerebral edema,23,0.8406494826864424,0.1747911898091808,finding,1,availability,T1ax+FLAIRax+T2cor,3,-1
Mastoiditis,23,0.6472100950900066,0.04843413236772234,finding,1,availability,T1ax+FLAIRax+T2cor,3,-1
Chronic mastoiditis,37,0.7748873873873874,0.06354291125697872,finding,1,availability,T1ax+FLAIRax+T2cor,3,-1
Ventriculomegaly,131,0.8803636446128194,0.44377684391959593,finding,1,availability,T1ax+FLAIRax+T2cor,3,-1
Cerebellar degeneration,43,0.9027115565502254,0.3728188892926493,finding,1,availability,T1ax+FLAIRax+T2cor,3,-1
Mega cisterna magna,23,0.7353328150230249,0.04301117570562905,finding,1,availability,T1ax+FLAIRax+T2cor,3,-1
Structure of cave of septum pellucidum,22,0.6391127772571071,0.042710656272586155,finding,1,availability,T1ax+FLAIRax+T2cor,3,-1
Cerebral infarction,42,0.9227310436369669,0.37550459799807695,finding,1,availability,T1ax+T2ax+T2cor,3,-1
Demyelinating disease of central nervous system,21,0.7412022501308216,0.143005087139407,finding,1,availability,T1ax+T2ax+T2cor,3,-1
Lacunar infarct,21,0.9149986917844061,0.14604464276355544,finding,1,availability,T1ax+T2ax+T2cor,3,-1
Gliosis,451,0.7748386734266067,0.6083156700048887,finding,1,availability,T1ax+T2ax+T2cor,3,-1
Cerebral atrophy,213,0.9495565163130683,0.7552837686073313,finding,1,availability,T1ax+T2ax+T2cor,3,-1
Encephalomalacia,25,0.8774104683195593,0.23048039339659696,finding,1,availability,T1ax+T2ax+T2cor,3,-1
Arachnoid cyst,69,0.6876441040843214,0.09899982303112353,finding,1,availability,T1ax+T2ax+T2cor,3,-1
Empty sella syndrome,82,0.6891161814843955,0.14060779789933825,finding,1,availability,T1ax+T2ax+T2cor,3,-1
Cerebral edema,23,0.8333233658274026,0.2200149637192384,finding,1,availability,T1ax+T2ax+T2cor,3,-1
Mastoiditis,23,0.6639854075713175,0.048626581809113924,finding,1,availability,T1ax+T2ax+T2cor,3,-1
Chronic mastoiditis,37,0.7728228228228229,0.06163680458769202,finding,1,availability,T1ax+T2ax+T2cor,3,-1
Ventriculomegaly,131,0.8719190590156868,0.462718362446749,finding,1,availability,T1ax+T2ax+T2cor,3,-1
Cerebellar degeneration,43,0.8857967629982809,0.355004462067255,finding,1,availability,T1ax+T2ax+T2cor,3,-1
Mega cisterna magna,23,0.7315650977812332,0.03963264003499709,finding,1,availability,T1ax+T2ax+T2cor,3,-1
Structure of cave of septum pellucidum,22,0.6423305217119649,0.04254143406771788,finding,1,availability,T1ax+T2ax+T2cor,3,-1
Cerebral infarction,42,0.917803218848515,0.3749450330328493,finding,1,availability,T1ax+T2ax+FLAIRax,3,-1
Demyelinating disease of central nervous system,21,0.7191261119832548,0.1357008405554655,finding,1,availability,T1ax+T2ax+FLAIRax,3,-1
Lacunar infarct,21,0.9134942438513868,0.16509903854013663,finding,1,availability,T1ax+T2ax+FLAIRax,3,-1
Gliosis,451,0.7701339453585924,0.6003398162920754,finding,1,availability,T1ax+T2ax+FLAIRax,3,-1
Cerebral atrophy,213,0.9521602186961431,0.7702446067779926,finding,1,availability,T1ax+T2ax+FLAIRax,3,-1
Encephalomalacia,25,0.886060606060606,0.2608684082427377,finding,1,availability,T1ax+T2ax+FLAIRax,3,-1
Arachnoid cyst,69,0.6873147233201581,0.1062165928459914,finding,1,availability,T1ax+T2ax+FLAIRax,3,-1
Empty sella syndrome,82,0.6866334469796311,0.13770650038927526,finding,1,availability,T1ax+T2ax+FLAIRax,3,-1
Cerebral edema,23,0.8405896776508581,0.1699510621504015,finding,1,availability,T1ax+T2ax+FLAIRax,3,-1
Mastoiditis,23,0.6587225644399259,0.04555709795367279,finding,1,availability,T1ax+T2ax+FLAIRax,3,-1
Chronic mastoiditis,37,0.7665352852852854,0.05921441907386482,finding,1,availability,T1ax+T2ax+FLAIRax,3,-1
Ventriculomegaly,131,0.8760988169640326,0.45685490555580266,finding,1,availability,T1ax+T2ax+FLAIRax,3,-1
Cerebellar degeneration,43,0.8957704907398397,0.4043468000848293,finding,1,availability,T1ax+T2ax+FLAIRax,3,-1
Mega cisterna magna,23,0.750284073919024,0.05113318176718654,finding,1,availability,T1ax+T2ax+FLAIRax,3,-1
Structure of cave of septum pellucidum,22,0.6348016244923461,0.03965570796620824,finding,1,availability,T1ax+T2ax+FLAIRax,3,-1
Cerebral infarction,42,0.9220673635307781,0.37253107099511323,finding,1,availability,T1ax+T2ax+FLAIRax+T2cor,4,-1
Demyelinating disease of central nervous system,21,0.7363618524332811,0.13917897791511477,finding,1,availability,T1ax+T2ax+FLAIRax+T2cor,4,-1
Lacunar infarct,21,0.9153257456828885,0.14517760217023154,finding,1,availability,T1ax+T2ax+FLAIRax+T2cor,4,-1
Gliosis,451,0.7733367046589126,0.6076271790538458,finding,1,availability,T1ax+T2ax+FLAIRax+T2cor,4,-1
Cerebral atrophy,213,0.9541287811255721,0.7772665699496188,finding,1,availability,T1ax+T2ax+FLAIRax+T2cor,4,-1
Encephalomalacia,25,0.8792286501377411,0.25715688181268986,finding,1,availability,T1ax+T2ax+FLAIRax+T2cor,4,-1
Arachnoid cyst,69,0.6897747859025033,0.10183929284634666,finding,1,availability,T1ax+T2ax+FLAIRax+T2cor,4,-1
Empty sella syndrome,82,0.6877087157968353,0.14156031833468824,finding,1,availability,T1ax+T2ax+FLAIRax+T2cor,4,-1
Cerebral edema,23,0.843191196698762,0.20169900133470636,finding,1,availability,T1ax+T2ax+FLAIRax+T2cor,4,-1
Mastoiditis,23,0.6542969918067101,0.05930217511466157,finding,1,availability,T1ax+T2ax+FLAIRax+T2cor,4,-1
Chronic mastoiditis,37,0.7725975975975976,0.061456127615848184,finding,1,availability,T1ax+T2ax+FLAIRax+T2cor,4,-1
Ventriculomegaly,131,0.8777208125857786,0.4607698305933217,finding,1,availability,T1ax+T2ax+FLAIRax+T2cor,4,-1
Cerebellar degeneration,43,0.8946677045830496,0.3908312066434053,finding,1,availability,T1ax+T2ax+FLAIRax+T2cor,4,-1
Mega cisterna magna,23,0.7385622869445607,0.04341153721281581,finding,1,availability,T1ax+T2ax+FLAIRax+T2cor,4,-1
Structure of cave of septum pellucidum,22,0.6453295845048422,0.04256668770418943,finding,1,availability,T1ax+T2ax+FLAIRax+T2cor,4,-1
Cerebral infarction,42,0.9132736021237763,0.2905419754445952,finding,1,budget,all4,1,1
Demyelinating disease of central nervous system,21,0.7092163788592359,0.10303327945606991,finding,1,budget,all4,1,1
Lacunar infarct,21,0.9191849816849818,0.11733343806838538,finding,1,budget,all4,1,1
Gliosis,451,0.7650056404870269,0.5833418422556925,finding,1,budget,all4,1,1
Cerebral atrophy,213,0.9508045106079515,0.7889001409508074,finding,1,budget,all4,1,1
Encephalomalacia,25,0.874077134986226,0.25132600208721295,finding,1,budget,all4,1,1
Arachnoid cyst,69,0.6805932971014493,0.10847522653903593,finding,1,budget,all4,1,1
Empty sella syndrome,82,0.6810472943439112,0.1296789625705927,finding,1,budget,all4,1,1
Cerebral edema,23,0.8517134142694814,0.22534462663534693,finding,1,budget,all4,1,1
Mastoiditis,23,0.6703247413432211,0.054714718862024496,finding,1,budget,all4,1,1
Chronic mastoiditis,37,0.7475788288288289,0.05713631332994634,finding,1,budget,all4,1,1
Ventriculomegaly,131,0.8774542608577295,0.4171664177080582,finding,1,budget,all4,1,1
Cerebellar degeneration,43,0.8685900554636568,0.3572409647498583,finding,1,budget,all4,1,1
Mega cisterna magna,23,0.7548591591411997,0.05764235098982913,finding,1,budget,all4,1,1
Structure of cave of septum pellucidum,22,0.6565448297407059,0.03894944698388615,finding,1,budget,all4,1,1
Cerebral infarction,42,0.9159283225485316,0.3395291473590639,finding,1,budget,all4,2,2
Demyelinating disease of central nervous system,21,0.7248822605965463,0.13952464822751592,finding,1,budget,all4,2,2
Lacunar infarct,21,0.9152930402930403,0.11597730463723635,finding,1,budget,all4,2,2
Gliosis,451,0.7673201851635743,0.5961612936316709,finding,1,budget,all4,2,2
Cerebral atrophy,213,0.9511647946752243,0.7663145098273051,finding,1,budget,all4,2,2
Encephalomalacia,25,0.8812947658402204,0.24146755830691463,finding,1,budget,all4,2,2
Arachnoid cyst,69,0.6869441699604744,0.10107932418501489,finding,1,budget,all4,2,2
Empty sella syndrome,82,0.6851210770172218,0.13719736869785099,finding,1,budget,all4,2,2
Cerebral edema,23,0.8520722444829855,0.19107166312018822,finding,1,budget,all4,2,2
Mastoiditis,23,0.6516655702410143,0.053995239407754664,finding,1,budget,all4,2,2
Chronic mastoiditis,37,0.768430930930931,0.06263666257937166,finding,1,budget,all4,2,2
Ventriculomegaly,131,0.8756451118950127,0.453851633100836,finding,1,budget,all4,2,2
Cerebellar degeneration,43,0.8784989134312866,0.3365596424092031,finding,1,budget,all4,2,2
Mega cisterna magna,23,0.7232821003528497,0.03700426495776801,finding,1,budget,all4,2,2
Structure of cave of septum pellucidum,22,0.6679162761636989,0.04329004490446815,finding,1,budget,all4,2,2
Cerebral infarction,42,0.9218682594989216,0.32229358218510096,finding,1,budget,all4,3,3
Demyelinating disease of central nervous system,21,0.7190279958137101,0.13590532945314435,finding,1,budget,all4,3,3
Lacunar infarct,21,0.9173207744636316,0.13234921279026435,finding,1,budget,all4,3,3
Gliosis,451,0.7716532029754108,0.6044350515640403,finding,1,budget,all4,3,3
Cerebral atrophy,213,0.9533859273786177,0.7735572350542047,finding,1,budget,all4,3,3
Encephalomalacia,25,0.8862534435261709,0.26087117401202964,finding,1,budget,all4,3,3
Arachnoid cyst,69,0.6874588274044796,0.09863966057679945,finding,1,budget,all4,3,3
Empty sella syndrome,82,0.6866159629338228,0.1376798252088491,finding,1,budget,all4,3,3
Cerebral edema,23,0.8397524071526823,0.16939573133757813,finding,1,budget,all4,3,3
Mastoiditis,23,0.6461635069672866,0.08831230266892062,finding,1,budget,all4,3,3
Chronic mastoiditis,37,0.7729917417417418,0.06169539265506019,finding,1,budget,all4,3,3
Ventriculomegaly,131,0.8779079659267494,0.4638747230513004,finding,1,budget,all4,3,3
Cerebellar degeneration,43,0.8915377379909831,0.370995538923284,finding,1,budget,all4,3,3
Mega cisterna magna,23,0.7316249028168172,0.03965457244823675,finding,1,budget,all4,3,3
Structure of cave of septum pellucidum,22,0.6422055607622618,0.04267195204297209,finding,1,budget,all4,3,3
Cerebral infarction,42,0.9223162435705989,0.3722927514629644,finding,1,budget,all4,4,4
Demyelinating disease of central nervous system,21,0.7365907901622187,0.13912704953421212,finding,1,budget,all4,4,4
Lacunar infarct,21,0.9151949241234955,0.14501054721737386,finding,1,budget,all4,4,4
Gliosis,451,0.7733345435527721,0.6081200503869765,finding,1,budget,all4,4,4
Cerebral atrophy,213,0.9539876389136507,0.7770298418300958,finding,1,budget,all4,4,4
Encephalomalacia,25,0.878870523415978,0.2573956056090041,finding,1,budget,all4,4,4
Arachnoid cyst,69,0.689651268115942,0.110651687915665,finding,1,budget,all4,4,4
Empty sella syndrome,82,0.6877261998426436,0.14122532578263833,finding,1,budget,all4,4,4
Cerebral edema,23,0.8423240236827941,0.2050977679849655,finding,1,budget,all4,4,4
Mastoiditis,23,0.6540577716643741,0.05899095418521749,finding,1,budget,all4,4,4
Chronic mastoiditis,37,0.7725412912912913,0.06144937800869045,finding,1,budget,all4,4,4
Ventriculomegaly,131,0.8774542608577294,0.46022066358891023,finding,1,budget,all4,4,4
Cerebellar degeneration,43,0.8949434011222471,0.3864055668396973,finding,1,budget,all4,4,4
Mega cisterna magna,23,0.7385622869445607,0.043468229529454165,finding,1,budget,all4,4,4
Structure of cave of septum pellucidum,22,0.6453920649796938,0.04256667262316876,finding,1,budget,all4,4,4
Cerebral infarction,42,0.9128588020574083,0.325946959218925,label_id,1,availability,T2cor,1,-1
Demyelinating disease of central nervous system,21,0.7056187859759289,0.0659515250294662,label_id,1,availability,T2cor,1,-1
Lacunar infarct,21,0.9021127681841967,0.15355213295984446,label_id,1,availability,T2cor,1,-1
Gliosis,451,0.754409737079827,0.6016269817485451,label_id,1,availability,T2cor,1,-1
Cerebral atrophy,213,0.9266691923694063,0.6959579307447123,label_id,1,availability,T2cor,1,-1
Encephalomalacia,25,0.8358677685950413,0.10779834818800466,label_id,1,availability,T2cor,1,-1
Arachnoid cyst,69,0.6728116765480896,0.09550402328318187,label_id,1,availability,T2cor,1,-1
Empty sella syndrome,82,0.6887402744995191,0.13746280280612475,label_id,1,availability,T2cor,1,-1
Cerebral edema,23,0.7943304826266372,0.11876770172275798,label_id,1,availability,T2cor,1,-1
Mastoiditis,23,0.5909335566054661,0.0374170117941922,label_id,1,availability,T2cor,1,-1
Chronic mastoiditis,37,0.7663288288288288,0.07346810281575045,label_id,1,availability,T2cor,1,-1
Ventriculomegaly,131,0.8577351042954527,0.4105284015259025,label_id,1,availability,T2cor,1,-1
Cerebellar degeneration,43,0.8677954007330284,0.2544817888831876,label_id,1,availability,T2cor,1,-1
Mega cisterna magna,23,0.6546558220202141,0.026502026437721704,label_id,1,availability,T2cor,1,-1
Structure of cave of septum pellucidum,22,0.692002499218994,0.050909207181360154,label_id,1,availability,T2cor,1,-1
Cerebral infarction,42,0.9105856976937116,0.30225658537414607,label_id,1,availability,FLAIRax,1,-1
Demyelinating disease of central nervous system,21,0.6566915227629513,0.08770530221293497,label_id,1,availability,FLAIRax,1,-1
Lacunar infarct,21,0.8948521716378858,0.11620176367874846,label_id,1,availability,FLAIRax,1,-1
Gliosis,451,0.7548916637491734,0.5902960475429787,label_id,1,availability,FLAIRax,1,-1
Cerebral atrophy,213,0.9456008201105367,0.7464634020047948,label_id,1,availability,FLAIRax,1,-1
Encephalomalacia,25,0.8666942148760332,0.18722226171726322,label_id,1,availability,FLAIRax,1,-1
Arachnoid cyst,69,0.6708148056653492,0.09027843254433787,label_id,1,availability,FLAIRax,1,-1
Empty sella syndrome,82,0.6858204388495497,0.1286894443946271,label_id,1,availability,FLAIRax,1,-1
Cerebral edema,23,0.8343101489145386,0.17023744114042547,label_id,1,availability,FLAIRax,1,-1
Mastoiditis,23,0.6211650020931763,0.03240236955223715,label_id,1,availability,FLAIRax,1,-1
Chronic mastoiditis,37,0.7541291291291292,0.09254339638969146,label_id,1,availability,FLAIRax,1,-1
Ventriculomegaly,131,0.8793825074010639,0.4269308631149091,label_id,1,availability,FLAIRax,1,-1
Cerebellar degeneration,43,0.89966267717557,0.3144155581685894,label_id,1,availability,FLAIRax,1,-1
Mega cisterna magna,23,0.7352132049518569,0.04471889339475438,label_id,1,availability,FLAIRax,1,-1
Structure of cave of septum pellucidum,22,0.6846298031865042,0.05762534771090287,label_id,1,availability,FLAIRax,1,-1
Cerebral infarction,42,0.9006636801061889,0.26217192968466024,label_id,1,availability,T2ax,1,-1
Demyelinating disease of central nervous system,21,0.69757326007326,0.060585340341483135,label_id,1,availability,T2ax,1,-1
Lacunar infarct,21,0.9078035060177918,0.12843069616762723,label_id,1,availability,T2ax,1,-1
Gliosis,451,0.7564843989747714,0.5811743115977875,label_id,1,availability,T2ax,1,-1
Cerebral atrophy,213,0.9269143341059012,0.6761133570284721,label_id,1,availability,T2ax,1,-1
Encephalomalacia,25,0.8619008264462811,0.1039510780298077,label_id,1,availability,T2ax,1,-1
Arachnoid cyst,69,0.687880846508564,0.09839232739725114,label_id,1,availability,T2ax,1,-1
Empty sella syndrome,82,0.6908908121339278,0.14475341117215976,label_id,1,availability,T2ax,1,-1
Cerebral edema,23,0.8089528138269242,0.15988909753839642,label_id,1,availability,T2ax,1,-1
Mastoiditis,23,0.6575862687638299,0.05116255076636898,label_id,1,availability,T2ax,1,-1
Chronic mastoiditis,37,0.7584459459459459,0.07457689931478292,label_id,1,availability,T2ax,1,-1
Ventriculomegaly,131,0.8455984936991707,0.4127359538897054,label_id,1,availability,T2ax,1,-1
Cerebellar degeneration,43,0.8730660698647464,0.3180971535578723,label_id,1,availability,T2ax,1,-1
Mega cisterna magna,23,0.7202619460558579,0.038498132454035716,label_id,1,availability,T2ax,1,-1
Structure of cave of septum pellucidum,22,0.694407997500781,0.0466197351170337,label_id,1,availability,T2ax,1,-1
Cerebral infarction,42,0.9036336485813837,0.3150664918342595,label_id,1,availability,T1ax,1,-1
Demyelinating disease of central nervous system,21,0.7257326007326007,0.13229691060433524,label_id,1,availability,T1ax,1,-1
Lacunar infarct,21,0.8877223966509681,0.13977522270757758,label_id,1,availability,T1ax,1,-1
Gliosis,451,0.7575779186818982,0.5830347584147034,label_id,1,availability,T1ax,1,-1
Cerebral atrophy,213,0.9277797587211031,0.6832827701098318,label_id,1,availability,T1ax,1,-1
Encephalomalacia,25,0.8822314049586777,0.16486963214689127,label_id,1,availability,T1ax,1,-1
Arachnoid cyst,69,0.6723278985507246,0.08412845805325882,label_id,1,availability,T1ax,1,-1
Empty sella syndrome,82,0.6831978319783197,0.13150504234456165,label_id,1,availability,T1ax,1,-1
Cerebral edema,23,0.7913402308474374,0.14718053479514043,label_id,1,availability,T1ax,1,-1
Mastoiditis,23,0.6443095508641827,0.04440761079914542,label_id,1,availability,T1ax,1,-1
Chronic mastoiditis,37,0.7568318318318319,0.0650378672256589,label_id,1,availability,T1ax,1,-1
Ventriculomegaly,131,0.8549788460011569,0.4162226751383551,label_id,1,availability,T1ax,1,-1
Cerebellar degeneration,43,0.8973273653141319,0.33402614945804215,label_id,1,availability,T1ax,1,-1
Mega cisterna magna,23,0.7158363734226422,0.04112608175191538,label_id,1,availability,T1ax,1,-1
Structure of cave of septum pellucidum,22,0.6329272102467979,0.054312283501078154,label_id,1,availability,T1ax,1,-1
Cerebral infarction,42,0.9173054587688734,0.33162031499698025,label_id,1,availability,FLAIRax+T2cor,2,-1
Demyelinating disease of central nervous system,21,0.6903453689167974,0.1373731250364275,label_id,1,availability,FLAIRax+T2cor,2,-1
Lacunar infarct,21,0.9031593406593407,0.15150697727178916,label_id,1,availability,FLAIRax+T2cor,2,-1
Gliosis,451,0.7620665361358557,0.6087926299232517,label_id,1,availability,FLAIRax+T2cor,2,-1
Cerebral atrophy,213,0.9480745230878945,0.7483127680628541,label_id,1,availability,FLAIRax+T2cor,2,-1
Encephalomalacia,25,0.8639944903581267,0.15419194826015614,label_id,1,availability,FLAIRax+T2cor,2,-1
Arachnoid cyst,69,0.6780920619235837,0.09454660973836015,label_id,1,availability,FLAIRax+T2cor,2,-1
Empty sella syndrome,82,0.6905760993093802,0.134319160404159,label_id,1,availability,FLAIRax+T2cor,2,-1
Cerebral edema,23,0.8350278093415465,0.18309507308716766,label_id,1,availability,FLAIRax+T2cor,2,-1
Mastoiditis,23,0.6194904610968244,0.04019154476295431,label_id,1,availability,FLAIRax+T2cor,2,-1
Chronic mastoiditis,37,0.7798235735735736,0.09758312301382743,label_id,1,availability,FLAIRax+T2cor,2,-1
Ventriculomegaly,131,0.8790478999126617,0.4372629491562963,label_id,1,availability,FLAIRax+T2cor,2,-1
Cerebellar degeneration,43,0.8863643735201582,0.28697581349308376,label_id,1,availability,FLAIRax+T2cor,2,-1
Mega cisterna magna,23,0.6989713533879552,0.03377698990286574,label_id,1,availability,FLAIRax+T2cor,2,-1
Structure of cave of septum pellucidum,22,0.6860356138706655,0.0648411398634803,label_id,1,availability,FLAIRax+T2cor,2,-1
Cerebral infarction,42,0.911813505890161,0.3203814059914572,label_id,1,availability,T2ax+T2cor,2,-1
Demyelinating disease of central nervous system,21,0.7105900052328623,0.06409357307821358,label_id,1,availability,T2ax+T2cor,2,-1
Lacunar infarct,21,0.9106488749345891,0.15449895620772086,label_id,1,availability,T2ax+T2cor,2,-1
Gliosis,451,0.7613101489866574,0.6004596912405333,label_id,1,availability,T2ax+T2cor,2,-1
Cerebral atrophy,213,0.9337745884590243,0.7039288340302006,label_id,1,availability,T2ax+T2cor,2,-1
Encephalomalacia,25,0.8554545454545455,0.10897162233504525,label_id,1,availability,T2ax+T2cor,2,-1
Arachnoid cyst,69,0.6845355731225297,0.09692931717413059,label_id,1,availability,T2ax+T2cor,2,-1
Empty sella syndrome,82,0.6936882594632398,0.14063465279837623,label_id,1,availability,T2ax+T2cor,2,-1
Cerebral edema,23,0.8127504335865079,0.1621980225075362,label_id,1,availability,T2ax+T2cor,2,-1
Mastoiditis,23,0.6372525566652713,0.044196420268466124,label_id,1,availability,T2ax+T2cor,2,-1
Chronic mastoiditis,37,0.7692004504504505,0.07553561480212409,label_id,1,availability,T2ax+T2cor,2,-1
Ventriculomegaly,131,0.8591359186960517,0.42314604950324053,label_id,1,availability,T2ax+T2cor,2,-1
Cerebellar degeneration,43,0.8778664331354804,0.30840766177140555,label_id,1,availability,T2ax+T2cor,2,-1
Mega cisterna magna,23,0.6920339692602117,0.03056209643669235,label_id,1,availability,T2ax+T2cor,2,-1
Structure of cave of septum pellucidum,22,0.6968759762574196,0.05185143902498697,label_id,1,availability,T2ax+T2cor,2,-1
Cerebral infarction,42,0.9085946573751451,0.2772312817950338,label_id,1,availability,T2ax+FLAIRax,2,-1
Demyelinating disease of central nervous system,21,0.6782116692830977,0.07483132683637063,label_id,1,availability,T2ax+FLAIRax,2,-1
Lacunar infarct,21,0.9058738880167451,0.13724568265887135,label_id,1,availability,T2ax+FLAIRax,2,-1
Gliosis,451,0.7619217420244377,0.593430605357352,label_id,1,availability,T2ax+FLAIRax,2,-1
Cerebral atrophy,213,0.9458756759969098,0.7333458454937624,label_id,1,availability,T2ax+FLAIRax,2,-1
Encephalomalacia,25,0.8688154269972452,0.12597466536374974,label_id,1,availability,T2ax+FLAIRax,2,-1
Arachnoid cyst,69,0.6855340085638999,0.09692732041877491,label_id,1,availability,T2ax+FLAIRax,2,-1
Empty sella syndrome,82,0.6907247136987499,0.13829483043836482,label_id,1,availability,T2ax+FLAIRax,2,-1
Cerebral edema,23,0.8297350636923628,0.1680429264419406,label_id,1,availability,T2ax+FLAIRax,2,-1
Mastoiditis,23,0.6434124753304228,0.04276698642732175,label_id,1,availability,T2ax+FLAIRax,2,-1
Chronic mastoiditis,37,0.766722972972973,0.0900845676326612,label_id,1,availability,T2ax+FLAIRax,2,-1
Ventriculomegaly,131,0.8701496092465093,0.43478488632807877,label_id,1,availability,T2ax+FLAIRax,2,-1
Cerebellar degeneration,43,0.8824397521974635,0.3301393888171696,label_id,1,availability,T2ax+FLAIRax,2,-1
Mega cisterna magna,23,0.7294719215357933,0.042144850243600304,label_id,1,availability,T2ax+FLAIRax,2,-1
Structure of cave of septum pellucidum,22,0.6894407997500781,0.05450922270759461,label_id,1,availability,T2ax+FLAIRax,2,-1
Cerebral infarction,42,0.9147834743653559,0.34545087219847065,label_id,1,availability,T1ax+T2cor,2,-1
Demyelinating disease of central nervous system,21,0.7319793301936159,0.14912542729406814,label_id,1,availability,T1ax+T2cor,2,-1
Lacunar infarct,21,0.8987441130298273,0.16229785621188644,label_id,1,availability,T1ax+T2cor,2,-1
Gliosis,451,0.7633070110605413,0.6080655294382973,label_id,1,availability,T1ax+T2cor,2,-1
Cerebral atrophy,213,0.9379382837107031,0.728513631164268,label_id,1,availability,T1ax+T2cor,2,-1
Encephalomalacia,25,0.8658126721763085,0.13845360143787636,label_id,1,availability,T1ax+T2cor,2,-1
Arachnoid cyst,69,0.6783596837944664,0.1081164856699576,label_id,1,availability,T1ax+T2cor,2,-1
Empty sella syndrome,82,0.691607658012064,0.13592922741167368,label_id,1,availability,T1ax+T2cor,2,-1
Cerebral edema,23,0.8008193289875006,0.11330758105421505,label_id,1,availability,T1ax+T2cor,2,-1
Mastoiditis,23,0.6380001196100712,0.07394418846762561,label_id,1,availability,T1ax+T2cor,2,-1
Chronic mastoiditis,37,0.7700638138138138,0.06817885212089914,label_id,1,availability,T1ax+T2cor,2,-1
Ventriculomegaly,131,0.8665539965745267,0.4281034407215316,label_id,1,availability,T1ax+T2cor,2,-1
Cerebellar degeneration,43,0.8826667964062145,0.28541555039622046,label_id,1,availability,T1ax+T2cor,2,-1
Mega cisterna magna,23,0.6896118653190598,0.030402179317685588,label_id,1,availability,T1ax+T2cor,2,-1
Structure of cave of septum pellucidum,22,0.6726023117775695,0.0652159991881639,label_id,1,availability,T1ax+T2cor,2,-1
Cerebral infarction,42,0.9109175377468062,0.3233363173975974,label_id,1,availability,T1ax+FLAIRax,2,-1
Demyelinating disease of central nervous system,21,0.7082025117739403,0.14308923461061135,label_id,1,availability,T1ax+FLAIRax,2,-1
Lacunar infarct,21,0.8953427524856095,0.13384419042755105,label_id,1,availability,T1ax+FLAIRax,2,-1
Gliosis,451,0.7621140804709483,0.5951228385050648,label_id,1,availability,T1ax+FLAIRax,2,-1
Cerebral atrophy,213,0.9479259523385036,0.747763350598813,label_id,1,availability,T1ax+FLAIRax,2,-1
Encephalomalacia,25,0.8768870523415978,0.1781046829335498,label_id,1,availability,T1ax+FLAIRax,2,-1
Arachnoid cyst,69,0.6734601449275361,0.09079632270351376,label_id,1,availability,T1ax+FLAIRax,2,-1
Empty sella syndrome,82,0.6895707666754087,0.1324107644309756,label_id,1,availability,T1ax+FLAIRax,2,-1
Cerebral edema,23,0.8312301895819627,0.15607097196768285,label_id,1,availability,T1ax+FLAIRax,2,-1
Mastoiditis,23,0.6330961066921835,0.0504450942898261,label_id,1,availability,T1ax+FLAIRax,2,-1
Chronic mastoiditis,37,0.7656156156156156,0.0904345023266558,label_id,1,availability,T1ax+FLAIRax,2,-1
Ventriculomegaly,131,0.8791329696131029,0.4372875071996571,label_id,1,availability,T1ax+FLAIRax,2,-1
Cerebellar degeneration,43,0.904235996237553,0.3538408936781578,label_id,1,availability,T1ax+FLAIRax,2,-1
Mega cisterna magna,23,0.7323724657616172,0.043885129773908065,label_id,1,availability,T1ax+FLAIRax,2,-1
Structure of cave of septum pellucidum,22,0.6572633552014996,0.053155152613625294,label_id,1,availability,T1ax+FLAIRax,2,-1
Cerebral infarction,42,0.9041148166583707,0.28230728163388236,label_id,1,availability,T1ax+T2ax,2,-1
Demyelinating disease of central nervous system,21,0.7130756148613292,0.07999797075794957,label_id,1,availability,T1ax+T2ax,2,-1
Lacunar infarct,21,0.9032574568288854,0.13555864201711965,label_id,1,availability,T1ax+T2ax,2,-1
Gliosis,451,0.7617553368516142,0.589628936847625,label_id,1,availability,T1ax+T2ax,2,-1
Cerebral atrophy,213,0.9325525940452843,0.6977965706084641,label_id,1,availability,T1ax+T2ax,2,-1
Encephalomalacia,25,0.8759504132231404,0.1255732407295574,label_id,1,availability,T1ax+T2ax,2,-1
Arachnoid cyst,69,0.6864809782608696,0.0937171828216544,label_id,1,availability,T1ax+T2ax,2,-1
Empty sella syndrome,82,0.6895270565608882,0.143007006614295,label_id,1,availability,T1ax+T2ax,2,-1
Cerebral edema,23,0.8097601818073081,0.1429350920993913,label_id,1,availability,T1ax+T2ax,2,-1
Mastoiditis,23,0.6596794450092698,0.058157398881494404,label_id,1,availability,T1ax+T2ax,2,-1
Chronic mastoiditis,37,0.7709834834834834,0.08776311870181566,label_id,1,availability,T1ax+T2ax,2,-1
Ventriculomegaly,131,0.8540203940428525,0.4234402155802214,label_id,1,availability,T1ax+T2ax,2,-1
Cerebellar degeneration,43,0.8797314391359347,0.33505199404831487,label_id,1,availability,T1ax+T2ax,2,-1
Mega cisterna magna,23,0.7246277136534895,0.03918710088175105,label_id,1,availability,T1ax+T2ax,2,-1
Structure of cave of septum pellucidum,22,0.6820993439550141,0.04898899633484497,label_id,1,availability,T1ax+T2ax,2,-1
Cerebral infarction,42,0.9145014103202256,0.3156358093903078,label_id,1,availability,T2ax+FLAIRax+T2cor,3,-1
Demyelinating disease of central nervous system,21,0.6942046049188907,0.07635035280977205,label_id,1,availability,T2ax+FLAIRax+T2cor,3,-1
Lacunar infarct,21,0.9076726844583987,0.15045394962129788,label_id,1,availability,T2ax+FLAIRax+T2cor,3,-1
Gliosis,451,0.7640893314834264,0.603393353908251,label_id,1,availability,T2ax+FLAIRax+T2cor,3,-1
Cerebral atrophy,213,0.9458311047720924,0.7371226401587719,label_id,1,availability,T2ax+FLAIRax+T2cor,3,-1
Encephalomalacia,25,0.8652617079889807,0.12910425154401126,label_id,1,availability,T2ax+FLAIRax+T2cor,3,-1
Arachnoid cyst,69,0.6847826086956521,0.09754078686411793,label_id,1,availability,T2ax+FLAIRax+T2cor,3,-1
Empty sella syndrome,82,0.6929888976309118,0.1382731454516742,label_id,1,availability,T2ax+FLAIRax+T2cor,3,-1
Cerebral edema,23,0.8302135039770349,0.18498411459267225,label_id,1,availability,T2ax+FLAIRax+T2cor,3,-1
Mastoiditis,23,0.6349799653130794,0.04429904135700514,label_id,1,availability,T2ax+FLAIRax+T2cor,3,-1
Chronic mastoiditis,37,0.775731981981982,0.09106701745891346,label_id,1,availability,T2ax+FLAIRax+T2cor,3,-1
Ventriculomegaly,131,0.872367092771344,0.43750554358825744,label_id,1,availability,T2ax+FLAIRax+T2cor,3,-1
Cerebellar degeneration,43,0.8829749278323765,0.32064995451996825,label_id,1,availability,T2ax+FLAIRax+T2cor,3,-1
Mega cisterna magna,23,0.7090784044016507,0.03502243918905017,label_id,1,availability,T2ax+FLAIRax+T2cor,3,-1
Structure of cave of septum pellucidum,22,0.6901280849734458,0.058682886378996546,label_id,1,availability,T2ax+FLAIRax+T2cor,3,-1
Cerebral infarction,42,0.9163763066202091,0.33985163304937405,label_id,1,availability,T1ax+FLAIRax+T2cor,3,-1
Demyelinating disease of central nervous system,21,0.7192242281527995,0.14077580158340233,label_id,1,availability,T1ax+FLAIRax+T2cor,3,-1
Lacunar infarct,21,0.9003793825222397,0.15226517619179447,label_id,1,availability,T1ax+FLAIRax+T2cor,3,-1
Gliosis,451,0.7648478797387654,0.6087944173159469,label_id,1,availability,T1ax+FLAIRax+T2cor,3,-1
Cerebral atrophy,213,0.9489325191656266,0.7504821505591808,label_id,1,availability,T1ax+FLAIRax+T2cor,3,-1
Encephalomalacia,25,0.8717906336088155,0.16691949513079685,label_id,1,availability,T1ax+FLAIRax+T2cor,3,-1
Arachnoid cyst,69,0.6804183135704875,0.0959501162419484,label_id,1,availability,T1ax+FLAIRax+T2cor,3,-1
Empty sella syndrome,82,0.691948596905324,0.13569889173119382,label_id,1,availability,T1ax+FLAIRax+T2cor,3,-1
Cerebral edema,23,0.8311404820285868,0.160376506466374,label_id,1,availability,T1ax+FLAIRax+T2cor,3,-1
Mastoiditis,23,0.6341725973326955,0.07371768987365233,label_id,1,availability,T1ax+FLAIRax+T2cor,3,-1
Chronic mastoiditis,37,0.7786411411411412,0.09243633888906666,label_id,1,availability,T1ax+FLAIRax+T2cor,3,-1
Ventriculomegaly,131,0.8784524120095732,0.44626949421669143,label_id,1,availability,T1ax+FLAIRax+T2cor,3,-1
Cerebellar degeneration,43,0.8914566507735722,0.32770889915345747,label_id,1,availability,T1ax+FLAIRax+T2cor,3,-1
Mega cisterna magna,23,0.7117397284851384,0.03499916574017902,label_id,1,availability,T1ax+FLAIRax+T2cor,3,-1
Structure of cave of septum pellucidum,22,0.6757575757575758,0.06033086623687295,label_id,1,availability,T1ax+FLAIRax+T2cor,3,-1
Cerebral infarction,42,0.9123610419777667,0.3324298117090845,label_id,1,availability,T1ax+T2ax+T2cor,3,-1
Demyelinating disease of central nervous system,21,0.7219387755102041,0.0797173532381049,label_id,1,availability,T1ax+T2ax+T2cor,3,-1
Lacunar infarct,21,0.9063644688644688,0.15086197160931478,label_id,1,availability,T1ax+T2ax+T2cor,3,-1
Gliosis,451,0.7644869750132908,0.6030597294534762,label_id,1,availability,T1ax+T2ax+T2cor,3,-1
Cerebral atrophy,213,0.9369577167647233,0.7166539965322917,label_id,1,availability,T1ax+T2ax+T2cor,3,-1
Encephalomalacia,25,0.8671349862258954,0.12184054913464462,label_id,1,availability,T1ax+T2ax+T2cor,3,-1
Arachnoid cyst,69,0.6858633893280632,0.09684028087580789,label_id,1,availability,T1ax+T2ax+T2cor,3,-1
Empty sella syndrome,82,0.6922982778214879,0.14141924664825362,label_id,1,availability,T1ax+T2ax+T2cor,3,-1
Cerebral edema,23,0.8114945278392441,0.1333442483062475,label_id,1,availability,T1ax+T2ax+T2cor,3,-1
Mastoiditis,23,0.6480473655881825,0.0777526970287352,label_id,1,availability,T1ax+T2ax+T2cor,3,-1
Chronic mastoiditis,37,0.7731043543543543,0.088734996659217,label_id,1,availability,T1ax+T2ax+T2cor,3,-1
Ventriculomegaly,131,0.8624763222667104,0.4256425651381004,label_id,1,availability,T1ax+T2ax+T2cor,3,-1
Cerebellar degeneration,43,0.881547792805942,0.3284049609829224,label_id,1,availability,T1ax+T2ax+T2cor,3,-1
Mega cisterna magna,23,0.7056396148555708,0.03302128381359616,label_id,1,availability,T1ax+T2ax+T2cor,3,-1
Structure of cave of septum pellucidum,22,0.6890346766635426,0.05474954231249796,label_id,1,availability,T1ax+T2ax+T2cor,3,-1
Cerebral infarction,42,0.9090426414468227,0.29369560747864737,label_id,1,availability,T1ax+T2ax+FLAIRax,3,-1
Demyelinating disease of central nervous system,21,0.7053898482469911,0.09549014811690475,label_id,1,availability,T1ax+T2ax+FLAIRax,3,-1
Lacunar infarct,21,0.9031593406593406,0.1383751773587575,label_id,1,availability,T1ax+T2ax+FLAIRax,3,-1
Gliosis,451,0.7636765602105783,0.5965153313112996,label_id,1,availability,T1ax+T2ax+FLAIRax,3,-1
Cerebral atrophy,213,0.9459611041778095,0.7353878718513771,label_id,1,availability,T1ax+T2ax+FLAIRax,3,-1
Encephalomalacia,25,0.8761707988980716,0.1388473679533094,label_id,1,availability,T1ax+T2ax+FLAIRax,3,-1
Arachnoid cyst,69,0.6849884716732543,0.09558946421331455,label_id,1,availability,T1ax+T2ax+FLAIRax,3,-1
Empty sella syndrome,82,0.6908995541568319,0.14012677014427266,label_id,1,availability,T1ax+T2ax+FLAIRax,3,-1
Cerebral edema,23,0.828718378087435,0.15714098249091651,label_id,1,availability,T1ax+T2ax+FLAIRax,3,-1
Mastoiditis,23,0.6491836612642785,0.055897156036461323,label_id,1,availability,T1ax+T2ax+FLAIRax,3,-1
Chronic mastoiditis,37,0.773460960960961,0.08920575054957451,label_id,1,availability,T1ax+T2ax+FLAIRax,3,-1
Ventriculomegaly,131,0.8709038939237549,0.4356162207694677,label_id,1,availability,T1ax+T2ax+FLAIRax,3,-1
Cerebellar degeneration,43,0.8862184165288185,0.3469113697131852,label_id,1,availability,T1ax+T2ax+FLAIRax,3,-1
Mega cisterna magna,23,0.7311165600143532,0.04189145426468524,label_id,1,availability,T1ax+T2ax+FLAIRax,3,-1
Structure of cave of septum pellucidum,22,0.6845673227116527,0.0518630528976681,label_id,1,availability,T1ax+T2ax+FLAIRax,3,-1
Cerebral infarction,42,0.9138377302140369,0.31763986910269393,label_id,1,availability,T1ax+T2ax+FLAIRax+T2cor,4,-1
Demyelinating disease of central nervous system,21,0.712388801674516,0.0959038675074284,label_id,1,availability,T1ax+T2ax+FLAIRax+T2cor,4,-1
Lacunar infarct,21,0.9055468341182626,0.15147784438184309,label_id,1,availability,T1ax+T2ax+FLAIRax+T2cor,4,-1
Gliosis,451,0.7651504345984448,0.6051996667333981,label_id,1,availability,T1ax+T2ax+FLAIRax+T2cor,4,-1
Cerebral atrophy,213,0.9462062459143044,0.7384831236471479,label_id,1,availability,T1ax+T2ax+FLAIRax+T2cor,4,-1
Encephalomalacia,25,0.8707988980716254,0.13779725562855474,label_id,1,availability,T1ax+T2ax+FLAIRax+T2cor,4,-1
Arachnoid cyst,69,0.6851943346508564,0.09615100784210315,label_id,1,availability,T1ax+T2ax+FLAIRax+T2cor,4,-1
Empty sella syndrome,82,0.6926304746918437,0.13864543052686432,label_id,1,availability,T1ax+T2ax+FLAIRax+T2cor,4,-1
Cerebral edema,23,0.828658573051851,0.1655145035854519,label_id,1,availability,T1ax+T2ax+FLAIRax+T2cor,4,-1
Mastoiditis,23,0.6428443274923747,0.055349691814566296,label_id,1,availability,T1ax+T2ax+FLAIRax+T2cor,4,-1
Chronic mastoiditis,37,0.7766891891891892,0.08999329459312123,label_id,1,availability,T1ax+T2ax+FLAIRax+T2cor,4,-1
Ventriculomegaly,131,0.872571260052403,0.4407414970006472,label_id,1,availability,T1ax+T2ax+FLAIRax+T2cor,4,-1
Cerebellar degeneration,43,0.88556971878953,0.3418062085049771,label_id,1,availability,T1ax+T2ax+FLAIRax+T2cor,4,-1
Mega cisterna magna,23,0.7172417917588662,0.03631341210324943,label_id,1,availability,T1ax+T2ax+FLAIRax+T2cor,4,-1
Structure of cave of septum pellucidum,22,0.6886910340518588,0.05832085950228769,label_id,1,availability,T1ax+T2ax+FLAIRax+T2cor,4,-1
Cerebral infarction,42,0.8993860959017754,0.287815423344103,label_id,1,budget,all4,1,1
Demyelinating disease of central nervous system,21,0.6565934065934066,0.05801006239173494,label_id,1,budget,all4,1,1
Lacunar infarct,21,0.9097004186289901,0.13373951868472447,label_id,1,budget,all4,1,1
Gliosis,451,0.7553563015693953,0.5947661675304324,label_id,1,budget,all4,1,1
Cerebral atrophy,213,0.9365380043976942,0.7307429908737383,label_id,1,budget,all4,1,1
Encephalomalacia,25,0.8673829201101929,0.10522875043301547,label_id,1,budget,all4,1,1
Arachnoid cyst,69,0.6778038537549407,0.09926829264888583,label_id,1,budget,all4,1,1
Empty sella syndrome,82,0.6907946498819826,0.12867839556130162,label_id,1,budget,all4,1,1
Cerebral edema,23,0.8320973625979308,0.19744700283425598,label_id,1,budget,all4,1,1
Mastoiditis,23,0.6452664314335268,0.04397592525005326,label_id,1,budget,all4,1,1
Chronic mastoiditis,37,0.7515765765765766,0.06097641213067052,label_id,1,budget,all4,1,1
Ventriculomegaly,131,0.8652042239941925,0.40471455587488686,label_id,1,budget,all4,1,1
Cerebellar degeneration,43,0.8775258668223541,0.28099134931098385,label_id,1,budget,all4,1,1
Mega cisterna magna,23,0.703217510914419,0.040126587362912705,label_id,1,budget,all4,1,1
Structure of cave of septum pellucidum,22,0.7059668853483286,0.07746004797935159,label_id,1,budget,all4,1,1
Cerebral infarction,42,0.9082628173220507,0.2849935109293911,label_id,1,budget,all4,2,2
Demyelinating disease of central nervous system,21,0.6764782836211408,0.08230685670309049,label_id,1,budget,all4,2,2
Lacunar infarct,21,0.9106161695447409,0.15646315651450268,label_id,1,budget,all4,2,2
Gliosis,451,0.7607936446190618,0.5987321031576959,label_id,1,budget,all4,2,2
Cerebral atrophy,213,0.9451513935936292,0.7323136091797517,label_id,1,budget,all4,2,2
Encephalomalacia,25,0.8700275482093665,0.12517780661093023,label_id,1,budget,all4,2,2
Arachnoid cyst,69,0.6847929018445323,0.09639608435355017,label_id,1,budget,all4,2,2
Empty sella syndrome,82,0.6921846315237346,0.13850786276998467,label_id,1,budget,all4,2,2
Cerebral edema,23,0.827312959751211,0.1509359311109993,label_id,1,budget,all4,2,2
Mastoiditis,23,0.6520543029723103,0.05600068528304601,label_id,1,budget,all4,2,2
Chronic mastoiditis,37,0.7699512012012012,0.07563678707438604,label_id,1,budget,all4,2,2
Ventriculomegaly,131,0.8675578190397332,0.4179437261279309,label_id,1,budget,all4,2,2
Cerebellar degeneration,43,0.8844669326327398,0.3262615351873962,label_id,1,budget,all4,2,2
Mega cisterna magna,23,0.7042042940015549,0.03788911269426837,label_id,1,budget,all4,2,2
Structure of cave of septum pellucidum,22,0.6803186504217432,0.053693824393923166,label_id,1,budget,all4,2,2
Cerebral infarction,42,0.913174050107848,0.32341381836564026,label_id,1,budget,all4,3,3
Demyelinating disease of central nervous system,21,0.7036891679748821,0.1100796144515991,label_id,1,budget,all4,3,3
Lacunar infarct,21,0.9076072736787022,0.15053668682218102,label_id,1,budget,all4,3,3
Gliosis,451,0.7637521989254981,0.5989074793282207,label_id,1,budget,all4,3,3
Cerebral atrophy,213,0.9455042491234326,0.7375537579918964,label_id,1,budget,all4,3,3
Encephalomalacia,25,0.8763360881542699,0.13806684242125708,label_id,1,budget,all4,3,3
Arachnoid cyst,69,0.6866250823451909,0.09593496585412115,label_id,1,budget,all4,3,3
Empty sella syndrome,82,0.6919048867908034,0.1396319971045166,label_id,1,budget,all4,3,3
Cerebral edema,23,0.8221398241731954,0.13933819277168827,label_id,1,budget,all4,3,3
Mastoiditis,23,0.6460438968961186,0.056449925500529706,label_id,1,budget,all4,3,3
Chronic mastoiditis,37,0.7701951951951953,0.09013456912249121,label_id,1,budget,all4,3,3
Ventriculomegaly,131,0.869026689200685,0.43605337477174283,label_id,1,budget,all4,3,3
Cerebellar degeneration,43,0.8858454153287276,0.3226307788796522,label_id,1,budget,all4,3,3
Mega cisterna magna,23,0.7077327911010107,0.03487055877841973,label_id,1,budget,all4,3,3
Structure of cave of septum pellucidum,22,0.6853170884098719,0.05705941799023928,label_id,1,budget,all4,3,3
Cerebral infarction,42,0.9145345943255351,0.3338403692482613,label_id,1,budget,all4,4,4
Demyelinating disease of central nervous system,21,0.71399136577708,0.11893065352066205,label_id,1,budget,all4,4,4
Lacunar infarct,21,0.9049581371009942,0.15584104420249323,label_id,1,budget,all4,4,4
Gliosis,451,0.7653989618046101,0.6054164765256755,label_id,1,budget,all4,4,4
Cerebral atrophy,213,0.9458125334284186,0.735752859965488,label_id,1,budget,all4,4,4
Encephalomalacia,25,0.8708264462809918,0.1519106844405463,label_id,1,budget,all4,4,4
Arachnoid cyst,69,0.6856163537549407,0.09452303738546969,label_id,1,budget,all4,4,4
Empty sella syndrome,82,0.6928752513331584,0.13870877651773986,label_id,1,budget,all4,4,4
Cerebral edema,23,0.8184917170025716,0.13930370742201298,label_id,1,budget,all4,4,4
Mastoiditis,23,0.6374618742898152,0.05289261600612349,label_id,1,budget,all4,4,4
Chronic mastoiditis,37,0.7774211711711712,0.09115446870864695,label_id,1,budget,all4,4,4
Ventriculomegaly,131,0.8715334097070199,0.4442884914903988,label_id,1,budget,all4,4,4
Cerebellar degeneration,43,0.8904998216081218,0.34148582152918766,label_id,1,budget,all4,4,4
Mega cisterna magna,23,0.7179893547036661,0.0355937940786796,label_id,1,budget,all4,4,4
Structure of cave of septum pellucidum,22,0.6866916588566073,0.05715299382554164,label_id,1,budget,all4,4,4
Cerebral infarction,42,0.9140368342458934,0.33262166167779306,queryseq,1,availability,T2cor,1,-1
Demyelinating disease of central nervous system,21,0.7555926216640503,0.06455367008369502,queryseq,1,availability,T2cor,1,-1
Lacunar infarct,21,0.901229722658294,0.17430096165662237,queryseq,1,availability,T2cor,1,-1
Gliosis,451,0.7573574858555603,0.5954775283576476,queryseq,1,availability,T2cor,1,-1
Cerebral atrophy,213,0.9314011707375052,0.6937438622736692,queryseq,1,availability,T2cor,1,-1
Encephalomalacia,25,0.8352066115702479,0.1030465126502048,queryseq,1,availability,T2cor,1,-1
Arachnoid cyst,69,0.6661623023715415,0.08621039317237705,queryseq,1,availability,T2cor,1,-1
Empty sella syndrome,82,0.6892123437363405,0.13613999607895982,queryseq,1,availability,T2cor,1,-1
Cerebral edema,23,0.7874529035344775,0.10190769336690729,queryseq,1,availability,T2cor,1,-1
Mastoiditis,23,0.6073201363554811,0.03891133613990071,queryseq,1,availability,T2cor,1,-1
Chronic mastoiditis,37,0.7560810810810812,0.08513958481049627,queryseq,1,availability,T2cor,1,-1
Ventriculomegaly,131,0.8664745981874483,0.4390578599960973,queryseq,1,availability,T2cor,1,-1
Cerebellar degeneration,43,0.8698550160552689,0.24918041427493862,queryseq,1,availability,T2cor,1,-1
Mega cisterna magna,23,0.6374020692542312,0.021734855727950846,queryseq,1,availability,T2cor,1,-1
Structure of cave of septum pellucidum,22,0.6854420493595752,0.04619278609694092,queryseq,1,availability,T2cor,1,-1
Cerebral infarction,42,0.9111166417786627,0.31220469592630334,queryseq,1,availability,FLAIRax,1,-1
Demyelinating disease of central nervous system,21,0.6801739926739926,0.0822710403794676,queryseq,1,availability,FLAIRax,1,-1
Lacunar infarct,21,0.8884746206174777,0.10312113069976775,queryseq,1,availability,FLAIRax,1,-1
Gliosis,451,0.7554189736474717,0.591881743076397,queryseq,1,availability,FLAIRax,1,-1
Cerebral atrophy,213,0.9460316752837702,0.7419124397216597,queryseq,1,availability,FLAIRax,1,-1
Encephalomalacia,25,0.8680165289256199,0.17911506246224587,queryseq,1,availability,FLAIRax,1,-1
Arachnoid cyst,69,0.6675004117259552,0.0850564592933638,queryseq,1,availability,FLAIRax,1,-1
Empty sella syndrome,82,0.6823148876650057,0.1289651673234523,queryseq,1,availability,FLAIRax,1,-1
Cerebral edema,23,0.8378087434962024,0.14795881154928975,queryseq,1,availability,FLAIRax,1,-1
Mastoiditis,23,0.6421565695831588,0.03479350038983382,queryseq,1,availability,FLAIRax,1,-1
Chronic mastoiditis,37,0.7470345345345345,0.07169398139581999,queryseq,1,availability,FLAIRax,1,-1
Ventriculomegaly,131,0.8839932851649785,0.423996108548049,queryseq,1,availability,FLAIRax,1,-1
Cerebellar degeneration,43,0.9007168110019136,0.3155567048098655,queryseq,1,availability,FLAIRax,1,-1
Mega cisterna magna,23,0.7446324980563364,0.04803460339419012,queryseq,1,availability,FLAIRax,1,-1
Structure of cave of septum pellucidum,22,0.6714151827553889,0.05352645302199617,queryseq,1,availability,FLAIRax,1,-1
Cerebral infarction,42,0.9102870416459268,0.3060387405731983,queryseq,1,availability,T2ax,1,-1
Demyelinating disease of central nervous system,21,0.7301805337519623,0.06167038487414909,queryseq,1,availability,T2ax,1,-1
Lacunar infarct,21,0.9124476713762428,0.12931152809424648,queryseq,1,availability,T2ax,1,-1
Gliosis,451,0.7585806719311212,0.5786647441594447,queryseq,1,availability,T2ax,1,-1
Cerebral atrophy,213,0.9338674451773935,0.6719967197557855,queryseq,1,availability,T2ax,1,-1
Encephalomalacia,25,0.8730027548209367,0.11499655259739182,queryseq,1,availability,T2ax,1,-1
Arachnoid cyst,69,0.6860795454545454,0.09976747986366252,queryseq,1,availability,T2ax,1,-1
Empty sella syndrome,82,0.6927441209895969,0.15035999421383675,queryseq,1,availability,T2ax,1,-1
Cerebral edema,23,0.8084743735422523,0.11569018480854959,queryseq,1,availability,T2ax,1,-1
Mastoiditis,23,0.6707134740745171,0.06936501493688772,queryseq,1,availability,T2ax,1,-1
Chronic mastoiditis,37,0.750975975975976,0.06925327634776923,queryseq,1,availability,T2ax,1,-1
Ventriculomegaly,131,0.862419609133083,0.4447825868917018,queryseq,1,availability,T2ax,1,-1
Cerebellar degeneration,43,0.8712010638642924,0.31431952461877005,queryseq,1,availability,T2ax,1,-1
Mega cisterna magna,23,0.7370671610549607,0.03759729656432429,queryseq,1,availability,T2ax,1,-1
Structure of cave of septum pellucidum,22,0.6906591690096845,0.04303359270769526,queryseq,1,availability,T2ax,1,-1
Cerebral infarction,42,0.908130081300813,0.38440890440818914,queryseq,1,availability,T1ax,1,-1
Demyelinating disease of central nervous system,21,0.72854526425955,0.1257410653620629,queryseq,1,availability,T1ax,1,-1
Lacunar infarct,21,0.891810570381999,0.16338218966472456,queryseq,1,availability,T1ax,1,-1
Gliosis,451,0.7566486430414543,0.5816793595209926,queryseq,1,availability,T1ax,1,-1
Cerebral atrophy,213,0.9307623165151245,0.6783442268460272,queryseq,1,availability,T1ax,1,-1
Encephalomalacia,25,0.8856473829201101,0.20928152938301975,queryseq,1,availability,T1ax,1,-1
Arachnoid cyst,69,0.6638257575757577,0.07956957381141716,queryseq,1,availability,T1ax,1,-1
Empty sella syndrome,82,0.6789929189614476,0.12799097815083493,queryseq,1,availability,T1ax,1,-1
Cerebral edema,23,0.7920279887566534,0.13199715548785265,queryseq,1,availability,T1ax,1,-1
Mastoiditis,23,0.6626995993062617,0.04770250480071442,queryseq,1,availability,T1ax,1,-1
Chronic mastoiditis,37,0.7489489489489489,0.06509315747887087,queryseq,1,availability,T1ax,1,-1
Ventriculomegaly,131,0.863752367773329,0.43794350096278223,queryseq,1,availability,T1ax,1,-1
Cerebellar degeneration,43,0.8951217930005514,0.357891710274938,queryseq,1,availability,T1ax,1,-1
Mega cisterna magna,23,0.7380240416243048,0.037183033644301325,queryseq,1,availability,T1ax,1,-1
Structure of cave of septum pellucidum,22,0.6437363323961262,0.05366888737195408,queryseq,1,availability,T1ax,1,-1
Cerebral infarction,42,0.9179525468724075,0.33426125999708317,queryseq,1,availability,FLAIRax+T2cor,2,-1
Demyelinating disease of central nervous system,21,0.7095761381475668,0.11693420403231719,queryseq,1,availability,FLAIRax+T2cor,2,-1
Lacunar infarct,21,0.8992673992673993,0.14514675568610036,queryseq,1,availability,FLAIRax+T2cor,2,-1
Gliosis,451,0.7646814745659418,0.6048982550842358,queryseq,1,availability,FLAIRax+T2cor,2,-1
Cerebral atrophy,213,0.9490253758839959,0.7389017701791756,queryseq,1,availability,FLAIRax+T2cor,2,-1
Encephalomalacia,25,0.8693112947658402,0.14844839459740167,queryseq,1,availability,FLAIRax+T2cor,2,-1
Arachnoid cyst,69,0.6724925889328063,0.08700954817119613,queryseq,1,availability,FLAIRax+T2cor,2,-1
Empty sella syndrome,82,0.6944837835475128,0.13609904321209446,queryseq,1,availability,FLAIRax+T2cor,2,-1
Cerebral edema,23,0.8319179474911788,0.14310908056797655,queryseq,1,availability,FLAIRax+T2cor,2,-1
Mastoiditis,23,0.6289396567190957,0.043582255272062144,queryseq,1,availability,FLAIRax+T2cor,2,-1
Chronic mastoiditis,37,0.7694256756756757,0.08659511828190075,queryseq,1,availability,FLAIRax+T2cor,2,-1
Ventriculomegaly,131,0.8831142315937524,0.4461558633950581,queryseq,1,availability,FLAIRax+T2cor,2,-1
Cerebellar degeneration,43,0.8847264117284551,0.29151865701218754,queryseq,1,availability,FLAIRax+T2cor,2,-1
Mega cisterna magna,23,0.7132647568925303,0.03288872789259742,queryseq,1,availability,FLAIRax+T2cor,2,-1
Structure of cave of septum pellucidum,22,0.6850671665104654,0.06351798435212665,queryseq,1,availability,FLAIRax+T2cor,2,-1
Cerebral infarction,42,0.9186825949892151,0.34841692260753027,queryseq,1,availability,T2ax+T2cor,2,-1
Demyelinating disease of central nervous system,21,0.7370486656200942,0.06806549641642456,queryseq,1,availability,T2ax+T2cor,2,-1
Lacunar infarct,21,0.9109105180533752,0.16207293224593047,queryseq,1,availability,T2ax+T2cor,2,-1
Gliosis,451,0.7650099626993081,0.5978227096190741,queryseq,1,availability,T2ax+T2cor,2,-1
Cerebral atrophy,213,0.9415596957271053,0.707482792954254,queryseq,1,availability,T2ax+T2cor,2,-1
Encephalomalacia,25,0.8683471074380166,0.11779939404705078,queryseq,1,availability,T2ax+T2cor,2,-1
Arachnoid cyst,69,0.6818284749670619,0.09283269355613064,queryseq,1,availability,T2ax+T2cor,2,-1
Empty sella syndrome,82,0.6971413585103593,0.15252672499095354,queryseq,1,availability,T2ax+T2cor,2,-1
Cerebral edema,23,0.8053944142096764,0.09370549390984885,queryseq,1,availability,T2ax+T2cor,2,-1
Mastoiditis,23,0.6511273249207583,0.06758874149829375,queryseq,1,availability,T2ax+T2cor,2,-1
Chronic mastoiditis,37,0.7629692192192192,0.07297530939747372,queryseq,1,availability,T2ax+T2cor,2,-1
Ventriculomegaly,131,0.8701496092465093,0.4599184129853455,queryseq,1,availability,T2ax+T2cor,2,-1
Cerebellar degeneration,43,0.8757257305958289,0.31832959595633126,queryseq,1,availability,T2ax+T2cor,2,-1
Mega cisterna magna,23,0.6996890138149632,0.028480690993856857,queryseq,1,availability,T2ax+T2cor,2,-1
Structure of cave of septum pellucidum,22,0.6966260543580132,0.04524669249722306,queryseq,1,availability,T2ax+T2cor,2,-1
Cerebral infarction,42,0.9147834743653559,0.3183749897786411,queryseq,1,availability,T2ax+FLAIRax,2,-1
Demyelinating disease of central nervous system,21,0.7004513343799057,0.07642492004484117,queryseq,1,availability,T2ax+FLAIRax,2,-1
Lacunar infarct,21,0.9031593406593407,0.12171912619108757,queryseq,1,availability,T2ax+FLAIRax,2,-1
Gliosis,451,0.763447482959678,0.5922413312049335,queryseq,1,availability,T2ax+FLAIRax,2,-1
Cerebral atrophy,213,0.9477179532893563,0.7245337164606889,queryseq,1,availability,T2ax+FLAIRax,2,-1
Encephalomalacia,25,0.8758126721763085,0.13034476028794525,queryseq,1,availability,T2ax+FLAIRax,2,-1
Arachnoid cyst,69,0.6846899703557313,0.10063828285028682,queryseq,1,availability,T2ax+FLAIRax,2,-1
Empty sella syndrome,82,0.6926479587376518,0.14915623163611377,queryseq,1,availability,T2ax+FLAIRax,2,-1
Cerebral edema,23,0.827911010107051,0.12935197072865132,queryseq,1,availability,T2ax+FLAIRax,2,-1
Mastoiditis,23,0.6618025237725016,0.07342536284435003,queryseq,1,availability,T2ax+FLAIRax,2,-1
Chronic mastoiditis,37,0.7598348348348348,0.06815727830503217,queryseq,1,availability,T2ax+FLAIRax,2,-1
Ventriculomegaly,131,0.8786338940371812,0.44959090914999356,queryseq,1,availability,T2ax+FLAIRax,2,-1
Cerebellar degeneration,43,0.8817910544581752,0.33197162649143713,queryseq,1,availability,T2ax+FLAIRax,2,-1
Mega cisterna magna,23,0.7420010764906406,0.04278262175272199,queryseq,1,availability,T2ax+FLAIRax,2,-1
Structure of cave of septum pellucidum,22,0.6994064354889098,0.051352776928565554,queryseq,1,availability,T2ax+FLAIRax,2,-1
Cerebral infarction,42,0.9184668989547038,0.39857953601119056,queryseq,1,availability,T1ax+T2cor,2,-1
Demyelinating disease of central nervous system,21,0.7470565149136578,0.11474801395296313,queryseq,1,availability,T1ax+T2cor,2,-1
Lacunar infarct,21,0.9026360544217685,0.1775452908889617,queryseq,1,availability,T1ax+T2cor,2,-1
Gliosis,451,0.7661812822274954,0.6092740079330432,queryseq,1,availability,T1ax+T2cor,2,-1
Cerebral atrophy,213,0.9426071195103108,0.724802374775565,queryseq,1,availability,T1ax+T2cor,2,-1
Encephalomalacia,25,0.869862258953168,0.14967887060320811,queryseq,1,availability,T1ax+T2cor,2,-1
Arachnoid cyst,69,0.6695693346508563,0.09752411663424834,queryseq,1,availability,T1ax+T2cor,2,-1
Empty sella syndrome,82,0.6938893259900341,0.13815937686603688,queryseq,1,availability,T1ax+T2cor,2,-1
Cerebral edema,23,0.7959751211051971,0.08449703645568028,queryseq,1,availability,T1ax+T2cor,2,-1
Mastoiditis,23,0.6388971951438311,0.04292191311962169,queryseq,1,availability,T1ax+T2cor,2,-1
Chronic mastoiditis,37,0.7596659159159159,0.07858093508521632,queryseq,1,availability,T1ax+T2cor,2,-1
Ventriculomegaly,131,0.8748964985311298,0.45374370424301924,queryseq,1,availability,T1ax+T2cor,2,-1
Cerebellar degeneration,43,0.8795368298141482,0.3007836227850203,queryseq,1,availability,T1ax+T2cor,2,-1
Mega cisterna magna,23,0.6880868369116679,0.026641959603086997,queryseq,1,availability,T1ax+T2cor,2,-1
Structure of cave of septum pellucidum,22,0.6841299593876914,0.05903531901780972,queryseq,1,availability,T1ax+T2cor,2,-1
Cerebral infarction,42,0.9136884021901444,0.360199538729995,queryseq,1,availability,T1ax+FLAIRax,2,-1
Demyelinating disease of central nervous system,21,0.7213173731030873,0.12151229346566288,queryseq,1,availability,T1ax+FLAIRax,2,-1
Lacunar infarct,21,0.8923011512297225,0.12491946986918938,queryseq,1,availability,T1ax+FLAIRax,2,-1
Gliosis,451,0.7611631937690988,0.5946366979147232,queryseq,1,availability,T1ax+FLAIRax,2,-1
Cerebral atrophy,213,0.9486316633981101,0.7413080945869551,queryseq,1,availability,T1ax+FLAIRax,2,-1
Encephalomalacia,25,0.8768870523415977,0.18680514234028947,queryseq,1,availability,T1ax+FLAIRax,2,-1
Arachnoid cyst,69,0.6645359848484849,0.08557519254837245,queryseq,1,availability,T1ax+FLAIRax,2,-1
Empty sella syndrome,82,0.6841769385435789,0.13096583011040747,queryseq,1,availability,T1ax+FLAIRax,2,-1
Cerebral edema,23,0.8332037557562346,0.12079933155757301,queryseq,1,availability,T1ax+FLAIRax,2,-1
Mastoiditis,23,0.6531905986484061,0.04193371563801202,queryseq,1,availability,T1ax+FLAIRax,2,-1
Chronic mastoiditis,37,0.7597034534534534,0.08025790092229826,queryseq,1,availability,T1ax+FLAIRax,2,-1
Ventriculomegaly,131,0.8849290518698321,0.450059313267121,queryseq,1,availability,T1ax+FLAIRax,2,-1
Cerebellar degeneration,43,0.9052901300638967,0.3712795182521556,queryseq,1,availability,T1ax+FLAIRax,2,-1
Mega cisterna magna,23,0.7431971772023205,0.049392708958685146,queryseq,1,availability,T1ax+FLAIRax,2,-1
Structure of cave of septum pellucidum,22,0.6623555139019057,0.05442169497977595,queryseq,1,availability,T1ax+FLAIRax,2,-1
Cerebral infarction,42,0.9120292019246723,0.32909212148579137,queryseq,1,availability,T1ax+T2ax,2,-1
Demyelinating disease of central nervous system,21,0.7397959183673469,0.07042106269267713,queryseq,1,availability,T1ax+T2ax,2,-1
Lacunar infarct,21,0.9063317634746206,0.14031628577581925,queryseq,1,availability,T1ax+T2ax,2,-1
Gliosis,451,0.7643400197957323,0.5908900814732181,queryseq,1,availability,T1ax+T2ax,2,-1
Cerebral atrophy,213,0.9397768467344149,0.7004848040839048,queryseq,1,availability,T1ax+T2ax,2,-1
Encephalomalacia,25,0.881404958677686,0.131236731488617,queryseq,1,availability,T1ax+T2ax,2,-1
Arachnoid cyst,69,0.6818799407114625,0.09436088322486944,queryseq,1,availability,T1ax+T2ax,2,-1
Empty sella syndrome,82,0.6929277034705831,0.15172803745616956,queryseq,1,availability,T1ax+T2ax,2,-1
Cerebral edema,23,0.8067699300281083,0.11285358385405697,queryseq,1,availability,T1ax+T2ax,2,-1
Mastoiditis,23,0.671221816876981,0.09438866106909026,queryseq,1,availability,T1ax+T2ax,2,-1
Chronic mastoiditis,37,0.758445945945946,0.06804195304425516,queryseq,1,availability,T1ax+T2ax,2,-1
Ventriculomegaly,131,0.8679434683484002,0.4587318858618284,queryseq,1,availability,T1ax+T2ax,2,-1
Cerebellar degeneration,43,0.8796665693620057,0.3562270456079554,queryseq,1,availability,T1ax+T2ax,2,-1
Mega cisterna magna,23,0.7379044315531368,0.0374961449145734,queryseq,1,availability,T1ax+T2ax,2,-1
Structure of cave of septum pellucidum,22,0.6878163074039362,0.04454506729983136,queryseq,1,availability,T1ax+T2ax,2,-1
Cerebral infarction,42,0.9189812510370001,0.33928126834348066,queryseq,1,availability,T2ax+FLAIRax+T2cor,3,-1
Demyelinating disease of central nervous system,21,0.7142203035060177,0.06762236279238981,queryseq,1,availability,T2ax+FLAIRax+T2cor,3,-1
Lacunar infarct,21,0.9064952904238618,0.15217348780272894,queryseq,1,availability,T2ax+FLAIRax+T2cor,3,-1
Gliosis,451,0.7667907141591352,0.6008446653213549,queryseq,1,availability,T2ax+FLAIRax+T2cor,3,-1
Cerebral atrophy,213,0.9487022345040709,0.7289025790057041,queryseq,1,availability,T2ax+FLAIRax+T2cor,3,-1
Encephalomalacia,25,0.8739669421487604,0.1298913143329932,queryseq,1,availability,T2ax+FLAIRax+T2cor,3,-1
Arachnoid cyst,69,0.6819314064558629,0.09255715134513395,queryseq,1,availability,T2ax+FLAIRax+T2cor,3,-1
Empty sella syndrome,82,0.695891249235073,0.14918746606134173,queryseq,1,availability,T2ax+FLAIRax+T2cor,3,-1
Cerebral edema,23,0.8250104658812272,0.12093842316283179,queryseq,1,availability,T2ax+FLAIRax+T2cor,3,-1
Mastoiditis,23,0.6502302493869985,0.06671417501929497,queryseq,1,availability,T2ax+FLAIRax+T2cor,3,-1
Chronic mastoiditis,37,0.7673798798798799,0.07515383634703028,queryseq,1,availability,T2ax+FLAIRax+T2cor,3,-1
Ventriculomegaly,131,0.8791329696131029,0.45182575079645637,queryseq,1,availability,T2ax+FLAIRax+T2cor,3,-1
Cerebellar degeneration,43,0.8813207485971911,0.3383755955526349,queryseq,1,availability,T2ax+FLAIRax+T2cor,3,-1
Mega cisterna magna,23,0.7240595658154417,0.03495613968345522,queryseq,1,availability,T2ax+FLAIRax+T2cor,3,-1
Structure of cave of septum pellucidum,22,0.6975007810059357,0.05291378664133032,queryseq,1,availability,T2ax+FLAIRax+T2cor,3,-1
Cerebral infarction,42,0.9194292351086777,0.3605203896492505,queryseq,1,availability,T1ax+FLAIRax+T2cor,3,-1
Demyelinating disease of central nervous system,21,0.7317176870748299,0.14080287118217746,queryseq,1,availability,T1ax+FLAIRax+T2cor,3,-1
Lacunar infarct,21,0.8993982208267923,0.15331550074243103,queryseq,1,availability,T1ax+FLAIRax+T2cor,3,-1
Gliosis,451,0.767335312906558,0.6082536703998254,queryseq,1,availability,T1ax+FLAIRax+T2cor,3,-1
Cerebral atrophy,213,0.9503513698223094,0.7422592250436312,queryseq,1,availability,T1ax+FLAIRax+T2cor,3,-1
Encephalomalacia,25,0.8772176308539944,0.16483862625075063,queryseq,1,availability,T1ax+FLAIRax+T2cor,3,-1
Arachnoid cyst,69,0.6714118083003953,0.08794938564523089,queryseq,1,availability,T1ax+FLAIRax+T2cor,3,-1
Empty sella syndrome,82,0.6935396450738701,0.13656487787176522,queryseq,1,availability,T1ax+FLAIRax+T2cor,3,-1
Cerebral edema,23,0.828628670534059,0.11653659592345052,queryseq,1,availability,T1ax+FLAIRax+T2cor,3,-1
Mastoiditis,23,0.641648226780695,0.04001977029554803,queryseq,1,availability,T1ax+FLAIRax+T2cor,3,-1
Chronic mastoiditis,37,0.7690503003003004,0.08239150396605137,queryseq,1,availability,T1ax+FLAIRax+T2cor,3,-1
Ventriculomegaly,131,0.8843846057870082,0.44881015055693463,queryseq,1,availability,T1ax+FLAIRax+T2cor,3,-1
Cerebellar degeneration,43,0.8894456877817781,0.34694085964557664,queryseq,1,availability,T1ax+FLAIRax+T2cor,3,-1
Mega cisterna magna,23,0.7206805813049458,0.034144532748317274,queryseq,1,availability,T1ax+FLAIRax+T2cor,3,-1
Structure of cave of septum pellucidum,22,0.6846298031865042,0.06693807984325384,queryseq,1,availability,T1ax+FLAIRax+T2cor,3,-1
Cerebral infarction,42,0.9189148830263812,0.36001581340682975,queryseq,1,availability,T1ax+T2ax+T2cor,3,-1
Demyelinating disease of central nervous system,21,0.7419544740973312,0.07616217465700266,queryseq,1,availability,T1ax+T2ax+T2cor,3,-1
Lacunar infarct,21,0.9088827838827839,0.16807347094724726,queryseq,1,availability,T1ax+T2ax+T2cor,3,-1
Gliosis,451,0.7678820727601217,0.6040726946089509,queryseq,1,availability,T1ax+T2ax+T2cor,3,-1
Cerebral atrophy,213,0.9443862542342664,0.7224107530781461,queryseq,1,availability,T1ax+T2ax+T2cor,3,-1
Encephalomalacia,25,0.8762809917355372,0.13372027861346172,queryseq,1,availability,T1ax+T2ax+T2cor,3,-1
Arachnoid cyst,69,0.6802639163372859,0.0939364911152557,queryseq,1,availability,T1ax+T2ax+T2cor,3,-1
Empty sella syndrome,82,0.6968965818690445,0.1492786025796034,queryseq,1,availability,T1ax+T2ax+T2cor,3,-1
Cerebral edema,23,0.8061120746366844,0.10145858607114706,queryseq,1,availability,T1ax+T2ax+T2cor,3,-1
Mastoiditis,23,0.6567489982656539,0.07092553850202797,queryseq,1,availability,T1ax+T2ax+T2cor,3,-1
Chronic mastoiditis,37,0.762987987987988,0.07428240986001645,queryseq,1,availability,T1ax+T2ax+T2cor,3,-1
Ventriculomegaly,131,0.8721685968036479,0.45799856691904967,queryseq,1,availability,T1ax+T2ax+T2cor,3,-1
Cerebellar degeneration,43,0.8798611786837922,0.3405199237957505,queryseq,1,availability,T1ax+T2ax+T2cor,3,-1
Mega cisterna magna,23,0.7145206626397942,0.031020765298800938,queryseq,1,availability,T1ax+T2ax+T2cor,3,-1
Structure of cave of septum pellucidum,22,0.6953452046235552,0.04782399236965622,queryseq,1,availability,T1ax+T2ax+T2cor,3,-1
Cerebral infarction,42,0.9158121785299486,0.3331224112827983,queryseq,1,availability,T1ax+T2ax+FLAIRax,3,-1
Demyelinating disease of central nervous system,21,0.7234759288330717,0.08659729707700578,queryseq,1,availability,T1ax+T2ax+FLAIRax,3,-1
Lacunar infarct,21,0.9014586603872317,0.12755136225699681,queryseq,1,availability,T1ax+T2ax+FLAIRax,3,-1
Gliosis,451,0.7655934613572611,0.5960820898811133,queryseq,1,availability,T1ax+T2ax+FLAIRax,3,-1
Cerebral atrophy,213,0.9483345218993284,0.7283327856536491,queryseq,1,availability,T1ax+T2ax+FLAIRax,3,-1
Encephalomalacia,25,0.8809641873278238,0.14269577415450577,queryseq,1,availability,T1ax+T2ax+FLAIRax,3,-1
Arachnoid cyst,69,0.681344696969697,0.09498987254643868,queryseq,1,availability,T1ax+T2ax+FLAIRax,3,-1
Empty sella syndrome,82,0.6928490252644462,0.14882093426520349,queryseq,1,availability,T1ax+T2ax+FLAIRax,3,-1
Cerebral edema,23,0.8259972489683631,0.12785412671612187,queryseq,1,availability,T1ax+T2ax+FLAIRax,3,-1
Mastoiditis,23,0.6641947251958615,0.08888994641575752,queryseq,1,availability,T1ax+T2ax+FLAIRax,3,-1
Chronic mastoiditis,37,0.7641141141141141,0.06912179316117663,queryseq,1,availability,T1ax+T2ax+FLAIRax,3,-1
Ventriculomegaly,131,0.8798872542903485,0.4558552854234401,queryseq,1,availability,T1ax+T2ax+FLAIRax,3,-1
Cerebellar degeneration,43,0.8868346793811425,0.3634100188904481,queryseq,1,availability,T1ax+T2ax+FLAIRax,3,-1
Mega cisterna magna,23,0.7412236110280486,0.04157483740970063,queryseq,1,availability,T1ax+T2ax+FLAIRax,3,-1
Structure of cave of septum pellucidum,22,0.6948141205873165,0.05118039441965287,queryseq,1,availability,T1ax+T2ax+FLAIRax,3,-1
Cerebral infarction,42,0.9190808030529284,0.34997266357470663,queryseq,1,availability,T1ax+T2ax+FLAIRax+T2cor,4,-1
Demyelinating disease of central nervous system,21,0.7299843014128727,0.0867141656044119,queryseq,1,availability,T1ax+T2ax+FLAIRax+T2cor,4,-1
Lacunar infarct,21,0.9049908424908425,0.14366815840637273,queryseq,1,availability,T1ax+T2ax+FLAIRax+T2cor,4,-1
Gliosis,451,0.7683359050496406,0.604584490923423,queryseq,1,availability,T1ax+T2ax+FLAIRax+T2cor,4,-1
Cerebral atrophy,213,0.9493225173827777,0.733591048366489,queryseq,1,availability,T1ax+T2ax+FLAIRax+T2cor,4,-1
Encephalomalacia,25,0.8785399449035813,0.14335087849916742,queryseq,1,availability,T1ax+T2ax+FLAIRax+T2cor,4,-1
Arachnoid cyst,69,0.6803256752305665,0.09183900688096626,queryseq,1,availability,T1ax+T2ax+FLAIRax+T2cor,4,-1
Empty sella syndrome,82,0.6958038290060321,0.1489630025675711,queryseq,1,availability,T1ax+T2ax+FLAIRax+T2cor,4,-1
Cerebral edema,23,0.8230069971891633,0.11566473686438516,queryseq,1,availability,T1ax+T2ax+FLAIRax+T2cor,4,-1
Mastoiditis,23,0.6536989414508702,0.06330881080777129,queryseq,1,availability,T1ax+T2ax+FLAIRax+T2cor,4,-1
Chronic mastoiditis,37,0.7665540540540541,0.07612472434319406,queryseq,1,availability,T1ax+T2ax+FLAIRax+T2cor,4,-1
Ventriculomegaly,131,0.8801935052119371,0.45287855010411,queryseq,1,availability,T1ax+T2ax+FLAIRax+T2cor,4,-1
Cerebellar degeneration,43,0.8843371930848821,0.3553601363338471,queryseq,1,availability,T1ax+T2ax+FLAIRax+T2cor,4,-1
Mega cisterna magna,23,0.7280366006817773,0.03634446273184905,queryseq,1,availability,T1ax+T2ax+FLAIRax+T2cor,4,-1
Structure of cave of septum pellucidum,22,0.6964698531708841,0.05289726366562788,queryseq,1,availability,T1ax+T2ax+FLAIRax+T2cor,4,-1
Cerebral infarction,42,0.9109673137547701,0.325134238853539,queryseq,1,budget,all4,1,1
Demyelinating disease of central nervous system,21,0.6766091051805337,0.051975993103241344,queryseq,1,budget,all4,1,1
Lacunar infarct,21,0.9017857142857143,0.13559694162431257,queryseq,1,budget,all4,1,1
Gliosis,451,0.7638429653834019,0.5913518119677477,queryseq,1,budget,all4,1,1
Cerebral atrophy,213,0.9376708563617995,0.6895344934358553,queryseq,1,budget,all4,1,1
Encephalomalacia,25,0.8749586776859504,0.11980159194814069,queryseq,1,budget,all4,1,1
Arachnoid cyst,69,0.6877161561264823,0.10230421448661454,queryseq,1,budget,all4,1,1
Empty sella syndrome,82,0.691249235072996,0.154025197940367,queryseq,1,budget,all4,1,1
Cerebral edema,23,0.8278213025536749,0.11466701669159333,queryseq,1,budget,all4,1,1
Mastoiditis,23,0.6758268046169487,0.05626441707086374,queryseq,1,budget,all4,1,1
Chronic mastoiditis,37,0.7677364864864865,0.0794976754707008,queryseq,1,budget,all4,1,1
Ventriculomegaly,131,0.8716354933475494,0.4044844677003956,queryseq,1,budget,all4,1,1
Cerebellar degeneration,43,0.8807693555187961,0.3181844351487655,queryseq,1,budget,all4,1,1
Mega cisterna magna,23,0.7164045212606902,0.055236670420400195,queryseq,1,budget,all4,1,1
Structure of cave of septum pellucidum,22,0.7080287410184318,0.05114482250653507,queryseq,1,budget,all4,1,1
Cerebral infarction,42,0.9194790111166419,0.340011806657495,queryseq,1,budget,all4,2,2
Demyelinating disease of central nervous system,21,0.7149398220826793,0.06824195091976878,queryseq,1,budget,all4,2,2
Lacunar infarct,21,0.9025052328623757,0.18413610650028314,queryseq,1,budget,all4,2,2
Gliosis,451,0.7690144923777786,0.605388659067515,queryseq,1,budget,all4,2,2
Cerebral atrophy,213,0.9445831104772092,0.715408239955449,queryseq,1,budget,all4,2,2
Encephalomalacia,25,0.8758126721763086,0.13509441804510353,queryseq,1,budget,all4,2,2
Arachnoid cyst,69,0.6785552536231885,0.0910600568218917,queryseq,1,budget,all4,2,2
Empty sella syndrome,82,0.700262260687123,0.14897561737971307,queryseq,1,budget,all4,2,2
Cerebral edema,23,0.8244124155253872,0.1195543622530601,queryseq,1,budget,all4,2,2
Mastoiditis,23,0.65534357992943,0.057505785669260095,queryseq,1,budget,all4,2,2
Chronic mastoiditis,37,0.7622184684684684,0.0687293808353516,queryseq,1,budget,all4,2,2
Ventriculomegaly,131,0.8762802989916405,0.4378705606753145,queryseq,1,budget,all4,2,2
Cerebellar degeneration,43,0.8801855275534365,0.3223128049471339,queryseq,1,budget,all4,2,2
Mega cisterna magna,23,0.7293523114646253,0.039930985519233624,queryseq,1,budget,all4,2,2
Structure of cave of septum pellucidum,22,0.6989690721649485,0.05282751296616124,queryseq,1,budget,all4,2,2
Cerebral infarction,42,0.9205243072838891,0.36035186994775376,queryseq,1,budget,all4,3,3
Demyelinating disease of central nervous system,21,0.7345630559916274,0.08678119580888816,queryseq,1,budget,all4,3,3
Lacunar infarct,21,0.9073456305599162,0.1552725111565195,queryseq,1,budget,all4,3,3
Gliosis,451,0.7666588866845607,0.6011503935866516,queryseq,1,budget,all4,3,3
Cerebral atrophy,213,0.9496196588815595,0.7314439458708213,queryseq,1,budget,all4,3,3
Encephalomalacia,25,0.8731955922865015,0.14506304700545694,queryseq,1,budget,all4,3,3
Arachnoid cyst,69,0.6750658761528326,0.09401281675579545,queryseq,1,budget,all4,3,3
Empty sella syndrome,82,0.694929626715622,0.1419951325640475,queryseq,1,budget,all4,3,3
Cerebral edema,23,0.8200466479277555,0.12343635086498826,queryseq,1,budget,all4,3,3
Mastoiditis,23,0.6486753184618145,0.05036880603752782,queryseq,1,budget,all4,3,3
Chronic mastoiditis,37,0.7705142642642643,0.07480027130834518,queryseq,1,budget,all4,3,3
Ventriculomegaly,131,0.8794051926545149,0.4586846579010638,queryseq,1,budget,all4,3,3
Cerebellar degeneration,43,0.8826181440757679,0.3333695406244183,queryseq,1,budget,all4,3,3
Mega cisterna magna,23,0.7183182823993779,0.031924666789803456,queryseq,1,budget,all4,3,3
Structure of cave of septum pellucidum,22,0.6970321774445486,0.05178680330707633,queryseq,1,budget,all4,3,3
Cerebral infarction,42,0.9180520988883358,0.36646302939490716,queryseq,1,budget,all4,4,4
Demyelinating disease of central nervous system,21,0.7374411302982732,0.09990519755959656,queryseq,1,budget,all4,4,4
Lacunar infarct,21,0.9027341705913133,0.14914399310346185,queryseq,1,budget,all4,4,4
Gliosis,451,0.7678604616987159,0.6027607682448171,queryseq,1,budget,all4,4,4
Cerebral atrophy,213,0.9493150888453081,0.7330589356709984,queryseq,1,budget,all4,4,4
Encephalomalacia,25,0.8777961432506887,0.15529595885920117,queryseq,1,budget,all4,4,4
Arachnoid cyst,69,0.6787096508563899,0.08967587237227675,queryseq,1,budget,all4,4,4
Empty sella syndrome,82,0.6927266369437888,0.14252655523671343,queryseq,1,budget,all4,4,4
Cerebral edema,23,0.8181029842712757,0.12132373787410153,queryseq,1,budget,all4,4,4
Mastoiditis,23,0.6519645954189343,0.05387158858272265,queryseq,1,budget,all4,4,4
Chronic mastoiditis,37,0.7675675675675675,0.07735887250624103,queryseq,1,budget,all4,4,4
Ventriculomegaly,131,0.8816964032530653,0.4677351051583167,queryseq,1,budget,all4,4,4
Cerebellar degeneration,43,0.8881158574162369,0.37313682625490613,queryseq,1,budget,all4,4,4
Mega cisterna magna,23,0.7277674780216494,0.034582945459657476,queryseq,1,budget,all4,4,4
Structure of cave of septum pellucidum,22,0.6800687285223368,0.05335584915229748,queryseq,1,budget,all4,4,4
Cerebral infarction,42,0.9242077318732371,0.2956106421418103,uniform,2,availability,T2cor,1,-1
Demyelinating disease of central nervous system,21,0.7297880690737832,0.1234226858006838,uniform,2,availability,T2cor,1,-1
Lacunar infarct,21,0.9142137624280482,0.12687865632384657,uniform,2,availability,T2cor,1,-1
Gliosis,451,0.7643616308571379,0.6095372641090351,uniform,2,availability,T2cor,1,-1
Cerebral atrophy,213,0.9396654186723717,0.7365381206275416,uniform,2,availability,T2cor,1,-1
Encephalomalacia,25,0.8506887052341598,0.16943107360702384,uniform,2,availability,T2cor,1,-1
Arachnoid cyst,69,0.6800065876152833,0.10583971781293795,uniform,2,availability,T2cor,1,-1
Empty sella syndrome,82,0.6920709852259813,0.1354158732950003,uniform,2,availability,T2cor,1,-1
Cerebral edema,23,0.7957359009628611,0.214693843923444,uniform,2,availability,T2cor,1,-1
Mastoiditis,23,0.6450571138089827,0.03805273990228686,uniform,2,availability,T2cor,1,-1
Chronic mastoiditis,37,0.7386261261261261,0.05770190062363641,uniform,2,availability,T2cor,1,-1
Ventriculomegaly,131,0.8574969091342174,0.4043791784882546,uniform,2,availability,T2cor,1,-1
Cerebellar degeneration,43,0.8823424475365703,0.2791607980565537,uniform,2,availability,T2cor,1,-1
Mega cisterna magna,23,0.6782788110758926,0.031732029498985036,uniform,2,availability,T2cor,1,-1
Structure of cave of septum pellucidum,22,0.6677600749765699,0.04448686666949132,uniform,2,availability,T2cor,1,-1
Cerebral infarction,42,0.9110004977600796,0.29968287224318096,uniform,2,availability,FLAIRax,1,-1
Demyelinating disease of central nervous system,21,0.6334052851909994,0.09668694923646262,uniform,2,availability,FLAIRax,1,-1
Lacunar infarct,21,0.9061028257456828,0.10789365288274469,uniform,2,availability,FLAIRax,1,-1
Gliosis,451,0.7563028660589637,0.5947731797016206,uniform,2,availability,FLAIRax,1,-1
Cerebral atrophy,213,0.9488248053723183,0.779954178546223,uniform,2,availability,FLAIRax,1,-1
Encephalomalacia,25,0.8749586776859504,0.19464218701822164,uniform,2,availability,FLAIRax,1,-1
Arachnoid cyst,69,0.672451416337286,0.11764505050983601,uniform,2,availability,FLAIRax,1,-1
Empty sella syndrome,82,0.6946586240055949,0.12857458156596213,uniform,2,availability,FLAIRax,1,-1
Cerebral edema,23,0.8403504575085223,0.19341549283287335,uniform,2,availability,FLAIRax,1,-1
Mastoiditis,23,0.6315710782847915,0.04121237344552424,uniform,2,availability,FLAIRax,1,-1
Chronic mastoiditis,37,0.74878003003003,0.06908009016609891,uniform,2,availability,FLAIRax,1,-1
Ventriculomegaly,131,0.8811689711103297,0.4317229998278576,uniform,2,availability,FLAIRax,1,-1
Cerebellar degeneration,43,0.8954137069832312,0.31084084841686205,uniform,2,availability,FLAIRax,1,-1
Mega cisterna magna,23,0.7457089886968482,0.054400656193434746,uniform,2,availability,FLAIRax,1,-1
Structure of cave of septum pellucidum,22,0.6572633552014996,0.06012448354235932,uniform,2,availability,FLAIRax,1,-1
Cerebral infarction,42,0.9145014103202257,0.30701400079220437,uniform,2,availability,T2ax,1,-1
Demyelinating disease of central nervous system,21,0.6801739926739926,0.07061647407919835,uniform,2,availability,T2ax,1,-1
Lacunar infarct,21,0.916306907378336,0.14331000521797316,uniform,2,availability,T2ax,1,-1
Gliosis,451,0.7645777414711946,0.5837937596457589,uniform,2,availability,T2ax,1,-1
Cerebral atrophy,213,0.9417342663576396,0.7409240781851152,uniform,2,availability,T2ax,1,-1
Encephalomalacia,25,0.8804407713498622,0.15628608593033338,uniform,2,availability,T2ax,1,-1
Arachnoid cyst,69,0.691689311594203,0.1117615571512539,uniform,2,availability,T2ax,1,-1
Empty sella syndrome,82,0.6914590436226944,0.15403743048386637,uniform,2,availability,T2ax,1,-1
Cerebral edema,23,0.8193588900185395,0.17835364586473063,uniform,2,availability,T2ax,1,-1
Mastoiditis,23,0.6752586567789007,0.04445921029262377,uniform,2,availability,T2ax,1,-1
Chronic mastoiditis,37,0.7343093093093094,0.05611159796047397,uniform,2,availability,T2ax,1,-1
Ventriculomegaly,131,0.8479294034912606,0.42343454699546795,uniform,2,availability,T2ax,1,-1
Cerebellar degeneration,43,0.8764392981090461,0.3459732996194403,uniform,2,availability,T2ax,1,-1
Mega cisterna magna,23,0.7424795167753124,0.04681298531000659,uniform,2,availability,T2ax,1,-1
Structure of cave of septum pellucidum,22,0.6732583567635114,0.04916880338924634,uniform,2,availability,T2ax,1,-1
Cerebral infarction,42,0.9138377302140368,0.3682886960209008,uniform,2,availability,T1ax,1,-1
Demyelinating disease of central nervous system,21,0.6768707482993197,0.1310441001813507,uniform,2,availability,T1ax,1,-1
Lacunar infarct,21,0.898711407639979,0.16822109658292528,uniform,2,availability,T1ax,1,-1
Gliosis,451,0.7679879669610093,0.5958568333328802,uniform,2,availability,T1ax,1,-1
Cerebral atrophy,213,0.9419756938253997,0.7276699801173955,uniform,2,availability,T1ax,1,-1
Encephalomalacia,25,0.8797796143250689,0.17252446230772128,uniform,2,availability,T1ax,1,-1
Arachnoid cyst,69,0.6912467061923585,0.10398461457262473,uniform,2,availability,T1ax,1,-1
Empty sella syndrome,82,0.6953230177463066,0.14372615230547084,uniform,2,availability,T1ax,1,-1
Cerebral edema,23,0.7974702469947971,0.1366674684222023,uniform,2,availability,T1ax,1,-1
Mastoiditis,23,0.657406853657078,0.03481939595610487,uniform,2,availability,T1ax,1,-1
Chronic mastoiditis,37,0.7403903903903905,0.05575817341375237,uniform,2,availability,T1ax,1,-1
Ventriculomegaly,131,0.8664405703072717,0.4307126528002499,uniform,2,availability,T1ax,1,-1
Cerebellar degeneration,43,0.8996788946190523,0.35261144011343043,uniform,2,availability,T1ax,1,-1
Mega cisterna magna,23,0.7487291429938401,0.053677922290876603,uniform,2,availability,T1ax,1,-1
Structure of cave of septum pellucidum,22,0.6205873164636051,0.06542662502156005,uniform,2,availability,T1ax,1,-1
Cerebral infarction,42,0.924274099883856,0.3156792259222162,uniform,2,availability,FLAIRax+T2cor,2,-1
Demyelinating disease of central nervous system,21,0.6874018838304553,0.13624443671171682,uniform,2,availability,FLAIRax+T2cor,2,-1
Lacunar infarct,21,0.9161106750392465,0.12386590747232305,uniform,2,availability,FLAIRax+T2cor,2,-1
Gliosis,451,0.7683791271724519,0.6123724597316562,uniform,2,availability,FLAIRax+T2cor,2,-1
Cerebral atrophy,213,0.9527136447376241,0.7877910728139034,uniform,2,availability,FLAIRax+T2cor,2,-1
Encephalomalacia,25,0.8699449035812672,0.22651515741864311,uniform,2,availability,FLAIRax+T2cor,2,-1
Arachnoid cyst,69,0.6814888010540183,0.11002601050862952,uniform,2,availability,FLAIRax+T2cor,2,-1
Empty sella syndrome,82,0.6985488241979194,0.13657054676180364,uniform,2,availability,FLAIRax+T2cor,2,-1
Cerebral edema,23,0.8334429758985707,0.190810785163569,uniform,2,availability,FLAIRax+T2cor,2,-1
Mastoiditis,23,0.6393158303929192,0.04784965683686683,uniform,2,availability,FLAIRax+T2cor,2,-1
Chronic mastoiditis,37,0.7538288288288288,0.06175839270480883,uniform,2,availability,FLAIRax+T2cor,2,-1
Ventriculomegaly,131,0.8777605117793179,0.4401275137059976,uniform,2,availability,FLAIRax+T2cor,2,-1
Cerebellar degeneration,43,0.8982031072621712,0.334517652601329,uniform,2,availability,FLAIRax+T2cor,2,-1
Mega cisterna magna,23,0.719275162968722,0.040738190831905496,uniform,2,availability,FLAIRax+T2cor,2,-1
Structure of cave of septum pellucidum,22,0.6583567635114027,0.059118810095199474,uniform,2,availability,FLAIRax+T2cor,2,-1
Cerebral infarction,42,0.9241081798573088,0.30691615102783454,uniform,2,availability,T2ax+T2cor,2,-1
Demyelinating disease of central nervous system,21,0.7126177394034537,0.07942254583671438,uniform,2,availability,T2ax+T2cor,2,-1
Lacunar infarct,21,0.9201661433804291,0.14944261764831845,uniform,2,availability,T2ax+T2cor,2,-1
Gliosis,451,0.771104282015707,0.6050417755460353,uniform,2,availability,T2ax+T2cor,2,-1
Cerebral atrophy,213,0.9473613834908183,0.7605039824694028,uniform,2,availability,T2ax+T2cor,2,-1
Encephalomalacia,25,0.870358126721763,0.1903402917557271,uniform,2,availability,T2ax+T2cor,2,-1
Arachnoid cyst,69,0.6910562829380764,0.10486845699341275,uniform,2,availability,T2ax+T2cor,2,-1
Empty sella syndrome,82,0.6975434915639479,0.14389980382994144,uniform,2,availability,T2ax+T2cor,2,-1
Cerebral edema,23,0.8193289875007475,0.23226620061089204,uniform,2,availability,T2ax+T2cor,2,-1
Mastoiditis,23,0.6620118413970456,0.04548132487583429,uniform,2,availability,T2ax+T2cor,2,-1
Chronic mastoiditis,37,0.7464151651651652,0.05863298380894999,uniform,2,availability,T2ax+T2cor,2,-1
Ventriculomegaly,131,0.85847237503261,0.42389515335624345,uniform,2,availability,T2ax+T2cor,2,-1
Cerebellar degeneration,43,0.8835587557977361,0.3469789963589409,uniform,2,availability,T2ax+T2cor,2,-1
Mega cisterna magna,23,0.719633993182226,0.0372762398810186,uniform,2,availability,T2ax+T2cor,2,-1
Structure of cave of septum pellucidum,22,0.6691034051858795,0.04981725263514034,uniform,2,availability,T2ax+T2cor,2,-1
Cerebral infarction,42,0.915845362535258,0.3096479209084436,uniform,2,availability,T2ax+FLAIRax,2,-1
Demyelinating disease of central nervous system,21,0.6581959706959706,0.0822759692116817,uniform,2,availability,T2ax+FLAIRax,2,-1
Lacunar infarct,21,0.9142464678178963,0.12368323849906898,uniform,2,availability,T2ax+FLAIRax,2,-1
Gliosis,451,0.7664449371766446,0.5984478802426911,uniform,2,availability,T2ax+FLAIRax,2,-1
Cerebral atrophy,213,0.9515027931300886,0.7822021905950196,uniform,2,availability,T2ax+FLAIRax,2,-1
Encephalomalacia,25,0.8837190082644628,0.19265679275204786,uniform,2,availability,T2ax+FLAIRax,2,-1
Arachnoid cyst,69,0.6831665843214757,0.11317823451808598,uniform,2,availability,T2ax+FLAIRax,2,-1
Empty sella syndrome,82,0.6958038290060321,0.14356891062792548,uniform,2,availability,T2ax+FLAIRax,2,-1
Cerebral edema,23,0.8349381017881705,0.19805223466917013,uniform,2,availability,T2ax+FLAIRax,2,-1
Mastoiditis,23,0.65474552957359,0.04965366477324432,uniform,2,availability,T2ax+FLAIRax,2,-1
Chronic mastoiditis,37,0.7448010510510511,0.058595578510227044,uniform,2,availability,T2ax+FLAIRax,2,-1
Ventriculomegaly,131,0.8703934757211075,0.4415467634480512,uniform,2,availability,T2ax+FLAIRax,2,-1
Cerebellar degeneration,43,0.892072913625896,0.35503212701394105,uniform,2,availability,T2ax+FLAIRax,2,-1
Mega cisterna magna,23,0.7480114825668321,0.05163338514929903,uniform,2,availability,T2ax+FLAIRax,2,-1
Structure of cave of septum pellucidum,22,0.665167135270228,0.06039966781786861,uniform,2,availability,T2ax+FLAIRax,2,-1
Cerebral infarction,42,0.9244068359050938,0.36500247362720567,uniform,2,availability,T1ax+T2cor,2,-1
Demyelinating disease of central nervous system,21,0.7155285190999476,0.14224980491276656,uniform,2,availability,T1ax+T2cor,2,-1
Lacunar infarct,21,0.9112048665620094,0.15471424918250584,uniform,2,availability,T1ax+T2cor,2,-1
Gliosis,451,0.7743005579976054,0.6154741063089332,uniform,2,availability,T1ax+T2cor,2,-1
Cerebral atrophy,213,0.9504293694657395,0.768478930555141,uniform,2,availability,T1ax+T2cor,2,-1
Encephalomalacia,25,0.875702479338843,0.21134563264174855,uniform,2,availability,T1ax+T2cor,2,-1
Arachnoid cyst,69,0.6908041007905139,0.10636651247546523,uniform,2,availability,T1ax+T2cor,2,-1
Empty sella syndrome,82,0.6999737739312876,0.14897190799261203,uniform,2,availability,T1ax+T2cor,2,-1
Cerebral edema,23,0.81233179833742,0.1880573218375219,uniform,2,availability,T1ax+T2cor,2,-1
Mastoiditis,23,0.6659290712277974,0.039275915181922076,uniform,2,availability,T1ax+T2cor,2,-1
Chronic mastoiditis,37,0.7546546546546546,0.0595754434293494,uniform,2,availability,T1ax+T2cor,2,-1
Ventriculomegaly,131,0.8664632555607228,0.4325692777899437,uniform,2,availability,T1ax+T2cor,2,-1
Cerebellar degeneration,43,0.8955920988615353,0.339621514145068,uniform,2,availability,T1ax+T2cor,2,-1
Mega cisterna magna,23,0.7239399557442736,0.03887998179368788,uniform,2,availability,T1ax+T2cor,2,-1
Structure of cave of septum pellucidum,22,0.6468603561387066,0.05924935229931614,uniform,2,availability,T1ax+T2cor,2,-1
Cerebral infarction,42,0.9161772025883524,0.3528078641991381,uniform,2,availability,T1ax+FLAIRax,2,-1
Demyelinating disease of central nervous system,21,0.6559392987964416,0.14317153520427517,uniform,2,availability,T1ax+FLAIRax,2,-1
Lacunar infarct,21,0.9076399790685505,0.16253355334420014,uniform,2,availability,T1ax+FLAIRax,2,-1
Gliosis,451,0.7677394397548442,0.6014545208186302,uniform,2,availability,T1ax+FLAIRax,2,-1
Cerebral atrophy,213,0.9524833600760683,0.7789097778978884,uniform,2,availability,T1ax+FLAIRax,2,-1
Encephalomalacia,25,0.8874655647382921,0.20244167292748355,uniform,2,availability,T1ax+FLAIRax,2,-1
Arachnoid cyst,69,0.6829504281949934,0.11641736114291995,uniform,2,availability,T1ax+FLAIRax,2,-1
Empty sella syndrome,82,0.6988023428621383,0.13820120058231392,uniform,2,availability,T1ax+FLAIRax,2,-1
Cerebral edema,23,0.8291968183721069,0.16655416632247041,uniform,2,availability,T1ax+FLAIRax,2,-1
Mastoiditis,23,0.6383888523413672,0.03939735073845335,uniform,2,availability,T1ax+FLAIRax,2,-1
Chronic mastoiditis,37,0.75868993993994,0.06646636559620567,uniform,2,availability,T1ax+FLAIRax,2,-1
Ventriculomegaly,131,0.8790082007191226,0.44155873964238546,uniform,2,availability,T1ax+FLAIRax,2,-1
Cerebellar degeneration,43,0.9038143427070157,0.3587755186867721,uniform,2,availability,T1ax+FLAIRax,2,-1
Mega cisterna magna,23,0.7538424735362718,0.05517732498851447,uniform,2,availability,T1ax+FLAIRax,2,-1
Structure of cave of septum pellucidum,22,0.63864417369572,0.06927984062818282,uniform,2,availability,T1ax+FLAIRax,2,-1
Cerebral infarction,42,0.9183507549361208,0.34625244703340924,uniform,2,availability,T1ax+T2ax,2,-1
Demyelinating disease of central nervous system,21,0.6831828885400314,0.13622373067997667,uniform,2,availability,T1ax+T2ax,2,-1
Lacunar infarct,21,0.9120225013082156,0.1749427882690886,uniform,2,availability,T1ax+T2ax,2,-1
Gliosis,451,0.7717547749640176,0.6004892934608244,uniform,2,availability,T1ax+T2ax,2,-1
Cerebral atrophy,213,0.947301955191062,0.7545622485122988,uniform,2,availability,T1ax+T2ax,2,-1
Encephalomalacia,25,0.8876859504132231,0.18135818774179685,uniform,2,availability,T1ax+T2ax,2,-1
Arachnoid cyst,69,0.6972270256916996,0.11339153974242587,uniform,2,availability,T1ax+T2ax,2,-1
Empty sella syndrome,82,0.6941690707229653,0.1566215626066142,uniform,2,availability,T1ax+T2ax,2,-1
Cerebral edema,23,0.8182524968602357,0.17943874936863907,uniform,2,availability,T1ax+T2ax,2,-1
Mastoiditis,23,0.6757370970635727,0.04431475158206747,uniform,2,availability,T1ax+T2ax,2,-1
Chronic mastoiditis,37,0.7536599099099099,0.059111143507899436,uniform,2,availability,T1ax+T2ax,2,-1
Ventriculomegaly,131,0.8603949502625817,0.43444491071361935,uniform,2,availability,T1ax+T2ax,2,-1
Cerebellar degeneration,43,0.8902565599558885,0.3659729639794222,uniform,2,availability,T1ax+T2ax,2,-1
Mega cisterna magna,23,0.750254171401232,0.05004883573612757,uniform,2,availability,T1ax+T2ax,2,-1
Structure of cave of septum pellucidum,22,0.6541393314589191,0.056801908720194964,uniform,2,availability,T1ax+T2ax,2,-1
Cerebral infarction,42,0.9237597478015597,0.31745068656654984,uniform,2,availability,T2ax+FLAIRax+T2cor,3,-1
Demyelinating disease of central nervous system,21,0.6834118262689691,0.09408896159668782,uniform,2,availability,T2ax+FLAIRax+T2cor,3,-1
Lacunar infarct,21,0.9184981684981685,0.13415871125530732,uniform,2,availability,T2ax+FLAIRax+T2cor,3,-1
Gliosis,451,0.7709400379490239,0.6066048924890907,uniform,2,availability,T2ax+FLAIRax+T2cor,3,-1
Cerebral atrophy,213,0.9526690735128068,0.7830360433662209,uniform,2,availability,T2ax+FLAIRax+T2cor,3,-1
Encephalomalacia,25,0.8779889807162534,0.2262953161592462,uniform,2,availability,T2ax+FLAIRax+T2cor,3,-1
Arachnoid cyst,69,0.687788208168643,0.10785409851294431,uniform,2,availability,T2ax+FLAIRax+T2cor,3,-1
Empty sella syndrome,82,0.6984089518314538,0.14261012082595015,uniform,2,availability,T2ax+FLAIRax+T2cor,3,-1
Cerebral edema,23,0.8335027809341546,0.2021369601068439,uniform,2,availability,T2ax+FLAIRax+T2cor,3,-1
Mastoiditis,23,0.6508582022606303,0.04975024467068803,uniform,2,availability,T2ax+FLAIRax+T2cor,3,-1
Chronic mastoiditis,37,0.7505067567567568,0.05945324527689313,uniform,2,availability,T2ax+FLAIRax+T2cor,3,-1
Ventriculomegaly,131,0.8700475256059799,0.4431027669159614,uniform,2,availability,T2ax+FLAIRax+T2cor,3,-1
Cerebellar degeneration,43,0.8928026985825954,0.3574372711074267,uniform,2,availability,T2ax+FLAIRax+T2cor,3,-1
Mega cisterna magna,23,0.7302792895161773,0.042152843272711724,uniform,2,availability,T2ax+FLAIRax+T2cor,3,-1
Structure of cave of septum pellucidum,22,0.6655732583567635,0.06054413231303683,uniform,2,availability,T2ax+FLAIRax+T2cor,3,-1
Cerebral infarction,42,0.9236601957856313,0.3455021647934722,uniform,2,availability,T1ax+FLAIRax+T2cor,3,-1
Demyelinating disease of central nervous system,21,0.6879578754578753,0.14315247940668027,uniform,2,availability,T1ax+FLAIRax+T2cor,3,-1
Lacunar infarct,21,0.9131998953427524,0.14341932131478627,uniform,2,availability,T1ax+FLAIRax+T2cor,3,-1
Gliosis,451,0.7728655835202689,0.6145050371085237,uniform,2,availability,T1ax+FLAIRax+T2cor,3,-1
Cerebral atrophy,213,0.954340494443454,0.7845815713442184,uniform,2,availability,T1ax+FLAIRax+T2cor,3,-1
Encephalomalacia,25,0.8815702479338843,0.23720744771161964,uniform,2,availability,T1ax+FLAIRax+T2cor,3,-1
Arachnoid cyst,69,0.686810359025033,0.10740872571329971,uniform,2,availability,T1ax+FLAIRax+T2cor,3,-1
Empty sella syndrome,82,0.7012413672523822,0.14305799078144316,uniform,2,availability,T1ax+FLAIRax+T2cor,3,-1
Cerebral edema,23,0.8281203277315949,0.178836181981523,uniform,2,availability,T1ax+FLAIRax+T2cor,3,-1
Mastoiditis,23,0.6485557083906466,0.0411529103767244,uniform,2,availability,T1ax+FLAIRax+T2cor,3,-1
Chronic mastoiditis,37,0.7600412912912914,0.06216122716555446,uniform,2,availability,T1ax+FLAIRax+T2cor,3,-1
Ventriculomegaly,131,0.876473123645974,0.4461703169951555,uniform,2,availability,T1ax+FLAIRax+T2cor,3,-1
Cerebellar degeneration,43,0.9017222924978108,0.36251151685323624,uniform,2,availability,T1ax+FLAIRax+T2cor,3,-1
Mega cisterna magna,23,0.734645057113809,0.04311619200273207,uniform,2,availability,T1ax+FLAIRax+T2cor,3,-1
Structure of cave of septum pellucidum,22,0.648578569197126,0.06406974055257046,uniform,2,availability,T1ax+FLAIRax+T2cor,3,-1
Cerebral infarction,42,0.9242077318732371,0.34011718142940556,uniform,2,availability,T1ax+T2ax+T2cor,3,-1
Demyelinating disease of central nervous system,21,0.7060112506541077,0.12215946582870496,uniform,2,availability,T1ax+T2ax+T2cor,3,-1
Lacunar infarct,21,0.915914442700157,0.1563694040273145,uniform,2,availability,T1ax+T2ax+T2cor,3,-1
Gliosis,451,0.7744928964441159,0.6103060782193053,uniform,2,availability,T1ax+T2ax+T2cor,3,-1
Cerebral atrophy,213,0.9506113686337434,0.7686754080530827,uniform,2,availability,T1ax+T2ax+T2cor,3,-1
Encephalomalacia,25,0.880137741046832,0.2065792432469992,uniform,2,availability,T1ax+T2ax+T2cor,3,-1
Arachnoid cyst,69,0.6958477437417655,0.10879035418257851,uniform,2,availability,T1ax+T2ax+T2cor,3,-1
Empty sella syndrome,82,0.6981292070985227,0.15427387677099189,uniform,2,availability,T1ax+T2ax+T2cor,3,-1
Cerebral edema,23,0.8209138209437234,0.21505367093168232,uniform,2,availability,T1ax+T2ax+T2cor,3,-1
Mastoiditis,23,0.6684408827223253,0.041778722613683913,uniform,2,availability,T1ax+T2ax+T2cor,3,-1
Chronic mastoiditis,37,0.7554054054054055,0.05975074003580728,uniform,2,availability,T1ax+T2ax+T2cor,3,-1
Ventriculomegaly,131,0.8630037544094461,0.4367422839089044,uniform,2,availability,T1ax+T2ax+T2cor,3,-1
Cerebellar degeneration,43,0.8909214751386592,0.3608849110108552,uniform,2,availability,T1ax+T2ax+T2cor,3,-1
Mega cisterna magna,23,0.7356019376831529,0.041375740648445854,uniform,2,availability,T1ax+T2ax+T2cor,3,-1
Structure of cave of septum pellucidum,22,0.6587941268353639,0.05619933013900659,uniform,2,availability,T1ax+T2ax+T2cor,3,-1
Cerebral infarction,42,0.918284386925502,0.3441018192114311,uniform,2,availability,T1ax+T2ax+FLAIRax,3,-1
Demyelinating disease of central nervous system,21,0.6678767660910518,0.13771626731638445,uniform,2,availability,T1ax+T2ax+FLAIRax,3,-1
Lacunar infarct,21,0.9121533228676086,0.1631675923377741,uniform,2,availability,T1ax+T2ax+FLAIRax,3,-1
Gliosis,451,0.7705402333130189,0.6030053996897508,uniform,2,availability,T1ax+T2ax+FLAIRax,3,-1
Cerebral atrophy,213,0.9525836453319071,0.7774375425929335,uniform,2,availability,T1ax+T2ax+FLAIRax,3,-1
Encephalomalacia,25,0.8894490358126722,0.20758045974048603,uniform,2,availability,T1ax+T2ax+FLAIRax,3,-1
Arachnoid cyst,69,0.6887969367588934,0.11608364992573543,uniform,2,availability,T1ax+T2ax+FLAIRax,3,-1
Empty sella syndrome,82,0.6980243028236734,0.14824604713656173,uniform,2,availability,T1ax+T2ax+FLAIRax,3,-1
Cerebral edema,23,0.8307816518150828,0.18341664143334774,uniform,2,availability,T1ax+T2ax+FLAIRax,3,-1
Mastoiditis,23,0.6569583158901979,0.04747869379510487,uniform,2,availability,T1ax+T2ax+FLAIRax,3,-1
Chronic mastoiditis,37,0.7554617117117118,0.0606048932123069,uniform,2,availability,T1ax+T2ax+FLAIRax,3,-1
Ventriculomegaly,131,0.8710513480711862,0.4441451864410755,uniform,2,availability,T1ax+T2ax+FLAIRax,3,-1
Cerebellar degeneration,43,0.897959845609938,0.3721611884226805,uniform,2,availability,T1ax+T2ax+FLAIRax,3,-1
Mega cisterna magna,23,0.7509718318282399,0.0514989176981896,uniform,2,availability,T1ax+T2ax+FLAIRax,3,-1
Structure of cave of septum pellucidum,22,0.6549203373945642,0.06269605731195611,uniform,2,availability,T1ax+T2ax+FLAIRax,3,-1
Cerebral infarction,42,0.923261987721918,0.33580871216142755,uniform,2,availability,T1ax+T2ax+FLAIRax+T2cor,4,-1
Demyelinating disease of central nervous system,21,0.6867477760334902,0.1392762078970873,uniform,2,availability,T1ax+T2ax+FLAIRax+T2cor,4,-1
Lacunar infarct,21,0.9158817373103088,0.14938434810613044,uniform,2,availability,T1ax+T2ax+FLAIRax+T2cor,4,-1
Gliosis,451,0.7735722652282344,0.6105258870906838,uniform,2,availability,T1ax+T2ax+FLAIRax+T2cor,4,-1
Cerebral atrophy,213,0.9535790693528258,0.7817016498586663,uniform,2,availability,T1ax+T2ax+FLAIRax+T2cor,4,-1
Encephalomalacia,25,0.8832231404958678,0.2149551512354464,uniform,2,availability,T1ax+T2ax+FLAIRax+T2cor,4,-1
Arachnoid cyst,69,0.6910305500658762,0.1118455301710684,uniform,2,availability,T1ax+T2ax+FLAIRax+T2cor,4,-1
Empty sella syndrome,82,0.6995191887402745,0.14265171522624948,uniform,2,availability,T1ax+T2ax+FLAIRax+T2cor,4,-1
Cerebral edema,23,0.8304527241193709,0.1781837602342323,uniform,2,availability,T1ax+T2ax+FLAIRax+T2cor,4,-1
Mastoiditis,23,0.655433287482806,0.04245891856660761,uniform,2,availability,T1ax+T2ax+FLAIRax+T2cor,4,-1
Chronic mastoiditis,37,0.757150900900901,0.06090707920361182,uniform,2,availability,T1ax+T2ax+FLAIRax+T2cor,4,-1
Ventriculomegaly,131,0.8713349137393237,0.44710077668992965,uniform,2,availability,T1ax+T2ax+FLAIRax+T2cor,4,-1
Cerebellar degeneration,43,0.8964191884791282,0.3731450078133602,uniform,2,availability,T1ax+T2ax+FLAIRax+T2cor,4,-1
Mega cisterna magna,23,0.7388314096046887,0.04414472294347623,uniform,2,availability,T1ax+T2ax+FLAIRax+T2cor,4,-1
Structure of cave of septum pellucidum,22,0.6583567635114027,0.06170721132203125,uniform,2,availability,T1ax+T2ax+FLAIRax+T2cor,4,-1
Cerebral infarction,42,0.9138377302140368,0.3682886960209008,uniform,2,budget,all4,1,1
Demyelinating disease of central nervous system,21,0.6768707482993197,0.1310441001813507,uniform,2,budget,all4,1,1
Lacunar infarct,21,0.898711407639979,0.16822109658292528,uniform,2,budget,all4,1,1
Gliosis,451,0.7679879669610093,0.5958568333328802,uniform,2,budget,all4,1,1
Cerebral atrophy,213,0.9419756938253997,0.7276699801173955,uniform,2,budget,all4,1,1
Encephalomalacia,25,0.8797796143250689,0.17252446230772128,uniform,2,budget,all4,1,1
Arachnoid cyst,69,0.6912467061923585,0.10398461457262473,uniform,2,budget,all4,1,1
Empty sella syndrome,82,0.6953230177463066,0.14372615230547084,uniform,2,budget,all4,1,1
Cerebral edema,23,0.7974702469947971,0.1366674684222023,uniform,2,budget,all4,1,1
Mastoiditis,23,0.657406853657078,0.03481939595610487,uniform,2,budget,all4,1,1
Chronic mastoiditis,37,0.7403903903903905,0.05575817341375237,uniform,2,budget,all4,1,1
Ventriculomegaly,131,0.8664405703072717,0.4307126528002499,uniform,2,budget,all4,1,1
Cerebellar degeneration,43,0.8996788946190523,0.35261144011343043,uniform,2,budget,all4,1,1
Mega cisterna magna,23,0.7487291429938401,0.053677922290876603,uniform,2,budget,all4,1,1
Structure of cave of septum pellucidum,22,0.6205873164636051,0.06542662502156005,uniform,2,budget,all4,1,1
Cerebral infarction,42,0.9183507549361208,0.34625244703340924,uniform,2,budget,all4,2,2
Demyelinating disease of central nervous system,21,0.6831828885400314,0.13622373067997667,uniform,2,budget,all4,2,2
Lacunar infarct,21,0.9120225013082156,0.1749427882690886,uniform,2,budget,all4,2,2
Gliosis,451,0.7717547749640176,0.6004892934608244,uniform,2,budget,all4,2,2
Cerebral atrophy,213,0.947301955191062,0.7545622485122988,uniform,2,budget,all4,2,2
Encephalomalacia,25,0.8876859504132231,0.18135818774179685,uniform,2,budget,all4,2,2
Arachnoid cyst,69,0.6972270256916996,0.11339153974242587,uniform,2,budget,all4,2,2
Empty sella syndrome,82,0.6941690707229653,0.1566215626066142,uniform,2,budget,all4,2,2
Cerebral edema,23,0.8182524968602357,0.17943874936863907,uniform,2,budget,all4,2,2
Mastoiditis,23,0.6757370970635727,0.04431475158206747,uniform,2,budget,all4,2,2
Chronic mastoiditis,37,0.7536599099099099,0.059111143507899436,uniform,2,budget,all4,2,2
Ventriculomegaly,131,0.8603949502625817,0.43444491071361935,uniform,2,budget,all4,2,2
Cerebellar degeneration,43,0.8902565599558885,0.3659729639794222,uniform,2,budget,all4,2,2
Mega cisterna magna,23,0.750254171401232,0.05004883573612757,uniform,2,budget,all4,2,2
Structure of cave of septum pellucidum,22,0.6541393314589191,0.056801908720194964,uniform,2,budget,all4,2,2
Cerebral infarction,42,0.918284386925502,0.3441018192114311,uniform,2,budget,all4,3,3
Demyelinating disease of central nervous system,21,0.6678767660910518,0.13771626731638445,uniform,2,budget,all4,3,3
Lacunar infarct,21,0.9121533228676086,0.1631675923377741,uniform,2,budget,all4,3,3
Gliosis,451,0.7705402333130189,0.6030053996897508,uniform,2,budget,all4,3,3
Cerebral atrophy,213,0.9525836453319071,0.7774375425929335,uniform,2,budget,all4,3,3
Encephalomalacia,25,0.8894490358126722,0.20758045974048603,uniform,2,budget,all4,3,3
Arachnoid cyst,69,0.6887969367588934,0.11608364992573543,uniform,2,budget,all4,3,3
Empty sella syndrome,82,0.6980243028236734,0.14824604713656173,uniform,2,budget,all4,3,3
Cerebral edema,23,0.8307816518150828,0.18341664143334774,uniform,2,budget,all4,3,3
Mastoiditis,23,0.6569583158901979,0.04747869379510487,uniform,2,budget,all4,3,3
Chronic mastoiditis,37,0.7554617117117118,0.0606048932123069,uniform,2,budget,all4,3,3
Ventriculomegaly,131,0.8710513480711862,0.4441451864410755,uniform,2,budget,all4,3,3
Cerebellar degeneration,43,0.897959845609938,0.3721611884226805,uniform,2,budget,all4,3,3
Mega cisterna magna,23,0.7509718318282399,0.0514989176981896,uniform,2,budget,all4,3,3
Structure of cave of septum pellucidum,22,0.6549203373945642,0.06269605731195611,uniform,2,budget,all4,3,3
Cerebral infarction,42,0.923261987721918,0.33580871216142755,uniform,2,budget,all4,4,4
Demyelinating disease of central nervous system,21,0.6867477760334902,0.1392762078970873,uniform,2,budget,all4,4,4
Lacunar infarct,21,0.9158817373103088,0.14938434810613044,uniform,2,budget,all4,4,4
Gliosis,451,0.7735722652282344,0.6105258870906838,uniform,2,budget,all4,4,4
Cerebral atrophy,213,0.9535790693528258,0.7817016498586663,uniform,2,budget,all4,4,4
Encephalomalacia,25,0.8832231404958678,0.2149551512354464,uniform,2,budget,all4,4,4
Arachnoid cyst,69,0.6910305500658762,0.1118455301710684,uniform,2,budget,all4,4,4
Empty sella syndrome,82,0.6995191887402745,0.14265171522624948,uniform,2,budget,all4,4,4
Cerebral edema,23,0.8304527241193709,0.1781837602342323,uniform,2,budget,all4,4,4
Mastoiditis,23,0.655433287482806,0.04245891856660761,uniform,2,budget,all4,4,4
Chronic mastoiditis,37,0.757150900900901,0.06090707920361182,uniform,2,budget,all4,4,4
Ventriculomegaly,131,0.8713349137393237,0.44710077668992965,uniform,2,budget,all4,4,4
Cerebellar degeneration,43,0.8964191884791282,0.3731450078133602,uniform,2,budget,all4,4,4
Mega cisterna magna,23,0.7388314096046887,0.04414472294347623,uniform,2,budget,all4,4,4
Structure of cave of septum pellucidum,22,0.6583567635114027,0.06170721132203125,uniform,2,budget,all4,4,4
Cerebral infarction,42,0.9155798904927825,0.2614900315573163,patient,2,availability,T2cor,1,-1
Demyelinating disease of central nervous system,21,0.7208922030350602,0.11269218150396211,patient,2,availability,T2cor,1,-1
Lacunar infarct,21,0.909962061747776,0.1393355186325945,patient,2,availability,T2cor,1,-1
Gliosis,451,0.761457104204216,0.6092887759613452,patient,2,availability,T2cor,1,-1
Cerebral atrophy,213,0.9386959945325964,0.73190154337263,patient,2,availability,T2cor,1,-1
Encephalomalacia,25,0.8443526170798898,0.15943608070366336,patient,2,availability,T2cor,1,-1
Arachnoid cyst,69,0.6951272233201581,0.10306625458099385,patient,2,availability,T2cor,1,-1
Empty sella syndrome,82,0.6924031820963371,0.14094605829379495,patient,2,availability,T2cor,1,-1
Cerebral edema,23,0.797858979726093,0.16455603398855845,patient,2,availability,T2cor,1,-1
Mastoiditis,23,0.6344716225106154,0.03153089593657118,patient,2,availability,T2cor,1,-1
Chronic mastoiditis,37,0.7143018018018018,0.05266376342833567,patient,2,availability,T2cor,1,-1
Ventriculomegaly,131,0.8607012011841702,0.417492322186416,patient,2,availability,T2cor,1,-1
Cerebellar degeneration,43,0.8780772599007491,0.31155844461626553,patient,2,availability,T2cor,1,-1
Mega cisterna magna,23,0.6756473895101968,0.03357252259771597,patient,2,availability,T2cor,1,-1
Structure of cave of septum pellucidum,22,0.6845985629490785,0.05218526057761285,patient,2,availability,T2cor,1,-1
Cerebral infarction,42,0.9075493612078978,0.23738284693445985,patient,2,availability,FLAIRax,1,-1
Demyelinating disease of central nervous system,21,0.6452119309262166,0.06829032366697331,patient,2,availability,FLAIRax,1,-1
Lacunar infarct,21,0.8994963369963369,0.09287774410976535,patient,2,availability,FLAIRax,1,-1
Gliosis,451,0.7601409905646106,0.5990352067564075,patient,2,availability,FLAIRax,1,-1
Cerebral atrophy,213,0.9527842158435846,0.7927528708744784,patient,2,availability,FLAIRax,1,-1
Encephalomalacia,25,0.8721487603305785,0.20091460185002583,patient,2,availability,FLAIRax,1,-1
Arachnoid cyst,69,0.6937376482213439,0.1315355509565885,patient,2,availability,FLAIRax,1,-1
Empty sella syndrome,82,0.6965119328612641,0.14121179747570026,patient,2,availability,FLAIRax,1,-1
Cerebral edema,23,0.8450152502840739,0.19133721367564652,patient,2,availability,FLAIRax,1,-1
Mastoiditis,23,0.6310926380001196,0.046297531441855055,patient,2,availability,FLAIRax,1,-1
Chronic mastoiditis,37,0.7460022522522523,0.062131807469312454,patient,2,availability,FLAIRax,1,-1
Ventriculomegaly,131,0.883125574220478,0.423750391341933,patient,2,availability,FLAIRax,1,-1
Cerebellar degeneration,43,0.9004573319061983,0.34989106484960547,patient,2,availability,FLAIRax,1,-1
Mega cisterna magna,23,0.7529154954847198,0.060562539797709036,patient,2,availability,FLAIRax,1,-1
Structure of cave of septum pellucidum,22,0.6606373008434865,0.05234965086053526,patient,2,availability,FLAIRax,1,-1
Cerebral infarction,42,0.9094242575078811,0.30452817924682285,patient,2,availability,T2ax,1,-1
Demyelinating disease of central nervous system,21,0.6924058084772371,0.0759792688711331,patient,2,availability,T2ax,1,-1
Lacunar infarct,21,0.9180729984301412,0.14062009742016074,patient,2,availability,T2ax,1,-1
Gliosis,451,0.7643270531588888,0.5887862538619415,patient,2,availability,T2ax,1,-1
Cerebral atrophy,213,0.9426851191537409,0.7476969281219289,patient,2,availability,T2ax,1,-1
Encephalomalacia,25,0.8793663911845729,0.14340035795060813,patient,2,availability,T2ax,1,-1
Arachnoid cyst,69,0.7123991271409751,0.12436097480404366,patient,2,availability,T2ax,1,-1
Empty sella syndrome,82,0.6994579945799458,0.15589367234754467,patient,2,availability,T2ax,1,-1
Cerebral edema,23,0.8209437234615156,0.16922693239108086,patient,2,availability,T2ax,1,-1
Mastoiditis,23,0.6686502003468693,0.04152067583762226,patient,2,availability,T2ax,1,-1
Chronic mastoiditis,37,0.7216403903903904,0.05436514603785063,patient,2,availability,T2ax,1,-1
Ventriculomegaly,131,0.8560110250331772,0.4336518197461114,patient,2,availability,T2ax,1,-1
Cerebellar degeneration,43,0.8710551068729525,0.3601867399383126,patient,2,availability,T2ax,1,-1
Mega cisterna magna,23,0.7501943663656481,0.05626530370921194,patient,2,availability,T2ax,1,-1
Structure of cave of septum pellucidum,22,0.6718837863167759,0.048543665248556085,patient,2,availability,T2ax,1,-1
Cerebral infarction,42,0.9016094242575079,0.3726484748959645,patient,2,availability,T1ax,1,-1
Demyelinating disease of central nervous system,21,0.6662742019884877,0.05051900114687906,patient,2,availability,T1ax,1,-1
Lacunar infarct,21,0.8944597069597069,0.1377157444539341,patient,2,availability,T1ax,1,-1
Gliosis,451,0.757908567921405,0.5825881253338643,patient,2,availability,T1ax,1,-1
Cerebral atrophy,213,0.9368685743150889,0.7223418626060369,patient,2,availability,T1ax,1,-1
Encephalomalacia,25,0.8785674931129477,0.18685961663525677,patient,2,availability,T1ax,1,-1
Arachnoid cyst,69,0.6958786231884058,0.10639432178751701,patient,2,availability,T1ax,1,-1
Empty sella syndrome,82,0.6956464725937581,0.14528800916929005,patient,2,availability,T1ax,1,-1
Cerebral edema,23,0.7982178099395969,0.13859590809320413,patient,2,availability,T1ax,1,-1
Mastoiditis,23,0.6330063991388075,0.03625842997728798,patient,2,availability,T1ax,1,-1
Chronic mastoiditis,37,0.7383070570570571,0.06266698529367505,patient,2,availability,T1ax,1,-1
Ventriculomegaly,131,0.8629527125891814,0.4227704112145463,patient,2,availability,T1ax,1,-1
Cerebellar degeneration,43,0.8984788038013688,0.385437977414424,patient,2,availability,T1ax,1,-1
Mega cisterna magna,23,0.7297709467137132,0.04871727985342706,patient,2,availability,T1ax,1,-1
Structure of cave of septum pellucidum,22,0.6322086847860043,0.0549477805638038,patient,2,availability,T1ax,1,-1
Cerebral infarction,42,0.9148166583706654,0.26837937673214624,patient,2,availability,FLAIRax+T2cor,2,-1
Demyelinating disease of central nervous system,21,0.6641483516483517,0.129437624477438,patient,2,availability,FLAIRax+T2cor,2,-1
Lacunar infarct,21,0.9050889586603872,0.10691962492967225,patient,2,availability,FLAIRax+T2cor,2,-1
Gliosis,451,0.7670176303038947,0.6082833742306782,patient,2,availability,FLAIRax+T2cor,2,-1
Cerebral atrophy,213,0.9551910619837167,0.7936709538517667,patient,2,availability,FLAIRax+T2cor,2,-1
Encephalomalacia,25,0.8738567493112948,0.19784157279441575,patient,2,availability,FLAIRax+T2cor,2,-1
Arachnoid cyst,69,0.6992547760210803,0.12619071259569267,patient,2,availability,FLAIRax+T2cor,2,-1
Empty sella syndrome,82,0.6974385872890987,0.1422267246914485,patient,2,availability,FLAIRax+T2cor,2,-1
Cerebral edema,23,0.8473476466718497,0.19222026787332724,patient,2,availability,FLAIRax+T2cor,2,-1
Mastoiditis,23,0.6357275282578794,0.03790156781148352,patient,2,availability,FLAIRax+T2cor,2,-1
Chronic mastoiditis,37,0.7483483483483484,0.05803734951299487,patient,2,availability,FLAIRax+T2cor,2,-1
Ventriculomegaly,131,0.8831482594739288,0.43769278928042815,patient,2,availability,FLAIRax+T2cor,2,-1
Cerebellar degeneration,43,0.9055009568291654,0.34867376208681017,patient,2,availability,FLAIRax+T2cor,2,-1
Mega cisterna magna,23,0.7420309790084324,0.05156827325429989,patient,2,availability,FLAIRax+T2cor,2,-1
Structure of cave of septum pellucidum,22,0.6759762574195564,0.05533265183184696,patient,2,availability,FLAIRax+T2cor,2,-1
Cerebral infarction,42,0.9167247386759583,0.318957272022508,patient,2,availability,T2ax+T2cor,2,-1
Demyelinating disease of central nervous system,21,0.7031658817373103,0.08239762113246887,patient,2,availability,T2ax+T2cor,2,-1
Lacunar infarct,21,0.9189887493458921,0.14621977684882992,patient,2,availability,T2ax+T2cor,2,-1
Gliosis,451,0.7686795209259908,0.6021928785998606,patient,2,availability,T2ax+T2cor,2,-1
Cerebral atrophy,213,0.9470159564984846,0.7652236147006399,patient,2,availability,T2ax+T2cor,2,-1
Encephalomalacia,25,0.8734435261707988,0.17152126422558223,patient,2,availability,T2ax+T2cor,2,-1
Arachnoid cyst,69,0.7142724802371543,0.12117985447929133,patient,2,availability,T2ax+T2cor,2,-1
Empty sella syndrome,82,0.700611941603287,0.1497111531498576,patient,2,availability,T2ax+T2cor,2,-1
Cerebral edema,23,0.8246516356677233,0.1834286588839741,patient,2,availability,T2ax+T2cor,2,-1
Mastoiditis,23,0.6623108665749656,0.03934895957310941,patient,2,availability,T2ax+T2cor,2,-1
Chronic mastoiditis,37,0.7283033033033033,0.054028865169878544,patient,2,availability,T2ax+T2cor,2,-1
Ventriculomegaly,131,0.8619091909304356,0.43151062376339994,patient,2,availability,T2ax+T2cor,2,-1
Cerebellar degeneration,43,0.8758554701436866,0.3778220705415216,patient,2,availability,T2ax+T2cor,2,-1
Mega cisterna magna,23,0.734047006757969,0.04626630599317383,patient,2,availability,T2ax+T2cor,2,-1
Structure of cave of septum pellucidum,22,0.6795376444860981,0.05242142969452753,patient,2,availability,T2ax+T2cor,2,-1
Cerebral infarction,42,0.9113655218184835,0.2957251606470225,patient,2,availability,T2ax+FLAIRax,2,-1
Demyelinating disease of central nervous system,21,0.6663396127681842,0.08582291171169257,patient,2,availability,T2ax+FLAIRax,2,-1
Lacunar infarct,21,0.9104199372056514,0.1158939284838531,patient,2,availability,T2ax+FLAIRax,2,-1
Gliosis,451,0.7681867887259415,0.6019198792284745,patient,2,availability,T2ax+FLAIRax,2,-1
Cerebral atrophy,213,0.9546636358233791,0.7950598272076593,patient,2,availability,T2ax+FLAIRax,2,-1
Encephalomalacia,25,0.8810468319559228,0.16286921825042772,patient,2,availability,T2ax+FLAIRax,2,-1
Arachnoid cyst,69,0.7039587450592886,0.12474059915486489,patient,2,availability,T2ax+FLAIRax,2,-1
Empty sella syndrome,82,0.7014249497333683,0.15310121124970738,patient,2,availability,T2ax+FLAIRax,2,-1
Cerebral edema,23,0.8374200107649065,0.18695522196482395,patient,2,availability,T2ax+FLAIRax,2,-1
Mastoiditis,23,0.6560612403564381,0.041895271348513445,patient,2,availability,T2ax+FLAIRax,2,-1
Chronic mastoiditis,37,0.7416103603603604,0.057642149606146484,patient,2,availability,T2ax+FLAIRax,2,-1
Ventriculomegaly,131,0.8786509079772694,0.44498852256383775,patient,2,availability,T2ax+FLAIRax,2,-1
Cerebellar degeneration,43,0.8948136615743895,0.3762302468579698,patient,2,availability,T2ax+FLAIRax,2,-1
Mega cisterna magna,23,0.7564439925841756,0.05831463639070068,patient,2,availability,T2ax+FLAIRax,2,-1
Structure of cave of septum pellucidum,22,0.6742268041237114,0.0550145291514633,patient,2,availability,T2ax+FLAIRax,2,-1
Cerebral infarction,42,0.9170399867263977,0.37203432538935943,patient,2,availability,T1ax+T2cor,2,-1
Demyelinating disease of central nervous system,21,0.7091509680795395,0.1255522782490778,patient,2,availability,T1ax+T2cor,2,-1
Lacunar infarct,21,0.9050235478806906,0.15011154622216208,patient,2,availability,T1ax+T2cor,2,-1
Gliosis,451,0.7704040836261632,0.6111375968457463,patient,2,availability,T1ax+T2cor,2,-1
Cerebral atrophy,213,0.9499242289178107,0.7748216355896415,patient,2,availability,T1ax+T2cor,2,-1
Encephalomalacia,25,0.8724517906336088,0.19808793625059437,patient,2,availability,T1ax+T2cor,2,-1
Arachnoid cyst,69,0.7017663043478262,0.10778024215283288,patient,2,availability,T1ax+T2cor,2,-1
Empty sella syndrome,82,0.7012588512981905,0.15119102857356148,patient,2,availability,T1ax+T2cor,2,-1
Cerebral edema,23,0.813408288977932,0.16644962248167222,patient,2,availability,T1ax+T2cor,2,-1
Mastoiditis,23,0.6556725076251421,0.034695836840159505,patient,2,availability,T1ax+T2cor,2,-1
Chronic mastoiditis,37,0.7440503003003003,0.057518945180196464,patient,2,availability,T1ax+T2cor,2,-1
Ventriculomegaly,131,0.8680909224958315,0.43717378537639134,patient,2,availability,T1ax+T2cor,2,-1
Cerebellar degeneration,43,0.8941000940611722,0.39594520578325265,patient,2,availability,T1ax+T2cor,2,-1
Mega cisterna magna,23,0.7173015967944502,0.039775114278186516,patient,2,availability,T1ax+T2cor,2,-1
Structure of cave of septum pellucidum,22,0.6574195563886285,0.06059397602852111,patient,2,availability,T1ax+T2cor,2,-1
Cerebral infarction,42,0.911332337813174,0.3451293442387639,patient,2,availability,T1ax+FLAIRax,2,-1
Demyelinating disease of central nervous system,21,0.655448717948718,0.07819693151024015,patient,2,availability,T1ax+FLAIRax,2,-1
Lacunar infarct,21,0.9029958137100994,0.11680146432423018,patient,2,availability,T1ax+FLAIRax,2,-1
Gliosis,451,0.7641239091816756,0.6005285020050481,patient,2,availability,T1ax+FLAIRax,2,-1
Cerebral atrophy,213,0.9554844892137636,0.7917942552830175,patient,2,availability,T1ax+FLAIRax,2,-1
Encephalomalacia,25,0.8790082644628099,0.19483341869141238,patient,2,availability,T1ax+FLAIRax,2,-1
Arachnoid cyst,69,0.698050477602108,0.12405027200114659,patient,2,availability,T1ax+FLAIRax,2,-1
Empty sella syndrome,82,0.6997027712212605,0.14254125130797463,patient,2,availability,T1ax+FLAIRax,2,-1
Cerebral edema,23,0.8388852341367143,0.1647175751727991,patient,2,availability,T1ax+FLAIRax,2,-1
Mastoiditis,23,0.6309431254111597,0.040834751445278705,patient,2,availability,T1ax+FLAIRax,2,-1
Chronic mastoiditis,37,0.758445945945946,0.06906492819175744,patient,2,availability,T1ax+FLAIRax,2,-1
Ventriculomegaly,131,0.8848156256025772,0.4343388592766368,patient,2,availability,T1ax+FLAIRax,2,-1
Cerebellar degeneration,43,0.9056306963770231,0.3910597612893182,patient,2,availability,T1ax+FLAIRax,2,-1
Mega cisterna magna,23,0.750702709168112,0.05917725519334635,patient,2,availability,T1ax+FLAIRax,2,-1
Structure of cave of septum pellucidum,22,0.6555451421430802,0.05275084166607289,patient,2,availability,T1ax+FLAIRax,2,-1
Cerebral infarction,42,0.9120457939273271,0.35318392230772105,patient,2,availability,T1ax+T2ax,2,-1
Demyelinating disease of central nervous system,21,0.6892660910518054,0.07388937345902655,patient,2,availability,T1ax+T2ax,2,-1
Lacunar infarct,21,0.9161760858189429,0.14840658133264217,patient,2,availability,T1ax+T2ax,2,-1
Gliosis,451,0.767765373028531,0.59479945944341,patient,2,availability,T1ax+T2ax,2,-1
Cerebral atrophy,213,0.9469713852736673,0.7630883050320317,patient,2,availability,T1ax+T2ax,2,-1
Encephalomalacia,25,0.8854545454545454,0.1642816842103867,patient,2,availability,T1ax+T2ax,2,-1
Arachnoid cyst,69,0.7113698122529645,0.1272194651944233,patient,2,availability,T1ax+T2ax,2,-1
Empty sella syndrome,82,0.6997202552670688,0.15893660334254905,patient,2,availability,T1ax+T2ax,2,-1
Cerebral edema,23,0.8193887925363316,0.15689751754115328,patient,2,availability,T1ax+T2ax,2,-1
Mastoiditis,23,0.6676335147419412,0.04194826753748433,patient,2,availability,T1ax+T2ax,2,-1
Chronic mastoiditis,37,0.7387762762762763,0.057948458345067066,patient,2,availability,T1ax+T2ax,2,-1
Ventriculomegaly,131,0.8624876648934359,0.4364167835412621,patient,2,availability,T1ax+T2ax,2,-1
Cerebellar degeneration,43,0.8812883137102268,0.3905476861757454,patient,2,availability,T1ax+T2ax,2,-1
Mega cisterna magna,23,0.7458285987680163,0.05357222198327329,patient,2,availability,T1ax+T2ax,2,-1
Structure of cave of septum pellucidum,22,0.6669478288034989,0.051075201273235005,patient,2,availability,T1ax+T2ax,2,-1
Cerebral infarction,42,0.9154471544715447,0.2911807542443175,patient,2,availability,T2ax+FLAIRax+T2cor,3,-1
Demyelinating disease of central nervous system,21,0.6753990057561486,0.08925889178286897,patient,2,availability,T2ax+FLAIRax+T2cor,3,-1
Lacunar infarct,21,0.912349555206698,0.12306078654832124,patient,2,availability,T2ax+FLAIRax+T2cor,3,-1
Gliosis,451,0.7703522170787896,0.6082297822812802,patient,2,availability,T2ax+FLAIRax+T2cor,3,-1
Cerebral atrophy,213,0.9551762049087776,0.7943012328611596,patient,2,availability,T2ax+FLAIRax+T2cor,3,-1
Encephalomalacia,25,0.8796418732782368,0.16996836996741882,patient,2,availability,T2ax+FLAIRax+T2cor,3,-1
Arachnoid cyst,69,0.7067584815546771,0.12278616117984009,patient,2,availability,T2ax+FLAIRax+T2cor,3,-1
Empty sella syndrome,82,0.7010315587026839,0.1489618969562253,patient,2,availability,T2ax+FLAIRax+T2cor,3,-1
Cerebral edema,23,0.8391244542790502,0.18945133920316273,patient,2,availability,T2ax+FLAIRax+T2cor,3,-1
Mastoiditis,23,0.6543866993600862,0.040930390936963996,patient,2,availability,T2ax+FLAIRax+T2cor,3,-1
Chronic mastoiditis,37,0.7425863363363363,0.05723027148569125,patient,2,availability,T2ax+FLAIRax+T2cor,3,-1
Ventriculomegaly,131,0.8784013701893084,0.4419912084139203,patient,2,availability,T2ax+FLAIRax+T2cor,3,-1
Cerebellar degeneration,43,0.8958515779572508,0.3725488687298189,patient,2,availability,T2ax+FLAIRax+T2cor,3,-1
Mega cisterna magna,23,0.748340410262544,0.05326566595973018,patient,2,availability,T2ax+FLAIRax+T2cor,3,-1
Structure of cave of septum pellucidum,22,0.6782880349890659,0.05699261838313964,patient,2,availability,T2ax+FLAIRax+T2cor,3,-1
Cerebral infarction,42,0.9166915546706488,0.32589210323061524,patient,2,availability,T1ax+FLAIRax+T2cor,3,-1
Demyelinating disease of central nervous system,21,0.670689429618001,0.14550943001029526,patient,2,availability,T1ax+FLAIRax+T2cor,3,-1
Lacunar infarct,21,0.9067242281527995,0.11899594702088974,patient,2,availability,T1ax+FLAIRax+T2cor,3,-1
Gliosis,451,0.7688956315400475,0.6080966234120727,patient,2,availability,T1ax+FLAIRax+T2cor,3,-1
Cerebral atrophy,213,0.9566693409401557,0.7945376758583962,patient,2,availability,T1ax+FLAIRax+T2cor,3,-1
Encephalomalacia,25,0.879504132231405,0.21469656616738766,patient,2,availability,T1ax+FLAIRax+T2cor,3,-1
Arachnoid cyst,69,0.700592885375494,0.12090275902192144,patient,2,availability,T1ax+FLAIRax+T2cor,3,-1
Empty sella syndrome,82,0.7004021330535886,0.14341426330395268,patient,2,availability,T1ax+FLAIRax+T2cor,3,-1
Cerebral edema,23,0.8396028945637223,0.17603198863583971,patient,2,availability,T1ax+FLAIRax+T2cor,3,-1
Mastoiditis,23,0.6380898271634472,0.03901874518773289,patient,2,availability,T1ax+FLAIRax+T2cor,3,-1
Chronic mastoiditis,37,0.7556118618618618,0.0635150495164814,patient,2,availability,T1ax+FLAIRax+T2cor,3,-1
Ventriculomegaly,131,0.8837777752571941,0.44190755881400684,patient,2,availability,T1ax+FLAIRax+T2cor,3,-1
Cerebellar degeneration,43,0.9065713080989912,0.37929937787907825,patient,2,availability,T1ax+FLAIRax+T2cor,3,-1
Mega cisterna magna,23,0.7428682495066085,0.051606222816267096,patient,2,availability,T1ax+FLAIRax+T2cor,3,-1
Structure of cave of septum pellucidum,22,0.6668853483286472,0.055804798580121176,patient,2,availability,T1ax+FLAIRax+T2cor,3,-1
Cerebral infarction,42,0.9177866268458603,0.3485643759305952,patient,2,availability,T1ax+T2ax+T2cor,3,-1
Demyelinating disease of central nervous system,21,0.6989468864468865,0.09258459364509668,patient,2,availability,T1ax+T2ax+T2cor,3,-1
Lacunar infarct,21,0.9175170068027211,0.1457569952135697,patient,2,availability,T1ax+T2ax+T2cor,3,-1
Gliosis,451,0.770909782463056,0.6055171247240133,patient,2,availability,T1ax+T2ax+T2cor,3,-1
Cerebral atrophy,213,0.9498239436619719,0.7727493544911844,patient,2,availability,T1ax+T2ax+T2cor,3,-1
Encephalomalacia,25,0.881404958677686,0.18796472148621277,patient,2,availability,T1ax+T2ax+T2cor,3,-1
Arachnoid cyst,69,0.713366683135705,0.12156591520886421,patient,2,availability,T1ax+T2ax+T2cor,3,-1
Empty sella syndrome,82,0.7007605559926566,0.1541257602580888,patient,2,availability,T1ax+T2ax+T2cor,3,-1
Cerebral edema,23,0.8225883619400753,0.1621272352634401,patient,2,availability,T1ax+T2ax+T2cor,3,-1
Mastoiditis,23,0.6645834579271575,0.04084154044091199,patient,2,availability,T1ax+T2ax+T2cor,3,-1
Chronic mastoiditis,37,0.7402777777777778,0.05756820468483843,patient,2,availability,T1ax+T2ax+T2cor,3,-1
Ventriculomegaly,131,0.8645747082109275,0.43512624538421885,patient,2,availability,T1ax+T2ax+T2cor,3,-1
Cerebellar degeneration,43,0.8830073627193409,0.3905035879172901,patient,2,availability,T1ax+T2ax+T2cor,3,-1
Mega cisterna magna,23,0.7375456013396329,0.0483504504198221,patient,2,availability,T1ax+T2ax+T2cor,3,-1
Structure of cave of septum pellucidum,22,0.6733520774757888,0.06214458750713845,patient,2,availability,T1ax+T2ax+T2cor,3,-1
Cerebral infarction,42,0.9127758420441348,0.3273948770814975,patient,2,availability,T1ax+T2ax+FLAIRax,3,-1
Demyelinating disease of central nervous system,21,0.6689233385661957,0.0860240294299814,patient,2,availability,T1ax+T2ax+FLAIRax,3,-1
Lacunar infarct,21,0.9108124018838304,0.12497334211990928,patient,2,availability,T1ax+T2ax+FLAIRax,3,-1
Gliosis,451,0.7690750033497145,0.6025441197192076,patient,2,availability,T1ax+T2ax+FLAIRax,3,-1
Cerebral atrophy,213,0.9554027753015986,0.7947615079976608,patient,2,availability,T1ax+T2ax+FLAIRax,3,-1
Encephalomalacia,25,0.8842424242424243,0.1874713965029798,patient,2,availability,T1ax+T2ax+FLAIRax,3,-1
Arachnoid cyst,69,0.7056056488801054,0.12356711038433998,patient,2,availability,T1ax+T2ax+FLAIRax,3,-1
Empty sella syndrome,82,0.7018445668327651,0.15211790855047344,patient,2,availability,T1ax+T2ax+FLAIRax,3,-1
Cerebral edema,23,0.8339812212188267,0.18325507161408974,patient,2,availability,T1ax+T2ax+FLAIRax,3,-1
Mastoiditis,23,0.6574666586926619,0.04088935752335036,patient,2,availability,T1ax+T2ax+FLAIRax,3,-1
Chronic mastoiditis,37,0.7488551051051051,0.062063612313827,patient,2,availability,T1ax+T2ax+FLAIRax,3,-1
Ventriculomegaly,131,0.8790308859725736,0.4470348364885816,patient,2,availability,T1ax+T2ax+FLAIRax,3,-1
Cerebellar degeneration,43,0.8975381920794006,0.3996152255820159,patient,2,availability,T1ax+T2ax+FLAIRax,3,-1
Mega cisterna magna,23,0.7536630584295199,0.056919185214813664,patient,2,availability,T1ax+T2ax+FLAIRax,3,-1
Structure of cave of septum pellucidum,22,0.6708840987191502,0.05449215000183139,patient,2,availability,T1ax+T2ax+FLAIRax,3,-1
Cerebral infarction,42,0.9163597146175544,0.32760585685650706,patient,2,availability,T1ax+T2ax+FLAIRax+T2cor,4,-1
Demyelinating disease of central nervous system,21,0.6772632129774987,0.09773524180312641,patient,2,availability,T1ax+T2ax+FLAIRax+T2cor,4,-1
Lacunar infarct,21,0.9125784929356358,0.13209352586112036,patient,2,availability,T1ax+T2ax+FLAIRax+T2cor,4,-1
Gliosis,451,0.7711345375016748,0.6072773487459279,patient,2,availability,T1ax+T2ax+FLAIRax+T2cor,4,-1
Cerebral atrophy,213,0.9556702026505022,0.7930850227910158,patient,2,availability,T1ax+T2ax+FLAIRax+T2cor,4,-1
Encephalomalacia,25,0.8827548209366392,0.1778172460855633,patient,2,availability,T1ax+T2ax+FLAIRax+T2cor,4,-1
Arachnoid cyst,69,0.7075201745718049,0.12315308267640158,patient,2,availability,T1ax+T2ax+FLAIRax+T2cor,4,-1
Empty sella syndrome,82,0.7016697263746832,0.15049962208154904,patient,2,availability,T1ax+T2ax+FLAIRax+T2cor,4,-1
Cerebral edema,23,0.8354763471084266,0.18191320871271527,patient,2,availability,T1ax+T2ax+FLAIRax+T2cor,4,-1
Mastoiditis,23,0.6556426051073501,0.04032869155305066,patient,2,availability,T1ax+T2ax+FLAIRax+T2cor,4,-1
Chronic mastoiditis,37,0.7482357357357358,0.05982848968599336,patient,2,availability,T1ax+T2ax+FLAIRax+T2cor,4,-1
Ventriculomegaly,131,0.8786622506039949,0.44459283180720954,patient,2,availability,T1ax+T2ax+FLAIRax+T2cor,4,-1
Cerebellar degeneration,43,0.8981220200447602,0.39524129567992033,patient,2,availability,T1ax+T2ax+FLAIRax+T2cor,4,-1
Mega cisterna magna,23,0.7481011901202081,0.05419056111969346,patient,2,availability,T1ax+T2ax+FLAIRax+T2cor,4,-1
Structure of cave of septum pellucidum,22,0.6741330834114339,0.05728350544870419,patient,2,availability,T1ax+T2ax+FLAIRax+T2cor,4,-1
Cerebral infarction,42,0.9026547204247553,0.26897498436688877,patient,2,budget,all4,1,1
Demyelinating disease of central nervous system,21,0.6478937728937729,0.08639134831486467,patient,2,budget,all4,1,1
Lacunar infarct,21,0.9016548927263213,0.11158538829428707,patient,2,budget,all4,1,1
Gliosis,451,0.7654270561844376,0.592306933382001,patient,2,budget,all4,1,1
Cerebral atrophy,213,0.9485313781422714,0.7758603818485786,patient,2,budget,all4,1,1
Encephalomalacia,25,0.8680440771349862,0.12686928852452506,patient,2,budget,all4,1,1
Arachnoid cyst,69,0.6989665678524374,0.12655071177176258,patient,2,budget,all4,1,1
Empty sella syndrome,82,0.6957426348457033,0.16111971269751668,patient,2,budget,all4,1,1
Cerebral edema,23,0.826415884217451,0.2016164838557664,patient,2,budget,all4,1,1
Mastoiditis,23,0.657616171281622,0.03772529196096202,patient,2,budget,all4,1,1
Chronic mastoiditis,37,0.7329767267267269,0.06833835377824203,patient,2,budget,all4,1,1
Ventriculomegaly,131,0.8729795946145208,0.417382520789517,patient,2,budget,all4,1,1
Cerebellar degeneration,43,0.9047063020985371,0.34742260579695455,patient,2,budget,all4,1,1
Mega cisterna magna,23,0.7553076969080798,0.05527520624604035,patient,2,budget,all4,1,1
Structure of cave of septum pellucidum,22,0.6709778194314278,0.054230415580543284,patient,2,budget,all4,1,1
Cerebral infarction,42,0.9118798739007798,0.3028156969292985,patient,2,budget,all4,2,2
Demyelinating disease of central nervous system,21,0.6717687074829932,0.08578959266114138,patient,2,budget,all4,2,2
Lacunar infarct,21,0.9136250654107797,0.115932396501699,patient,2,budget,all4,2,2
Gliosis,451,0.7675687123697392,0.6007241839735873,patient,2,budget,all4,2,2
Cerebral atrophy,213,0.9539690675699768,0.7889157797505775,patient,2,budget,all4,2,2
Encephalomalacia,25,0.8811570247933884,0.16814806361666104,patient,2,budget,all4,2,2
Arachnoid cyst,69,0.7042572463768116,0.12377979216513862,patient,2,budget,all4,2,2
Empty sella syndrome,82,0.7031646122912842,0.15242764351301036,patient,2,budget,all4,2,2
Cerebral edema,23,0.8350876143771305,0.17776099352551944,patient,2,budget,all4,2,2
Mastoiditis,23,0.6615932061479577,0.039869972900998356,patient,2,budget,all4,2,2
Chronic mastoiditis,37,0.7404466966966967,0.05614987208854146,patient,2,budget,all4,2,2
Ventriculomegaly,131,0.8744144368952962,0.43943391755279315,patient,2,budget,all4,2,2
Cerebellar degeneration,43,0.8933703091044728,0.37883885448238347,patient,2,budget,all4,2,2
Mega cisterna magna,23,0.7553076969080796,0.05745042022401577,patient,2,budget,all4,2,2
Structure of cave of septum pellucidum,22,0.6747891283973758,0.053474968705972126,patient,2,budget,all4,2,2
Cerebral infarction,42,0.9137547702007631,0.3215511949591286,patient,2,budget,all4,3,3
Demyelinating disease of central nervous system,21,0.6738945578231292,0.10137769608593894,patient,2,budget,all4,3,3
Lacunar infarct,21,0.9079343275771846,0.128186067738421,patient,2,budget,all4,3,3
Gliosis,451,0.7709746156472729,0.6088399091921046,patient,2,budget,all4,3,3
Cerebral atrophy,213,0.9546524930171748,0.7878792292800996,patient,2,budget,all4,3,3
Encephalomalacia,25,0.8875206611570248,0.17660431834769355,patient,2,budget,all4,3,3
Arachnoid cyst,69,0.7086627140974966,0.1219498326699173,patient,2,budget,all4,3,3
Empty sella syndrome,82,0.7062942564909521,0.14887816063254983,patient,2,budget,all4,3,3
Cerebral edema,23,0.8272830572334191,0.16733768107492356,patient,2,budget,all4,3,3
Mastoiditis,23,0.6547156270557981,0.0393905155346257,patient,2,budget,all4,3,3
Chronic mastoiditis,37,0.7467717717717718,0.05908636793298129,patient,2,budget,all4,3,3
Ventriculomegaly,131,0.8742896680013157,0.4461750305025617,patient,2,budget,all4,3,3
Cerebellar degeneration,43,0.8978301060620804,0.41749783973356747,patient,2,budget,all4,3,3
Mega cisterna magna,23,0.7468153818551523,0.05616958025555011,patient,2,budget,all4,3,3
Structure of cave of septum pellucidum,22,0.6601062168072477,0.05391316527954305,patient,2,budget,all4,3,3
Cerebral infarction,42,0.9173054587688734,0.34168278431971894,patient,2,budget,all4,4,4
Demyelinating disease of central nervous system,21,0.6970172684458399,0.10671085986351408,patient,2,budget,all4,4,4
Lacunar infarct,21,0.914867870225013,0.13758282813037637,patient,2,budget,all4,4,4
Gliosis,451,0.7719752077903554,0.6119962870077439,patient,2,budget,all4,4,4
Cerebral atrophy,213,0.9549830629345695,0.7904488532691761,patient,2,budget,all4,4,4
Encephalomalacia,25,0.8798898071625344,0.23348375618679906,patient,2,budget,all4,4,4
Arachnoid cyst,69,0.7085803689064558,0.12227662799867098,patient,2,budget,all4,4,4
Empty sella syndrome,82,0.7047119503453099,0.14782650609186554,patient,2,budget,all4,4,4
Cerebral edema,23,0.829974283834699,0.1737554572525965,patient,2,budget,all4,4,4
Mastoiditis,23,0.6489145386041505,0.039253602238836074,patient,2,budget,all4,4,4
Chronic mastoiditis,37,0.7505255255255255,0.05882501982447693,patient,2,budget,all4,4,4
Ventriculomegaly,131,0.876626249106768,0.445234952952938,patient,2,budget,all4,4,4
Cerebellar degeneration,43,0.8961272744964484,0.3949002172916558,patient,2,budget,all4,4,4
Mega cisterna magna,23,0.7408946833323365,0.0504332283680749,patient,2,budget,all4,4,4
Structure of cave of septum pellucidum,22,0.6702905342080601,0.06053815868548408,patient,2,budget,all4,4,4
Cerebral infarction,42,0.9184171229467397,0.2809871687277381,finding,2,availability,T2cor,1,-1
Demyelinating disease of central nervous system,21,0.7297226582940869,0.12729755480336008,finding,2,availability,T2cor,1,-1
Lacunar infarct,21,0.9129382522239665,0.13669800517309363,finding,2,availability,T2cor,1,-1
Gliosis,451,0.7602468847654984,0.6066987694013557,finding,2,availability,T2cor,1,-1
Cerebral atrophy,213,0.934346585844179,0.7170814987479053,finding,2,availability,T2cor,1,-1
Encephalomalacia,25,0.8453719008264463,0.15639618439339606,finding,2,availability,T2cor,1,-1
Arachnoid cyst,69,0.6880352437417655,0.10270930601983061,finding,2,availability,T2cor,1,-1
Empty sella syndrome,82,0.6922807937756796,0.13094542471844917,finding,2,availability,T2cor,1,-1
Cerebral edema,23,0.8018360145924287,0.18196497321528407,finding,2,availability,T2cor,1,-1
Mastoiditis,23,0.6330662041743915,0.03290105002961559,finding,2,availability,T2cor,1,-1
Chronic mastoiditis,37,0.7211711711711711,0.052948196129496305,finding,2,availability,T2cor,1,-1
Ventriculomegaly,131,0.8547973639735489,0.42428327094235646,finding,2,availability,T2cor,1,-1
Cerebellar degeneration,43,0.8749959456391295,0.3002575219261203,finding,2,availability,T2cor,1,-1
Mega cisterna magna,23,0.6799533520722445,0.031241005887585997,finding,2,availability,T2cor,1,-1
Structure of cave of septum pellucidum,22,0.67125898156826,0.061495948298992714,finding,2,availability,T2cor,1,-1
Cerebral infarction,42,0.9033018085282892,0.23604898019971574,finding,2,availability,FLAIRax,1,-1
Demyelinating disease of central nervous system,21,0.6481554160125588,0.11469009340055378,finding,2,availability,FLAIRax,1,-1
Lacunar infarct,21,0.8995617477760335,0.09533601254195757,finding,2,availability,FLAIRax,1,-1
Gliosis,451,0.7534523670595558,0.595043527758355,finding,2,availability,FLAIRax,1,-1
Cerebral atrophy,213,0.9460316752837702,0.7608862092295636,finding,2,availability,FLAIRax,1,-1
Encephalomalacia,25,0.8747107438016528,0.17846653184471511,finding,2,availability,FLAIRax,1,-1
Arachnoid cyst,69,0.6770421607378129,0.12511605389694946,finding,2,availability,FLAIRax,1,-1
Empty sella syndrome,82,0.694842206486581,0.133524476883593,finding,2,availability,FLAIRax,1,-1
Cerebral edema,23,0.8518031218228574,0.18123531598180984,finding,2,availability,FLAIRax,1,-1
Mastoiditis,23,0.6274744333472879,0.036599528765009735,finding,2,availability,FLAIRax,1,-1
Chronic mastoiditis,37,0.7429992492492492,0.05982139858370656,finding,2,availability,FLAIRax,1,-1
Ventriculomegaly,131,0.8842484942663023,0.42994481864789014,finding,2,availability,FLAIRax,1,-1
Cerebellar degeneration,43,0.8868995491550712,0.2941135119505886,finding,2,availability,FLAIRax,1,-1
Mega cisterna magna,23,0.748190897673584,0.05966164847786927,finding,2,availability,FLAIRax,1,-1
Structure of cave of septum pellucidum,22,0.6541705716963448,0.04707684668161508,finding,2,availability,FLAIRax,1,-1
Cerebral infarction,42,0.9075327692052432,0.3024948903250059,finding,2,availability,T2ax,1,-1
Demyelinating disease of central nervous system,21,0.6984890109890111,0.07550152199691744,finding,2,availability,T2ax,1,-1
Lacunar infarct,21,0.9168956043956044,0.13923998245507085,finding,2,availability,T2ax,1,-1
Gliosis,451,0.7597779247329953,0.5771466420766407,finding,2,availability,T2ax,1,-1
Cerebral atrophy,213,0.932329737921198,0.696816671107047,finding,2,availability,T2ax,1,-1
Encephalomalacia,25,0.8757575757575757,0.12269237531298728,finding,2,availability,T2ax,1,-1
Arachnoid cyst,69,0.6979784255599473,0.1286045082130425,finding,2,availability,T2ax,1,-1
Empty sella syndrome,82,0.694317685112335,0.1590882404286228,finding,2,availability,T2ax,1,-1
Cerebral edema,23,0.8296154536211949,0.17244377916740883,finding,2,availability,T2ax,1,-1
Mastoiditis,23,0.6668261467615573,0.04114358256627837,finding,2,availability,T2ax,1,-1
Chronic mastoiditis,37,0.7253003003003003,0.05273774275117986,finding,2,availability,T2ax,1,-1
Ventriculomegaly,131,0.8414300783775507,0.4235058758776597,finding,2,availability,T2ax,1,-1
Cerebellar degeneration,43,0.8577568032175408,0.3149386204297329,finding,2,availability,T2ax,1,-1
Mega cisterna magna,23,0.7568626278332635,0.053552786937180456,finding,2,availability,T2ax,1,-1
Structure of cave of septum pellucidum,22,0.653670727897532,0.043420894942094765,finding,2,availability,T2ax,1,-1
Cerebral infarction,42,0.9020408163265307,0.37635288301646136,finding,2,availability,T1ax,1,-1
Demyelinating disease of central nervous system,21,0.6758895866038723,0.11866365991668315,finding,2,availability,T1ax,1,-1
Lacunar infarct,21,0.8951465201465202,0.15341277118729144,finding,2,availability,T1ax,1,-1
Gliosis,451,0.7608800888646844,0.583393190633803,finding,2,availability,T1ax,1,-1
Cerebral atrophy,213,0.9338637309086586,0.6979130430785994,finding,2,availability,T1ax,1,-1
Encephalomalacia,25,0.8791460055096421,0.17106351196256153,finding,2,availability,T1ax,1,-1
Arachnoid cyst,69,0.6896924407114624,0.1110249899544272,finding,2,availability,T1ax,1,-1
Empty sella syndrome,82,0.6960835737389631,0.1502582504238006,finding,2,availability,T1ax,1,-1
Cerebral edema,23,0.8148735123497398,0.16043249313898714,finding,2,availability,T1ax,1,-1
Mastoiditis,23,0.6346211350995754,0.04145406594190086,finding,2,availability,T1ax,1,-1
Chronic mastoiditis,37,0.7272147147147148,0.054389202929353134,finding,2,availability,T1ax,1,-1
Ventriculomegaly,131,0.8588353390878259,0.43040209811513513,finding,2,availability,T1ax,1,-1
Cerebellar degeneration,43,0.8916674775388407,0.3535254494122801,finding,2,availability,T1ax,1,-1
Mega cisterna magna,23,0.7489982656539681,0.04982039743759312,finding,2,availability,T1ax,1,-1
Structure of cave of septum pellucidum,22,0.6011246485473289,0.04404149322206328,finding,2,availability,T1ax,1,-1
Cerebral infarction,42,0.916442674630828,0.27681739215643614,finding,2,availability,FLAIRax+T2cor,2,-1
Demyelinating disease of central nervous system,21,0.6914900575614862,0.1444696332197368,finding,2,availability,FLAIRax+T2cor,2,-1
Lacunar infarct,21,0.9123822605965464,0.11992982470895004,finding,2,availability,FLAIRax+T2cor,2,-1
Gliosis,451,0.7645453248790862,0.6120364196362462,finding,2,availability,FLAIRax+T2cor,2,-1
Cerebral atrophy,213,0.9498945147679325,0.7728832818024461,finding,2,availability,FLAIRax+T2cor,2,-1
Encephalomalacia,25,0.869504132231405,0.19754850471489857,finding,2,availability,FLAIRax+T2cor,2,-1
Arachnoid cyst,69,0.6908658596837944,0.12040422815192216,finding,2,availability,FLAIRax+T2cor,2,-1
Empty sella syndrome,82,0.6994579945799457,0.13785812502803327,finding,2,availability,FLAIRax+T2cor,2,-1
Cerebral edema,23,0.8452245679086179,0.18060838003073287,finding,2,availability,FLAIRax+T2cor,2,-1
Mastoiditis,23,0.6338137671191914,0.038819167924436404,finding,2,availability,FLAIRax+T2cor,2,-1
Chronic mastoiditis,37,0.7427364864864865,0.05555737670303735,finding,2,availability,FLAIRax+T2cor,2,-1
Ventriculomegaly,131,0.8808910767555551,0.4517027131778425,finding,2,availability,FLAIRax+T2cor,2,-1
Cerebellar degeneration,43,0.8902727773993708,0.31041974025439395,finding,2,availability,FLAIRax+T2cor,2,-1
Mega cisterna magna,23,0.7269003050056815,0.044526456075628065,finding,2,availability,FLAIRax+T2cor,2,-1
Structure of cave of septum pellucidum,22,0.6601686972820993,0.051418374766181524,finding,2,availability,FLAIRax+T2cor,2,-1
Cerebral infarction,42,0.9185664509706322,0.3173128514973892,finding,2,availability,T2ax+T2cor,2,-1
Demyelinating disease of central nervous system,21,0.7226255886970173,0.09523738509195635,finding,2,availability,T2ax+T2cor,2,-1
Lacunar infarct,21,0.9200353218210362,0.15091066706335587,finding,2,availability,T2ax+T2cor,2,-1
Gliosis,451,0.7660386492222179,0.5988601771947102,finding,2,availability,T2ax+T2cor,2,-1
Cerebral atrophy,213,0.9395242764604504,0.7291739391120357,finding,2,availability,T2ax+T2cor,2,-1
Encephalomalacia,25,0.8661432506887052,0.15735108686884683,finding,2,availability,T2ax+T2cor,2,-1
Arachnoid cyst,69,0.6986680665349143,0.12201801963377512,finding,2,availability,T2ax+T2cor,2,-1
Empty sella syndrome,82,0.6990296354576448,0.14709801494951197,finding,2,availability,T2ax+T2cor,2,-1
Cerebral edema,23,0.8286585730518509,0.21431453369024403,finding,2,availability,T2ax+T2cor,2,-1
Mastoiditis,23,0.6529812810238622,0.03862382341120019,finding,2,availability,T2ax+T2cor,2,-1
Chronic mastoiditis,37,0.731174924924925,0.054000251607837856,finding,2,availability,T2ax+T2cor,2,-1
Ventriculomegaly,131,0.8534135635130383,0.43702182492523334,finding,2,availability,T2ax+T2cor,2,-1
Cerebellar degeneration,43,0.8688008822289254,0.32856315015374266,finding,2,availability,T2ax+T2cor,2,-1
Mega cisterna magna,23,0.7367980383948328,0.04223262284294974,finding,2,availability,T2ax+T2cor,2,-1
Structure of cave of septum pellucidum,22,0.6603561387066541,0.04700713355499363,finding,2,availability,T2ax+T2cor,2,-1
Cerebral infarction,42,0.9086942093910735,0.29638123205213224,finding,2,availability,T2ax+FLAIRax,2,-1
Demyelinating disease of central nervous system,21,0.6767072213500784,0.1183385536298224,finding,2,availability,T2ax+FLAIRax,2,-1
Lacunar infarct,21,0.9114665096807953,0.12327481036230781,finding,2,availability,T2ax+FLAIRax,2,-1
Gliosis,451,0.7631903113289505,0.5968721139468931,finding,2,availability,T2ax+FLAIRax,2,-1
Cerebral atrophy,213,0.9470716705295061,0.7540167740285046,finding,2,availability,T2ax+FLAIRax,2,-1
Encephalomalacia,25,0.8818181818181818,0.161183646550809,finding,2,availability,T2ax+FLAIRax,2,-1
Arachnoid cyst,69,0.6928421442687747,0.12967780731864456,finding,2,availability,T2ax+FLAIRax,2,-1
Empty sella syndrome,82,0.698426435877262,0.1468050705694553,finding,2,availability,T2ax+FLAIRax,2,-1
Cerebral edema,23,0.8458226182644579,0.1843435166747402,finding,2,availability,T2ax+FLAIRax,2,-1
Mastoiditis,23,0.6531606961306142,0.04229302134554144,finding,2,availability,T2ax+FLAIRax,2,-1
Chronic mastoiditis,37,0.7385322822822823,0.054067842639312656,finding,2,availability,T2ax+FLAIRax,2,-1
Ventriculomegaly,131,0.8738473055590213,0.44753717182342895,finding,2,availability,T2ax+FLAIRax,2,-1
Cerebellar degeneration,43,0.8788232623009309,0.3337650490602093,finding,2,availability,T2ax+FLAIRax,2,-1
Mega cisterna magna,23,0.7558160397105436,0.05656853111994405,finding,2,availability,T2ax+FLAIRax,2,-1
Structure of cave of septum pellucidum,22,0.6543580131208997,0.04611544923990539,finding,2,availability,T2ax+FLAIRax,2,-1
Cerebral infarction,42,0.91750456280073,0.3725578461533071,finding,2,availability,T1ax+T2cor,2,-1
Demyelinating disease of central nervous system,21,0.7222331240188382,0.14428636400753156,finding,2,availability,T1ax+T2cor,2,-1
Lacunar infarct,21,0.9095041862899006,0.15010105995811168,finding,2,availability,T1ax+T2cor,2,-1
Gliosis,451,0.7684850213733396,0.6073165280979457,finding,2,availability,T1ax+T2cor,2,-1
Cerebral atrophy,213,0.9437771141617638,0.7445946633960786,finding,2,availability,T1ax+T2cor,2,-1
Encephalomalacia,25,0.8709917355371901,0.20486488432851727,finding,2,availability,T1ax+T2cor,2,-1
Arachnoid cyst,69,0.6932024044795784,0.11903709473015303,finding,2,availability,T1ax+T2cor,2,-1
Empty sella syndrome,82,0.7003234548474517,0.14878208585161457,finding,2,availability,T1ax+T2cor,2,-1
Cerebral edema,23,0.8219604090664434,0.192868427931043,finding,2,availability,T1ax+T2cor,2,-1
Mastoiditis,23,0.6481370731415586,0.034346017059991844,finding,2,availability,T1ax+T2cor,2,-1
Chronic mastoiditis,37,0.7404654654654654,0.05511454247943201,finding,2,availability,T1ax+T2cor,2,-1
Ventriculomegaly,131,0.8617163662761023,0.4438736237347727,finding,2,availability,T1ax+T2cor,2,-1
Cerebellar degeneration,43,0.8888942947033829,0.3428815415911804,finding,2,availability,T1ax+T2cor,2,-1
Mega cisterna magna,23,0.7319837330303212,0.039386007954331774,finding,2,availability,T1ax+T2cor,2,-1
Structure of cave of septum pellucidum,22,0.6400187441424554,0.05242122182895734,finding,2,availability,T1ax+T2cor,2,-1
Cerebral infarction,42,0.9083955533432886,0.33756718177108125,finding,2,availability,T1ax+FLAIRax,2,-1
Demyelinating disease of central nervous system,21,0.6641156462585034,0.10631200165361919,finding,2,availability,T1ax+FLAIRax,2,-1
Lacunar infarct,21,0.9041732077446363,0.15467938608053372,finding,2,availability,T1ax+FLAIRax,2,-1
Gliosis,451,0.7628207621789136,0.5978402436415223,finding,2,availability,T1ax+FLAIRax,2,-1
Cerebral atrophy,213,0.9499725144113627,0.7641950614915097,finding,2,availability,T1ax+FLAIRax,2,-1
Encephalomalacia,25,0.8848209366391184,0.19585770123748442,finding,2,availability,T1ax+FLAIRax,2,-1
Arachnoid cyst,69,0.6891057312252964,0.1316141341163907,finding,2,availability,T1ax+FLAIRax,2,-1
Empty sella syndrome,82,0.7013724975959438,0.13890332555744994,finding,2,availability,T1ax+FLAIRax,2,-1
Cerebral edema,23,0.842772561449674,0.16788794877972815,finding,2,availability,T1ax+FLAIRax,2,-1
Mastoiditis,23,0.6342324023682794,0.03615127989839799,finding,2,availability,T1ax+FLAIRax,2,-1
Chronic mastoiditis,37,0.7519331831831831,0.05670851880072188,finding,2,availability,T1ax+FLAIRax,2,-1
Ventriculomegaly,131,0.8823486042897815,0.44965736184595423,finding,2,availability,T1ax+FLAIRax,2,-1
Cerebellar degeneration,43,0.8945379650351919,0.34512394809228647,finding,2,availability,T1ax+FLAIRax,2,-1
Mega cisterna magna,23,0.7535434483583517,0.05705561006812993,finding,2,availability,T1ax+FLAIRax,2,-1
Structure of cave of septum pellucidum,22,0.6317400812246173,0.045644435919680905,finding,2,availability,T1ax+FLAIRax,2,-1
Cerebral infarction,42,0.9098058735689396,0.355955857662711,finding,2,availability,T1ax+T2ax,2,-1
Demyelinating disease of central nervous system,21,0.6978021978021978,0.11420995326333151,finding,2,availability,T1ax+T2ax,2,-1
Lacunar infarct,21,0.9126439037153322,0.15262776006777187,finding,2,availability,T1ax+T2ax,2,-1
Gliosis,451,0.7648997462861392,0.5893731208665107,finding,2,availability,T1ax+T2ax,2,-1
Cerebral atrophy,213,0.938131425684911,0.7181236173091464,finding,2,availability,T1ax+T2ax,2,-1
Encephalomalacia,25,0.8855371900826446,0.15736166703531115,finding,2,availability,T1ax+T2ax,2,-1
Arachnoid cyst,69,0.6991415513833993,0.12166001597654327,finding,2,availability,T1ax+T2ax,2,-1
Empty sella syndrome,82,0.6973511670600577,0.16136065740567435,finding,2,availability,T1ax+T2ax,2,-1
Cerebral edema,23,0.8304228216015789,0.18572413983463656,finding,2,availability,T1ax+T2ax,2,-1
Mastoiditis,23,0.6629986244841816,0.044135970193926656,finding,2,availability,T1ax+T2ax,2,-1
Chronic mastoiditis,37,0.7437687687687687,0.05546872448969643,finding,2,availability,T1ax+T2ax,2,-1
Ventriculomegaly,131,0.8517915678912924,0.435965174568557,finding,2,availability,T1ax+T2ax,2,-1
Cerebellar degeneration,43,0.8764879504394927,0.35372280033806847,finding,2,availability,T1ax+T2ax,2,-1
Mega cisterna magna,23,0.7563243825130076,0.05129423021488448,finding,2,availability,T1ax+T2ax,2,-1
Structure of cave of septum pellucidum,22,0.6368322399250234,0.044422356368175396,finding,2,availability,T1ax+T2ax,2,-1
Cerebral infarction,42,0.9165256346441015,0.30528865461311,finding,2,availability,T2ax+FLAIRax+T2cor,3,-1
Demyelinating disease of central nervous system,21,0.6957090528519099,0.12640080984567664,finding,2,availability,T2ax+FLAIRax+T2cor,3,-1
Lacunar infarct,21,0.9166993720565149,0.13878060673625492,finding,2,availability,T2ax+FLAIRax+T2cor,3,-1
Gliosis,451,0.7667561364608861,0.6061939843540038,finding,2,availability,T2ax+FLAIRax+T2cor,3,-1
Cerebral atrophy,213,0.9478145242764604,0.7584049584804855,finding,2,availability,T2ax+FLAIRax+T2cor,3,-1
Encephalomalacia,25,0.875564738292011,0.18759273411759445,finding,2,availability,T2ax+FLAIRax+T2cor,3,-1
Arachnoid cyst,69,0.6973299571805007,0.12603898697822835,finding,2,availability,T2ax+FLAIRax+T2cor,3,-1
Empty sella syndrome,82,0.7000699361832329,0.14249126832783765,finding,2,availability,T2ax+FLAIRax+T2cor,3,-1
Cerebral edema,23,0.84346031935889,0.18926315429989693,finding,2,availability,T2ax+FLAIRax+T2cor,3,-1
Mastoiditis,23,0.6483762932838945,0.03910412100247221,finding,2,availability,T2ax+FLAIRax+T2cor,3,-1
Chronic mastoiditis,37,0.7401088588588588,0.05491061851505669,finding,2,availability,T2ax+FLAIRax+T2cor,3,-1
Ventriculomegaly,131,0.8711647743384412,0.4527924209815808,finding,2,availability,T2ax+FLAIRax+T2cor,3,-1
Cerebellar degeneration,43,0.8814504881450489,0.33241369518328884,finding,2,availability,T2ax+FLAIRax+T2cor,3,-1
Mega cisterna magna,23,0.7437055200047844,0.04829086245541325,finding,2,availability,T2ax+FLAIRax+T2cor,3,-1
Structure of cave of septum pellucidum,22,0.6580131208997189,0.04904759572573877,finding,2,availability,T2ax+FLAIRax+T2cor,3,-1
Cerebral infarction,42,0.9164094906255185,0.33708327074748484,finding,2,availability,T1ax+FLAIRax+T2cor,3,-1
Demyelinating disease of central nervous system,21,0.6919152276295133,0.14657839878774376,finding,2,availability,T1ax+FLAIRax+T2cor,3,-1
Lacunar infarct,21,0.9106161695447409,0.13597512493124841,finding,2,availability,T1ax+FLAIRax+T2cor,3,-1
Gliosis,451,0.7677977896206395,0.6076616599776647,finding,2,availability,T1ax+FLAIRax+T2cor,3,-1
Cerebral atrophy,213,0.9510533666131813,0.769526077714757,finding,2,availability,T1ax+FLAIRax+T2cor,3,-1
Encephalomalacia,25,0.8786776859504133,0.2272806659525349,finding,2,availability,T1ax+FLAIRax+T2cor,3,-1
Arachnoid cyst,69,0.6944478754940712,0.12522900802035736,finding,2,availability,T1ax+FLAIRax+T2cor,3,-1
Empty sella syndrome,82,0.7027624792376956,0.14117916612488918,finding,2,availability,T1ax+FLAIRax+T2cor,3,-1
Cerebral edema,23,0.8401710424017703,0.16954400465045003,finding,2,availability,T1ax+FLAIRax+T2cor,3,-1
Mastoiditis,23,0.6387177800370791,0.03838790726633268,finding,2,availability,T1ax+FLAIRax+T2cor,3,-1
Chronic mastoiditis,37,0.7508633633633633,0.05711450971792564,finding,2,availability,T1ax+FLAIRax+T2cor,3,-1
Ventriculomegaly,131,0.8786906071708086,0.4570974787651151,finding,2,availability,T1ax+FLAIRax+T2cor,3,-1
Cerebellar degeneration,43,0.8936784405306347,0.3469970188264749,finding,2,availability,T1ax+FLAIRax+T2cor,3,-1
Mega cisterna magna,23,0.7423300041863525,0.046968364824839404,finding,2,availability,T1ax+FLAIRax+T2cor,3,-1
Structure of cave of septum pellucidum,22,0.6471415182755389,0.05053888810809859,finding,2,availability,T1ax+FLAIRax+T2cor,3,-1
Cerebral infarction,42,0.9179691388750623,0.35649461265615623,finding,2,availability,T1ax+T2ax+T2cor,3,-1
Demyelinating disease of central nervous system,21,0.7161826268969126,0.12819819331737592,finding,2,availability,T1ax+T2ax+T2cor,3,-1
Lacunar infarct,21,0.9167647828362113,0.15175250073381252,finding,2,availability,T1ax+T2ax+T2cor,3,-1
Gliosis,451,0.7683207773066566,0.6010881901701048,finding,2,availability,T1ax+T2ax+T2cor,3,-1
Cerebral atrophy,213,0.9424882629107982,0.7374413598517695,finding,2,availability,T1ax+T2ax+T2cor,3,-1
Encephalomalacia,25,0.8773829201101928,0.17970382943477978,finding,2,availability,T1ax+T2ax+T2cor,3,-1
Arachnoid cyst,69,0.6991518445322794,0.12745185380980706,finding,2,availability,T1ax+T2ax+T2cor,3,-1
Empty sella syndrome,82,0.7004021330535886,0.1554837480134734,finding,2,availability,T1ax+T2ax+T2cor,3,-1
Cerebral edema,23,0.8305424316727469,0.19628634409491288,finding,2,availability,T1ax+T2ax+T2cor,3,-1
Mastoiditis,23,0.65668919323007,0.039282289131217465,finding,2,availability,T1ax+T2ax+T2cor,3,-1
Chronic mastoiditis,37,0.7432244744744745,0.05582974803029826,finding,2,availability,T1ax+T2ax+T2cor,3,-1
Ventriculomegaly,131,0.8566178555629912,0.45105448331338693,finding,2,availability,T1ax+T2ax+T2cor,3,-1
Cerebellar degeneration,43,0.8793422204923615,0.35200584346856506,finding,2,availability,T1ax+T2ax+T2cor,3,-1
Mega cisterna magna,23,0.7460678189103522,0.04467087536651773,finding,2,availability,T1ax+T2ax+T2cor,3,-1
Structure of cave of septum pellucidum,22,0.646954076850984,0.048067545781928143,finding,2,availability,T1ax+T2ax+T2cor,3,-1
Cerebral infarction,42,0.9106022896963664,0.32890546341282,finding,2,availability,T1ax+T2ax+FLAIRax,3,-1
Demyelinating disease of central nervous system,21,0.6788330716902146,0.13895029295230096,finding,2,availability,T1ax+T2ax+FLAIRax,3,-1
Lacunar infarct,21,0.9122514390371532,0.1657149131110654,finding,2,availability,T1ax+T2ax+FLAIRax,3,-1
Gliosis,451,0.7659349161274707,0.5970104926463026,finding,2,availability,T1ax+T2ax+FLAIRax,3,-1
Cerebral atrophy,213,0.9476622392583348,0.7524785127824224,finding,2,availability,T1ax+T2ax+FLAIRax,3,-1
Encephalomalacia,25,0.8871349862258954,0.17322927997117263,finding,2,availability,T1ax+T2ax+FLAIRax,3,-1
Arachnoid cyst,69,0.6970417490118578,0.12934891804452076,finding,2,availability,T1ax+T2ax+FLAIRax,3,-1
Empty sella syndrome,82,0.7011714310691495,0.14774086433086267,finding,2,availability,T1ax+T2ax+FLAIRax,3,-1
Cerebral edema,23,0.8419950959870821,0.18368637802934795,finding,2,availability,T1ax+T2ax+FLAIRax,3,-1
Mastoiditis,23,0.6504993720471264,0.04091076958086785,finding,2,availability,T1ax+T2ax+FLAIRax,3,-1
Chronic mastoiditis,37,0.7484234234234234,0.05689376473808866,finding,2,availability,T1ax+T2ax+FLAIRax,3,-1
Ventriculomegaly,131,0.8731610766421288,0.45400101332440884,finding,2,availability,T1ax+T2ax+FLAIRax,3,-1
Cerebellar degeneration,43,0.8850345431546172,0.34956257794647266,finding,2,availability,T1ax+T2ax+FLAIRax,3,-1
Mega cisterna magna,23,0.7559655522995036,0.05575219830051034,finding,2,availability,T1ax+T2ax+FLAIRax,3,-1
Structure of cave of septum pellucidum,22,0.6459231490159325,0.04628163929740571,finding,2,availability,T1ax+T2ax+FLAIRax,3,-1
Cerebral infarction,42,0.9166583706653393,0.33518015811356816,finding,2,availability,T1ax+T2ax+FLAIRax+T2cor,4,-1
Demyelinating disease of central nervous system,21,0.6929945054945055,0.14396241478902744,finding,2,availability,T1ax+T2ax+FLAIRax+T2cor,4,-1
Lacunar infarct,21,0.9150968079539508,0.14023161141595694,finding,2,availability,T1ax+T2ax+FLAIRax+T2cor,4,-1
Gliosis,451,0.7684785380549181,0.6034217011464004,finding,2,availability,T1ax+T2ax+FLAIRax+T2cor,4,-1
Cerebral atrophy,213,0.9481748083437332,0.7562812009802898,finding,2,availability,T1ax+T2ax+FLAIRax+T2cor,4,-1
Encephalomalacia,25,0.8819283746556474,0.20151542283055268,finding,2,availability,T1ax+T2ax+FLAIRax+T2cor,4,-1
Arachnoid cyst,69,0.6995429841897233,0.12824424965702808,finding,2,availability,T1ax+T2ax+FLAIRax+T2cor,4,-1
Empty sella syndrome,82,0.702010665267943,0.14510968702660862,finding,2,availability,T1ax+T2ax+FLAIRax+T2cor,4,-1
Cerebral edema,23,0.8409784103821542,0.1858227171251834,finding,2,availability,T1ax+T2ax+FLAIRax+T2cor,4,-1
Mastoiditis,23,0.6493929788888224,0.03946717680456206,finding,2,availability,T1ax+T2ax+FLAIRax+T2cor,4,-1
Chronic mastoiditis,37,0.747728978978979,0.056752320043071354,finding,2,availability,T1ax+T2ax+FLAIRax+T2cor,4,-1
Ventriculomegaly,131,0.870988963624196,0.45690884514280367,finding,2,availability,T1ax+T2ax+FLAIRax+T2cor,4,-1
Cerebellar degeneration,43,0.8852778048068501,0.3531722168540591,finding,2,availability,T1ax+T2ax+FLAIRax+T2cor,4,-1
Mega cisterna magna,23,0.749117875725136,0.04887482855550142,finding,2,availability,T1ax+T2ax+FLAIRax+T2cor,4,-1
Structure of cave of septum pellucidum,22,0.6512652296157451,0.04871119584358704,finding,2,availability,T1ax+T2ax+FLAIRax+T2cor,4,-1
Cerebral infarction,42,0.9033018085282892,0.23604898019971574,finding,2,budget,all4,1,1
Demyelinating disease of central nervous system,21,0.6481554160125588,0.11469009340055378,finding,2,budget,all4,1,1
Lacunar infarct,21,0.9168956043956044,0.13923998245507085,finding,2,budget,all4,1,1
Gliosis,451,0.7597779247329953,0.5771466420766407,finding,2,budget,all4,1,1
Cerebral atrophy,213,0.9460316752837702,0.7608862092295636,finding,2,budget,all4,1,1
Encephalomalacia,25,0.8747107438016528,0.17846653184471511,finding,2,budget,all4,1,1
Arachnoid cyst,69,0.6880352437417655,0.10270930601983061,finding,2,budget,all4,1,1
Empty sella syndrome,82,0.694317685112335,0.1590882404286228,finding,2,budget,all4,1,1
Cerebral edema,23,0.8518031218228574,0.18123531598180984,finding,2,budget,all4,1,1
Mastoiditis,23,0.6668261467615573,0.04114358256627837,finding,2,budget,all4,1,1
Chronic mastoiditis,37,0.7253003003003003,0.05273774275117986,finding,2,budget,all4,1,1
Ventriculomegaly,131,0.8842484942663023,0.42994481864789014,finding,2,budget,all4,1,1
Cerebellar degeneration,43,0.8577568032175408,0.3149386204297329,finding,2,budget,all4,1,1
Mega cisterna magna,23,0.7568626278332635,0.053552786937180456,finding,2,budget,all4,1,1
Structure of cave of septum pellucidum,22,0.653670727897532,0.043420894942094765,finding,2,budget,all4,1,1
Cerebral infarction,42,0.9086444333831093,0.29575777437115114,finding,2,budget,all4,2,2
Demyelinating disease of central nervous system,21,0.6776229722658293,0.11835811092121734,finding,2,budget,all4,2,2
Lacunar infarct,21,0.9114338042909471,0.12286622080792177,finding,2,budget,all4,2,2
Gliosis,451,0.7631125115078902,0.5971944628080778,finding,2,budget,all4,2,2
Cerebral atrophy,213,0.9468413858679504,0.7533824682681459,finding,2,budget,all4,2,2
Encephalomalacia,25,0.8818732782369147,0.16146737030756686,finding,2,budget,all4,2,2
Arachnoid cyst,69,0.6986783596837944,0.12213379446780276,finding,2,budget,all4,2,2
Empty sella syndrome,82,0.698513856106303,0.14680962113792811,finding,2,budget,all4,2,2
Cerebral edema,23,0.8457927157466659,0.18406021327323746,finding,2,budget,all4,2,2
Mastoiditis,23,0.6528616709526942,0.042297550635767525,finding,2,budget,all4,2,2
Chronic mastoiditis,37,0.7312687687687688,0.05403577651444204,finding,2,budget,all4,2,2
Ventriculomegaly,131,0.8725939453058539,0.4493450092275497,finding,2,budget,all4,2,2
Cerebellar degeneration,43,0.8689144043333009,0.3284936458914025,finding,2,budget,all4,2,2
Mega cisterna magna,23,0.7563243825130076,0.05129423021488448,finding,2,budget,all4,2,2
Structure of cave of septum pellucidum,22,0.6603873789440801,0.04681409329687076,finding,2,budget,all4,2,2
Cerebral infarction,42,0.9169072507051601,0.3048800239042523,finding,2,budget,all4,3,3
Demyelinating disease of central nervous system,21,0.6797815279958136,0.13871376430286755,finding,2,budget,all4,3,3
Lacunar infarct,21,0.9167974882260596,0.137375298357306,finding,2,budget,all4,3,3
Gliosis,451,0.766831775175806,0.6065282920378188,finding,2,budget,all4,3,3
Cerebral atrophy,213,0.9475359541213526,0.7573536253646624,finding,2,budget,all4,3,3
Encephalomalacia,25,0.8874380165289256,0.17316362304321656,finding,2,budget,all4,3,3
Arachnoid cyst,69,0.6990489130434783,0.12759847340917543,finding,2,budget,all4,3,3
Empty sella syndrome,82,0.7012151411836699,0.14687235306337645,finding,2,budget,all4,3,3
Cerebral edema,23,0.841755875844746,0.18401160424138466,finding,2,budget,all4,3,3
Mastoiditis,23,0.6481968781771426,0.03907348399041103,finding,2,budget,all4,3,3
Chronic mastoiditis,37,0.7432057057057058,0.05574212910976166,finding,2,budget,all4,3,3
Ventriculomegaly,131,0.8698547009516464,0.4520029950878269,finding,2,budget,all4,3,3
Cerebellar degeneration,43,0.8818397067886219,0.33040922952101515,finding,2,budget,all4,3,3
Mega cisterna magna,23,0.7460379163925602,0.04466592680093128,finding,2,budget,all4,3,3
Structure of cave of septum pellucidum,22,0.6581693220868479,0.04908708403032477,finding,2,budget,all4,3,3
Cerebral infarction,42,0.9168574746971959,0.34556537168466656,finding,2,budget,all4,4,4
Demyelinating disease of central nervous system,21,0.6944989534275248,0.14392942441585446,finding,2,budget,all4,4,4
Lacunar infarct,21,0.9150968079539508,0.14032406036956552,finding,2,budget,all4,4,4
Gliosis,451,0.7686557487584444,0.6036267526873751,finding,2,budget,all4,4,4
Cerebral atrophy,213,0.948163665537529,0.7563321642867477,finding,2,budget,all4,4,4
Encephalomalacia,25,0.8813774104683196,0.20076543049908938,finding,2,budget,all4,4,4
Arachnoid cyst,69,0.6991518445322793,0.12774638799630758,finding,2,budget,all4,4,4
Empty sella syndrome,82,0.7021505376344087,0.14474868399095916,finding,2,budget,all4,4,4
Cerebral edema,23,0.8402308474373542,0.1824772256608455,finding,2,budget,all4,4,4
Mastoiditis,23,0.6491836612642785,0.039449493594271495,finding,2,budget,all4,4,4
Chronic mastoiditis,37,0.7481043543543544,0.05672465078849156,finding,2,budget,all4,4,4
Ventriculomegaly,131,0.8698830575184602,0.4556515002454704,finding,2,budget,all4,4,4
Cerebellar degeneration,43,0.885650806006941,0.35225094609753727,finding,2,budget,all4,4,4
Mega cisterna magna,23,0.7494468034208481,0.0491753478951385,finding,2,budget,all4,4,4
Structure of cave of septum pellucidum,22,0.6512652296157451,0.04865376284362774,finding,2,budget,all4,4,4
Cerebral infarction,42,0.9195785631325701,0.282571651789395,label_id,2,availability,T2cor,1,-1
Demyelinating disease of central nervous system,21,0.7261577708006279,0.1390667547109046,label_id,2,availability,T2cor,1,-1
Lacunar infarct,21,0.9121860282574568,0.13929579945857556,label_id,2,availability,T2cor,1,-1
Gliosis,451,0.7627278346148693,0.60330086250911,label_id,2,availability,T2cor,1,-1
Cerebral atrophy,213,0.9351711535032982,0.7144931734893687,label_id,2,availability,T2cor,1,-1
Encephalomalacia,25,0.8458402203856749,0.1567071107902539,label_id,2,availability,T2cor,1,-1
Arachnoid cyst,69,0.6765995553359684,0.11509822903680561,label_id,2,availability,T2cor,1,-1
Empty sella syndrome,82,0.6935046769822537,0.14266070268407574,label_id,2,availability,T2cor,1,-1
Cerebral edema,23,0.7933137970217092,0.17650428424525927,label_id,2,availability,T2cor,1,-1
Mastoiditis,23,0.6457747742359907,0.04040525879881973,label_id,2,availability,T2cor,1,-1
Chronic mastoiditis,37,0.7263325825825826,0.05509019830247268,label_id,2,availability,T2cor,1,-1
Ventriculomegaly,131,0.8595102253779928,0.4126153553555964,label_id,2,availability,T2cor,1,-1
Cerebellar degeneration,43,0.8749310758652006,0.2890691628770532,label_id,2,availability,T2cor,1,-1
Mega cisterna magna,23,0.6834220441361162,0.031223795003695584,label_id,2,availability,T2cor,1,-1
Structure of cave of septum pellucidum,22,0.6759450171821305,0.04416535532707486,label_id,2,availability,T2cor,1,-1
Cerebral infarction,42,0.9112659698025551,0.260582801237933,label_id,2,availability,FLAIRax,1,-1
Demyelinating disease of central nervous system,21,0.6541077969649398,0.10261578040866645,label_id,2,availability,FLAIRax,1,-1
Lacunar infarct,21,0.9001177394034536,0.09376059583672508,label_id,2,availability,FLAIRax,1,-1
Gliosis,451,0.7557971672220709,0.5952604146528553,label_id,2,availability,FLAIRax,1,-1
Cerebral atrophy,213,0.9497608010934807,0.784641097377115,label_id,2,availability,FLAIRax,1,-1
Encephalomalacia,25,0.873801652892562,0.20045554299606191,label_id,2,availability,FLAIRax,1,-1
Arachnoid cyst,69,0.6761054841897234,0.12142354832416145,label_id,2,availability,FLAIRax,1,-1
Empty sella syndrome,82,0.6975085234723315,0.14021868987206693,label_id,2,availability,FLAIRax,1,-1
Cerebral edema,23,0.8366724478201064,0.19958432105547172,label_id,2,availability,FLAIRax,1,-1
Mastoiditis,23,0.6349799653130794,0.05466648307981707,label_id,2,availability,FLAIRax,1,-1
Chronic mastoiditis,37,0.7509759759759761,0.06903150729152002,label_id,2,availability,FLAIRax,1,-1
Ventriculomegaly,131,0.8854451413858421,0.4349902306028963,label_id,2,availability,FLAIRax,1,-1
Cerebellar degeneration,43,0.8939865719567968,0.3265810562517181,label_id,2,availability,FLAIRax,1,-1
Mega cisterna magna,23,0.7445128879851683,0.05410727949915364,label_id,2,availability,FLAIRax,1,-1
Structure of cave of septum pellucidum,22,0.6656357388316151,0.05809793526970742,label_id,2,availability,FLAIRax,1,-1
Cerebral infarction,42,0.914717106354737,0.29363943395119263,label_id,2,availability,T2ax,1,-1
Demyelinating disease of central nervous system,21,0.6735347985347985,0.07507443927974419,label_id,2,availability,T2ax,1,-1
Lacunar infarct,21,0.9145735217163788,0.12738184183983142,label_id,2,availability,T2ax,1,-1
Gliosis,451,0.761286376819111,0.5769256067601283,label_id,2,availability,T2ax,1,-1
Cerebral atrophy,213,0.9371917156950139,0.7233824081643988,label_id,2,availability,T2ax,1,-1
Encephalomalacia,25,0.8792011019283746,0.1333352129960744,label_id,2,availability,T2ax,1,-1
Arachnoid cyst,69,0.691009963768116,0.11764984850346269,label_id,2,availability,T2ax,1,-1
Empty sella syndrome,82,0.6917475303785297,0.15883849927585403,label_id,2,availability,T2ax,1,-1
Cerebral edema,23,0.8187907421804916,0.17295409739695006,label_id,2,availability,T2ax,1,-1
Mastoiditis,23,0.6765743675617487,0.04649239482077015,label_id,2,availability,T2ax,1,-1
Chronic mastoiditis,37,0.7204016516516517,0.05240300936830539,label_id,2,availability,T2ax,1,-1
Ventriculomegaly,131,0.8503907534906934,0.4165735432864245,label_id,2,availability,T2ax,1,-1
Cerebellar degeneration,43,0.8664980052544516,0.3315442954073113,label_id,2,availability,T2ax,1,-1
Mega cisterna magna,23,0.7410142934035047,0.04470325517893842,label_id,2,availability,T2ax,1,-1
Structure of cave of septum pellucidum,22,0.6692908466104344,0.044694176201754476,label_id,2,availability,T2ax,1,-1
Cerebral infarction,42,0.9095404015264642,0.37332027172195464,label_id,2,availability,T1ax,1,-1
Demyelinating disease of central nervous system,21,0.6486459968602826,0.12418868727028329,label_id,2,availability,T1ax,1,-1
Lacunar infarct,21,0.8956371009942438,0.13933153550284613,label_id,2,availability,T1ax,1,-1
Gliosis,451,0.7647787243422673,0.5903288592156188,label_id,2,availability,T1ax,1,-1
Cerebral atrophy,213,0.9368017174778629,0.7123108865179254,label_id,2,availability,T1ax,1,-1
Encephalomalacia,25,0.8837465564738293,0.1766544759961848,label_id,2,availability,T1ax,1,-1
Arachnoid cyst,69,0.6862442358366271,0.0968405507515062,label_id,2,availability,T1ax,1,-1
Empty sella syndrome,82,0.6945624617536499,0.149438995679981,label_id,2,availability,T1ax,1,-1
Cerebral edema,23,0.7984570300819329,0.14371281143586714,label_id,2,availability,T1ax,1,-1
Mastoiditis,23,0.6504395670115424,0.035727058706952954,label_id,2,availability,T1ax,1,-1
Chronic mastoiditis,37,0.7352852852852854,0.05639842252739779,label_id,2,availability,T1ax,1,-1
Ventriculomegaly,131,0.8664405703072718,0.4310211777057597,label_id,2,availability,T1ax,1,-1
Cerebellar degeneration,43,0.8990626317667283,0.36654088004206775,label_id,2,availability,T1ax,1,-1
Mega cisterna magna,23,0.7440643502182884,0.04568459967360137,label_id,2,availability,T1ax,1,-1
Structure of cave of septum pellucidum,22,0.6251796313651984,0.046256347091339904,label_id,2,availability,T1ax,1,-1
Cerebral infarction,42,0.9197278911564626,0.3035816808091383,label_id,2,availability,FLAIRax+T2cor,2,-1
Demyelinating disease of central nervous system,21,0.7010400313971742,0.13985409405313096,label_id,2,availability,FLAIRax+T2cor,2,-1
Lacunar infarct,21,0.9089809000523286,0.11554960835167993,label_id,2,availability,FLAIRax+T2cor,2,-1
Gliosis,451,0.7668080030082597,0.6082226292993672,label_id,2,availability,FLAIRax+T2cor,2,-1
Cerebral atrophy,213,0.9519967908718131,0.7827312916938842,label_id,2,availability,FLAIRax+T2cor,2,-1
Encephalomalacia,25,0.8782644628099173,0.19297943210892263,label_id,2,availability,FLAIRax+T2cor,2,-1
Arachnoid cyst,69,0.6783802700922266,0.12148891131391311,label_id,2,availability,FLAIRax+T2cor,2,-1
Empty sella syndrome,82,0.7020718594282717,0.14159228288092257,label_id,2,availability,FLAIRax+T2cor,2,-1
Cerebral edema,23,0.8376891334250344,0.2059682126980162,label_id,2,availability,FLAIRax+T2cor,2,-1
Mastoiditis,23,0.640930566353687,0.050447747072692076,label_id,2,availability,FLAIRax+T2cor,2,-1
Chronic mastoiditis,37,0.752364864864865,0.059790253155474565,label_id,2,availability,FLAIRax+T2cor,2,-1
Ventriculomegaly,131,0.883034833206674,0.4346595750895336,label_id,2,availability,FLAIRax+T2cor,2,-1
Cerebellar degeneration,43,0.8955758814180533,0.3156185321309393,label_id,2,availability,FLAIRax+T2cor,2,-1
Mega cisterna magna,23,0.7133843669636983,0.03821573238376194,label_id,2,availability,FLAIRax+T2cor,2,-1
Structure of cave of septum pellucidum,22,0.6749765698219307,0.06332608777683428,label_id,2,availability,FLAIRax+T2cor,2,-1
Cerebral infarction,42,0.9207400033184006,0.31236216425141783,label_id,2,availability,T2ax+T2cor,2,-1
Demyelinating disease of central nervous system,21,0.6991104133961277,0.07932670053154395,label_id,2,availability,T2ax+T2cor,2,-1
Lacunar infarct,21,0.9177459445316587,0.1321633516387325,label_id,2,availability,T2ax+T2cor,2,-1
Gliosis,451,0.7678431728495914,0.5963362152744828,label_id,2,availability,T2ax+T2cor,2,-1
Cerebral atrophy,213,0.9424696915671242,0.7399930258332951,label_id,2,availability,T2ax+T2cor,2,-1
Encephalomalacia,25,0.8744903581267218,0.1658140211542136,label_id,2,availability,T2ax+T2cor,2,-1
Arachnoid cyst,69,0.6846385046113306,0.11394564255499444,label_id,2,availability,T2ax+T2cor,2,-1
Empty sella syndrome,82,0.697639653815893,0.14936168811784595,label_id,2,availability,T2ax+T2cor,2,-1
Cerebral edema,23,0.8236349500627953,0.17508388851180925,label_id,2,availability,T2ax+T2cor,2,-1
Mastoiditis,23,0.6687997129358292,0.04652870868687673,label_id,2,availability,T2ax+T2cor,2,-1
Chronic mastoiditis,37,0.7332582582582582,0.05515021535948941,label_id,2,availability,T2ax+T2cor,2,-1
Ventriculomegaly,131,0.8599355738801991,0.42451883627711307,label_id,2,availability,T2ax+T2cor,2,-1
Cerebellar degeneration,43,0.8750608154130584,0.33698988568288074,label_id,2,availability,T2ax+T2cor,2,-1
Mega cisterna magna,23,0.7260929370252975,0.03751368163133154,label_id,2,availability,T2ax+T2cor,2,-1
Structure of cave of septum pellucidum,22,0.6727585129646986,0.047354814779627184,label_id,2,availability,T2ax+T2cor,2,-1
Cerebral infarction,42,0.9165090426414468,0.3161686562890071,label_id,2,availability,T2ax+FLAIRax,2,-1
Demyelinating disease of central nervous system,21,0.6777210884353742,0.09268330465491097,label_id,2,availability,T2ax+FLAIRax,2,-1
Lacunar infarct,21,0.9131998953427525,0.12174428810584874,label_id,2,availability,T2ax+FLAIRax,2,-1
Gliosis,451,0.7646231247001465,0.5908815736882268,label_id,2,availability,T2ax+FLAIRax,2,-1
Cerebral atrophy,213,0.9509233672074643,0.7804802313263194,label_id,2,availability,T2ax+FLAIRax,2,-1
Encephalomalacia,25,0.8830303030303032,0.1509377419218584,label_id,2,availability,T2ax+FLAIRax,2,-1
Arachnoid cyst,69,0.6858839756258235,0.12503947272020208,label_id,2,availability,T2ax+FLAIRax,2,-1
Empty sella syndrome,82,0.6975260075181396,0.14541689920586884,label_id,2,availability,T2ax+FLAIRax,2,-1
Cerebral edema,23,0.8324860953292268,0.20016277693116422,label_id,2,availability,T2ax+FLAIRax,2,-1
Mastoiditis,23,0.6625201841995096,0.04891094741517894,label_id,2,availability,T2ax+FLAIRax,2,-1
Chronic mastoiditis,37,0.7336524024024025,0.05502956681671995,label_id,2,availability,T2ax+FLAIRax,2,-1
Ventriculomegaly,131,0.8784183841293965,0.4432134823639152,label_id,2,availability,T2ax+FLAIRax,2,-1
Cerebellar degeneration,43,0.8880672050857903,0.3654827658305486,label_id,2,availability,T2ax+FLAIRax,2,-1
Mega cisterna magna,23,0.747712457388912,0.04951430377547099,label_id,2,availability,T2ax+FLAIRax,2,-1
Structure of cave of septum pellucidum,22,0.6744142455482662,0.05307171680997279,label_id,2,availability,T2ax+FLAIRax,2,-1
Cerebral infarction,42,0.9210386593661855,0.3732164556553161,label_id,2,availability,T1ax+T2cor,2,-1
Demyelinating disease of central nervous system,21,0.7060766614338042,0.1378030379395143,label_id,2,availability,T1ax+T2cor,2,-1
Lacunar infarct,21,0.9070185766614338,0.1467398998566096,label_id,2,availability,T1ax+T2cor,2,-1
Gliosis,451,0.7711345375016747,0.6120137125941396,label_id,2,availability,T1ax+T2cor,2,-1
Cerebral atrophy,213,0.9451365365186902,0.7453679718307978,label_id,2,availability,T1ax+T2cor,2,-1
Encephalomalacia,25,0.8777134986225895,0.19993114195597916,label_id,2,availability,T1ax+T2cor,2,-1
Arachnoid cyst,69,0.6841444334650857,0.11136168480849686,label_id,2,availability,T1ax+T2cor,2,-1
Empty sella syndrome,82,0.6995279307631787,0.14963778141995246,label_id,2,availability,T1ax+T2cor,2,-1
Cerebral edema,23,0.8076072005262843,0.1410078213093101,label_id,2,availability,T1ax+T2cor,2,-1
Mastoiditis,23,0.6755875844746126,0.040360313322158954,label_id,2,availability,T1ax+T2cor,2,-1
Chronic mastoiditis,37,0.7370683183183184,0.05686608786585798,label_id,2,availability,T1ax+T2cor,2,-1
Ventriculomegaly,131,0.8672799246849585,0.4337588267435091,label_id,2,availability,T1ax+T2cor,2,-1
Cerebellar degeneration,43,0.8910512146865168,0.3378935064350296,label_id,2,availability,T1ax+T2cor,2,-1
Mega cisterna magna,23,0.7263321571676334,0.03642057356599984,label_id,2,availability,T1ax+T2cor,2,-1
Structure of cave of septum pellucidum,22,0.669978131833802,0.05107411235344579,label_id,2,availability,T1ax+T2cor,2,-1
Cerebral infarction,42,0.9135722581715613,0.3580925888539462,label_id,2,availability,T1ax+FLAIRax,2,-1
Demyelinating disease of central nervous system,21,0.667647828362114,0.1330519076026869,label_id,2,availability,T1ax+FLAIRax,2,-1
Lacunar infarct,21,0.902276295133438,0.11896766988380322,label_id,2,availability,T1ax+FLAIRax,2,-1
Gliosis,451,0.7643486642202946,0.6000170395451289,label_id,2,availability,T1ax+FLAIRax,2,-1
Cerebral atrophy,213,0.9524982171510074,0.7804157162575457,label_id,2,availability,T1ax+FLAIRax,2,-1
Encephalomalacia,25,0.8824517906336088,0.208349814649041,label_id,2,availability,T1ax+FLAIRax,2,-1
Arachnoid cyst,69,0.6840209156785243,0.11043734952804415,label_id,2,availability,T1ax+FLAIRax,2,-1
Empty sella syndrome,82,0.701398723664656,0.14410951868603988,label_id,2,availability,T1ax+FLAIRax,2,-1
Cerebral edema,23,0.8337120985586985,0.18249966340600354,label_id,2,availability,T1ax+FLAIRax,2,-1
Mastoiditis,23,0.6398839782309671,0.04268480096681714,label_id,2,availability,T1ax+FLAIRax,2,-1
Chronic mastoiditis,37,0.7546171171171172,0.05904695359234794,label_id,2,availability,T1ax+FLAIRax,2,-1
Ventriculomegaly,131,0.8855528963397343,0.44161283156293624,label_id,2,availability,T1ax+FLAIRax,2,-1
Cerebellar degeneration,43,0.900116765593072,0.3651244905965101,label_id,2,availability,T1ax+FLAIRax,2,-1
Mega cisterna magna,23,0.7519287123975839,0.05099417481299497,label_id,2,availability,T1ax+FLAIRax,2,-1
Structure of cave of septum pellucidum,22,0.6563573883161512,0.05473668883749755,label_id,2,availability,T1ax+FLAIRax,2,-1
Cerebral infarction,42,0.9168906587025053,0.3445905319069414,label_id,2,availability,T1ax+T2ax,2,-1
Demyelinating disease of central nervous system,21,0.6702642595499738,0.07797156227366504,label_id,2,availability,T1ax+T2ax,2,-1
Lacunar infarct,21,0.9128401360544217,0.1308371152446147,label_id,2,availability,T1ax+T2ax,2,-1
Gliosis,451,0.767320185163574,0.5898082223704877,label_id,2,availability,T1ax+T2ax,2,-1
Cerebral atrophy,213,0.9417379806263743,0.7383487585695813,label_id,2,availability,T1ax+T2ax,2,-1
Encephalomalacia,25,0.8877961432506887,0.15153966464841712,label_id,2,availability,T1ax+T2ax,2,-1
Arachnoid cyst,69,0.6940670289855072,0.11338065688486207,label_id,2,availability,T1ax+T2ax,2,-1
Empty sella syndrome,82,0.6935746131654866,0.15935953240234244,label_id,2,availability,T1ax+T2ax,2,-1
Cerebral edema,23,0.8183123018958196,0.1708946104027273,label_id,2,availability,T1ax+T2ax,2,-1
Mastoiditis,23,0.6791459840918606,0.045517278123060424,label_id,2,availability,T1ax+T2ax,2,-1
Chronic mastoiditis,37,0.7335585585585586,0.054748127943492826,label_id,2,availability,T1ax+T2ax,2,-1
Ventriculomegaly,131,0.8598675181198462,0.4341359027021171,label_id,2,availability,T1ax+T2ax,2,-1
Cerebellar degeneration,43,0.8805098764230808,0.3696574921596519,label_id,2,availability,T1ax+T2ax,2,-1
Mega cisterna magna,23,0.7477124573889121,0.047230552944873445,label_id,2,availability,T1ax+T2ax,2,-1
Structure of cave of septum pellucidum,22,0.6657606997813184,0.046832396339697074,label_id,2,availability,T1ax+T2ax,2,-1
Cerebral infarction,42,0.9204579392732704,0.3176930997434687,label_id,2,availability,T2ax+FLAIRax+T2cor,3,-1
Demyelinating disease of central nervous system,21,0.6943681318681318,0.09665576147062449,label_id,2,availability,T2ax+FLAIRax+T2cor,3,-1
Lacunar infarct,21,0.9146716378859235,0.122184306109028,label_id,2,availability,T2ax+FLAIRax+T2cor,3,-1
Gliosis,451,0.7683942549154359,0.6006309847236663,label_id,2,availability,T2ax+FLAIRax+T2cor,3,-1
Cerebral atrophy,213,0.9510273667320378,0.7765472869312643,label_id,2,availability,T2ax+FLAIRax+T2cor,3,-1
Encephalomalacia,25,0.8830027548209367,0.16018283846023418,label_id,2,availability,T2ax+FLAIRax+T2cor,3,-1
Arachnoid cyst,69,0.6846487977602107,0.11795061754800398,label_id,2,availability,T2ax+FLAIRax+T2cor,3,-1
Empty sella syndrome,82,0.6997639653815892,0.1471957267842056,label_id,2,availability,T2ax+FLAIRax+T2cor,3,-1
Cerebral edema,23,0.8338317086298666,0.20318565091192492,label_id,2,availability,T2ax+FLAIRax+T2cor,3,-1
Mastoiditis,23,0.657347048621494,0.04683005737521324,label_id,2,availability,T2ax+FLAIRax+T2cor,3,-1
Chronic mastoiditis,37,0.7420608108108108,0.05704287032304674,label_id,2,availability,T2ax+FLAIRax+T2cor,3,-1
Ventriculomegaly,131,0.876648934360219,0.4423756673170922,label_id,2,availability,T2ax+FLAIRax+T2cor,3,-1
Cerebellar degeneration,43,0.8887159028250786,0.35427309657452327,label_id,2,availability,T2ax+FLAIRax+T2cor,3,-1
Mega cisterna magna,23,0.732761198492913,0.04135328377084866,label_id,2,availability,T2ax+FLAIRax+T2cor,3,-1
Structure of cave of septum pellucidum,22,0.6759762574195564,0.0581884634590526,label_id,2,availability,T2ax+FLAIRax+T2cor,3,-1
Cerebral infarction,42,0.9206072672971627,0.35155025845227145,label_id,2,availability,T1ax+FLAIRax+T2cor,3,-1
Demyelinating disease of central nervous system,21,0.691751700680272,0.1381485984542487,label_id,2,availability,T1ax+FLAIRax+T2cor,3,-1
Lacunar infarct,21,0.9085557299843013,0.13167173981982289,label_id,2,availability,T1ax+FLAIRax+T2cor,3,-1
Gliosis,451,0.7703327671235245,0.6112500333815384,label_id,2,availability,T1ax+FLAIRax+T2cor,3,-1
Cerebral atrophy,213,0.9532819278540442,0.7801414070576587,label_id,2,availability,T1ax+FLAIRax+T2cor,3,-1
Encephalomalacia,25,0.8843801652892562,0.20492066476256052,label_id,2,availability,T1ax+FLAIRax+T2cor,3,-1
Arachnoid cyst,69,0.6828269104084321,0.12555511965545418,label_id,2,availability,T1ax+FLAIRax+T2cor,3,-1
Empty sella syndrome,82,0.7031995803829005,0.1457225123700087,label_id,2,availability,T1ax+FLAIRax+T2cor,3,-1
Cerebral edema,23,0.8343699539501226,0.19481182697495858,label_id,2,availability,T1ax+FLAIRax+T2cor,3,-1
Mastoiditis,23,0.6525028407391902,0.044129449520432476,label_id,2,availability,T1ax+FLAIRax+T2cor,3,-1
Chronic mastoiditis,37,0.7513701201201202,0.06028141105180341,label_id,2,availability,T1ax+FLAIRax+T2cor,3,-1
Ventriculomegaly,131,0.8816680466862516,0.438733979996293,label_id,2,availability,T1ax+FLAIRax+T2cor,3,-1
Cerebellar degeneration,43,0.8989653271058351,0.3363520825951883,label_id,2,availability,T1ax+FLAIRax+T2cor,3,-1
Mega cisterna magna,23,0.7351533999162729,0.04114697136738679,label_id,2,availability,T1ax+FLAIRax+T2cor,3,-1
Structure of cave of septum pellucidum,22,0.6712589815682599,0.06084400292595147,label_id,2,availability,T1ax+FLAIRax+T2cor,3,-1
Cerebral infarction,42,0.9218516674962668,0.3527623190646739,label_id,2,availability,T1ax+T2ax+T2cor,3,-1
Demyelinating disease of central nervous system,21,0.6932888540031397,0.0877678351049504,label_id,2,availability,T1ax+T2ax+T2cor,3,-1
Lacunar infarct,21,0.9153911564625851,0.13836559240695723,label_id,2,availability,T1ax+T2ax+T2cor,3,-1
Gliosis,451,0.7706666580222422,0.59995617227583,label_id,2,availability,T1ax+T2ax+T2cor,3,-1
Cerebral atrophy,213,0.9449359660070125,0.7478789494038229,label_id,2,availability,T1ax+T2ax+T2cor,3,-1
Encephalomalacia,25,0.8833608815426996,0.18687691507599227,label_id,2,availability,T1ax+T2ax+T2cor,3,-1
Arachnoid cyst,69,0.6890954380764164,0.11197085590403232,label_id,2,availability,T1ax+T2ax+T2cor,3,-1
Empty sella syndrome,82,0.6983127895795087,0.15710834195101003,label_id,2,availability,T1ax+T2ax+T2cor,3,-1
Cerebral edema,23,0.8221996292087793,0.17037401273794434,label_id,2,availability,T1ax+T2ax+T2cor,3,-1
Mastoiditis,23,0.6751390467077327,0.045127861471739986,label_id,2,availability,T1ax+T2ax+T2cor,3,-1
Chronic mastoiditis,37,0.7386448948948949,0.056580438147383665,label_id,2,availability,T1ax+T2ax+T2cor,3,-1
Ventriculomegaly,131,0.8637863956535055,0.4371294515916053,label_id,2,availability,T1ax+T2ax+T2cor,3,-1
Cerebellar degeneration,43,0.8826343615192501,0.3590358523125805,label_id,2,availability,T1ax+T2ax+T2cor,3,-1
Mega cisterna magna,23,0.7388015070868967,0.040304180148185514,label_id,2,availability,T1ax+T2ax+T2cor,3,-1
Structure of cave of septum pellucidum,22,0.6705716963448923,0.04927680912745207,label_id,2,availability,T1ax+T2ax+T2cor,3,-1
Cerebral infarction,42,0.9171727227476356,0.34019545983259275,label_id,2,availability,T1ax+T2ax+FLAIRax,3,-1
Demyelinating disease of central nervous system,21,0.675595238095238,0.1326449018178927,label_id,2,availability,T1ax+T2ax+FLAIRax,3,-1
Lacunar infarct,21,0.9114992150706437,0.12728329004871355,label_id,2,availability,T1ax+T2ax+FLAIRax,3,-1
Gliosis,451,0.7673374740126987,0.5956988240382852,label_id,2,availability,T1ax+T2ax+FLAIRax,3,-1
Cerebral atrophy,213,0.9515250787424971,0.7772808976538103,label_id,2,availability,T1ax+T2ax+FLAIRax,3,-1
Encephalomalacia,25,0.8878512396694215,0.16754098421664862,label_id,2,availability,T1ax+T2ax+FLAIRax,3,-1
Arachnoid cyst,69,0.689754199604743,0.12094496808149527,label_id,2,availability,T1ax+T2ax+FLAIRax,3,-1
Empty sella syndrome,82,0.6983127895795087,0.14828720129594733,label_id,2,availability,T1ax+T2ax+FLAIRax,3,-1
Cerebral edema,23,0.8318282399378027,0.19568976064303087,label_id,2,availability,T1ax+T2ax+FLAIRax,3,-1
Mastoiditis,23,0.6659290712277974,0.04497622445658679,label_id,2,availability,T1ax+T2ax+FLAIRax,3,-1
Chronic mastoiditis,37,0.7428115615615616,0.0573541048674084,label_id,2,availability,T1ax+T2ax+FLAIRax,3,-1
Ventriculomegaly,131,0.8782766012953279,0.4433329176723802,label_id,2,availability,T1ax+T2ax+FLAIRax,3,-1
Cerebellar degeneration,43,0.8925432194868801,0.3738831075019976,label_id,2,availability,T1ax+T2ax+FLAIRax,3,-1
Mega cisterna magna,23,0.7517492972908318,0.049468555488179654,label_id,2,availability,T1ax+T2ax+FLAIRax,3,-1
Structure of cave of septum pellucidum,22,0.6711652608559825,0.05341166783139809,label_id,2,availability,T1ax+T2ax+FLAIRax,3,-1
Cerebral infarction,42,0.9208561473369836,0.3411361226592921,label_id,2,availability,T1ax+T2ax+FLAIRax+T2cor,4,-1
Demyelinating disease of central nervous system,21,0.6894623233908949,0.13543106888277778,label_id,2,availability,T1ax+T2ax+FLAIRax+T2cor,4,-1
Lacunar infarct,21,0.9137558869701726,0.12775452603732168,label_id,2,availability,T1ax+T2ax+FLAIRax+T2cor,4,-1
Gliosis,451,0.7701663619507009,0.6039401344858182,label_id,2,availability,T1ax+T2ax+FLAIRax+T2cor,4,-1
Cerebral atrophy,213,0.9515027931300885,0.7761066093983029,label_id,2,availability,T1ax+T2ax+FLAIRax+T2cor,4,-1
Encephalomalacia,25,0.8862258953168044,0.16984592189606346,label_id,2,availability,T1ax+T2ax+FLAIRax+T2cor,4,-1
Arachnoid cyst,69,0.6875411725955204,0.12408081597286508,label_id,2,availability,T1ax+T2ax+FLAIRax+T2cor,4,-1
Empty sella syndrome,82,0.700524521374246,0.14882860800472253,label_id,2,availability,T1ax+T2ax+FLAIRax+T2cor,4,-1
Cerebral edema,23,0.8326954129537707,0.1990198157598957,label_id,2,availability,T1ax+T2ax+FLAIRax+T2cor,4,-1
Mastoiditis,23,0.6627893068596376,0.04635385827227502,label_id,2,availability,T1ax+T2ax+FLAIRax+T2cor,4,-1
Chronic mastoiditis,37,0.7451576576576577,0.0583507448433356,label_id,2,availability,T1ax+T2ax+FLAIRax+T2cor,4,-1
Ventriculomegaly,131,0.8765978925399543,0.4433514015705049,label_id,2,availability,T1ax+T2ax+FLAIRax+T2cor,4,-1
Cerebellar degeneration,43,0.891926956634556,0.3617567670181519,label_id,2,availability,T1ax+T2ax+FLAIRax+T2cor,4,-1
Mega cisterna magna,23,0.7425692243286884,0.043015626505300886,label_id,2,availability,T1ax+T2ax+FLAIRax+T2cor,4,-1
Structure of cave of septum pellucidum,22,0.6740706029365824,0.05855850603571494,label_id,2,availability,T1ax+T2ax+FLAIRax+T2cor,4,-1
Cerebral infarction,42,0.9133399701343952,0.3175695783420721,label_id,2,budget,all4,1,1
Demyelinating disease of central nervous system,21,0.6520800627943485,0.09112495272712179,label_id,2,budget,all4,1,1
Lacunar infarct,21,0.9071821036106751,0.11943395178209278,label_id,2,budget,all4,1,1
Gliosis,451,0.7636765602105782,0.5806021074190817,label_id,2,budget,all4,1,1
Cerebral atrophy,213,0.9475025257027396,0.7754855963899202,label_id,2,budget,all4,1,1
Encephalomalacia,25,0.8782920110192838,0.1184738824214919,label_id,2,budget,all4,1,1
Arachnoid cyst,69,0.6760334321475625,0.11518025363298101,label_id,2,budget,all4,1,1
Empty sella syndrome,82,0.6913541393478451,0.13915386051215994,label_id,2,budget,all4,1,1
Cerebral edema,23,0.8199868428921715,0.21476167732528254,label_id,2,budget,all4,1,1
Mastoiditis,23,0.6745708988696848,0.04515934179321322,label_id,2,budget,all4,1,1
Chronic mastoiditis,37,0.715015015015015,0.05311819855862863,label_id,2,budget,all4,1,1
Ventriculomegaly,131,0.8793484795208875,0.43235385745292,label_id,2,budget,all4,1,1
Cerebellar degeneration,43,0.8712334987512568,0.31034358946408963,label_id,2,budget,all4,1,1
Mega cisterna magna,23,0.734914179773937,0.04269792583114828,label_id,2,budget,all4,1,1
Structure of cave of septum pellucidum,22,0.6779443923773821,0.05943476478381636,label_id,2,budget,all4,1,1
Cerebral infarction,42,0.916558818649411,0.33345687524385564,label_id,2,budget,all4,2,2
Demyelinating disease of central nervous system,21,0.6696755625327053,0.09230429398944581,label_id,2,budget,all4,2,2
Lacunar infarct,21,0.9122187336473051,0.11418129207827452,label_id,2,budget,all4,2,2
Gliosis,451,0.7686319765908982,0.5999111705321605,label_id,2,budget,all4,2,2
Cerebral atrophy,213,0.9504665121530873,0.7742892115842955,label_id,2,budget,all4,2,2
Encephalomalacia,25,0.8832506887052343,0.1462138532891495,label_id,2,budget,all4,2,2
Arachnoid cyst,69,0.687592638339921,0.11467818355269402,label_id,2,budget,all4,2,2
Empty sella syndrome,82,0.699029635457645,0.14952022573441076,label_id,2,budget,all4,2,2
Cerebral edema,23,0.8332934633096106,0.1846275940563207,label_id,2,budget,all4,2,2
Mastoiditis,23,0.672238502481909,0.04428887053283229,label_id,2,budget,all4,2,2
Chronic mastoiditis,37,0.7485548048048049,0.05944473837754375,label_id,2,budget,all4,2,2
Ventriculomegaly,131,0.8693329401222735,0.42358979634736293,label_id,2,budget,all4,2,2
Cerebellar degeneration,43,0.8892510784599915,0.3423643198032475,label_id,2,budget,all4,2,2
Mega cisterna magna,23,0.71775013456133,0.04076149438258372,label_id,2,budget,all4,2,2
Structure of cave of septum pellucidum,22,0.6843798812870977,0.056770965332493054,label_id,2,budget,all4,2,2
Cerebral infarction,42,0.9194126431060229,0.3363164649369011,label_id,2,budget,all4,3,3
Demyelinating disease of central nervous system,21,0.6692830978545263,0.1312780193000098,label_id,2,budget,all4,3,3
Lacunar infarct,21,0.9105507587650444,0.13255213185329176,label_id,2,budget,all4,3,3
Gliosis,451,0.7677416008609848,0.6010272005936298,label_id,2,budget,all4,3,3
Cerebral atrophy,213,0.9498350864681762,0.763447673195894,label_id,2,budget,all4,3,3
Encephalomalacia,25,0.8884297520661157,0.18722964157497127,label_id,2,budget,all4,3,3
Arachnoid cyst,69,0.6929656620553359,0.11359986029746671,label_id,2,budget,all4,3,3
Empty sella syndrome,82,0.6983827257627414,0.14675399879976542,label_id,2,budget,all4,3,3
Cerebral edema,23,0.8243227079720113,0.1794245722759353,label_id,2,budget,all4,3,3
Mastoiditis,23,0.6603672029184857,0.04185035108691629,label_id,2,budget,all4,3,3
Chronic mastoiditis,37,0.7591966966966968,0.061622068524132205,label_id,2,budget,all4,3,3
Ventriculomegaly,131,0.8716241507208239,0.4433624684242784,label_id,2,budget,all4,3,3
Cerebellar degeneration,43,0.893305439330544,0.3471863539575431,label_id,2,budget,all4,3,3
Mega cisterna magna,23,0.7419113689372645,0.04276119951791186,label_id,2,budget,all4,3,3
Structure of cave of septum pellucidum,22,0.6726335520149953,0.057283015790507284,label_id,2,budget,all4,3,3
Cerebral infarction,42,0.9213207234113157,0.34886131072641335,label_id,2,budget,all4,4,4
Demyelinating disease of central nervous system,21,0.6850143903715332,0.1363096891629141,label_id,2,budget,all4,4,4
Lacunar infarct,21,0.9127093144950288,0.13521192023082954,label_id,2,budget,all4,4,4
Gliosis,451,0.7712901371437956,0.6079216113212864,label_id,2,budget,all4,4,4
Cerebral atrophy,213,0.9509382242824033,0.7702861138540283,label_id,2,budget,all4,4,4
Encephalomalacia,25,0.8836088154269973,0.19925329079503837,label_id,2,budget,all4,4,4
Arachnoid cyst,69,0.6881587615283267,0.11345917028951029,label_id,2,budget,all4,4,4
Empty sella syndrome,82,0.7018707929014775,0.15030691962713036,label_id,2,budget,all4,4,4
Cerebral edema,23,0.8247114407033072,0.17921630946883194,label_id,2,budget,all4,4,4
Mastoiditis,23,0.6596495424914778,0.04204421403864221,label_id,2,budget,all4,4,4
Chronic mastoiditis,37,0.7463213213213213,0.057863225202255765,label_id,2,budget,all4,4,4
Ventriculomegaly,131,0.8750638022753309,0.4447509535767722,label_id,2,budget,all4,4,4
Cerebellar degeneration,43,0.8923323927216114,0.365722369376353,label_id,2,budget,all4,4,4
Mega cisterna magna,23,0.7392201423359847,0.04301354643399101,label_id,2,budget,all4,4,4
Structure of cave of septum pellucidum,22,0.666135582630428,0.05541351248900654,label_id,2,budget,all4,4,4
Cerebral infarction,42,0.918566450970632,0.3156375091321503,queryseq,2,availability,T2cor,1,-1
Demyelinating disease of central nervous system,21,0.717556253270539,0.13591148792606517,queryseq,2,availability,T2cor,1,-1
Lacunar infarct,21,0.9094714809000524,0.14998107247600656,queryseq,2,availability,T2cor,1,-1
Gliosis,451,0.7635166383561762,0.6110992866288244,queryseq,2,availability,T2cor,1,-1
Cerebral atrophy,213,0.9388891365068045,0.7255403747271599,queryseq,2,availability,T2cor,1,-1
Encephalomalacia,25,0.8498071625344352,0.17601806721466962,queryseq,2,availability,T2cor,1,-1
Arachnoid cyst,69,0.6847208498023716,0.1035629174387516,queryseq,2,availability,T2cor,1,-1
Empty sella syndrome,82,0.6869219337354664,0.13761966774045997,queryseq,2,availability,T2cor,1,-1
Cerebral edema,23,0.8010884516476288,0.18856558790581504,queryseq,2,availability,T2cor,1,-1
Mastoiditis,23,0.6361162609891753,0.03139216364072619,queryseq,2,availability,T2cor,1,-1
Chronic mastoiditis,37,0.7540915915915917,0.059089124074196614,queryseq,2,availability,T2cor,1,-1
Ventriculomegaly,131,0.8585461021063258,0.40359151308938446,queryseq,2,availability,T2cor,1,-1
Cerebellar degeneration,43,0.8753689468392203,0.27890727478963095,queryseq,2,availability,T2cor,1,-1
Mega cisterna magna,23,0.6722385024819089,0.031127460929483212,queryseq,2,availability,T2cor,1,-1
Structure of cave of septum pellucidum,22,0.6895345204623555,0.04488700031969159,queryseq,2,availability,T2cor,1,-1
Cerebral infarction,42,0.9129417620706819,0.25669656992308043,queryseq,2,availability,FLAIRax,1,-1
Demyelinating disease of central nervous system,21,0.6207155939298796,0.0637369169929431,queryseq,2,availability,FLAIRax,1,-1
Lacunar infarct,21,0.8965528519099948,0.09981829421459125,queryseq,2,availability,FLAIRax,1,-1
Gliosis,451,0.7600631907435502,0.5949889185229951,queryseq,2,availability,FLAIRax,1,-1
Cerebral atrophy,213,0.9507376537707256,0.7851915602059772,queryseq,2,availability,FLAIRax,1,-1
Encephalomalacia,25,0.8756749311294767,0.18959451579748773,queryseq,2,availability,FLAIRax,1,-1
Arachnoid cyst,69,0.6702589756258234,0.10324582403018909,queryseq,2,availability,FLAIRax,1,-1
Empty sella syndrome,82,0.6866334469796311,0.1290297626007039,queryseq,2,availability,FLAIRax,1,-1
Cerebral edema,23,0.8504874110400096,0.1906088836417769,queryseq,2,availability,FLAIRax,1,-1
Mastoiditis,23,0.6478380479636385,0.03653422441515518,queryseq,2,availability,FLAIRax,1,-1
Chronic mastoiditis,37,0.7644519519519519,0.0580422192538917,queryseq,2,availability,FLAIRax,1,-1
Ventriculomegaly,131,0.8751857355126299,0.4309026711800655,queryseq,2,availability,FLAIRax,1,-1
Cerebellar degeneration,43,0.8997113295060167,0.33754949545669855,queryseq,2,availability,FLAIRax,1,-1
Mega cisterna magna,23,0.7366485258058728,0.05417887310646411,queryseq,2,availability,FLAIRax,1,-1
Structure of cave of septum pellucidum,22,0.6600437363323961,0.062109887452669696,queryseq,2,availability,FLAIRax,1,-1
Cerebral infarction,42,0.9114484818317571,0.3044252018574468,queryseq,2,availability,T2ax,1,-1
Demyelinating disease of central nervous system,21,0.6976059654631084,0.07422582351578418,queryseq,2,availability,T2ax,1,-1
Lacunar infarct,21,0.9139521193092621,0.14126089740661588,queryseq,2,availability,T2ax,1,-1
Gliosis,451,0.7638386431711207,0.5848188031714436,queryseq,2,availability,T2ax,1,-1
Cerebral atrophy,213,0.9415225530397576,0.7318850942600489,queryseq,2,availability,T2ax,1,-1
Encephalomalacia,25,0.8807713498622589,0.19671978921441455,queryseq,2,availability,T2ax,1,-1
Arachnoid cyst,69,0.6959609683794465,0.10619595971204465,queryseq,2,availability,T2ax,1,-1
Empty sella syndrome,82,0.6885829180872454,0.15069627999382956,queryseq,2,availability,T2ax,1,-1
Cerebral edema,23,0.8246217331499311,0.18290117532885786,queryseq,2,availability,T2ax,1,-1
Mastoiditis,23,0.6751988517433167,0.042123255630050524,queryseq,2,availability,T2ax,1,-1
Chronic mastoiditis,37,0.7446133633633634,0.0564517010312546,queryseq,2,availability,T2ax,1,-1
Ventriculomegaly,131,0.8505438789514876,0.4262601149160643,queryseq,2,availability,T2ax,1,-1
Cerebellar degeneration,43,0.8740228990301969,0.3504554832083027,queryseq,2,availability,T2ax,1,-1
Mega cisterna magna,23,0.7395191675139047,0.05339257265663524,queryseq,2,availability,T2ax,1,-1
Structure of cave of septum pellucidum,22,0.6788191190253046,0.053740657876633215,queryseq,2,availability,T2ax,1,-1
Cerebral infarction,42,0.910320225651236,0.36597770891557047,queryseq,2,availability,T1ax,1,-1
Demyelinating disease of central nervous system,21,0.6988487702773418,0.08021185238900905,queryseq,2,availability,T1ax,1,-1
Lacunar infarct,21,0.891941391941392,0.1657895885380852,queryseq,2,availability,T1ax,1,-1
Gliosis,451,0.7622264579902578,0.5905089525478631,queryseq,2,availability,T1ax,1,-1
Cerebral atrophy,213,0.9383728531526713,0.725945506286014,queryseq,2,availability,T1ax,1,-1
Encephalomalacia,25,0.8771900826446282,0.15832071805032458,queryseq,2,availability,T1ax,1,-1
Arachnoid cyst,69,0.6875823451910409,0.0924253397831433,queryseq,2,availability,T1ax,1,-1
Empty sella syndrome,82,0.6874551971326165,0.13617776851768731,queryseq,2,availability,T1ax,1,-1
Cerebral edema,23,0.7940912624843012,0.14750496612944078,queryseq,2,availability,T1ax,1,-1
Mastoiditis,23,0.6741821661383889,0.03733078493003434,queryseq,2,availability,T1ax,1,-1
Chronic mastoiditis,37,0.7432432432432433,0.057456416665711496,queryseq,2,availability,T1ax,1,-1
Ventriculomegaly,131,0.8601340698478955,0.4218657566132777,queryseq,2,availability,T1ax,1,-1
Cerebellar degeneration,43,0.9016898576108462,0.33675313431721,queryseq,2,availability,T1ax,1,-1
Mega cisterna magna,23,0.7349440822917289,0.04842479578571823,queryseq,2,availability,T1ax,1,-1
Structure of cave of septum pellucidum,22,0.637863167760075,0.07344249509535011,queryseq,2,availability,T1ax,1,-1
Cerebral infarction,42,0.9164758586361373,0.2831206600664218,queryseq,2,availability,FLAIRax+T2cor,2,-1
Demyelinating disease of central nervous system,21,0.6448521716378859,0.13951235618233596,queryseq,2,availability,FLAIRax+T2cor,2,-1
Lacunar infarct,21,0.9023090005232861,0.1195722695709782,queryseq,2,availability,FLAIRax+T2cor,2,-1
Gliosis,451,0.7707801160946218,0.6146219924242126,queryseq,2,availability,FLAIRax+T2cor,2,-1
Cerebral atrophy,213,0.9544927794615796,0.7858123917742043,queryseq,2,availability,FLAIRax+T2cor,2,-1
Encephalomalacia,25,0.880771349862259,0.1867131621035077,queryseq,2,availability,FLAIRax+T2cor,2,-1
Arachnoid cyst,69,0.6855751811594203,0.1001012679196493,queryseq,2,availability,FLAIRax+T2cor,2,-1
Empty sella syndrome,82,0.689334732056998,0.13723352893324658,queryseq,2,availability,FLAIRax+T2cor,2,-1
Cerebral edema,23,0.8517433167872734,0.1896943580565929,queryseq,2,availability,FLAIRax+T2cor,2,-1
Mastoiditis,23,0.6495723939955744,0.03975699771302808,queryseq,2,availability,FLAIRax+T2cor,2,-1
Chronic mastoiditis,37,0.7712087087087087,0.06278213581451786,queryseq,2,availability,FLAIRax+T2cor,2,-1
Ventriculomegaly,131,0.8771139820559646,0.43599511134067936,queryseq,2,availability,FLAIRax+T2cor,2,-1
Cerebellar degeneration,43,0.8924621322694691,0.3320446478819095,queryseq,2,availability,FLAIRax+T2cor,2,-1
Mega cisterna magna,23,0.7007356019376831,0.03761209686263294,queryseq,2,availability,FLAIRax+T2cor,2,-1
Structure of cave of septum pellucidum,22,0.6882224304904717,0.055192988765035374,queryseq,2,availability,FLAIRax+T2cor,2,-1
Cerebral infarction,42,0.9182014269122283,0.32122176400243047,queryseq,2,availability,T2ax+T2cor,2,-1
Demyelinating disease of central nervous system,21,0.6997318158032444,0.0766359116388275,queryseq,2,availability,T2ax+T2cor,2,-1
Lacunar infarct,21,0.9167974882260597,0.1597230713703669,queryseq,2,availability,T2ax+T2cor,2,-1
Gliosis,451,0.7691463198523533,0.6011506309868061,queryseq,2,availability,T2ax+T2cor,2,-1
Cerebral atrophy,213,0.9467893861056635,0.7510884981746567,queryseq,2,availability,T2ax+T2cor,2,-1
Encephalomalacia,25,0.8795316804407713,0.2000109882460533,queryseq,2,availability,T2ax+T2cor,2,-1
Arachnoid cyst,69,0.6975049407114625,0.10537959403586161,queryseq,2,availability,T2ax+T2cor,2,-1
Empty sella syndrome,82,0.69353964507387,0.13892549245341582,queryseq,2,availability,T2ax+T2cor,2,-1
Cerebral edema,23,0.8279110101070509,0.182182448133071,queryseq,2,availability,T2ax+T2cor,2,-1
Mastoiditis,23,0.6702051312720532,0.0378598755657676,queryseq,2,availability,T2ax+T2cor,2,-1
Chronic mastoiditis,37,0.7565878378378379,0.05949885653460279,queryseq,2,availability,T2ax+T2cor,2,-1
Ventriculomegaly,131,0.8600490001474542,0.42587116373404493,queryseq,2,availability,T2ax+T2cor,2,-1
Cerebellar degeneration,43,0.8794233077097726,0.34016866615084357,queryseq,2,availability,T2ax+T2cor,2,-1
Mega cisterna magna,23,0.7200227259135219,0.03972259261485372,queryseq,2,availability,T2ax+T2cor,2,-1
Structure of cave of septum pellucidum,22,0.684348641049672,0.05222105632383744,queryseq,2,availability,T2ax+T2cor,2,-1
Cerebral infarction,42,0.9144018583042973,0.30018927972041737,queryseq,2,availability,T2ax+FLAIRax,2,-1
Demyelinating disease of central nervous system,21,0.6484824699110414,0.07949314573232631,queryseq,2,availability,T2ax+FLAIRax,2,-1
Lacunar infarct,21,0.905056253270539,0.12017560410992124,queryseq,2,availability,T2ax+FLAIRax,2,-1
Gliosis,451,0.7685455323452757,0.595096091178486,queryseq,2,availability,T2ax+FLAIRax,2,-1
Cerebral atrophy,213,0.95278050157485,0.7849578826523177,queryseq,2,availability,T2ax+FLAIRax,2,-1
Encephalomalacia,25,0.8865289256198348,0.17928403627021366,queryseq,2,availability,T2ax+FLAIRax,2,-1
Arachnoid cyst,69,0.6920083992094862,0.10614161062278368,queryseq,2,availability,T2ax+FLAIRax,2,-1
Empty sella syndrome,82,0.6902701285077366,0.14057696383995952,queryseq,2,availability,T2ax+FLAIRax,2,-1
Cerebral edema,23,0.843550026912266,0.19910607758419796,queryseq,2,availability,T2ax+FLAIRax,2,-1
Mastoiditis,23,0.6697266909873811,0.043862417785807094,queryseq,2,availability,T2ax+FLAIRax,2,-1
Chronic mastoiditis,37,0.7560623123123124,0.05837764176851513,queryseq,2,availability,T2ax+FLAIRax,2,-1
Ventriculomegaly,131,0.8688452071730772,0.4411757222514483,queryseq,2,availability,T2ax+FLAIRax,2,-1
Cerebellar degeneration,43,0.8861211118679251,0.3590246230838821,queryseq,2,availability,T2ax+FLAIRax,2,-1
Mega cisterna magna,23,0.7405059506010406,0.05207789759262347,queryseq,2,availability,T2ax+FLAIRax,2,-1
Structure of cave of septum pellucidum,22,0.6848797250859107,0.06140637118592379,queryseq,2,availability,T2ax+FLAIRax,2,-1
Cerebral infarction,42,0.9211050273768042,0.38032337058349475,queryseq,2,availability,T1ax+T2cor,2,-1
Demyelinating disease of central nervous system,21,0.7216771323914181,0.14303232506983354,queryseq,2,availability,T1ax+T2cor,2,-1
Lacunar infarct,21,0.9072148090005233,0.1769382392444119,queryseq,2,availability,T1ax+T2cor,2,-1
Gliosis,451,0.7718217692543753,0.6156487285689465,queryseq,2,availability,T1ax+T2cor,2,-1
Cerebral atrophy,213,0.9481673798062638,0.75891720132508,queryseq,2,availability,T1ax+T2cor,2,-1
Encephalomalacia,25,0.8772451790633609,0.19561553183614638,queryseq,2,availability,T1ax+T2cor,2,-1
Arachnoid cyst,69,0.6923583662714098,0.09690784951546846,queryseq,2,availability,T1ax+T2cor,2,-1
Empty sella syndrome,82,0.6962933822886616,0.1495813644437554,queryseq,2,availability,T1ax+T2cor,2,-1
Cerebral edema,23,0.80993959691406,0.16129307502955534,queryseq,2,availability,T1ax+T2cor,2,-1
Mastoiditis,23,0.6667962442437654,0.035778110547318595,queryseq,2,availability,T1ax+T2cor,2,-1
Chronic mastoiditis,37,0.7564564564564564,0.057457670768673495,queryseq,2,availability,T1ax+T2cor,2,-1
Ventriculomegaly,131,0.8670133729569093,0.42699237280068075,queryseq,2,availability,T1ax+T2cor,2,-1
Cerebellar degeneration,43,0.8912296065648211,0.3349040074611715,queryseq,2,availability,T1ax+T2cor,2,-1
Mega cisterna magna,23,0.7087793792237307,0.036625681478811345,queryseq,2,availability,T1ax+T2cor,2,-1
Structure of cave of septum pellucidum,22,0.6792564823492658,0.0562579880981193,queryseq,2,availability,T1ax+T2cor,2,-1
Cerebral infarction,42,0.9148166583706653,0.3378666704758062,queryseq,2,availability,T1ax+FLAIRax,2,-1
Demyelinating disease of central nervous system,21,0.6502485609628467,0.09551580992909708,queryseq,2,availability,T1ax+FLAIRax,2,-1
Lacunar infarct,21,0.8976648351648352,0.11846624297481155,queryseq,2,availability,T1ax+FLAIRax,2,-1
Gliosis,451,0.7664060372661143,0.6009857943931505,queryseq,2,availability,T1ax+FLAIRax,2,-1
Cerebral atrophy,213,0.9535790693528258,0.7871070798718738,queryseq,2,availability,T1ax+FLAIRax,2,-1
Encephalomalacia,25,0.8811019283746557,0.1869388996831423,queryseq,2,availability,T1ax+FLAIRax,2,-1
Arachnoid cyst,69,0.6835886034255598,0.09805946506164975,queryseq,2,availability,T1ax+FLAIRax,2,-1
Empty sella syndrome,82,0.6918961447678993,0.13443407027418836,queryseq,2,availability,T1ax+FLAIRax,2,-1
Cerebral edema,23,0.8481849171700258,0.18014515093596095,queryseq,2,availability,T1ax+FLAIRax,2,-1
Mastoiditis,23,0.6649422881406615,0.037870206898321906,queryseq,2,availability,T1ax+FLAIRax,2,-1
Chronic mastoiditis,37,0.7670983483483484,0.058984647691947716,queryseq,2,availability,T1ax+FLAIRax,2,-1
Ventriculomegaly,131,0.8748567993375906,0.43764050815767175,queryseq,2,availability,T1ax+FLAIRax,2,-1
Cerebellar degeneration,43,0.9018844669326328,0.36700940633223395,queryseq,2,availability,T1ax+FLAIRax,2,-1
Mega cisterna magna,23,0.7433466897912804,0.05342359259830821,queryseq,2,availability,T1ax+FLAIRax,2,-1
Structure of cave of septum pellucidum,22,0.6611683848797251,0.05948778267945605,queryseq,2,availability,T1ax+FLAIRax,2,-1
Cerebral infarction,42,0.9145345943255351,0.33342415526518526,queryseq,2,availability,T1ax+T2ax,2,-1
Demyelinating disease of central nervous system,21,0.6996991104133962,0.08006048045376,queryseq,2,availability,T1ax+T2ax,2,-1
Lacunar infarct,21,0.909962061747776,0.1531462035279192,queryseq,2,availability,T1ax+T2ax,2,-1
Gliosis,451,0.7678172395759045,0.5940629667251134,queryseq,2,availability,T1ax+T2ax,2,-1
Cerebral atrophy,213,0.9457271052475189,0.74934408816638,queryseq,2,availability,T1ax+T2ax,2,-1
Encephalomalacia,25,0.8854545454545455,0.19835959371253103,queryseq,2,availability,T1ax+T2ax,2,-1
Arachnoid cyst,69,0.6988018774703557,0.10289472321474578,queryseq,2,availability,T1ax+T2ax,2,-1
Empty sella syndrome,82,0.6899903837748054,0.1564529384778845,queryseq,2,availability,T1ax+T2ax,2,-1
Cerebral edema,23,0.8220501166198194,0.17469672581659235,queryseq,2,availability,T1ax+T2ax,2,-1
Mastoiditis,23,0.6759763172059088,0.04336913176420786,queryseq,2,availability,T1ax+T2ax,2,-1
Chronic mastoiditis,37,0.7522334834834835,0.05578616717871608,queryseq,2,availability,T1ax+T2ax,2,-1
Ventriculomegaly,131,0.8580356839036786,0.43726626005951374,queryseq,2,availability,T1ax+T2ax,2,-1
Cerebellar degeneration,43,0.8839155395543447,0.36302451331594615,queryseq,2,availability,T1ax+T2ax,2,-1
Mega cisterna magna,23,0.7424795167753124,0.05068637226254943,queryseq,2,availability,T1ax+T2ax,2,-1
Structure of cave of septum pellucidum,22,0.6700718525460794,0.05561022042074588,queryseq,2,availability,T1ax+T2ax,2,-1
Cerebral infarction,42,0.917272274763564,0.3086693159947933,queryseq,2,availability,T2ax+FLAIRax+T2cor,3,-1
Demyelinating disease of central nervous system,21,0.6571493982208269,0.0965616570210181,queryseq,2,availability,T2ax+FLAIRax+T2cor,3,-1
Lacunar infarct,21,0.9077053898482469,0.1297972755045091,queryseq,2,availability,T2ax+FLAIRax+T2cor,3,-1
Gliosis,451,0.7715516309868043,0.6063986382125103,queryseq,2,availability,T2ax+FLAIRax+T2cor,3,-1
Cerebral atrophy,213,0.9540099245260594,0.7829263460808292,queryseq,2,availability,T2ax+FLAIRax+T2cor,3,-1
Encephalomalacia,25,0.8860881542699725,0.18030921754408943,queryseq,2,availability,T2ax+FLAIRax+T2cor,3,-1
Arachnoid cyst,69,0.6939126317523057,0.10645027202464244,queryseq,2,availability,T2ax+FLAIRax+T2cor,3,-1
Empty sella syndrome,82,0.6932424162951306,0.13736231225472176,queryseq,2,availability,T2ax+FLAIRax+T2cor,3,-1
Cerebral edema,23,0.8443573948926499,0.20455979050984,queryseq,2,availability,T2ax+FLAIRax+T2cor,3,-1
Mastoiditis,23,0.6652114108007894,0.040479374764212796,queryseq,2,availability,T2ax+FLAIRax+T2cor,3,-1
Chronic mastoiditis,37,0.7625375375375376,0.06023397501314145,queryseq,2,availability,T2ax+FLAIRax+T2cor,3,-1
Ventriculomegaly,131,0.8708812086703039,0.4407257770182885,queryseq,2,availability,T2ax+FLAIRax+T2cor,3,-1
Cerebellar degeneration,43,0.8864454607375692,0.351356967422147,queryseq,2,availability,T2ax+FLAIRax+T2cor,3,-1
Mega cisterna magna,23,0.7255546917050416,0.043360475603951384,queryseq,2,availability,T2ax+FLAIRax+T2cor,3,-1
Structure of cave of septum pellucidum,22,0.6876288659793814,0.059079261602267584,queryseq,2,availability,T2ax+FLAIRax+T2cor,3,-1
Cerebral infarction,42,0.9182014269122283,0.3316588366311829,queryseq,2,availability,T1ax+FLAIRax+T2cor,3,-1
Demyelinating disease of central nervous system,21,0.6596023024594454,0.12966543799494318,queryseq,2,availability,T1ax+FLAIRax+T2cor,3,-1
Lacunar infarct,21,0.9022435897435898,0.14011297925508487,queryseq,2,availability,T1ax+FLAIRax+T2cor,3,-1
Gliosis,451,0.7724592955658424,0.615739575071701,queryseq,2,availability,T1ax+FLAIRax+T2cor,3,-1
Cerebral atrophy,213,0.9554696321388246,0.7881828969115939,queryseq,2,availability,T1ax+FLAIRax+T2cor,3,-1
Encephalomalacia,25,0.8845179063360881,0.1876988856062132,queryseq,2,availability,T1ax+FLAIRax+T2cor,3,-1
Arachnoid cyst,69,0.6899909420289856,0.10004213811581726,queryseq,2,availability,T1ax+FLAIRax+T2cor,3,-1
Empty sella syndrome,82,0.6956464725937582,0.13711816182049974,queryseq,2,availability,T1ax+FLAIRax+T2cor,3,-1
Cerebral edema,23,0.8493810178817057,0.18254372570550104,queryseq,2,availability,T1ax+FLAIRax+T2cor,3,-1
Mastoiditis,23,0.6636564798756055,0.04326990189129276,queryseq,2,availability,T1ax+FLAIRax+T2cor,3,-1
Chronic mastoiditis,37,0.7698948948948949,0.06078751475842954,queryseq,2,availability,T1ax+FLAIRax+T2cor,3,-1
Ventriculomegaly,131,0.8756677971484637,0.4429628699084031,queryseq,2,availability,T1ax+FLAIRax+T2cor,3,-1
Cerebellar degeneration,43,0.8970192338879699,0.3546269726861313,queryseq,2,availability,T1ax+FLAIRax+T2cor,3,-1
Mega cisterna magna,23,0.7197835057711859,0.04082196269159219,queryseq,2,availability,T1ax+FLAIRax+T2cor,3,-1
Structure of cave of septum pellucidum,22,0.6797563261480788,0.05821962433403453,queryseq,2,availability,T1ax+FLAIRax+T2cor,3,-1
Cerebral infarction,42,0.9193794591007134,0.3422260909258099,queryseq,2,availability,T1ax+T2ax+T2cor,3,-1
Demyelinating disease of central nervous system,21,0.7035910518053375,0.09698018827018494,queryseq,2,availability,T1ax+T2ax+T2cor,3,-1
Lacunar infarct,21,0.9133634222919936,0.16863280558566918,queryseq,2,availability,T1ax+T2ax+T2cor,3,-1
Gliosis,451,0.7712577205516872,0.6062498909726951,queryseq,2,availability,T1ax+T2ax+T2cor,3,-1
Cerebral atrophy,213,0.9489362334343615,0.7600280592551579,queryseq,2,availability,T1ax+T2ax+T2cor,3,-1
Encephalomalacia,25,0.8839944903581267,0.20239213028997813,queryseq,2,availability,T1ax+T2ax+T2cor,3,-1
Arachnoid cyst,69,0.6988842226613966,0.10276890828022744,queryseq,2,availability,T1ax+T2ax+T2cor,3,-1
Empty sella syndrome,82,0.6941952967916776,0.14481662712246363,queryseq,2,availability,T1ax+T2ax+T2cor,3,-1
Cerebral edema,23,0.8255188086836911,0.17432534210133113,queryseq,2,availability,T1ax+T2ax+T2cor,3,-1
Mastoiditis,23,0.671490939537109,0.039970308523560136,queryseq,2,availability,T1ax+T2ax+T2cor,3,-1
Chronic mastoiditis,37,0.7584271771771771,0.05785809186000066,queryseq,2,availability,T1ax+T2ax+T2cor,3,-1
Ventriculomegaly,131,0.8630264396628972,0.4334249463316467,queryseq,2,availability,T1ax+T2ax+T2cor,3,-1
Cerebellar degeneration,43,0.8850669780415814,0.34633897966011085,queryseq,2,availability,T1ax+T2ax+T2cor,3,-1
Mega cisterna magna,23,0.7297111416781292,0.04315101022410291,queryseq,2,availability,T1ax+T2ax+T2cor,3,-1
Structure of cave of septum pellucidum,22,0.6772571071540143,0.05333246196730915,queryseq,2,availability,T1ax+T2ax+T2cor,3,-1
Cerebral infarction,42,0.9159946905591504,0.3258587789550317,queryseq,2,availability,T1ax+T2ax+FLAIRax,3,-1
Demyelinating disease of central nervous system,21,0.6568223443223443,0.09103732474051353,queryseq,2,availability,T1ax+T2ax+FLAIRax,3,-1
Lacunar infarct,21,0.9038461538461537,0.12152059310371302,queryseq,2,availability,T1ax+T2ax+FLAIRax,3,-1
Gliosis,451,0.7697687184208365,0.5993476341667248,queryseq,2,availability,T1ax+T2ax+FLAIRax,3,-1
Cerebral atrophy,213,0.9536162120401734,0.784742792200161,queryseq,2,availability,T1ax+T2ax+FLAIRax,3,-1
Encephalomalacia,25,0.8880991735537189,0.1863113937183302,queryseq,2,availability,T1ax+T2ax+FLAIRax,3,-1
Arachnoid cyst,69,0.6944684617918315,0.10325956727696775,queryseq,2,availability,T1ax+T2ax+FLAIRax,3,-1
Empty sella syndrome,82,0.6926042486231314,0.142916794900531,queryseq,2,availability,T1ax+T2ax+FLAIRax,3,-1
Cerebral edema,23,0.8428921715208421,0.20101531819529958,queryseq,2,availability,T1ax+T2ax+FLAIRax,3,-1
Mastoiditis,23,0.670922791699061,0.04673881369160042,queryseq,2,availability,T1ax+T2ax+FLAIRax,3,-1
Chronic mastoiditis,37,0.7622560060060061,0.05893622753738888,queryseq,2,availability,T1ax+T2ax+FLAIRax,3,-1
Ventriculomegaly,131,0.8692818983020087,0.44391429558675916,queryseq,2,availability,T1ax+T2ax+FLAIRax,3,-1
Cerebellar degeneration,43,0.8894294703382959,0.36974142254552933,queryseq,2,availability,T1ax+T2ax+FLAIRax,3,-1
Mega cisterna magna,23,0.7441540577716643,0.05316190372372815,queryseq,2,availability,T1ax+T2ax+FLAIRax,3,-1
Structure of cave of septum pellucidum,22,0.675882536707279,0.0596929412638706,queryseq,2,availability,T1ax+T2ax+FLAIRax,3,-1
Cerebral infarction,42,0.9185498589679774,0.3270077623033125,queryseq,2,availability,T1ax+T2ax+FLAIRax+T2cor,4,-1
Demyelinating disease of central nervous system,21,0.6627093144950288,0.10004272198530734,queryseq,2,availability,T1ax+T2ax+FLAIRax+T2cor,4,-1
Lacunar infarct,21,0.9063317634746205,0.13274991003669706,queryseq,2,availability,T1ax+T2ax+FLAIRax+T2cor,4,-1
Gliosis,451,0.7723317903035491,0.6076724306495747,queryseq,2,availability,T1ax+T2ax+FLAIRax+T2cor,4,-1
Cerebral atrophy,213,0.9545410649551316,0.7831732656435828,queryseq,2,availability,T1ax+T2ax+FLAIRax+T2cor,4,-1
Encephalomalacia,25,0.8874104683195592,0.1799399001854194,queryseq,2,availability,T1ax+T2ax+FLAIRax+T2cor,4,-1
Arachnoid cyst,69,0.6955080698287219,0.10577328381279305,queryseq,2,availability,T1ax+T2ax+FLAIRax+T2cor,4,-1
Empty sella syndrome,82,0.6943526532039513,0.14145027794907972,queryseq,2,availability,T1ax+T2ax+FLAIRax+T2cor,4,-1
Cerebral edema,23,0.8438191495723939,0.2041025171559614,queryseq,2,availability,T1ax+T2ax+FLAIRax+T2cor,4,-1
Mastoiditis,23,0.6682315650977813,0.04057412926195941,queryseq,2,availability,T1ax+T2ax+FLAIRax+T2cor,4,-1
Chronic mastoiditis,37,0.7644707207207206,0.060234331689817615,queryseq,2,availability,T1ax+T2ax+FLAIRax+T2cor,4,-1
Ventriculomegaly,131,0.8709038939237549,0.44287154606497486,queryseq,2,availability,T1ax+T2ax+FLAIRax+T2cor,4,-1
Cerebellar degeneration,43,0.8897213843209757,0.3645623062252426,queryseq,2,availability,T1ax+T2ax+FLAIRax+T2cor,4,-1
Mega cisterna magna,23,0.7325817833861611,0.04544355920396504,queryseq,2,availability,T1ax+T2ax+FLAIRax+T2cor,4,-1
Structure of cave of septum pellucidum,22,0.6807560137457045,0.05918037205253334,queryseq,2,availability,T1ax+T2ax+FLAIRax+T2cor,4,-1
Cerebral infarction,42,0.9061224489795918,0.2756304697065034,queryseq,2,budget,all4,1,1
Demyelinating disease of central nervous system,21,0.6694139194139194,0.06975997951801703,queryseq,2,budget,all4,1,1
Lacunar infarct,21,0.8945251177394034,0.1133051577979065,queryseq,2,budget,all4,1,1
Gliosis,451,0.7639445373720085,0.5850071208002254,queryseq,2,budget,all4,1,1
Cerebral atrophy,213,0.9491888037083259,0.7842992694658485,queryseq,2,budget,all4,1,1
Encephalomalacia,25,0.889641873278237,0.14425600226248358,queryseq,2,budget,all4,1,1
Arachnoid cyst,69,0.701941287878788,0.1072755361756706,queryseq,2,budget,all4,1,1
Empty sella syndrome,82,0.6928577672873504,0.14996996388510614,queryseq,2,budget,all4,1,1
Cerebral edema,23,0.8344297589857066,0.19414200933202785,queryseq,2,budget,all4,1,1
Mastoiditis,23,0.6740924585850129,0.04152655073990408,queryseq,2,budget,all4,1,1
Chronic mastoiditis,37,0.7381756756756757,0.055237938602679344,queryseq,2,budget,all4,1,1
Ventriculomegaly,131,0.8694066671959892,0.41923984218428506,queryseq,2,budget,all4,1,1
Cerebellar degeneration,43,0.8727741558820667,0.35472615799800356,queryseq,2,budget,all4,1,1
Mega cisterna magna,23,0.7321332456192813,0.04047023497108186,queryseq,2,budget,all4,1,1
Structure of cave of septum pellucidum,22,0.6787253983130273,0.05364183906829926,queryseq,2,budget,all4,1,1
Cerebral infarction,42,0.9161606105856978,0.3214551172548208,queryseq,2,budget,all4,2,2
Demyelinating disease of central nervous system,21,0.6512951334379906,0.1241457913896403,queryseq,2,budget,all4,2,2
Lacunar infarct,21,0.9076072736787022,0.12047350251859847,queryseq,2,budget,all4,2,2
Gliosis,451,0.7690901310926985,0.6022257056965028,queryseq,2,budget,all4,2,2
Cerebral atrophy,213,0.9519002198847091,0.7776047929840175,queryseq,2,budget,all4,2,2
Encephalomalacia,25,0.884931129476584,0.17893249917576648,queryseq,2,budget,all4,2,2
Arachnoid cyst,69,0.6953330862977604,0.10461401480611385,queryseq,2,budget,all4,2,2
Empty sella syndrome,82,0.6891511495760119,0.13665149373223232,queryseq,2,budget,all4,2,2
Cerebral edema,23,0.844596615034986,0.2034578375244338,queryseq,2,budget,all4,2,2
Mastoiditis,23,0.6719693798217811,0.03589870089071762,queryseq,2,budget,all4,2,2
Chronic mastoiditis,37,0.7566066066066066,0.05910179768353773,queryseq,2,budget,all4,2,2
Ventriculomegaly,131,0.8707053979560587,0.44427495893279634,queryseq,2,budget,all4,2,2
Cerebellar degeneration,43,0.8821478382147838,0.3389583753915983,queryseq,2,budget,all4,2,2
Mega cisterna magna,23,0.716763351474194,0.04133047802483563,queryseq,2,budget,all4,2,2
Structure of cave of septum pellucidum,22,0.6812246173070915,0.061918090168178494,queryseq,2,budget,all4,2,2
Cerebral infarction,42,0.9195121951219511,0.32902419836713254,queryseq,2,budget,all4,3,3
Demyelinating disease of central nervous system,21,0.6669283097854527,0.14010504906108623,queryseq,2,budget,all4,3,3
Lacunar infarct,21,0.9116300366300365,0.15291061165696748,queryseq,2,budget,all4,3,3
Gliosis,451,0.7726667617553369,0.6103240950717896,queryseq,2,budget,all4,3,3
Cerebral atrophy,213,0.9525019314197422,0.7693641073777657,queryseq,2,budget,all4,3,3
Encephalomalacia,25,0.8942699724517906,0.21686808800029603,queryseq,2,budget,all4,3,3
Arachnoid cyst,69,0.6947360836627141,0.1029254931799921,queryseq,2,budget,all4,3,3
Empty sella syndrome,82,0.6930850598828568,0.14551231337226467,queryseq,2,budget,all4,3,3
Cerebral edema,23,0.8331439507206506,0.19613246904755197,queryseq,2,budget,all4,3,3
Mastoiditis,23,0.670384546378805,0.047894037254765376,queryseq,2,budget,all4,3,3
Chronic mastoiditis,37,0.7749624624624625,0.06415067153024583,queryseq,2,budget,all4,3,3
Ventriculomegaly,131,0.8693783106291756,0.4412105621799293,queryseq,2,budget,all4,3,3
Cerebellar degeneration,43,0.8898835587557977,0.33969219226337016,queryseq,2,budget,all4,3,3
Mega cisterna magna,23,0.7299503618204654,0.04295843298001006,queryseq,2,budget,all4,3,3
Structure of cave of septum pellucidum,22,0.6779131521399563,0.056421849112095,queryseq,2,budget,all4,3,3
Cerebral infarction,42,0.9203749792599967,0.35080234633478313,queryseq,2,budget,all4,4,4
Demyelinating disease of central nervous system,21,0.6951857666143381,0.14509885043872775,queryseq,2,budget,all4,4,4
Lacunar infarct,21,0.9084903192046049,0.14269113863598312,queryseq,2,budget,all4,4,4
Gliosis,451,0.7723814957447821,0.6097428323973156,queryseq,2,budget,all4,4,4
Cerebral atrophy,213,0.9536570689962561,0.7772670143911296,queryseq,2,budget,all4,4,4
Encephalomalacia,25,0.8822314049586777,0.24351871806183986,queryseq,2,budget,all4,4,4
Arachnoid cyst,69,0.6917304841897233,0.1100712805067465,queryseq,2,budget,all4,4,4
Empty sella syndrome,82,0.6931812221348019,0.1408083797707616,queryseq,2,budget,all4,4,4
Cerebral edema,23,0.8343699539501226,0.19667344690572036,queryseq,2,budget,all4,4,4
Mastoiditis,23,0.6589916871000537,0.04192370656635078,queryseq,2,budget,all4,4,4
Chronic mastoiditis,37,0.7674737237237237,0.06041077550087618,queryseq,2,budget,all4,4,4
Ventriculomegaly,131,0.8695711352835089,0.4441513493429667,queryseq,2,budget,all4,4,4
Cerebellar degeneration,43,0.8955110116441244,0.3716017107414832,queryseq,2,budget,all4,4,4
Mega cisterna magna,23,0.7326116859039531,0.04605966598103932,queryseq,2,budget,all4,4,4
Structure of cave of septum pellucidum,22,0.6731021555763823,0.059765063669331216,queryseq,2,budget,all4,4,4
