finding,n_pos,auroc,auprc,method,seed,axis,subset,k,budget
Cerebral infarction,26,0.812891056312109,0.1445387130335801,uniform,0,availability,SWIax,1,-1
Cerebral hemorrhage,20,0.8839667458432303,0.15221797657886996,uniform,0,availability,SWIax,1,-1
Gliosis,284,0.6984380330425459,0.5227174226970766,uniform,0,availability,SWIax,1,-1
Cerebral atrophy,102,0.8594814241486067,0.4569403826395268,uniform,0,availability,SWIax,1,-1
Arachnoid cyst,43,0.6797569355708891,0.09192259612581419,uniform,0,availability,SWIax,1,-1
Empty sella syndrome,45,0.6230382156942744,0.1002437988307499,uniform,0,availability,SWIax,1,-1
Cyst of pineal gland,21,0.7382367929335825,0.058554473557457624,uniform,0,availability,SWIax,1,-1
Cerebral edema,43,0.9001902490274584,0.4866143606641321,uniform,0,availability,SWIax,1,-1
Mastoiditis,22,0.6172619047619048,0.07142565767253996,uniform,0,availability,SWIax,1,-1
Ventriculomegaly,64,0.842124843358396,0.34561535497178525,uniform,0,availability,SWIax,1,-1
Cerebellar degeneration,39,0.8016948624482039,0.15630957887109742,uniform,0,availability,SWIax,1,-1
Mega cisterna magna,22,0.6161255411255411,0.040106918930127196,uniform,0,availability,SWIax,1,-1
Cerebral infarction,26,0.8139492086860508,0.24598072889267275,uniform,0,availability,FLAIRsag,1,-1
Cerebral hemorrhage,20,0.8506532066508313,0.1704263548621386,uniform,0,availability,FLAIRsag,1,-1
Gliosis,284,0.7051330474194649,0.5464101968337123,uniform,0,availability,FLAIRsag,1,-1
Cerebral atrophy,102,0.9098813209494324,0.6335410298194107,uniform,0,availability,FLAIRsag,1,-1
Arachnoid cyst,43,0.6873668966692222,0.09588363813444288,uniform,0,availability,FLAIRsag,1,-1
Empty sella syndrome,45,0.629810961512308,0.07477795955623483,uniform,0,availability,FLAIRsag,1,-1
Cyst of pineal gland,21,0.7599796161032784,0.05997337867687282,uniform,0,availability,FLAIRsag,1,-1
Cerebral edema,43,0.8878098645540505,0.3825524522223004,uniform,0,availability,FLAIRsag,1,-1
Mastoiditis,22,0.7094155844155845,0.059767138822677854,uniform,0,availability,FLAIRsag,1,-1
Ventriculomegaly,64,0.8677749060150375,0.39077047059044606,uniform,0,availability,FLAIRsag,1,-1
Cerebellar degeneration,39,0.8033149515531046,0.3107288812114483,uniform,0,availability,FLAIRsag,1,-1
Mega cisterna magna,22,0.5226190476190475,0.04017118881953341,uniform,0,availability,FLAIRsag,1,-1
Cerebral infarction,26,0.8260949576739051,0.28968582926604936,uniform,0,availability,FLAIRax,1,-1
Cerebral hemorrhage,20,0.8690617577197151,0.16041304270049375,uniform,0,availability,FLAIRax,1,-1
Gliosis,284,0.7059554559189045,0.5691023198853046,uniform,0,availability,FLAIRax,1,-1
Cerebral atrophy,102,0.9340815273477813,0.6923325795351585,uniform,0,availability,FLAIRax,1,-1
Arachnoid cyst,43,0.7026436096203538,0.1018354733390098,uniform,0,availability,FLAIRax,1,-1
Empty sella syndrome,45,0.6060655514755882,0.07483975889669472,uniform,0,availability,FLAIRax,1,-1
Cyst of pineal gland,21,0.7353490742313572,0.10148118161846324,uniform,0,availability,FLAIRax,1,-1
Cerebral edema,43,0.9099014680410029,0.4985333181108894,uniform,0,availability,FLAIRax,1,-1
Mastoiditis,22,0.640530303030303,0.06990982764944187,uniform,0,availability,FLAIRax,1,-1
Ventriculomegaly,64,0.8858865914786967,0.4088393377688159,uniform,0,availability,FLAIRax,1,-1
Cerebellar degeneration,39,0.8626351372402404,0.2895825074849332,uniform,0,availability,FLAIRax,1,-1
Mega cisterna magna,22,0.6472402597402597,0.03962411225497886,uniform,0,availability,FLAIRax,1,-1
Cerebral infarction,26,0.840449024659551,0.21146603692032678,uniform,0,availability,T2ax,1,-1
Cerebral hemorrhage,20,0.8474465558194775,0.15147083494114372,uniform,0,availability,T2ax,1,-1
Gliosis,284,0.7197841025391101,0.5441368233402529,uniform,0,availability,T2ax,1,-1
Cerebral atrophy,102,0.9102296181630548,0.6321154548425226,uniform,0,availability,T2ax,1,-1
Arachnoid cyst,43,0.6905187835420394,0.09042402185200098,uniform,0,availability,T2ax,1,-1
Empty sella syndrome,45,0.6281789745682034,0.08709751980904931,uniform,0,availability,T2ax,1,-1
Cyst of pineal gland,21,0.7556197270822717,0.058523138729276544,uniform,0,availability,T2ax,1,-1
Cerebral edema,43,0.8616577221228384,0.3620016221531218,uniform,0,availability,T2ax,1,-1
Mastoiditis,22,0.6561147186147186,0.06653364667960646,uniform,0,availability,T2ax,1,-1
Ventriculomegaly,64,0.8893914473684211,0.38580110226862296,uniform,0,availability,T2ax,1,-1
Cerebellar degeneration,39,0.834969000218089,0.3166441780243927,uniform,0,availability,T2ax,1,-1
Mega cisterna magna,22,0.623538961038961,0.03422418903634067,uniform,0,availability,T2ax,1,-1
Cerebral infarction,26,0.8446816341553184,0.28120218592708723,uniform,0,availability,T1ax,1,-1
Cerebral hemorrhage,20,0.8460807600950119,0.18339736828102987,uniform,0,availability,T1ax,1,-1
Gliosis,284,0.699412739412252,0.5396498275529997,uniform,0,availability,T1ax,1,-1
Cerebral atrophy,102,0.8964654282765738,0.5904204935142262,uniform,0,availability,T1ax,1,-1
Arachnoid cyst,43,0.6775420961467473,0.08289823097707161,uniform,0,availability,T1ax,1,-1
Empty sella syndrome,45,0.6187406500747994,0.07651053514863822,uniform,0,availability,T1ax,1,-1
Cyst of pineal gland,21,0.707547703980522,0.0725145727650823,uniform,0,availability,T1ax,1,-1
Cerebral edema,43,0.877615924127552,0.4553431714511989,uniform,0,availability,T1ax,1,-1
Mastoiditis,22,0.6646645021645021,0.056806637452314054,uniform,0,availability,T1ax,1,-1
Ventriculomegaly,64,0.8849467418546366,0.39774440632406205,uniform,0,availability,T1ax,1,-1
Cerebellar degeneration,39,0.8173349534224382,0.26918985883519997,uniform,0,availability,T1ax,1,-1
Mega cisterna magna,22,0.568939393939394,0.03248570046664147,uniform,0,availability,T1ax,1,-1
Cerebral infarction,26,0.8288093485461907,0.19306491021994213,uniform,0,availability,FLAIRsag+SWIax,2,-1
Cerebral hemorrhage,20,0.8840261282660333,0.16506344671742093,uniform,0,availability,FLAIRsag+SWIax,2,-1
Gliosis,284,0.7097933622496223,0.5457809049984481,uniform,0,availability,FLAIRsag+SWIax,2,-1
Cerebral atrophy,102,0.90828173374613,0.5924937948018687,uniform,0,availability,FLAIRsag+SWIax,2,-1
Arachnoid cyst,43,0.6908311326915978,0.0990132668260413,uniform,0,availability,FLAIRsag+SWIax,2,-1
Empty sella syndrome,45,0.6376444988440092,0.08140849113635681,uniform,0,availability,FLAIRsag+SWIax,2,-1
Cyst of pineal gland,21,0.7562425683709869,0.06612161586766185,uniform,0,availability,FLAIRsag+SWIax,2,-1
Cerebral edema,43,0.9113496322798648,0.4745015162653055,uniform,0,availability,FLAIRsag+SWIax,2,-1
Mastoiditis,22,0.6707792207792207,0.06482189950766779,uniform,0,availability,FLAIRsag+SWIax,2,-1
Ventriculomegaly,64,0.8684406328320802,0.3945856644571061,uniform,0,availability,FLAIRsag+SWIax,2,-1
Cerebellar degeneration,39,0.8210736205875938,0.25331438668125317,uniform,0,availability,FLAIRsag+SWIax,2,-1
Mega cisterna magna,22,0.5502164502164502,0.03114790204277839,uniform,0,availability,FLAIRsag+SWIax,2,-1
Cerebral infarction,26,0.8323978652926022,0.2793864501496917,uniform,0,availability,FLAIRax+SWIax,2,-1
Cerebral hemorrhage,20,0.8832541567695962,0.1529479390377004,uniform,0,availability,FLAIRax+SWIax,2,-1
Gliosis,284,0.7150567766460353,0.5677721233026597,uniform,0,availability,FLAIRax+SWIax,2,-1
Cerebral atrophy,102,0.9225877192982457,0.6430003664720456,uniform,0,availability,FLAIRax+SWIax,2,-1
Arachnoid cyst,43,0.6962262543657892,0.10028395765174207,uniform,0,availability,FLAIRax+SWIax,2,-1
Empty sella syndrome,45,0.6189310485516115,0.08303522543331712,uniform,0,availability,FLAIRax+SWIax,2,-1
Cyst of pineal gland,21,0.7504105090311987,0.0756220622465538,uniform,0,availability,FLAIRax+SWIax,2,-1
Cerebral edema,43,0.916006474146009,0.503000588520664,uniform,0,availability,FLAIRax+SWIax,2,-1
Mastoiditis,22,0.6252164502164502,0.07387734556447847,uniform,0,availability,FLAIRax+SWIax,2,-1
Ventriculomegaly,64,0.8794447055137844,0.40585397404946877,uniform,0,availability,FLAIRax+SWIax,2,-1
Cerebellar degeneration,39,0.8546593139545752,0.2711933946526668,uniform,0,availability,FLAIRax+SWIax,2,-1
Mega cisterna magna,22,0.6428571428571428,0.04323766505689264,uniform,0,availability,FLAIRax+SWIax,2,-1
Cerebral infarction,26,0.8285333087964667,0.2726179923603631,uniform,0,availability,FLAIRax+FLAIRsag,2,-1
Cerebral hemorrhage,20,0.8688242280285037,0.1733574419651456,uniform,0,availability,FLAIRax+FLAIRsag,2,-1
Gliosis,284,0.7172437740630635,0.5713499681635825,uniform,0,availability,FLAIRax+FLAIRsag,2,-1
Cerebral atrophy,102,0.9367518059855522,0.6931132803419612,uniform,0,availability,FLAIRax+FLAIRsag,2,-1
Arachnoid cyst,43,0.6948916716358577,0.11663398489721258,uniform,0,availability,FLAIRax+FLAIRsag,2,-1
Empty sella syndrome,45,0.625078199374405,0.07742416908362068,uniform,0,availability,FLAIRax+FLAIRsag,2,-1
Cyst of pineal gland,21,0.7508068625785629,0.08170037903000235,uniform,0,availability,FLAIRax+FLAIRsag,2,-1
Cerebral edema,43,0.9106681432262826,0.4801040367876348,uniform,0,availability,FLAIRax+FLAIRsag,2,-1
Mastoiditis,22,0.6813311688311688,0.06325154718207078,uniform,0,availability,FLAIRax+FLAIRsag,2,-1
Ventriculomegaly,64,0.8837719298245614,0.41426788604800324,uniform,0,availability,FLAIRax+FLAIRsag,2,-1
Cerebellar degeneration,39,0.840265445368726,0.3019989836582604,uniform,0,availability,FLAIRax+FLAIRsag,2,-1
Mega cisterna magna,22,0.5636904761904762,0.03301623944914714,uniform,0,availability,FLAIRax+FLAIRsag,2,-1
Cerebral infarction,26,0.840264998159735,0.20770673231519002,uniform,0,availability,T2ax+SWIax,2,-1
Cerebral hemorrhage,20,0.8653800475059382,0.1548707472346545,uniform,0,availability,T2ax+SWIax,2,-1
Gliosis,284,0.7229945416443297,0.5442880594641751,uniform,0,availability,T2ax+SWIax,2,-1
Cerebral atrophy,102,0.913686790505676,0.5929704184159288,uniform,0,availability,T2ax+SWIax,2,-1
Arachnoid cyst,43,0.6921657154215294,0.09272255887022135,uniform,0,availability,T2ax+SWIax,2,-1
Empty sella syndrome,45,0.6347885216918265,0.08685666007413659,uniform,0,availability,T2ax+SWIax,2,-1
Cyst of pineal gland,21,0.765018968348338,0.06322274240902857,uniform,0,availability,T2ax+SWIax,2,-1
Cerebral edema,43,0.8867876309736775,0.4427138714612119,uniform,0,availability,T2ax+SWIax,2,-1
Mastoiditis,22,0.6362012987012987,0.10673478435426546,uniform,0,availability,T2ax+SWIax,2,-1
Ventriculomegaly,64,0.8829887218045113,0.40289754821772583,uniform,0,availability,T2ax+SWIax,2,-1
Cerebellar degeneration,39,0.8391438452191794,0.27467785255500177,uniform,0,availability,T2ax+SWIax,2,-1
Mega cisterna magna,22,0.6214826839826839,0.03589628194369767,uniform,0,availability,T2ax+SWIax,2,-1
Cerebral infarction,26,0.8395288921604711,0.2555003929841949,uniform,0,availability,T2ax+FLAIRsag,2,-1
Cerebral hemorrhage,20,0.8657957244655582,0.1683699395387155,uniform,0,availability,T2ax+FLAIRsag,2,-1
Gliosis,284,0.7254739509722696,0.5603129755399764,uniform,0,availability,T2ax+FLAIRsag,2,-1
Cerebral atrophy,102,0.9270897832817337,0.6577703437932566,uniform,0,availability,T2ax+FLAIRsag,2,-1
Arachnoid cyst,43,0.6911150864639237,0.09117567998426636,uniform,0,availability,T2ax+FLAIRsag,2,-1
Empty sella syndrome,45,0.6390860873113015,0.08028615693279617,uniform,0,availability,T2ax+FLAIRsag,2,-1
Cyst of pineal gland,21,0.7753241605798086,0.06653243096710164,uniform,0,availability,T2ax+FLAIRsag,2,-1
Cerebral edema,43,0.8916432404804499,0.426784167624354,uniform,0,availability,T2ax+FLAIRsag,2,-1
Mastoiditis,22,0.6918290043290043,0.0673270948884906,uniform,0,availability,T2ax+FLAIRsag,2,-1
Ventriculomegaly,64,0.8910361842105263,0.42401321580813717,uniform,0,availability,T2ax+FLAIRsag,2,-1
Cerebellar degeneration,39,0.8342212667850578,0.33100485282511183,uniform,0,availability,T2ax+FLAIRsag,2,-1
Mega cisterna magna,22,0.5450757575757575,0.02811140359987686,uniform,0,availability,T2ax+FLAIRsag,2,-1
Cerebral infarction,26,0.8374125874125874,0.28513556766928105,uniform,0,availability,T2ax+FLAIRax,2,-1
Cerebral hemorrhage,20,0.8650237529691212,0.15778632895787925,uniform,0,availability,T2ax+FLAIRax,2,-1
Gliosis,284,0.723311321214484,0.5663581104741255,uniform,0,availability,T2ax+FLAIRax,2,-1
Cerebral atrophy,102,0.9340557275541795,0.6887231561689976,uniform,0,availability,T2ax+FLAIRax,2,-1
Arachnoid cyst,43,0.6980719538859074,0.09567717421934202,uniform,0,availability,T2ax+FLAIRax,2,-1
Empty sella syndrome,45,0.6211886304909562,0.08160645724644737,uniform,0,availability,T2ax+FLAIRax,2,-1
Cyst of pineal gland,21,0.7539776909574769,0.06280121055389297,uniform,0,availability,T2ax+FLAIRax,2,-1
Cerebral edema,43,0.896300082346594,0.4697058405625727,uniform,0,availability,T2ax+FLAIRax,2,-1
Mastoiditis,22,0.6475108225108225,0.06632536383163903,uniform,0,availability,T2ax+FLAIRax,2,-1
Ventriculomegaly,64,0.896890664160401,0.4102170882051952,uniform,0,availability,T2ax+FLAIRax,2,-1
Cerebellar degeneration,39,0.8581487366420538,0.31076511536326645,uniform,0,availability,T2ax+FLAIRax,2,-1
Mega cisterna magna,22,0.6348484848484849,0.036422448122825926,uniform,0,availability,T2ax+FLAIRax,2,-1
Cerebral infarction,26,0.8445436142804563,0.2326527079229133,uniform,0,availability,T1ax+SWIax,2,-1
Cerebral hemorrhage,20,0.8675771971496437,0.1649513907102819,uniform,0,availability,T1ax+SWIax,2,-1
Gliosis,284,0.7116879477557385,0.5440037830344889,uniform,0,availability,T1ax+SWIax,2,-1
Cerebral atrophy,102,0.9033410732714138,0.5694015367296463,uniform,0,availability,T1ax+SWIax,2,-1
Arachnoid cyst,43,0.683476729988358,0.0864350066312918,uniform,0,availability,T1ax+SWIax,2,-1
Empty sella syndrome,45,0.6297837617299062,0.08598491005065641,uniform,0,availability,T1ax+SWIax,2,-1
Cyst of pineal gland,21,0.7377838174508804,0.08494793106188385,uniform,0,availability,T1ax+SWIax,2,-1
Cerebral edema,43,0.8959309424425703,0.5131840394329475,uniform,0,availability,T1ax+SWIax,2,-1
Mastoiditis,22,0.642965367965368,0.06901225046277387,uniform,0,availability,T1ax+SWIax,2,-1
Ventriculomegaly,64,0.88218593358396,0.39622425470010186,uniform,0,availability,T1ax+SWIax,2,-1
Cerebellar degeneration,39,0.8335670000311556,0.2473421773745651,uniform,0,availability,T1ax+SWIax,2,-1
Mega cisterna magna,22,0.5834415584415584,0.03449520714155365,uniform,0,availability,T1ax+SWIax,2,-1
Cerebral infarction,26,0.8359863820390137,0.29831064015463016,uniform,0,availability,T1ax+FLAIRsag,2,-1
Cerebral hemorrhage,20,0.8638954869358669,0.18298376777448497,uniform,0,availability,T1ax+FLAIRsag,2,-1
Gliosis,284,0.712150933281349,0.5619714457926478,uniform,0,availability,T1ax+FLAIRsag,2,-1
Cerebral atrophy,102,0.921297729618163,0.6584428815555982,uniform,0,availability,T1ax+FLAIRsag,2,-1
Arachnoid cyst,43,0.6861175000709884,0.0919254348083484,uniform,0,availability,T1ax+FLAIRsag,2,-1
Empty sella syndrome,45,0.6417788657690738,0.07742496675103999,uniform,0,availability,T1ax+FLAIRsag,2,-1
Cyst of pineal gland,21,0.7358020497140592,0.0716607866194756,uniform,0,availability,T1ax+FLAIRsag,2,-1
Cerebral edema,43,0.8989976431836896,0.4762794758608804,uniform,0,availability,T1ax+FLAIRsag,2,-1
Mastoiditis,22,0.7041125541125541,0.060503971986953925,uniform,0,availability,T1ax+FLAIRsag,2,-1
Ventriculomegaly,64,0.8924459586466166,0.4261255551940997,uniform,0,availability,T1ax+FLAIRsag,2,-1
Cerebellar degeneration,39,0.8211359317070132,0.30853347422972466,uniform,0,availability,T1ax+FLAIRsag,2,-1
Mega cisterna magna,22,0.5464285714285715,0.03261406070443646,uniform,0,availability,T1ax+FLAIRsag,2,-1
Cerebral infarction,26,0.8422432830327566,0.3197841132169229,uniform,0,availability,T1ax+FLAIRax,2,-1
Cerebral hemorrhage,20,0.8640736342042756,0.17362890899858843,uniform,0,availability,T1ax+FLAIRax,2,-1
Gliosis,284,0.712839319654954,0.5722162121884726,uniform,0,availability,T1ax+FLAIRax,2,-1
Cerebral atrophy,102,0.9312951496388029,0.6793344849847157,uniform,0,availability,T1ax+FLAIRax,2,-1
Arachnoid cyst,43,0.6885878978902235,0.08946004184234435,uniform,0,availability,T1ax+FLAIRax,2,-1
Empty sella syndrome,45,0.6189038487692099,0.07636591484448102,uniform,0,availability,T1ax+FLAIRax,2,-1
Cyst of pineal gland,21,0.7264028084479928,0.10263125880230403,uniform,0,availability,T1ax+FLAIRax,2,-1
Cerebral edema,43,0.9048470908936024,0.5169544659400391,uniform,0,availability,T1ax+FLAIRax,2,-1
Mastoiditis,22,0.6588203463203464,0.06178996651266213,uniform,0,availability,T1ax+FLAIRax,2,-1
Ventriculomegaly,64,0.8975955513784462,0.43407516246433364,uniform,0,availability,T1ax+FLAIRax,2,-1
Cerebellar degeneration,39,0.855438202947316,0.3058256249705961,uniform,0,availability,T1ax+FLAIRax,2,-1
Mega cisterna magna,22,0.5952380952380952,0.03489673953663938,uniform,0,availability,T1ax+FLAIRax,2,-1
Cerebral infarction,26,0.8502484357747515,0.27626864680505986,uniform,0,availability,T1ax+T2ax,2,-1
Cerebral hemorrhage,20,0.852790973871734,0.17389681422929085,uniform,0,availability,T1ax+T2ax,2,-1
Gliosis,284,0.7199424923241873,0.5584650462086947,uniform,0,availability,T1ax+T2ax,2,-1
Cerebral atrophy,102,0.916795665634675,0.639305009292757,uniform,0,availability,T1ax+T2ax,2,-1
Arachnoid cyst,43,0.6874804781781526,0.0890483810453024,uniform,0,availability,T1ax+T2ax,2,-1
Empty sella syndrome,45,0.633999728002176,0.08341801990725264,uniform,0,availability,T1ax+T2ax,2,-1
Cyst of pineal gland,21,0.7436158767906687,0.06154904643219744,uniform,0,availability,T1ax+T2ax,2,-1
Cerebral edema,43,0.8820739983530681,0.4636844793117123,uniform,0,availability,T1ax+T2ax,2,-1
Mastoiditis,22,0.6647727272727273,0.06586244092813748,uniform,0,availability,T1ax+T2ax,2,-1
Ventriculomegaly,64,0.8987703634085213,0.428995213419176,uniform,0,availability,T1ax+T2ax,2,-1
Cerebellar degeneration,39,0.8355921114122816,0.31981113220621843,uniform,0,availability,T1ax+T2ax,2,-1
Mega cisterna magna,22,0.5856060606060607,0.03205750422529961,uniform,0,availability,T1ax+T2ax,2,-1
Cerebral infarction,26,0.8338240706661759,0.26330431569722673,uniform,0,availability,FLAIRax+FLAIRsag+SWIax,3,-1
Cerebral hemorrhage,20,0.8811163895486936,0.16558537720410188,uniform,0,availability,FLAIRax+FLAIRsag+SWIax,3,-1
Gliosis,284,0.7182276183049857,0.5682356665666717,uniform,0,availability,FLAIRax+FLAIRsag+SWIax,3,-1
Cerebral atrophy,102,0.929437564499484,0.662389802320902,uniform,0,availability,FLAIRax+FLAIRsag+SWIax,3,-1
Arachnoid cyst,43,0.6942669733367408,0.12159053893309732,uniform,0,availability,FLAIRax+FLAIRsag+SWIax,3,-1
Empty sella syndrome,45,0.6283693730450156,0.07986568537776673,uniform,0,availability,FLAIRax+FLAIRsag+SWIax,3,-1
Cyst of pineal gland,21,0.7567521657890267,0.07544888699746387,uniform,0,availability,FLAIRax+FLAIRsag+SWIax,3,-1
Cerebral edema,43,0.915523752733055,0.4931710498274801,uniform,0,availability,FLAIRax+FLAIRsag+SWIax,3,-1
Mastoiditis,22,0.6606060606060605,0.0698590950175307,uniform,0,availability,FLAIRax+FLAIRsag+SWIax,3,-1
Ventriculomegaly,64,0.8813439849624061,0.41223722834600135,uniform,0,availability,FLAIRax+FLAIRsag+SWIax,3,-1
Cerebellar degeneration,39,0.8435056235785275,0.28859442472354135,uniform,0,availability,FLAIRax+FLAIRsag+SWIax,3,-1
Mega cisterna magna,22,0.5801406926406927,0.033487626033332135,uniform,0,availability,FLAIRax+FLAIRsag+SWIax,3,-1
Cerebral infarction,26,0.840311004784689,0.2286147425543538,uniform,0,availability,T2ax+FLAIRsag+SWIax,3,-1
Cerebral hemorrhage,20,0.8774346793349168,0.16568327283695405,uniform,0,availability,T2ax+FLAIRsag+SWIax,3,-1
Gliosis,284,0.7237377552512306,0.5525352167669744,uniform,0,availability,T2ax+FLAIRsag+SWIax,3,-1
Cerebral atrophy,102,0.9235036119711042,0.6340984677850545,uniform,0,availability,T2ax+FLAIRsag+SWIax,3,-1
Arachnoid cyst,43,0.6920805292898317,0.09275926599384705,uniform,0,availability,T2ax+FLAIRsag+SWIax,3,-1
Empty sella syndrome,45,0.641343669250646,0.08278256384510893,uniform,0,availability,T2ax+FLAIRsag+SWIax,3,-1
Cyst of pineal gland,21,0.7717003567181926,0.06785848698095726,uniform,0,availability,T2ax+FLAIRsag+SWIax,3,-1
Cerebral edema,43,0.9020359485475764,0.4515332625583588,uniform,0,availability,T2ax+FLAIRsag+SWIax,3,-1
Mastoiditis,22,0.6691558441558442,0.07086411450342688,uniform,0,availability,T2ax+FLAIRsag+SWIax,3,-1
Ventriculomegaly,64,0.8859453320802005,0.4234072114466547,uniform,0,availability,T2ax+FLAIRsag+SWIax,3,-1
Cerebellar degeneration,39,0.8354986447331525,0.3063445425531382,uniform,0,availability,T2ax+FLAIRsag+SWIax,3,-1
Mega cisterna magna,22,0.5655303030303029,0.03018007546191635,uniform,0,availability,T2ax+FLAIRsag+SWIax,3,-1
Cerebral infarction,26,0.8382867132867133,0.2580389755685636,uniform,0,availability,T2ax+FLAIRax+SWIax,3,-1
Cerebral hemorrhage,20,0.8729809976247032,0.15529134893341648,uniform,0,availability,T2ax+FLAIRax+SWIax,3,-1
Gliosis,284,0.724127637799113,0.5620478912768571,uniform,0,availability,T2ax+FLAIRax+SWIax,3,-1
Cerebral atrophy,102,0.9304566563467492,0.6658805860162091,uniform,0,availability,T2ax+FLAIRax+SWIax,3,-1
Arachnoid cyst,43,0.6983843030354658,0.09715585271012442,uniform,0,availability,T2ax+FLAIRax+SWIax,3,-1
Empty sella syndrome,45,0.6275261797905617,0.08283072483895623,uniform,0,availability,T2ax+FLAIRax+SWIax,3,-1
Cyst of pineal gland,21,0.7630938225468546,0.06841638864292598,uniform,0,availability,T2ax+FLAIRax+SWIax,3,-1
Cerebral edema,43,0.9020359485475764,0.4726486060785879,uniform,0,availability,T2ax+FLAIRax+SWIax,3,-1
Mastoiditis,22,0.6378246753246753,0.0733342363707952,uniform,0,availability,T2ax+FLAIRax+SWIax,3,-1
Ventriculomegaly,64,0.8914473684210527,0.4188753985189684,uniform,0,availability,T2ax+FLAIRax+SWIax,3,-1
Cerebellar degeneration,39,0.8570894476119263,0.3114110755850738,uniform,0,availability,T2ax+FLAIRax+SWIax,3,-1
Mega cisterna magna,22,0.6347943722943723,0.03775923389056157,uniform,0,availability,T2ax+FLAIRax+SWIax,3,-1
Cerebral infarction,26,0.8369985277880014,0.2711412930716365,uniform,0,availability,T2ax+FLAIRax+FLAIRsag,3,-1
Cerebral hemorrhage,20,0.8713776722090262,0.1665108573314087,uniform,0,availability,T2ax+FLAIRax+FLAIRsag,3,-1
Gliosis,284,0.7268750913787221,0.570808192656597,uniform,0,availability,T2ax+FLAIRax+FLAIRsag,3,-1
Cerebral atrophy,102,0.9376289989680082,0.693311734693145,uniform,0,availability,T2ax+FLAIRax+FLAIRsag,3,-1
Arachnoid cyst,43,0.6948064855041599,0.09962944085262372,uniform,0,availability,T2ax+FLAIRax+FLAIRsag,3,-1
Empty sella syndrome,45,0.6295117639058888,0.07979017966782374,uniform,0,availability,T2ax+FLAIRax+FLAIRsag,3,-1
Cyst of pineal gland,21,0.7636034199648943,0.07219139995460692,uniform,0,availability,T2ax+FLAIRax+FLAIRsag,3,-1
Cerebral edema,43,0.9031433682596474,0.461720364381086,uniform,0,availability,T2ax+FLAIRax+FLAIRsag,3,-1
Mastoiditis,22,0.6732142857142858,0.06755096979274222,uniform,0,availability,T2ax+FLAIRax+FLAIRsag,3,-1
Ventriculomegaly,64,0.8938948934837092,0.4243003560197794,uniform,0,availability,T2ax+FLAIRax+FLAIRsag,3,-1
Cerebellar degeneration,39,0.8469638907062965,0.32892202343172433,uniform,0,availability,T2ax+FLAIRax+FLAIRsag,3,-1
Mega cisterna magna,22,0.5752705627705628,0.030523099947026427,uniform,0,availability,T2ax+FLAIRax+FLAIRsag,3,-1
Cerebral infarction,26,0.8410931174089069,0.27614628232926747,uniform,0,availability,T1ax+FLAIRsag+SWIax,3,-1
Cerebral hemorrhage,20,0.8757125890736343,0.1698410988956892,uniform,0,availability,T1ax+FLAIRsag+SWIax,3,-1
Gliosis,284,0.7155258540864564,0.5578888650536414,uniform,0,availability,T1ax+FLAIRsag+SWIax,3,-1
Cerebral atrophy,102,0.9185242518059855,0.6196014276454758,uniform,0,availability,T1ax+FLAIRsag+SWIax,3,-1
Arachnoid cyst,43,0.6885027117585257,0.09249694569518521,uniform,0,availability,T1ax+FLAIRsag+SWIax,3,-1
Empty sella syndrome,45,0.6398476812185503,0.08114784560110891,uniform,0,availability,T1ax+FLAIRsag+SWIax,3,-1
Cyst of pineal gland,21,0.7483154974237018,0.07570159934011907,uniform,0,availability,T1ax+FLAIRsag+SWIax,3,-1
Cerebral edema,43,0.906806371922651,0.5071224996658492,uniform,0,availability,T1ax+FLAIRsag+SWIax,3,-1
Mastoiditis,22,0.6777597402597403,0.06616524363228286,uniform,0,availability,T1ax+FLAIRsag+SWIax,3,-1
Ventriculomegaly,64,0.8862194548872181,0.4195537147587277,uniform,0,availability,T1ax+FLAIRsag+SWIax,3,-1
Cerebellar degeneration,39,0.8289559771941303,0.27700550356892906,uniform,0,availability,T1ax+FLAIRsag+SWIax,3,-1
Mega cisterna magna,22,0.5547077922077922,0.03198630050019042,uniform,0,availability,T1ax+FLAIRsag+SWIax,3,-1
Cerebral infarction,26,0.8440375414059624,0.3074515816753158,uniform,0,availability,T1ax+FLAIRax+SWIax,3,-1
Cerebral hemorrhage,20,0.8754750593824228,0.16615900582199905,uniform,0,availability,T1ax+FLAIRax+SWIax,3,-1
Gliosis,284,0.717505726399922,0.5667796110420984,uniform,0,availability,T1ax+FLAIRax+SWIax,3,-1
Cerebral atrophy,102,0.9262254901960785,0.654508253495418,uniform,0,availability,T1ax+FLAIRax+SWIax,3,-1
Arachnoid cyst,43,0.6903484112786439,0.09199769004881643,uniform,0,availability,T1ax+FLAIRax+SWIax,3,-1
Empty sella syndrome,45,0.6261933904528764,0.08234467088298589,uniform,0,availability,T1ax+FLAIRax+SWIax,3,-1
Cyst of pineal gland,21,0.7409546458297944,0.10716992104162165,uniform,0,availability,T1ax+FLAIRax+SWIax,3,-1
Cerebral edema,43,0.9092483743646534,0.5291140571780294,uniform,0,availability,T1ax+FLAIRax+SWIax,3,-1
Mastoiditis,22,0.6426406926406927,0.06773738557652503,uniform,0,availability,T1ax+FLAIRax+SWIax,3,-1
Ventriculomegaly,64,0.8910166040100251,0.41977094785783914,uniform,0,availability,T1ax+FLAIRax+SWIax,3,-1
Cerebellar degeneration,39,0.8538804249618345,0.28791597576114086,uniform,0,availability,T1ax+FLAIRax+SWIax,3,-1
Mega cisterna magna,22,0.6024350649350648,0.03647292319284012,uniform,0,availability,T1ax+FLAIRax+SWIax,3,-1
Cerebral infarction,26,0.8379186602870814,0.31333061749691066,uniform,0,availability,T1ax+FLAIRax+FLAIRsag,3,-1
Cerebral hemorrhage,20,0.8687648456057007,0.1781261757021266,uniform,0,availability,T1ax+FLAIRax+FLAIRsag,3,-1
Gliosis,284,0.7188764072323213,0.5764839849279287,uniform,0,availability,T1ax+FLAIRax+FLAIRsag,3,-1
Cerebral atrophy,102,0.9353586171310628,0.6945774117476503,uniform,0,availability,T1ax+FLAIRax+FLAIRsag,3,-1
Arachnoid cyst,43,0.6907743419371326,0.0976143065617751,uniform,0,availability,T1ax+FLAIRax+FLAIRsag,3,-1
Empty sella syndrome,45,0.6326669386644906,0.077763193999338,uniform,0,availability,T1ax+FLAIRax+FLAIRsag,3,-1
Cyst of pineal gland,21,0.7406149142177679,0.10413604195629,uniform,0,availability,T1ax+FLAIRax+FLAIRsag,3,-1
Cerebral edema,43,0.90811255927535,0.5033894880376597,uniform,0,availability,T1ax+FLAIRax+FLAIRsag,3,-1
Mastoiditis,22,0.6806818181818182,0.06150230393647351,uniform,0,availability,T1ax+FLAIRax+FLAIRsag,3,-1
Ventriculomegaly,64,0.8945018796992481,0.4284349739510116,uniform,0,availability,T1ax+FLAIRax+FLAIRsag,3,-1
Cerebellar degeneration,39,0.8437548680562046,0.31690214947620143,uniform,0,availability,T1ax+FLAIRax+FLAIRsag,3,-1
Mega cisterna magna,22,0.5639069264069264,0.03227650476466062,uniform,0,availability,T1ax+FLAIRax+FLAIRsag,3,-1
Cerebral infarction,26,0.8483161575266839,0.27421682010005655,uniform,0,availability,T1ax+T2ax+SWIax,3,-1
Cerebral hemorrhage,20,0.864251781472684,0.16772378071452498,uniform,0,availability,T1ax+T2ax+SWIax,3,-1
Gliosis,284,0.7220624786782982,0.5530551270142405,uniform,0,availability,T1ax+T2ax+SWIax,3,-1
Cerebral atrophy,102,0.9175438596491228,0.6164896138517247,uniform,0,availability,T1ax+T2ax+SWIax,3,-1
Arachnoid cyst,43,0.6883323394951303,0.08897764856037449,uniform,0,availability,T1ax+T2ax+SWIax,3,-1
Empty sella syndrome,45,0.6355501155990753,0.08399453222432016,uniform,0,availability,T1ax+T2ax+SWIax,3,-1
Cyst of pineal gland,21,0.7570352754657154,0.06633095326457933,uniform,0,availability,T1ax+T2ax+SWIax,3,-1
Cerebral edema,43,0.8927506601925207,0.47562935792504807,uniform,0,availability,T1ax+T2ax+SWIax,3,-1
Mastoiditis,22,0.6506493506493507,0.07028612727317628,uniform,0,availability,T1ax+T2ax+SWIax,3,-1
Ventriculomegaly,64,0.8933270676691729,0.4274146212399422,uniform,0,availability,T1ax+T2ax+SWIax,3,-1
Cerebellar degeneration,39,0.8397358008536623,0.28980825667328824,uniform,0,availability,T1ax+T2ax+SWIax,3,-1
Mega cisterna magna,22,0.5935064935064935,0.03353245757417501,uniform,0,availability,T1ax+T2ax+SWIax,3,-1
Cerebral infarction,26,0.8456017666543982,0.2899619841227652,uniform,0,availability,T1ax+T2ax+FLAIRsag,3,-1
Cerebral hemorrhage,20,0.8652019002375297,0.17486928669214302,uniform,0,availability,T1ax+T2ax+FLAIRsag,3,-1
Gliosis,284,0.7237743067400945,0.566884193850244,uniform,0,availability,T1ax+T2ax+FLAIRsag,3,-1
Cerebral atrophy,102,0.9271800825593395,0.6625420118788105,uniform,0,availability,T1ax+T2ax+FLAIRsag,3,-1
Arachnoid cyst,43,0.6890138285487123,0.09161071770614831,uniform,0,availability,T1ax+T2ax+FLAIRsag,3,-1
Empty sella syndrome,45,0.6426492588059295,0.08096306763168983,uniform,0,availability,T1ax+T2ax+FLAIRsag,3,-1
Cyst of pineal gland,21,0.7522790328973444,0.06527624237847857,uniform,0,availability,T1ax+T2ax+FLAIRsag,3,-1
Cerebral edema,43,0.8958741516881051,0.46771793669942835,uniform,0,availability,T1ax+T2ax+FLAIRsag,3,-1
Mastoiditis,22,0.6891233766233766,0.06472112322411819,uniform,0,availability,T1ax+T2ax+FLAIRsag,3,-1
Ventriculomegaly,64,0.8983787593984962,0.4387801784751506,uniform,0,availability,T1ax+T2ax+FLAIRsag,3,-1
Cerebellar degeneration,39,0.8330061999563823,0.32345282016595867,uniform,0,availability,T1ax+T2ax+FLAIRsag,3,-1
Mega cisterna magna,22,0.553030303030303,0.02959812766528261,uniform,0,availability,T1ax+T2ax+FLAIRsag,3,-1
Cerebral infarction,26,0.8445436142804564,0.30069316370925303,uniform,0,availability,T1ax+T2ax+FLAIRax,3,-1
Cerebral hemorrhage,20,0.8637767220902612,0.17055328103939557,uniform,0,availability,T1ax+T2ax+FLAIRax,3,-1
Gliosis,284,0.7220929382523514,0.5714906652387093,uniform,0,availability,T1ax+T2ax+FLAIRax,3,-1
Cerebral atrophy,102,0.9320433436532507,0.6852454264026596,uniform,0,availability,T1ax+T2ax+FLAIRax,3,-1
Arachnoid cyst,43,0.6911718772183889,0.09149069273970767,uniform,0,availability,T1ax+T2ax+FLAIRax,3,-1
Empty sella syndrome,45,0.6280157758737931,0.08237024870588809,uniform,0,availability,T1ax+T2ax+FLAIRax,3,-1
Cyst of pineal gland,21,0.7437291206613442,0.08003825502521113,uniform,0,availability,T1ax+T2ax+FLAIRax,3,-1
Cerebral edema,43,0.8978050373399209,0.49002507569693493,uniform,0,availability,T1ax+T2ax+FLAIRax,3,-1
Mastoiditis,22,0.6566558441558441,0.06694149589927592,uniform,0,availability,T1ax+T2ax+FLAIRax,3,-1
Ventriculomegaly,64,0.9009241854636592,0.42968103723114515,uniform,0,availability,T1ax+T2ax+FLAIRax,3,-1
Cerebellar degeneration,39,0.8534442471258996,0.3257830091386218,uniform,0,availability,T1ax+T2ax+FLAIRax,3,-1
Mega cisterna magna,22,0.6009740259740259,0.03399502623464397,uniform,0,availability,T1ax+T2ax+FLAIRax,3,-1
Cerebral infarction,26,0.8385167464114832,0.2662700828225285,uniform,0,availability,T2ax+FLAIRax+FLAIRsag+SWIax,4,-1
Cerebral hemorrhage,20,0.8779691211401425,0.16324956370139063,uniform,0,availability,T2ax+FLAIRax+FLAIRsag+SWIax,4,-1
Gliosis,284,0.7256871679906429,0.5666935265015908,uniform,0,availability,T2ax+FLAIRax+FLAIRsag+SWIax,4,-1
Cerebral atrophy,102,0.933359133126935,0.6752567934554473,uniform,0,availability,T2ax+FLAIRax+FLAIRsag+SWIax,4,-1
Arachnoid cyst,43,0.6947496947496948,0.09723174097564849,uniform,0,availability,T2ax+FLAIRax+FLAIRsag+SWIax,4,-1
Empty sella syndrome,45,0.6331837345301238,0.0805970128151584,uniform,0,availability,T2ax+FLAIRax+FLAIRsag+SWIax,4,-1
Cyst of pineal gland,21,0.7657550535077289,0.07085709255648753,uniform,0,availability,T2ax+FLAIRax+FLAIRsag+SWIax,4,-1
Cerebral edema,43,0.9075730471079309,0.45950202556938646,uniform,0,availability,T2ax+FLAIRax+FLAIRsag+SWIax,4,-1
Mastoiditis,22,0.6608766233766235,0.0698721956879272,uniform,0,availability,T2ax+FLAIRax+FLAIRsag+SWIax,4,-1
Ventriculomegaly,64,0.8905858395989975,0.42524482624599297,uniform,0,availability,T2ax+FLAIRax+FLAIRsag+SWIax,4,-1
Cerebellar degeneration,39,0.8478985574975854,0.3189207617143834,uniform,0,availability,T2ax+FLAIRax+FLAIRsag+SWIax,4,-1
Mega cisterna magna,22,0.5858766233766235,0.03209123220312616,uniform,0,availability,T2ax+FLAIRax+FLAIRsag+SWIax,4,-1
Cerebral infarction,26,0.8418752300331247,0.29874872418839327,uniform,0,availability,T1ax+FLAIRax+FLAIRsag+SWIax,4,-1
Cerebral hemorrhage,20,0.8783254156769595,0.17185755665549024,uniform,0,availability,T1ax+FLAIRax+FLAIRsag+SWIax,4,-1
Gliosis,284,0.7193820361616063,0.5709993895013589,uniform,0,availability,T1ax+FLAIRax+FLAIRsag+SWIax,4,-1
Cerebral atrophy,102,0.9310887512899897,0.6688805112973173,uniform,0,availability,T1ax+FLAIRax+FLAIRsag+SWIax,4,-1
Arachnoid cyst,43,0.6916829940085755,0.09627437895149973,uniform,0,availability,T1ax+FLAIRax+FLAIRsag+SWIax,4,-1
Empty sella syndrome,45,0.6319325445396436,0.08037695057357486,uniform,0,availability,T1ax+FLAIRax+FLAIRsag+SWIax,4,-1
Cyst of pineal gland,21,0.7471264367816092,0.10615818794758192,uniform,0,availability,T1ax+FLAIRax+FLAIRsag+SWIax,4,-1
Cerebral edema,43,0.9116619814294232,0.5222096054732877,uniform,0,availability,T1ax+FLAIRax+FLAIRsag+SWIax,4,-1
Mastoiditis,22,0.6677489177489178,0.06572028313943475,uniform,0,availability,T1ax+FLAIRax+FLAIRsag+SWIax,4,-1
Ventriculomegaly,64,0.8906054197994988,0.4275130721583952,uniform,0,availability,T1ax+FLAIRax+FLAIRsag+SWIax,4,-1
Cerebellar degeneration,39,0.8448453126460418,0.3019064521073259,uniform,0,availability,T1ax+FLAIRax+FLAIRsag+SWIax,4,-1
Mega cisterna magna,22,0.573051948051948,0.03327304642138323,uniform,0,availability,T1ax+FLAIRax+FLAIRsag+SWIax,4,-1
Cerebral infarction,26,0.847073978652926,0.283046277405709,uniform,0,availability,T1ax+T2ax+FLAIRsag+SWIax,4,-1
Cerebral hemorrhage,20,0.8723871733966746,0.16691695058070694,uniform,0,availability,T1ax+T2ax+FLAIRsag+SWIax,4,-1
Gliosis,284,0.7237621229104731,0.5592206646822344,uniform,0,availability,T1ax+T2ax+FLAIRsag+SWIax,4,-1
Cerebral atrophy,102,0.9249742002063983,0.6467194234656178,uniform,0,availability,T1ax+T2ax+FLAIRsag+SWIax,4,-1
Arachnoid cyst,43,0.689922480620155,0.09278161933525196,uniform,0,availability,T1ax+T2ax+FLAIRsag+SWIax,4,-1
Empty sella syndrome,45,0.6408540731674146,0.08185606575728135,uniform,0,availability,T1ax+T2ax+FLAIRsag+SWIax,4,-1
Cyst of pineal gland,21,0.7607157012626691,0.07011587918014436,uniform,0,availability,T1ax+T2ax+FLAIRsag+SWIax,4,-1
Cerebral edema,43,0.90152483175739,0.4775479399757929,uniform,0,availability,T1ax+T2ax+FLAIRsag+SWIax,4,-1
Mastoiditis,22,0.672077922077922,0.06826937442380314,uniform,0,availability,T1ax+T2ax+FLAIRsag+SWIax,4,-1
Ventriculomegaly,64,0.8930333646616542,0.43206653878424145,uniform,0,availability,T1ax+T2ax+FLAIRsag+SWIax,4,-1
Cerebellar degeneration,39,0.8354051780540238,0.29865510523492883,uniform,0,availability,T1ax+T2ax+FLAIRsag+SWIax,4,-1
Mega cisterna magna,22,0.5633658008658009,0.03083356596547826,uniform,0,availability,T1ax+T2ax+FLAIRsag+SWIax,4,-1
Cerebral infarction,26,0.8452337136547663,0.28488501559819324,uniform,0,availability,T1ax+T2ax+FLAIRax+SWIax,4,-1
Cerebral hemorrhage,20,0.8711401425178147,0.172327465742443,uniform,0,availability,T1ax+T2ax+FLAIRax+SWIax,4,-1
Gliosis,284,0.7232625858959988,0.5665228793563557,uniform,0,availability,T1ax+T2ax+FLAIRax+SWIax,4,-1
Cerebral atrophy,102,0.9294762641898865,0.6651335763541975,uniform,0,availability,T1ax+T2ax+FLAIRax+SWIax,4,-1
Arachnoid cyst,43,0.6926484368344833,0.09365235550310474,uniform,0,availability,T1ax+T2ax+FLAIRax+SWIax,4,-1
Empty sella syndrome,45,0.6279885760913914,0.08147730267047681,uniform,0,availability,T1ax+T2ax+FLAIRax+SWIax,4,-1
Cyst of pineal gland,21,0.7534680935394372,0.0720720682891145,uniform,0,availability,T1ax+T2ax+FLAIRax+SWIax,4,-1
Cerebral edema,43,0.9028594144873214,0.49797433448762535,uniform,0,availability,T1ax+T2ax+FLAIRax+SWIax,4,-1
Mastoiditis,22,0.6464285714285714,0.06897239676692622,uniform,0,availability,T1ax+T2ax+FLAIRax+SWIax,4,-1
Ventriculomegaly,64,0.8960095551378446,0.4293923377535487,uniform,0,availability,T1ax+T2ax+FLAIRax+SWIax,4,-1
Cerebellar degeneration,39,0.8541608249992211,0.3114264312878249,uniform,0,availability,T1ax+T2ax+FLAIRax+SWIax,4,-1
Mega cisterna magna,22,0.606439393939394,0.034836475116816645,uniform,0,availability,T1ax+T2ax+FLAIRax+SWIax,4,-1
Cerebral infarction,26,0.8421052631578947,0.3015640613977095,uniform,0,availability,T1ax+T2ax+FLAIRax+FLAIRsag,4,-1
Cerebral hemorrhage,20,0.8688242280285037,0.17298653367149583,uniform,0,availability,T1ax+T2ax+FLAIRax+FLAIRsag,4,-1
Gliosis,284,0.7254191237389737,0.5751770201896722,uniform,0,availability,T1ax+T2ax+FLAIRax+FLAIRsag,4,-1
Cerebral atrophy,102,0.9351909184726521,0.6873273078549648,uniform,0,availability,T1ax+T2ax+FLAIRax+FLAIRsag,4,-1
Arachnoid cyst,43,0.6929039952295766,0.09455497600941362,uniform,0,availability,T1ax+T2ax+FLAIRax+FLAIRsag,4,-1
Empty sella syndrome,45,0.634625322997416,0.07987393784982398,uniform,0,availability,T1ax+T2ax+FLAIRax+FLAIRsag,4,-1
Cyst of pineal gland,21,0.7520525451559934,0.0737284321868089,uniform,0,availability,T1ax+T2ax+FLAIRax+FLAIRsag,4,-1
Cerebral edema,43,0.9033421359002755,0.4786156699257453,uniform,0,availability,T1ax+T2ax+FLAIRax+FLAIRsag,4,-1
Mastoiditis,22,0.6749999999999999,0.06404074743815823,uniform,0,availability,T1ax+T2ax+FLAIRax+FLAIRsag,4,-1
Ventriculomegaly,64,0.8990640664160401,0.4389526203073481,uniform,0,availability,T1ax+T2ax+FLAIRax+FLAIRsag,4,-1
Cerebellar degeneration,39,0.8460603794747174,0.32849358774893733,uniform,0,availability,T1ax+T2ax+FLAIRax+FLAIRsag,4,-1
Mega cisterna magna,22,0.571482683982684,0.031079529059479572,uniform,0,availability,T1ax+T2ax+FLAIRax+FLAIRsag,4,-1
Cerebral infarction,26,0.8437615016562385,0.2897796012091655,uniform,0,availability,T1ax+T2ax+FLAIRax+FLAIRsag+SWIax,5,-1
Cerebral hemorrhage,20,0.8755344418052257,0.16784874265365668,uniform,0,availability,T1ax+T2ax+FLAIRax+FLAIRsag+SWIax,5,-1
Gliosis,284,0.725035333105902,0.5721750504095099,uniform,0,availability,T1ax+T2ax+FLAIRax+FLAIRsag+SWIax,5,-1
Cerebral atrophy,102,0.9323658410732714,0.6736624342673135,uniform,0,availability,T1ax+T2ax+FLAIRax+FLAIRsag+SWIax,5,-1
Arachnoid cyst,43,0.69239287843939,0.09510050925157983,uniform,0,availability,T1ax+T2ax+FLAIRax+FLAIRsag+SWIax,5,-1
Empty sella syndrome,45,0.6346797225622195,0.08071413519174965,uniform,0,availability,T1ax+T2ax+FLAIRax+FLAIRsag+SWIax,5,-1
Cyst of pineal gland,21,0.7574882509484174,0.07582632570294547,uniform,0,availability,T1ax+T2ax+FLAIRax+FLAIRsag+SWIax,5,-1
Cerebral edema,43,0.906806371922651,0.500577280867045,uniform,0,availability,T1ax+T2ax+FLAIRax+FLAIRsag+SWIax,5,-1
Mastoiditis,22,0.6655844155844155,0.06673248952246208,uniform,0,availability,T1ax+T2ax+FLAIRax+FLAIRsag+SWIax,5,-1
Ventriculomegaly,64,0.8951186560150375,0.43286765056472754,uniform,0,availability,T1ax+T2ax+FLAIRax+FLAIRsag+SWIax,5,-1
Cerebellar degeneration,39,0.8469015795868773,0.31742325486715645,uniform,0,availability,T1ax+T2ax+FLAIRax+FLAIRsag+SWIax,5,-1
Mega cisterna magna,22,0.5790584415584416,0.03207604935466705,uniform,0,availability,T1ax+T2ax+FLAIRax+FLAIRsag+SWIax,5,-1
Cerebral infarction,26,0.8446816341553184,0.28120218592708723,uniform,0,budget,allinputs,1,1
Cerebral hemorrhage,20,0.8460807600950119,0.18339736828102987,uniform,0,budget,allinputs,1,1
Gliosis,284,0.699412739412252,0.5396498275529997,uniform,0,budget,allinputs,1,1
Cerebral atrophy,102,0.8964654282765738,0.5904204935142262,uniform,0,budget,allinputs,1,1
Arachnoid cyst,43,0.6775420961467473,0.08289823097707161,uniform,0,budget,allinputs,1,1
Empty sella syndrome,45,0.6187406500747994,0.07651053514863822,uniform,0,budget,allinputs,1,1
Cyst of pineal gland,21,0.707547703980522,0.0725145727650823,uniform,0,budget,allinputs,1,1
Cerebral edema,43,0.877615924127552,0.4553431714511989,uniform,0,budget,allinputs,1,1
Mastoiditis,22,0.6646645021645021,0.056806637452314054,uniform,0,budget,allinputs,1,1
Ventriculomegaly,64,0.8849467418546366,0.39774440632406205,uniform,0,budget,allinputs,1,1
Cerebellar degeneration,39,0.8173349534224382,0.26918985883519997,uniform,0,budget,allinputs,1,1
Mega cisterna magna,22,0.568939393939394,0.03248570046664147,uniform,0,budget,allinputs,1,1
Cerebral infarction,26,0.8502484357747515,0.27626864680505986,uniform,0,budget,allinputs,2,2
Cerebral hemorrhage,20,0.852790973871734,0.17389681422929085,uniform,0,budget,allinputs,2,2
Gliosis,284,0.7199424923241873,0.5584650462086947,uniform,0,budget,allinputs,2,2
Cerebral atrophy,102,0.916795665634675,0.639305009292757,uniform,0,budget,allinputs,2,2
Arachnoid cyst,43,0.6874804781781526,0.0890483810453024,uniform,0,budget,allinputs,2,2
Empty sella syndrome,45,0.633999728002176,0.08341801990725264,uniform,0,budget,allinputs,2,2
Cyst of pineal gland,21,0.7436158767906687,0.06154904643219744,uniform,0,budget,allinputs,2,2
Cerebral edema,43,0.8820739983530681,0.4636844793117123,uniform,0,budget,allinputs,2,2
Mastoiditis,22,0.6647727272727273,0.06586244092813748,uniform,0,budget,allinputs,2,2
Ventriculomegaly,64,0.8987703634085213,0.428995213419176,uniform,0,budget,allinputs,2,2
Cerebellar degeneration,39,0.8355921114122816,0.31981113220621843,uniform,0,budget,allinputs,2,2
Mega cisterna magna,22,0.5856060606060607,0.03205750422529961,uniform,0,budget,allinputs,2,2
Cerebral infarction,26,0.8445436142804564,0.30069316370925303,uniform,0,budget,allinputs,3,3
Cerebral hemorrhage,20,0.8637767220902612,0.17055328103939557,uniform,0,budget,allinputs,3,3
Gliosis,284,0.7220929382523514,0.5714906652387093,uniform,0,budget,allinputs,3,3
Cerebral atrophy,102,0.9320433436532507,0.6852454264026596,uniform,0,budget,allinputs,3,3
Arachnoid cyst,43,0.6911718772183889,0.09149069273970767,uniform,0,budget,allinputs,3,3
Empty sella syndrome,45,0.6280157758737931,0.08237024870588809,uniform,0,budget,allinputs,3,3
Cyst of pineal gland,21,0.7437291206613442,0.08003825502521113,uniform,0,budget,allinputs,3,3
Cerebral edema,43,0.8978050373399209,0.49002507569693493,uniform,0,budget,allinputs,3,3
Mastoiditis,22,0.6566558441558441,0.06694149589927592,uniform,0,budget,allinputs,3,3
Ventriculomegaly,64,0.9009241854636592,0.42968103723114515,uniform,0,budget,allinputs,3,3
Cerebellar degeneration,39,0.8534442471258996,0.3257830091386218,uniform,0,budget,allinputs,3,3
Mega cisterna magna,22,0.6009740259740259,0.03399502623464397,uniform,0,budget,allinputs,3,3
Cerebral infarction,26,0.8421052631578947,0.3015640613977095,uniform,0,budget,allinputs,4,4
Cerebral hemorrhage,20,0.8688242280285036,0.17298653367149583,uniform,0,budget,allinputs,4,4
Gliosis,284,0.7254191237389737,0.5751770201896722,uniform,0,budget,allinputs,4,4
Cerebral atrophy,102,0.9351909184726521,0.6873273078549648,uniform,0,budget,allinputs,4,4
Arachnoid cyst,43,0.6929039952295766,0.09455497600941362,uniform,0,budget,allinputs,4,4
Empty sella syndrome,45,0.634625322997416,0.07987393784982398,uniform,0,budget,allinputs,4,4
Cyst of pineal gland,21,0.7520525451559934,0.0737284321868089,uniform,0,budget,allinputs,4,4
Cerebral edema,43,0.9033421359002755,0.4786156699257453,uniform,0,budget,allinputs,4,4
Mastoiditis,22,0.6749999999999999,0.06404074743815823,uniform,0,budget,allinputs,4,4
Ventriculomegaly,64,0.8990640664160401,0.4389526203073481,uniform,0,budget,allinputs,4,4
Cerebellar degeneration,39,0.8460603794747174,0.32849358774893733,uniform,0,budget,allinputs,4,4
Mega cisterna magna,22,0.571482683982684,0.031079529059479572,uniform,0,budget,allinputs,4,4
Cerebral infarction,26,0.8437615016562385,0.2897796012091655,uniform,0,budget,allinputs,5,5
Cerebral hemorrhage,20,0.8755344418052257,0.16784874265365668,uniform,0,budget,allinputs,5,5
Gliosis,284,0.725035333105902,0.5721750504095099,uniform,0,budget,allinputs,5,5
Cerebral atrophy,102,0.9323658410732714,0.6736624342673135,uniform,0,budget,allinputs,5,5
Arachnoid cyst,43,0.69239287843939,0.09510050925157983,uniform,0,budget,allinputs,5,5
Empty sella syndrome,45,0.6346797225622195,0.08071413519174965,uniform,0,budget,allinputs,5,5
Cyst of pineal gland,21,0.7574882509484174,0.07582632570294547,uniform,0,budget,allinputs,5,5
Cerebral edema,43,0.906806371922651,0.500577280867045,uniform,0,budget,allinputs,5,5
Mastoiditis,22,0.6655844155844155,0.06673248952246208,uniform,0,budget,allinputs,5,5
Ventriculomegaly,64,0.8951284461152882,0.4328715646112557,uniform,0,budget,allinputs,5,5
Cerebellar degeneration,39,0.8469015795868773,0.31742325486715645,uniform,0,budget,allinputs,5,5
Mega cisterna magna,22,0.5790584415584416,0.03207604935466705,uniform,0,budget,allinputs,5,5
Cerebral infarction,26,0.8089804931910195,0.14715298271446758,finding,0,availability,SWIax,1,-1
Cerebral hemorrhage,20,0.8814133016627078,0.14407126864626213,finding,0,availability,SWIax,1,-1
Gliosis,284,0.6959890832886593,0.5177781995126001,finding,0,availability,SWIax,1,-1
Cerebral atrophy,102,0.8532378740970072,0.44446677822896463,finding,0,availability,SWIax,1,-1
Arachnoid cyst,43,0.6785927251043531,0.0860215703086525,finding,0,availability,SWIax,1,-1
Empty sella syndrome,45,0.624452604379165,0.1199650524174826,finding,0,availability,SWIax,1,-1
Cyst of pineal gland,21,0.7246475284525226,0.05592230327529775,finding,0,availability,SWIax,1,-1
Cerebral edema,43,0.8899679132237271,0.4531923292405606,finding,0,availability,SWIax,1,-1
Mastoiditis,22,0.6309523809523809,0.06854733530737478,finding,0,availability,SWIax,1,-1
Ventriculomegaly,64,0.8440045426065164,0.33840480794375116,finding,0,availability,SWIax,1,-1
Cerebellar degeneration,39,0.7943109947970215,0.13924883292300033,finding,0,availability,SWIax,1,-1
Mega cisterna magna,22,0.6385822510822511,0.042681955148547314,finding,0,availability,SWIax,1,-1
Cerebral infarction,26,0.8150533676849466,0.2373960550910989,finding,0,availability,FLAIRsag,1,-1
Cerebral hemorrhage,20,0.8411520190023754,0.16014777170502967,finding,0,availability,FLAIRsag,1,-1
Gliosis,284,0.7114990983966081,0.547963073915667,finding,0,availability,FLAIRsag,1,-1
Cerebral atrophy,102,0.9172729618163055,0.6598827254612747,finding,0,availability,FLAIRsag,1,-1
Arachnoid cyst,43,0.6889570377942471,0.10595261327605707,finding,0,availability,FLAIRsag,1,-1
Empty sella syndrome,45,0.6289405684754522,0.07482872693126845,finding,0,availability,FLAIRsag,1,-1
Cyst of pineal gland,21,0.7502972651605232,0.05697988743497212,finding,0,availability,FLAIRsag,1,-1
Cerebral edema,43,0.8781554362949713,0.359804456032787,finding,0,availability,FLAIRsag,1,-1
Mastoiditis,22,0.7015151515151515,0.06123917137952725,finding,0,availability,FLAIRsag,1,-1
Ventriculomegaly,64,0.8718475877192984,0.403786737770264,finding,0,availability,FLAIRsag,1,-1
Cerebellar degeneration,39,0.8074274854347759,0.2609317880582908,finding,0,availability,FLAIRsag,1,-1
Mega cisterna magna,22,0.5053030303030304,0.04234659425817603,finding,0,availability,FLAIRsag,1,-1
Cerebral infarction,26,0.8181818181818181,0.2980734081591876,finding,0,availability,FLAIRax,1,-1
Cerebral hemorrhage,20,0.8743467933491686,0.15172399909860018,finding,0,availability,FLAIRax,1,-1
Gliosis,284,0.704481212534724,0.5618346723932401,finding,0,availability,FLAIRax,1,-1
Cerebral atrophy,102,0.9331656346749226,0.6842008807833824,finding,0,availability,FLAIRax,1,-1
Arachnoid cyst,43,0.694181787205043,0.09404770254533494,finding,0,availability,FLAIRax,1,-1
Empty sella syndrome,45,0.6278525771793825,0.07692821797490453,finding,0,availability,FLAIRax,1,-1
Cyst of pineal gland,21,0.7045467414076213,0.07377410066197618,finding,0,availability,FLAIRax,1,-1
Cerebral edema,43,0.9146151006616123,0.5043940985330635,finding,0,availability,FLAIRax,1,-1
Mastoiditis,22,0.6648809523809524,0.08510996588825051,finding,0,availability,FLAIRax,1,-1
Ventriculomegaly,64,0.8909774436090225,0.4067703126528393,finding,0,availability,FLAIRax,1,-1
Cerebellar degeneration,39,0.8621366482848865,0.26055289899119227,finding,0,availability,FLAIRax,1,-1
Mega cisterna magna,22,0.6804653679653679,0.04405649080808208,finding,0,availability,FLAIRax,1,-1
Cerebral infarction,26,0.8393908722856092,0.22203887402022782,finding,0,availability,T2ax,1,-1
Cerebral hemorrhage,20,0.8423990498812353,0.12525110200213907,finding,0,availability,T2ax,1,-1
Gliosis,284,0.720764900823627,0.5439079465994676,finding,0,availability,T2ax,1,-1
Cerebral atrophy,102,0.912719298245614,0.6449404754525507,finding,0,availability,T2ax,1,-1
Arachnoid cyst,43,0.6916262032541103,0.09181616205747287,finding,0,availability,T2ax,1,-1
Empty sella syndrome,45,0.63609411124711,0.08376956640069416,finding,0,availability,T2ax,1,-1
Cyst of pineal gland,21,0.7388030122869599,0.05437433093512283,finding,0,availability,T2ax,1,-1
Cerebral edema,43,0.8589601612857427,0.3716446561755965,finding,0,availability,T2ax,1,-1
Mastoiditis,22,0.6478354978354978,0.07641693598594096,finding,0,availability,T2ax,1,-1
Ventriculomegaly,64,0.8905270989974938,0.398540621277592,finding,0,availability,T2ax,1,-1
Cerebellar degeneration,39,0.831604199769449,0.2820483019040146,finding,0,availability,T2ax,1,-1
Mega cisterna magna,22,0.6189935064935066,0.033518683458554493,finding,0,availability,T2ax,1,-1
Cerebral infarction,26,0.8429333824070666,0.2909005128943193,finding,0,availability,T1ax,1,-1
Cerebral hemorrhage,20,0.8429334916864608,0.15810318701460568,finding,0,availability,T1ax,1,-1
Gliosis,284,0.7015083581071202,0.5421466904525915,finding,0,availability,T1ax,1,-1
Cerebral atrophy,102,0.8989422084623323,0.5998878255215128,finding,0,availability,T1ax,1,-1
Arachnoid cyst,43,0.6707839963653917,0.0772055796653171,finding,0,availability,T1ax,1,-1
Empty sella syndrome,45,0.6280973752209982,0.08006511081931567,finding,0,availability,T1ax,1,-1
Cyst of pineal gland,21,0.7012626691580318,0.06711687498066041,finding,0,availability,T1ax,1,-1
Cerebral edema,43,0.8663713547434478,0.4367157280242328,finding,0,availability,T1ax,1,-1
Mastoiditis,22,0.6662337662337663,0.05532034586190066,finding,0,availability,T1ax,1,-1
Ventriculomegaly,64,0.8894697681704261,0.40921354272585275,finding,0,availability,T1ax,1,-1
Cerebellar degeneration,39,0.809514907935321,0.23545492022270692,finding,0,availability,T1ax,1,-1
Mega cisterna magna,22,0.6221861471861472,0.037550188568788744,finding,0,availability,T1ax,1,-1
Cerebral infarction,26,0.8271531100478469,0.22910697678851283,finding,0,availability,FLAIRsag+SWIax,2,-1
Cerebral hemorrhage,20,0.8826603325415677,0.16257841318272584,finding,0,availability,FLAIRsag+SWIax,2,-1
Gliosis,284,0.7116635800964959,0.5435745422025494,finding,0,availability,FLAIRsag+SWIax,2,-1
Cerebral atrophy,102,0.911468008255934,0.6112505071030605,finding,0,availability,FLAIRsag+SWIax,2,-1
Arachnoid cyst,43,0.689922480620155,0.0956570106357871,finding,0,availability,FLAIRsag+SWIax,2,-1
Empty sella syndrome,45,0.6433564531483748,0.08244962923116891,finding,0,availability,FLAIRsag+SWIax,2,-1
Cyst of pineal gland,21,0.7492214483891059,0.06052254736007051,finding,0,availability,FLAIRsag+SWIax,2,-1
Cerebral edema,43,0.9040804157083226,0.44085762142112767,finding,0,availability,FLAIRsag+SWIax,2,-1
Mastoiditis,22,0.6707792207792208,0.07922371394653988,finding,0,availability,FLAIRsag+SWIax,2,-1
Ventriculomegaly,64,0.8713580827067668,0.4015223186638314,finding,0,availability,FLAIRsag+SWIax,2,-1
Cerebellar degeneration,39,0.8181761535345983,0.22798903644298635,finding,0,availability,FLAIRsag+SWIax,2,-1
Mega cisterna magna,22,0.5612012987012988,0.03328157727231269,finding,0,availability,FLAIRsag+SWIax,2,-1
Cerebral infarction,26,0.8277511961722488,0.30435649756276384,finding,0,availability,FLAIRax+SWIax,2,-1
Cerebral hemorrhage,20,0.890439429928741,0.15018798551752083,finding,0,availability,FLAIRax+SWIax,2,-1
Gliosis,284,0.7127113894439301,0.5588779963552966,finding,0,availability,FLAIRax+SWIax,2,-1
Cerebral atrophy,102,0.9228457172342621,0.6513261707161999,finding,0,availability,FLAIRax+SWIax,2,-1
Arachnoid cyst,43,0.6873668966692223,0.0935641806145181,finding,0,availability,FLAIRax+SWIax,2,-1
Empty sella syndrome,45,0.6347341221270231,0.08672359956096504,finding,0,availability,FLAIRax+SWIax,2,-1
Cyst of pineal gland,21,0.7239680652284695,0.07077788548304104,finding,0,availability,FLAIRax+SWIax,2,-1
Cerebral edema,43,0.9164608001817304,0.4890787945107132,finding,0,availability,FLAIRax+SWIax,2,-1
Mastoiditis,22,0.6469155844155844,0.099845104329999,finding,0,availability,FLAIRax+SWIax,2,-1
Ventriculomegaly,64,0.8845551378446116,0.4024699165992422,finding,0,availability,FLAIRax+SWIax,2,-1
Cerebellar degeneration,39,0.8512633579462254,0.2517009249025125,finding,0,availability,FLAIRax+SWIax,2,-1
Mega cisterna magna,22,0.6688311688311689,0.04309118619482347,finding,0,availability,FLAIRax+SWIax,2,-1
Cerebral infarction,26,0.8235645933014354,0.29407365186473183,finding,0,availability,FLAIRax+FLAIRsag,2,-1
Cerebral hemorrhage,20,0.8675178147268409,0.16809586780573263,finding,0,availability,FLAIRax+FLAIRsag,2,-1
Gliosis,284,0.7177798625664019,0.5670275097677866,finding,0,availability,FLAIRax+FLAIRsag,2,-1
Cerebral atrophy,102,0.9368679050567594,0.7001512619409085,finding,0,availability,FLAIRax+FLAIRsag,2,-1
Arachnoid cyst,43,0.699605304256467,0.12996940156474593,finding,0,availability,FLAIRax+FLAIRsag,2,-1
Empty sella syndrome,45,0.6425676594587243,0.07820204819066229,finding,0,availability,FLAIRax+FLAIRsag,2,-1
Cyst of pineal gland,21,0.7337070381065625,0.06076417737802363,finding,0,availability,FLAIRax+FLAIRsag,2,-1
Cerebral edema,43,0.9089644205923275,0.48556147966328056,finding,0,availability,FLAIRax+FLAIRsag,2,-1
Mastoiditis,22,0.6889069264069264,0.06924256844749963,finding,0,availability,FLAIRax+FLAIRsag,2,-1
Ventriculomegaly,64,0.889234805764411,0.4150205414102158,finding,0,availability,FLAIRax+FLAIRsag,2,-1
Cerebellar degeneration,39,0.8405770009658223,0.2799066400447058,finding,0,availability,FLAIRax+FLAIRsag,2,-1
Mega cisterna magna,22,0.5812770562770562,0.04027031782890479,finding,0,availability,FLAIRax+FLAIRsag,2,-1
Cerebral infarction,26,0.8371825542878174,0.2235235438861821,finding,0,availability,T2ax+SWIax,2,-1
Cerebral hemorrhage,20,0.8666270783847981,0.136439172143367,finding,0,availability,T2ax+SWIax,2,-1
Gliosis,284,0.7236585603586919,0.5436235296907386,finding,0,availability,T2ax+SWIax,2,-1
Cerebral atrophy,102,0.9158410732714137,0.6155938989347755,finding,0,availability,T2ax+SWIax,2,-1
Arachnoid cyst,43,0.6894113638299685,0.08995491254311835,finding,0,availability,T2ax+SWIax,2,-1
Empty sella syndrome,45,0.6440908472732217,0.09178177969579307,finding,0,availability,T2ax+SWIax,2,-1
Cyst of pineal gland,21,0.7561293245003115,0.059783876339244243,finding,0,availability,T2ax+SWIax,2,-1
Cerebral edema,43,0.8824999290115568,0.4510965999102064,finding,0,availability,T2ax+SWIax,2,-1
Mastoiditis,22,0.6392857142857142,0.11305849240004162,finding,0,availability,T2ax+SWIax,2,-1
Ventriculomegaly,64,0.8853775062656641,0.41680457778784114,finding,0,availability,T2ax+SWIax,2,-1
Cerebellar degeneration,39,0.8344705112627349,0.2456751799560542,finding,0,availability,T2ax+SWIax,2,-1
Mega cisterna magna,22,0.6341450216450217,0.03657200319473823,finding,0,availability,T2ax+SWIax,2,-1
Cerebral infarction,26,0.8396669120353331,0.2694657815257646,finding,0,availability,T2ax+FLAIRsag,2,-1
Cerebral hemorrhage,20,0.8595011876484561,0.16183015519900998,finding,0,availability,T2ax+FLAIRsag,2,-1
Gliosis,284,0.7308165602612213,0.5619390093731464,finding,0,availability,T2ax+FLAIRsag,2,-1
Cerebral atrophy,102,0.9304437564499484,0.6766987873141899,finding,0,availability,T2ax+FLAIRsag,2,-1
Arachnoid cyst,43,0.6971349064372321,0.09705234362995108,finding,0,availability,T2ax+FLAIRsag,2,-1
Empty sella syndrome,45,0.6484972120223039,0.08136456920995533,finding,0,availability,T2ax+FLAIRsag,2,-1
Cyst of pineal gland,21,0.7660947851197554,0.06262366945271662,finding,0,availability,T2ax+FLAIRsag,2,-1
Cerebral edema,43,0.8844876054178379,0.4179410079936551,finding,0,availability,T2ax+FLAIRsag,2,-1
Mastoiditis,22,0.6838744588744589,0.07236070030124332,finding,0,availability,T2ax+FLAIRsag,2,-1
Ventriculomegaly,64,0.8932879072681704,0.43118719582741755,finding,0,availability,T2ax+FLAIRsag,2,-1
Cerebellar degeneration,39,0.8325388665607378,0.2839383814657867,finding,0,availability,T2ax+FLAIRsag,2,-1
Mega cisterna magna,22,0.5619047619047619,0.02964095513203289,finding,0,availability,T2ax+FLAIRsag,2,-1
Cerebral infarction,26,0.8345141700404859,0.31122631337052836,finding,0,availability,T2ax+FLAIRax,2,-1
Cerebral hemorrhage,20,0.8665676959619952,0.1459003279145461,finding,0,availability,T2ax+FLAIRax,2,-1
Gliosis,284,0.7222330522929966,0.5614597017144032,finding,0,availability,T2ax+FLAIRax,2,-1
Cerebral atrophy,102,0.9324432404540764,0.6888684461287836,finding,0,availability,T2ax+FLAIRax,2,-1
Arachnoid cyst,43,0.6957435329528353,0.09542419014257648,finding,0,availability,T2ax+FLAIRax,2,-1
Empty sella syndrome,45,0.6388684890520876,0.08159612089243932,finding,0,availability,T2ax+FLAIRax,2,-1
Cyst of pineal gland,21,0.7366513787441255,0.05692731356868014,finding,0,availability,T2ax+FLAIRax,2,-1
Cerebral edema,43,0.8951074765028253,0.4766176091401393,finding,0,availability,T2ax+FLAIRax,2,-1
Mastoiditis,22,0.6558441558441559,0.08134548739741825,finding,0,availability,T2ax+FLAIRax,2,-1
Ventriculomegaly,64,0.8996514724310777,0.42281030203738335,finding,0,availability,T2ax+FLAIRax,2,-1
Cerebellar degeneration,39,0.8529146026108358,0.27644287881136265,finding,0,availability,T2ax+FLAIRax,2,-1
Mega cisterna magna,22,0.6462121212121212,0.03720828078030493,finding,0,availability,T2ax+FLAIRax,2,-1
Cerebral infarction,26,0.8420132499079868,0.260728479618576,finding,0,availability,T1ax+SWIax,2,-1
Cerebral hemorrhage,20,0.8720902612826604,0.1519267861915959,finding,0,availability,T1ax+SWIax,2,-1
Gliosis,284,0.710865539256299,0.5432486279695018,finding,0,availability,T1ax+SWIax,2,-1
Cerebral atrophy,102,0.9031604747162023,0.579462403234781,finding,0,availability,T1ax+SWIax,2,-1
Arachnoid cyst,43,0.6769173978476304,0.08145239512270565,finding,0,availability,T1ax+SWIax,2,-1
Empty sella syndrome,45,0.6353869169046648,0.0976495143165394,finding,0,availability,T1ax+SWIax,2,-1
Cyst of pineal gland,21,0.7301398561802843,0.07293174662435213,finding,0,availability,T1ax+SWIax,2,-1
Cerebral edema,43,0.890592611522844,0.48661266026004163,finding,0,availability,T1ax+SWIax,2,-1
Mastoiditis,22,0.6531385281385281,0.06828726457661048,finding,0,availability,T1ax+SWIax,2,-1
Ventriculomegaly,64,0.8844963972431078,0.4046295742844004,finding,0,availability,T1ax+SWIax,2,-1
Cerebellar degeneration,39,0.8258404212231673,0.22129926676493122,finding,0,availability,T1ax+SWIax,2,-1
Mega cisterna magna,22,0.6321428571428572,0.03865336768228357,finding,0,availability,T1ax+SWIax,2,-1
Cerebral infarction,26,0.8392988590357011,0.304362220337641,finding,0,availability,T1ax+FLAIRsag,2,-1
Cerebral hemorrhage,20,0.8539192399049882,0.1727159909746385,finding,0,availability,T1ax+FLAIRsag,2,-1
Gliosis,284,0.7172620498074955,0.5613084594312064,finding,0,availability,T1ax+FLAIRsag,2,-1
Cerebral atrophy,102,0.9255417956656347,0.6809024010530561,finding,0,availability,T1ax+FLAIRsag,2,-1
Arachnoid cyst,43,0.6855779879035693,0.08951029980838023,finding,0,availability,T1ax+FLAIRsag,2,-1
Empty sella syndrome,45,0.6493404052767577,0.07868441841085962,finding,0,availability,T1ax+FLAIRsag,2,-1
Cyst of pineal gland,21,0.732914331011834,0.061715022515877516,finding,0,availability,T1ax+FLAIRsag,2,-1
Cerebral edema,43,0.8869012124826078,0.43366285287347367,finding,0,availability,T1ax+FLAIRsag,2,-1
Mastoiditis,22,0.6978896103896104,0.06153289393105166,finding,0,availability,T1ax+FLAIRsag,2,-1
Ventriculomegaly,64,0.8949718045112782,0.44328933511441065,finding,0,availability,T1ax+FLAIRsag,2,-1
Cerebellar degeneration,39,0.8176465090195346,0.2743322004934543,finding,0,availability,T1ax+FLAIRsag,2,-1
Mega cisterna magna,22,0.564448051948052,0.03951710568871751,finding,0,availability,T1ax+FLAIRsag,2,-1
Cerebral infarction,26,0.8387007729112992,0.3292666308264528,finding,0,availability,T1ax+FLAIRax,2,-1
Cerebral hemorrhage,20,0.8660332541567696,0.1570222426307898,finding,0,availability,T1ax+FLAIRax,2,-1
Gliosis,284,0.7114199035040694,0.5696786636866371,finding,0,availability,T1ax+FLAIRax,2,-1
Cerebral atrophy,102,0.9292053663570692,0.6790467660064272,finding,0,availability,T1ax+FLAIRax,2,-1
Arachnoid cyst,43,0.6855779879035693,0.08381928389823093,finding,0,availability,T1ax+FLAIRax,2,-1
Empty sella syndrome,45,0.63609411124711,0.07980613078405019,finding,0,availability,T1ax+FLAIRax,2,-1
Cyst of pineal gland,21,0.7049997168903233,0.06873307715994467,finding,0,availability,T1ax+FLAIRax,2,-1
Cerebral edema,43,0.9022347161882047,0.5102427870037022,finding,0,availability,T1ax+FLAIRax,2,-1
Mastoiditis,22,0.670995670995671,0.06686908682020312,finding,0,availability,T1ax+FLAIRax,2,-1
Ventriculomegaly,64,0.8996906328320802,0.43560329032679124,finding,0,availability,T1ax+FLAIRax,2,-1
Cerebellar degeneration,39,0.8479920241767144,0.2721846165444362,finding,0,availability,T1ax+FLAIRax,2,-1
Mega cisterna magna,22,0.6536255411255412,0.03992153071538761,finding,0,availability,T1ax+FLAIRax,2,-1
Cerebral infarction,26,0.8498803827751196,0.29396902797099983,finding,0,availability,T1ax+T2ax,2,-1
Cerebral hemorrhage,20,0.8480997624703088,0.15014754986028514,finding,0,availability,T1ax+T2ax,2,-1
Gliosis,284,0.7228666114333058,0.5590968572340215,finding,0,availability,T1ax+T2ax,2,-1
Cerebral atrophy,102,0.9203431372549019,0.6526984489482639,finding,0,availability,T1ax+T2ax,2,-1
Arachnoid cyst,43,0.6852372433767783,0.08579034593269204,finding,0,availability,T1ax+T2ax,2,-1
Empty sella syndrome,45,0.6431388548891609,0.0820339628811243,finding,0,availability,T1ax+T2ax,2,-1
Cyst of pineal gland,21,0.7398222071230395,0.05939022457053569,finding,0,availability,T1ax+T2ax,2,-1
Cerebral edema,43,0.8750603401766192,0.45468349652484663,finding,0,availability,T1ax+T2ax,2,-1
Mastoiditis,22,0.6597402597402597,0.06875108431094298,finding,0,availability,T1ax+T2ax,2,-1
Ventriculomegaly,64,0.9008067042606517,0.4288080919186408,finding,0,availability,T1ax+T2ax,2,-1
Cerebellar degeneration,39,0.8317288220082873,0.29002572647790653,finding,0,availability,T1ax+T2ax,2,-1
Mega cisterna magna,22,0.625974025974026,0.035109185804655864,finding,0,availability,T1ax+T2ax,2,-1
Cerebral infarction,26,0.8294994479205006,0.2914539330255047,finding,0,availability,FLAIRax+FLAIRsag+SWIax,3,-1
Cerebral hemorrhage,20,0.8856294536817102,0.1626247846045215,finding,0,availability,FLAIRax+FLAIRsag+SWIax,3,-1
Gliosis,284,0.7180174472440178,0.5615946897546501,finding,0,availability,FLAIRax+FLAIRsag+SWIax,3,-1
Cerebral atrophy,102,0.929889060887513,0.6729274421686517,finding,0,availability,FLAIRax+FLAIRsag+SWIax,3,-1
Arachnoid cyst,43,0.6956583468211376,0.1162803950987585,finding,0,availability,FLAIRax+FLAIRsag+SWIax,3,-1
Empty sella syndrome,45,0.6457772337821297,0.08250746704633914,finding,0,availability,FLAIRax+FLAIRsag+SWIax,3,-1
Cyst of pineal gland,21,0.7377838174508804,0.0655799987891438,finding,0,availability,FLAIRax+FLAIRsag+SWIax,3,-1
Cerebral edema,43,0.9142175653803558,0.4846074887381355,finding,0,availability,FLAIRax+FLAIRsag+SWIax,3,-1
Mastoiditis,22,0.6714285714285714,0.08201261937823061,finding,0,availability,FLAIRax+FLAIRsag+SWIax,3,-1
Ventriculomegaly,64,0.8855537280701754,0.41170085668567047,finding,0,availability,FLAIRax+FLAIRsag+SWIax,3,-1
Cerebellar degeneration,39,0.841200112160015,0.26528416775424085,finding,0,availability,FLAIRax+FLAIRsag+SWIax,3,-1
Mega cisterna magna,22,0.6048701298701299,0.03519038520962677,finding,0,availability,FLAIRax+FLAIRsag+SWIax,3,-1
Cerebral infarction,26,0.8401729849098271,0.26502015997361406,finding,0,availability,T2ax+FLAIRsag+SWIax,3,-1
Cerebral hemorrhage,20,0.8757125890736343,0.15819944821064955,finding,0,availability,T2ax+FLAIRsag+SWIax,3,-1
Gliosis,284,0.7273258930747112,0.5538012261557745,finding,0,availability,T2ax+FLAIRsag+SWIax,3,-1
Cerebral atrophy,102,0.9264576883384933,0.6624296858623514,finding,0,availability,T2ax+FLAIRsag+SWIax,3,-1
Arachnoid cyst,43,0.6927052275889486,0.09087152688084833,finding,0,availability,T2ax+FLAIRsag+SWIax,3,-1
Empty sella syndrome,45,0.6508091935264517,0.08372110419886596,finding,0,availability,T2ax+FLAIRsag+SWIax,3,-1
Cyst of pineal gland,21,0.7652454560896891,0.06268523130031435,finding,0,availability,T2ax+FLAIRsag+SWIax,3,-1
Cerebral edema,43,0.8966124314961524,0.44792333638006576,finding,0,availability,T2ax+FLAIRsag+SWIax,3,-1
Mastoiditis,22,0.6687770562770562,0.10779901850285416,finding,0,availability,T2ax+FLAIRsag+SWIax,3,-1
Ventriculomegaly,64,0.888079573934837,0.425000867925823,finding,0,availability,T2ax+FLAIRsag+SWIax,3,-1
Cerebellar degeneration,39,0.8332242888743496,0.2725929782317129,finding,0,availability,T2ax+FLAIRsag+SWIax,3,-1
Mega cisterna magna,22,0.5862554112554113,0.03194411883894517,finding,0,availability,T2ax+FLAIRsag+SWIax,3,-1
Cerebral infarction,26,0.8358943687891056,0.3002424075910208,finding,0,availability,T2ax+FLAIRax+SWIax,3,-1
Cerebral hemorrhage,20,0.8776722090261283,0.14526754121873667,finding,0,availability,T2ax+FLAIRax+SWIax,3,-1
Gliosis,284,0.7230554607924362,0.5594264449366229,finding,0,availability,T2ax+FLAIRax+SWIax,3,-1
Cerebral atrophy,102,0.929437564499484,0.67206901535831,finding,0,availability,T2ax+FLAIRax+SWIax,3,-1
Arachnoid cyst,43,0.692875599852344,0.09179608695711831,finding,0,availability,T2ax+FLAIRax+SWIax,3,-1
Empty sella syndrome,45,0.6412892696858425,0.08380644578525079,finding,0,availability,T2ax+FLAIRax+SWIax,3,-1
Cyst of pineal gland,21,0.7449181813034369,0.06133883980776248,finding,0,availability,T2ax+FLAIRax+SWIax,3,-1
Cerebral edema,43,0.9007581565721101,0.4647327746186337,finding,0,availability,T2ax+FLAIRax+SWIax,3,-1
Mastoiditis,22,0.6462121212121211,0.10245851438966275,finding,0,availability,T2ax+FLAIRax+SWIax,3,-1
Ventriculomegaly,64,0.8944822994987468,0.42778096896447926,finding,0,availability,T2ax+FLAIRax+SWIax,3,-1
Cerebellar degeneration,39,0.8508894912297099,0.2721948859289233,finding,0,availability,T2ax+FLAIRax+SWIax,3,-1
Mega cisterna magna,22,0.6503787878787879,0.0383045755053935,finding,0,availability,T2ax+FLAIRax+SWIax,3,-1
Cerebral infarction,26,0.8372285609127714,0.31077073992473764,finding,0,availability,T2ax+FLAIRax+FLAIRsag,3,-1
Cerebral hemorrhage,20,0.870605700712589,0.1610158062527928,finding,0,availability,T2ax+FLAIRax+FLAIRsag,3,-1
Gliosis,284,0.7281056581704761,0.5673891496216346,finding,0,availability,T2ax+FLAIRax+FLAIRsag,3,-1
Cerebral atrophy,102,0.9369453044375644,0.6970778010508314,finding,0,availability,T2ax+FLAIRax+FLAIRsag,3,-1
Arachnoid cyst,43,0.699264559729676,0.09864793220811094,finding,0,availability,T2ax+FLAIRax+FLAIRsag,3,-1
Empty sella syndrome,45,0.6474364205086359,0.08093788597280732,finding,0,availability,T2ax+FLAIRax+FLAIRsag,3,-1
Cyst of pineal gland,21,0.747636034199649,0.059680884620628004,finding,0,availability,T2ax+FLAIRax+FLAIRsag,3,-1
Cerebral edema,43,0.900076667518528,0.4668945366559066,finding,0,availability,T2ax+FLAIRax+FLAIRsag,3,-1
Mastoiditis,22,0.6792207792207793,0.08213747942108536,finding,0,availability,T2ax+FLAIRax+FLAIRsag,3,-1
Ventriculomegaly,64,0.8969689849624061,0.43326243725968233,finding,0,availability,T2ax+FLAIRax+FLAIRsag,3,-1
Cerebellar degeneration,39,0.843567934697947,0.2727338972729422,finding,0,availability,T2ax+FLAIRax+FLAIRsag,3,-1
Mega cisterna magna,22,0.6030844155844156,0.03284923353881867,finding,0,availability,T2ax+FLAIRax+FLAIRsag,3,-1
Cerebral infarction,26,0.8429333824070666,0.2978939849754662,finding,0,availability,T1ax+FLAIRsag+SWIax,3,-1
Cerebral hemorrhage,20,0.8743171021377671,0.16060151284917962,finding,0,availability,T1ax+FLAIRsag+SWIax,3,-1
Gliosis,284,0.7184621570251961,0.5568848109918965,finding,0,availability,T1ax+FLAIRsag+SWIax,3,-1
Cerebral atrophy,102,0.9208075335397317,0.6442281617238974,finding,0,availability,T1ax+FLAIRsag+SWIax,3,-1
Arachnoid cyst,43,0.687253315160292,0.08820389337080388,finding,0,availability,T1ax+FLAIRsag+SWIax,3,-1
Empty sella syndrome,45,0.6476812185502516,0.08311692162778522,finding,0,availability,T1ax+FLAIRsag+SWIax,3,-1
Cyst of pineal gland,21,0.7384066587395958,0.06398607347545479,finding,0,availability,T1ax+FLAIRsag+SWIax,3,-1
Cerebral edema,43,0.900559388931482,0.4824732445210962,finding,0,availability,T1ax+FLAIRsag+SWIax,3,-1
Mastoiditis,22,0.6771645021645022,0.07072988574676983,finding,0,availability,T1ax+FLAIRsag+SWIax,3,-1
Ventriculomegaly,64,0.8884320175438597,0.41817807934945533,finding,0,availability,T1ax+FLAIRsag+SWIax,3,-1
Cerebellar degeneration,39,0.8254042433872325,0.2373005686095166,finding,0,availability,T1ax+FLAIRsag+SWIax,3,-1
Mega cisterna magna,22,0.5841991341991343,0.03501991468965027,finding,0,availability,T1ax+FLAIRsag+SWIax,3,-1
Cerebral infarction,26,0.8387467795362533,0.32167829233143774,finding,0,availability,T1ax+FLAIRax+SWIax,3,-1
Cerebral hemorrhage,20,0.8811757719714964,0.15699253017684453,finding,0,availability,T1ax+FLAIRax+SWIax,3,-1
Gliosis,284,0.7160010234416883,0.5632805518510146,finding,0,availability,T1ax+FLAIRax+SWIax,3,-1
Cerebral atrophy,102,0.9252063983488132,0.6605524997079754,finding,0,availability,T1ax+FLAIRax+SWIax,3,-1
Arachnoid cyst,43,0.6859471278075929,0.08633130666121389,finding,0,availability,T1ax+FLAIRax+SWIax,3,-1
Empty sella syndrome,45,0.6388140894872841,0.08594087685792495,finding,0,availability,T1ax+FLAIRax+SWIax,3,-1
Cyst of pineal gland,21,0.7228922484570522,0.07315151722227073,finding,0,availability,T1ax+FLAIRax+SWIax,3,-1
Cerebral edema,43,0.908453303802141,0.5139593828411511,finding,0,availability,T1ax+FLAIRax+SWIax,3,-1
Mastoiditis,22,0.6564935064935065,0.07380872014245389,finding,0,availability,T1ax+FLAIRax+SWIax,3,-1
Ventriculomegaly,64,0.8937186716791979,0.4238295410948278,finding,0,availability,T1ax+FLAIRax+SWIax,3,-1
Cerebellar degeneration,39,0.8473689129825217,0.25942140681605746,finding,0,availability,T1ax+FLAIRax+SWIax,3,-1
Mega cisterna magna,22,0.6527056277056277,0.04044995248045433,finding,0,availability,T1ax+FLAIRax+SWIax,3,-1
Cerebral infarction,26,0.8366764814133235,0.32346790165745853,finding,0,availability,T1ax+FLAIRax+FLAIRsag,3,-1
Cerebral hemorrhage,20,0.8664489311163895,0.168924104192646,finding,0,availability,T1ax+FLAIRax+FLAIRsag,3,-1
Gliosis,284,0.7197780106242995,0.5722467407488103,finding,0,availability,T1ax+FLAIRax+FLAIRsag,3,-1
Cerebral atrophy,102,0.9347265221878225,0.6954227261703161,finding,0,availability,T1ax+FLAIRax+FLAIRsag,3,-1
Arachnoid cyst,43,0.6925064599483204,0.09160365033684452,finding,0,availability,T1ax+FLAIRax+FLAIRsag,3,-1
Empty sella syndrome,45,0.646593227254182,0.07899463949871986,finding,0,availability,T1ax+FLAIRax+FLAIRsag,3,-1
Cyst of pineal gland,21,0.7264594303833305,0.06221827699423161,finding,0,availability,T1ax+FLAIRax+FLAIRsag,3,-1
Cerebral edema,43,0.9033989266547405,0.49584054719401954,finding,0,availability,T1ax+FLAIRax+FLAIRsag,3,-1
Mastoiditis,22,0.6883116883116882,0.06825364251796795,finding,0,availability,T1ax+FLAIRax+FLAIRsag,3,-1
Ventriculomegaly,64,0.8972235275689222,0.4373581089385145,finding,0,availability,T1ax+FLAIRax+FLAIRsag,3,-1
Cerebellar degeneration,39,0.8394242452565661,0.28106100477010054,finding,0,availability,T1ax+FLAIRax+FLAIRsag,3,-1
Mega cisterna magna,22,0.5994588744588745,0.03687981455715093,finding,0,availability,T1ax+FLAIRax+FLAIRsag,3,-1
Cerebral infarction,26,0.8463378726536621,0.2891710472141418,finding,0,availability,T1ax+T2ax+SWIax,3,-1
Cerebral hemorrhage,20,0.8647268408551069,0.14593021328204575,finding,0,availability,T1ax+T2ax+SWIax,3,-1
Gliosis,284,0.723530630147668,0.5539434705427807,finding,0,availability,T1ax+T2ax+SWIax,3,-1
Cerebral atrophy,102,0.9196336429308565,0.6329869102149501,finding,0,availability,T1ax+T2ax+SWIax,3,-1
Arachnoid cyst,43,0.6843853820598007,0.08595942895104113,finding,0,availability,T1ax+T2ax+SWIax,3,-1
Empty sella syndrome,45,0.6437100503195975,0.08736516010728025,finding,0,availability,T1ax+T2ax+SWIax,3,-1
Cyst of pineal gland,21,0.748994960647755,0.06363026950370963,finding,0,availability,T1ax+T2ax+SWIax,3,-1
Cerebral edema,43,0.8861061419200953,0.4799700644888005,finding,0,availability,T1ax+T2ax+SWIax,3,-1
Mastoiditis,22,0.6521103896103895,0.08007941150851483,finding,0,availability,T1ax+T2ax+SWIax,3,-1
Ventriculomegaly,64,0.8952850877192983,0.4291818644847071,finding,0,availability,T1ax+T2ax+SWIax,3,-1
Cerebellar degeneration,39,0.8349066890986695,0.26870634885670264,finding,0,availability,T1ax+T2ax+SWIax,3,-1
Mega cisterna magna,22,0.6305194805194806,0.03622572741666489,finding,0,availability,T1ax+T2ax+SWIax,3,-1
Cerebral infarction,26,0.847856091277144,0.3053321447326992,finding,0,availability,T1ax+T2ax+FLAIRsag,3,-1
Cerebral hemorrhage,20,0.8581947743467934,0.16126601064164162,finding,0,availability,T1ax+T2ax+FLAIRsag,3,-1
Gliosis,284,0.7291534675179102,0.568174172581692,finding,0,availability,T1ax+T2ax+FLAIRsag,3,-1
Cerebral atrophy,102,0.9307017543859649,0.6853113168933633,finding,0,availability,T1ax+T2ax+FLAIRsag,3,-1
Arachnoid cyst,43,0.6906323650509697,0.08950419387682013,finding,0,availability,T1ax+T2ax+FLAIRsag,3,-1
Empty sella syndrome,45,0.6512987896096831,0.08149858066135912,finding,0,availability,T1ax+T2ax+FLAIRsag,3,-1
Cyst of pineal gland,21,0.7482588754883641,0.06031079942715688,finding,0,availability,T1ax+T2ax+FLAIRsag,3,-1
Cerebral edema,43,0.8855950251299088,0.4574457673165668,finding,0,availability,T1ax+T2ax+FLAIRsag,3,-1
Mastoiditis,22,0.680952380952381,0.0681754323819431,finding,0,availability,T1ax+T2ax+FLAIRsag,3,-1
Ventriculomegaly,64,0.899671052631579,0.443250937477619,finding,0,availability,T1ax+T2ax+FLAIRsag,3,-1
Cerebellar degeneration,39,0.8310745552543852,0.30855750759843525,finding,0,availability,T1ax+T2ax+FLAIRsag,3,-1
Mega cisterna magna,22,0.5835497835497836,0.03169172612643689,finding,0,availability,T1ax+T2ax+FLAIRsag,3,-1
Cerebral infarction,26,0.8434394552815605,0.3339921464450339,finding,0,availability,T1ax+T2ax+FLAIRax,3,-1
Cerebral hemorrhage,20,0.863836104513064,0.15392344168145922,finding,0,availability,T1ax+T2ax+FLAIRax,3,-1
Gliosis,284,0.721739607193333,0.5686416350124077,finding,0,availability,T1ax+T2ax+FLAIRax,3,-1
Cerebral atrophy,102,0.9317466460268318,0.6891756190706172,finding,0,availability,T1ax+T2ax+FLAIRax,3,-1
Arachnoid cyst,43,0.6919385524036686,0.08988664321954333,finding,0,availability,T1ax+T2ax+FLAIRax,3,-1
Empty sella syndrome,45,0.6412076703386372,0.0813317558892794,finding,0,availability,T1ax+T2ax+FLAIRax,3,-1
Cyst of pineal gland,21,0.73200838004643,0.06086091445365406,finding,0,availability,T1ax+T2ax+FLAIRax,3,-1
Cerebral edema,43,0.8945111735809409,0.48403174836943486,finding,0,availability,T1ax+T2ax+FLAIRax,3,-1
Mastoiditis,22,0.6628246753246753,0.07675690223528846,finding,0,availability,T1ax+T2ax+FLAIRax,3,-1
Ventriculomegaly,64,0.9036458333333333,0.44480119166443455,finding,0,availability,T1ax+T2ax+FLAIRax,3,-1
Cerebellar degeneration,39,0.8472442907436831,0.2795656156910717,finding,0,availability,T1ax+T2ax+FLAIRax,3,-1
Mega cisterna magna,22,0.643452380952381,0.03732913797764948,finding,0,availability,T1ax+T2ax+FLAIRax,3,-1
Cerebral infarction,26,0.8379186602870814,0.2982926228283174,finding,0,availability,T2ax+FLAIRax+FLAIRsag+SWIax,4,-1
Cerebral hemorrhage,20,0.878978622327791,0.1552646002427734,finding,0,availability,T2ax+FLAIRax+FLAIRsag+SWIax,4,-1
Gliosis,284,0.7270212973341781,0.564993436543428,finding,0,availability,T2ax+FLAIRax+FLAIRsag+SWIax,4,-1
Cerebral atrophy,102,0.9331914344685243,0.6847580194866066,finding,0,availability,T2ax+FLAIRax+FLAIRsag+SWIax,4,-1
Arachnoid cyst,43,0.696169463611324,0.09356005625124618,finding,0,availability,T2ax+FLAIRax+FLAIRsag+SWIax,4,-1
Empty sella syndrome,45,0.647327621379029,0.08245471600479187,finding,0,availability,T2ax+FLAIRax+FLAIRsag+SWIax,4,-1
Cyst of pineal gland,21,0.752845252250722,0.06401492952298717,finding,0,availability,T2ax+FLAIRax+FLAIRsag+SWIax,4,-1
Cerebral edema,43,0.905017463156998,0.4622708266352179,finding,0,availability,T2ax+FLAIRax+FLAIRsag+SWIax,4,-1
Mastoiditis,22,0.6679112554112554,0.08049688341196973,finding,0,availability,T2ax+FLAIRax+FLAIRsag+SWIax,4,-1
Ventriculomegaly,64,0.8937774122807017,0.4344446249979493,finding,0,availability,T2ax+FLAIRax+FLAIRsag+SWIax,4,-1
Cerebellar degeneration,39,0.8431006013023025,0.2818957081986524,finding,0,availability,T2ax+FLAIRax+FLAIRsag+SWIax,4,-1
Mega cisterna magna,22,0.6127164502164503,0.03407537315953205,finding,0,availability,T2ax+FLAIRax+FLAIRsag+SWIax,4,-1
Cerebral infarction,26,0.8392988590357012,0.3218784212972434,finding,0,availability,T1ax+FLAIRax+FLAIRsag+SWIax,4,-1
Cerebral hemorrhage,20,0.8801068883610451,0.16450496374924933,finding,0,availability,T1ax+FLAIRax+FLAIRsag+SWIax,4,-1
Gliosis,284,0.7197901944539207,0.5662110308144934,finding,0,availability,T1ax+FLAIRax+FLAIRsag+SWIax,4,-1
Cerebral atrophy,102,0.9308307533539733,0.6787133559920934,finding,0,availability,T1ax+FLAIRax+FLAIRsag+SWIax,4,-1
Arachnoid cyst,43,0.6912002725956213,0.08997377285004239,finding,0,availability,T1ax+FLAIRax+FLAIRsag+SWIax,4,-1
Empty sella syndrome,45,0.6474636202910377,0.08247872060901369,finding,0,availability,T1ax+FLAIRax+FLAIRsag+SWIax,4,-1
Cyst of pineal gland,21,0.7316120264990656,0.06557377528756421,finding,0,availability,T1ax+FLAIRax+FLAIRsag+SWIax,4,-1
Cerebral edema,43,0.9084816991793736,0.49343501242132054,finding,0,availability,T1ax+FLAIRax+FLAIRsag+SWIax,4,-1
Mastoiditis,22,0.6750541125541125,0.07548012773939063,finding,0,availability,T1ax+FLAIRax+FLAIRsag+SWIax,4,-1
Ventriculomegaly,64,0.8942277568922306,0.4315496226662403,finding,0,availability,T1ax+FLAIRax+FLAIRsag+SWIax,4,-1
Cerebellar degeneration,39,0.8400473564507587,0.2677035493823541,finding,0,availability,T1ax+FLAIRax+FLAIRsag+SWIax,4,-1
Mega cisterna magna,22,0.6112554112554113,0.03573889898984222,finding,0,availability,T1ax+FLAIRax+FLAIRsag+SWIax,4,-1
Cerebral infarction,26,0.8463838792786161,0.3020879589074081,finding,0,availability,T1ax+T2ax+FLAIRsag+SWIax,4,-1
Cerebral hemorrhage,20,0.869833729216152,0.15785667437653464,finding,0,availability,T1ax+T2ax+FLAIRsag+SWIax,4,-1
Gliosis,284,0.7272588820117939,0.5595507608729107,finding,0,availability,T1ax+T2ax+FLAIRsag+SWIax,4,-1
Cerebral atrophy,102,0.9276960784313726,0.6691921016342816,finding,0,availability,T1ax+T2ax+FLAIRsag+SWIax,4,-1
Arachnoid cyst,43,0.6889002470397819,0.08805997349465376,finding,0,availability,T1ax+T2ax+FLAIRsag+SWIax,4,-1
Empty sella syndrome,45,0.65140758873929,0.08368973187826279,finding,0,availability,T1ax+T2ax+FLAIRsag+SWIax,4,-1
Cyst of pineal gland,21,0.753751203216126,0.0639810111017918,finding,0,availability,T1ax+T2ax+FLAIRsag+SWIax,4,-1
Cerebral edema,43,0.893829684527359,0.46927545961143374,finding,0,availability,T1ax+T2ax+FLAIRsag+SWIax,4,-1
Mastoiditis,22,0.6726731601731601,0.07628188357987054,finding,0,availability,T1ax+T2ax+FLAIRsag+SWIax,4,-1
Ventriculomegaly,64,0.895187186716792,0.4393912646633197,finding,0,availability,T1ax+T2ax+FLAIRsag+SWIax,4,-1
Cerebellar degeneration,39,0.8325077110010282,0.2754099239915212,finding,0,availability,T1ax+T2ax+FLAIRsag+SWIax,4,-1
Mega cisterna magna,22,0.5977813852813852,0.03314291599344319,finding,0,availability,T1ax+T2ax+FLAIRsag+SWIax,4,-1
Cerebral infarction,26,0.8435774751564225,0.3267849820308759,finding,0,availability,T1ax+T2ax+FLAIRax+SWIax,4,-1
Cerebral hemorrhage,20,0.8736342042755345,0.1543673663208621,finding,0,availability,T1ax+T2ax+FLAIRax+SWIax,4,-1
Gliosis,284,0.7232077586627028,0.5637813206843975,finding,0,availability,T1ax+T2ax+FLAIRax+SWIax,4,-1
Cerebral atrophy,102,0.929437564499484,0.6740254517010604,finding,0,availability,T1ax+T2ax+FLAIRax+SWIax,4,-1
Arachnoid cyst,43,0.6891842008121078,0.08759337680763152,finding,0,availability,T1ax+T2ax+FLAIRax+SWIax,4,-1
Empty sella syndrome,45,0.6423500611995103,0.08396933884392682,finding,0,availability,T1ax+T2ax+FLAIRax+SWIax,4,-1
Cyst of pineal gland,21,0.7386331464809467,0.06574340869779266,finding,0,availability,T1ax+T2ax+FLAIRax+SWIax,4,-1
Cerebral edema,43,0.8997643183689695,0.4927896449533409,finding,0,availability,T1ax+T2ax+FLAIRax+SWIax,4,-1
Mastoiditis,22,0.6547077922077922,0.07837161624453734,finding,0,availability,T1ax+T2ax+FLAIRax+SWIax,4,-1
Ventriculomegaly,64,0.8983983395989975,0.43575850781263314,finding,0,availability,T1ax+T2ax+FLAIRax+SWIax,4,-1
Cerebellar degeneration,39,0.8466834906689099,0.27404260381864504,finding,0,availability,T1ax+T2ax+FLAIRax+SWIax,4,-1
Mega cisterna magna,22,0.645887445887446,0.038064654012756056,finding,0,availability,T1ax+T2ax+FLAIRax+SWIax,4,-1
Cerebral infarction,26,0.8439455281560545,0.3301462820943287,finding,0,availability,T1ax+T2ax+FLAIRax+FLAIRsag,4,-1
Cerebral hemorrhage,20,0.8653206650831354,0.16115243800928322,finding,0,availability,T1ax+T2ax+FLAIRax+FLAIRsag,4,-1
Gliosis,284,0.7269664701008821,0.571647664928888,finding,0,availability,T1ax+T2ax+FLAIRax+FLAIRsag,4,-1
Cerebral atrophy,102,0.9355263157894737,0.697952332178016,finding,0,availability,T1ax+T2ax+FLAIRax+FLAIRsag,4,-1
Arachnoid cyst,43,0.6934151120197632,0.09191357485369095,finding,0,availability,T1ax+T2ax+FLAIRax+FLAIRsag,4,-1
Empty sella syndrome,45,0.6478716170270639,0.08071652142625622,finding,0,availability,T1ax+T2ax+FLAIRax+FLAIRsag,4,-1
Cyst of pineal gland,21,0.7399920729290528,0.06127040870623188,finding,0,availability,T1ax+T2ax+FLAIRax+FLAIRsag,4,-1
Cerebral edema,43,0.8978334327171537,0.47382447454297827,finding,0,availability,T1ax+T2ax+FLAIRax+FLAIRsag,4,-1
Mastoiditis,22,0.6778679653679653,0.07300668860942905,finding,0,availability,T1ax+T2ax+FLAIRax+FLAIRsag,4,-1
Ventriculomegaly,64,0.9009046052631579,0.4434002751597304,finding,0,availability,T1ax+T2ax+FLAIRax+FLAIRsag,4,-1
Cerebellar degeneration,39,0.840950867682338,0.28458742397444076,finding,0,availability,T1ax+T2ax+FLAIRax+FLAIRsag,4,-1
Mega cisterna magna,22,0.6091450216450216,0.03381958196523412,finding,0,availability,T1ax+T2ax+FLAIRax+FLAIRsag,4,-1
Cerebral infarction,26,0.8442215679057784,0.32685229002785476,finding,0,availability,T1ax+T2ax+FLAIRax+FLAIRsag+SWIax,5,-1
Cerebral hemorrhage,20,0.8742874109263657,0.15768729525037858,finding,0,availability,T1ax+T2ax+FLAIRax+FLAIRsag+SWIax,5,-1
Gliosis,284,0.7261927969199278,0.5680679885982414,finding,0,availability,T1ax+T2ax+FLAIRax+FLAIRsag+SWIax,5,-1
Cerebral atrophy,102,0.9329076367389061,0.6872180573787504,finding,0,availability,T1ax+T2ax+FLAIRax+FLAIRsag+SWIax,5,-1
Arachnoid cyst,43,0.692194110798762,0.0892813295342279,finding,0,availability,T1ax+T2ax+FLAIRax+FLAIRsag+SWIax,5,-1
Empty sella syndrome,45,0.6484972120223038,0.08263302937211493,finding,0,availability,T1ax+T2ax+FLAIRax+FLAIRsag+SWIax,5,-1
Cyst of pineal gland,21,0.7444652058207349,0.06380806297088425,finding,0,availability,T1ax+T2ax+FLAIRax+FLAIRsag+SWIax,5,-1
Cerebral edema,43,0.902547065337763,0.49050130891340166,finding,0,availability,T1ax+T2ax+FLAIRax+FLAIRsag+SWIax,5,-1
Mastoiditis,22,0.6713744588744588,0.07903590629323763,finding,0,availability,T1ax+T2ax+FLAIRax+FLAIRsag+SWIax,5,-1
Ventriculomegaly,64,0.8975955513784462,0.4405624286594879,finding,0,availability,T1ax+T2ax+FLAIRax+FLAIRsag+SWIax,5,-1
Cerebellar degeneration,39,0.8415739788765305,0.2748280620613161,finding,0,availability,T1ax+T2ax+FLAIRax+FLAIRsag+SWIax,5,-1
Mega cisterna magna,22,0.6162337662337662,0.03480094990518286,finding,0,availability,T1ax+T2ax+FLAIRax+FLAIRsag+SWIax,5,-1
Cerebral infarction,26,0.8181818181818181,0.2980734081591876,finding,0,budget,allinputs,1,1
Cerebral hemorrhage,20,0.8814133016627078,0.14407126864626213,finding,0,budget,allinputs,1,1
Gliosis,284,0.720764900823627,0.5439079465994676,finding,0,budget,allinputs,1,1
Cerebral atrophy,102,0.9331656346749226,0.6842008807833824,finding,0,budget,allinputs,1,1
Arachnoid cyst,43,0.6889570377942471,0.10595261327605707,finding,0,budget,allinputs,1,1
Empty sella syndrome,45,0.624452604379165,0.1199650524174826,finding,0,budget,allinputs,1,1
Cyst of pineal gland,21,0.7388030122869599,0.05437433093512283,finding,0,budget,allinputs,1,1
Cerebral edema,43,0.9146151006616123,0.5043940985330635,finding,0,budget,allinputs,1,1
Mastoiditis,22,0.7015151515151515,0.06123917137952725,finding,0,budget,allinputs,1,1
Ventriculomegaly,64,0.8909774436090225,0.4067703126528393,finding,0,budget,allinputs,1,1
Cerebellar degeneration,39,0.8621366482848865,0.26055289899119227,finding,0,budget,allinputs,1,1
Mega cisterna magna,22,0.6221861471861472,0.037550188568788744,finding,0,budget,allinputs,1,1
Cerebral infarction,26,0.8238406330511593,0.2941084558467271,finding,0,budget,allinputs,2,2
Cerebral hemorrhage,20,0.890498812351544,0.1502607738713842,finding,0,budget,allinputs,2,2
Gliosis,284,0.7221843169745114,0.5622624548268252,finding,0,budget,allinputs,2,2
Cerebral atrophy,102,0.9321981424148607,0.688706627266057,finding,0,budget,allinputs,2,2
Arachnoid cyst,43,0.6996904903881649,0.13002308141579083,finding,0,budget,allinputs,2,2
Empty sella syndrome,45,0.6434652522779819,0.08240991827253016,finding,0,budget,allinputs,2,2
Cyst of pineal gland,21,0.7560727025649736,0.05976350891083576,finding,0,budget,allinputs,2,2
Cerebral edema,43,0.9087088621972342,0.48494043361450984,finding,0,budget,allinputs,2,2
Mastoiditis,22,0.6837662337662337,0.0723533862250599,finding,0,budget,allinputs,2,2
Ventriculomegaly,64,0.889234805764411,0.4149111000493204,finding,0,budget,allinputs,2,2
Cerebellar degeneration,39,0.8527588248122878,0.27660307535589884,finding,0,budget,allinputs,2,2
Mega cisterna magna,22,0.6536255411255412,0.03992153071538761,finding,0,budget,allinputs,2,2
Cerebral infarction,26,0.8374585940375414,0.31088420014511886,finding,0,budget,allinputs,3,3
Cerebral hemorrhage,20,0.885688836104513,0.16286726478203573,finding,0,budget,allinputs,3,3
Gliosis,284,0.7282092207222574,0.567648383421532,finding,0,budget,allinputs,3,3
Cerebral atrophy,102,0.9368163054695562,0.6964217495796793,finding,0,budget,allinputs,3,3
Arachnoid cyst,43,0.6924496691938552,0.09142900790433875,finding,0,budget,allinputs,3,3
Empty sella syndrome,45,0.6454780361757106,0.08241450545498642,finding,0,budget,allinputs,3,3
Cyst of pineal gland,21,0.7489949606477548,0.06363018020813097,finding,0,budget,allinputs,3,3
Cerebral edema,43,0.9142175653803559,0.48432723009572637,finding,0,budget,allinputs,3,3
Mastoiditis,22,0.6682900432900433,0.11077750525152869,finding,0,budget,allinputs,3,3
Ventriculomegaly,64,0.897125626566416,0.4341246124568922,finding,0,budget,allinputs,3,3
Cerebellar degeneration,39,0.8470885129451351,0.2792049118364925,finding,0,budget,allinputs,3,3
Mega cisterna magna,22,0.6435064935064936,0.03732926893437539,finding,0,budget,allinputs,3,3
Cerebral infarction,26,0.8438995215311005,0.3294041993407126,finding,0,budget,allinputs,4,4
Cerebral hemorrhage,20,0.8792755344418053,0.16433159925966737,finding,0,budget,allinputs,4,4
Gliosis,284,0.7267776207417516,0.5719180928990749,finding,0,budget,allinputs,4,4
Cerebral atrophy,102,0.9352167182662539,0.6975682253660189,finding,0,budget,allinputs,4,4
Arachnoid cyst,43,0.6910866910866911,0.08986463665475637,finding,0,budget,allinputs,4,4
Empty sella syndrome,45,0.647545219638243,0.08249408798639817,finding,0,budget,allinputs,4,4
Cyst of pineal gland,21,0.7384066587395957,0.06567793477399933,finding,0,budget,allinputs,4,4
Cerebral edema,43,0.9047619047619048,0.4620447801716443,finding,0,budget,allinputs,4,4
Mastoiditis,22,0.6720238095238096,0.0763041053250742,finding,0,budget,allinputs,4,4
Ventriculomegaly,64,0.901296209273183,0.44586315650861785,finding,0,budget,allinputs,4,4
Cerebellar degeneration,39,0.840857401003209,0.28455209524391584,finding,0,budget,allinputs,4,4
Mega cisterna magna,22,0.6457251082251082,0.03803369065886946,finding,0,budget,allinputs,4,4
Cerebral infarction,26,0.8442215679057785,0.32674217424048724,finding,0,budget,allinputs,5,5
Cerebral hemorrhage,20,0.8739311163895487,0.15779570672994786,finding,0,budget,allinputs,5,5
Gliosis,284,0.7259613041571227,0.5669226134092921,finding,0,budget,allinputs,5,5
Cerebral atrophy,102,0.932094943240454,0.6848338106896193,finding,0,budget,allinputs,5,5
Arachnoid cyst,43,0.6918817616492036,0.08921915487155423,finding,0,budget,allinputs,5,5
Empty sella syndrome,45,0.6481980144158846,0.08238210972969545,finding,0,budget,allinputs,5,5
Cyst of pineal gland,21,0.7444085838853972,0.06379099613303132,finding,0,budget,allinputs,5,5
Cerebral edema,43,0.9023766930743675,0.4897840277067354,finding,0,budget,allinputs,5,5
Mastoiditis,22,0.6712662337662337,0.07906679292198468,finding,0,budget,allinputs,5,5
Ventriculomegaly,64,0.8973997493734335,0.4405646310033116,finding,0,budget,allinputs,5,5
Cerebellar degeneration,39,0.8414182010779824,0.2734836203029563,finding,0,budget,allinputs,5,5
Mega cisterna magna,22,0.6156385281385282,0.03478005478150733,finding,0,budget,allinputs,5,5
Cerebral infarction,26,0.8133051159366949,0.1526035237794951,patient,0,availability,SWIax,1,-1
Cerebral hemorrhage,20,0.8812945368171021,0.1437807081467849,patient,0,availability,SWIax,1,-1
Gliosis,284,0.6918587650470296,0.5173698134132769,patient,0,availability,SWIax,1,-1
Cerebral atrophy,102,0.8574174406604748,0.45446767601823357,patient,0,availability,SWIax,1,-1
Arachnoid cyst,43,0.6914558309907146,0.08651070847263238,patient,0,availability,SWIax,1,-1
Empty sella syndrome,45,0.6209982320141438,0.10607307847854086,patient,0,availability,SWIax,1,-1
Cyst of pineal gland,21,0.7722099541362324,0.07447015183270075,patient,0,availability,SWIax,1,-1
Cerebral edema,43,0.8948235227304995,0.4245359107076676,patient,0,availability,SWIax,1,-1
Mastoiditis,22,0.6303030303030303,0.05173544509192194,patient,0,availability,SWIax,1,-1
Ventriculomegaly,64,0.8462758458646616,0.3454138533417602,patient,0,availability,SWIax,1,-1
Cerebellar degeneration,39,0.8002617067015609,0.14379413898610996,patient,0,availability,SWIax,1,-1
Mega cisterna magna,22,0.6123917748917749,0.03917647933862542,patient,0,availability,SWIax,1,-1
Cerebral infarction,26,0.8183658446816342,0.2564862479697814,patient,0,availability,FLAIRsag,1,-1
Cerebral hemorrhage,20,0.846793349168646,0.177779547283157,patient,0,availability,FLAIRsag,1,-1
Gliosis,284,0.7116392124372533,0.557277980501827,patient,0,availability,FLAIRsag,1,-1
Cerebral atrophy,102,0.9210913312693498,0.6754788007925284,patient,0,availability,FLAIRsag,1,-1
Arachnoid cyst,43,0.6846977312093592,0.10274555441927946,patient,0,availability,FLAIRsag,1,-1
Empty sella syndrome,45,0.624969400244798,0.07482905881494979,patient,0,availability,FLAIRsag,1,-1
Cyst of pineal gland,21,0.7780986354113584,0.0642227653702958,patient,0,availability,FLAIRsag,1,-1
Cerebral edema,43,0.8829542550472783,0.4040301173093529,patient,0,availability,FLAIRsag,1,-1
Mastoiditis,22,0.7029761904761905,0.055173674348401654,patient,0,availability,FLAIRsag,1,-1
Ventriculomegaly,64,0.8705748746867167,0.40399184817573763,patient,0,availability,FLAIRsag,1,-1
Cerebellar degeneration,39,0.8121631305106396,0.27149163069925275,patient,0,availability,FLAIRsag,1,-1
Mega cisterna magna,22,0.4944805194805195,0.052734686293548175,patient,0,availability,FLAIRsag,1,-1
Cerebral infarction,26,0.8182738314317262,0.30094676083897454,patient,0,availability,FLAIRax,1,-1
Cerebral hemorrhage,20,0.8752969121140143,0.15689108134981516,patient,0,availability,FLAIRax,1,-1
Gliosis,284,0.7059310882596618,0.5761596036886732,patient,0,availability,FLAIRax,1,-1
Cerebral atrophy,102,0.9375644994840042,0.7120823049277489,patient,0,availability,FLAIRax,1,-1
Arachnoid cyst,43,0.699065792089048,0.099750234305933,patient,0,availability,FLAIRax,1,-1
Empty sella syndrome,45,0.6083503331973344,0.07765141870983294,patient,0,availability,FLAIRax,1,-1
Cyst of pineal gland,21,0.7734556367136629,0.06853415315070231,patient,0,availability,FLAIRax,1,-1
Cerebral edema,43,0.9220546894965499,0.5550760787848108,patient,0,availability,FLAIRax,1,-1
Mastoiditis,22,0.673430735930736,0.08282949479100563,patient,0,availability,FLAIRax,1,-1
Ventriculomegaly,64,0.893092105263158,0.4070454862424772,patient,0,availability,FLAIRax,1,-1
Cerebellar degeneration,39,0.8699566937720036,0.2899407129299594,patient,0,availability,FLAIRax,1,-1
Mega cisterna magna,22,0.6750541125541126,0.04447017142341794,patient,0,availability,FLAIRax,1,-1
Cerebral infarction,26,0.8453717335296282,0.22883734517453064,patient,0,availability,T2ax,1,-1
Cerebral hemorrhage,20,0.8482185273159145,0.1421102705398851,patient,0,availability,T2ax,1,-1
Gliosis,284,0.720021687216726,0.546998406087617,patient,0,availability,T2ax,1,-1
Cerebral atrophy,102,0.9195046439628483,0.6552378822292207,patient,0,availability,T2ax,1,-1
Arachnoid cyst,43,0.7020473066984696,0.09286228325423634,patient,0,availability,T2ax,1,-1
Empty sella syndrome,45,0.6182238542091663,0.1051580303240001,patient,0,availability,T2ax,1,-1
Cyst of pineal gland,21,0.7531283619274106,0.05395530859595304,patient,0,availability,T2ax,1,-1
Cerebral edema,43,0.8646108413550274,0.3758089066061733,patient,0,availability,T2ax,1,-1
Mastoiditis,22,0.6615800865800866,0.05557423998596131,patient,0,availability,T2ax,1,-1
Ventriculomegaly,64,0.8908795426065164,0.40122291492735407,patient,0,availability,T2ax,1,-1
Cerebellar degeneration,39,0.8366514004424089,0.32207782091895826,patient,0,availability,T2ax,1,-1
Mega cisterna magna,22,0.6060064935064935,0.032311801411149546,patient,0,availability,T2ax,1,-1
Cerebral infarction,26,0.8432554287817445,0.3047434871471255,patient,0,availability,T1ax,1,-1
Cerebral hemorrhage,20,0.8486342042755344,0.18427278107797904,patient,0,availability,T1ax,1,-1
Gliosis,284,0.700174228763585,0.5459730007436606,patient,0,availability,T1ax,1,-1
Cerebral atrophy,102,0.9036764705882353,0.6499074195012501,patient,0,availability,T1ax,1,-1
Arachnoid cyst,43,0.6935002981514609,0.08830636265631747,patient,0,availability,T1ax,1,-1
Empty sella syndrome,45,0.6043247654018769,0.07653497158448752,patient,0,availability,T1ax,1,-1
Cyst of pineal gland,21,0.7663778947964442,0.0783313874188413,patient,0,availability,T1ax,1,-1
Cerebral edema,43,0.8789789022347162,0.4598469499578458,patient,0,availability,T1ax,1,-1
Mastoiditis,22,0.6776515151515151,0.0535401742660126,patient,0,availability,T1ax,1,-1
Ventriculomegaly,64,0.8782503132832081,0.39367488282511154,patient,0,availability,T1ax,1,-1
Cerebellar degeneration,39,0.8187681091690813,0.28699831966781736,patient,0,availability,T1ax,1,-1
Mega cisterna magna,22,0.582034632034632,0.03437637430183971,patient,0,availability,T1ax,1,-1
Cerebral infarction,26,0.826647037173353,0.24218990411041308,patient,0,availability,FLAIRsag+SWIax,2,-1
Cerebral hemorrhage,20,0.8742874109263659,0.16435748027725558,patient,0,availability,FLAIRsag+SWIax,2,-1
Gliosis,284,0.7093669282128758,0.5531929902235193,patient,0,availability,FLAIRsag+SWIax,2,-1
Cerebral atrophy,102,0.9081011351909184,0.6112833940337171,patient,0,availability,FLAIRsag+SWIax,2,-1
Arachnoid cyst,43,0.686912570633501,0.09143407119962618,patient,0,availability,FLAIRsag+SWIax,2,-1
Empty sella syndrome,45,0.6336733306133551,0.08404457088085193,patient,0,availability,FLAIRsag+SWIax,2,-1
Cyst of pineal gland,21,0.7790045863767623,0.07068187709727312,patient,0,availability,FLAIRsag+SWIax,2,-1
Cerebral edema,43,0.911207655393702,0.46009270701919613,patient,0,availability,FLAIRsag+SWIax,2,-1
Mastoiditis,22,0.6749999999999999,0.06097181802566291,patient,0,availability,FLAIRsag+SWIax,2,-1
Ventriculomegaly,64,0.872454573934837,0.40673129488443827,patient,0,availability,FLAIRsag+SWIax,2,-1
Cerebellar degeneration,39,0.8259027323425865,0.25992394742022107,patient,0,availability,FLAIRsag+SWIax,2,-1
Mega cisterna magna,22,0.5608766233766234,0.038767206466532256,patient,0,availability,FLAIRsag+SWIax,2,-1
Cerebral infarction,26,0.8280272359219727,0.32333429318927637,patient,0,availability,FLAIRax+SWIax,2,-1
Cerebral hemorrhage,20,0.8793942992874109,0.15478676051915055,patient,0,availability,FLAIRax+SWIax,2,-1
Gliosis,284,0.7112066864856961,0.574478317616241,patient,0,availability,FLAIRax+SWIax,2,-1
Cerebral atrophy,102,0.9288054695562435,0.672629109767131,patient,0,availability,FLAIRax+SWIax,2,-1
Arachnoid cyst,43,0.701678166794446,0.09732349227327707,patient,0,availability,FLAIRax+SWIax,2,-1
Empty sella syndrome,45,0.616265469876241,0.08766067951800269,patient,0,availability,FLAIRax+SWIax,2,-1
Cyst of pineal gland,21,0.7819489270143254,0.07813385392307615,patient,0,availability,FLAIRax+SWIax,2,-1
Cerebral edema,43,0.9225090155322714,0.5329212291529144,patient,0,availability,FLAIRax+SWIax,2,-1
Mastoiditis,22,0.6546536796536796,0.08088641288053236,patient,0,availability,FLAIRax+SWIax,2,-1
Ventriculomegaly,64,0.8899005325814536,0.4039111405359704,patient,0,availability,FLAIRax+SWIax,2,-1
Cerebellar degeneration,39,0.8642552263451413,0.2818431712566538,patient,0,availability,FLAIRax+SWIax,2,-1
Mega cisterna magna,22,0.6557900432900433,0.04622841660567386,patient,0,availability,FLAIRax+SWIax,2,-1
Cerebral infarction,26,0.826232977548767,0.2918953382684467,patient,0,availability,FLAIRax+FLAIRsag,2,-1
Cerebral hemorrhage,20,0.8751187648456057,0.1748733022791511,patient,0,availability,FLAIRax+FLAIRsag,2,-1
Gliosis,284,0.7150567766460354,0.5762283369657288,patient,0,availability,FLAIRax+FLAIRsag,2,-1
Cerebral atrophy,102,0.9416408668730649,0.7230616157559042,patient,0,availability,FLAIRax+FLAIRsag,2,-1
Arachnoid cyst,43,0.6979015816225119,0.10492393094378115,patient,0,availability,FLAIRax+FLAIRsag,2,-1
Empty sella syndrome,45,0.6177614579083367,0.07755762779151872,patient,0,availability,FLAIRax+FLAIRsag,2,-1
Cyst of pineal gland,21,0.7801936470188551,0.06832745297871291,patient,0,availability,FLAIRax+FLAIRsag,2,-1
Cerebral edema,43,0.9229633415679928,0.5378277599227353,patient,0,availability,FLAIRax+FLAIRsag,2,-1
Mastoiditis,22,0.6860930735930736,0.07038857609600548,patient,0,availability,FLAIRax+FLAIRsag,2,-1
Ventriculomegaly,64,0.8930529448621555,0.4191129853529462,patient,0,availability,FLAIRax+FLAIRsag,2,-1
Cerebellar degeneration,39,0.8544100694768981,0.28974239136493196,patient,0,availability,FLAIRax+FLAIRsag,2,-1
Mega cisterna magna,22,0.6246212121212121,0.03924907167690518,patient,0,availability,FLAIRax+FLAIRsag,2,-1
Cerebral infarction,26,0.8439915347810085,0.25775591611687304,patient,0,availability,T2ax+SWIax,2,-1
Cerebral hemorrhage,20,0.8555819477434679,0.14535539039879508,patient,0,availability,T2ax+SWIax,2,-1
Gliosis,284,0.7215994931526878,0.5453207536971193,patient,0,availability,T2ax+SWIax,2,-1
Cerebral atrophy,102,0.9223555211558309,0.6571902952456343,patient,0,availability,T2ax+SWIax,2,-1
Arachnoid cyst,43,0.7035522616917965,0.09289213254928495,patient,0,availability,T2ax+SWIax,2,-1
Empty sella syndrome,45,0.6255133958928328,0.08724265765852068,patient,0,availability,T2ax+SWIax,2,-1
Cyst of pineal gland,21,0.777702281863994,0.06626440961779886,patient,0,availability,T2ax+SWIax,2,-1
Cerebral edema,43,0.8798591589289264,0.4009907310017279,patient,0,availability,T2ax+SWIax,2,-1
Mastoiditis,22,0.6495670995670996,0.05642608526267223,patient,0,availability,T2ax+SWIax,2,-1
Ventriculomegaly,64,0.8874921679197996,0.4086941101664882,patient,0,availability,T2ax+SWIax,2,-1
Cerebellar degeneration,39,0.8447518459669129,0.31098912381597044,patient,0,availability,T2ax+SWIax,2,-1
Mega cisterna magna,22,0.6118506493506494,0.03464308641246044,patient,0,availability,T2ax+SWIax,2,-1
Cerebral infarction,26,0.8485001840264998,0.2806388301565837,patient,0,availability,T2ax+FLAIRsag,2,-1
Cerebral hemorrhage,20,0.8684679334916865,0.15824926366010458,patient,0,availability,T2ax+FLAIRsag,2,-1
Gliosis,284,0.7277766947707003,0.562977441708476,patient,0,availability,T2ax+FLAIRsag,2,-1
Cerebral atrophy,102,0.9310887512899896,0.6894392901342653,patient,0,availability,T2ax+FLAIRsag,2,-1
Arachnoid cyst,43,0.6993781412386063,0.09493972103261887,patient,0,availability,T2ax+FLAIRsag,2,-1
Empty sella syndrome,45,0.6298653610771113,0.08389361104796239,patient,0,availability,T2ax+FLAIRsag,2,-1
Cyst of pineal gland,21,0.7656984315723911,0.058944577869504265,patient,0,availability,T2ax+FLAIRsag,2,-1
Cerebral edema,43,0.8955618025385466,0.4677619323687829,patient,0,availability,T2ax+FLAIRsag,2,-1
Mastoiditis,22,0.6898809523809524,0.0596935253359275,patient,0,availability,T2ax+FLAIRsag,2,-1
Ventriculomegaly,64,0.8959116541353382,0.4279971616103369,patient,0,availability,T2ax+FLAIRsag,2,-1
Cerebellar degeneration,39,0.839673489734243,0.31772091000072117,patient,0,availability,T2ax+FLAIRsag,2,-1
Mega cisterna magna,22,0.5784090909090909,0.030831044309229602,patient,0,availability,T2ax+FLAIRsag,2,-1
Cerebral infarction,26,0.8414151637835848,0.32033901389906355,patient,0,availability,T2ax+FLAIRax,2,-1
Cerebral hemorrhage,20,0.8716152019002376,0.15560679802229077,patient,0,availability,T2ax+FLAIRax,2,-1
Gliosis,284,0.7221660412300794,0.5701467235051308,patient,0,availability,T2ax+FLAIRax,2,-1
Cerebral atrophy,102,0.9382610939112487,0.7088457841218203,patient,0,availability,T2ax+FLAIRax,2,-1
Arachnoid cyst,43,0.701678166794446,0.09754927390692412,patient,0,availability,T2ax+FLAIRax,2,-1
Empty sella syndrome,45,0.6173806609547123,0.10032754093862434,patient,0,availability,T2ax+FLAIRax,2,-1
Cyst of pineal gland,21,0.7703414302700866,0.06448441433986773,patient,0,availability,T2ax+FLAIRax,2,-1
Cerebral edema,43,0.9056705568333475,0.517471209895826,patient,0,availability,T2ax+FLAIRax,2,-1
Mastoiditis,22,0.6712121212121213,0.069612946518813,patient,0,availability,T2ax+FLAIRax,2,-1
Ventriculomegaly,64,0.9007088032581454,0.4224266875252936,patient,0,availability,T2ax+FLAIRax,2,-1
Cerebellar degeneration,39,0.8622924260834347,0.31011499742792814,patient,0,availability,T2ax+FLAIRax,2,-1
Mega cisterna magna,22,0.6311147186147186,0.03604864881010949,patient,0,availability,T2ax+FLAIRax,2,-1
Cerebral infarction,26,0.8421512697828488,0.27057532538594387,patient,0,availability,T1ax+SWIax,2,-1
Cerebral hemorrhage,20,0.8691211401425177,0.17090183809507956,patient,0,availability,T1ax+SWIax,2,-1
Gliosis,284,0.7081424533359326,0.5456845286355569,patient,0,availability,T1ax+SWIax,2,-1
Cerebral atrophy,102,0.8990841073271414,0.5868897451495521,patient,0,availability,T1ax+SWIax,2,-1
Arachnoid cyst,43,0.6986966521850243,0.0922139414447305,patient,0,availability,T1ax+SWIax,2,-1
Empty sella syndrome,45,0.6201006391948864,0.08347015166879804,patient,0,availability,T1ax+SWIax,2,-1
Cyst of pineal gland,21,0.7782118792820338,0.08279754132687984,patient,0,availability,T1ax+SWIax,2,-1
Cerebral edema,43,0.8986568986568987,0.5100646747087373,patient,0,availability,T1ax+SWIax,2,-1
Mastoiditis,22,0.6545454545454545,0.054752846903878744,patient,0,availability,T1ax+SWIax,2,-1
Ventriculomegaly,64,0.8784461152882205,0.4020866923452808,patient,0,availability,T1ax+SWIax,2,-1
Cerebellar degeneration,39,0.8311057108140948,0.22444932620250882,patient,0,availability,T1ax+SWIax,2,-1
Mega cisterna magna,22,0.5982142857142858,0.037837137968532455,patient,0,availability,T1ax+SWIax,2,-1
Cerebral infarction,26,0.8395288921604711,0.3066077431293211,patient,0,availability,T1ax+FLAIRsag,2,-1
Cerebral hemorrhage,20,0.8604513064133017,0.184742582053886,patient,0,availability,T1ax+FLAIRsag,2,-1
Gliosis,284,0.7135642575174229,0.5690084156350272,patient,0,availability,T1ax+FLAIRsag,2,-1
Cerebral atrophy,102,0.9281604747162022,0.6935985824274555,patient,0,availability,T1ax+FLAIRsag,2,-1
Arachnoid cyst,43,0.6968793480421388,0.09703421131243603,patient,0,availability,T1ax+FLAIRsag,2,-1
Empty sella syndrome,45,0.6325037399700802,0.07777555731249156,patient,0,availability,T1ax+FLAIRsag,2,-1
Cyst of pineal gland,21,0.7747013192910934,0.07134045745797055,patient,0,availability,T1ax+FLAIRsag,2,-1
Cerebral edema,43,0.9053866030610217,0.5044463156401585,patient,0,availability,T1ax+FLAIRsag,2,-1
Mastoiditis,22,0.7016233766233766,0.05652249111390574,patient,0,availability,T1ax+FLAIRsag,2,-1
Ventriculomegaly,64,0.8889019423558898,0.43467605171138257,patient,0,availability,T1ax+FLAIRsag,2,-1
Cerebellar degeneration,39,0.8185811758108235,0.30138778141250083,patient,0,availability,T1ax+FLAIRsag,2,-1
Mega cisterna magna,22,0.5617424242424243,0.04821099536130173,patient,0,availability,T1ax+FLAIRsag,2,-1
Cerebral infarction,26,0.8384707397865293,0.33514023299708984,patient,0,availability,T1ax+FLAIRax,2,-1
Cerebral hemorrhage,20,0.8750593824228029,0.1720171875092463,patient,0,availability,T1ax+FLAIRax,2,-1
Gliosis,284,0.7116392124372533,0.5770710374925804,patient,0,availability,T1ax+FLAIRax,2,-1
Cerebral atrophy,102,0.9386222910216717,0.7190797062989946,patient,0,availability,T1ax+FLAIRax,2,-1
Arachnoid cyst,43,0.7033250986739358,0.09801078979530739,patient,0,availability,T1ax+FLAIRax,2,-1
Empty sella syndrome,45,0.6069087447300422,0.07624534762207272,patient,0,availability,T1ax+FLAIRax,2,-1
Cyst of pineal gland,21,0.7730592831662986,0.07907789385969916,patient,0,availability,T1ax+FLAIRax,2,-1
Cerebral edema,43,0.920606525257688,0.5614729750806597,patient,0,availability,T1ax+FLAIRax,2,-1
Mastoiditis,22,0.677435064935065,0.07109290839489477,patient,0,availability,T1ax+FLAIRax,2,-1
Ventriculomegaly,64,0.8985354010025062,0.43321932607177227,patient,0,availability,T1ax+FLAIRax,2,-1
Cerebellar degeneration,39,0.8644733152631087,0.30124484084190867,patient,0,availability,T1ax+FLAIRax,2,-1
Mega cisterna magna,22,0.6352272727272728,0.041308166939580566,patient,0,availability,T1ax+FLAIRax,2,-1
Cerebral infarction,26,0.8571954361428046,0.30453390187692375,patient,0,availability,T1ax+T2ax,2,-1
Cerebral hemorrhage,20,0.8573634204275534,0.16642497966782568,patient,0,availability,T1ax+T2ax,2,-1
Gliosis,284,0.7230554607924363,0.5627042948912713,patient,0,availability,T1ax+T2ax,2,-1
Cerebral atrophy,102,0.9276315789473685,0.6847043074408791,patient,0,availability,T1ax+T2ax,2,-1
Arachnoid cyst,43,0.7043189368770764,0.09347192297750691,patient,0,availability,T1ax+T2ax,2,-1
Empty sella syndrome,45,0.6183054535563716,0.0905171255917255,patient,0,availability,T1ax+T2ax,2,-1
Cyst of pineal gland,21,0.7653586999603647,0.060753733490828556,patient,0,availability,T1ax+T2ax,2,-1
Cerebral edema,43,0.8908481699179374,0.47414032814259094,patient,0,availability,T1ax+T2ax,2,-1
Mastoiditis,22,0.6751082251082251,0.05717545569400924,patient,0,availability,T1ax+T2ax,2,-1
Ventriculomegaly,64,0.8972235275689222,0.4268827204098336,patient,0,availability,T1ax+T2ax,2,-1
Cerebellar degeneration,39,0.842134778951304,0.3445500216469445,patient,0,availability,T1ax+T2ax,2,-1
Mega cisterna magna,22,0.5909090909090909,0.032197851067554684,patient,0,availability,T1ax+T2ax,2,-1
Cerebral infarction,26,0.8308796466691203,0.30413609075509673,patient,0,availability,FLAIRax+FLAIRsag+SWIax,3,-1
Cerebral hemorrhage,20,0.8779691211401425,0.1654628364187729,patient,0,availability,FLAIRax+FLAIRsag+SWIax,3,-1
Gliosis,284,0.7161350455675227,0.5750396055463949,patient,0,availability,FLAIRax+FLAIRsag+SWIax,3,-1
Cerebral atrophy,102,0.9331785345717234,0.687589160836475,patient,0,availability,FLAIRax+FLAIRsag+SWIax,3,-1
Arachnoid cyst,43,0.6967657665332084,0.09688805210372821,patient,0,availability,FLAIRax+FLAIRsag+SWIax,3,-1
Empty sella syndrome,45,0.6232286141710867,0.083112726961366,patient,0,availability,FLAIRax+FLAIRsag+SWIax,3,-1
Cyst of pineal gland,21,0.7826850121737161,0.07369471029997747,patient,0,availability,FLAIRax+FLAIRsag+SWIax,3,-1
Cerebral edema,43,0.9241275520345287,0.519634472288159,patient,0,availability,FLAIRax+FLAIRsag+SWIax,3,-1
Mastoiditis,22,0.6712662337662337,0.07619541349424339,patient,0,availability,FLAIRax+FLAIRsag+SWIax,3,-1
Ventriculomegaly,64,0.8909970238095238,0.41641811122149774,patient,0,availability,FLAIRax+FLAIRsag+SWIax,3,-1
Cerebellar degeneration,39,0.8544412250366078,0.2888280689641736,patient,0,availability,FLAIRax+FLAIRsag+SWIax,3,-1
Mega cisterna magna,22,0.6214285714285714,0.04394583101675888,patient,0,availability,FLAIRax+FLAIRsag+SWIax,3,-1
Cerebral infarction,26,0.8457397865292602,0.2886129918957079,patient,0,availability,T2ax+FLAIRsag+SWIax,3,-1
Cerebral hemorrhage,20,0.8695368171021378,0.1557894106308768,patient,0,availability,T2ax+FLAIRsag+SWIax,3,-1
Gliosis,284,0.7262902675568984,0.5573242061190893,patient,0,availability,T2ax+FLAIRsag+SWIax,3,-1
Cerebral atrophy,102,0.9301341589267286,0.6817141492684956,patient,0,availability,T2ax+FLAIRsag+SWIax,3,-1
Arachnoid cyst,43,0.6997188857653973,0.09434852966661927,patient,0,availability,T2ax+FLAIRsag+SWIax,3,-1
Empty sella syndrome,45,0.6332925336597307,0.08413501168936943,patient,0,availability,T2ax+FLAIRsag+SWIax,3,-1
Cyst of pineal gland,21,0.7802502689541928,0.06774968022600734,patient,0,availability,T2ax+FLAIRsag+SWIax,3,-1
Cerebral edema,43,0.898912457051992,0.45684449104007513,patient,0,availability,T2ax+FLAIRsag+SWIax,3,-1
Mastoiditis,22,0.675,0.060288204732244915,patient,0,availability,T2ax+FLAIRsag+SWIax,3,-1
Ventriculomegaly,64,0.8920151942355891,0.4294208423802766,patient,0,availability,T2ax+FLAIRsag+SWIax,3,-1
Cerebellar degeneration,39,0.843381001339689,0.31683082997831324,patient,0,availability,T2ax+FLAIRsag+SWIax,3,-1
Mega cisterna magna,22,0.588474025974026,0.033188451110327644,patient,0,availability,T2ax+FLAIRsag+SWIax,3,-1
Cerebral infarction,26,0.8413231505336768,0.31059468602453144,patient,0,availability,T2ax+FLAIRax+SWIax,3,-1
Cerebral hemorrhage,20,0.8716152019002376,0.1555430089350108,patient,0,availability,T2ax+FLAIRax+SWIax,3,-1
Gliosis,284,0.7219345484672742,0.5676896237846252,patient,0,availability,T2ax+FLAIRax+SWIax,3,-1
Cerebral atrophy,102,0.9358617131062952,0.7045347752644231,patient,0,availability,T2ax+FLAIRax+SWIax,3,-1
Arachnoid cyst,43,0.7029559587699123,0.09565284438004505,patient,0,availability,T2ax+FLAIRax+SWIax,3,-1
Empty sella syndrome,45,0.6191486468108255,0.0840155217471121,patient,0,availability,T2ax+FLAIRax+SWIax,3,-1
Cyst of pineal gland,21,0.7795708057301398,0.07200993339276084,patient,0,availability,T2ax+FLAIRax+SWIax,3,-1
Cerebral edema,43,0.9070903256949769,0.5006576152219658,patient,0,availability,T2ax+FLAIRax+SWIax,3,-1
Mastoiditis,22,0.6619588744588746,0.07643956657679582,patient,0,availability,T2ax+FLAIRax+SWIax,3,-1
Ventriculomegaly,64,0.8973997493734336,0.4221289965796279,patient,0,availability,T2ax+FLAIRax+SWIax,3,-1
Cerebellar degeneration,39,0.8618250926877902,0.3338463238533944,patient,0,availability,T2ax+FLAIRax+SWIax,3,-1
Mega cisterna magna,22,0.6307359307359308,0.0372219626716286,patient,0,availability,T2ax+FLAIRax+SWIax,3,-1
Cerebral infarction,26,0.8441755612808244,0.3136832761449774,patient,0,availability,T2ax+FLAIRax+FLAIRsag,3,-1
Cerebral hemorrhage,20,0.8772565320665084,0.16800501404578388,patient,0,availability,T2ax+FLAIRax+FLAIRsag,3,-1
Gliosis,284,0.7257907305424242,0.5746026439352632,patient,0,availability,T2ax+FLAIRax+FLAIRsag,3,-1
Cerebral atrophy,102,0.9407636738906089,0.7180948345931879,patient,0,availability,T2ax+FLAIRax+FLAIRsag,3,-1
Arachnoid cyst,43,0.7002867933100492,0.0980901098133174,patient,0,availability,T2ax+FLAIRax+FLAIRsag,3,-1
Empty sella syndrome,45,0.6219774241806065,0.08245547768467651,patient,0,availability,T2ax+FLAIRax+FLAIRsag,3,-1
Cyst of pineal gland,21,0.7750976728384575,0.06517877657929046,patient,0,availability,T2ax+FLAIRax+FLAIRsag,3,-1
Cerebral edema,43,0.912712610387029,0.5086853431472319,patient,0,availability,T2ax+FLAIRax+FLAIRsag,3,-1
Mastoiditis,22,0.6837662337662338,0.06789712699439242,patient,0,availability,T2ax+FLAIRax+FLAIRsag,3,-1
Ventriculomegaly,64,0.9000822368421052,0.43318409829928106,patient,0,availability,T2ax+FLAIRax+FLAIRsag,3,-1
Cerebellar degeneration,39,0.8560924697012182,0.32156267890060425,patient,0,availability,T2ax+FLAIRax+FLAIRsag,3,-1
Mega cisterna magna,22,0.612012987012987,0.03447097687603497,patient,0,availability,T2ax+FLAIRax+FLAIRsag,3,-1
Cerebral infarction,26,0.8432554287817446,0.3004891726030997,patient,0,availability,T1ax+FLAIRsag+SWIax,3,-1
Cerebral hemorrhage,20,0.8719121140142518,0.17148010602262698,patient,0,availability,T1ax+FLAIRsag+SWIax,3,-1
Gliosis,284,0.7155745894049418,0.5655613731994606,patient,0,availability,T1ax+FLAIRsag+SWIax,3,-1
Cerebral atrophy,102,0.9185500515995872,0.6449603237787173,patient,0,availability,T1ax+FLAIRsag+SWIax,3,-1
Arachnoid cyst,43,0.6964250220064174,0.09387960480577252,patient,0,availability,T1ax+FLAIRsag+SWIax,3,-1
Empty sella syndrome,45,0.6309533523731811,0.08176346572876969,patient,0,availability,T1ax+FLAIRsag+SWIax,3,-1
Cyst of pineal gland,21,0.7799105373421664,0.07496570503152533,patient,0,availability,T1ax+FLAIRsag+SWIax,3,-1
Cerebral edema,43,0.9124286566147031,0.5251788165102251,patient,0,availability,T1ax+FLAIRsag+SWIax,3,-1
Mastoiditis,22,0.6810606060606061,0.05812114777257783,patient,0,availability,T1ax+FLAIRsag+SWIax,3,-1
Ventriculomegaly,64,0.8855537280701755,0.43305857648564866,patient,0,availability,T1ax+FLAIRsag+SWIax,3,-1
Cerebellar degeneration,39,0.8316041997694489,0.2764732045612264,patient,0,availability,T1ax+FLAIRsag+SWIax,3,-1
Mega cisterna magna,22,0.572943722943723,0.03820754909307417,patient,0,availability,T1ax+FLAIRsag+SWIax,3,-1
Cerebral infarction,26,0.8390228192859772,0.3344582696702924,patient,0,availability,T1ax+FLAIRax+SWIax,3,-1
Cerebral hemorrhage,20,0.8788598574821853,0.1704679077807547,patient,0,availability,T1ax+FLAIRax+SWIax,3,-1
Gliosis,284,0.7150202251571715,0.576418027218222,patient,0,availability,T1ax+FLAIRax+SWIax,3,-1
Cerebral atrophy,102,0.9311274509803922,0.6876386867475264,patient,0,availability,T1ax+FLAIRax+SWIax,3,-1
Arachnoid cyst,43,0.7036658432007269,0.09639687349140773,patient,0,availability,T1ax+FLAIRax+SWIax,3,-1
Empty sella syndrome,45,0.6152046783625731,0.081381054590188,patient,0,availability,T1ax+FLAIRax+SWIax,3,-1
Cyst of pineal gland,21,0.7813827076609479,0.07960803791370047,patient,0,availability,T1ax+FLAIRax+SWIax,3,-1
Cerebral edema,43,0.9210892466706421,0.5524252530813166,patient,0,availability,T1ax+FLAIRax+SWIax,3,-1
Mastoiditis,22,0.6609307359307359,0.0714993143843606,patient,0,availability,T1ax+FLAIRax+SWIax,3,-1
Ventriculomegaly,64,0.8945997807017543,0.4298623645592503,patient,0,availability,T1ax+FLAIRax+SWIax,3,-1
Cerebellar degeneration,39,0.8612954481727264,0.2915859251589107,patient,0,availability,T1ax+FLAIRax+SWIax,3,-1
Mega cisterna magna,22,0.6321969696969697,0.04396760524123121,patient,0,availability,T1ax+FLAIRax+SWIax,3,-1
Cerebral infarction,26,0.8368605079131396,0.33001094164450634,patient,0,availability,T1ax+FLAIRax+FLAIRsag,3,-1
Cerebral hemorrhage,20,0.8758907363420428,0.1769478271476767,patient,0,availability,T1ax+FLAIRax+FLAIRsag,3,-1
Gliosis,284,0.7170244651298796,0.580520133926164,patient,0,availability,T1ax+FLAIRax+FLAIRsag,3,-1
Cerebral atrophy,102,0.9411506707946337,0.7241951954367802,patient,0,availability,T1ax+FLAIRax+FLAIRsag,3,-1
Arachnoid cyst,43,0.702700400374819,0.10172167403425313,patient,0,availability,T1ax+FLAIRax+FLAIRsag,3,-1
Empty sella syndrome,45,0.618359853121175,0.07723470549291442,patient,0,availability,T1ax+FLAIRax+FLAIRsag,3,-1
Cyst of pineal gland,21,0.7789479644414246,0.0761301758510954,patient,0,availability,T1ax+FLAIRax+FLAIRsag,3,-1
Cerebral edema,43,0.9224238294005737,0.5543316328487642,patient,0,availability,T1ax+FLAIRax+FLAIRsag,3,-1
Mastoiditis,22,0.6863636363636364,0.06896269819064048,patient,0,availability,T1ax+FLAIRax+FLAIRsag,3,-1
Ventriculomegaly,64,0.8971452067669172,0.43168048027711486,patient,0,availability,T1ax+FLAIRax+FLAIRsag,3,-1
Cerebellar degeneration,39,0.8524472692151914,0.3100086166212704,patient,0,availability,T1ax+FLAIRax+FLAIRsag,3,-1
Mega cisterna magna,22,0.6146103896103896,0.04067876760133589,patient,0,availability,T1ax+FLAIRax+FLAIRsag,3,-1
Cerebral infarction,26,0.8517206477732794,0.3090007867242236,patient,0,availability,T1ax+T2ax+SWIax,3,-1
Cerebral hemorrhage,20,0.8602137767220903,0.1576765784067609,patient,0,availability,T1ax+T2ax+SWIax,3,-1
Gliosis,284,0.7228605195184951,0.5580943993634664,patient,0,availability,T1ax+T2ax+SWIax,3,-1
Cerebral atrophy,102,0.926922084623323,0.673151939432732,patient,0,availability,T1ax+T2ax+SWIax,3,-1
Arachnoid cyst,43,0.7049720305534259,0.09339117964313812,patient,0,availability,T1ax+T2ax+SWIax,3,-1
Empty sella syndrome,45,0.624969400244798,0.08554500961626246,patient,0,availability,T1ax+T2ax+SWIax,3,-1
Cyst of pineal gland,21,0.7770794405752789,0.06893598449095538,patient,0,availability,T1ax+T2ax+SWIax,3,-1
Cerebral edema,43,0.8940568475452196,0.4763210218560503,patient,0,availability,T1ax+T2ax+SWIax,3,-1
Mastoiditis,22,0.6630411255411255,0.05854246489951177,patient,0,availability,T1ax+T2ax+SWIax,3,-1
Ventriculomegaly,64,0.8928767230576441,0.4308453485977911,patient,0,availability,T1ax+T2ax+SWIax,3,-1
Cerebellar degeneration,39,0.846496557310652,0.3263097393149067,patient,0,availability,T1ax+T2ax+SWIax,3,-1
Mega cisterna magna,22,0.5998917748917749,0.034246349625875895,patient,0,availability,T1ax+T2ax+SWIax,3,-1
Cerebral infarction,26,0.8546650717703349,0.3121527902251967,patient,0,availability,T1ax+T2ax+FLAIRsag,3,-1
Cerebral hemorrhage,20,0.8688242280285036,0.1786115017671568,patient,0,availability,T1ax+T2ax+FLAIRsag,3,-1
Gliosis,284,0.7285869194405186,0.5711936677573992,patient,0,availability,T1ax+T2ax+FLAIRsag,3,-1
Cerebral atrophy,102,0.9342363261093912,0.6984751408135743,patient,0,availability,T1ax+T2ax+FLAIRsag,3,-1
Arachnoid cyst,43,0.7015361899082829,0.09432219704176872,patient,0,availability,T1ax+T2ax+FLAIRsag,3,-1
Empty sella syndrome,45,0.6288045695634435,0.08304240567141205,patient,0,availability,T1ax+T2ax+FLAIRsag,3,-1
Cyst of pineal gland,21,0.7730026612309608,0.06308701181181722,patient,0,availability,T1ax+T2ax+FLAIRsag,3,-1
Cerebral edema,43,0.9055569753244173,0.5110253138764328,patient,0,availability,T1ax+T2ax+FLAIRsag,3,-1
Mastoiditis,22,0.690422077922078,0.060162162616814084,patient,0,availability,T1ax+T2ax+FLAIRsag,3,-1
Ventriculomegaly,64,0.899044486215539,0.44295546991005014,patient,0,availability,T1ax+T2ax+FLAIRsag,3,-1
Cerebellar degeneration,39,0.8404523787269839,0.339067343962596,patient,0,availability,T1ax+T2ax+FLAIRsag,3,-1
Mega cisterna magna,22,0.5796536796536796,0.03208805898213417,patient,0,availability,T1ax+T2ax+FLAIRsag,3,-1
Cerebral infarction,26,0.8490982701509018,0.34761493100505364,patient,0,availability,T1ax+T2ax+FLAIRax,3,-1
Cerebral hemorrhage,20,0.8737529691211401,0.17256481452590905,patient,0,availability,T1ax+T2ax+FLAIRax,3,-1
Gliosis,284,0.7231407475997855,0.5742923314626527,patient,0,availability,T1ax+T2ax+FLAIRax,3,-1
Cerebral atrophy,102,0.9391382868937048,0.7114034459293325,patient,0,availability,T1ax+T2ax+FLAIRax,3,-1
Arachnoid cyst,43,0.7036942385779594,0.09703307149850253,patient,0,availability,T1ax+T2ax+FLAIRax,3,-1
Empty sella syndrome,45,0.6159118727050183,0.08773135966220241,patient,0,availability,T1ax+T2ax+FLAIRax,3,-1
Cyst of pineal gland,21,0.7731725270369741,0.06625619843429129,patient,0,availability,T1ax+T2ax+FLAIRax,3,-1
Cerebral edema,43,0.9109804923758412,0.5312922161127656,patient,0,availability,T1ax+T2ax+FLAIRax,3,-1
Mastoiditis,22,0.6750541125541125,0.07120087610894517,patient,0,availability,T1ax+T2ax+FLAIRax,3,-1
Ventriculomegaly,64,0.9021381578947368,0.4390952281836117,patient,0,availability,T1ax+T2ax+FLAIRax,3,-1
Cerebellar degeneration,39,0.859644203508116,0.3208669205158066,patient,0,availability,T1ax+T2ax+FLAIRax,3,-1
Mega cisterna magna,22,0.6165584415584415,0.035214555901730255,patient,0,availability,T1ax+T2ax+FLAIRax,3,-1
Cerebral infarction,26,0.8430253956569747,0.30995231202119033,patient,0,availability,T2ax+FLAIRax+FLAIRsag+SWIax,4,-1
Cerebral hemorrhage,20,0.8768408551068884,0.16762373878402315,patient,0,availability,T2ax+FLAIRax+FLAIRsag+SWIax,4,-1
Gliosis,284,0.7251328037428725,0.5713345777353667,patient,0,availability,T2ax+FLAIRax+FLAIRsag+SWIax,4,-1
Cerebral atrophy,102,0.9381836945304437,0.7088232165749019,patient,0,availability,T2ax+FLAIRax+FLAIRsag+SWIax,4,-1
Arachnoid cyst,43,0.7000312349149559,0.0959678808126201,patient,0,availability,T2ax+FLAIRax+FLAIRsag+SWIax,4,-1
Empty sella syndrome,45,0.6247246022031824,0.08246291605883045,patient,0,availability,T2ax+FLAIRax+FLAIRsag+SWIax,4,-1
Cyst of pineal gland,21,0.7795708057301398,0.070122001986848,patient,0,availability,T2ax+FLAIRax+FLAIRsag+SWIax,4,-1
Cerebral edema,43,0.9129965641593548,0.5044318158002438,patient,0,availability,T2ax+FLAIRax+FLAIRsag+SWIax,4,-1
Mastoiditis,22,0.6757034632034632,0.07240474201206962,patient,0,availability,T2ax+FLAIRax+FLAIRsag+SWIax,4,-1
Ventriculomegaly,64,0.8974780701754387,0.43405926530047184,patient,0,availability,T2ax+FLAIRax+FLAIRsag+SWIax,4,-1
Cerebellar degeneration,39,0.8574010032090227,0.3333901284428561,patient,0,availability,T2ax+FLAIRax+FLAIRsag+SWIax,4,-1
Mega cisterna magna,22,0.6146645021645021,0.03610582616914002,patient,0,availability,T2ax+FLAIRax+FLAIRsag+SWIax,4,-1
Cerebral infarction,26,0.8390688259109312,0.3257830352673847,patient,0,availability,T1ax+FLAIRax+FLAIRsag+SWIax,4,-1
Cerebral hemorrhage,20,0.8770190023752968,0.17275229070363587,patient,0,availability,T1ax+FLAIRax+FLAIRsag+SWIax,4,-1
Gliosis,284,0.7185352600029241,0.5801528828361469,patient,0,availability,T1ax+FLAIRax+FLAIRsag+SWIax,4,-1
Cerebral atrophy,102,0.9349329205366357,0.6962748400487451,patient,0,availability,T1ax+FLAIRax+FLAIRsag+SWIax,4,-1
Arachnoid cyst,43,0.7006275378368402,0.09773525638838722,patient,0,availability,T1ax+FLAIRax+FLAIRsag+SWIax,4,-1
Empty sella syndrome,45,0.6223854209166326,0.08113831016830331,patient,0,availability,T1ax+FLAIRax+FLAIRsag+SWIax,4,-1
Cyst of pineal gland,21,0.7828548779797294,0.07960567375703559,patient,0,availability,T1ax+FLAIRax+FLAIRsag+SWIax,4,-1
Cerebral edema,43,0.9224238294005735,0.5438022966225027,patient,0,availability,T1ax+FLAIRax+FLAIRsag+SWIax,4,-1
Mastoiditis,22,0.6756493506493506,0.07150975442699221,patient,0,availability,T1ax+FLAIRax+FLAIRsag+SWIax,4,-1
Ventriculomegaly,64,0.894638941102757,0.4284804170871048,patient,0,availability,T1ax+FLAIRax+FLAIRsag+SWIax,4,-1
Cerebellar degeneration,39,0.8540362027603825,0.29439474512955716,patient,0,availability,T1ax+FLAIRax+FLAIRsag+SWIax,4,-1
Mega cisterna magna,22,0.6113636363636363,0.04105290290675128,patient,0,availability,T1ax+FLAIRax+FLAIRsag+SWIax,4,-1
Cerebral infarction,26,0.8512605815237395,0.31353027120671173,patient,0,availability,T1ax+T2ax+FLAIRsag+SWIax,4,-1
Cerebral hemorrhage,20,0.8693586698337291,0.16839682513780843,patient,0,availability,T1ax+T2ax+FLAIRsag+SWIax,4,-1
Gliosis,284,0.7269542862712608,0.5665606184604932,patient,0,availability,T1ax+T2ax+FLAIRsag+SWIax,4,-1
Cerebral atrophy,102,0.9318627450980392,0.6884030780179271,patient,0,availability,T1ax+T2ax+FLAIRsag+SWIax,4,-1
Arachnoid cyst,43,0.7029559587699123,0.09445381268621406,patient,0,availability,T1ax+T2ax+FLAIRsag+SWIax,4,-1
Empty sella syndrome,45,0.6308173534611724,0.08340528771733609,patient,0,availability,T1ax+T2ax+FLAIRsag+SWIax,4,-1
Cyst of pineal gland,21,0.7803068908895305,0.06978693845430323,patient,0,availability,T1ax+T2ax+FLAIRsag+SWIax,4,-1
Cerebral edema,43,0.906124882869069,0.5044944845935633,patient,0,availability,T1ax+T2ax+FLAIRsag+SWIax,4,-1
Mastoiditis,22,0.6777597402597402,0.06199849977886056,patient,0,availability,T1ax+T2ax+FLAIRsag+SWIax,4,-1
Ventriculomegaly,64,0.8953438283208021,0.4389888559406542,patient,0,availability,T1ax+T2ax+FLAIRsag+SWIax,4,-1
Cerebellar degeneration,39,0.8431006013023024,0.3249330592345614,patient,0,availability,T1ax+T2ax+FLAIRsag+SWIax,4,-1
Mega cisterna magna,22,0.5864177489177489,0.033678244336817126,patient,0,availability,T1ax+T2ax+FLAIRsag+SWIax,4,-1
Cerebral infarction,26,0.8471199852778799,0.3456570013140442,patient,0,availability,T1ax+T2ax+FLAIRax+SWIax,4,-1
Cerebral hemorrhage,20,0.8725653206650831,0.16660691337174874,patient,0,availability,T1ax+T2ax+FLAIRax+SWIax,4,-1
Gliosis,284,0.7238961450363078,0.575085851927947,patient,0,availability,T1ax+T2ax+FLAIRax+SWIax,4,-1
Cerebral atrophy,102,0.9367389060887513,0.7041517720032674,patient,0,availability,T1ax+T2ax+FLAIRax+SWIax,4,-1
Arachnoid cyst,43,0.7044893091404719,0.09566529166351541,patient,0,availability,T1ax+T2ax+FLAIRax+SWIax,4,-1
Empty sella syndrome,45,0.6187678498572011,0.08219407752679173,patient,0,availability,T1ax+T2ax+FLAIRax+SWIax,4,-1
Cyst of pineal gland,21,0.7796274276654775,0.0721546476314455,patient,0,availability,T1ax+T2ax+FLAIRax+SWIax,4,-1
Cerebral edema,43,0.9106681432262828,0.521911294775439,patient,0,availability,T1ax+T2ax+FLAIRax+SWIax,4,-1
Mastoiditis,22,0.6680735930735932,0.07218851319476018,patient,0,availability,T1ax+T2ax+FLAIRax+SWIax,4,-1
Ventriculomegaly,64,0.89890742481203,0.4353130414123548,patient,0,availability,T1ax+T2ax+FLAIRax+SWIax,4,-1
Cerebellar degeneration,39,0.8606411814188242,0.32518792496986515,patient,0,availability,T1ax+T2ax+FLAIRax+SWIax,4,-1
Mega cisterna magna,22,0.6209415584415585,0.03661837205768697,patient,0,availability,T1ax+T2ax+FLAIRax+SWIax,4,-1
Cerebral infarction,26,0.8488222304011778,0.3404475814026448,patient,0,availability,T1ax+T2ax+FLAIRax+FLAIRsag,4,-1
Cerebral hemorrhage,20,0.8758313539192398,0.17500467456482222,patient,0,availability,T1ax+T2ax+FLAIRax+FLAIRsag,4,-1
Gliosis,284,0.7256993518202641,0.5777414502834439,patient,0,availability,T1ax+T2ax+FLAIRax+FLAIRsag,4,-1
Cerebral atrophy,102,0.9409958720330238,0.7178158216503514,patient,0,availability,T1ax+T2ax+FLAIRax+FLAIRsag,4,-1
Arachnoid cyst,43,0.70304114490161,0.09835340730150548,patient,0,availability,T1ax+T2ax+FLAIRax+FLAIRsag,4,-1
Empty sella syndrome,45,0.6216782265741874,0.08194482541458924,patient,0,availability,T1ax+T2ax+FLAIRax+FLAIRsag,4,-1
Cyst of pineal gland,21,0.7773625502519675,0.067571891975501,patient,0,availability,T1ax+T2ax+FLAIRax+FLAIRsag,4,-1
Cerebral edema,43,0.9152681943379617,0.527863614413315,patient,0,availability,T1ax+T2ax+FLAIRax+FLAIRsag,4,-1
Mastoiditis,22,0.6860389610389611,0.0672120561301576,patient,0,availability,T1ax+T2ax+FLAIRax+FLAIRsag,4,-1
Ventriculomegaly,64,0.9017465538847118,0.4464796034953324,patient,0,availability,T1ax+T2ax+FLAIRax+FLAIRsag,4,-1
Cerebellar degeneration,39,0.8547216250739945,0.320570279725776,patient,0,availability,T1ax+T2ax+FLAIRax+FLAIRsag,4,-1
Mega cisterna magna,22,0.6067099567099568,0.03489947353256467,patient,0,availability,T1ax+T2ax+FLAIRax+FLAIRsag,4,-1
Cerebral infarction,26,0.8476720647773279,0.33932094208810537,patient,0,availability,T1ax+T2ax+FLAIRax+FLAIRsag+SWIax,5,-1
Cerebral hemorrhage,20,0.8762470308788598,0.1719604344491169,patient,0,availability,T1ax+T2ax+FLAIRax+FLAIRsag+SWIax,5,-1
Gliosis,284,0.7263390028753838,0.5785769774367482,patient,0,availability,T1ax+T2ax+FLAIRax+FLAIRsag+SWIax,5,-1
Cerebral atrophy,102,0.9385964912280702,0.7061613132816269,patient,0,availability,T1ax+T2ax+FLAIRax+FLAIRsag+SWIax,5,-1
Arachnoid cyst,43,0.702899168015447,0.0962689597042138,patient,0,availability,T1ax+T2ax+FLAIRax+FLAIRsag+SWIax,5,-1
Empty sella syndrome,45,0.6241806065551475,0.08226526967995156,patient,0,availability,T1ax+T2ax+FLAIRax+FLAIRsag+SWIax,5,-1
Cyst of pineal gland,21,0.7802502689541928,0.0711961670398187,patient,0,availability,T1ax+T2ax+FLAIRax+FLAIRsag+SWIax,5,-1
Cerebral edema,43,0.9155521481102876,0.5216075449423654,patient,0,availability,T1ax+T2ax+FLAIRax+FLAIRsag+SWIax,5,-1
Mastoiditis,22,0.6778138528138529,0.07111119051416821,patient,0,availability,T1ax+T2ax+FLAIRax+FLAIRsag+SWIax,5,-1
Ventriculomegaly,64,0.8992990288220551,0.44189525373469035,patient,0,availability,T1ax+T2ax+FLAIRax+FLAIRsag+SWIax,5,-1
Cerebellar degeneration,39,0.8561547808206375,0.32663501566411085,patient,0,availability,T1ax+T2ax+FLAIRax+FLAIRsag+SWIax,5,-1
Mega cisterna magna,22,0.6101190476190476,0.03673273061503991,patient,0,availability,T1ax+T2ax+FLAIRax+FLAIRsag+SWIax,5,-1
Cerebral infarction,26,0.8396209054103791,0.23637137216693008,patient,0,budget,allinputs,1,1
Cerebral hemorrhage,20,0.8713776722090261,0.17796587252511697,patient,0,budget,allinputs,1,1
Gliosis,284,0.7076794678103221,0.5462416512242536,patient,0,budget,allinputs,1,1
Cerebral atrophy,102,0.9199819401444788,0.6771734086874159,patient,0,budget,allinputs,1,1
Arachnoid cyst,43,0.7006275378368402,0.08725391983863337,patient,0,budget,allinputs,1,1
Empty sella syndrome,45,0.6196382428940569,0.0786249972111827,patient,0,budget,allinputs,1,1
Cyst of pineal gland,21,0.7698884547873847,0.05992636247577158,patient,0,budget,allinputs,1,1
Cerebral edema,43,0.886475281824119,0.41610137537576247,patient,0,budget,allinputs,1,1
Mastoiditis,22,0.6676406926406926,0.10643179590719135,patient,0,budget,allinputs,1,1
Ventriculomegaly,64,0.8862977756892231,0.39686148274094646,patient,0,budget,allinputs,1,1
Cerebellar degeneration,39,0.8395800230551144,0.27726989368112387,patient,0,budget,allinputs,1,1
Mega cisterna magna,22,0.5987554112554112,0.03288663374308712,patient,0,budget,allinputs,1,1
Cerebral infarction,26,0.8356183290393817,0.31140876672646095,patient,0,budget,allinputs,2,2
Cerebral hemorrhage,20,0.8635985748218528,0.1467847662644429,patient,0,budget,allinputs,2,2
Gliosis,284,0.7234148837662654,0.571053686987091,patient,0,budget,allinputs,2,2
Cerebral atrophy,102,0.9353070175438596,0.7034560655977667,patient,0,budget,allinputs,2,2
Arachnoid cyst,43,0.7028139818837493,0.09654159837811979,patient,0,budget,allinputs,2,2
Empty sella syndrome,45,0.6189582483340133,0.08034893046952367,patient,0,budget,allinputs,2,2
Cyst of pineal gland,21,0.7658116754430666,0.06269041988566303,patient,0,budget,allinputs,2,2
Cerebral edema,43,0.9033989266547406,0.5008444048575845,patient,0,budget,allinputs,2,2
Mastoiditis,22,0.6716991341991342,0.06919197391116101,patient,0,budget,allinputs,2,2
Ventriculomegaly,64,0.8989661654135339,0.42156051022594604,patient,0,budget,allinputs,2,2
Cerebellar degeneration,39,0.8576502476866997,0.30342754169545216,patient,0,budget,allinputs,2,2
Mega cisterna magna,22,0.6360389610389611,0.03692535993169829,patient,0,budget,allinputs,2,2
Cerebral infarction,26,0.840218991534781,0.3196339168743789,patient,0,budget,allinputs,3,3
Cerebral hemorrhage,20,0.8698337292161521,0.16509874623735857,patient,0,budget,allinputs,3,3
Gliosis,284,0.7208014523124908,0.5802489659839352,patient,0,budget,allinputs,3,3
Cerebral atrophy,102,0.936029411764706,0.6970062219787393,patient,0,budget,allinputs,3,3
Arachnoid cyst,43,0.7056535196070081,0.09890159419747661,patient,0,budget,allinputs,3,3
Empty sella syndrome,45,0.6243710050319597,0.08157158846731191,patient,0,budget,allinputs,3,3
Cyst of pineal gland,21,0.7746446973557556,0.06606384777749436,patient,0,budget,allinputs,3,3
Cerebral edema,43,0.9139620069852629,0.5197689629262419,patient,0,budget,allinputs,3,3
Mastoiditis,22,0.6674242424242425,0.06652543377636365,patient,0,budget,allinputs,3,3
Ventriculomegaly,64,0.9021185776942355,0.4428712477657547,patient,0,budget,allinputs,3,3
Cerebellar degeneration,39,0.8549397139919618,0.323447210767263,patient,0,budget,allinputs,3,3
Mega cisterna magna,22,0.6320887445887445,0.03768149686618098,patient,0,budget,allinputs,3,3
Cerebral infarction,26,0.8349282296650717,0.3284159699555988,patient,0,budget,allinputs,4,4
Cerebral hemorrhage,20,0.8694774346793349,0.17575291924629782,patient,0,budget,allinputs,4,4
Gliosis,284,0.7239875237584678,0.5780157739996727,patient,0,budget,allinputs,4,4
Cerebral atrophy,102,0.938390092879257,0.6983166225823257,patient,0,budget,allinputs,4,4
Arachnoid cyst,43,0.7039781923502854,0.0975377474152562,patient,0,budget,allinputs,4,4
Empty sella syndrome,45,0.6297021623827009,0.08623826399077777,patient,0,budget,allinputs,4,4
Cyst of pineal gland,21,0.7778721476700073,0.06915948125084441,patient,0,budget,allinputs,4,4
Cerebral edema,43,0.9135928670812391,0.5382932115835317,patient,0,budget,allinputs,4,4
Mastoiditis,22,0.6791666666666667,0.06143587318757996,patient,0,budget,allinputs,4,4
Ventriculomegaly,64,0.8995339912280702,0.44683379150601765,patient,0,budget,allinputs,4,4
Cerebellar degeneration,39,0.8513256690656448,0.3142528978557603,patient,0,budget,allinputs,4,4
Mega cisterna magna,22,0.612987012987013,0.038356869456441206,patient,0,budget,allinputs,4,4
Cerebral infarction,26,0.8468899521531101,0.3276448319683685,patient,0,budget,allinputs,5,5
Cerebral hemorrhage,20,0.877375296912114,0.17016349847824255,patient,0,budget,allinputs,5,5
Gliosis,284,0.7262171645791705,0.5746046166434563,patient,0,budget,allinputs,5,5
Cerebral atrophy,102,0.9371775025799793,0.7040771894297797,patient,0,budget,allinputs,5,5
Arachnoid cyst,43,0.7006275378368402,0.09540382354863819,patient,0,budget,allinputs,5,5
Empty sella syndrome,45,0.6275261797905617,0.08231674332246715,patient,0,budget,allinputs,5,5
Cyst of pineal gland,21,0.7868750353887096,0.07724275030738452,patient,0,budget,allinputs,5,5
Cerebral edema,43,0.9161200556549394,0.5370172755459725,patient,0,budget,allinputs,5,5
Mastoiditis,22,0.6804653679653679,0.06689297641162294,patient,0,budget,allinputs,5,5
Ventriculomegaly,64,0.8961466165413534,0.43850404649669045,patient,0,budget,allinputs,5,5
Cerebellar degeneration,39,0.8499859799981307,0.31800346478195596,patient,0,budget,allinputs,5,5
Mega cisterna magna,22,0.5876082251082252,0.03446578218748088,patient,0,budget,allinputs,5,5
Cerebral infarction,26,0.8039657710710344,0.13825764590788367,label_id,0,availability,SWIax,1,-1
Cerebral hemorrhage,20,0.8895486935866983,0.15180093049501497,label_id,0,availability,SWIax,1,-1
Gliosis,284,0.6925837029094986,0.5225607578477744,label_id,0,availability,SWIax,1,-1
Cerebral atrophy,102,0.8496388028895769,0.4329751321441316,label_id,0,availability,SWIax,1,-1
Arachnoid cyst,43,0.678393957463725,0.08777086231294387,label_id,0,availability,SWIax,1,-1
Empty sella syndrome,45,0.6175438596491228,0.09034175516921197,label_id,0,availability,SWIax,1,-1
Cyst of pineal gland,21,0.7127003000962573,0.05554151373167683,label_id,0,availability,SWIax,1,-1
Cerebral edema,43,0.8995371553511089,0.48819396652488917,label_id,0,availability,SWIax,1,-1
Mastoiditis,22,0.6087121212121213,0.05542785691199578,label_id,0,availability,SWIax,1,-1
Ventriculomegaly,64,0.8239739974937343,0.33883463208853587,label_id,0,availability,SWIax,1,-1
Cerebellar degeneration,39,0.7881421939745148,0.14598374131119798,label_id,0,availability,SWIax,1,-1
Mega cisterna magna,22,0.6323051948051948,0.03875027463327483,label_id,0,availability,SWIax,1,-1
Cerebral infarction,26,0.8169856459330144,0.26397759588331926,label_id,0,availability,FLAIRsag,1,-1
Cerebral hemorrhage,20,0.8456650831353919,0.17974468395203097,label_id,0,availability,FLAIRsag,1,-1
Gliosis,284,0.7076124567474049,0.5492593865324665,label_id,0,availability,FLAIRsag,1,-1
Cerebral atrophy,102,0.9140608875128999,0.6574833141475868,label_id,0,availability,FLAIRsag,1,-1
Arachnoid cyst,43,0.6900076667518528,0.0898168221639413,label_id,0,availability,FLAIRsag,1,-1
Empty sella syndrome,45,0.6297021623827009,0.07349447488124147,label_id,0,availability,FLAIRsag,1,-1
Cyst of pineal gland,21,0.7593567748145631,0.05990180961527151,label_id,0,availability,FLAIRsag,1,-1
Cerebral edema,43,0.8899395178464946,0.38496302528992976,label_id,0,availability,FLAIRsag,1,-1
Mastoiditis,22,0.7159632034632035,0.0602503843788476,label_id,0,availability,FLAIRsag,1,-1
Ventriculomegaly,64,0.8624099310776943,0.40434362026701165,label_id,0,availability,FLAIRsag,1,-1
Cerebellar degeneration,39,0.8097018412935788,0.3156065999702298,label_id,0,availability,FLAIRsag,1,-1
Mega cisterna magna,22,0.5212662337662337,0.039510272632794864,label_id,0,availability,FLAIRsag,1,-1
Cerebral infarction,26,0.8185958778064042,0.29282099072235596,label_id,0,availability,FLAIRax,1,-1
Cerebral hemorrhage,20,0.8669833729216152,0.15806201375981963,label_id,0,availability,FLAIRax,1,-1
Gliosis,284,0.7032201861689166,0.5649800547899593,label_id,0,availability,FLAIRax,1,-1
Cerebral atrophy,102,0.9341331269349845,0.6954944765029469,label_id,0,availability,FLAIRax,1,-1
Arachnoid cyst,43,0.6970497203055342,0.0972564212679213,label_id,0,availability,FLAIRax,1,-1
Empty sella syndrome,45,0.6133822929416565,0.07461637445997152,label_id,0,availability,FLAIRax,1,-1
Cyst of pineal gland,21,0.717966140082668,0.09822429971078454,label_id,0,availability,FLAIRax,1,-1
Cerebral edema,43,0.9100718403043985,0.4931241970707747,label_id,0,availability,FLAIRax,1,-1
Mastoiditis,22,0.6398809523809523,0.09983098109435783,label_id,0,availability,FLAIRax,1,-1
Ventriculomegaly,64,0.878798558897243,0.4121303289703541,label_id,0,availability,FLAIRax,1,-1
Cerebellar degeneration,39,0.8626351372402405,0.2744997224473542,label_id,0,availability,FLAIRax,1,-1
Mega cisterna magna,22,0.679978354978355,0.04490796055358874,label_id,0,availability,FLAIRax,1,-1
Cerebral infarction,26,0.840679057784321,0.2161937086920196,label_id,0,availability,T2ax,1,-1
Cerebral hemorrhage,20,0.8526128266033254,0.16203541351000145,label_id,0,availability,T2ax,1,-1
Gliosis,284,0.7249195867244992,0.5512102028172623,label_id,0,availability,T2ax,1,-1
Cerebral atrophy,102,0.91515737874097,0.6379649043251227,label_id,0,availability,T2ax,1,-1
Arachnoid cyst,43,0.6871681290285941,0.09087553423901731,label_id,0,availability,T2ax,1,-1
Empty sella syndrome,45,0.6364477084183326,0.08485226634804262,label_id,0,availability,T2ax,1,-1
Cyst of pineal gland,21,0.7548270199875432,0.060239510543119955,label_id,0,availability,T2ax,1,-1
Cerebral edema,43,0.8632762586250958,0.3633601289664529,label_id,0,availability,T2ax,1,-1
Mastoiditis,22,0.6613636363636364,0.06927660810235967,label_id,0,availability,T2ax,1,-1
Ventriculomegaly,64,0.8874334273182958,0.3885542725418168,label_id,0,availability,T2ax,1,-1
Cerebellar degeneration,39,0.8340031778670904,0.29659228712465174,label_id,0,availability,T2ax,1,-1
Mega cisterna magna,22,0.6163961038961039,0.033367889629178665,label_id,0,availability,T2ax,1,-1
Cerebral infarction,26,0.8417832167832168,0.3020818065494832,label_id,0,availability,T1ax,1,-1
Cerebral hemorrhage,20,0.8495843230403801,0.18081499726948225,label_id,0,availability,T1ax,1,-1
Gliosis,284,0.7040243189239241,0.5452513860949697,label_id,0,availability,T1ax,1,-1
Cerebral atrophy,102,0.9029927760577916,0.6079942869972519,label_id,0,availability,T1ax,1,-1
Arachnoid cyst,43,0.6785075389726553,0.07923501546561748,label_id,0,availability,T1ax,1,-1
Empty sella syndrome,45,0.6237454100367197,0.08079979351643032,label_id,0,availability,T1ax,1,-1
Cyst of pineal gland,21,0.7059056678557273,0.06779257956175541,label_id,0,availability,T1ax,1,-1
Cerebral edema,43,0.8803986710963455,0.4638880514787722,label_id,0,availability,T1ax,1,-1
Mastoiditis,22,0.6683982683982684,0.05765800128134033,label_id,0,availability,T1ax,1,-1
Ventriculomegaly,64,0.8792684837092731,0.3976089444671052,label_id,0,availability,T1ax,1,-1
Cerebellar degeneration,39,0.8174595756612767,0.26778031506024363,label_id,0,availability,T1ax,1,-1
Mega cisterna magna,22,0.5970779220779221,0.034604354855876665,label_id,0,availability,T1ax,1,-1
Cerebral infarction,26,0.8254508649245491,0.23864384500905142,label_id,0,availability,FLAIRsag+SWIax,2,-1
Cerebral hemorrhage,20,0.8804038004750594,0.16541251220115685,label_id,0,availability,FLAIRsag+SWIax,2,-1
Gliosis,284,0.7093973877869292,0.5505362722673464,label_id,0,availability,FLAIRsag+SWIax,2,-1
Cerebral atrophy,102,0.9135706914344686,0.63451730527295,label_id,0,availability,FLAIRsag+SWIax,2,-1
Arachnoid cyst,43,0.684016242155777,0.0943538624112195,label_id,0,availability,FLAIRsag+SWIax,2,-1
Empty sella syndrome,45,0.6232014143886849,0.07745862950247462,label_id,0,availability,FLAIRsag+SWIax,2,-1
Cyst of pineal gland,21,0.7407281580884435,0.0636187619714974,label_id,0,availability,FLAIRsag+SWIax,2,-1
Cerebral edema,43,0.90975949115484,0.46313945541131696,label_id,0,availability,FLAIRsag+SWIax,2,-1
Mastoiditis,22,0.6930194805194806,0.061163797080403356,label_id,0,availability,FLAIRsag+SWIax,2,-1
Ventriculomegaly,64,0.8587680137844612,0.394762347827659,label_id,0,availability,FLAIRsag+SWIax,2,-1
Cerebellar degeneration,39,0.8229429541701717,0.30741461370420736,label_id,0,availability,FLAIRsag+SWIax,2,-1
Mega cisterna magna,22,0.561525974025974,0.029741201210673435,label_id,0,availability,FLAIRsag+SWIax,2,-1
Cerebral infarction,26,0.8282572690467427,0.28990030201573364,label_id,0,availability,FLAIRax+SWIax,2,-1
Cerebral hemorrhage,20,0.8799287410926366,0.15299999683620805,label_id,0,availability,FLAIRax+SWIax,2,-1
Gliosis,284,0.710920366489595,0.5674801077856312,label_id,0,availability,FLAIRax+SWIax,2,-1
Cerebral atrophy,102,0.9340557275541795,0.6925062906963919,label_id,0,availability,FLAIRax+SWIax,2,-1
Arachnoid cyst,43,0.6904619927875741,0.10091979112666458,label_id,0,availability,FLAIRax+SWIax,2,-1
Empty sella syndrome,45,0.6226302189582483,0.08473544455015738,label_id,0,availability,FLAIRax+SWIax,2,-1
Cyst of pineal gland,21,0.7268557839306947,0.07975627615574947,label_id,0,availability,FLAIRax+SWIax,2,-1
Cerebral edema,43,0.917170684612545,0.5008752228020904,label_id,0,availability,FLAIRax+SWIax,2,-1
Mastoiditis,22,0.6312770562770562,0.06181001314613448,label_id,0,availability,FLAIRax+SWIax,2,-1
Ventriculomegaly,64,0.8751566416040101,0.4046972834633967,label_id,0,availability,FLAIRax+SWIax,2,-1
Cerebellar degeneration,39,0.860080381344051,0.28402423189917925,label_id,0,availability,FLAIRax+SWIax,2,-1
Mega cisterna magna,22,0.6686147186147186,0.04435382285091391,label_id,0,availability,FLAIRax+SWIax,2,-1
Cerebral infarction,26,0.8282572690467428,0.2942734415442656,label_id,0,availability,FLAIRax+FLAIRsag,2,-1
Cerebral hemorrhage,20,0.8692399049881234,0.17614172848770548,label_id,0,availability,FLAIRax+FLAIRsag,2,-1
Gliosis,284,0.7135764413470442,0.5720304428670347,label_id,0,availability,FLAIRax+FLAIRsag,2,-1
Cerebral atrophy,102,0.9385577915376677,0.7134439669073221,label_id,0,availability,FLAIRax+FLAIRsag,2,-1
Arachnoid cyst,43,0.699122582843513,0.11026681114889661,label_id,0,availability,FLAIRax+FLAIRsag,2,-1
Empty sella syndrome,45,0.6261117911056712,0.07510981406313093,label_id,0,availability,FLAIRax+FLAIRsag,2,-1
Cyst of pineal gland,21,0.7444652058207349,0.061594659707885184,label_id,0,availability,FLAIRax+FLAIRsag,2,-1
Cerebral edema,43,0.9124570519919356,0.47084566473722017,label_id,0,availability,FLAIRax+FLAIRsag,2,-1
Mastoiditis,22,0.699621212121212,0.061044565811419586,label_id,0,availability,FLAIRax+FLAIRsag,2,-1
Ventriculomegaly,64,0.8783873746867168,0.42590984732276815,label_id,0,availability,FLAIRax+FLAIRsag,2,-1
Cerebellar degeneration,39,0.8565909586565723,0.2976431059612253,label_id,0,availability,FLAIRax+FLAIRsag,2,-1
Mega cisterna magna,22,0.5758658008658009,0.03193777152635538,label_id,0,availability,FLAIRax+FLAIRsag,2,-1
Cerebral infarction,26,0.8420592565329408,0.21565699893799564,label_id,0,availability,T2ax+SWIax,2,-1
Cerebral hemorrhage,20,0.8738717339667459,0.15769179456381577,label_id,0,availability,T2ax+SWIax,2,-1
Gliosis,284,0.7270822164822848,0.5488924029051102,label_id,0,availability,T2ax+SWIax,2,-1
Cerebral atrophy,102,0.9201496388028896,0.6332844388396526,label_id,0,availability,T2ax+SWIax,2,-1
Arachnoid cyst,43,0.6863162677116165,0.09225423473710448,label_id,0,availability,T2ax+SWIax,2,-1
Empty sella syndrome,45,0.6254045967632259,0.08514869544824194,label_id,0,availability,T2ax+SWIax,2,-1
Cyst of pineal gland,21,0.7408980238944567,0.054677856056764465,label_id,0,availability,T2ax+SWIax,2,-1
Cerebral edema,43,0.8911889144447285,0.46302809828249103,label_id,0,availability,T2ax+SWIax,2,-1
Mastoiditis,22,0.6437770562770563,0.06979093433842168,label_id,0,availability,T2ax+SWIax,2,-1
Ventriculomegaly,64,0.8800516917293233,0.39715748163695264,label_id,0,availability,T2ax+SWIax,2,-1
Cerebellar degeneration,39,0.8363710004050223,0.2949393978955022,label_id,0,availability,T2ax+SWIax,2,-1
Mega cisterna magna,22,0.6321428571428571,0.03606802901547297,label_id,0,availability,T2ax+SWIax,2,-1
Cerebral infarction,26,0.8422432830327566,0.27117230666785963,label_id,0,availability,T2ax+FLAIRsag,2,-1
Cerebral hemorrhage,20,0.871437054631829,0.18124279014042063,label_id,0,availability,T2ax+FLAIRsag,2,-1
Gliosis,284,0.7299454164432966,0.5601927925651217,label_id,0,availability,T2ax+FLAIRsag,2,-1
Cerebral atrophy,102,0.9312306501547987,0.6798977295294393,label_id,0,availability,T2ax+FLAIRsag,2,-1
Arachnoid cyst,43,0.695828719084533,0.09095458299423859,label_id,0,availability,T2ax+FLAIRsag,2,-1
Empty sella syndrome,45,0.6456412348701209,0.08005050237360006,label_id,0,availability,T2ax+FLAIRsag,2,-1
Cyst of pineal gland,21,0.7708510276881264,0.06292258218194026,label_id,0,availability,T2ax+FLAIRsag,2,-1
Cerebral edema,43,0.895618593293012,0.4161022590351964,label_id,0,availability,T2ax+FLAIRsag,2,-1
Mastoiditis,22,0.7070887445887446,0.06550398099519059,label_id,0,availability,T2ax+FLAIRsag,2,-1
Ventriculomegaly,64,0.8892543859649124,0.42607467602931287,label_id,0,availability,T2ax+FLAIRsag,2,-1
Cerebellar degeneration,39,0.836402155964732,0.3071407284848913,label_id,0,availability,T2ax+FLAIRsag,2,-1
Mega cisterna magna,22,0.5587662337662337,0.028674804564745242,label_id,0,availability,T2ax+FLAIRsag,2,-1
Cerebral infarction,26,0.8346521899153478,0.2845968536544532,label_id,0,availability,T2ax+FLAIRax,2,-1
Cerebral hemorrhage,20,0.8683491686460808,0.16183101519714707,label_id,0,availability,T2ax+FLAIRax,2,-1
Gliosis,284,0.7252729177835178,0.5658584489369098,label_id,0,availability,T2ax+FLAIRax,2,-1
Cerebral atrophy,102,0.9367518059855522,0.6933392412408217,label_id,0,availability,T2ax+FLAIRax,2,-1
Arachnoid cyst,43,0.6990373967118153,0.09836913833663319,label_id,0,availability,T2ax+FLAIRax,2,-1
Empty sella syndrome,45,0.6266557867537059,0.07776187206495552,label_id,0,availability,T2ax+FLAIRax,2,-1
Cyst of pineal gland,21,0.7373308419681784,0.06274045586477624,label_id,0,availability,T2ax+FLAIRax,2,-1
Cerebral edema,43,0.9024618792060652,0.48718186824073856,label_id,0,availability,T2ax+FLAIRax,2,-1
Mastoiditis,22,0.6613636363636364,0.0699700586537808,label_id,0,availability,T2ax+FLAIRax,2,-1
Ventriculomegaly,64,0.8929354636591479,0.4159380038812554,label_id,0,availability,T2ax+FLAIRax,2,-1
Cerebellar degeneration,39,0.8585226033585693,0.30086981600221246,label_id,0,availability,T2ax+FLAIRax,2,-1
Mega cisterna magna,22,0.644426406926407,0.03735643766167946,label_id,0,availability,T2ax+FLAIRax,2,-1
Cerebral infarction,26,0.8438995215311005,0.25064887112946144,label_id,0,availability,T1ax+SWIax,2,-1
Cerebral hemorrhage,20,0.8729809976247032,0.16348401626987005,label_id,0,availability,T1ax+SWIax,2,-1
Gliosis,284,0.7138140260246602,0.5515743593969773,label_id,0,availability,T1ax+SWIax,2,-1
Cerebral atrophy,102,0.9105392156862745,0.6016614277770703,label_id,0,availability,T1ax+SWIax,2,-1
Arachnoid cyst,43,0.680722378396797,0.08534980173997987,label_id,0,availability,T1ax+SWIax,2,-1
Empty sella syndrome,45,0.6229294165646675,0.0863537115370358,label_id,0,availability,T1ax+SWIax,2,-1
Cyst of pineal gland,21,0.7372742200328407,0.07043072504005336,label_id,0,availability,T1ax+SWIax,2,-1
Cerebral edema,43,0.89911122469262,0.5226529496066423,label_id,0,availability,T1ax+SWIax,2,-1
Mastoiditis,22,0.6482683982683982,0.06257529038282222,label_id,0,availability,T1ax+SWIax,2,-1
Ventriculomegaly,64,0.878093671679198,0.3994621789360923,label_id,0,availability,T1ax+SWIax,2,-1
Cerebellar degeneration,39,0.8298594884257096,0.26699976976808015,label_id,0,availability,T1ax+SWIax,2,-1
Mega cisterna magna,22,0.6127705627705629,0.03625218615877017,label_id,0,availability,T1ax+SWIax,2,-1
Cerebral infarction,26,0.8378726536621274,0.30319935231885625,label_id,0,availability,T1ax+FLAIRsag,2,-1
Cerebral hemorrhage,20,0.8635391923990499,0.18832003502891892,label_id,0,availability,T1ax+FLAIRsag,2,-1
Gliosis,284,0.7145206881426971,0.5656157552773479,label_id,0,availability,T1ax+FLAIRsag,2,-1
Cerebral atrophy,102,0.9285603715170279,0.6873045006713039,label_id,0,availability,T1ax+FLAIRsag,2,-1
Arachnoid cyst,43,0.6853792202629412,0.08438589969246892,label_id,0,availability,T1ax+FLAIRsag,2,-1
Empty sella syndrome,45,0.6379436964504284,0.07710085627465657,label_id,0,availability,T1ax+FLAIRsag,2,-1
Cyst of pineal gland,21,0.738350036804258,0.0624540075024824,label_id,0,availability,T1ax+FLAIRsag,2,-1
Cerebral edema,43,0.9046483232529745,0.45447628086673586,label_id,0,availability,T1ax+FLAIRsag,2,-1
Mastoiditis,22,0.7166666666666667,0.0598947552186666,label_id,0,availability,T1ax+FLAIRsag,2,-1
Ventriculomegaly,64,0.8850054824561404,0.4269056048612306,label_id,0,availability,T1ax+FLAIRsag,2,-1
Cerebellar degeneration,39,0.8280836215222606,0.31322859401499065,label_id,0,availability,T1ax+FLAIRsag,2,-1
Mega cisterna magna,22,0.5607142857142857,0.03312666154906252,label_id,0,availability,T1ax+FLAIRsag,2,-1
Cerebral infarction,26,0.8377346337872653,0.32531723644019456,label_id,0,availability,T1ax+FLAIRax,2,-1
Cerebral hemorrhage,20,0.8636579572446555,0.16996169084016435,label_id,0,availability,T1ax+FLAIRax,2,-1
Gliosis,284,0.7122484039183197,0.5710568791085423,label_id,0,availability,T1ax+FLAIRax,2,-1
Cerebral atrophy,102,0.9365712074303405,0.7000664216956517,label_id,0,availability,T1ax+FLAIRax,2,-1
Arachnoid cyst,43,0.6963682312519521,0.09072490477086198,label_id,0,availability,T1ax+FLAIRax,2,-1
Empty sella syndrome,45,0.6158574731402149,0.07532573704315126,label_id,0,availability,T1ax+FLAIRax,2,-1
Cyst of pineal gland,21,0.7237415774871185,0.06677733705370181,label_id,0,availability,T1ax+FLAIRax,2,-1
Cerebral edema,43,0.9095607235142119,0.5082577937301633,label_id,0,availability,T1ax+FLAIRax,2,-1
Mastoiditis,22,0.6656926406926407,0.061528830903969586,label_id,0,availability,T1ax+FLAIRax,2,-1
Ventriculomegaly,64,0.8928571428571429,0.4162063496103087,label_id,0,availability,T1ax+FLAIRax,2,-1
Cerebellar degeneration,39,0.8549085584322522,0.2851514162571677,label_id,0,availability,T1ax+FLAIRax,2,-1
Mega cisterna magna,22,0.6297619047619047,0.0375855504215288,label_id,0,availability,T1ax+FLAIRax,2,-1
Cerebral infarction,26,0.8501104158998896,0.28059342849417873,label_id,0,availability,T1ax+T2ax,2,-1
Cerebral hemorrhage,20,0.8602731591448931,0.18203816599250036,label_id,0,availability,T1ax+T2ax,2,-1
Gliosis,284,0.7250414250207124,0.5565261243907011,label_id,0,availability,T1ax+T2ax,2,-1
Cerebral atrophy,102,0.9249355005159959,0.6547265614219928,label_id,0,availability,T1ax+T2ax,2,-1
Arachnoid cyst,43,0.6884743163812932,0.08620159770992537,label_id,0,availability,T1ax+T2ax,2,-1
Empty sella syndrome,45,0.6354413164694683,0.08144220422218017,label_id,0,availability,T1ax+T2ax,2,-1
Cyst of pineal gland,21,0.7444652058207349,0.0670661911242633,label_id,0,availability,T1ax+T2ax,2,-1
Cerebral edema,43,0.8887469120027259,0.48277518041013945,label_id,0,availability,T1ax+T2ax,2,-1
Mastoiditis,22,0.6767857142857143,0.06905047960862692,label_id,0,availability,T1ax+T2ax,2,-1
Ventriculomegaly,64,0.8961074561403509,0.4196647865601766,label_id,0,availability,T1ax+T2ax,2,-1
Cerebellar degeneration,39,0.8364956226438609,0.31585709048182337,label_id,0,availability,T1ax+T2ax,2,-1
Mega cisterna magna,22,0.6063311688311689,0.033100587098255835,label_id,0,availability,T1ax+T2ax,2,-1
Cerebral infarction,26,0.8324898785425101,0.2724985518300724,label_id,0,availability,FLAIRax+FLAIRsag+SWIax,3,-1
Cerebral hemorrhage,20,0.8783254156769595,0.16591775520471438,label_id,0,availability,FLAIRax+FLAIRsag+SWIax,3,-1
Gliosis,284,0.7165614796042692,0.5734453736560596,label_id,0,availability,FLAIRax+FLAIRsag+SWIax,3,-1
Cerebral atrophy,102,0.9372291021671827,0.7071074882993298,label_id,0,availability,FLAIRax+FLAIRsag+SWIax,3,-1
Arachnoid cyst,43,0.6935854842831587,0.10404573945360672,label_id,0,availability,FLAIRax+FLAIRsag+SWIax,3,-1
Empty sella syndrome,45,0.6253229974160207,0.07769481088107281,label_id,0,availability,FLAIRax+FLAIRsag+SWIax,3,-1
Cyst of pineal gland,21,0.7412943774418209,0.06650723944976607,label_id,0,availability,FLAIRax+FLAIRsag+SWIax,3,-1
Cerebral edema,43,0.9174830337621035,0.496882772567045,label_id,0,availability,FLAIRax+FLAIRsag+SWIax,3,-1
Mastoiditis,22,0.6830627705627706,0.0596226080326925,label_id,0,availability,FLAIRax+FLAIRsag+SWIax,3,-1
Ventriculomegaly,64,0.8749608395989975,0.41453440311451567,label_id,0,availability,FLAIRax+FLAIRsag+SWIax,3,-1
Cerebellar degeneration,39,0.8561547808206373,0.3060736615639483,label_id,0,availability,FLAIRax+FLAIRsag+SWIax,3,-1
Mega cisterna magna,22,0.5984848484848485,0.03401782414237882,label_id,0,availability,FLAIRax+FLAIRsag+SWIax,3,-1
Cerebral infarction,26,0.8409090909090908,0.24551831107190064,label_id,0,availability,T2ax+FLAIRsag+SWIax,3,-1
Cerebral hemorrhage,20,0.8805225653206652,0.1669784443266394,label_id,0,availability,T2ax+FLAIRsag+SWIax,3,-1
Gliosis,284,0.7286051951849506,0.55862067212462,label_id,0,availability,T2ax+FLAIRsag+SWIax,3,-1
Cerebral atrophy,102,0.9310242518059856,0.6706413479551933,label_id,0,availability,T2ax+FLAIRsag+SWIax,3,-1
Arachnoid cyst,43,0.6889286424170145,0.09365604978861516,label_id,0,availability,T2ax+FLAIRsag+SWIax,3,-1
Empty sella syndrome,45,0.6291309669522644,0.07909147561431693,label_id,0,availability,T2ax+FLAIRsag+SWIax,3,-1
Cyst of pineal gland,21,0.7531849838627483,0.06097811631195443,label_id,0,availability,T2ax+FLAIRsag+SWIax,3,-1
Cerebral edema,43,0.903853252690462,0.45979104950337457,label_id,0,availability,T2ax+FLAIRsag+SWIax,3,-1
Mastoiditis,22,0.6875,0.06559442970729956,label_id,0,availability,T2ax+FLAIRsag+SWIax,3,-1
Ventriculomegaly,64,0.8818530701754386,0.42384664335132277,label_id,0,availability,T2ax+FLAIRsag+SWIax,3,-1
Cerebellar degeneration,39,0.8371810449574727,0.2993121262484699,label_id,0,availability,T2ax+FLAIRsag+SWIax,3,-1
Mega cisterna magna,22,0.5837121212121212,0.031023550263039705,label_id,0,availability,T2ax+FLAIRsag+SWIax,3,-1
Cerebral infarction,26,0.8369065145380934,0.28440917098832785,label_id,0,availability,T2ax+FLAIRax+SWIax,3,-1
Cerebral hemorrhage,20,0.8748812351543943,0.15206502325022447,label_id,0,availability,T2ax+FLAIRax+SWIax,3,-1
Gliosis,284,0.7256262488425362,0.5659856943641546,label_id,0,availability,T2ax+FLAIRax+SWIax,3,-1
Cerebral atrophy,102,0.936687306501548,0.6931580694431918,label_id,0,availability,T2ax+FLAIRax+SWIax,3,-1
Arachnoid cyst,43,0.694181787205043,0.09667681100818919,label_id,0,availability,T2ax+FLAIRax+SWIax,3,-1
Empty sella syndrome,45,0.627390180878553,0.08189537868862523,label_id,0,availability,T2ax+FLAIRax+SWIax,3,-1
Cyst of pineal gland,21,0.7402751826057414,0.06345806166161352,label_id,0,availability,T2ax+FLAIRax+SWIax,3,-1
Cerebral edema,43,0.9073742794673028,0.49154838420985913,label_id,0,availability,T2ax+FLAIRax+SWIax,3,-1
Mastoiditis,22,0.6487554112554113,0.0693402939678563,label_id,0,availability,T2ax+FLAIRax+SWIax,3,-1
Ventriculomegaly,64,0.8871984649122807,0.41331509747135947,label_id,0,availability,T2ax+FLAIRax+SWIax,3,-1
Cerebellar degeneration,39,0.8580241144032152,0.30270754822337514,label_id,0,availability,T2ax+FLAIRax+SWIax,3,-1
Mega cisterna magna,22,0.6497294372294372,0.038936012441765165,label_id,0,availability,T2ax+FLAIRax+SWIax,3,-1
Cerebral infarction,26,0.8386087596613913,0.28736935990610957,label_id,0,availability,T2ax+FLAIRax+FLAIRsag,3,-1
Cerebral hemorrhage,20,0.8732779097387173,0.17424030102923074,label_id,0,availability,T2ax+FLAIRax+FLAIRsag,3,-1
Gliosis,284,0.7278497977484283,0.5710511917393539,label_id,0,availability,T2ax+FLAIRax+FLAIRsag,3,-1
Cerebral atrophy,102,0.9402218782249743,0.70537369263536,label_id,0,availability,T2ax+FLAIRax+FLAIRsag,3,-1
Arachnoid cyst,43,0.6996904903881648,0.10132282593758883,label_id,0,availability,T2ax+FLAIRax+FLAIRsag,3,-1
Empty sella syndrome,45,0.6351149190806473,0.07817148236264744,label_id,0,availability,T2ax+FLAIRax+FLAIRsag,3,-1
Cyst of pineal gland,21,0.7561293245003115,0.06399368793392117,label_id,0,availability,T2ax+FLAIRax+FLAIRsag,3,-1
Cerebral edema,43,0.9083113269159779,0.4749447836428404,label_id,0,availability,T2ax+FLAIRax+FLAIRsag,3,-1
Mastoiditis,22,0.6951298701298703,0.06521932348847777,label_id,0,availability,T2ax+FLAIRax+FLAIRsag,3,-1
Ventriculomegaly,64,0.8894893483709274,0.4259428852617536,label_id,0,availability,T2ax+FLAIRax+FLAIRsag,3,-1
Cerebellar degeneration,39,0.8551889584696389,0.311475199584519,label_id,0,availability,T2ax+FLAIRax+FLAIRsag,3,-1
Mega cisterna magna,22,0.5929112554112554,0.03148050257880979,label_id,0,availability,T2ax+FLAIRax+FLAIRsag,3,-1
Cerebral infarction,26,0.8441755612808245,0.29312892417794684,label_id,0,availability,T1ax+FLAIRsag+SWIax,3,-1
Cerebral hemorrhage,20,0.8758313539192399,0.16778729532240613,label_id,0,availability,T1ax+FLAIRsag+SWIax,3,-1
Gliosis,284,0.716872167259613,0.559885538587594,label_id,0,availability,T1ax+FLAIRsag+SWIax,3,-1
Cerebral atrophy,102,0.9266640866873065,0.6711016675416224,label_id,0,availability,T1ax+FLAIRsag+SWIax,3,-1
Arachnoid cyst,43,0.6847261265865918,0.08872005668701724,label_id,0,availability,T1ax+FLAIRsag+SWIax,3,-1
Empty sella syndrome,45,0.6260029919760642,0.07884848415831422,label_id,0,availability,T1ax+FLAIRsag+SWIax,3,-1
Cyst of pineal gland,21,0.7454844006568144,0.06770757555117488,label_id,0,availability,T1ax+FLAIRsag+SWIax,3,-1
Cerebral edema,43,0.9080841638981173,0.4942641447643144,label_id,0,availability,T1ax+FLAIRsag+SWIax,3,-1
Mastoiditis,22,0.6946969696969697,0.061411183232808114,label_id,0,availability,T1ax+FLAIRsag+SWIax,3,-1
Ventriculomegaly,64,0.8801300125313283,0.4213591739147759,label_id,0,availability,T1ax+FLAIRsag+SWIax,3,-1
Cerebellar degeneration,39,0.8334735333520267,0.29912454395156957,label_id,0,availability,T1ax+FLAIRsag+SWIax,3,-1
Mega cisterna magna,22,0.5715367965367966,0.03174885586224973,label_id,0,availability,T1ax+FLAIRsag+SWIax,3,-1
Cerebral infarction,26,0.840264998159735,0.3200992979902626,label_id,0,availability,T1ax+FLAIRax+SWIax,3,-1
Cerebral hemorrhage,20,0.8751187648456057,0.16412078331327598,label_id,0,availability,T1ax+FLAIRax+SWIax,3,-1
Gliosis,284,0.7174508991666261,0.5695637308778403,label_id,0,availability,T1ax+FLAIRax+SWIax,3,-1
Cerebral atrophy,102,0.9353199174406606,0.6929107082480244,label_id,0,availability,T1ax+FLAIRax+SWIax,3,-1
Arachnoid cyst,43,0.6931879490019024,0.0921070448378358,label_id,0,availability,T1ax+FLAIRax+SWIax,3,-1
Empty sella syndrome,45,0.6226030191758466,0.08234207737257673,label_id,0,availability,T1ax+FLAIRax+SWIax,3,-1
Cyst of pineal gland,21,0.7367080006794633,0.06915605888992854,label_id,0,availability,T1ax+FLAIRax+SWIax,3,-1
Cerebral edema,43,0.9124854473691683,0.5195621990921596,label_id,0,availability,T1ax+FLAIRax+SWIax,3,-1
Mastoiditis,22,0.6501623376623377,0.061776742986774866,label_id,0,availability,T1ax+FLAIRax+SWIax,3,-1
Ventriculomegaly,64,0.888157894736842,0.41830500282508337,label_id,0,availability,T1ax+FLAIRax+SWIax,3,-1
Cerebellar degeneration,39,0.8552512695890582,0.2968919820444988,label_id,0,availability,T1ax+FLAIRax+SWIax,3,-1
Mega cisterna magna,22,0.6375541125541125,0.03989888663283883,label_id,0,availability,T1ax+FLAIRax+SWIax,3,-1
Cerebral infarction,26,0.8375966139124034,0.3246835290221345,label_id,0,availability,T1ax+FLAIRax+FLAIRsag,3,-1
Cerebral hemorrhage,20,0.8681710213776722,0.1789758762405896,label_id,0,availability,T1ax+FLAIRax+FLAIRsag,3,-1
Gliosis,284,0.7172559578926848,0.5758014665429048,label_id,0,availability,T1ax+FLAIRax+FLAIRsag,3,-1
Cerebral atrophy,102,0.939499484004128,0.7092014216542256,label_id,0,availability,T1ax+FLAIRax+FLAIRsag,3,-1
Arachnoid cyst,43,0.6959706959706959,0.0941950558335964,label_id,0,availability,T1ax+FLAIRax+FLAIRsag,3,-1
Empty sella syndrome,45,0.6299197606419148,0.07660246319916877,label_id,0,availability,T1ax+FLAIRax+FLAIRsag,3,-1
Cyst of pineal gland,21,0.7390861219636488,0.06664807192756252,label_id,0,availability,T1ax+FLAIRax+FLAIRsag,3,-1
Cerebral edema,43,0.9130817502910525,0.4814103233906371,label_id,0,availability,T1ax+FLAIRax+FLAIRsag,3,-1
Mastoiditis,22,0.7001623376623377,0.06066097935658272,label_id,0,availability,T1ax+FLAIRax+FLAIRsag,3,-1
Ventriculomegaly,64,0.8894306077694237,0.42812623782019915,label_id,0,availability,T1ax+FLAIRax+FLAIRsag,3,-1
Cerebellar degeneration,39,0.8534754026856093,0.30889088207916654,label_id,0,availability,T1ax+FLAIRax+FLAIRsag,3,-1
Mega cisterna magna,22,0.5819805194805194,0.03269815431223562,label_id,0,availability,T1ax+FLAIRax+FLAIRsag,3,-1
Cerebral infarction,26,0.8494203165255797,0.2805637887259492,label_id,0,availability,T1ax+T2ax+SWIax,3,-1
Cerebral hemorrhage,20,0.8703087885985747,0.17087157542810377,label_id,0,availability,T1ax+T2ax+SWIax,3,-1
Gliosis,284,0.7275573858375165,0.5584688496386252,label_id,0,availability,T1ax+T2ax+SWIax,3,-1
Cerebral atrophy,102,0.9257094943240454,0.6523767969980254,label_id,0,availability,T1ax+T2ax+SWIax,3,-1
Arachnoid cyst,43,0.6860039185620581,0.08789809979067263,label_id,0,availability,T1ax+T2ax+SWIax,3,-1
Empty sella syndrome,45,0.628233374133007,0.08435913592569866,label_id,0,availability,T1ax+T2ax+SWIax,3,-1
Cyst of pineal gland,21,0.7484853632297152,0.06627876112320033,label_id,0,availability,T1ax+T2ax+SWIax,3,-1
Cerebral edema,43,0.8963284777238265,0.5150544826277499,label_id,0,availability,T1ax+T2ax+SWIax,3,-1
Mastoiditis,22,0.6604437229437229,0.07165181179912952,label_id,0,availability,T1ax+T2ax+SWIax,3,-1
Ventriculomegaly,64,0.8911536654135338,0.41566146604327425,label_id,0,availability,T1ax+T2ax+SWIax,3,-1
Cerebellar degeneration,39,0.8388946007415023,0.3080920685206874,label_id,0,availability,T1ax+T2ax+SWIax,3,-1
Mega cisterna magna,22,0.6175865800865801,0.03502010146227549,label_id,0,availability,T1ax+T2ax+SWIax,3,-1
Cerebral infarction,26,0.8479481045270519,0.29360786285398804,label_id,0,availability,T1ax+T2ax+FLAIRsag,3,-1
Cerebral hemorrhage,20,0.8700712589073635,0.18412537990934952,label_id,0,availability,T1ax+T2ax+FLAIRsag,3,-1
Gliosis,284,0.7287331253959745,0.5666582923766266,label_id,0,availability,T1ax+T2ax+FLAIRsag,3,-1
Cerebral atrophy,102,0.933733230134159,0.6894153025067248,label_id,0,availability,T1ax+T2ax+FLAIRsag,3,-1
Arachnoid cyst,43,0.6921941107987619,0.08738156713278096,label_id,0,availability,T1ax+T2ax+FLAIRsag,3,-1
Empty sella syndrome,45,0.6462668298653611,0.08031805709932333,label_id,0,availability,T1ax+T2ax+FLAIRsag,3,-1
Cyst of pineal gland,21,0.7565256780476757,0.06592235157293658,label_id,0,availability,T1ax+T2ax+FLAIRsag,3,-1
Cerebral edema,43,0.9026322514694607,0.4823112482489106,label_id,0,availability,T1ax+T2ax+FLAIRsag,3,-1
Mastoiditis,22,0.7070887445887446,0.06357939401682627,label_id,0,availability,T1ax+T2ax+FLAIRsag,3,-1
Ventriculomegaly,64,0.8947368421052632,0.4361349651599927,label_id,0,availability,T1ax+T2ax+FLAIRsag,3,-1
Cerebellar degeneration,39,0.837492600554569,0.32243007009535873,label_id,0,availability,T1ax+T2ax+FLAIRsag,3,-1
Mega cisterna magna,22,0.5712121212121213,0.030109382661820748,label_id,0,availability,T1ax+T2ax+FLAIRsag,3,-1
Cerebral infarction,26,0.8432094221567905,0.3155050642669851,label_id,0,availability,T1ax+T2ax+FLAIRax,3,-1
Cerebral hemorrhage,20,0.8675771971496438,0.17126228039658653,label_id,0,availability,T1ax+T2ax+FLAIRax,3,-1
Gliosis,284,0.7253642965056777,0.5692231659542074,label_id,0,availability,T1ax+T2ax+FLAIRax,3,-1
Cerebral atrophy,102,0.9376418988648091,0.6965521496331566,label_id,0,availability,T1ax+T2ax+FLAIRax,3,-1
Arachnoid cyst,43,0.696112672856859,0.09169754523765032,label_id,0,availability,T1ax+T2ax+FLAIRax,3,-1
Empty sella syndrome,45,0.6255133958928328,0.0771948922535507,label_id,0,availability,T1ax+T2ax+FLAIRax,3,-1
Cyst of pineal gland,21,0.7407281580884434,0.07362051529508419,label_id,0,availability,T1ax+T2ax+FLAIRax,3,-1
Cerebral edema,43,0.9054717891927193,0.5068280604624015,label_id,0,availability,T1ax+T2ax+FLAIRax,3,-1
Mastoiditis,22,0.6689935064935064,0.06842313525781002,label_id,0,availability,T1ax+T2ax+FLAIRax,3,-1
Ventriculomegaly,64,0.8980850563909774,0.42697424226785463,label_id,0,availability,T1ax+T2ax+FLAIRax,3,-1
Cerebellar degeneration,39,0.854098513879802,0.2983752360446822,label_id,0,availability,T1ax+T2ax+FLAIRax,3,-1
Mega cisterna magna,22,0.6261363636363636,0.03550486178885627,label_id,0,availability,T1ax+T2ax+FLAIRax,3,-1
Cerebral infarction,26,0.8395748987854251,0.27872566787235903,label_id,0,availability,T2ax+FLAIRax+FLAIRsag+SWIax,4,-1
Cerebral hemorrhage,20,0.877375296912114,0.16517663003206906,label_id,0,availability,T2ax+FLAIRax+FLAIRsag+SWIax,4,-1
Gliosis,284,0.7271065841415274,0.5704839814170619,label_id,0,availability,T2ax+FLAIRax+FLAIRsag+SWIax,4,-1
Cerebral atrophy,102,0.939280185758514,0.7016261838052766,label_id,0,availability,T2ax+FLAIRax+FLAIRsag+SWIax,4,-1
Arachnoid cyst,43,0.6952040207854161,0.10029518149592218,label_id,0,availability,T2ax+FLAIRax+FLAIRsag+SWIax,4,-1
Empty sella syndrome,45,0.6302189582483341,0.07902682821096457,label_id,0,availability,T2ax+FLAIRax+FLAIRsag+SWIax,4,-1
Cyst of pineal gland,21,0.7488817167770794,0.06499877574466552,label_id,0,availability,T2ax+FLAIRax+FLAIRsag+SWIax,4,-1
Cerebral edema,43,0.9113212369026322,0.4815618863148618,label_id,0,availability,T2ax+FLAIRax+FLAIRsag+SWIax,4,-1
Mastoiditis,22,0.6801406926406927,0.06421400799419799,label_id,0,availability,T2ax+FLAIRax+FLAIRsag+SWIax,4,-1
Ventriculomegaly,64,0.8849663220551378,0.4235289859220989,label_id,0,availability,T2ax+FLAIRax+FLAIRsag+SWIax,4,-1
Cerebellar degeneration,39,0.8546281583948656,0.3127527703205163,label_id,0,availability,T2ax+FLAIRax+FLAIRsag+SWIax,4,-1
Mega cisterna magna,22,0.6067640692640692,0.03336917517827813,label_id,0,availability,T2ax+FLAIRax+FLAIRsag+SWIax,4,-1
Cerebral infarction,26,0.840172984909827,0.31264137478833115,label_id,0,availability,T1ax+FLAIRax+FLAIRsag+SWIax,4,-1
Cerebral hemorrhage,20,0.8752375296912114,0.16995029403348982,label_id,0,availability,T1ax+FLAIRax+FLAIRsag+SWIax,4,-1
Gliosis,284,0.7201374335981285,0.5741625200681663,label_id,0,availability,T1ax+FLAIRax+FLAIRsag+SWIax,4,-1
Cerebral atrophy,102,0.9378482972136222,0.7005172614227061,label_id,0,availability,T1ax+FLAIRax+FLAIRsag+SWIax,4,-1
Arachnoid cyst,43,0.6927904137206462,0.09328050364352819,label_id,0,availability,T1ax+FLAIRax+FLAIRsag+SWIax,4,-1
Empty sella syndrome,45,0.6264381884944921,0.07831467804706053,label_id,0,availability,T1ax+FLAIRax+FLAIRsag+SWIax,4,-1
Cyst of pineal gland,21,0.7436724987260064,0.06856024429923009,label_id,0,availability,T1ax+FLAIRax+FLAIRsag+SWIax,4,-1
Cerebral edema,43,0.9152114035834966,0.5113528984222463,label_id,0,availability,T1ax+FLAIRax+FLAIRsag+SWIax,4,-1
Mastoiditis,22,0.6852813852813853,0.06124160038830735,label_id,0,availability,T1ax+FLAIRax+FLAIRsag+SWIax,4,-1
Ventriculomegaly,64,0.8864348370927319,0.4249136125267021,label_id,0,availability,T1ax+FLAIRax+FLAIRsag+SWIax,4,-1
Cerebellar degeneration,39,0.853662336043867,0.31202274866982244,label_id,0,availability,T1ax+FLAIRax+FLAIRsag+SWIax,4,-1
Mega cisterna magna,22,0.5951298701298701,0.034195166190242196,label_id,0,availability,T1ax+FLAIRax+FLAIRsag+SWIax,4,-1
Cerebral infarction,26,0.847626058152374,0.28901864784011155,label_id,0,availability,T1ax+T2ax+FLAIRsag+SWIax,4,-1
Cerebral hemorrhage,20,0.8758313539192398,0.1717496575515377,label_id,0,availability,T1ax+T2ax+FLAIRsag+SWIax,4,-1
Gliosis,284,0.7288549636921877,0.5640914396711664,label_id,0,availability,T1ax+T2ax+FLAIRsag+SWIax,4,-1
Cerebral atrophy,102,0.9327012383900929,0.6839176999529106,label_id,0,availability,T1ax+T2ax+FLAIRsag+SWIax,4,-1
Arachnoid cyst,43,0.6893829684527358,0.09007935301759352,label_id,0,availability,T1ax+T2ax+FLAIRsag+SWIax,4,-1
Empty sella syndrome,45,0.6304637562899497,0.07989054376231586,label_id,0,availability,T1ax+T2ax+FLAIRsag+SWIax,4,-1
Cyst of pineal gland,21,0.7534680935394371,0.06646011512585226,label_id,0,availability,T1ax+T2ax+FLAIRsag+SWIax,4,-1
Cerebral edema,43,0.9055853707016497,0.4973288675531539,label_id,0,availability,T1ax+T2ax+FLAIRsag+SWIax,4,-1
Mastoiditis,22,0.6916125541125541,0.06544904555764035,label_id,0,availability,T1ax+T2ax+FLAIRsag+SWIax,4,-1
Ventriculomegaly,64,0.8900375939849624,0.4321942064404293,label_id,0,availability,T1ax+T2ax+FLAIRsag+SWIax,4,-1
Cerebellar degeneration,39,0.838676511823535,0.31587527000438365,label_id,0,availability,T1ax+T2ax+FLAIRsag+SWIax,4,-1
Mega cisterna magna,22,0.5845238095238096,0.031620905814710866,label_id,0,availability,T1ax+T2ax+FLAIRsag+SWIax,4,-1
Cerebral infarction,26,0.8432094221567905,0.30669387312343094,label_id,0,availability,T1ax+T2ax+FLAIRax+SWIax,4,-1
Cerebral hemorrhage,20,0.8734560570071259,0.16351613074544105,label_id,0,availability,T1ax+T2ax+FLAIRax+SWIax,4,-1
Gliosis,284,0.7259917637311759,0.5659267355026314,label_id,0,availability,T1ax+T2ax+FLAIRax+SWIax,4,-1
Cerebral atrophy,102,0.937422600619195,0.6947445174152586,label_id,0,availability,T1ax+T2ax+FLAIRax+SWIax,4,-1
Arachnoid cyst,43,0.6942101825822756,0.09272471560851245,label_id,0,availability,T1ax+T2ax+FLAIRax+SWIax,4,-1
Empty sella syndrome,45,0.6263021895824834,0.08098643119873106,label_id,0,availability,T1ax+T2ax+FLAIRax+SWIax,4,-1
Cyst of pineal gland,21,0.7442953400147218,0.074369271521175,label_id,0,availability,T1ax+T2ax+FLAIRax+SWIax,4,-1
Cerebral edema,43,0.9079989777664196,0.5167629587268807,label_id,0,availability,T1ax+T2ax+FLAIRax+SWIax,4,-1
Mastoiditis,22,0.6587121212121212,0.0698069549605257,label_id,0,availability,T1ax+T2ax+FLAIRax+SWIax,4,-1
Ventriculomegaly,64,0.8937774122807017,0.4215726608773242,label_id,0,availability,T1ax+T2ax+FLAIRax+SWIax,4,-1
Cerebellar degeneration,39,0.8543789139171886,0.30599104538891303,label_id,0,availability,T1ax+T2ax+FLAIRax+SWIax,4,-1
Mega cisterna magna,22,0.6317099567099568,0.037022022917513955,label_id,0,availability,T1ax+T2ax+FLAIRax+SWIax,4,-1
Cerebral infarction,26,0.8428873757821126,0.3131457340328757,label_id,0,availability,T1ax+T2ax+FLAIRax+FLAIRsag,4,-1
Cerebral hemorrhage,20,0.8712589073634204,0.1762978634030857,label_id,0,availability,T1ax+T2ax+FLAIRax+FLAIRsag,4,-1
Gliosis,284,0.72722233052293,0.5723627367231419,label_id,0,availability,T1ax+T2ax+FLAIRax+FLAIRsag,4,-1
Cerebral atrophy,102,0.9398219814241486,0.7085578333129873,label_id,0,availability,T1ax+T2ax+FLAIRax+FLAIRsag,4,-1
Arachnoid cyst,43,0.6980151631314423,0.09578749201570445,label_id,0,availability,T1ax+T2ax+FLAIRax+FLAIRsag,4,-1
Empty sella syndrome,45,0.6361213110295117,0.07851515235359834,label_id,0,availability,T1ax+T2ax+FLAIRax+FLAIRsag,4,-1
Cyst of pineal gland,21,0.750353887095861,0.06807229432070228,label_id,0,availability,T1ax+T2ax+FLAIRax+FLAIRsag,4,-1
Cerebral edema,43,0.9099582587954681,0.4824017362245743,label_id,0,availability,T1ax+T2ax+FLAIRax+FLAIRsag,4,-1
Mastoiditis,22,0.6949134199134199,0.06428600208309272,label_id,0,availability,T1ax+T2ax+FLAIRax+FLAIRsag,4,-1
Ventriculomegaly,64,0.8950892857142857,0.4328751875963576,label_id,0,availability,T1ax+T2ax+FLAIRax+FLAIRsag,4,-1
Cerebellar degeneration,39,0.8521357136180951,0.3062217856920957,label_id,0,availability,T1ax+T2ax+FLAIRax+FLAIRsag,4,-1
Mega cisterna magna,22,0.5910714285714286,0.031872271242555164,label_id,0,availability,T1ax+T2ax+FLAIRax+FLAIRsag,4,-1
Cerebral infarction,26,0.8436234817813766,0.3049429332716265,label_id,0,availability,T1ax+T2ax+FLAIRax+FLAIRsag+SWIax,5,-1
Cerebral hemorrhage,20,0.8755344418052255,0.16829906707594308,label_id,0,availability,T1ax+T2ax+FLAIRax+FLAIRsag+SWIax,5,-1
Gliosis,284,0.7271431356303912,0.5714310937138399,label_id,0,availability,T1ax+T2ax+FLAIRax+FLAIRsag+SWIax,5,-1
Cerebral atrophy,102,0.9394349845201239,0.7050674305055213,label_id,0,availability,T1ax+T2ax+FLAIRax+FLAIRsag+SWIax,5,-1
Arachnoid cyst,43,0.6945509271090665,0.09331050246800805,label_id,0,availability,T1ax+T2ax+FLAIRax+FLAIRsag+SWIax,5,-1
Empty sella syndrome,45,0.6313069495444036,0.07923249777238511,label_id,0,availability,T1ax+T2ax+FLAIRax+FLAIRsag+SWIax,5,-1
Cyst of pineal gland,21,0.7493346922597814,0.06958003874404277,label_id,0,availability,T1ax+T2ax+FLAIRax+FLAIRsag+SWIax,5,-1
Cerebral edema,43,0.9115200045432603,0.5064900049366193,label_id,0,availability,T1ax+T2ax+FLAIRax+FLAIRsag+SWIax,5,-1
Mastoiditis,22,0.6820887445887446,0.06441450729338885,label_id,0,availability,T1ax+T2ax+FLAIRax+FLAIRsag+SWIax,5,-1
Ventriculomegaly,64,0.8917998120300753,0.4276409309950464,label_id,0,availability,T1ax+T2ax+FLAIRax+FLAIRsag+SWIax,5,-1
Cerebellar degeneration,39,0.8525718914540299,0.31539833168296083,label_id,0,availability,T1ax+T2ax+FLAIRax+FLAIRsag+SWIax,5,-1
Mega cisterna magna,22,0.6009199134199135,0.033306618519179175,label_id,0,availability,T1ax+T2ax+FLAIRax+FLAIRsag+SWIax,5,-1
Cerebral infarction,26,0.8142252484357748,0.21871437609783909,label_id,0,budget,allinputs,1,1
Cerebral hemorrhage,20,0.8394893111638955,0.1326584147498608,label_id,0,budget,allinputs,1,1
Gliosis,284,0.7150385009016034,0.5406533117014217,label_id,0,budget,allinputs,1,1
Cerebral atrophy,102,0.9308565531475748,0.687365518361279,label_id,0,budget,allinputs,1,1
Arachnoid cyst,43,0.6887866655308515,0.13727560843995754,label_id,0,budget,allinputs,1,1
Empty sella syndrome,45,0.5909424724602202,0.06548187007623421,label_id,0,budget,allinputs,1,1
Cyst of pineal gland,21,0.7337636600419003,0.06784741765786244,label_id,0,budget,allinputs,1,1
Cerebral edema,43,0.9041939972172529,0.435639884216374,label_id,0,budget,allinputs,1,1
Mastoiditis,22,0.6840367965367965,0.056153125009419776,label_id,0,budget,allinputs,1,1
Ventriculomegaly,64,0.8744321741854637,0.3849182238166475,label_id,0,budget,allinputs,1,1
Cerebellar degeneration,39,0.8679938935102969,0.283559173684855,label_id,0,budget,allinputs,1,1
Mega cisterna magna,22,0.6703463203463204,0.04766275476843402,label_id,0,budget,allinputs,1,1
Cerebral infarction,26,0.8412771439087229,0.3048132667306285,label_id,0,budget,allinputs,2,2
Cerebral hemorrhage,20,0.8711401425178148,0.16478644720235985,label_id,0,budget,allinputs,2,2
Gliosis,284,0.7234453433403187,0.5679263582738812,label_id,0,budget,allinputs,2,2
Cerebral atrophy,102,0.9375257997936017,0.6995451888617139,label_id,0,budget,allinputs,2,2
Arachnoid cyst,43,0.6964818127608825,0.09349008564898417,label_id,0,budget,allinputs,2,2
Empty sella syndrome,45,0.6175982592139263,0.07623790789194296,label_id,0,budget,allinputs,2,2
Cyst of pineal gland,21,0.7347262329426419,0.08339182209378418,label_id,0,budget,allinputs,2,2
Cerebral edema,43,0.9199818269585711,0.5110768295111561,label_id,0,budget,allinputs,2,2
Mastoiditis,22,0.6957792207792208,0.06410459293802237,label_id,0,budget,allinputs,2,2
Ventriculomegaly,64,0.8927005012531328,0.39475380543226984,label_id,0,budget,allinputs,2,2
Cerebellar degeneration,39,0.8540050472006729,0.2760168608989186,label_id,0,budget,allinputs,2,2
Mega cisterna magna,22,0.6330627705627705,0.03681617652437263,label_id,0,budget,allinputs,2,2
Cerebral infarction,26,0.847304011777696,0.30144593260751174,label_id,0,budget,allinputs,3,3
Cerebral hemorrhage,20,0.8786817102137766,0.1799074402282749,label_id,0,budget,allinputs,3,3
Gliosis,284,0.7303413909059895,0.5738283657649719,label_id,0,budget,allinputs,3,3
Cerebral atrophy,102,0.9386867905056759,0.7095014695766477,label_id,0,budget,allinputs,3,3
Arachnoid cyst,43,0.6947496947496948,0.10081761197373354,label_id,0,budget,allinputs,3,3
Empty sella syndrome,45,0.6339453284373726,0.0801474741285757,label_id,0,budget,allinputs,3,3
Cyst of pineal gland,21,0.7511465941905894,0.08591676647755155,label_id,0,budget,allinputs,3,3
Cerebral edema,43,0.9226509924184343,0.5343459825901499,label_id,0,budget,allinputs,3,3
Mastoiditis,22,0.6956168831168831,0.06694721490399802,label_id,0,budget,allinputs,3,3
Ventriculomegaly,64,0.8910166040100251,0.4270245697801857,label_id,0,budget,allinputs,3,3
Cerebellar degeneration,39,0.8501729133563883,0.29952689607127886,label_id,0,budget,allinputs,3,3
Mega cisterna magna,22,0.6091450216450216,0.033162464746732644,label_id,0,budget,allinputs,3,3
Cerebral infarction,26,0.8424733161575266,0.2998862715167527,label_id,0,budget,allinputs,4,4
Cerebral hemorrhage,20,0.8862232779097388,0.1724147168158534,label_id,0,budget,allinputs,4,4
Gliosis,284,0.7279838198742629,0.5772894585005005,label_id,0,budget,allinputs,4,4
Cerebral atrophy,102,0.9377579979360164,0.7047859041557135,label_id,0,budget,allinputs,4,4
Arachnoid cyst,43,0.6932731351336002,0.0893911981849842,label_id,0,budget,allinputs,4,4
Empty sella syndrome,45,0.6313341493268054,0.0786664806905765,label_id,0,budget,allinputs,4,4
Cyst of pineal gland,21,0.7480890096823508,0.06993430191133171,label_id,0,budget,allinputs,4,4
Cerebral edema,43,0.9151546128290314,0.5142236276754311,label_id,0,budget,allinputs,4,4
Mastoiditis,22,0.6912878787878788,0.06783937715658457,label_id,0,budget,allinputs,4,4
Ventriculomegaly,64,0.8926613408521303,0.43553027888354773,label_id,0,budget,allinputs,4,4
Cerebellar degeneration,39,0.8528211359317069,0.3214759467308994,label_id,0,budget,allinputs,4,4
Mega cisterna magna,22,0.6180194805194805,0.034574615950511756,label_id,0,budget,allinputs,4,4
Cerebral infarction,26,0.8429333824070666,0.29636062146034164,label_id,0,budget,allinputs,5,5
Cerebral hemorrhage,20,0.8777315914489311,0.17555218825176147,label_id,0,budget,allinputs,5,5
Gliosis,284,0.725991763731176,0.5703333372532262,label_id,0,budget,allinputs,5,5
Cerebral atrophy,102,0.9344943240454077,0.6838371423710196,label_id,0,budget,allinputs,5,5
Arachnoid cyst,43,0.6939546241871823,0.09023558091079698,label_id,0,budget,allinputs,5,5
Empty sella syndrome,45,0.6381612947096422,0.08136764349542239,label_id,0,budget,allinputs,5,5
Cyst of pineal gland,21,0.7516561916086292,0.06962332771571923,label_id,0,budget,allinputs,5,5
Cerebral edema,43,0.9089928159695603,0.502324595644965,label_id,0,budget,allinputs,5,5
Mastoiditis,22,0.6725108225108225,0.06726570502233192,label_id,0,budget,allinputs,5,5
Ventriculomegaly,64,0.8907229010025062,0.438673745100117,label_id,0,budget,allinputs,5,5
Cerebellar degeneration,39,0.8477427796990372,0.3096760828680064,label_id,0,budget,allinputs,5,5
Mega cisterna magna,22,0.602922077922078,0.03329247761349423,label_id,0,budget,allinputs,5,5
Cerebral infarction,26,0.8052539565697461,0.14024317690574437,queryseq,0,availability,SWIax,1,-1
Cerebral hemorrhage,20,0.8760688836104513,0.15174878101704806,queryseq,0,availability,SWIax,1,-1
Gliosis,284,0.6909023344217555,0.509557911742899,queryseq,0,availability,SWIax,1,-1
Cerebral atrophy,102,0.8396929824561402,0.4073132491424799,queryseq,0,availability,SWIax,1,-1
Arachnoid cyst,43,0.678734701990516,0.08028586762719506,queryseq,0,availability,SWIax,1,-1
Empty sella syndrome,45,0.6170270637834897,0.1097849794936992,queryseq,0,availability,SWIax,1,-1
Cyst of pineal gland,21,0.7646792367363117,0.06484804698382762,queryseq,0,availability,SWIax,1,-1
Cerebral edema,43,0.8976914558309907,0.4464770574776764,queryseq,0,availability,SWIax,1,-1
Mastoiditis,22,0.6311688311688313,0.04341449597510223,queryseq,0,availability,SWIax,1,-1
Ventriculomegaly,64,0.8376605576441103,0.3259943968813848,queryseq,0,availability,SWIax,1,-1
Cerebellar degeneration,39,0.7822537931893946,0.12685116185754436,queryseq,0,availability,SWIax,1,-1
Mega cisterna magna,22,0.601948051948052,0.043117582743352076,queryseq,0,availability,SWIax,1,-1
Cerebral infarction,26,0.8137191755612809,0.22685901553590676,queryseq,0,availability,FLAIRsag,1,-1
Cerebral hemorrhage,20,0.8540380047505938,0.178634782236004,queryseq,0,availability,FLAIRsag,1,-1
Gliosis,284,0.7078378575953994,0.5481093812325702,queryseq,0,availability,FLAIRsag,1,-1
Cerebral atrophy,102,0.9106037151702787,0.6730959656214852,queryseq,0,availability,FLAIRsag,1,-1
Arachnoid cyst,43,0.6854360110174064,0.10975516788492051,queryseq,0,availability,FLAIRsag,1,-1
Empty sella syndrome,45,0.6357949136406909,0.07850386518867011,queryseq,0,availability,FLAIRsag,1,-1
Cyst of pineal gland,21,0.7438423645320197,0.05486486010836798,queryseq,0,availability,FLAIRsag,1,-1
Cerebral edema,43,0.8899395178464946,0.4098644388441195,queryseq,0,availability,FLAIRsag,1,-1
Mastoiditis,22,0.7037337662337662,0.05351290518206369,queryseq,0,availability,FLAIRsag,1,-1
Ventriculomegaly,64,0.8661301691729323,0.3995726518195593,queryseq,0,availability,FLAIRsag,1,-1
Cerebellar degeneration,39,0.7975200174471134,0.24327209866546298,queryseq,0,availability,FLAIRsag,1,-1
Mega cisterna magna,22,0.5091991341991342,0.036726990370460025,queryseq,0,availability,FLAIRsag,1,-1
Cerebral infarction,26,0.8291313949208686,0.3176782626019388,queryseq,0,availability,FLAIRax,1,-1
Cerebral hemorrhage,20,0.8656175771971497,0.15767823219970645,queryseq,0,availability,FLAIRax,1,-1
Gliosis,284,0.7073565963253571,0.5731940497279031,queryseq,0,availability,FLAIRax,1,-1
Cerebral atrophy,102,0.9348684210526317,0.7096010793956326,queryseq,0,availability,FLAIRax,1,-1
Arachnoid cyst,43,0.7270352386631457,0.11772030653408465,queryseq,0,availability,FLAIRax,1,-1
Empty sella syndrome,45,0.635686114511084,0.08266654712455551,queryseq,0,availability,FLAIRax,1,-1
Cyst of pineal gland,21,0.7412377555064833,0.06328673323192335,queryseq,0,availability,FLAIRax,1,-1
Cerebral edema,43,0.9156941249964506,0.5445768550551988,queryseq,0,availability,FLAIRax,1,-1
Mastoiditis,22,0.6695887445887446,0.052903732711596624,queryseq,0,availability,FLAIRax,1,-1
Ventriculomegaly,64,0.8892152255639096,0.4100824523068983,queryseq,0,availability,FLAIRax,1,-1
Cerebellar degeneration,39,0.8600180702246316,0.2856813121133245,queryseq,0,availability,FLAIRax,1,-1
Mega cisterna magna,22,0.6830627705627705,0.0479899936443977,queryseq,0,availability,FLAIRax,1,-1
Cerebral infarction,26,0.8459238130290763,0.22562186849350102,queryseq,0,availability,T2ax,1,-1
Cerebral hemorrhage,20,0.8434085510688836,0.149031879524068,queryseq,0,availability,T2ax,1,-1
Gliosis,284,0.722281787611482,0.5480314141780311,queryseq,0,availability,T2ax,1,-1
Cerebral atrophy,102,0.9173503611971104,0.648778165808507,queryseq,0,availability,T2ax,1,-1
Arachnoid cyst,43,0.7060226595110316,0.10161478597094387,queryseq,0,availability,T2ax,1,-1
Empty sella syndrome,45,0.6445804433564531,0.099869955178573,queryseq,0,availability,T2ax,1,-1
Cyst of pineal gland,21,0.7587905554611857,0.055814927072523134,queryseq,0,availability,T2ax,1,-1
Cerebral edema,43,0.8617713036317688,0.34039830893935785,queryseq,0,availability,T2ax,1,-1
Mastoiditis,22,0.6621753246753247,0.047523866868787235,queryseq,0,availability,T2ax,1,-1
Ventriculomegaly,64,0.8871593045112782,0.3958132286506213,queryseq,0,availability,T2ax,1,-1
Cerebellar degeneration,39,0.8297037106271614,0.2945184329888631,queryseq,0,availability,T2ax,1,-1
Mega cisterna magna,22,0.6060606060606061,0.03326003152301423,queryseq,0,availability,T2ax,1,-1
Cerebral infarction,26,0.8426573426573427,0.30446796533141113,queryseq,0,availability,T1ax,1,-1
Cerebral hemorrhage,20,0.8448337292161521,0.17587311177993065,queryseq,0,availability,T1ax,1,-1
Gliosis,284,0.6972562015692773,0.5376129027726095,queryseq,0,availability,T1ax,1,-1
Cerebral atrophy,102,0.8896542827657379,0.5993908301864587,queryseq,0,availability,T1ax,1,-1
Arachnoid cyst,43,0.6733111849390919,0.08695627156665911,queryseq,0,availability,T1ax,1,-1
Empty sella syndrome,45,0.6246430028559773,0.07954404371402751,queryseq,0,availability,T1ax,1,-1
Cyst of pineal gland,21,0.727025649736708,0.06307489538348764,queryseq,0,availability,T1ax,1,-1
Cerebral edema,43,0.8769912258284351,0.46335533196204526,queryseq,0,availability,T1ax,1,-1
Mastoiditis,22,0.6759199134199134,0.045930940410606046,queryseq,0,availability,T1ax,1,-1
Ventriculomegaly,64,0.8711622807017545,0.3678717703653111,queryseq,0,availability,T1ax,1,-1
Cerebellar degeneration,39,0.8071159298376797,0.2288910519805814,queryseq,0,availability,T1ax,1,-1
Mega cisterna magna,22,0.5573593073593074,0.03434141353542157,queryseq,0,availability,T1ax,1,-1
Cerebral infarction,26,0.8225524475524476,0.2382993382497764,queryseq,0,availability,FLAIRsag+SWIax,2,-1
Cerebral hemorrhage,20,0.8764845605700713,0.16790094050628218,queryseq,0,availability,FLAIRsag+SWIax,2,-1
Gliosis,284,0.7045360397680199,0.5438322475133096,queryseq,0,availability,FLAIRsag+SWIax,2,-1
Cerebral atrophy,102,0.9105650154798761,0.6504052846493497,queryseq,0,availability,FLAIRsag+SWIax,2,-1
Arachnoid cyst,43,0.6827100548030781,0.08184043100359427,queryseq,0,availability,FLAIRsag+SWIax,2,-1
Empty sella syndrome,45,0.6261117911056712,0.08125533485861106,queryseq,0,availability,FLAIRsag+SWIax,2,-1
Cyst of pineal gland,21,0.7711341373648151,0.067909742231813,queryseq,0,availability,FLAIRsag+SWIax,2,-1
Cerebral edema,43,0.910242212567794,0.4649236960469587,queryseq,0,availability,FLAIRsag+SWIax,2,-1
Mastoiditis,22,0.6692099567099568,0.05060871232118111,queryseq,0,availability,FLAIRsag+SWIax,2,-1
Ventriculomegaly,64,0.8675203634085212,0.38284925337716524,queryseq,0,availability,FLAIRsag+SWIax,2,-1
Cerebellar degeneration,39,0.8134093528990248,0.24713315865436922,queryseq,0,availability,FLAIRsag+SWIax,2,-1
Mega cisterna magna,22,0.5700216450216451,0.03895531150070405,queryseq,0,availability,FLAIRsag+SWIax,2,-1
Cerebral infarction,26,0.8338240706661759,0.31821817214387865,queryseq,0,availability,FLAIRax+SWIax,2,-1
Cerebral hemorrhage,20,0.8739904988123515,0.15378337604910755,queryseq,0,availability,FLAIRax+SWIax,2,-1
Gliosis,284,0.7127905843364685,0.5663145308311708,queryseq,0,availability,FLAIRax+SWIax,2,-1
Cerebral atrophy,102,0.9331914344685243,0.7078703297997472,queryseq,0,availability,FLAIRax+SWIax,2,-1
Arachnoid cyst,43,0.7013090268904222,0.08648680046263771,queryseq,0,availability,FLAIRax+SWIax,2,-1
Empty sella syndrome,45,0.6307357541139671,0.11152249449269645,queryseq,0,availability,FLAIRax+SWIax,2,-1
Cyst of pineal gland,21,0.7680199309212388,0.07252038997761864,queryseq,0,availability,FLAIRax+SWIax,2,-1
Cerebral edema,43,0.9180793366839878,0.5111052114914791,queryseq,0,availability,FLAIRax+SWIax,2,-1
Mastoiditis,22,0.6547619047619048,0.05366834139817889,queryseq,0,availability,FLAIRax+SWIax,2,-1
Ventriculomegaly,64,0.8880795739348372,0.4033288311657407,queryseq,0,availability,FLAIRax+SWIax,2,-1
Cerebellar degeneration,39,0.8603607813814375,0.28657526029562574,queryseq,0,availability,FLAIRax+SWIax,2,-1
Mega cisterna magna,22,0.6432900432900432,0.05510971968638908,queryseq,0,availability,FLAIRax+SWIax,2,-1
Cerebral infarction,26,0.8323518586676482,0.2963498195647182,queryseq,0,availability,FLAIRax+FLAIRsag,2,-1
Cerebral hemorrhage,20,0.870249406175772,0.17587452395761974,queryseq,0,availability,FLAIRax+FLAIRsag,2,-1
Gliosis,284,0.713868853257956,0.5755271180248489,queryseq,0,availability,FLAIRax+FLAIRsag,2,-1
Cerebral atrophy,102,0.938390092879257,0.7303080121185095,queryseq,0,availability,FLAIRax+FLAIRsag,2,-1
Arachnoid cyst,43,0.7167561121049493,0.13628026296284357,queryseq,0,availability,FLAIRax+FLAIRsag,2,-1
Empty sella syndrome,45,0.6372909016727866,0.07817931125097848,queryseq,0,availability,FLAIRax+FLAIRsag,2,-1
Cyst of pineal gland,21,0.7526753864447087,0.060819044952102136,queryseq,0,availability,FLAIRax+FLAIRsag,2,-1
Cerebral edema,43,0.9142743561348213,0.5131006348819515,queryseq,0,availability,FLAIRax+FLAIRsag,2,-1
Mastoiditis,22,0.6821969696969696,0.054942877709418955,queryseq,0,availability,FLAIRax+FLAIRsag,2,-1
Ventriculomegaly,64,0.8890977443609023,0.41896429263405605,queryseq,0,availability,FLAIRax+FLAIRsag,2,-1
Cerebellar degeneration,39,0.8509206467894196,0.29640008015173064,queryseq,0,availability,FLAIRax+FLAIRsag,2,-1
Mega cisterna magna,22,0.6175865800865801,0.036454831733766006,queryseq,0,availability,FLAIRax+FLAIRsag,2,-1
Cerebral infarction,26,0.8462918660287081,0.22244165202302327,queryseq,0,availability,T2ax+SWIax,2,-1
Cerebral hemorrhage,20,0.8592636579572446,0.15851094211051617,queryseq,0,availability,T2ax+SWIax,2,-1
Gliosis,284,0.7221904088893221,0.5429253942686659,queryseq,0,availability,T2ax+SWIax,2,-1
Cerebral atrophy,102,0.9187822497420021,0.6421879089393042,queryseq,0,availability,T2ax+SWIax,2,-1
Arachnoid cyst,43,0.7015929806627481,0.0872538692673752,queryseq,0,availability,T2ax+SWIax,2,-1
Empty sella syndrome,45,0.6346797225622195,0.09724010833468769,queryseq,0,availability,T2ax+SWIax,2,-1
Cyst of pineal gland,21,0.7860257063586433,0.07088448367247734,queryseq,0,availability,T2ax+SWIax,2,-1
Cerebral edema,43,0.8864184910696538,0.4181936019470595,queryseq,0,availability,T2ax+SWIax,2,-1
Mastoiditis,22,0.648051948051948,0.048644237645598935,queryseq,0,availability,T2ax+SWIax,2,-1
Ventriculomegaly,64,0.8858474310776943,0.4037762106134193,queryseq,0,availability,T2ax+SWIax,2,-1
Cerebellar degeneration,39,0.8310433996946757,0.2794737463685329,queryseq,0,availability,T2ax+SWIax,2,-1
Mega cisterna magna,22,0.6150432900432901,0.038386099291533235,queryseq,0,availability,T2ax+SWIax,2,-1
Cerebral infarction,26,0.8487302171512698,0.2688042473805669,queryseq,0,availability,T2ax+FLAIRsag,2,-1
Cerebral hemorrhage,20,0.870605700712589,0.1742049753036428,queryseq,0,availability,T2ax+FLAIRsag,2,-1
Gliosis,284,0.7252119986354111,0.5555046146709269,queryseq,0,availability,T2ax+FLAIRsag,2,-1
Cerebral atrophy,102,0.930701754385965,0.6898643595703228,queryseq,0,availability,T2ax+FLAIRsag,2,-1
Arachnoid cyst,43,0.7010818638725616,0.11495588005813046,queryseq,0,availability,T2ax+FLAIRsag,2,-1
Empty sella syndrome,45,0.6511627906976745,0.09023997065118063,queryseq,0,availability,T2ax+FLAIRsag,2,-1
Cyst of pineal gland,21,0.7557329709529471,0.05577125189409934,queryseq,0,availability,T2ax+FLAIRsag,2,-1
Cerebral edema,43,0.897606269699293,0.4462385889926642,queryseq,0,availability,T2ax+FLAIRsag,2,-1
Mastoiditis,22,0.6869047619047619,0.052236705442572876,queryseq,0,availability,T2ax+FLAIRsag,2,-1
Ventriculomegaly,64,0.8918193922305764,0.42395817071543385,queryseq,0,availability,T2ax+FLAIRsag,2,-1
Cerebellar degeneration,39,0.8345328223821541,0.2878861995765402,queryseq,0,availability,T2ax+FLAIRsag,2,-1
Mega cisterna magna,22,0.5817640692640692,0.03139869913709342,queryseq,0,availability,T2ax+FLAIRsag,2,-1
Cerebral infarction,26,0.8425653294074347,0.33204481348565873,queryseq,0,availability,T2ax+FLAIRax,2,-1
Cerebral hemorrhage,20,0.8601543942992874,0.14905298381879017,queryseq,0,availability,T2ax+FLAIRax,2,-1
Gliosis,284,0.7216604123007944,0.5622320609952686,queryseq,0,availability,T2ax+FLAIRax,2,-1
Cerebral atrophy,102,0.9369969040247679,0.7064014711651206,queryseq,0,availability,T2ax+FLAIRax,2,-1
Arachnoid cyst,43,0.717324019649601,0.10711931766472252,queryseq,0,availability,T2ax+FLAIRax,2,-1
Empty sella syndrome,45,0.6434108527131783,0.0871596860964206,queryseq,0,availability,T2ax+FLAIRax,2,-1
Cyst of pineal gland,21,0.7663212728611064,0.06503656457407153,queryseq,0,availability,T2ax+FLAIRax,2,-1
Cerebral edema,43,0.9045631371212767,0.5160122436742537,queryseq,0,availability,T2ax+FLAIRax,2,-1
Mastoiditis,22,0.6746212121212122,0.051469479730297876,queryseq,0,availability,T2ax+FLAIRax,2,-1
Ventriculomegaly,64,0.8970864661654135,0.42177561121836943,queryseq,0,availability,T2ax+FLAIRax,2,-1
Cerebellar degeneration,39,0.8510764245879677,0.2815476972453726,queryseq,0,availability,T2ax+FLAIRax,2,-1
Mega cisterna magna,22,0.6380952380952382,0.03712211086634451,queryseq,0,availability,T2ax+FLAIRax,2,-1
Cerebral infarction,26,0.8429333824070666,0.21372999808770013,queryseq,0,availability,T1ax+SWIax,2,-1
Cerebral hemorrhage,20,0.8673396674584324,0.1644437384692251,queryseq,0,availability,T1ax+SWIax,2,-1
Gliosis,284,0.707393147814221,0.5408071717348101,queryseq,0,availability,T1ax+SWIax,2,-1
Cerebral atrophy,102,0.8979747162022704,0.5927431770610239,queryseq,0,availability,T1ax+SWIax,2,-1
Arachnoid cyst,43,0.6808359599057273,0.08164938119696491,queryseq,0,availability,T1ax+SWIax,2,-1
Empty sella syndrome,45,0.6181694546443628,0.08692579344947696,queryseq,0,availability,T1ax+SWIax,2,-1
Cyst of pineal gland,21,0.7603759696506426,0.0771738577046912,queryseq,0,availability,T1ax+SWIax,2,-1
Cerebral edema,43,0.9003038305363886,0.5175707341287898,queryseq,0,availability,T1ax+SWIax,2,-1
Mastoiditis,22,0.6526515151515151,0.04325320958612071,queryseq,0,availability,T1ax+SWIax,2,-1
Ventriculomegaly,64,0.8749608395989975,0.3838693637938931,queryseq,0,availability,T1ax+SWIax,2,-1
Cerebellar degeneration,39,0.8234414431255257,0.21617063364603417,queryseq,0,availability,T1ax+SWIax,2,-1
Mega cisterna magna,22,0.589556277056277,0.03954104905376137,queryseq,0,availability,T1ax+SWIax,2,-1
Cerebral infarction,26,0.8362624217887376,0.28245232112012886,queryseq,0,availability,T1ax+FLAIRsag,2,-1
Cerebral hemorrhage,20,0.8606294536817102,0.1851833568981754,queryseq,0,availability,T1ax+FLAIRsag,2,-1
Gliosis,284,0.7073444124957358,0.5647320443708317,queryseq,0,availability,T1ax+FLAIRsag,2,-1
Cerebral atrophy,102,0.9197626418988649,0.690464917469304,queryseq,0,availability,T1ax+FLAIRsag,2,-1
Arachnoid cyst,43,0.6848681034727546,0.13666082634738985,queryseq,0,availability,T1ax+FLAIRsag,2,-1
Empty sella syndrome,45,0.6474364205086358,0.08282210671486881,queryseq,0,availability,T1ax+FLAIRsag,2,-1
Cyst of pineal gland,21,0.7378970613215559,0.061997980808450315,queryseq,0,availability,T1ax+FLAIRsag,2,-1
Cerebral edema,43,0.9032001590141125,0.4984962774292007,queryseq,0,availability,T1ax+FLAIRsag,2,-1
Mastoiditis,22,0.6991341991341992,0.052047128298422264,queryseq,0,availability,T1ax+FLAIRsag,2,-1
Ventriculomegaly,64,0.8774083646616542,0.3974150947884815,queryseq,0,availability,T1ax+FLAIRsag,2,-1
Cerebellar degeneration,39,0.8173037978627287,0.29616615963571746,queryseq,0,availability,T1ax+FLAIRsag,2,-1
Mega cisterna magna,22,0.5478354978354978,0.047539597387384114,queryseq,0,availability,T1ax+FLAIRsag,2,-1
Cerebral infarction,26,0.8383327199116672,0.3267417118678324,queryseq,0,availability,T1ax+FLAIRax,2,-1
Cerebral hemorrhage,20,0.8586104513064132,0.157828747944054,queryseq,0,availability,T1ax+FLAIRax,2,-1
Gliosis,284,0.7101893367123154,0.5702998512363828,queryseq,0,availability,T1ax+FLAIRax,2,-1
Cerebral atrophy,102,0.9321207430340558,0.7070870542498058,queryseq,0,availability,T1ax+FLAIRax,2,-1
Arachnoid cyst,43,0.7060794502654968,0.10977012743187425,queryseq,0,availability,T1ax+FLAIRax,2,-1
Empty sella syndrome,45,0.6316605467156262,0.07778949281959613,queryseq,0,availability,T1ax+FLAIRax,2,-1
Cyst of pineal gland,21,0.7352358303606817,0.06400481854659221,queryseq,0,availability,T1ax+FLAIRax,2,-1
Cerebral edema,43,0.9135928670812392,0.5623334892716055,queryseq,0,availability,T1ax+FLAIRax,2,-1
Mastoiditis,22,0.6759199134199133,0.055273268171985815,queryseq,0,availability,T1ax+FLAIRax,2,-1
Ventriculomegaly,64,0.8923872180451128,0.41142586235925915,queryseq,0,availability,T1ax+FLAIRax,2,-1
Cerebellar degeneration,39,0.8537869582827056,0.28296424852890445,queryseq,0,availability,T1ax+FLAIRax,2,-1
Mega cisterna magna,22,0.6357683982683983,0.041588672720362416,queryseq,0,availability,T1ax+FLAIRax,2,-1
Cerebral infarction,26,0.8594037541405963,0.2755301114613717,queryseq,0,availability,T1ax+T2ax,2,-1
Cerebral hemorrhage,20,0.8557007125890737,0.1776350490173092,queryseq,0,availability,T1ax+T2ax,2,-1
Gliosis,284,0.7235062624884253,0.5576805176647675,queryseq,0,availability,T1ax+T2ax,2,-1
Cerebral atrophy,102,0.922561919504644,0.6592951061426182,queryseq,0,availability,T1ax+T2ax,2,-1
Arachnoid cyst,43,0.7026436096203539,0.09910693873463437,queryseq,0,availability,T1ax+T2ax,2,-1
Empty sella syndrome,45,0.643030055759554,0.0940689800471331,queryseq,0,availability,T1ax+T2ax,2,-1
Cyst of pineal gland,21,0.7633769322235434,0.06384324453468061,queryseq,0,availability,T1ax+T2ax,2,-1
Cerebral edema,43,0.8852258852258852,0.4680184076378555,queryseq,0,availability,T1ax+T2ax,2,-1
Mastoiditis,22,0.6771103896103896,0.049277992895522094,queryseq,0,availability,T1ax+T2ax,2,-1
Ventriculomegaly,64,0.8926613408521303,0.41663407992666157,queryseq,0,availability,T1ax+T2ax,2,-1
Cerebellar degeneration,39,0.8341589556656385,0.29869231898873444,queryseq,0,availability,T1ax+T2ax,2,-1
Mega cisterna magna,22,0.5876623376623377,0.032101147494734014,queryseq,0,availability,T1ax+T2ax,2,-1
Cerebral infarction,26,0.8350202429149798,0.29212217403389396,queryseq,0,availability,FLAIRax+FLAIRsag+SWIax,3,-1
Cerebral hemorrhage,20,0.8780285035629454,0.16849175273741657,queryseq,0,availability,FLAIRax+FLAIRsag+SWIax,3,-1
Gliosis,284,0.7158487255714217,0.5704628512242998,queryseq,0,availability,FLAIRax+FLAIRsag+SWIax,3,-1
Cerebral atrophy,102,0.9364680082559339,0.7211831246121558,queryseq,0,availability,FLAIRax+FLAIRsag+SWIax,3,-1
Arachnoid cyst,43,0.6971916971916972,0.08672408890705939,queryseq,0,availability,FLAIRax+FLAIRsag+SWIax,3,-1
Empty sella syndrome,45,0.6323949408404733,0.08197223966966284,queryseq,0,availability,FLAIRax+FLAIRsag+SWIax,3,-1
Cyst of pineal gland,21,0.7701149425287356,0.07027550738678023,queryseq,0,availability,FLAIRax+FLAIRsag+SWIax,3,-1
Cerebral edema,43,0.9171422892353125,0.5049384141984915,queryseq,0,availability,FLAIRax+FLAIRsag+SWIax,3,-1
Mastoiditis,22,0.6676948051948052,0.054921944910488005,queryseq,0,availability,FLAIRax+FLAIRsag+SWIax,3,-1
Ventriculomegaly,64,0.8875117481203008,0.41068724731749995,queryseq,0,availability,FLAIRax+FLAIRsag+SWIax,3,-1
Cerebellar degeneration,39,0.8526965136928685,0.3018395806167497,queryseq,0,availability,FLAIRax+FLAIRsag+SWIax,3,-1
Mega cisterna magna,22,0.6098484848484849,0.056745281252663746,queryseq,0,availability,FLAIRax+FLAIRsag+SWIax,3,-1
Cerebral infarction,26,0.8455097534044903,0.2593710743559185,queryseq,0,availability,T2ax+FLAIRsag+SWIax,3,-1
Cerebral hemorrhage,20,0.87541567695962,0.16618084210633807,queryseq,0,availability,T2ax+FLAIRsag+SWIax,3,-1
Gliosis,284,0.7243895901359716,0.5551810431832055,queryseq,0,availability,T2ax+FLAIRsag+SWIax,3,-1
Cerebral atrophy,102,0.9294246646026831,0.6794295460467503,queryseq,0,availability,T2ax+FLAIRsag+SWIax,3,-1
Arachnoid cyst,43,0.6980151631314422,0.08654920987725144,queryseq,0,availability,T2ax+FLAIRsag+SWIax,3,-1
Empty sella syndrome,45,0.6378892968856249,0.08433553668110874,queryseq,0,availability,T2ax+FLAIRsag+SWIax,3,-1
Cyst of pineal gland,21,0.7848932676518884,0.07019124734793027,queryseq,0,availability,T2ax+FLAIRsag+SWIax,3,-1
Cerebral edema,43,0.9041656018400205,0.4720098690938837,queryseq,0,availability,T2ax+FLAIRsag+SWIax,3,-1
Mastoiditis,22,0.6668831168831169,0.05149758661698972,queryseq,0,availability,T2ax+FLAIRsag+SWIax,3,-1
Ventriculomegaly,64,0.8888236215538847,0.4134698945192799,queryseq,0,availability,T2ax+FLAIRsag+SWIax,3,-1
Cerebellar degeneration,39,0.8336604667102845,0.2793490527508031,queryseq,0,availability,T2ax+FLAIRsag+SWIax,3,-1
Mega cisterna magna,22,0.5919372294372295,0.036462619189382484,queryseq,0,availability,T2ax+FLAIRsag+SWIax,3,-1
Cerebral infarction,26,0.8429793890320205,0.32290897713319944,queryseq,0,availability,T2ax+FLAIRax+SWIax,3,-1
Cerebral hemorrhage,20,0.8665083135391924,0.14972840304316132,queryseq,0,availability,T2ax+FLAIRax+SWIax,3,-1
Gliosis,284,0.7226107510112578,0.5635772852244743,queryseq,0,availability,T2ax+FLAIRax+SWIax,3,-1
Cerebral atrophy,102,0.9354747162022704,0.706622473420117,queryseq,0,availability,T2ax+FLAIRax+SWIax,3,-1
Arachnoid cyst,43,0.7093733140244769,0.09140398815649316,queryseq,0,availability,T2ax+FLAIRax+SWIax,3,-1
Empty sella syndrome,45,0.6372637018903848,0.09594561189801393,queryseq,0,availability,T2ax+FLAIRax+SWIax,3,-1
Cyst of pineal gland,21,0.7821754147556763,0.07382737900393575,queryseq,0,availability,T2ax+FLAIRax+SWIax,3,-1
Cerebral edema,43,0.9069767441860465,0.49084131234826955,queryseq,0,availability,T2ax+FLAIRax+SWIax,3,-1
Mastoiditis,22,0.6601190476190476,0.052345525577073455,queryseq,0,availability,T2ax+FLAIRax+SWIax,3,-1
Ventriculomegaly,64,0.8938557330827067,0.40887697161747166,queryseq,0,availability,T2ax+FLAIRax+SWIax,3,-1
Cerebellar degeneration,39,0.85088949122971,0.28720099160097595,queryseq,0,availability,T2ax+FLAIRax+SWIax,3,-1
Mega cisterna magna,22,0.6321969696969697,0.04293151440690203,queryseq,0,availability,T2ax+FLAIRax+SWIax,3,-1
Cerebral infarction,26,0.8444516010305484,0.3136103273860752,queryseq,0,availability,T2ax+FLAIRax+FLAIRsag,3,-1
Cerebral hemorrhage,20,0.8712589073634205,0.1688057817900804,queryseq,0,availability,T2ax+FLAIRax+FLAIRsag,3,-1
Gliosis,284,0.7227508650519032,0.5660503683605136,queryseq,0,availability,T2ax+FLAIRax+FLAIRsag,3,-1
Cerebral atrophy,102,0.939499484004128,0.7182482581018177,queryseq,0,availability,T2ax+FLAIRax+FLAIRsag,3,-1
Arachnoid cyst,43,0.7134906437232018,0.12418263494861272,queryseq,0,availability,T2ax+FLAIRax+FLAIRsag,3,-1
Empty sella syndrome,45,0.6460220318237453,0.08435188156419689,queryseq,0,availability,T2ax+FLAIRax+FLAIRsag,3,-1
Cyst of pineal gland,21,0.7667742483438084,0.06500553386014499,queryseq,0,availability,T2ax+FLAIRax+FLAIRsag,3,-1
Cerebral edema,43,0.9094755373825142,0.5021698579824466,queryseq,0,availability,T2ax+FLAIRax+FLAIRsag,3,-1
Mastoiditis,22,0.6852813852813854,0.053575006549319196,queryseq,0,availability,T2ax+FLAIRax+FLAIRsag,3,-1
Ventriculomegaly,64,0.895500469924812,0.4226259752044113,queryseq,0,availability,T2ax+FLAIRax+FLAIRsag,3,-1
Cerebellar degeneration,39,0.8476804685796181,0.3021937793601895,queryseq,0,availability,T2ax+FLAIRax+FLAIRsag,3,-1
Mega cisterna magna,22,0.6141233766233766,0.03490820628695156,queryseq,0,availability,T2ax+FLAIRax+FLAIRsag,3,-1
Cerebral infarction,26,0.8395288921604711,0.27757110090857195,queryseq,0,availability,T1ax+FLAIRsag+SWIax,3,-1
Cerebral hemorrhage,20,0.8725653206650832,0.1711786941322142,queryseq,0,availability,T1ax+FLAIRsag+SWIax,3,-1
Gliosis,284,0.7113163409522882,0.5576515769950405,queryseq,0,availability,T1ax+FLAIRsag+SWIax,3,-1
Cerebral atrophy,102,0.9182533539731682,0.6750051925025643,queryseq,0,availability,T1ax+FLAIRsag+SWIax,3,-1
Arachnoid cyst,43,0.6827384501803107,0.0821664978508956,queryseq,0,availability,T1ax+FLAIRsag+SWIax,3,-1
Empty sella syndrome,45,0.6239358085135318,0.0801378237737122,queryseq,0,availability,T1ax+FLAIRsag+SWIax,3,-1
Cyst of pineal gland,21,0.7619613838400996,0.07201714917927156,queryseq,0,availability,T1ax+FLAIRsag+SWIax,3,-1
Cerebral edema,43,0.9109804923758412,0.5111927493284998,queryseq,0,availability,T1ax+FLAIRsag+SWIax,3,-1
Mastoiditis,22,0.6705627705627706,0.047851519497836864,queryseq,0,availability,T1ax+FLAIRsag+SWIax,3,-1
Ventriculomegaly,64,0.8779370300751881,0.40219486742642324,queryseq,0,availability,T1ax+FLAIRsag+SWIax,3,-1
Cerebellar degeneration,39,0.8252796211483939,0.28854665392369716,queryseq,0,availability,T1ax+FLAIRsag+SWIax,3,-1
Mega cisterna magna,22,0.5672077922077922,0.041059008713169254,queryseq,0,availability,T1ax+FLAIRsag+SWIax,3,-1
Cerebral infarction,26,0.8406790577843208,0.33245186064737586,queryseq,0,availability,T1ax+FLAIRax+SWIax,3,-1
Cerebral hemorrhage,20,0.8683491686460808,0.155215276299766,queryseq,0,availability,T1ax+FLAIRax+SWIax,3,-1
Gliosis,284,0.7143440226131879,0.5673000810587263,queryseq,0,availability,T1ax+FLAIRax+SWIax,3,-1
Cerebral atrophy,102,0.9307146542827658,0.7011165401893289,queryseq,0,availability,T1ax+FLAIRax+SWIax,3,-1
Arachnoid cyst,43,0.6971633018144646,0.08718324447212684,queryseq,0,availability,T1ax+FLAIRax+SWIax,3,-1
Empty sella syndrome,45,0.6276077791377669,0.08859473134967644,queryseq,0,availability,T1ax+FLAIRax+SWIax,3,-1
Cyst of pineal gland,21,0.7585074457844968,0.07384979327633638,queryseq,0,availability,T1ax+FLAIRax+SWIax,3,-1
Cerebral edema,43,0.9149558451884034,0.5389079174761099,queryseq,0,availability,T1ax+FLAIRax+SWIax,3,-1
Mastoiditis,22,0.6596320346320347,0.05317326299842179,queryseq,0,availability,T1ax+FLAIRax+SWIax,3,-1
Ventriculomegaly,64,0.891016604010025,0.41044995045037425,queryseq,0,availability,T1ax+FLAIRax+SWIax,3,-1
Cerebellar degeneration,39,0.8536000249244478,0.2923360525272579,queryseq,0,availability,T1ax+FLAIRax+SWIax,3,-1
Mega cisterna magna,22,0.622564935064935,0.05163378107585216,queryseq,0,availability,T1ax+FLAIRax+SWIax,3,-1
Cerebral infarction,26,0.8380106735369893,0.3139619441077834,queryseq,0,availability,T1ax+FLAIRax+FLAIRsag,3,-1
Cerebral hemorrhage,20,0.8665083135391924,0.16981105752084957,queryseq,0,availability,T1ax+FLAIRax+FLAIRsag,3,-1
Gliosis,284,0.7144171255909157,0.5748112843144855,queryseq,0,availability,T1ax+FLAIRax+FLAIRsag,3,-1
Cerebral atrophy,102,0.9354876160990713,0.716723554828633,queryseq,0,availability,T1ax+FLAIRax+FLAIRsag,3,-1
Arachnoid cyst,43,0.7050572166851237,0.13444053223579766,queryseq,0,availability,T1ax+FLAIRax+FLAIRsag,3,-1
Empty sella syndrome,45,0.6368013055895553,0.07855406510632088,queryseq,0,availability,T1ax+FLAIRax+FLAIRsag,3,-1
Cyst of pineal gland,21,0.7432195232433044,0.0631077471929796,queryseq,0,availability,T1ax+FLAIRax+FLAIRsag,3,-1
Cerebral edema,43,0.9156373342419853,0.5480401932772877,queryseq,0,availability,T1ax+FLAIRax+FLAIRsag,3,-1
Mastoiditis,22,0.6852272727272728,0.054997639529722114,queryseq,0,availability,T1ax+FLAIRax+FLAIRsag,3,-1
Ventriculomegaly,64,0.8907229010025063,0.41900032743195814,queryseq,0,availability,T1ax+FLAIRax+FLAIRsag,3,-1
Cerebellar degeneration,39,0.8482412686543914,0.3109517860734004,queryseq,0,availability,T1ax+FLAIRax+FLAIRsag,3,-1
Mega cisterna magna,22,0.604491341991342,0.03678842141369659,queryseq,0,availability,T1ax+FLAIRax+FLAIRsag,3,-1
Cerebral infarction,26,0.854343025395657,0.26309176077186397,queryseq,0,availability,T1ax+T2ax+SWIax,3,-1
Cerebral hemorrhage,20,0.8621140142517815,0.16961125109856065,queryseq,0,availability,T1ax+T2ax+SWIax,3,-1
Gliosis,284,0.7236890199327453,0.5518107238370564,queryseq,0,availability,T1ax+T2ax+SWIax,3,-1
Cerebral atrophy,102,0.9230134158926728,0.6558788826990521,queryseq,0,availability,T1ax+T2ax+SWIax,3,-1
Arachnoid cyst,43,0.6996336996336996,0.0880377815042592,queryseq,0,availability,T1ax+T2ax+SWIax,3,-1
Empty sella syndrome,45,0.6322861417108664,0.08930001303514118,queryseq,0,availability,T1ax+T2ax+SWIax,3,-1
Cyst of pineal gland,21,0.7783251231527093,0.07382812901542837,queryseq,0,availability,T1ax+T2ax+SWIax,3,-1
Cerebral edema,43,0.8940852429224522,0.4746239030052687,queryseq,0,availability,T1ax+T2ax+SWIax,3,-1
Mastoiditis,22,0.6597943722943723,0.048555467651758735,queryseq,0,availability,T1ax+T2ax+SWIax,3,-1
Ventriculomegaly,64,0.8903312969924813,0.41155427224002145,queryseq,0,availability,T1ax+T2ax+SWIax,3,-1
Cerebellar degeneration,39,0.8338474000685422,0.28723668879629166,queryseq,0,availability,T1ax+T2ax+SWIax,3,-1
Mega cisterna magna,22,0.6018398268398268,0.0369424491573808,queryseq,0,availability,T1ax+T2ax+SWIax,3,-1
Cerebral infarction,26,0.8550331247699668,0.3076310957621783,queryseq,0,availability,T1ax+T2ax+FLAIRsag,3,-1
Cerebral hemorrhage,20,0.8678741092636579,0.1753096934250727,queryseq,0,availability,T1ax+T2ax+FLAIRsag,3,-1
Gliosis,284,0.7249256786393098,0.5648511547303776,queryseq,0,availability,T1ax+T2ax+FLAIRsag,3,-1
Cerebral atrophy,102,0.9311274509803922,0.6922261215130725,queryseq,0,availability,T1ax+T2ax+FLAIRsag,3,-1
Arachnoid cyst,43,0.6992929551069087,0.10390017536112162,queryseq,0,availability,T1ax+T2ax+FLAIRsag,3,-1
Empty sella syndrome,45,0.6494764041887665,0.08864443880894579,queryseq,0,availability,T1ax+T2ax+FLAIRsag,3,-1
Cyst of pineal gland,21,0.7615650302927354,0.0618412041135689,queryseq,0,availability,T1ax+T2ax+FLAIRsag,3,-1
Cerebral edema,43,0.9014112502484596,0.4760987464803578,queryseq,0,availability,T1ax+T2ax+FLAIRsag,3,-1
Mastoiditis,22,0.6885822510822511,0.051337766467452306,queryseq,0,availability,T1ax+T2ax+FLAIRsag,3,-1
Ventriculomegaly,64,0.893170426065163,0.4321038351674039,queryseq,0,availability,T1ax+T2ax+FLAIRsag,3,-1
Cerebellar degeneration,39,0.8345951335015733,0.30643800274050675,queryseq,0,availability,T1ax+T2ax+FLAIRsag,3,-1
Mega cisterna magna,22,0.5752164502164502,0.03231422181339213,queryseq,0,availability,T1ax+T2ax+FLAIRsag,3,-1
Cerebral infarction,26,0.8490062569009937,0.3398185286398814,queryseq,0,availability,T1ax+T2ax+FLAIRax,3,-1
Cerebral hemorrhage,20,0.8595011876484561,0.16061177480510588,queryseq,0,availability,T1ax+T2ax+FLAIRax,3,-1
Gliosis,284,0.7219101808080316,0.567208273010666,queryseq,0,availability,T1ax+T2ax+FLAIRax,3,-1
Cerebral atrophy,102,0.9352038183694531,0.7023167356329382,queryseq,0,availability,T1ax+T2ax+FLAIRax,3,-1
Arachnoid cyst,43,0.710253570718687,0.10341311647697891,queryseq,0,availability,T1ax+T2ax+FLAIRax,3,-1
Empty sella syndrome,45,0.6423772609819122,0.0862822536470551,queryseq,0,availability,T1ax+T2ax+FLAIRax,3,-1
Cyst of pineal gland,21,0.7624709812581394,0.06677691782663116,queryseq,0,availability,T1ax+T2ax+FLAIRax,3,-1
Cerebral edema,43,0.9060113013601385,0.5288858023255898,queryseq,0,availability,T1ax+T2ax+FLAIRax,3,-1
Mastoiditis,22,0.6800865800865801,0.052772293123956066,queryseq,0,availability,T1ax+T2ax+FLAIRax,3,-1
Ventriculomegaly,64,0.8978109335839599,0.4227953040891497,queryseq,0,availability,T1ax+T2ax+FLAIRax,3,-1
Cerebellar degeneration,39,0.8482412686543914,0.29843210111544205,queryseq,0,availability,T1ax+T2ax+FLAIRax,3,-1
Mega cisterna magna,22,0.6186688311688312,0.03553159134355169,queryseq,0,availability,T1ax+T2ax+FLAIRax,3,-1
Cerebral infarction,26,0.8443595877806404,0.3026832556038558,queryseq,0,availability,T2ax+FLAIRax+FLAIRsag+SWIax,4,-1
Cerebral hemorrhage,20,0.8737529691211402,0.16281548304782864,queryseq,0,availability,T2ax+FLAIRax+FLAIRsag+SWIax,4,-1
Gliosis,284,0.723963156099225,0.5664017348577579,queryseq,0,availability,T2ax+FLAIRax+FLAIRsag+SWIax,4,-1
Cerebral atrophy,102,0.9383900928792569,0.7152097803791547,queryseq,0,availability,T2ax+FLAIRax+FLAIRsag+SWIax,4,-1
Arachnoid cyst,43,0.7067325439418463,0.09155178897454014,queryseq,0,availability,T2ax+FLAIRax+FLAIRsag+SWIax,4,-1
Empty sella syndrome,45,0.6397116823065416,0.08445169809939428,queryseq,0,availability,T2ax+FLAIRax+FLAIRsag+SWIax,4,-1
Cyst of pineal gland,21,0.7807032444368948,0.07195253007268497,queryseq,0,availability,T2ax+FLAIRax+FLAIRsag+SWIax,4,-1
Cerebral edema,43,0.9119459352017492,0.4931410632895056,queryseq,0,availability,T2ax+FLAIRax+FLAIRsag+SWIax,4,-1
Mastoiditis,22,0.6687770562770563,0.05339505072225373,queryseq,0,availability,T2ax+FLAIRax+FLAIRsag+SWIax,4,-1
Ventriculomegaly,64,0.8936795112781954,0.4158856939422777,queryseq,0,availability,T2ax+FLAIRax+FLAIRsag+SWIax,4,-1
Cerebellar degeneration,39,0.8482101130946818,0.30660304844508524,queryseq,0,availability,T2ax+FLAIRax+FLAIRsag+SWIax,4,-1
Mega cisterna magna,22,0.6111471861471861,0.04529141124183072,queryseq,0,availability,T2ax+FLAIRax+FLAIRsag+SWIax,4,-1
Cerebral infarction,26,0.8399889584100111,0.31213280417540834,queryseq,0,availability,T1ax+FLAIRax+FLAIRsag+SWIax,4,-1
Cerebral hemorrhage,20,0.872624703087886,0.17220665061219265,queryseq,0,availability,T1ax+FLAIRax+FLAIRsag+SWIax,4,-1
Gliosis,284,0.7166772259856717,0.5729582794755178,queryseq,0,availability,T1ax+FLAIRax+FLAIRsag+SWIax,4,-1
Cerebral atrophy,102,0.933875128998968,0.7106295557051511,queryseq,0,availability,T1ax+FLAIRax+FLAIRsag+SWIax,4,-1
Arachnoid cyst,43,0.6956299514439048,0.08692996574299042,queryseq,0,availability,T1ax+FLAIRax+FLAIRsag+SWIax,4,-1
Empty sella syndrome,45,0.6305997552019583,0.08125247471776034,queryseq,0,availability,T1ax+FLAIRax+FLAIRsag+SWIax,4,-1
Cyst of pineal gland,21,0.7613385425513844,0.07164024626687181,queryseq,0,availability,T1ax+FLAIRax+FLAIRsag+SWIax,4,-1
Cerebral edema,43,0.9165175909361956,0.5271274042710573,queryseq,0,availability,T1ax+FLAIRax+FLAIRsag+SWIax,4,-1
Mastoiditis,22,0.6695887445887445,0.05418260167871408,queryseq,0,availability,T1ax+FLAIRax+FLAIRsag+SWIax,4,-1
Ventriculomegaly,64,0.8897634711779449,0.4137957697243127,queryseq,0,availability,T1ax+FLAIRax+FLAIRsag+SWIax,4,-1
Cerebellar degeneration,39,0.8486151353709069,0.3097862545867824,queryseq,0,availability,T1ax+FLAIRax+FLAIRsag+SWIax,4,-1
Mega cisterna magna,22,0.600108225108225,0.05612916043933969,queryseq,0,availability,T1ax+FLAIRax+FLAIRsag+SWIax,4,-1
Cerebral infarction,26,0.8519966875230034,0.2989013455125065,queryseq,0,availability,T1ax+T2ax+FLAIRsag+SWIax,4,-1
Cerebral hemorrhage,20,0.8725059382422802,0.1693004462200524,queryseq,0,availability,T1ax+T2ax+FLAIRsag+SWIax,4,-1
Gliosis,284,0.7240484429065743,0.5557305430068902,queryseq,0,availability,T1ax+T2ax+FLAIRsag+SWIax,4,-1
Cerebral atrophy,102,0.9297600619195047,0.6899962622245773,queryseq,0,availability,T1ax+T2ax+FLAIRsag+SWIax,4,-1
Arachnoid cyst,43,0.6969645341738366,0.08700978955496444,queryseq,0,availability,T1ax+T2ax+FLAIRsag+SWIax,4,-1
Empty sella syndrome,45,0.6357677138582891,0.08414658135222941,queryseq,0,availability,T1ax+T2ax+FLAIRsag+SWIax,4,-1
Cyst of pineal gland,21,0.7768529528339279,0.07261443866370607,queryseq,0,availability,T1ax+T2ax+FLAIRsag+SWIax,4,-1
Cerebral edema,43,0.9060113013601385,0.49035257456405074,queryseq,0,availability,T1ax+T2ax+FLAIRsag+SWIax,4,-1
Mastoiditis,22,0.6727272727272726,0.051272547502244095,queryseq,0,availability,T1ax+T2ax+FLAIRsag+SWIax,4,-1
Ventriculomegaly,64,0.8909970238095237,0.4204808376602676,queryseq,0,availability,T1ax+T2ax+FLAIRsag+SWIax,4,-1
Cerebellar degeneration,39,0.8345328223821541,0.30243946397191573,queryseq,0,availability,T1ax+T2ax+FLAIRsag+SWIax,4,-1
Mega cisterna magna,22,0.5865259740259741,0.03693871807047727,queryseq,0,availability,T1ax+T2ax+FLAIRsag+SWIax,4,-1
Cerebral infarction,26,0.8495583364004416,0.3363011596839413,queryseq,0,availability,T1ax+T2ax+FLAIRax+SWIax,4,-1
Cerebral hemorrhage,20,0.8647862232779098,0.15712532790012548,queryseq,0,availability,T1ax+T2ax+FLAIRax+SWIax,4,-1
Gliosis,284,0.7229092548369804,0.5668450133294264,queryseq,0,availability,T1ax+T2ax+FLAIRax+SWIax,4,-1
Cerebral atrophy,102,0.9343137254901961,0.7044184629909703,queryseq,0,availability,T1ax+T2ax+FLAIRax+SWIax,4,-1
Arachnoid cyst,43,0.7055967288525428,0.09098106658014377,queryseq,0,availability,T1ax+T2ax+FLAIRax+SWIax,4,-1
Empty sella syndrome,45,0.635142118863049,0.0889406160861678,queryseq,0,availability,T1ax+T2ax+FLAIRax+SWIax,4,-1
Cyst of pineal gland,21,0.773851990261027,0.07423520797585605,queryseq,0,availability,T1ax+T2ax+FLAIRax+SWIax,4,-1
Cerebral edema,43,0.9075730471079309,0.509007865684929,queryseq,0,availability,T1ax+T2ax+FLAIRax+SWIax,4,-1
Mastoiditis,22,0.6653679653679653,0.051963452538762576,queryseq,0,availability,T1ax+T2ax+FLAIRax+SWIax,4,-1
Ventriculomegaly,64,0.895500469924812,0.41475126049330063,queryseq,0,availability,T1ax+T2ax+FLAIRax+SWIax,4,-1
Cerebellar degeneration,39,0.8484282020126491,0.29379836758831446,queryseq,0,availability,T1ax+T2ax+FLAIRax+SWIax,4,-1
Mega cisterna magna,22,0.6189935064935065,0.04078112747815284,queryseq,0,availability,T1ax+T2ax+FLAIRax+SWIax,4,-1
Cerebral infarction,26,0.8474420316525579,0.33103588276495305,queryseq,0,availability,T1ax+T2ax+FLAIRax+FLAIRsag,4,-1
Cerebral hemorrhage,20,0.8691805225653206,0.17200814205367188,queryseq,0,availability,T1ax+T2ax+FLAIRax+FLAIRsag,4,-1
Gliosis,284,0.7227204054778498,0.5700372443469008,queryseq,0,availability,T1ax+T2ax+FLAIRax+FLAIRsag,4,-1
Cerebral atrophy,102,0.9376031991744067,0.7155053539336125,queryseq,0,availability,T1ax+T2ax+FLAIRax+FLAIRsag,4,-1
Arachnoid cyst,43,0.7082658943124059,0.11132687497787139,queryseq,0,availability,T1ax+T2ax+FLAIRax+FLAIRsag,4,-1
Empty sella syndrome,45,0.6448796409628723,0.08353671439064145,queryseq,0,availability,T1ax+T2ax+FLAIRax+FLAIRsag,4,-1
Cyst of pineal gland,21,0.7624709812581393,0.06572863366769642,queryseq,0,availability,T1ax+T2ax+FLAIRax+FLAIRsag,4,-1
Cerebral edema,43,0.9106965386035153,0.5220629360688296,queryseq,0,availability,T1ax+T2ax+FLAIRax+FLAIRsag,4,-1
Mastoiditis,22,0.6863636363636364,0.053545507133119015,queryseq,0,availability,T1ax+T2ax+FLAIRax+FLAIRsag,4,-1
Ventriculomegaly,64,0.8958137531328321,0.42564930475827445,queryseq,0,availability,T1ax+T2ax+FLAIRax+FLAIRsag,4,-1
Cerebellar degeneration,39,0.8467146462286195,0.3073636603120759,queryseq,0,availability,T1ax+T2ax+FLAIRax+FLAIRsag,4,-1
Mega cisterna magna,22,0.6027597402597402,0.03440419939493118,queryseq,0,availability,T1ax+T2ax+FLAIRax+FLAIRsag,4,-1
Cerebral infarction,26,0.8476260581523739,0.3180408843319199,queryseq,0,availability,T1ax+T2ax+FLAIRax+FLAIRsag+SWIax,5,-1
Cerebral hemorrhage,20,0.871021377672209,0.16623010587311293,queryseq,0,availability,T1ax+T2ax+FLAIRax+FLAIRsag+SWIax,5,-1
Gliosis,284,0.7238900531214972,0.5702818986725268,queryseq,0,availability,T1ax+T2ax+FLAIRax+FLAIRsag+SWIax,5,-1
Cerebral atrophy,102,0.936609907120743,0.7117370582681839,queryseq,0,availability,T1ax+T2ax+FLAIRax+FLAIRsag+SWIax,5,-1
Arachnoid cyst,43,0.7033250986739359,0.09069291356061358,queryseq,0,availability,T1ax+T2ax+FLAIRax+FLAIRsag+SWIax,5,-1
Empty sella syndrome,45,0.6358765129878962,0.08214489060081673,queryseq,0,availability,T1ax+T2ax+FLAIRax+FLAIRsag+SWIax,5,-1
Cyst of pineal gland,21,0.7730026612309608,0.07181756760364767,queryseq,0,availability,T1ax+T2ax+FLAIRax+FLAIRsag+SWIax,5,-1
Cerebral edema,43,0.9128829826504244,0.5133842453201685,queryseq,0,availability,T1ax+T2ax+FLAIRax+FLAIRsag+SWIax,5,-1
Mastoiditis,22,0.6737554112554113,0.05377369955381805,queryseq,0,availability,T1ax+T2ax+FLAIRax+FLAIRsag+SWIax,5,-1
Ventriculomegaly,64,0.8945606203007519,0.42074115948992613,queryseq,0,availability,T1ax+T2ax+FLAIRax+FLAIRsag+SWIax,5,-1
Cerebellar degeneration,39,0.8466834906689099,0.30841549890902986,queryseq,0,availability,T1ax+T2ax+FLAIRax+FLAIRsag+SWIax,5,-1
Mega cisterna magna,22,0.6022186147186147,0.04230148503946193,queryseq,0,availability,T1ax+T2ax+FLAIRax+FLAIRsag+SWIax,5,-1
Cerebral infarction,26,0.8392988590357011,0.2870744592338013,queryseq,0,budget,allinputs,1,1
Cerebral hemorrhage,20,0.8669239904988124,0.1553866817126368,queryseq,0,budget,allinputs,1,1
Gliosis,284,0.7150506847312248,0.5521640665843273,queryseq,0,budget,allinputs,1,1
Cerebral atrophy,102,0.9362874097007223,0.7043354978465641,queryseq,0,budget,allinputs,1,1
Arachnoid cyst,43,0.6981855353948377,0.0890485683998769,queryseq,0,budget,allinputs,1,1
Empty sella syndrome,45,0.629810961512308,0.0967918741301001,queryseq,0,budget,allinputs,1,1
Cyst of pineal gland,21,0.7683596625332654,0.06903089343372928,queryseq,0,budget,allinputs,1,1
Cerebral edema,43,0.9109804923758412,0.49350725471710677,queryseq,0,budget,allinputs,1,1
Mastoiditis,22,0.6317640692640693,0.045393888250477826,queryseq,0,budget,allinputs,1,1
Ventriculomegaly,64,0.891466948621554,0.4304728867637023,queryseq,0,budget,allinputs,1,1
Cerebellar degeneration,39,0.8577437143658286,0.2676602723690704,queryseq,0,budget,allinputs,1,1
Mega cisterna magna,22,0.6427489177489177,0.04034537350039939,queryseq,0,budget,allinputs,1,1
Cerebral infarction,26,0.8411851306588148,0.2988819284722681,queryseq,0,budget,allinputs,2,2
Cerebral hemorrhage,20,0.8767220902612827,0.17610410820707623,queryseq,0,budget,allinputs,2,2
Gliosis,284,0.7217883425118183,0.5692916395778168,queryseq,0,budget,allinputs,2,2
Cerebral atrophy,102,0.9375,0.7125104574588667,queryseq,0,budget,allinputs,2,2
Arachnoid cyst,43,0.7047732629127978,0.10457776326298793,queryseq,0,budget,allinputs,2,2
Empty sella syndrome,45,0.6516523867809058,0.09389631726705351,queryseq,0,budget,allinputs,2,2
Cyst of pineal gland,21,0.7714738689768416,0.0635608195318534,queryseq,0,budget,allinputs,2,2
Cerebral edema,43,0.9129965641593549,0.5012894907839083,queryseq,0,budget,allinputs,2,2
Mastoiditis,22,0.668939393939394,0.053146941971606465,queryseq,0,budget,allinputs,2,2
Ventriculomegaly,64,0.8917019110275689,0.4237841997106411,queryseq,0,budget,allinputs,2,2
Cerebellar degeneration,39,0.8503598467146462,0.308146727602716,queryseq,0,budget,allinputs,2,2
Mega cisterna magna,22,0.6275974025974026,0.035946342806515964,queryseq,0,budget,allinputs,2,2
Cerebral infarction,26,0.8533768862716231,0.31641738368766287,queryseq,0,budget,allinputs,3,3
Cerebral hemorrhage,20,0.8762470308788598,0.17188876070930106,queryseq,0,budget,allinputs,3,3
Gliosis,284,0.7237925824845266,0.5715592906793232,queryseq,0,budget,allinputs,3,3
Cerebral atrophy,102,0.9354102167182663,0.7129966930295116,queryseq,0,budget,allinputs,3,3
Arachnoid cyst,43,0.7155351108839481,0.09654592849383588,queryseq,0,budget,allinputs,3,3
Empty sella syndrome,45,0.6452332381340949,0.09973562600884096,queryseq,0,budget,allinputs,3,3
Cyst of pineal gland,21,0.7681331747919143,0.07391247914387197,queryseq,0,budget,allinputs,3,3
Cerebral edema,43,0.9137632393446347,0.5156991466906512,queryseq,0,budget,allinputs,3,3
Mastoiditis,22,0.6667207792207792,0.05255570503498053,queryseq,0,budget,allinputs,3,3
Ventriculomegaly,64,0.8936990914786967,0.420426314402547,queryseq,0,budget,allinputs,3,3
Cerebellar degeneration,39,0.8520734024986759,0.31518381603493945,queryseq,0,budget,allinputs,3,3
Mega cisterna magna,22,0.6371212121212121,0.039396353631173935,queryseq,0,budget,allinputs,3,3
Cerebral infarction,26,0.8494663231505337,0.3105592515705544,queryseq,0,budget,allinputs,4,4
Cerebral hemorrhage,20,0.8794536817102137,0.1737541290039093,queryseq,0,budget,allinputs,4,4
Gliosis,284,0.7209720259271895,0.570188765625643,queryseq,0,budget,allinputs,4,4
Cerebral atrophy,102,0.9335268317853458,0.7061707556317234,queryseq,0,budget,allinputs,4,4
Arachnoid cyst,43,0.7104523383593151,0.09553339643370486,queryseq,0,budget,allinputs,4,4
Empty sella syndrome,45,0.6490140078879368,0.1026849430756191,queryseq,0,budget,allinputs,4,4
Cyst of pineal gland,21,0.7629805786761792,0.07097496702217229,queryseq,0,budget,allinputs,4,4
Cerebral edema,43,0.9110940738847715,0.514959663867258,queryseq,0,budget,allinputs,4,4
Mastoiditis,22,0.6751623376623377,0.051120327756021926,queryseq,0,budget,allinputs,4,4
Ventriculomegaly,64,0.8928963032581454,0.424075010889454,queryseq,0,budget,allinputs,4,4
Cerebellar degeneration,39,0.8349066890986697,0.2833365730617139,queryseq,0,budget,allinputs,4,4
Mega cisterna magna,22,0.6170454545454546,0.057717009671125356,queryseq,0,budget,allinputs,4,4
Cerebral infarction,26,0.8455097534044902,0.31141909376764043,queryseq,0,budget,allinputs,5,5
Cerebral hemorrhage,20,0.8703681710213778,0.16738497860388676,queryseq,0,budget,allinputs,5,5
Gliosis,284,0.7231772990886496,0.567370376626578,queryseq,0,budget,allinputs,5,5
Cerebral atrophy,102,0.9310887512899897,0.690193476839376,queryseq,0,budget,allinputs,5,5
Arachnoid cyst,43,0.7004287701962121,0.09516023548336267,queryseq,0,budget,allinputs,5,5
Empty sella syndrome,45,0.6508091935264517,0.09148269411884133,queryseq,0,budget,allinputs,5,5
Cyst of pineal gland,21,0.7631504444821925,0.06945603675270064,queryseq,0,budget,allinputs,5,5
Cerebral edema,43,0.9080557685208848,0.5135338688492094,queryseq,0,budget,allinputs,5,5
Mastoiditis,22,0.6845238095238095,0.05234865448204985,queryseq,0,budget,allinputs,5,5
Ventriculomegaly,64,0.89109492481203,0.41961405552059294,queryseq,0,budget,allinputs,5,5
Cerebellar degeneration,39,0.8378664672710845,0.2789418517254233,queryseq,0,budget,allinputs,5,5
Mega cisterna magna,22,0.5995129870129869,0.03582811518857739,queryseq,0,budget,allinputs,5,5
Cerebral infarction,26,0.8106827383143173,0.14903213720969496,uniform,1,availability,SWIax,1,-1
Cerebral hemorrhage,20,0.8771971496437054,0.14120837116186127,uniform,1,availability,SWIax,1,-1
Gliosis,284,0.7031470831911887,0.5534547037150355,uniform,1,availability,SWIax,1,-1
Cerebral atrophy,102,0.8558694530443757,0.4530202246043341,uniform,1,availability,SWIax,1,-1
Arachnoid cyst,43,0.6777976545418406,0.07745009408516845,uniform,1,availability,SWIax,1,-1
Empty sella syndrome,45,0.6170542635658914,0.11465309284112435,uniform,1,availability,SWIax,1,-1
Cyst of pineal gland,21,0.7423135722779004,0.054643605367007714,uniform,1,availability,SWIax,1,-1
Cerebral edema,43,0.897606269699293,0.43216763138347813,uniform,1,availability,SWIax,1,-1
Mastoiditis,22,0.6278138528138528,0.04644226629981721,uniform,1,availability,SWIax,1,-1
Ventriculomegaly,64,0.84343671679198,0.332352140768957,uniform,1,availability,SWIax,1,-1
Cerebellar degeneration,39,0.8009782845748824,0.1657005452441002,uniform,1,availability,SWIax,1,-1
Mega cisterna magna,22,0.6592532467532467,0.04453443120280441,uniform,1,availability,SWIax,1,-1
Cerebral infarction,26,0.813305115936695,0.19243533379434735,uniform,1,availability,FLAIRsag,1,-1
Cerebral hemorrhage,20,0.8600356294536817,0.29285442050117155,uniform,1,availability,FLAIRsag,1,-1
Gliosis,284,0.7065220039962962,0.5503174896690427,uniform,1,availability,FLAIRsag,1,-1
Cerebral atrophy,102,0.9127708978328173,0.6547501107289098,uniform,1,availability,FLAIRsag,1,-1
Arachnoid cyst,43,0.7044893091404719,0.11052357458882084,uniform,1,availability,FLAIRsag,1,-1
Empty sella syndrome,45,0.6241534067727458,0.07944426233005175,uniform,1,availability,FLAIRsag,1,-1
Cyst of pineal gland,21,0.6748202253553026,0.040420753717571097,uniform,1,availability,FLAIRsag,1,-1
Cerebral edema,43,0.8865604679558168,0.43851243770553294,uniform,1,availability,FLAIRsag,1,-1
Mastoiditis,22,0.6950216450216451,0.05099311603392312,uniform,1,availability,FLAIRsag,1,-1
Ventriculomegaly,64,0.857123276942356,0.3678346723819015,uniform,1,availability,FLAIRsag,1,-1
Cerebellar degeneration,39,0.7877683272579992,0.1974291783919767,uniform,1,availability,FLAIRsag,1,-1
Mega cisterna magna,22,0.5391774891774892,0.040274721355308164,uniform,1,availability,FLAIRsag,1,-1
Cerebral infarction,26,0.8222764078027236,0.3008720274959893,uniform,1,availability,FLAIRax,1,-1
Cerebral hemorrhage,20,0.8727434679334918,0.20384218935568618,uniform,1,availability,FLAIRax,1,-1
Gliosis,284,0.7106584141527365,0.581760015509333,uniform,1,availability,FLAIRax,1,-1
Cerebral atrophy,102,0.9375902992776057,0.6956433976906633,uniform,1,availability,FLAIRax,1,-1
Arachnoid cyst,43,0.71039554760485,0.10132247220561794,uniform,1,availability,FLAIRax,1,-1
Empty sella syndrome,45,0.6243982048143616,0.09033042815086342,uniform,1,availability,FLAIRax,1,-1
Cyst of pineal gland,21,0.7187022252420587,0.05455906999841842,uniform,1,availability,FLAIRax,1,-1
Cerebral edema,43,0.9150694266973337,0.5634687941517567,uniform,1,availability,FLAIRax,1,-1
Mastoiditis,22,0.6573051948051948,0.05117590141601557,uniform,1,availability,FLAIRax,1,-1
Ventriculomegaly,64,0.8889411027568922,0.4061258161317792,uniform,1,availability,FLAIRax,1,-1
Cerebellar degeneration,39,0.8663738044053961,0.294870568324311,uniform,1,availability,FLAIRax,1,-1
Mega cisterna magna,22,0.7037337662337664,0.052422361325526634,uniform,1,availability,FLAIRax,1,-1
Cerebral infarction,26,0.840311004784689,0.2291709047740771,uniform,1,availability,T2ax,1,-1
Cerebral hemorrhage,20,0.8459619952494062,0.12979713296286446,uniform,1,availability,T2ax,1,-1
Gliosis,284,0.7291169160290463,0.5645447136124947,uniform,1,availability,T2ax,1,-1
Cerebral atrophy,102,0.9228715170278637,0.659317929138585,uniform,1,availability,T2ax,1,-1
Arachnoid cyst,43,0.7078683590311498,0.09819261749570679,uniform,1,availability,T2ax,1,-1
Empty sella syndrome,45,0.6269549843601251,0.12151733054743771,uniform,1,availability,T2ax,1,-1
Cyst of pineal gland,21,0.7323481116584565,0.05069171485133597,uniform,1,availability,T2ax,1,-1
Cerebral edema,43,0.8650935627679814,0.35541556705499266,uniform,1,availability,T2ax,1,-1
Mastoiditis,22,0.6600108225108225,0.047708883373936174,uniform,1,availability,T2ax,1,-1
Ventriculomegaly,64,0.8908208020050126,0.4128724542090217,uniform,1,availability,T2ax,1,-1
Cerebellar degeneration,39,0.8414182010779825,0.32886144596132916,uniform,1,availability,T2ax,1,-1
Mega cisterna magna,22,0.652435064935065,0.04166534023650581,uniform,1,availability,T2ax,1,-1
Cerebral infarction,26,0.8410931174089069,0.306385267710574,uniform,1,availability,T1ax,1,-1
Cerebral hemorrhage,20,0.8497030878859858,0.17554766512349074,uniform,1,availability,T1ax,1,-1
Gliosis,284,0.7116940396705492,0.5708712748781314,uniform,1,availability,T1ax,1,-1
Cerebral atrophy,102,0.9125515995872033,0.6537648350813448,uniform,1,availability,T1ax,1,-1
Arachnoid cyst,43,0.6832495669704972,0.08245586187627067,uniform,1,availability,T1ax,1,-1
Empty sella syndrome,45,0.6114239086087311,0.10112116865993248,uniform,1,availability,T1ax,1,-1
Cyst of pineal gland,21,0.7204008833021913,0.059109799618015824,uniform,1,availability,T1ax,1,-1
Cerebral edema,43,0.893886475281824,0.49878836858377523,uniform,1,availability,T1ax,1,-1
Mastoiditis,22,0.6791125541125541,0.04856171892693896,uniform,1,availability,T1ax,1,-1
Ventriculomegaly,64,0.8841439536340853,0.39788840947859416,uniform,1,availability,T1ax,1,-1
Cerebellar degeneration,39,0.8221329096177212,0.3102370271480154,uniform,1,availability,T1ax,1,-1
Mega cisterna magna,22,0.6465909090909091,0.04223868183807176,uniform,1,availability,T1ax,1,-1
Cerebral infarction,26,0.826048951048951,0.2227891828639565,uniform,1,availability,FLAIRsag+SWIax,2,-1
Cerebral hemorrhage,20,0.8842636579572447,0.21343582908067357,uniform,1,availability,FLAIRsag+SWIax,2,-1
Gliosis,284,0.71638481407476,0.5773629918277664,uniform,1,availability,FLAIRsag+SWIax,2,-1
Cerebral atrophy,102,0.9140350877192982,0.6119765293571179,uniform,1,availability,FLAIRsag+SWIax,2,-1
Arachnoid cyst,43,0.6914558309907147,0.08543588262313186,uniform,1,availability,FLAIRsag+SWIax,2,-1
Empty sella syndrome,45,0.6393036855705155,0.10530919124023819,uniform,1,availability,FLAIRsag+SWIax,2,-1
Cyst of pineal gland,21,0.7185323594360455,0.05075700148425486,uniform,1,availability,FLAIRsag+SWIax,2,-1
Cerebral edema,43,0.9129113780276571,0.49198414602760804,uniform,1,availability,FLAIRsag+SWIax,2,-1
Mastoiditis,22,0.6871753246753247,0.047640893351121955,uniform,1,availability,FLAIRsag+SWIax,2,-1
Ventriculomegaly,64,0.864485432330827,0.3785802240078425,uniform,1,availability,FLAIRsag+SWIax,2,-1
Cerebellar degeneration,39,0.8151229086830545,0.2287589250974848,uniform,1,availability,FLAIRsag+SWIax,2,-1
Mega cisterna magna,22,0.6135822510822511,0.036993613937223724,uniform,1,availability,FLAIRsag+SWIax,2,-1
Cerebral infarction,26,0.8310636731689363,0.3290642737567891,uniform,1,availability,FLAIRax+SWIax,2,-1
Cerebral hemorrhage,20,0.8802256532066508,0.16283015712686744,uniform,1,availability,FLAIRax+SWIax,2,-1
Gliosis,284,0.720472488912715,0.5955803348993705,uniform,1,availability,FLAIRax+SWIax,2,-1
Cerebral atrophy,102,0.9230392156862746,0.6522042375135801,uniform,1,availability,FLAIRax+SWIax,2,-1
Arachnoid cyst,43,0.6989238152028849,0.08564770745199601,uniform,1,availability,FLAIRax+SWIax,2,-1
Empty sella syndrome,45,0.6281245750034,0.10602917370119097,uniform,1,availability,FLAIRax+SWIax,2,-1
Cyst of pineal gland,21,0.7412943774418209,0.06166856958498393,uniform,1,availability,FLAIRax+SWIax,2,-1
Cerebral edema,43,0.9198682454496409,0.5334574022290578,uniform,1,availability,FLAIRax+SWIax,2,-1
Mastoiditis,22,0.648430735930736,0.047237514023363354,uniform,1,availability,FLAIRax+SWIax,2,-1
Ventriculomegaly,64,0.8821859335839599,0.40430032923619813,uniform,1,availability,FLAIRax+SWIax,2,-1
Cerebellar degeneration,39,0.8570271364925071,0.2786653207876428,uniform,1,availability,FLAIRax+SWIax,2,-1
Mega cisterna magna,22,0.6916125541125541,0.04795438531536697,uniform,1,availability,FLAIRax+SWIax,2,-1
Cerebral infarction,26,0.8250828119249172,0.26031895789009046,uniform,1,availability,FLAIRax+FLAIRsag,2,-1
Cerebral hemorrhage,20,0.8752375296912114,0.22944544828309552,uniform,1,availability,FLAIRax+FLAIRsag,2,-1
Gliosis,284,0.7220502948486768,0.5903131078400898,uniform,1,availability,FLAIRax+FLAIRsag,2,-1
Cerebral atrophy,102,0.9428663570691435,0.7211694648380722,uniform,1,availability,FLAIRax+FLAIRsag,2,-1
Arachnoid cyst,43,0.7177783456853223,0.12605125985813925,uniform,1,availability,FLAIRax+FLAIRsag,2,-1
Empty sella syndrome,45,0.6399292805657555,0.08813345609006461,uniform,1,availability,FLAIRax+FLAIRsag,2,-1
Cyst of pineal gland,21,0.7156446407338204,0.05327090778167847,uniform,1,availability,FLAIRax+FLAIRsag,2,-1
Cerebral edema,43,0.9146434960388449,0.5627814419030397,uniform,1,availability,FLAIRax+FLAIRsag,2,-1
Mastoiditis,22,0.6912337662337662,0.05275056823603869,uniform,1,availability,FLAIRax+FLAIRsag,2,-1
Ventriculomegaly,64,0.8808153195488722,0.39825253791963156,uniform,1,availability,FLAIRax+FLAIRsag,2,-1
Cerebellar degeneration,39,0.8361840670467645,0.28171279803805405,uniform,1,availability,FLAIRax+FLAIRsag,2,-1
Mega cisterna magna,22,0.6463203463203463,0.04149217735960345,uniform,1,availability,FLAIRax+FLAIRsag,2,-1
Cerebral infarction,26,0.840955097534045,0.23433101293137978,uniform,1,availability,T2ax+SWIax,2,-1
Cerebral hemorrhage,20,0.8640142517814727,0.1401224567132328,uniform,1,availability,T2ax+SWIax,2,-1
Gliosis,284,0.7319862079048686,0.5864078407366363,uniform,1,availability,T2ax+SWIax,2,-1
Cerebral atrophy,102,0.9199561403508771,0.6177744604796437,uniform,1,availability,T2ax+SWIax,2,-1
Arachnoid cyst,43,0.6982707215265356,0.08669091950121594,uniform,1,availability,T2ax+SWIax,2,-1
Empty sella syndrome,45,0.6280701754385966,0.1411741590270417,uniform,1,availability,T2ax+SWIax,2,-1
Cyst of pineal gland,21,0.7505237529018741,0.05540672384926545,uniform,1,availability,T2ax+SWIax,2,-1
Cerebral edema,43,0.8872703523866314,0.4216151839882832,uniform,1,availability,T2ax+SWIax,2,-1
Mastoiditis,22,0.6477813852813854,0.04715761316824391,uniform,1,availability,T2ax+SWIax,2,-1
Ventriculomegaly,64,0.884359335839599,0.4095788408697971,uniform,1,availability,T2ax+SWIax,2,-1
Cerebellar degeneration,39,0.8435056235785275,0.31415334238818954,uniform,1,availability,T2ax+SWIax,2,-1
Mega cisterna magna,22,0.6674783549783551,0.0438785594537479,uniform,1,availability,T2ax+SWIax,2,-1
Cerebral infarction,26,0.8422892896577108,0.30758157276729986,uniform,1,availability,T2ax+FLAIRsag,2,-1
Cerebral hemorrhage,20,0.8697149643705464,0.16767662910317815,uniform,1,availability,T2ax+FLAIRsag,2,-1
Gliosis,284,0.7346971099956139,0.582725109914205,uniform,1,availability,T2ax+FLAIRsag,2,-1
Cerebral atrophy,102,0.9388286893704851,0.6948763693992036,uniform,1,availability,T2ax+FLAIRsag,2,-1
Arachnoid cyst,43,0.7106511059999432,0.1097715797165395,uniform,1,availability,T2ax+FLAIRsag,2,-1
Empty sella syndrome,45,0.644281245750034,0.1172822223876436,uniform,1,availability,T2ax+FLAIRsag,2,-1
Cyst of pineal gland,21,0.7240246871638073,0.04833452208948561,uniform,1,availability,T2ax+FLAIRsag,2,-1
Cerebral edema,43,0.8964704546099895,0.4720712908643121,uniform,1,availability,T2ax+FLAIRsag,2,-1
Mastoiditis,22,0.7020562770562772,0.05157549575357405,uniform,1,availability,T2ax+FLAIRsag,2,-1
Ventriculomegaly,64,0.8870222431077694,0.4169044601206348,uniform,1,availability,T2ax+FLAIRsag,2,-1
Cerebellar degeneration,39,0.8332554444340592,0.29894039441454284,uniform,1,availability,T2ax+FLAIRsag,2,-1
Mega cisterna magna,22,0.6208874458874459,0.03663768921604255,uniform,1,availability,T2ax+FLAIRsag,2,-1
Cerebral infarction,26,0.8369065145380934,0.32706660801004606,uniform,1,availability,T2ax+FLAIRax,2,-1
Cerebral hemorrhage,20,0.869061757719715,0.158605808610858,uniform,1,availability,T2ax+FLAIRax,2,-1
Gliosis,284,0.7282701398703642,0.586067535327515,uniform,1,availability,T2ax+FLAIRax,2,-1
Cerebral atrophy,102,0.94046697626419,0.7044435835191162,uniform,1,availability,T2ax+FLAIRax,2,-1
Arachnoid cyst,43,0.7115597580713859,0.09900702434202109,uniform,1,availability,T2ax+FLAIRax,2,-1
Empty sella syndrome,45,0.6246974024207805,0.1063420729830325,uniform,1,availability,T2ax+FLAIRax,2,-1
Cyst of pineal gland,21,0.7339335258479135,0.05470338992583371,uniform,1,availability,T2ax+FLAIRax,2,-1
Cerebral edema,43,0.9030865775051821,0.5154222508569236,uniform,1,availability,T2ax+FLAIRax,2,-1
Mastoiditis,22,0.6637987012987012,0.05033994386266023,uniform,1,availability,T2ax+FLAIRax,2,-1
Ventriculomegaly,64,0.8979284147869675,0.4257269497026042,uniform,1,availability,T2ax+FLAIRax,2,-1
Cerebellar degeneration,39,0.8593326479110197,0.33561623444572447,uniform,1,availability,T2ax+FLAIRax,2,-1
Mega cisterna magna,22,0.6787337662337662,0.04620411195817781,uniform,1,availability,T2ax+FLAIRax,2,-1
Cerebral infarction,26,0.8416912035333088,0.22966874081794567,uniform,1,availability,T1ax+SWIax,2,-1
Cerebral hemorrhage,20,0.8732779097387173,0.170716936462762,uniform,1,availability,T1ax+SWIax,2,-1
Gliosis,284,0.7216116769823091,0.5830991231663735,uniform,1,availability,T1ax+SWIax,2,-1
Cerebral atrophy,102,0.9106424148606811,0.612593359264385,uniform,1,availability,T1ax+SWIax,2,-1
Arachnoid cyst,43,0.6840446375330096,0.07987803990127959,uniform,1,availability,T1ax+SWIax,2,-1
Empty sella syndrome,45,0.6217326261389909,0.11896126733741605,uniform,1,availability,T1ax+SWIax,2,-1
Cyst of pineal gland,21,0.7476360341996489,0.06881785450147326,uniform,1,availability,T1ax+SWIax,2,-1
Cerebral edema,43,0.9062100690007667,0.5289321865653098,uniform,1,availability,T1ax+SWIax,2,-1
Mastoiditis,22,0.6662337662337663,0.04770577255410034,uniform,1,availability,T1ax+SWIax,2,-1
Ventriculomegaly,64,0.8819509711779449,0.38463811623520744,uniform,1,availability,T1ax+SWIax,2,-1
Cerebellar degeneration,39,0.8365890893229897,0.27144546863154806,uniform,1,availability,T1ax+SWIax,2,-1
Mega cisterna magna,22,0.6624458874458875,0.04349693532758808,uniform,1,availability,T1ax+SWIax,2,-1
Cerebral infarction,26,0.8362164151637836,0.30112816173932455,uniform,1,availability,T1ax+FLAIRsag,2,-1
Cerebral hemorrhage,20,0.8691805225653207,0.1884955247725075,uniform,1,availability,T1ax+FLAIRsag,2,-1
Gliosis,284,0.7210390369901067,0.5837596011114291,uniform,1,availability,T1ax+FLAIRsag,2,-1
Cerebral atrophy,102,0.932765737874097,0.7081151947551837,uniform,1,availability,T1ax+FLAIRsag,2,-1
Arachnoid cyst,43,0.6980151631314422,0.09295490697284861,uniform,1,availability,T1ax+FLAIRsag,2,-1
Empty sella syndrome,45,0.640391676866585,0.09067846360756329,uniform,1,availability,T1ax+FLAIRsag,2,-1
Cyst of pineal gland,21,0.725893211029953,0.05619555003625656,uniform,1,availability,T1ax+FLAIRsag,2,-1
Cerebral edema,43,0.9134224948178437,0.5506728835411514,uniform,1,availability,T1ax+FLAIRsag,2,-1
Mastoiditis,22,0.7100649350649351,0.0547166346475318,uniform,1,availability,T1ax+FLAIRsag,2,-1
Ventriculomegaly,64,0.8830083020050127,0.4152151187465261,uniform,1,availability,T1ax+FLAIRsag,2,-1
Cerebellar degeneration,39,0.8174595756612767,0.29810737357638406,uniform,1,availability,T1ax+FLAIRsag,2,-1
Mega cisterna magna,22,0.5991883116883117,0.036573855069083956,uniform,1,availability,T1ax+FLAIRsag,2,-1
Cerebral infarction,26,0.8389308060360692,0.3360985744895176,uniform,1,availability,T1ax+FLAIRax,2,-1
Cerebral hemorrhage,20,0.8706650831353919,0.17256640687729644,uniform,1,availability,T1ax+FLAIRax,2,-1
Gliosis,284,0.7184256055363322,0.5907287786952252,uniform,1,availability,T1ax+FLAIRax,2,-1
Cerebral atrophy,102,0.9371646026831786,0.7042904777374958,uniform,1,availability,T1ax+FLAIRax,2,-1
Arachnoid cyst,43,0.7006559332140727,0.09092186602820633,uniform,1,availability,T1ax+FLAIRax,2,-1
Empty sella syndrome,45,0.6224942200462397,0.0978551008044868,uniform,1,availability,T1ax+FLAIRax,2,-1
Cyst of pineal gland,21,0.7225525168450257,0.06134884244321888,uniform,1,availability,T1ax+FLAIRax,2,-1
Cerebral edema,43,0.9184200812107789,0.5815379533484818,uniform,1,availability,T1ax+FLAIRax,2,-1
Mastoiditis,22,0.678409090909091,0.05507927090588045,uniform,1,availability,T1ax+FLAIRax,2,-1
Ventriculomegaly,64,0.8965969611528822,0.44067920443558956,uniform,1,availability,T1ax+FLAIRax,2,-1
Cerebellar degeneration,39,0.8549085584322522,0.3256673103175844,uniform,1,availability,T1ax+FLAIRax,2,-1
Mega cisterna magna,22,0.6827380952380953,0.04641885901261497,uniform,1,availability,T1ax+FLAIRax,2,-1
Cerebral infarction,26,0.8500644092749355,0.3032709861201819,uniform,1,availability,T1ax+T2ax,2,-1
Cerebral hemorrhage,20,0.8562945368171021,0.1567938883049367,uniform,1,availability,T1ax+T2ax,2,-1
Gliosis,284,0.7309383985574346,0.5871473684268866,uniform,1,availability,T1ax+T2ax,2,-1
Cerebral atrophy,102,0.931062951496388,0.6822423943460566,uniform,1,availability,T1ax+T2ax,2,-1
Arachnoid cyst,43,0.701252236135957,0.09005943603798774,uniform,1,availability,T1ax+T2ax,2,-1
Empty sella syndrome,45,0.618876648986808,0.11391286975842638,uniform,1,availability,T1ax+T2ax,2,-1
Cyst of pineal gland,21,0.7365381348734499,0.056726496452789106,uniform,1,availability,T1ax+T2ax,2,-1
Cerebral edema,43,0.8920975665161711,0.4847638534500599,uniform,1,availability,T1ax+T2ax,2,-1
Mastoiditis,22,0.6796536796536796,0.04849924702097819,uniform,1,availability,T1ax+T2ax,2,-1
Ventriculomegaly,64,0.8968515037593985,0.4313968420254468,uniform,1,availability,T1ax+T2ax,2,-1
Cerebellar degeneration,39,0.8432563791008506,0.35928521091879995,uniform,1,availability,T1ax+T2ax,2,-1
Mega cisterna magna,22,0.65741341991342,0.04179914693363245,uniform,1,availability,T1ax+T2ax,2,-1
Cerebral infarction,26,0.8297294810452704,0.31786084976312956,uniform,1,availability,FLAIRax+FLAIRsag+SWIax,3,-1
Cerebral hemorrhage,20,0.8828978622327791,0.21166582734927608,uniform,1,availability,FLAIRax+FLAIRsag+SWIax,3,-1
Gliosis,284,0.7245236122618062,0.5987327798282404,uniform,1,availability,FLAIRax+FLAIRsag+SWIax,3,-1
Cerebral atrophy,102,0.9342234262125904,0.6883764234991453,uniform,1,availability,FLAIRax+FLAIRsag+SWIax,3,-1
Arachnoid cyst,43,0.7063634040378226,0.09259847410502303,uniform,1,availability,FLAIRax+FLAIRsag+SWIax,3,-1
Empty sella syndrome,45,0.6422140622875017,0.09925677588282072,uniform,1,availability,FLAIRax+FLAIRsag+SWIax,3,-1
Cyst of pineal gland,21,0.7284978200554895,0.05652959847559948,uniform,1,availability,FLAIRax+FLAIRsag+SWIax,3,-1
Cerebral edema,43,0.9196694778090126,0.5375593341422941,uniform,1,availability,FLAIRax+FLAIRsag+SWIax,3,-1
Mastoiditis,22,0.6803030303030303,0.0497598364570216,uniform,1,availability,FLAIRax+FLAIRsag+SWIax,3,-1
Ventriculomegaly,64,0.8799929511278195,0.41121300001753797,uniform,1,availability,FLAIRax+FLAIRsag+SWIax,3,-1
Cerebellar degeneration,39,0.8405770009658224,0.27248569912277737,uniform,1,availability,FLAIRax+FLAIRsag+SWIax,3,-1
Mega cisterna magna,22,0.6589285714285714,0.04200510629034927,uniform,1,availability,FLAIRax+FLAIRsag+SWIax,3,-1
Cerebral infarction,26,0.8396669120353331,0.2713407578878564,uniform,1,availability,T2ax+FLAIRsag+SWIax,3,-1
Cerebral hemorrhage,20,0.8779691211401426,0.16376831269409797,uniform,1,availability,T2ax+FLAIRsag+SWIax,3,-1
Gliosis,284,0.7332533261854868,0.5937290689153577,uniform,1,availability,T2ax+FLAIRsag+SWIax,3,-1
Cerebral atrophy,102,0.9326625386996904,0.6620016809541799,uniform,1,availability,T2ax+FLAIRsag+SWIax,3,-1
Arachnoid cyst,43,0.7051991935712866,0.09279513154703435,uniform,1,availability,T2ax+FLAIRsag+SWIax,3,-1
Empty sella syndrome,45,0.6422412620699034,0.13932553618881563,uniform,1,availability,T2ax+FLAIRsag+SWIax,3,-1
Cyst of pineal gland,21,0.7365381348734499,0.05195106552856677,uniform,1,availability,T2ax+FLAIRsag+SWIax,3,-1
Cerebral edema,43,0.905017463156998,0.45969951657778607,uniform,1,availability,T2ax+FLAIRsag+SWIax,3,-1
Mastoiditis,22,0.6872835497835498,0.049091415121108456,uniform,1,availability,T2ax+FLAIRsag+SWIax,3,-1
Ventriculomegaly,64,0.8827929197994988,0.4144733897956757,uniform,1,availability,T2ax+FLAIRsag+SWIax,3,-1
Cerebellar degeneration,39,0.834626289061283,0.2961548644626747,uniform,1,availability,T2ax+FLAIRsag+SWIax,3,-1
Mega cisterna magna,22,0.6415043290043291,0.03925375610769369,uniform,1,availability,T2ax+FLAIRsag+SWIax,3,-1
Cerebral infarction,26,0.8385627530364372,0.33454489952895117,uniform,1,availability,T2ax+FLAIRax+SWIax,3,-1
Cerebral hemorrhage,20,0.8742874109263657,0.15534134751790418,uniform,1,availability,T2ax+FLAIRax+SWIax,3,-1
Gliosis,284,0.731925288756762,0.599835453414093,uniform,1,availability,T2ax+FLAIRax+SWIax,3,-1
Cerebral atrophy,102,0.9341073271413829,0.6787275236223613,uniform,1,availability,T2ax+FLAIRax+SWIax,3,-1
Arachnoid cyst,43,0.705994264133799,0.09169637205024998,uniform,1,availability,T2ax+FLAIRax+SWIax,3,-1
Empty sella syndrome,45,0.6292397660818713,0.1208141467599978,uniform,1,availability,T2ax+FLAIRax+SWIax,3,-1
Cyst of pineal gland,21,0.7458241322688409,0.058287008638675225,uniform,1,availability,T2ax+FLAIRax+SWIax,3,-1
Cerebral edema,43,0.9075730471079307,0.49152501532042175,uniform,1,availability,T2ax+FLAIRax+SWIax,3,-1
Mastoiditis,22,0.6575216450216451,0.04901796369949511,uniform,1,availability,T2ax+FLAIRax+SWIax,3,-1
Ventriculomegaly,64,0.8921914160401002,0.4246997799535373,uniform,1,availability,T2ax+FLAIRax+SWIax,3,-1
Cerebellar degeneration,39,0.8575567810075708,0.32112728641438376,uniform,1,availability,T2ax+FLAIRax+SWIax,3,-1
Mega cisterna magna,22,0.6824675324675326,0.04668391434818472,uniform,1,availability,T2ax+FLAIRax+SWIax,3,-1
Cerebral infarction,26,0.8380566801619433,0.3399085740407545,uniform,1,availability,T2ax+FLAIRax+FLAIRsag,3,-1
Cerebral hemorrhage,20,0.8748218527315914,0.16997481640334858,uniform,1,availability,T2ax+FLAIRax+FLAIRsag,3,-1
Gliosis,284,0.7326258589599884,0.5920291388268651,uniform,1,availability,T2ax+FLAIRax+FLAIRsag,3,-1
Cerebral atrophy,102,0.9457817337461301,0.7206951826565234,uniform,1,availability,T2ax+FLAIRax+FLAIRsag,3,-1
Arachnoid cyst,43,0.717806741062555,0.1142763983227113,uniform,1,availability,T2ax+FLAIRax+FLAIRsag,3,-1
Empty sella syndrome,45,0.6403372773017816,0.1078789092551734,uniform,1,availability,T2ax+FLAIRax+FLAIRsag,3,-1
Cyst of pineal gland,21,0.7307626974689995,0.05364623629915465,uniform,1,availability,T2ax+FLAIRax+FLAIRsag,3,-1
Cerebral edema,43,0.9099298634182355,0.5290096585827968,uniform,1,availability,T2ax+FLAIRax+FLAIRsag,3,-1
Mastoiditis,22,0.6898268398268398,0.05266089898255467,uniform,1,availability,T2ax+FLAIRax+FLAIRsag,3,-1
Ventriculomegaly,64,0.8915648496240601,0.42846259241936924,uniform,1,availability,T2ax+FLAIRax+FLAIRsag,3,-1
Cerebellar degeneration,39,0.8458422905567498,0.3119511547588618,uniform,1,availability,T2ax+FLAIRax+FLAIRsag,3,-1
Mega cisterna magna,22,0.6575757575757576,0.04189575996128649,uniform,1,availability,T2ax+FLAIRax+FLAIRsag,3,-1
Cerebral infarction,26,0.8388387927861612,0.29231227785153896,uniform,1,availability,T1ax+FLAIRsag+SWIax,3,-1
Cerebral hemorrhage,20,0.8805225653206651,0.17855744212473001,uniform,1,availability,T1ax+FLAIRsag+SWIax,3,-1
Gliosis,284,0.7249013109800673,0.5927515124831959,uniform,1,availability,T1ax+FLAIRsag+SWIax,3,-1
Cerebral atrophy,102,0.928031475748194,0.6766789452292148,uniform,1,availability,T1ax+FLAIRsag+SWIax,3,-1
Arachnoid cyst,43,0.6931595536246699,0.08573684488991279,uniform,1,availability,T1ax+FLAIRsag+SWIax,3,-1
Empty sella syndrome,45,0.6404732762137902,0.11041229563381214,uniform,1,availability,T1ax+FLAIRsag+SWIax,3,-1
Cyst of pineal gland,21,0.7408980238944567,0.06401709240807082,uniform,1,availability,T1ax+FLAIRsag+SWIax,3,-1
Cerebral edema,43,0.917852173666127,0.5447965629049151,uniform,1,availability,T1ax+FLAIRsag+SWIax,3,-1
Mastoiditis,22,0.6972402597402597,0.052537292080895345,uniform,1,availability,T1ax+FLAIRsag+SWIax,3,-1
Ventriculomegaly,64,0.8814418859649122,0.4006663414776855,uniform,1,availability,T1ax+FLAIRsag+SWIax,3,-1
Cerebellar degeneration,39,0.827460510328068,0.27893811117996853,uniform,1,availability,T1ax+FLAIRsag+SWIax,3,-1
Mega cisterna magna,22,0.6313852813852814,0.039447290106015054,uniform,1,availability,T1ax+FLAIRsag+SWIax,3,-1
Cerebral infarction,26,0.8390688259109311,0.32546715072002813,uniform,1,availability,T1ax+FLAIRax+SWIax,3,-1
Cerebral hemorrhage,20,0.8799881235154394,0.17218890255876218,uniform,1,availability,T1ax+FLAIRax+SWIax,3,-1
Gliosis,284,0.7243530386471075,0.6003486788561148,uniform,1,availability,T1ax+FLAIRax+SWIax,3,-1
Cerebral atrophy,102,0.9302631578947368,0.6799238099059887,uniform,1,availability,T1ax+FLAIRax+SWIax,3,-1
Arachnoid cyst,43,0.6971633018144646,0.08593580845895243,uniform,1,availability,T1ax+FLAIRax+SWIax,3,-1
Empty sella syndrome,45,0.6268461852305182,0.11479453052775983,uniform,1,availability,T1ax+FLAIRax+SWIax,3,-1
Cyst of pineal gland,21,0.741520865183172,0.06676257207826342,uniform,1,availability,T1ax+FLAIRax+SWIax,3,-1
Cerebral edema,43,0.9198114546951756,0.5552872068658834,uniform,1,availability,T1ax+FLAIRax+SWIax,3,-1
Mastoiditis,22,0.6692640692640693,0.05201505314056529,uniform,1,availability,T1ax+FLAIRax+SWIax,3,-1
Ventriculomegaly,64,0.8909382832080202,0.4208628564329527,uniform,1,availability,T1ax+FLAIRax+SWIax,3,-1
Cerebellar degeneration,39,0.8550331806710907,0.3079903840311035,uniform,1,availability,T1ax+FLAIRax+SWIax,3,-1
Mega cisterna magna,22,0.6821969696969697,0.04572000017194906,uniform,1,availability,T1ax+FLAIRax+SWIax,3,-1
Cerebral infarction,26,0.8365844681634155,0.32605935074499676,uniform,1,availability,T1ax+FLAIRax+FLAIRsag,3,-1
Cerebral hemorrhage,20,0.8757719714964372,0.19875264040202456,uniform,1,availability,T1ax+FLAIRax+FLAIRsag,3,-1
Gliosis,284,0.7248586675763926,0.5963820643136657,uniform,1,availability,T1ax+FLAIRax+FLAIRsag,3,-1
Cerebral atrophy,102,0.9429179566563468,0.7282310112170993,uniform,1,availability,T1ax+FLAIRax+FLAIRsag,3,-1
Arachnoid cyst,43,0.707783172899452,0.09875924173691018,uniform,1,availability,T1ax+FLAIRax+FLAIRsag,3,-1
Empty sella syndrome,45,0.6389772881816945,0.09153474925417357,uniform,1,availability,T1ax+FLAIRax+FLAIRsag,3,-1
Cyst of pineal gland,21,0.7279316007021119,0.057688833177501384,uniform,1,availability,T1ax+FLAIRax+FLAIRsag,3,-1
Cerebral edema,43,0.9198114546951756,0.5818690980704609,uniform,1,availability,T1ax+FLAIRax+FLAIRsag,3,-1
Mastoiditis,22,0.6966450216450217,0.05652019671727328,uniform,1,availability,T1ax+FLAIRax+FLAIRsag,3,-1
Ventriculomegaly,64,0.8896655701754386,0.43183877500847845,uniform,1,availability,T1ax+FLAIRax+FLAIRsag,3,-1
Cerebellar degeneration,39,0.8398604230925009,0.3056523803449003,uniform,1,availability,T1ax+FLAIRax+FLAIRsag,3,-1
Mega cisterna magna,22,0.6490259740259741,0.04054626475544133,uniform,1,availability,T1ax+FLAIRax+FLAIRsag,3,-1
Cerebral infarction,26,0.8459698196540302,0.28063388213368695,uniform,1,availability,T1ax+T2ax+SWIax,3,-1
Cerebral hemorrhage,20,0.8664489311163895,0.15678247628558217,uniform,1,availability,T1ax+T2ax+SWIax,3,-1
Gliosis,284,0.7333142453335934,0.5950372690752719,uniform,1,availability,T1ax+T2ax+SWIax,3,-1
Cerebral atrophy,102,0.9273735810113519,0.655995477062759,uniform,1,availability,T1ax+T2ax+SWIax,3,-1
Arachnoid cyst,43,0.6965386035153477,0.08596410626717624,uniform,1,availability,T1ax+T2ax+SWIax,3,-1
Empty sella syndrome,45,0.6240446076431388,0.12858121203342388,uniform,1,availability,T1ax+T2ax+SWIax,3,-1
Cyst of pineal gland,21,0.7513164599966027,0.062062472710225206,uniform,1,availability,T1ax+T2ax+SWIax,3,-1
Cerebral edema,43,0.8995939461055741,0.4941946537157114,uniform,1,availability,T1ax+T2ax+SWIax,3,-1
Mastoiditis,22,0.6694805194805196,0.04854338693703965,uniform,1,availability,T1ax+T2ax+SWIax,3,-1
Ventriculomegaly,64,0.8923088972431077,0.4170700741240717,uniform,1,availability,T1ax+T2ax+SWIax,3,-1
Cerebellar degeneration,39,0.8444714459295262,0.3354066710657423,uniform,1,availability,T1ax+T2ax+SWIax,3,-1
Mega cisterna magna,22,0.66504329004329,0.043139842835085276,uniform,1,availability,T1ax+T2ax+SWIax,3,-1
Cerebral infarction,26,0.847165991902834,0.3126268939285294,uniform,1,availability,T1ax+T2ax+FLAIRsag,3,-1
Cerebral hemorrhage,20,0.8695961995249406,0.17166224231635827,uniform,1,availability,T1ax+T2ax+FLAIRsag,3,-1
Gliosis,284,0.7342706759588674,0.5939222754833164,uniform,1,availability,T1ax+T2ax+FLAIRsag,3,-1
Cerebral atrophy,102,0.9404153766769865,0.7137578387880544,uniform,1,availability,T1ax+T2ax+FLAIRsag,3,-1
Arachnoid cyst,43,0.705369565834682,0.09583176383657158,uniform,1,availability,T1ax+T2ax+FLAIRsag,3,-1
Empty sella syndrome,45,0.6407452740378077,0.11238041033517271,uniform,1,availability,T1ax+T2ax+FLAIRsag,3,-1
Cyst of pineal gland,21,0.7384066587395957,0.0558408016368715,uniform,1,availability,T1ax+T2ax+FLAIRsag,3,-1
Cerebral edema,43,0.9073174887128376,0.5116660213918223,uniform,1,availability,T1ax+T2ax+FLAIRsag,3,-1
Mastoiditis,22,0.7024891774891775,0.05236239288463444,uniform,1,availability,T1ax+T2ax+FLAIRsag,3,-1
Ventriculomegaly,64,0.8926417606516291,0.43057216240400087,uniform,1,availability,T1ax+T2ax+FLAIRsag,3,-1
Cerebellar degeneration,39,0.8367760226812473,0.3374176648300636,uniform,1,availability,T1ax+T2ax+FLAIRsag,3,-1
Mega cisterna magna,22,0.632034632034632,0.03859471609513681,uniform,1,availability,T1ax+T2ax+FLAIRsag,3,-1
Cerebral infarction,26,0.8446356275303644,0.34824884949957846,uniform,1,availability,T1ax+T2ax+FLAIRax,3,-1
Cerebral hemorrhage,20,0.8687648456057008,0.16565343715890576,uniform,1,availability,T1ax+T2ax+FLAIRax,3,-1
Gliosis,284,0.729665188362006,0.5956154812921011,uniform,1,availability,T1ax+T2ax+FLAIRax,3,-1
Cerebral atrophy,102,0.9401960784313725,0.7040054025378465,uniform,1,availability,T1ax+T2ax+FLAIRax,3,-1
Arachnoid cyst,43,0.7051140074395889,0.09306710423409575,uniform,1,availability,T1ax+T2ax+FLAIRax,3,-1
Empty sella syndrome,45,0.6238814089487283,0.10992182542204926,uniform,1,availability,T1ax+T2ax+FLAIRax,3,-1
Cyst of pineal gland,21,0.7337070381065625,0.057366864165853654,uniform,1,availability,T1ax+T2ax+FLAIRax,3,-1
Cerebral edema,43,0.9093903512508164,0.5352219068589036,uniform,1,availability,T1ax+T2ax+FLAIRax,3,-1
Mastoiditis,22,0.6765692640692641,0.0518812658790142,uniform,1,availability,T1ax+T2ax+FLAIRax,3,-1
Ventriculomegaly,64,0.9001018170426065,0.4432436612896987,uniform,1,availability,T1ax+T2ax+FLAIRax,3,-1
Cerebellar degeneration,39,0.8556874474249929,0.34697170070773836,uniform,1,availability,T1ax+T2ax+FLAIRax,3,-1
Mega cisterna magna,22,0.6738095238095239,0.044733276750933214,uniform,1,availability,T1ax+T2ax+FLAIRax,3,-1
Cerebral infarction,26,0.8376886271623114,0.3309414590400342,uniform,1,availability,T2ax+FLAIRax+FLAIRsag+SWIax,4,-1
Cerebral hemorrhage,20,0.8800475059382422,0.17049360063192961,uniform,1,availability,T2ax+FLAIRax+FLAIRsag+SWIax,4,-1
Gliosis,284,0.732991373848628,0.6018498056525375,uniform,1,availability,T2ax+FLAIRax+FLAIRsag+SWIax,4,-1
Cerebral atrophy,102,0.9396413828689371,0.6950274408693072,uniform,1,availability,T2ax+FLAIRax+FLAIRsag+SWIax,4,-1
Arachnoid cyst,43,0.7104523383593151,0.09698558863381639,uniform,1,availability,T2ax+FLAIRax+FLAIRsag+SWIax,4,-1
Empty sella syndrome,45,0.641343669250646,0.12329105550975106,uniform,1,availability,T2ax+FLAIRax+FLAIRsag+SWIax,4,-1
Cyst of pineal gland,21,0.737444085838854,0.05628080464515498,uniform,1,availability,T2ax+FLAIRax+FLAIRsag+SWIax,4,-1
Cerebral edema,43,0.9127126103870289,0.5033179997238528,uniform,1,availability,T2ax+FLAIRax+FLAIRsag+SWIax,4,-1
Mastoiditis,22,0.6825216450216449,0.05051198048696106,uniform,1,availability,T2ax+FLAIRax+FLAIRsag+SWIax,4,-1
Ventriculomegaly,64,0.8888627819548872,0.43017767592771244,uniform,1,availability,T2ax+FLAIRax+FLAIRsag+SWIax,4,-1
Cerebellar degeneration,39,0.8466523351092002,0.30355564718645855,uniform,1,availability,T2ax+FLAIRax+FLAIRsag+SWIax,4,-1
Mega cisterna magna,22,0.662987012987013,0.04264069364447541,uniform,1,availability,T2ax+FLAIRax+FLAIRsag+SWIax,4,-1
Cerebral infarction,26,0.8374585940375414,0.3212539239726038,uniform,1,availability,T1ax+FLAIRax+FLAIRsag+SWIax,4,-1
Cerebral hemorrhage,20,0.8809382422802849,0.17569140606318054,uniform,1,availability,T1ax+FLAIRax+FLAIRsag+SWIax,4,-1
Gliosis,284,0.7270212973341781,0.6025436189078062,uniform,1,availability,T1ax+FLAIRax+FLAIRsag+SWIax,4,-1
Cerebral atrophy,102,0.9371646026831786,0.707845956668714,uniform,1,availability,T1ax+FLAIRax+FLAIRsag+SWIax,4,-1
Arachnoid cyst,43,0.7023312604707954,0.09060098543503506,uniform,1,availability,T1ax+FLAIRax+FLAIRsag+SWIax,4,-1
Empty sella syndrome,45,0.642078063375493,0.10249753318017733,uniform,1,availability,T1ax+FLAIRax+FLAIRsag+SWIax,4,-1
Cyst of pineal gland,21,0.7373874639035163,0.06230876513875124,uniform,1,availability,T1ax+FLAIRax+FLAIRsag+SWIax,4,-1
Cerebral edema,43,0.9219411079876196,0.5710211138160175,uniform,1,availability,T1ax+FLAIRax+FLAIRsag+SWIax,4,-1
Mastoiditis,22,0.6884199134199135,0.052903657469109175,uniform,1,availability,T1ax+FLAIRax+FLAIRsag+SWIax,4,-1
Ventriculomegaly,64,0.8878250313283209,0.4233673206730146,uniform,1,availability,T1ax+FLAIRax+FLAIRsag+SWIax,4,-1
Cerebellar degeneration,39,0.8436302458173661,0.29674216318657337,uniform,1,availability,T1ax+FLAIRax+FLAIRsag+SWIax,4,-1
Mega cisterna magna,22,0.6577380952380952,0.041596593635092084,uniform,1,availability,T1ax+FLAIRax+FLAIRsag+SWIax,4,-1
Cerebral infarction,26,0.8454177401545822,0.3106364811340241,uniform,1,availability,T1ax+T2ax+FLAIRsag+SWIax,4,-1
Cerebral hemorrhage,20,0.8767814726840855,0.16855747742370608,uniform,1,availability,T1ax+T2ax+FLAIRsag+SWIax,4,-1
Gliosis,284,0.7342524002144354,0.5992802654966158,uniform,1,availability,T1ax+T2ax+FLAIRsag+SWIax,4,-1
Cerebral atrophy,102,0.9357456140350877,0.6910702933001234,uniform,1,availability,T1ax+T2ax+FLAIRsag+SWIax,4,-1
Arachnoid cyst,43,0.7006843285913052,0.08922447091103139,uniform,1,availability,T1ax+T2ax+FLAIRsag+SWIax,4,-1
Empty sella syndrome,45,0.6411804705562355,0.13108887748134945,uniform,1,availability,T1ax+T2ax+FLAIRsag+SWIax,4,-1
Cyst of pineal gland,21,0.7467867051695827,0.05986720196769894,uniform,1,availability,T1ax+T2ax+FLAIRsag+SWIax,4,-1
Cerebral edema,43,0.9108101201124457,0.5135831978404904,uniform,1,availability,T1ax+T2ax+FLAIRsag+SWIax,4,-1
Mastoiditis,22,0.6938852813852814,0.051232361916226085,uniform,1,availability,T1ax+T2ax+FLAIRsag+SWIax,4,-1
Ventriculomegaly,64,0.8891956453634086,0.42050543797313567,uniform,1,availability,T1ax+T2ax+FLAIRsag+SWIax,4,-1
Cerebellar degeneration,39,0.8384584229055675,0.32596293660925657,uniform,1,availability,T1ax+T2ax+FLAIRsag+SWIax,4,-1
Mega cisterna magna,22,0.6460497835497835,0.04018107478235249,uniform,1,availability,T1ax+T2ax+FLAIRsag+SWIax,4,-1
Cerebral infarction,26,0.8438075082811924,0.335214902630408,uniform,1,availability,T1ax+T2ax+FLAIRax+SWIax,4,-1
Cerebral hemorrhage,20,0.8748812351543943,0.16892836358199007,uniform,1,availability,T1ax+T2ax+FLAIRax+SWIax,4,-1
Gliosis,284,0.7316998879087675,0.6027072720051313,uniform,1,availability,T1ax+T2ax+FLAIRax+SWIax,4,-1
Cerebral atrophy,102,0.9358101135190919,0.6885831281273527,uniform,1,availability,T1ax+T2ax+FLAIRax+SWIax,4,-1
Arachnoid cyst,43,0.7018769344350739,0.08881541525408146,uniform,1,availability,T1ax+T2ax+FLAIRax+SWIax,4,-1
Empty sella syndrome,45,0.6258397932816537,0.11865014906845998,uniform,1,availability,T1ax+T2ax+FLAIRax+SWIax,4,-1
Cyst of pineal gland,21,0.7458807542041788,0.06326562154711335,uniform,1,availability,T1ax+T2ax+FLAIRax+SWIax,4,-1
Cerebral edema,43,0.9114632137887951,0.5177962445929801,uniform,1,availability,T1ax+T2ax+FLAIRax+SWIax,4,-1
Mastoiditis,22,0.6692099567099568,0.050748669615632944,uniform,1,availability,T1ax+T2ax+FLAIRax+SWIax,4,-1
Ventriculomegaly,64,0.8962053571428572,0.43518801359786724,uniform,1,availability,T1ax+T2ax+FLAIRax+SWIax,4,-1
Cerebellar degeneration,39,0.8553135807084774,0.336381470794834,uniform,1,availability,T1ax+T2ax+FLAIRax+SWIax,4,-1
Mega cisterna magna,22,0.6776515151515151,0.045055475961410414,uniform,1,availability,T1ax+T2ax+FLAIRax+SWIax,4,-1
Cerebral infarction,26,0.8424733161575266,0.336679635971473,uniform,1,availability,T1ax+T2ax+FLAIRax+FLAIRsag,4,-1
Cerebral hemorrhage,20,0.8747030878859858,0.1794220515489671,uniform,1,availability,T1ax+T2ax+FLAIRax+FLAIRsag,4,-1
Gliosis,284,0.7323517227935086,0.5965147782651596,uniform,1,availability,T1ax+T2ax+FLAIRax+FLAIRsag,4,-1
Cerebral atrophy,102,0.9441434468524252,0.7213280226452733,uniform,1,availability,T1ax+T2ax+FLAIRax+FLAIRsag,4,-1
Arachnoid cyst,43,0.7099980123235937,0.09851341179765812,uniform,1,availability,T1ax+T2ax+FLAIRax+FLAIRsag,4,-1
Empty sella syndrome,45,0.6376444988440092,0.1065876243178857,uniform,1,availability,T1ax+T2ax+FLAIRax+FLAIRsag,4,-1
Cyst of pineal gland,21,0.7352924522960196,0.05726712168893707,uniform,1,availability,T1ax+T2ax+FLAIRax+FLAIRsag,4,-1
Cerebral edema,43,0.9147002867933101,0.5357239594777155,uniform,1,availability,T1ax+T2ax+FLAIRax+FLAIRsag,4,-1
Mastoiditis,22,0.69258658008658,0.05370330292084832,uniform,1,availability,T1ax+T2ax+FLAIRax+FLAIRsag,4,-1
Ventriculomegaly,64,0.8948739035087719,0.44112207581099383,uniform,1,availability,T1ax+T2ax+FLAIRax+FLAIRsag,4,-1
Cerebellar degeneration,39,0.8457799794373307,0.32881410714136855,uniform,1,availability,T1ax+T2ax+FLAIRax+FLAIRsag,4,-1
Mega cisterna magna,22,0.6570887445887447,0.04174221801853837,uniform,1,availability,T1ax+T2ax+FLAIRax+FLAIRsag,4,-1
Cerebral infarction,26,0.8419212366580787,0.32429174049997506,uniform,1,availability,T1ax+T2ax+FLAIRax+FLAIRsag+SWIax,5,-1
Cerebral hemorrhage,20,0.8789192399049881,0.1709559631840402,uniform,1,availability,T1ax+T2ax+FLAIRax+FLAIRsag+SWIax,5,-1
Gliosis,284,0.7330583849115454,0.6034513812349336,uniform,1,availability,T1ax+T2ax+FLAIRax+FLAIRsag+SWIax,5,-1
Cerebral atrophy,102,0.9399896800825593,0.7032502745701713,uniform,1,availability,T1ax+T2ax+FLAIRax+FLAIRsag+SWIax,5,-1
Arachnoid cyst,43,0.7051424028168214,0.09228658683584615,uniform,1,availability,T1ax+T2ax+FLAIRax+FLAIRsag+SWIax,5,-1
Empty sella syndrome,45,0.639249286005712,0.11955019870214859,uniform,1,availability,T1ax+T2ax+FLAIRax+FLAIRsag+SWIax,5,-1
Cyst of pineal gland,21,0.7425400600192514,0.060304545001317086,uniform,1,availability,T1ax+T2ax+FLAIRax+FLAIRsag+SWIax,5,-1
Cerebral edema,43,0.9164324048044978,0.5324123467088036,uniform,1,availability,T1ax+T2ax+FLAIRax+FLAIRsag+SWIax,5,-1
Mastoiditis,22,0.686525974025974,0.05193113147488683,uniform,1,availability,T1ax+T2ax+FLAIRax+FLAIRsag+SWIax,5,-1
Ventriculomegaly,64,0.892015194235589,0.4346032518318225,uniform,1,availability,T1ax+T2ax+FLAIRax+FLAIRsag+SWIax,5,-1
Cerebellar degeneration,39,0.84752469078107,0.3239011696846869,uniform,1,availability,T1ax+T2ax+FLAIRax+FLAIRsag+SWIax,5,-1
Mega cisterna magna,22,0.6603896103896104,0.04208603511798615,uniform,1,availability,T1ax+T2ax+FLAIRax+FLAIRsag+SWIax,5,-1
Cerebral infarction,26,0.8410931174089069,0.306385267710574,uniform,1,budget,allinputs,1,1
Cerebral hemorrhage,20,0.8497030878859858,0.17554766512349074,uniform,1,budget,allinputs,1,1
Gliosis,284,0.7116940396705492,0.5708712748781314,uniform,1,budget,allinputs,1,1
Cerebral atrophy,102,0.9125515995872033,0.6537648350813448,uniform,1,budget,allinputs,1,1
Arachnoid cyst,43,0.6832495669704972,0.08245586187627067,uniform,1,budget,allinputs,1,1
Empty sella syndrome,45,0.6114239086087311,0.10112116865993248,uniform,1,budget,allinputs,1,1
Cyst of pineal gland,21,0.7204008833021913,0.059109799618015824,uniform,1,budget,allinputs,1,1
Cerebral edema,43,0.893886475281824,0.49878836858377523,uniform,1,budget,allinputs,1,1
Mastoiditis,22,0.6791125541125541,0.04856171892693896,uniform,1,budget,allinputs,1,1
Ventriculomegaly,64,0.8841439536340853,0.39788840947859416,uniform,1,budget,allinputs,1,1
Cerebellar degeneration,39,0.8221329096177212,0.3102370271480154,uniform,1,budget,allinputs,1,1
Mega cisterna magna,22,0.6465909090909091,0.04223868183807176,uniform,1,budget,allinputs,1,1
Cerebral infarction,26,0.8500644092749355,0.3032709861201819,uniform,1,budget,allinputs,2,2
Cerebral hemorrhage,20,0.8562945368171021,0.1567938883049367,uniform,1,budget,allinputs,2,2
Gliosis,284,0.7309383985574346,0.5871473684268866,uniform,1,budget,allinputs,2,2
Cerebral atrophy,102,0.931062951496388,0.6822423943460566,uniform,1,budget,allinputs,2,2
Arachnoid cyst,43,0.701252236135957,0.09005943603798774,uniform,1,budget,allinputs,2,2
Empty sella syndrome,45,0.618876648986808,0.11391286975842638,uniform,1,budget,allinputs,2,2
Cyst of pineal gland,21,0.7365381348734499,0.056726496452789106,uniform,1,budget,allinputs,2,2
Cerebral edema,43,0.8920975665161711,0.4847638534500599,uniform,1,budget,allinputs,2,2
Mastoiditis,22,0.6796536796536796,0.04849924702097819,uniform,1,budget,allinputs,2,2
Ventriculomegaly,64,0.8968515037593985,0.4313968420254468,uniform,1,budget,allinputs,2,2
Cerebellar degeneration,39,0.8432563791008506,0.35928521091879995,uniform,1,budget,allinputs,2,2
Mega cisterna magna,22,0.65741341991342,0.04179914693363245,uniform,1,budget,allinputs,2,2
Cerebral infarction,26,0.8446356275303644,0.34824884949957846,uniform,1,budget,allinputs,3,3
Cerebral hemorrhage,20,0.8687648456057008,0.16565343715890576,uniform,1,budget,allinputs,3,3
Gliosis,284,0.729665188362006,0.5956154812921011,uniform,1,budget,allinputs,3,3
Cerebral atrophy,102,0.9401960784313725,0.7040054025378465,uniform,1,budget,allinputs,3,3
Arachnoid cyst,43,0.7051140074395889,0.09306710423409575,uniform,1,budget,allinputs,3,3
Empty sella syndrome,45,0.6238814089487283,0.10992182542204926,uniform,1,budget,allinputs,3,3
Cyst of pineal gland,21,0.7337070381065625,0.057366864165853654,uniform,1,budget,allinputs,3,3
Cerebral edema,43,0.9093903512508164,0.5352219068589036,uniform,1,budget,allinputs,3,3
Mastoiditis,22,0.6765692640692641,0.0518812658790142,uniform,1,budget,allinputs,3,3
Ventriculomegaly,64,0.9001018170426065,0.4432436612896987,uniform,1,budget,allinputs,3,3
Cerebellar degeneration,39,0.8556874474249929,0.34697170070773836,uniform,1,budget,allinputs,3,3
Mega cisterna magna,22,0.6738095238095239,0.044733276750933214,uniform,1,budget,allinputs,3,3
Cerebral infarction,26,0.8424733161575266,0.336679635971473,uniform,1,budget,allinputs,4,4
Cerebral hemorrhage,20,0.8747030878859858,0.1794220515489671,uniform,1,budget,allinputs,4,4
Gliosis,284,0.7323517227935086,0.5965147782651596,uniform,1,budget,allinputs,4,4
Cerebral atrophy,102,0.9441434468524252,0.7213280226452733,uniform,1,budget,allinputs,4,4
Arachnoid cyst,43,0.7099980123235937,0.09851341179765812,uniform,1,budget,allinputs,4,4
Empty sella syndrome,45,0.6376444988440092,0.1065876243178857,uniform,1,budget,allinputs,4,4
Cyst of pineal gland,21,0.7352924522960196,0.05726712168893707,uniform,1,budget,allinputs,4,4
Cerebral edema,43,0.9147002867933101,0.5357239594777155,uniform,1,budget,allinputs,4,4
Mastoiditis,22,0.69258658008658,0.05370330292084832,uniform,1,budget,allinputs,4,4
Ventriculomegaly,64,0.8948739035087719,0.44112207581099383,uniform,1,budget,allinputs,4,4
Cerebellar degeneration,39,0.8457799794373307,0.32881410714136855,uniform,1,budget,allinputs,4,4
Mega cisterna magna,22,0.6570887445887447,0.04174221801853837,uniform,1,budget,allinputs,4,4
Cerebral infarction,26,0.8419212366580787,0.32429174049997506,uniform,1,budget,allinputs,5,5
Cerebral hemorrhage,20,0.8789192399049881,0.1709559631840402,uniform,1,budget,allinputs,5,5
Gliosis,284,0.7330583849115454,0.6034513812349336,uniform,1,budget,allinputs,5,5
Cerebral atrophy,102,0.9399896800825593,0.7032502745701713,uniform,1,budget,allinputs,5,5
Arachnoid cyst,43,0.7051424028168214,0.09228658683584615,uniform,1,budget,allinputs,5,5
Empty sella syndrome,45,0.639249286005712,0.11955019870214859,uniform,1,budget,allinputs,5,5
Cyst of pineal gland,21,0.7425400600192514,0.060304545001317086,uniform,1,budget,allinputs,5,5
Cerebral edema,43,0.9164324048044978,0.5324123467088036,uniform,1,budget,allinputs,5,5
Mastoiditis,22,0.686525974025974,0.05193113147488683,uniform,1,budget,allinputs,5,5
Ventriculomegaly,64,0.892015194235589,0.4346032518318225,uniform,1,budget,allinputs,5,5
Cerebellar degeneration,39,0.84752469078107,0.3239011696846869,uniform,1,budget,allinputs,5,5
Mega cisterna magna,22,0.6603896103896104,0.04208603511798615,uniform,1,budget,allinputs,5,5
Cerebral infarction,26,0.7891976444608024,0.14602096321706026,finding,1,availability,SWIax,1,-1
Cerebral hemorrhage,20,0.847209026128266,0.13617167354413268,finding,1,availability,SWIax,1,-1
Gliosis,284,0.6728641746673816,0.5163491127804891,finding,1,availability,SWIax,1,-1
Cerebral atrophy,102,0.8436145510835913,0.42266112681353335,finding,1,availability,SWIax,1,-1
Arachnoid cyst,43,0.6754976289860011,0.07694528333137785,finding,1,availability,SWIax,1,-1
Empty sella syndrome,45,0.623609411124711,0.1413785622681762,finding,1,availability,SWIax,1,-1
Cyst of pineal gland,21,0.7585074457844969,0.06500475420254215,finding,1,availability,SWIax,1,-1
Cerebral edema,43,0.8797171820427634,0.48134596939702895,finding,1,availability,SWIax,1,-1
Mastoiditis,22,0.591396103896104,0.051256978635217575,finding,1,availability,SWIax,1,-1
Ventriculomegaly,64,0.8126958020050126,0.2964611503993175,finding,1,availability,SWIax,1,-1
Cerebellar degeneration,39,0.8062747297255195,0.19165582132471448,finding,1,availability,SWIax,1,-1
Mega cisterna magna,22,0.6194264069264069,0.0410719140661627,finding,1,availability,SWIax,1,-1
Cerebral infarction,26,0.8201601030548399,0.2543098416844019,finding,1,availability,FLAIRsag,1,-1
Cerebral hemorrhage,20,0.8446555819477434,0.13080578111904015,finding,1,availability,FLAIRsag,1,-1
Gliosis,284,0.6921085335542668,0.5407116456811986,finding,1,availability,FLAIRsag,1,-1
Cerebral atrophy,102,0.9018575851393189,0.6085322294638099,finding,1,availability,FLAIRsag,1,-1
Arachnoid cyst,43,0.7051140074395889,0.11631547902439696,finding,1,availability,FLAIRsag,1,-1
Empty sella syndrome,45,0.6376444988440092,0.07862494012369846,finding,1,availability,FLAIRsag,1,-1
Cyst of pineal gland,21,0.728837551667516,0.05428314253060247,finding,1,availability,FLAIRsag,1,-1
Cerebral edema,43,0.8822727659936962,0.3801919534687967,finding,1,availability,FLAIRsag,1,-1
Mastoiditis,22,0.6825757575757577,0.05356763773190003,finding,1,availability,FLAIRsag,1,-1
Ventriculomegaly,64,0.8605498120300752,0.3766593004345038,finding,1,availability,FLAIRsag,1,-1
Cerebellar degeneration,39,0.7887029940492881,0.2263432087653852,finding,1,availability,FLAIRsag,1,-1
Mega cisterna magna,22,0.5781926406926406,0.03743240942256259,finding,1,availability,FLAIRsag,1,-1
Cerebral infarction,26,0.8256348914243651,0.3376043593041951,finding,1,availability,FLAIRax,1,-1
Cerebral hemorrhage,20,0.8414489311163895,0.1175689323104347,finding,1,availability,FLAIRax,1,-1
Gliosis,284,0.695976899459038,0.5585525390798827,finding,1,availability,FLAIRax,1,-1
Cerebral atrophy,102,0.9278379772961816,0.6553858526770815,finding,1,availability,FLAIRax,1,-1
Arachnoid cyst,43,0.7109918505267343,0.1002390760852909,finding,1,availability,FLAIRax,1,-1
Empty sella syndrome,45,0.6085407316741466,0.0770647010458658,finding,1,availability,FLAIRax,1,-1
Cyst of pineal gland,21,0.7400486948643904,0.05946358304634423,finding,1,availability,FLAIRax,1,-1
Cerebral edema,43,0.8922111480251015,0.4575322775358074,finding,1,availability,FLAIRax,1,-1
Mastoiditis,22,0.6600108225108225,0.05677357858757097,finding,1,availability,FLAIRax,1,-1
Ventriculomegaly,64,0.8843201754385965,0.3905168213746511,finding,1,availability,FLAIRax,1,-1
Cerebellar degeneration,39,0.8635698040315294,0.296813742089416,finding,1,availability,FLAIRax,1,-1
Mega cisterna magna,22,0.7061147186147186,0.06220269084219231,finding,1,availability,FLAIRax,1,-1
Cerebral infarction,26,0.8271531100478469,0.22301428717860033,finding,1,availability,T2ax,1,-1
Cerebral hemorrhage,20,0.8201306413301663,0.10780026219458765,finding,1,availability,T2ax,1,-1
Gliosis,284,0.7171158438520395,0.5468170160363947,finding,1,availability,T2ax,1,-1
Cerebral atrophy,102,0.914718782249742,0.636738754905808,finding,1,availability,T2ax,1,-1
Arachnoid cyst,43,0.6852940341312433,0.10130169187726962,finding,1,availability,T2ax,1,-1
Empty sella syndrome,45,0.617843057255542,0.10660342314931669,finding,1,availability,T2ax,1,-1
Cyst of pineal gland,21,0.7459373761395164,0.05741008010357662,finding,1,availability,T2ax,1,-1
Cerebral edema,43,0.8499872220802452,0.3384516442046719,finding,1,availability,T2ax,1,-1
Mastoiditis,22,0.6340367965367966,0.053263685766001816,finding,1,availability,T2ax,1,-1
Ventriculomegaly,64,0.8803453947368421,0.35480589773648863,finding,1,availability,T2ax,1,-1
Cerebellar degeneration,39,0.8403277564881453,0.3047684703785274,finding,1,availability,T2ax,1,-1
Mega cisterna magna,22,0.6812770562770561,0.062478256899676156,finding,1,availability,T2ax,1,-1
Cerebral infarction,26,0.8434394552815605,0.31354946360354286,finding,1,availability,T1ax,1,-1
Cerebral hemorrhage,20,0.8264845605700712,0.14583545936479753,finding,1,availability,T1ax,1,-1
Gliosis,284,0.6969089624250695,0.5504132304726126,finding,1,availability,T1ax,1,-1
Cerebral atrophy,102,0.8925825593395253,0.6137878478032578,finding,1,availability,T1ax,1,-1
Arachnoid cyst,43,0.6762075134168157,0.08680833299998085,finding,1,availability,T1ax,1,-1
Empty sella syndrome,45,0.5900720794233647,0.08749046421307215,finding,1,availability,T1ax,1,-1
Cyst of pineal gland,21,0.7426533038899269,0.06666367839802562,finding,1,availability,T1ax,1,-1
Cerebral edema,43,0.8609194423147912,0.3955134675610501,finding,1,availability,T1ax,1,-1
Mastoiditis,22,0.6498376623376623,0.05664249769417694,finding,1,availability,T1ax,1,-1
Ventriculomegaly,64,0.8743146929824561,0.3677164072562829,finding,1,availability,T1ax,1,-1
Cerebellar degeneration,39,0.8285509549179051,0.31576397317445154,finding,1,availability,T1ax,1,-1
Mega cisterna magna,22,0.6114718614718615,0.046019349645328826,finding,1,availability,T1ax,1,-1
Cerebral infarction,26,0.8270610967979388,0.2229364405335638,finding,1,availability,FLAIRsag+SWIax,2,-1
Cerebral hemorrhage,20,0.8551662707838481,0.13821261677959373,finding,1,availability,FLAIRsag+SWIax,2,-1
Gliosis,284,0.700119401530289,0.5544761378271794,finding,1,availability,FLAIRsag+SWIax,2,-1
Cerebral atrophy,102,0.9067982456140351,0.5742763118027875,finding,1,availability,FLAIRsag+SWIax,2,-1
Arachnoid cyst,43,0.690689155805435,0.08691714648118525,finding,1,availability,FLAIRsag+SWIax,2,-1
Empty sella syndrome,45,0.6436828505371958,0.09103972763942578,finding,1,availability,FLAIRsag+SWIax,2,-1
Cyst of pineal gland,21,0.7633769322235434,0.06674186398490503,finding,1,availability,FLAIRsag+SWIax,2,-1
Cerebral edema,43,0.8930346139648465,0.4502037394241209,finding,1,availability,FLAIRsag+SWIax,2,-1
Mastoiditis,22,0.6483766233766234,0.050405982054803365,finding,1,availability,FLAIRsag+SWIax,2,-1
Ventriculomegaly,64,0.8607064536340853,0.36938130039850303,finding,1,availability,FLAIRsag+SWIax,2,-1
Cerebellar degeneration,39,0.8219459762594635,0.23890896574416223,finding,1,availability,FLAIRsag+SWIax,2,-1
Mega cisterna magna,22,0.596374458874459,0.042754261496488845,finding,1,availability,FLAIRsag+SWIax,2,-1
Cerebral infarction,26,0.8211722488038278,0.3152746301345247,finding,1,availability,FLAIRax+SWIax,2,-1
Cerebral hemorrhage,20,0.8554038004750594,0.1269187388828335,finding,1,availability,FLAIRax+SWIax,2,-1
Gliosis,284,0.6970429845509041,0.5663961649281853,finding,1,availability,FLAIRax+SWIax,2,-1
Cerebral atrophy,102,0.912280701754386,0.6120062540878469,finding,1,availability,FLAIRax+SWIax,2,-1
Arachnoid cyst,43,0.6948632762586251,0.0819517787227173,finding,1,availability,FLAIRax+SWIax,2,-1
Empty sella syndrome,45,0.6216782265741874,0.0912119457820791,finding,1,availability,FLAIRax+SWIax,2,-1
Cyst of pineal gland,21,0.7580544703017948,0.06793748327192622,finding,1,availability,FLAIRax+SWIax,2,-1
Cerebral edema,43,0.8991680154470851,0.47715774031162533,finding,1,availability,FLAIRax+SWIax,2,-1
Mastoiditis,22,0.6264069264069264,0.05829529357093083,finding,1,availability,FLAIRax+SWIax,2,-1
Ventriculomegaly,64,0.8703594924812029,0.3737054887410854,finding,1,availability,FLAIRax+SWIax,2,-1
Cerebellar degeneration,39,0.8520110913792566,0.26745430097386963,finding,1,availability,FLAIRax+SWIax,2,-1
Mega cisterna magna,22,0.6761363636363635,0.04877645084830306,finding,1,availability,FLAIRax+SWIax,2,-1
Cerebral infarction,26,0.8300975340449024,0.31173598432382077,finding,1,availability,FLAIRax+FLAIRsag,2,-1
Cerebral hemorrhage,20,0.8457244655581948,0.12926948180301073,finding,1,availability,FLAIRax+FLAIRsag,2,-1
Gliosis,284,0.7075332618548662,0.5698452346177896,finding,1,availability,FLAIRax+FLAIRsag,2,-1
Cerebral atrophy,102,0.9330108359133127,0.6802025919865003,finding,1,availability,FLAIRax+FLAIRsag,2,-1
Arachnoid cyst,43,0.7216969077434193,0.11949730676120632,finding,1,availability,FLAIRax+FLAIRsag,2,-1
Empty sella syndrome,45,0.6364477084183326,0.08057765996591802,finding,1,availability,FLAIRax+FLAIRsag,2,-1
Cyst of pineal gland,21,0.7405016703470925,0.058473479558245216,finding,1,availability,FLAIRax+FLAIRsag,2,-1
Cerebral edema,43,0.893063009342079,0.43149376717492083,finding,1,availability,FLAIRax+FLAIRsag,2,-1
Mastoiditis,22,0.6812770562770563,0.05495945251651352,finding,1,availability,FLAIRax+FLAIRsag,2,-1
Ventriculomegaly,64,0.8817943295739348,0.39455430159661753,finding,1,availability,FLAIRax+FLAIRsag,2,-1
Cerebellar degeneration,39,0.8330996666355112,0.2800527716519322,finding,1,availability,FLAIRax+FLAIRsag,2,-1
Mega cisterna magna,22,0.6476190476190476,0.045771178409517374,finding,1,availability,FLAIRax+FLAIRsag,2,-1
Cerebral infarction,26,0.8244387191755613,0.2355663152766166,finding,1,availability,T2ax+SWIax,2,-1
Cerebral hemorrhage,20,0.8442992874109263,0.14528981956420228,finding,1,availability,T2ax+SWIax,2,-1
Gliosis,284,0.7109325503192164,0.5493595205203918,finding,1,availability,T2ax+SWIax,2,-1
Cerebral atrophy,102,0.9143059855521156,0.6148416527461154,finding,1,availability,T2ax+SWIax,2,-1
Arachnoid cyst,43,0.6887298747763865,0.08732796098823764,finding,1,availability,T2ax+SWIax,2,-1
Empty sella syndrome,45,0.6274717802257582,0.11816177740048028,finding,1,availability,T2ax+SWIax,2,-1
Cyst of pineal gland,21,0.7698884547873845,0.06912686062773021,finding,1,availability,T2ax+SWIax,2,-1
Cerebral edema,43,0.8732430360337338,0.43456875796601274,finding,1,availability,T2ax+SWIax,2,-1
Mastoiditis,22,0.6139069264069263,0.05650940384832598,finding,1,availability,T2ax+SWIax,2,-1
Ventriculomegaly,64,0.871064379699248,0.3805918134606171,finding,1,availability,T2ax+SWIax,2,-1
Cerebellar degeneration,39,0.8486151353709068,0.3128850467598942,finding,1,availability,T2ax+SWIax,2,-1
Mega cisterna magna,22,0.6631493506493505,0.046599128780034645,finding,1,availability,T2ax+SWIax,2,-1
Cerebral infarction,26,0.8410471107839529,0.27399306024960696,finding,1,availability,T2ax+FLAIRsag,2,-1
Cerebral hemorrhage,20,0.8401425178147268,0.12443362227441458,finding,1,availability,T2ax+FLAIRsag,2,-1
Gliosis,284,0.7252485501242751,0.5677257590274866,finding,1,availability,T2ax+FLAIRsag,2,-1
Cerebral atrophy,102,0.9319143446852425,0.6550839610835177,finding,1,availability,T2ax+FLAIRsag,2,-1
Arachnoid cyst,43,0.7010250731180964,0.10038715822056793,finding,1,availability,T2ax+FLAIRsag,2,-1
Empty sella syndrome,45,0.641778865769074,0.09708848439435838,finding,1,availability,T2ax+FLAIRsag,2,-1
Cyst of pineal gland,21,0.746730083234245,0.05846947896163823,finding,1,availability,T2ax+FLAIRsag,2,-1
Cerebral edema,43,0.8779566686543431,0.3918735275839935,finding,1,availability,T2ax+FLAIRsag,2,-1
Mastoiditis,22,0.6732142857142857,0.05211799422912455,finding,1,availability,T2ax+FLAIRsag,2,-1
Ventriculomegaly,64,0.8875509085213033,0.4091088336678722,finding,1,availability,T2ax+FLAIRsag,2,-1
Cerebellar degeneration,39,0.8324765554413186,0.2919935045077114,finding,1,availability,T2ax+FLAIRsag,2,-1
Mega cisterna magna,22,0.6215367965367966,0.036973443140808346,finding,1,availability,T2ax+FLAIRsag,2,-1
Cerebral infarction,26,0.8293614280456385,0.33159842315793014,finding,1,availability,T2ax+FLAIRax,2,-1
Cerebral hemorrhage,20,0.8380047505938243,0.12060711599076313,finding,1,availability,T2ax+FLAIRax,2,-1
Gliosis,284,0.7154649349383498,0.5639237261115169,finding,1,availability,T2ax+FLAIRax,2,-1
Cerebral atrophy,102,0.9320304437564499,0.676690554543667,finding,1,availability,T2ax+FLAIRax,2,-1
Arachnoid cyst,43,0.7043757276315417,0.10344487004991477,finding,1,availability,T2ax+FLAIRax,2,-1
Empty sella syndrome,45,0.6157214742282061,0.0892238242887483,finding,1,availability,T2ax+FLAIRax,2,-1
Cyst of pineal gland,21,0.7499575335484967,0.06084534225090208,finding,1,availability,T2ax+FLAIRax,2,-1
Cerebral edema,43,0.8823011613709288,0.44370918843595936,finding,1,availability,T2ax+FLAIRax,2,-1
Mastoiditis,22,0.6476190476190476,0.05423286406121659,finding,1,availability,T2ax+FLAIRax,2,-1
Ventriculomegaly,64,0.892798402255639,0.3920844330190178,finding,1,availability,T2ax+FLAIRax,2,-1
Cerebellar degeneration,39,0.8593014923513101,0.3234237831874962,finding,1,availability,T2ax+FLAIRax,2,-1
Mega cisterna magna,22,0.6926948051948052,0.062204140789173835,finding,1,availability,T2ax+FLAIRax,2,-1
Cerebral infarction,26,0.8346981965403018,0.2672954527367152,finding,1,availability,T1ax+SWIax,2,-1
Cerebral hemorrhage,20,0.8462589073634204,0.15108089073605432,finding,1,availability,T1ax+SWIax,2,-1
Gliosis,284,0.6990472245236122,0.5532776048795394,finding,1,availability,T1ax+SWIax,2,-1
Cerebral atrophy,102,0.8957430340557275,0.5891790829890569,finding,1,availability,T1ax+SWIax,2,-1
Arachnoid cyst,43,0.6770025839793281,0.07917590189902068,finding,1,availability,T1ax+SWIax,2,-1
Empty sella syndrome,45,0.6126478988168095,0.11529451990344756,finding,1,availability,T1ax+SWIax,2,-1
Cyst of pineal gland,21,0.7641696393182719,0.077816556887498,finding,1,availability,T1ax+SWIax,2,-1
Cerebral edema,43,0.8804554618508107,0.4619316688445239,finding,1,availability,T1ax+SWIax,2,-1
Mastoiditis,22,0.6217532467532467,0.06167650136000674,finding,1,availability,T1ax+SWIax,2,-1
Ventriculomegaly,64,0.8668742167919798,0.36330077389966176,finding,1,availability,T1ax+SWIax,2,-1
Cerebellar degeneration,39,0.8406081565255319,0.28709954858661846,finding,1,availability,T1ax+SWIax,2,-1
Mega cisterna magna,22,0.6274891774891774,0.04652088250367013,finding,1,availability,T1ax+SWIax,2,-1
Cerebral infarction,26,0.8448656606551344,0.32644824494853386,finding,1,availability,T1ax+FLAIRsag,2,-1
Cerebral hemorrhage,20,0.8475653206650832,0.149492893960602,finding,1,availability,T1ax+FLAIRsag,2,-1
Gliosis,284,0.7068631512256932,0.5678991482359872,finding,1,availability,T1ax+FLAIRsag,2,-1
Cerebral atrophy,102,0.9226909184726523,0.6604058639761236,finding,1,availability,T1ax+FLAIRsag,2,-1
Arachnoid cyst,43,0.6924780645710878,0.09480184476528808,finding,1,availability,T1ax+FLAIRsag,2,-1
Empty sella syndrome,45,0.633999728002176,0.08454180045339707,finding,1,availability,T1ax+FLAIRsag,2,-1
Cyst of pineal gland,21,0.7547703980522054,0.06459728122859582,finding,1,availability,T1ax+FLAIRsag,2,-1
Cerebral edema,43,0.8846295823040009,0.41141479490055527,finding,1,availability,T1ax+FLAIRsag,2,-1
Mastoiditis,22,0.6902597402597402,0.052758924445099574,finding,1,availability,T1ax+FLAIRsag,2,-1
Ventriculomegaly,64,0.8851229636591479,0.40397641690558345,finding,1,availability,T1ax+FLAIRsag,2,-1
Cerebellar degeneration,39,0.8234414431255257,0.30317195466096875,finding,1,availability,T1ax+FLAIRsag,2,-1
Mega cisterna magna,22,0.5956168831168831,0.03735436071894734,finding,1,availability,T1ax+FLAIRsag,2,-1
Cerebral infarction,26,0.8412311372837687,0.3574001897596199,finding,1,availability,T1ax+FLAIRax,2,-1
Cerebral hemorrhage,20,0.8404394299287411,0.13445759360322826,finding,1,availability,T1ax+FLAIRax,2,-1
Gliosis,284,0.7042497197719187,0.572090019789218,finding,1,availability,T1ax+FLAIRax,2,-1
Cerebral atrophy,102,0.9231811145510836,0.6602028230661132,finding,1,availability,T1ax+FLAIRax,2,-1
Arachnoid cyst,43,0.6994633273703041,0.0913066926078216,finding,1,availability,T1ax+FLAIRax,2,-1
Empty sella syndrome,45,0.608078335373317,0.07989634104314461,finding,1,availability,T1ax+FLAIRax,2,-1
Cyst of pineal gland,21,0.7488817167770794,0.06519959653685863,finding,1,availability,T1ax+FLAIRax,2,-1
Cerebral edema,43,0.8885197489848653,0.45675448835859284,finding,1,availability,T1ax+FLAIRax,2,-1
Mastoiditis,22,0.6610930735930736,0.05690337610034291,finding,1,availability,T1ax+FLAIRax,2,-1
Ventriculomegaly,64,0.8910361842105263,0.41043087133385225,finding,1,availability,T1ax+FLAIRax,2,-1
Cerebellar degeneration,39,0.8576190921269902,0.31904622690012663,finding,1,availability,T1ax+FLAIRax,2,-1
Mega cisterna magna,22,0.6636904761904762,0.046673393658670084,finding,1,availability,T1ax+FLAIRax,2,-1
Cerebral infarction,26,0.8456937799043062,0.316351878225551,finding,1,availability,T1ax+T2ax,2,-1
Cerebral hemorrhage,20,0.8301068883610451,0.13421919834065982,finding,1,availability,T1ax+T2ax,2,-1
Gliosis,284,0.7199546761538087,0.5660954651939037,finding,1,availability,T1ax+T2ax,2,-1
Cerebral atrophy,102,0.9196465428276573,0.648749084963266,finding,1,availability,T1ax+T2ax,2,-1
Arachnoid cyst,43,0.6883039441178976,0.0928203486516905,finding,1,availability,T1ax+T2ax,2,-1
Empty sella syndrome,45,0.6089215286277709,0.09279201165135437,finding,1,availability,T1ax+T2ax,2,-1
Cyst of pineal gland,21,0.7598663722326029,0.06351975744788295,finding,1,availability,T1ax+T2ax,2,-1
Cerebral edema,43,0.865462702672005,0.4044360069849198,finding,1,availability,T1ax+T2ax,2,-1
Mastoiditis,22,0.6487012987012987,0.0553605285831363,finding,1,availability,T1ax+T2ax,2,-1
Ventriculomegaly,64,0.8915256892230576,0.3970734340880039,finding,1,availability,T1ax+T2ax,2,-1
Cerebellar degeneration,39,0.8448764682057514,0.3381545493925375,finding,1,availability,T1ax+T2ax,2,-1
Mega cisterna magna,22,0.6492424242424242,0.04969270747267146,finding,1,availability,T1ax+T2ax,2,-1
Cerebral infarction,26,0.833225984541774,0.3042114668011806,finding,1,availability,FLAIRax+FLAIRsag+SWIax,3,-1
Cerebral hemorrhage,20,0.8542161520190024,0.13268987016027137,finding,1,availability,FLAIRax+FLAIRsag+SWIax,3,-1
Gliosis,284,0.7071433793069838,0.5733468510397195,finding,1,availability,FLAIRax+FLAIRsag+SWIax,3,-1
Cerebral atrophy,102,0.9260964912280703,0.64378282510964,finding,1,availability,FLAIRax+FLAIRsag+SWIax,3,-1
Arachnoid cyst,43,0.7077831728994519,0.09202350268007115,finding,1,availability,FLAIRax+FLAIRsag+SWIax,3,-1
Empty sella syndrome,45,0.6379708962328301,0.08518783714832741,finding,1,availability,FLAIRax+FLAIRsag+SWIax,3,-1
Cyst of pineal gland,21,0.7590170432025367,0.06602450820045973,finding,1,availability,FLAIRax+FLAIRsag+SWIax,3,-1
Cerebral edema,43,0.8964420592327569,0.4631241719404113,finding,1,availability,FLAIRax+FLAIRsag+SWIax,3,-1
Mastoiditis,22,0.6554112554112554,0.05548171911117208,finding,1,availability,FLAIRax+FLAIRsag+SWIax,3,-1
Ventriculomegaly,64,0.8768209586466165,0.3982494735370311,finding,1,availability,FLAIRax+FLAIRsag+SWIax,3,-1
Cerebellar degeneration,39,0.8414182010779824,0.2664706929154268,finding,1,availability,FLAIRax+FLAIRsag+SWIax,3,-1
Mega cisterna magna,22,0.6449134199134199,0.044366586498561934,finding,1,availability,FLAIRax+FLAIRsag+SWIax,3,-1
Cerebral infarction,26,0.8392068457857932,0.2669014754912946,finding,1,availability,T2ax+FLAIRsag+SWIax,3,-1
Cerebral hemorrhage,20,0.8491092636579572,0.13870711949460887,finding,1,availability,T2ax+FLAIRsag+SWIax,3,-1
Gliosis,284,0.7189799697841026,0.5633267777250902,finding,1,availability,T2ax+FLAIRsag+SWIax,3,-1
Cerebral atrophy,102,0.9270381836945304,0.64640887524633,finding,1,availability,T2ax+FLAIRsag+SWIax,3,-1
Arachnoid cyst,43,0.6966521850242781,0.08968052471064236,finding,1,availability,T2ax+FLAIRsag+SWIax,3,-1
Empty sella syndrome,45,0.643111655106759,0.10132718332307913,finding,1,availability,T2ax+FLAIRsag+SWIax,3,-1
Cyst of pineal gland,21,0.7646226148009738,0.0654623775710586,finding,1,availability,T2ax+FLAIRsag+SWIax,3,-1
Cerebral edema,43,0.8853110713575829,0.43283964422571275,finding,1,availability,T2ax+FLAIRsag+SWIax,3,-1
Mastoiditis,22,0.6505952380952381,0.053776131467836656,finding,1,availability,T2ax+FLAIRsag+SWIax,3,-1
Ventriculomegaly,64,0.8800908521303258,0.40636642767804826,finding,1,availability,T2ax+FLAIRsag+SWIax,3,-1
Cerebellar degeneration,39,0.8404835342866935,0.29993351162887927,finding,1,availability,T2ax+FLAIRsag+SWIax,3,-1
Mega cisterna magna,22,0.6311688311688313,0.03934508871440219,finding,1,availability,T2ax+FLAIRsag+SWIax,3,-1
Cerebral infarction,26,0.8299135075450865,0.3081827476370302,finding,1,availability,T2ax+FLAIRax+SWIax,3,-1
Cerebral hemorrhage,20,0.8486342042755344,0.12713263318278953,finding,1,availability,T2ax+FLAIRax+SWIax,3,-1
Gliosis,284,0.7117671426482772,0.5650852742960517,finding,1,availability,T2ax+FLAIRax+SWIax,3,-1
Cerebral atrophy,102,0.9266511867905056,0.6562468237724915,finding,1,availability,T2ax+FLAIRax+SWIax,3,-1
Arachnoid cyst,43,0.6995201181247692,0.08900886025294757,finding,1,availability,T2ax+FLAIRax+SWIax,3,-1
Empty sella syndrome,45,0.6232830137358901,0.09689355744431141,finding,1,availability,T2ax+FLAIRax+SWIax,3,-1
Cyst of pineal gland,21,0.7651322122190136,0.06831894573809591,finding,1,availability,T2ax+FLAIRax+SWIax,3,-1
Cerebral edema,43,0.8881506090808416,0.4658924848224285,finding,1,availability,T2ax+FLAIRax+SWIax,3,-1
Mastoiditis,22,0.630357142857143,0.05763426239432838,finding,1,availability,T2ax+FLAIRax+SWIax,3,-1
Ventriculomegaly,64,0.8833215852130325,0.3994236199486398,finding,1,availability,T2ax+FLAIRax+SWIax,3,-1
Cerebellar degeneration,39,0.8595818923886968,0.3128013112443736,finding,1,availability,T2ax+FLAIRax+SWIax,3,-1
Mega cisterna magna,22,0.6818722943722944,0.050552235186366215,finding,1,availability,T2ax+FLAIRax+SWIax,3,-1
Cerebral infarction,26,0.8391608391608392,0.3202350491644201,finding,1,availability,T2ax+FLAIRax+FLAIRsag,3,-1
Cerebral hemorrhage,20,0.8449524940617577,0.12960026203572014,finding,1,availability,T2ax+FLAIRax+FLAIRsag,3,-1
Gliosis,284,0.7223853501632633,0.5722589419870908,finding,1,availability,T2ax+FLAIRax+FLAIRsag,3,-1
Cerebral atrophy,102,0.9378740970072239,0.6753342686664113,finding,1,availability,T2ax+FLAIRax+FLAIRsag,3,-1
Arachnoid cyst,43,0.7130647130647131,0.10442160089385497,finding,1,availability,T2ax+FLAIRax+FLAIRsag,3,-1
Empty sella syndrome,45,0.6331565347477219,0.08696680947226612,finding,1,availability,T2ax+FLAIRax+FLAIRsag,3,-1
Cyst of pineal gland,21,0.7502972651605232,0.06051354818232024,finding,1,availability,T2ax+FLAIRax+FLAIRsag,3,-1
Cerebral edema,43,0.8883777720987023,0.4342635923663936,finding,1,availability,T2ax+FLAIRax+FLAIRsag,3,-1
Mastoiditis,22,0.669534632034632,0.054618331995410684,finding,1,availability,T2ax+FLAIRax+FLAIRsag,3,-1
Ventriculomegaly,64,0.8912124060150376,0.4093770079025065,finding,1,availability,T2ax+FLAIRax+FLAIRsag,3,-1
Cerebellar degeneration,39,0.8459357572358788,0.3024212464902308,finding,1,availability,T2ax+FLAIRax+FLAIRsag,3,-1
Mega cisterna magna,22,0.6557900432900432,0.04417382008789758,finding,1,availability,T2ax+FLAIRax+FLAIRsag,3,-1
Cerebral infarction,26,0.8420132499079868,0.3083172878993633,finding,1,availability,T1ax+FLAIRsag+SWIax,3,-1
Cerebral hemorrhage,20,0.8508313539192399,0.14543603644181285,finding,1,availability,T1ax+FLAIRsag+SWIax,3,-1
Gliosis,284,0.7078134899361568,0.5668073392385938,finding,1,availability,T1ax+FLAIRsag+SWIax,3,-1
Cerebral atrophy,102,0.9189886480908153,0.6313451535389707,finding,1,availability,T1ax+FLAIRsag+SWIax,3,-1
Arachnoid cyst,43,0.6885311071357584,0.08593281765797729,finding,1,availability,T1ax+FLAIRsag+SWIax,3,-1
Empty sella syndrome,45,0.6338637290901673,0.08859012318816739,finding,1,availability,T1ax+FLAIRsag+SWIax,3,-1
Cyst of pineal gland,21,0.7646226148009739,0.07019467230502917,finding,1,availability,T1ax+FLAIRsag+SWIax,3,-1
Cerebral edema,43,0.889769145583099,0.44578012656197064,finding,1,availability,T1ax+FLAIRsag+SWIax,3,-1
Mastoiditis,22,0.6573593073593074,0.05578164955127318,finding,1,availability,T1ax+FLAIRsag+SWIax,3,-1
Ventriculomegaly,64,0.8780740914786966,0.4022618279819325,finding,1,availability,T1ax+FLAIRsag+SWIax,3,-1
Cerebellar degeneration,39,0.8352805558151851,0.2814316457970973,finding,1,availability,T1ax+FLAIRsag+SWIax,3,-1
Mega cisterna magna,22,0.6102272727272727,0.04142483536616158,finding,1,availability,T1ax+FLAIRsag+SWIax,3,-1
Cerebral infarction,26,0.8357103422892896,0.35088313547772493,finding,1,availability,T1ax+FLAIRax+SWIax,3,-1
Cerebral hemorrhage,20,0.8512470308788599,0.1407814232670455,finding,1,availability,T1ax+FLAIRax+SWIax,3,-1
Gliosis,284,0.7041766167941907,0.5737891953139118,finding,1,availability,T1ax+FLAIRax+SWIax,3,-1
Cerebral atrophy,102,0.916937564499484,0.6418643129552178,finding,1,availability,T1ax+FLAIRax+SWIax,3,-1
Arachnoid cyst,43,0.6937842519237868,0.08442826685595337,finding,1,availability,T1ax+FLAIRax+SWIax,3,-1
Empty sella syndrome,45,0.6147150822793418,0.08808363072766198,finding,1,availability,T1ax+FLAIRax+SWIax,3,-1
Cyst of pineal gland,21,0.7603759696506426,0.07157388004659405,finding,1,availability,T1ax+FLAIRax+SWIax,3,-1
Cerebral edema,43,0.8926370786835903,0.4781023997489648,finding,1,availability,T1ax+FLAIRax+SWIax,3,-1
Mastoiditis,22,0.6378787878787878,0.06020138702959252,finding,1,availability,T1ax+FLAIRax+SWIax,3,-1
Ventriculomegaly,64,0.8822446741854636,0.4096969115760141,finding,1,availability,T1ax+FLAIRax+SWIax,3,-1
Cerebellar degeneration,39,0.8567778920148301,0.2969228825069178,finding,1,availability,T1ax+FLAIRax+SWIax,3,-1
Mega cisterna magna,22,0.6553571428571429,0.04705789432694757,finding,1,availability,T1ax+FLAIRax+SWIax,3,-1
Cerebral infarction,26,0.8425193227824807,0.34825211056812483,finding,1,availability,T1ax+FLAIRax+FLAIRsag,3,-1
Cerebral hemorrhage,20,0.8468527315914489,0.13790138828430173,finding,1,availability,T1ax+FLAIRax+FLAIRsag,3,-1
Gliosis,284,0.710268531604854,0.5776306854441574,finding,1,availability,T1ax+FLAIRax+FLAIRsag,3,-1
Cerebral atrophy,102,0.932172342621259,0.6764797576181764,finding,1,availability,T1ax+FLAIRax+FLAIRsag,3,-1
Arachnoid cyst,43,0.7071016838458699,0.09872876102398559,finding,1,availability,T1ax+FLAIRax+FLAIRsag,3,-1
Empty sella syndrome,45,0.6311437508499932,0.08185951264699368,finding,1,availability,T1ax+FLAIRax+FLAIRsag,3,-1
Cyst of pineal gland,21,0.755110129664232,0.06426889587045621,finding,1,availability,T1ax+FLAIRax+FLAIRsag,3,-1
Cerebral edema,43,0.8921259618934038,0.4430472386061049,finding,1,availability,T1ax+FLAIRax+FLAIRsag,3,-1
Mastoiditis,22,0.6819805194805194,0.05580393512793678,finding,1,availability,T1ax+FLAIRax+FLAIRsag,3,-1
Ventriculomegaly,64,0.8902921365914788,0.41551428248816774,finding,1,availability,T1ax+FLAIRax+FLAIRsag,3,-1
Cerebellar degeneration,39,0.8426332679066579,0.2963458689668557,finding,1,availability,T1ax+FLAIRax+FLAIRsag,3,-1
Mega cisterna magna,22,0.636038961038961,0.04103683999821396,finding,1,availability,T1ax+FLAIRax+FLAIRsag,3,-1
Cerebral infarction,26,0.8392988590357011,0.3103913167908066,finding,1,availability,T1ax+T2ax+SWIax,3,-1
Cerebral hemorrhage,20,0.842874109263658,0.15485961817535931,finding,1,availability,T1ax+T2ax+SWIax,3,-1
Gliosis,284,0.7149775817534968,0.5618502284644846,finding,1,availability,T1ax+T2ax+SWIax,3,-1
Cerebral atrophy,102,0.9176212590299277,0.6400122496482477,finding,1,availability,T1ax+T2ax+SWIax,3,-1
Arachnoid cyst,43,0.6879915949683393,0.08519732627070854,finding,1,availability,T1ax+T2ax+SWIax,3,-1
Empty sella syndrome,45,0.6174894600843194,0.10083931245226262,finding,1,availability,T1ax+T2ax+SWIax,3,-1
Cyst of pineal gland,21,0.7690391257573184,0.0696263785373869,finding,1,availability,T1ax+T2ax+SWIax,3,-1
Cerebral edema,43,0.8760825737569923,0.4476337999848232,finding,1,availability,T1ax+T2ax+SWIax,3,-1
Mastoiditis,22,0.6307900432900433,0.05991028234941847,finding,1,availability,T1ax+T2ax+SWIax,3,-1
Ventriculomegaly,64,0.8827733395989975,0.4011318393042845,finding,1,availability,T1ax+T2ax+SWIax,3,-1
Cerebellar degeneration,39,0.8493940243636477,0.3316933494992993,finding,1,availability,T1ax+T2ax+SWIax,3,-1
Mega cisterna magna,22,0.6455627705627706,0.04685456807453779,finding,1,availability,T1ax+T2ax+SWIax,3,-1
Cerebral infarction,26,0.8491442767758557,0.33262885402899334,finding,1,availability,T1ax+T2ax+FLAIRsag,3,-1
Cerebral hemorrhage,20,0.8434085510688836,0.13900692321941155,finding,1,availability,T1ax+T2ax+FLAIRsag,3,-1
Gliosis,284,0.7241154539694917,0.5764257909262456,finding,1,availability,T1ax+T2ax+FLAIRsag,3,-1
Cerebral atrophy,102,0.9314112487100104,0.666093150098135,finding,1,availability,T1ax+T2ax+FLAIRsag,3,-1
Arachnoid cyst,43,0.6952324161626487,0.09542429450676157,finding,1,availability,T1ax+T2ax+FLAIRsag,3,-1
Empty sella syndrome,45,0.6341357269141846,0.09324934747860615,finding,1,availability,T1ax+T2ax+FLAIRsag,3,-1
Cyst of pineal gland,21,0.7587905554611857,0.06192099909176031,finding,1,availability,T1ax+T2ax+FLAIRsag,3,-1
Cerebral edema,43,0.8795752051566005,0.40767991859013664,finding,1,availability,T1ax+T2ax+FLAIRsag,3,-1
Mastoiditis,22,0.6743506493506494,0.05315516690814984,finding,1,availability,T1ax+T2ax+FLAIRsag,3,-1
Ventriculomegaly,64,0.8929746240601504,0.42201419218151853,finding,1,availability,T1ax+T2ax+FLAIRsag,3,-1
Cerebellar degeneration,39,0.8364956226438608,0.31254801443603963,finding,1,availability,T1ax+T2ax+FLAIRsag,3,-1
Mega cisterna magna,22,0.6197510822510822,0.038198221899550355,finding,1,availability,T1ax+T2ax+FLAIRsag,3,-1
Cerebral infarction,26,0.8417832167832168,0.3673368188495815,finding,1,availability,T1ax+T2ax+FLAIRax,3,-1
Cerebral hemorrhage,20,0.8380047505938242,0.13086445581925707,finding,1,availability,T1ax+T2ax+FLAIRax,3,-1
Gliosis,284,0.716329986841464,0.5715530360029387,finding,1,availability,T1ax+T2ax+FLAIRax,3,-1
Cerebral atrophy,102,0.9292827657378742,0.6739434227983809,finding,1,availability,T1ax+T2ax+FLAIRax,3,-1
Arachnoid cyst,43,0.7003435840645142,0.09340219699529095,finding,1,availability,T1ax+T2ax+FLAIRax,3,-1
Empty sella syndrome,45,0.6115599075207399,0.08843731493960018,finding,1,availability,T1ax+T2ax+FLAIRax,3,-1
Cyst of pineal gland,21,0.7565822999830134,0.0642636169666297,finding,1,availability,T1ax+T2ax+FLAIRax,3,-1
Cerebral edema,43,0.8814493000539512,0.44457366814350935,finding,1,availability,T1ax+T2ax+FLAIRax,3,-1
Mastoiditis,22,0.6550324675324676,0.05769589800851833,finding,1,availability,T1ax+T2ax+FLAIRax,3,-1
Ventriculomegaly,64,0.8958529135338347,0.4144792124472304,finding,1,availability,T1ax+T2ax+FLAIRax,3,-1
Cerebellar degeneration,39,0.8572763809701841,0.32432079943745235,finding,1,availability,T1ax+T2ax+FLAIRax,3,-1
Mega cisterna magna,22,0.6689393939393941,0.05058414788698643,finding,1,availability,T1ax+T2ax+FLAIRax,3,-1
Cerebral infarction,26,0.8396209054103791,0.3184509578123361,finding,1,availability,T2ax+FLAIRax+FLAIRsag+SWIax,4,-1
Cerebral hemorrhage,20,0.8508313539192399,0.13367909748250859,finding,1,availability,T2ax+FLAIRax+FLAIRsag+SWIax,4,-1
Gliosis,284,0.7179321604366684,0.5707853959346406,finding,1,availability,T2ax+FLAIRax+FLAIRsag+SWIax,4,-1
Cerebral atrophy,102,0.9327915376676986,0.6645477563621133,finding,1,availability,T2ax+FLAIRax+FLAIRsag+SWIax,4,-1
Arachnoid cyst,43,0.7059658687565665,0.09416573405392743,finding,1,availability,T2ax+FLAIRax+FLAIRsag+SWIax,4,-1
Empty sella syndrome,45,0.6367741058071535,0.09103898214564035,finding,1,availability,T2ax+FLAIRax+FLAIRsag+SWIax,4,-1
Cyst of pineal gland,21,0.7626974689994904,0.0658689697093375,finding,1,availability,T2ax+FLAIRax+FLAIRsag+SWIax,4,-1
Cerebral edema,43,0.8911605190674958,0.44987830823304265,finding,1,availability,T2ax+FLAIRax+FLAIRsag+SWIax,4,-1
Mastoiditis,22,0.6521103896103896,0.05534980224413204,finding,1,availability,T2ax+FLAIRax+FLAIRsag+SWIax,4,-1
Ventriculomegaly,64,0.8847509398496239,0.40465810125942875,finding,1,availability,T2ax+FLAIRax+FLAIRsag+SWIax,4,-1
Cerebellar degeneration,39,0.8495186466024862,0.3018673469401523,finding,1,availability,T2ax+FLAIRax+FLAIRsag+SWIax,4,-1
Mega cisterna magna,22,0.6561147186147186,0.04398558015486267,finding,1,availability,T2ax+FLAIRax+FLAIRsag+SWIax,4,-1
Cerebral infarction,26,0.8410931174089069,0.3447537052220193,finding,1,availability,T1ax+FLAIRax+FLAIRsag+SWIax,4,-1
Cerebral hemorrhage,20,0.8505938242280285,0.13907283144164692,finding,1,availability,T1ax+FLAIRax+FLAIRsag+SWIax,4,-1
Gliosis,284,0.7106035869194405,0.5777776974313523,finding,1,availability,T1ax+FLAIRax+FLAIRsag+SWIax,4,-1
Cerebral atrophy,102,0.927076883384933,0.6573341726237518,finding,1,availability,T1ax+FLAIRax+FLAIRsag+SWIax,4,-1
Arachnoid cyst,43,0.7007695147230031,0.09101015695458851,finding,1,availability,T1ax+FLAIRax+FLAIRsag+SWIax,4,-1
Empty sella syndrome,45,0.6314157486740106,0.08618700858211031,finding,1,availability,T1ax+FLAIRax+FLAIRsag+SWIax,4,-1
Cyst of pineal gland,21,0.7634901760942189,0.06879809711541572,finding,1,availability,T1ax+FLAIRax+FLAIRsag+SWIax,4,-1
Cerebral edema,43,0.8949371042394298,0.4604564868831673,finding,1,availability,T1ax+FLAIRax+FLAIRsag+SWIax,4,-1
Mastoiditis,22,0.6609848484848485,0.05594606947123625,finding,1,availability,T1ax+FLAIRax+FLAIRsag+SWIax,4,-1
Ventriculomegaly,64,0.884829260651629,0.4127161944039578,finding,1,availability,T1ax+FLAIRax+FLAIRsag+SWIax,4,-1
Cerebellar degeneration,39,0.8466834906689098,0.28663128125019915,finding,1,availability,T1ax+FLAIRax+FLAIRsag+SWIax,4,-1
Mega cisterna magna,22,0.638474025974026,0.04294943953920991,finding,1,availability,T1ax+FLAIRax+FLAIRsag+SWIax,4,-1
Cerebral infarction,26,0.8458317997791682,0.31039030284753916,finding,1,availability,T1ax+T2ax+FLAIRsag+SWIax,4,-1
Cerebral hemorrhage,20,0.8466745843230404,0.14585240135787256,finding,1,availability,T1ax+T2ax+FLAIRsag+SWIax,4,-1
Gliosis,284,0.7194734148837663,0.5699870437479845,finding,1,availability,T1ax+T2ax+FLAIRsag+SWIax,4,-1
Cerebral atrophy,102,0.9277992776057791,0.6569116244256374,finding,1,availability,T1ax+T2ax+FLAIRsag+SWIax,4,-1
Arachnoid cyst,43,0.6938978334327172,0.08857171591494112,finding,1,availability,T1ax+T2ax+FLAIRsag+SWIax,4,-1
Empty sella syndrome,45,0.6336461308309533,0.0957009595496103,finding,1,availability,T1ax+T2ax+FLAIRsag+SWIax,4,-1
Cyst of pineal gland,21,0.7688692599513052,0.06816105610943027,finding,1,availability,T1ax+T2ax+FLAIRsag+SWIax,4,-1
Cerebral edema,43,0.8846011869267684,0.44134830796603836,finding,1,availability,T1ax+T2ax+FLAIRsag+SWIax,4,-1
Mastoiditis,22,0.656439393939394,0.05625888887433388,finding,1,availability,T1ax+T2ax+FLAIRsag+SWIax,4,-1
Ventriculomegaly,64,0.8865131578947367,0.4180364204870641,finding,1,availability,T1ax+T2ax+FLAIRsag+SWIax,4,-1
Cerebellar degeneration,39,0.8421659345110135,0.3103797481633393,finding,1,availability,T1ax+T2ax+FLAIRsag+SWIax,4,-1
Mega cisterna magna,22,0.6273268398268398,0.04064107181230005,finding,1,availability,T1ax+T2ax+FLAIRsag+SWIax,4,-1
Cerebral infarction,26,0.8398509385351491,0.3468301204234659,finding,1,availability,T1ax+T2ax+FLAIRax+SWIax,4,-1
Cerebral hemorrhage,20,0.8456650831353919,0.13989543477070146,finding,1,availability,T1ax+T2ax+FLAIRax+SWIax,4,-1
Gliosis,284,0.713923680491252,0.5698477712671192,finding,1,availability,T1ax+T2ax+FLAIRax+SWIax,4,-1
Cerebral atrophy,102,0.925954592363261,0.663313177494345,finding,1,availability,T1ax+T2ax+FLAIRax+SWIax,4,-1
Arachnoid cyst,43,0.6970497203055342,0.08802934588479733,finding,1,availability,T1ax+T2ax+FLAIRax+SWIax,4,-1
Empty sella syndrome,45,0.6157486740106078,0.09201821134018291,finding,1,availability,T1ax+T2ax+FLAIRax+SWIax,4,-1
Cyst of pineal gland,21,0.7656984315723911,0.06775750704741854,finding,1,availability,T1ax+T2ax+FLAIRax+SWIax,4,-1
Cerebral edema,43,0.886475281824119,0.4577531881518375,finding,1,availability,T1ax+T2ax+FLAIRax+SWIax,4,-1
Mastoiditis,22,0.6398268398268399,0.05893328257962609,finding,1,availability,T1ax+T2ax+FLAIRax+SWIax,4,-1
Ventriculomegaly,64,0.8880012531328322,0.41003760355927,finding,1,availability,T1ax+T2ax+FLAIRax+SWIax,4,-1
Cerebellar degeneration,39,0.8577437143658285,0.33112163755767987,finding,1,availability,T1ax+T2ax+FLAIRax+SWIax,4,-1
Mega cisterna magna,22,0.6634199134199134,0.049067937801211214,finding,1,availability,T1ax+T2ax+FLAIRax+SWIax,4,-1
Cerebral infarction,26,0.8462458594037541,0.35559786652247166,finding,1,availability,T1ax+T2ax+FLAIRax+FLAIRsag,4,-1
Cerebral hemorrhage,20,0.8442992874109264,0.13415425716488627,finding,1,availability,T1ax+T2ax+FLAIRax+FLAIRsag,4,-1
Gliosis,284,0.7216604123007944,0.5775574215047394,finding,1,availability,T1ax+T2ax+FLAIRax+FLAIRsag,4,-1
Cerebral atrophy,102,0.9355005159958721,0.6763550754430918,finding,1,availability,T1ax+T2ax+FLAIRax+FLAIRsag,4,-1
Arachnoid cyst,43,0.7067041485646137,0.09795080386646934,finding,1,availability,T1ax+T2ax+FLAIRax+FLAIRsag,4,-1
Empty sella syndrome,45,0.6289405684754522,0.08768018377523801,finding,1,availability,T1ax+T2ax+FLAIRax+FLAIRsag,4,-1
Cyst of pineal gland,21,0.7577713606251062,0.062385523899101354,finding,1,availability,T1ax+T2ax+FLAIRax+FLAIRsag,4,-1
Cerebral edema,43,0.8864468864468865,0.4305667768468977,finding,1,availability,T1ax+T2ax+FLAIRax+FLAIRsag,4,-1
Mastoiditis,22,0.6704004329004328,0.05473383191058849,finding,1,availability,T1ax+T2ax+FLAIRax+FLAIRsag,4,-1
Ventriculomegaly,64,0.8943843984962406,0.41556611789342335,finding,1,availability,T1ax+T2ax+FLAIRax+FLAIRsag,4,-1
Cerebellar degeneration,39,0.8474000685422314,0.32693854638772396,finding,1,availability,T1ax+T2ax+FLAIRax+FLAIRsag,4,-1
Mega cisterna magna,22,0.6463203463203463,0.04213769757844235,finding,1,availability,T1ax+T2ax+FLAIRax+FLAIRsag,4,-1
Cerebral infarction,26,0.8447736474052264,0.35293940348316,finding,1,availability,T1ax+T2ax+FLAIRax+FLAIRsag+SWIax,5,-1
Cerebral hemorrhage,20,0.8484560570071258,0.13778986764396076,finding,1,availability,T1ax+T2ax+FLAIRax+FLAIRsag+SWIax,5,-1
Gliosis,284,0.7186083629806521,0.5749354107630121,finding,1,availability,T1ax+T2ax+FLAIRax+FLAIRsag+SWIax,5,-1
Cerebral atrophy,102,0.9319917440660475,0.6719079546770315,finding,1,availability,T1ax+T2ax+FLAIRax+FLAIRsag+SWIax,5,-1
Arachnoid cyst,43,0.7015929806627481,0.09224491967924754,finding,1,availability,T1ax+T2ax+FLAIRax+FLAIRsag+SWIax,5,-1
Empty sella syndrome,45,0.6308717530259759,0.09042793082661518,finding,1,availability,T1ax+T2ax+FLAIRax+FLAIRsag+SWIax,5,-1
Cyst of pineal gland,21,0.7646792367363117,0.06648666726538131,finding,1,availability,T1ax+T2ax+FLAIRax+FLAIRsag+SWIax,5,-1
Cerebral edema,43,0.8894567964335406,0.44800768252534756,finding,1,availability,T1ax+T2ax+FLAIRax+FLAIRsag+SWIax,5,-1
Mastoiditis,22,0.6576839826839826,0.056646459023412324,finding,1,availability,T1ax+T2ax+FLAIRax+FLAIRsag+SWIax,5,-1
Ventriculomegaly,64,0.8898026315789475,0.4196222166653643,finding,1,availability,T1ax+T2ax+FLAIRax+FLAIRsag+SWIax,5,-1
Cerebellar degeneration,39,0.8505779356326136,0.3157706065860356,finding,1,availability,T1ax+T2ax+FLAIRax+FLAIRsag+SWIax,5,-1
Mega cisterna magna,22,0.6464285714285715,0.043243929656450034,finding,1,availability,T1ax+T2ax+FLAIRax+FLAIRsag+SWIax,5,-1
Cerebral infarction,26,0.8256348914243651,0.3376043593041951,finding,1,budget,allinputs,1,1
Cerebral hemorrhage,20,0.847209026128266,0.13617167354413268,finding,1,budget,allinputs,1,1
Gliosis,284,0.7171158438520395,0.5468368482915744,finding,1,budget,allinputs,1,1
Cerebral atrophy,102,0.9278379772961816,0.6553858526770815,finding,1,budget,allinputs,1,1
Arachnoid cyst,43,0.7051140074395889,0.11631547902439696,finding,1,budget,allinputs,1,1
Empty sella syndrome,45,0.623609411124711,0.1413785622681762,finding,1,budget,allinputs,1,1
Cyst of pineal gland,21,0.7426533038899269,0.06666367839802562,finding,1,budget,allinputs,1,1
Cerebral edema,43,0.8922111480251015,0.4575322775358074,finding,1,budget,allinputs,1,1
Mastoiditis,22,0.6340367965367966,0.053263685766001816,finding,1,budget,allinputs,1,1
Ventriculomegaly,64,0.8843201754385965,0.3905168213746511,finding,1,budget,allinputs,1,1
Cerebellar degeneration,39,0.8403277564881453,0.3047684703785274,finding,1,budget,allinputs,1,1
Mega cisterna magna,22,0.6114718614718615,0.046019349645328826,finding,1,budget,allinputs,1,1
Cerebral infarction,26,0.8300055207949945,0.3116502068086247,finding,1,budget,allinputs,2,2
Cerebral hemorrhage,20,0.8555225653206651,0.1269436970492963,finding,1,budget,allinputs,2,2
Gliosis,284,0.7154953945124032,0.5642702448703683,finding,1,budget,allinputs,2,2
Cerebral atrophy,102,0.9320433436532507,0.6767145372850171,finding,1,budget,allinputs,2,2
Arachnoid cyst,43,0.7216969077434193,0.11952261702184602,finding,1,budget,allinputs,2,2
Empty sella syndrome,45,0.612267101863185,0.11504691389855284,finding,1,budget,allinputs,2,2
Cyst of pineal gland,21,0.7598097502972652,0.06351198613918362,finding,1,budget,allinputs,2,2
Cerebral edema,43,0.8992248062015504,0.47729558834035074,finding,1,budget,allinputs,2,2
Mastoiditis,22,0.6732142857142858,0.05214745337334009,finding,1,budget,allinputs,2,2
Ventriculomegaly,64,0.8816181077694237,0.39375534001385026,finding,1,budget,allinputs,2,2
Cerebellar degeneration,39,0.8593638034707294,0.32349813675544314,finding,1,budget,allinputs,2,2
Mega cisterna magna,22,0.6274891774891774,0.04646482683607852,finding,1,budget,allinputs,2,2
Cerebral infarction,26,0.8393448656606551,0.32016356324224277,finding,1,budget,allinputs,3,3
Cerebral hemorrhage,20,0.8542161520190024,0.1320892842997608,finding,1,budget,allinputs,3,3
Gliosis,284,0.7220076514450021,0.5720946881933872,finding,1,budget,allinputs,3,3
Cerebral atrophy,102,0.9378224974200207,0.674901039590509,finding,1,budget,allinputs,3,3
Arachnoid cyst,43,0.7067041485646137,0.09821522949168116,finding,1,budget,allinputs,3,3
Empty sella syndrome,45,0.6146606827145382,0.08813555149134665,finding,1,budget,allinputs,3,3
Cyst of pineal gland,21,0.7566955438536889,0.06440606220016211,finding,1,budget,allinputs,3,3
Cerebral edema,43,0.8879234460629809,0.4646197312541646,finding,1,budget,allinputs,3,3
Mastoiditis,22,0.6740800865800866,0.05302192166378777,finding,1,budget,allinputs,3,3
Ventriculomegaly,64,0.8912124060150377,0.4091874411758654,finding,1,budget,allinputs,3,3
Cerebellar degeneration,39,0.8570894476119263,0.3248647500083731,finding,1,budget,allinputs,3,3
Mega cisterna magna,22,0.6456168831168831,0.04661395203707166,finding,1,budget,allinputs,3,3
Cerebral infarction,26,0.8462918660287082,0.35403761336286976,finding,1,budget,allinputs,4,4
Cerebral hemorrhage,20,0.8505344418052256,0.1392747769629243,finding,1,budget,allinputs,4,4
Gliosis,284,0.721270529752912,0.5777716395958821,finding,1,budget,allinputs,4,4
Cerebral atrophy,102,0.9352167182662539,0.6762595078864172,finding,1,budget,allinputs,4,4
Arachnoid cyst,43,0.700570747082375,0.09085487998815417,finding,1,budget,allinputs,4,4
Empty sella syndrome,45,0.6314429484564124,0.08616155074020618,finding,1,budget,allinputs,4,4
Cyst of pineal gland,21,0.7656984315723911,0.06778321610909581,finding,1,budget,allinputs,4,4
Cerebral edema,43,0.8912173098219609,0.44997892544875606,finding,1,budget,allinputs,4,4
Mastoiditis,22,0.6702380952380952,0.054697915390712226,finding,1,budget,allinputs,4,4
Ventriculomegaly,64,0.8844963972431078,0.40461349091932286,finding,1,budget,allinputs,4,4
Cerebellar degeneration,39,0.8472442907436832,0.32514011557497846,finding,1,budget,allinputs,4,4
Mega cisterna magna,22,0.6633658008658009,0.04902212652853815,finding,1,budget,allinputs,4,4
Cerebral infarction,26,0.8448196540301803,0.35515837649578313,finding,1,budget,allinputs,5,5
Cerebral hemorrhage,20,0.848396674584323,0.13794265401009137,finding,1,budget,allinputs,5,5
Gliosis,284,0.7181819289439056,0.5756146054189057,finding,1,budget,allinputs,5,5
Cerebral atrophy,102,0.9310887512899897,0.6681740898554416,finding,1,budget,allinputs,5,5
Arachnoid cyst,43,0.7012806315131896,0.0921776203641999,finding,1,budget,allinputs,5,5
Empty sella syndrome,45,0.6310893512851897,0.09073311409635297,finding,1,budget,allinputs,5,5
Cyst of pineal gland,21,0.7647924806069871,0.06662022742206969,finding,1,budget,allinputs,5,5
Cerebral edema,43,0.8894851918107732,0.4475046915795193,finding,1,budget,allinputs,5,5
Mastoiditis,22,0.6575757575757576,0.05673306621774425,finding,1,budget,allinputs,5,5
Ventriculomegaly,64,0.8895676691729323,0.41905694785924164,finding,1,budget,allinputs,5,5
Cerebellar degeneration,39,0.8508583356700004,0.31662884008112413,finding,1,budget,allinputs,5,5
Mega cisterna magna,22,0.6462662337662338,0.04314929278058214,finding,1,budget,allinputs,5,5
Cerebral infarction,26,0.8097626058152374,0.14211466719500684,patient,1,availability,SWIax,1,-1
Cerebral hemorrhage,20,0.87541567695962,0.14235072075732988,patient,1,availability,SWIax,1,-1
Gliosis,284,0.6971648228471173,0.5234774239204142,patient,1,availability,SWIax,1,-1
Cerebral atrophy,102,0.8444401444788442,0.4174609496570422,patient,1,availability,SWIax,1,-1
Arachnoid cyst,43,0.6771161654882586,0.0829609117248474,patient,1,availability,SWIax,1,-1
Empty sella syndrome,45,0.6183326533387733,0.11259042692410468,patient,1,availability,SWIax,1,-1
Cyst of pineal gland,21,0.6845025762980579,0.05224586045166957,patient,1,availability,SWIax,1,-1
Cerebral edema,43,0.8929494278331487,0.41418402885012046,patient,1,availability,SWIax,1,-1
Mastoiditis,22,0.620995670995671,0.05627715688601171,patient,1,availability,SWIax,1,-1
Ventriculomegaly,64,0.8434758771929824,0.33136295739234883,patient,1,availability,SWIax,1,-1
Cerebellar degeneration,39,0.785338193600648,0.13251612265952123,patient,1,availability,SWIax,1,-1
Mega cisterna magna,22,0.6523809523809525,0.04432082052345287,patient,1,availability,SWIax,1,-1
Cerebral infarction,26,0.8099466323150534,0.2223643087436268,patient,1,availability,FLAIRsag,1,-1
Cerebral hemorrhage,20,0.8502969121140141,0.2221693851763263,patient,1,availability,FLAIRsag,1,-1
Gliosis,284,0.7019896193771626,0.5452747856716238,patient,1,availability,FLAIRsag,1,-1
Cerebral atrophy,102,0.9081011351909185,0.6449948124730562,patient,1,availability,FLAIRsag,1,-1
Arachnoid cyst,43,0.6943805548456711,0.09570453651431114,patient,1,availability,FLAIRsag,1,-1
Empty sella syndrome,45,0.6381340949272406,0.0761917726207658,patient,1,availability,FLAIRsag,1,-1
Cyst of pineal gland,21,0.7431629013079667,0.05603577995564264,patient,1,availability,FLAIRsag,1,-1
Cerebral edema,43,0.8757418292302013,0.3713945336077061,patient,1,availability,FLAIRsag,1,-1
Mastoiditis,22,0.721103896103896,0.062203946378318636,patient,1,availability,FLAIRsag,1,-1
Ventriculomegaly,64,0.8624099310776941,0.3840092935426823,patient,1,availability,FLAIRsag,1,-1
Cerebellar degeneration,39,0.7938748169610866,0.20746604114721764,patient,1,availability,FLAIRsag,1,-1
Mega cisterna magna,22,0.4875541125541126,0.03633714482000157,patient,1,availability,FLAIRsag,1,-1
Cerebral infarction,26,0.8243927125506073,0.31131704515013653,patient,1,availability,FLAIRax,1,-1
Cerebral hemorrhage,20,0.8776722090261282,0.17784218207427938,patient,1,availability,FLAIRax,1,-1
Gliosis,284,0.7066133827184561,0.5802509838804351,patient,1,availability,FLAIRax,1,-1
Cerebral atrophy,102,0.9386222910216717,0.7168573729472237,patient,1,availability,FLAIRax,1,-1
Arachnoid cyst,43,0.69974728114263,0.09774633965505095,patient,1,availability,FLAIRax,1,-1
Empty sella syndrome,45,0.6155038759689923,0.07666336465941287,patient,1,availability,FLAIRax,1,-1
Cyst of pineal gland,21,0.7027914614121511,0.054428779704302044,patient,1,availability,FLAIRax,1,-1
Cerebral edema,43,0.9265979498537639,0.5557838571211899,patient,1,availability,FLAIRax,1,-1
Mastoiditis,22,0.6549783549783549,0.07155979101357939,patient,1,availability,FLAIRax,1,-1
Ventriculomegaly,64,0.8871984649122807,0.40712463637874696,patient,1,availability,FLAIRax,1,-1
Cerebellar degeneration,39,0.8702059382496806,0.2927622693698874,patient,1,availability,FLAIRax,1,-1
Mega cisterna magna,22,0.6977272727272728,0.053399879738423306,patient,1,availability,FLAIRax,1,-1
Cerebral infarction,26,0.8456477732793521,0.22894927353091546,patient,1,availability,T2ax,1,-1
Cerebral hemorrhage,20,0.8526128266033255,0.1323637887393537,patient,1,availability,T2ax,1,-1
Gliosis,284,0.7256140650129148,0.555210416926244,patient,1,availability,T2ax,1,-1
Cerebral atrophy,102,0.9194659442724458,0.6661267271635279,patient,1,availability,T2ax,1,-1
Arachnoid cyst,43,0.7032115171650055,0.09336126279553676,patient,1,availability,T2ax,1,-1
Empty sella syndrome,45,0.6115327077383381,0.08156673450666836,patient,1,availability,T2ax,1,-1
Cyst of pineal gland,21,0.6861446124228526,0.04220478990183214,patient,1,availability,T2ax,1,-1
Cerebral edema,43,0.8731862452792686,0.4021714475926173,patient,1,availability,T2ax,1,-1
Mastoiditis,22,0.6566558441558442,0.06291632507350471,patient,1,availability,T2ax,1,-1
Ventriculomegaly,64,0.891780231829574,0.40474161308818557,patient,1,availability,T2ax,1,-1
Cerebellar degeneration,39,0.8402654453687262,0.31953167548166783,patient,1,availability,T2ax,1,-1
Mega cisterna magna,22,0.628030303030303,0.03765704966725339,patient,1,availability,T2ax,1,-1
Cerebral infarction,26,0.8438995215311005,0.30256946614277636,patient,1,availability,T1ax,1,-1
Cerebral hemorrhage,20,0.8558788598574821,0.17227808264696093,patient,1,availability,T1ax,1,-1
Gliosis,284,0.7133144890101856,0.5638697942558959,patient,1,availability,T1ax,1,-1
Cerebral atrophy,102,0.9136609907120743,0.6630512130819424,patient,1,availability,T1ax,1,-1
Arachnoid cyst,43,0.6837322883834511,0.08274305298994211,patient,1,availability,T1ax,1,-1
Empty sella syndrome,45,0.5980416156670747,0.07567929007646683,patient,1,availability,T1ax,1,-1
Cyst of pineal gland,21,0.7025083517354623,0.05659840728268599,patient,1,availability,T1ax,1,-1
Cerebral edema,43,0.8818468353352075,0.4628846160927532,patient,1,availability,T1ax,1,-1
Mastoiditis,22,0.6813311688311688,0.056232465263210116,patient,1,availability,T1ax,1,-1
Ventriculomegaly,64,0.8872180451127819,0.39933928349338127,patient,1,availability,T1ax,1,-1
Cerebellar degeneration,39,0.8225379318939465,0.31445636203769317,patient,1,availability,T1ax,1,-1
Mega cisterna magna,22,0.6422619047619047,0.03986466877823038,patient,1,availability,T1ax,1,-1
Cerebral infarction,26,0.8251748251748252,0.23623158502680044,patient,1,availability,FLAIRsag+SWIax,2,-1
Cerebral hemorrhage,20,0.8709619952494062,0.16940305857518337,patient,1,availability,FLAIRsag+SWIax,2,-1
Gliosis,284,0.7121996685998343,0.5581773128082783,patient,1,availability,FLAIRsag+SWIax,2,-1
Cerebral atrophy,102,0.9042569659442725,0.6197557468732384,patient,1,availability,FLAIRsag+SWIax,2,-1
Arachnoid cyst,43,0.6840446375330096,0.09429468343255422,patient,1,availability,FLAIRsag+SWIax,2,-1
Empty sella syndrome,45,0.6417244662042703,0.087405637622205,patient,1,availability,FLAIRsag+SWIax,2,-1
Cyst of pineal gland,21,0.7142857142857143,0.04955673938876955,patient,1,availability,FLAIRsag+SWIax,2,-1
Cerebral edema,43,0.904676718630207,0.4404794427095094,patient,1,availability,FLAIRsag+SWIax,2,-1
Mastoiditis,22,0.6916666666666667,0.0614751519704279,patient,1,availability,FLAIRsag+SWIax,2,-1
Ventriculomegaly,64,0.8724349937343359,0.39799168044352257,patient,1,availability,FLAIRsag+SWIax,2,-1
Cerebellar degeneration,39,0.8155590865189893,0.2508694414981003,patient,1,availability,FLAIRsag+SWIax,2,-1
Mega cisterna magna,22,0.603030303030303,0.03487959487212692,patient,1,availability,FLAIRsag+SWIax,2,-1
Cerebral infarction,26,0.8348362164151637,0.3478163570778126,patient,1,availability,FLAIRax+SWIax,2,-1
Cerebral hemorrhage,20,0.8777315914489311,0.158707055416882,patient,1,availability,FLAIRax+SWIax,2,-1
Gliosis,284,0.7142221843169745,0.587596437531312,patient,1,availability,FLAIRax+SWIax,2,-1
Cerebral atrophy,102,0.9354747162022703,0.7097626249996928,patient,1,availability,FLAIRax+SWIax,2,-1
Arachnoid cyst,43,0.6948916716358577,0.09367117677318082,patient,1,availability,FLAIRax+SWIax,2,-1
Empty sella syndrome,45,0.6154222766217871,0.07920175754968917,patient,1,availability,FLAIRax+SWIax,2,-1
Cyst of pineal gland,21,0.7087933865579525,0.07124920171575008,patient,1,availability,FLAIRax+SWIax,2,-1
Cerebral edema,43,0.9245250873157849,0.531018415649071,patient,1,availability,FLAIRax+SWIax,2,-1
Mastoiditis,22,0.6418290043290044,0.07363146971534738,patient,1,availability,FLAIRax+SWIax,2,-1
Ventriculomegaly,64,0.8888040413533834,0.41938418377987585,patient,1,availability,FLAIRax+SWIax,2,-1
Cerebellar degeneration,39,0.867308471196685,0.2900228601273845,patient,1,availability,FLAIRax+SWIax,2,-1
Mega cisterna magna,22,0.6901515151515153,0.05141518585363654,patient,1,availability,FLAIRax+SWIax,2,-1
Cerebral infarction,26,0.833548030916452,0.3156134144208116,patient,1,availability,FLAIRax+FLAIRsag,2,-1
Cerebral hemorrhage,20,0.8795724465558195,0.19107866293204417,patient,1,availability,FLAIRax+FLAIRsag,2,-1
Gliosis,284,0.7155197621716458,0.5841546688404471,patient,1,availability,FLAIRax+FLAIRsag,2,-1
Cerebral atrophy,102,0.9411506707946335,0.7213531754859418,patient,1,availability,FLAIRax+FLAIRsag,2,-1
Arachnoid cyst,43,0.7030979356560753,0.10962082590263686,patient,1,availability,FLAIRax+FLAIRsag,2,-1
Empty sella syndrome,45,0.62875016999864,0.07862341858871966,patient,1,availability,FLAIRax+FLAIRsag,2,-1
Cyst of pineal gland,21,0.7149651775097673,0.05293803210326736,patient,1,availability,FLAIRax+FLAIRsag,2,-1
Cerebral edema,43,0.9242979242979242,0.5469201994773254,patient,1,availability,FLAIRax+FLAIRsag,2,-1
Mastoiditis,22,0.680952380952381,0.06600210574611026,patient,1,availability,FLAIRax+FLAIRsag,2,-1
Ventriculomegaly,64,0.8900180137844612,0.41947485688043484,patient,1,availability,FLAIRax+FLAIRsag,2,-1
Cerebellar degeneration,39,0.8558743807832508,0.2901813820272755,patient,1,availability,FLAIRax+FLAIRsag,2,-1
Mega cisterna magna,22,0.6882575757575758,0.050967165014547594,patient,1,availability,FLAIRax+FLAIRsag,2,-1
Cerebral infarction,26,0.8467059256532941,0.2437243045301263,patient,1,availability,T2ax+SWIax,2,-1
Cerebral hemorrhage,20,0.8625296912114014,0.13890709490345696,patient,1,availability,T2ax+SWIax,2,-1
Gliosis,284,0.7262841756420877,0.5573630416372575,patient,1,availability,T2ax+SWIax,2,-1
Cerebral atrophy,102,0.9206398348813208,0.6521995805009053,patient,1,availability,T2ax+SWIax,2,-1
Arachnoid cyst,43,0.6989238152028849,0.09080813786943426,patient,1,availability,T2ax+SWIax,2,-1
Empty sella syndrome,45,0.6151774785801714,0.08179191495082552,patient,1,availability,T2ax+SWIax,2,-1
Cyst of pineal gland,21,0.6988279259385086,0.04517938488567999,patient,1,availability,T2ax+SWIax,2,-1
Cerebral edema,43,0.885311071357583,0.4333678356511353,patient,1,availability,T2ax+SWIax,2,-1
Mastoiditis,22,0.6446969696969697,0.06711928773634056,patient,1,availability,T2ax+SWIax,2,-1
Ventriculomegaly,64,0.8908208020050125,0.42282003071737484,patient,1,availability,T2ax+SWIax,2,-1
Cerebellar degeneration,39,0.8449387793251706,0.3268790014641035,patient,1,availability,T2ax+SWIax,2,-1
Mega cisterna magna,22,0.6406926406926408,0.04006040202513532,patient,1,availability,T2ax+SWIax,2,-1
Cerebral infarction,26,0.8474420316525579,0.2699726293161838,patient,1,availability,T2ax+FLAIRsag,2,-1
Cerebral hemorrhage,20,0.8735154394299287,0.1686075071978532,patient,1,availability,T2ax+FLAIRsag,2,-1
Gliosis,284,0.7305606998391734,0.5674717630409489,patient,1,availability,T2ax+FLAIRsag,2,-1
Cerebral atrophy,102,0.9291537667698658,0.6893581362035025,patient,1,availability,T2ax+FLAIRsag,2,-1
Arachnoid cyst,43,0.7054831473436124,0.09757716245306229,patient,1,availability,T2ax+FLAIRsag,2,-1
Empty sella syndrome,45,0.632530939752482,0.0811653838133389,patient,1,availability,T2ax+FLAIRsag,2,-1
Cyst of pineal gland,21,0.708227167204575,0.0455561274735999,patient,1,availability,T2ax+FLAIRsag,2,-1
Cerebral edema,43,0.9014396456256921,0.45728290485397605,patient,1,availability,T2ax+FLAIRsag,2,-1
Mastoiditis,22,0.6946969696969697,0.06496901473287238,patient,1,availability,T2ax+FLAIRsag,2,-1
Ventriculomegaly,64,0.8973997493734335,0.44161671141563735,patient,1,availability,T2ax+FLAIRsag,2,-1
Cerebellar degeneration,39,0.8377106894725364,0.29885082290018417,patient,1,availability,T2ax+FLAIRsag,2,-1
Mega cisterna magna,22,0.6271103896103896,0.03847257691804593,patient,1,availability,T2ax+FLAIRsag,2,-1
Cerebral infarction,26,0.8426113360323887,0.3390694651940946,patient,1,availability,T2ax+FLAIRax,2,-1
Cerebral hemorrhage,20,0.8796912114014251,0.16231051618639378,patient,1,availability,T2ax+FLAIRax,2,-1
Gliosis,284,0.7240301671621423,0.5812571914623001,patient,1,availability,T2ax+FLAIRax,2,-1
Cerebral atrophy,102,0.939576883384933,0.7235949089895077,patient,1,availability,T2ax+FLAIRax,2,-1
Arachnoid cyst,43,0.7051140074395889,0.09900226028736848,patient,1,availability,T2ax+FLAIRax,2,-1
Empty sella syndrome,45,0.6134910920712635,0.07938899442953387,patient,1,availability,T2ax+FLAIRax,2,-1
Cyst of pineal gland,21,0.7035275465715418,0.04845715677266715,patient,1,availability,T2ax+FLAIRax,2,-1
Cerebral edema,43,0.9135928670812391,0.522303870723975,patient,1,availability,T2ax+FLAIRax,2,-1
Mastoiditis,22,0.6558441558441558,0.0723665014489501,patient,1,availability,T2ax+FLAIRax,2,-1
Ventriculomegaly,64,0.9002976190476191,0.43647972263819884,patient,1,availability,T2ax+FLAIRax,2,-1
Cerebellar degeneration,39,0.8649718042184628,0.3226651672480039,patient,1,availability,T2ax+FLAIRax,2,-1
Mega cisterna magna,22,0.6663419913419915,0.044054063750718075,patient,1,availability,T2ax+FLAIRax,2,-1
Cerebral infarction,26,0.8450956937799043,0.26295857385013416,patient,1,availability,T1ax+SWIax,2,-1
Cerebral hemorrhage,20,0.8715558194774347,0.1666343429881986,patient,1,availability,T1ax+SWIax,2,-1
Gliosis,284,0.7203019152980166,0.5673426390535811,patient,1,availability,T1ax+SWIax,2,-1
Cerebral atrophy,102,0.9109391124871002,0.6160227699547928,patient,1,availability,T1ax+SWIax,2,-1
Arachnoid cyst,43,0.6820853565039612,0.08373041198409521,patient,1,availability,T1ax+SWIax,2,-1
Empty sella syndrome,45,0.6094383244934041,0.08263394954881595,patient,1,availability,T1ax+SWIax,2,-1
Cyst of pineal gland,21,0.7137194949323368,0.06189470901543463,patient,1,availability,T1ax+SWIax,2,-1
Cerebral edema,43,0.8961865008376636,0.5035013447487581,patient,1,availability,T1ax+SWIax,2,-1
Mastoiditis,22,0.6484848484848484,0.05790208476337405,patient,1,availability,T1ax+SWIax,2,-1
Ventriculomegaly,64,0.8887061403508772,0.40299752450547877,patient,1,availability,T1ax+SWIax,2,-1
Cerebellar degeneration,39,0.8367137115618283,0.275367775768191,patient,1,availability,T1ax+SWIax,2,-1
Mega cisterna magna,22,0.6479437229437229,0.040994616361409754,patient,1,availability,T1ax+SWIax,2,-1
Cerebral infarction,26,0.839896945160103,0.3036900957992854,patient,1,availability,T1ax+FLAIRsag,2,-1
Cerebral hemorrhage,20,0.8668052256532066,0.18585359262194381,patient,1,availability,T1ax+FLAIRsag,2,-1
Gliosis,284,0.7195647936059263,0.577365202780546,patient,1,availability,T1ax+FLAIRsag,2,-1
Cerebral atrophy,102,0.9286377708978328,0.6930039592758862,patient,1,availability,T1ax+FLAIRsag,2,-1
Arachnoid cyst,43,0.6885027117585256,0.0921064871179163,patient,1,availability,T1ax+FLAIRsag,2,-1
Empty sella syndrome,45,0.6384876920984632,0.07879453479838307,patient,1,availability,T1ax+FLAIRsag,2,-1
Cyst of pineal gland,21,0.7179661400826681,0.05293197250754015,patient,1,availability,T1ax+FLAIRsag,2,-1
Cerebral edema,43,0.9047051140074396,0.4873462270087731,patient,1,availability,T1ax+FLAIRsag,2,-1
Mastoiditis,22,0.7108766233766234,0.061450776392046436,patient,1,availability,T1ax+FLAIRsag,2,-1
Ventriculomegaly,64,0.8929354636591478,0.4267545829663539,patient,1,availability,T1ax+FLAIRsag,2,-1
Cerebellar degeneration,39,0.819796242639499,0.29254813584803635,patient,1,availability,T1ax+FLAIRsag,2,-1
Mega cisterna magna,22,0.623538961038961,0.04333179847449878,patient,1,availability,T1ax+FLAIRsag,2,-1
Cerebral infarction,26,0.8410011041589989,0.34322409261493186,patient,1,availability,T1ax+FLAIRax,2,-1
Cerebral hemorrhage,20,0.8833135391923991,0.1780293690305608,patient,1,availability,T1ax+FLAIRax,2,-1
Gliosis,284,0.7166102149227545,0.585988877727629,patient,1,availability,T1ax+FLAIRax,2,-1
Cerebral atrophy,102,0.9421439628482973,0.7257879836579396,patient,1,availability,T1ax+FLAIRax,2,-1
Arachnoid cyst,43,0.6975324417184883,0.09353623644422071,patient,1,availability,T1ax+FLAIRax,2,-1
Empty sella syndrome,45,0.6066639466884265,0.07589159012309832,patient,1,availability,T1ax+FLAIRax,2,-1
Cyst of pineal gland,21,0.7036407904422173,0.056614732910531027,patient,1,availability,T1ax+FLAIRax,2,-1
Cerebral edema,43,0.9244399011840873,0.5646370142545523,patient,1,availability,T1ax+FLAIRax,2,-1
Mastoiditis,22,0.6666666666666666,0.0648305924181937,patient,1,availability,T1ax+FLAIRax,2,-1
Ventriculomegaly,64,0.8996514724310777,0.4414292918651581,patient,1,availability,T1ax+FLAIRax,2,-1
Cerebellar degeneration,39,0.8660934043680095,0.3082135983034425,patient,1,availability,T1ax+FLAIRax,2,-1
Mega cisterna magna,22,0.6851731601731602,0.04797461533287265,patient,1,availability,T1ax+FLAIRax,2,-1
Cerebral infarction,26,0.8534688995215312,0.29410623184996076,patient,1,availability,T1ax+T2ax,2,-1
Cerebral hemorrhage,20,0.8645486935866983,0.15570029305015545,patient,1,availability,T1ax+T2ax,2,-1
Gliosis,284,0.730676446220576,0.5717372798010844,patient,1,availability,T1ax+T2ax,2,-1
Cerebral atrophy,102,0.9277734778121774,0.6893614645032808,patient,1,availability,T1ax+T2ax,2,-1
Arachnoid cyst,43,0.6976176278501859,0.09117185458035404,patient,1,availability,T1ax+T2ax,2,-1
Empty sella syndrome,45,0.6066639466884265,0.07999342576478267,patient,1,availability,T1ax+T2ax,2,-1
Cyst of pineal gland,21,0.7037540343128929,0.05053264800213272,patient,1,availability,T1ax+T2ax,2,-1
Cerebral edema,43,0.8936593122639634,0.4848235163357905,patient,1,availability,T1ax+T2ax,2,-1
Mastoiditis,22,0.6721320346320346,0.06700177661260083,patient,1,availability,T1ax+T2ax,2,-1
Ventriculomegaly,64,0.9005717418546366,0.4378436695064898,patient,1,availability,T1ax+T2ax,2,-1
Cerebellar degeneration,39,0.8451257126834284,0.3459319857129212,patient,1,availability,T1ax+T2ax,2,-1
Mega cisterna magna,22,0.6350649350649352,0.038105478891707734,patient,1,availability,T1ax+T2ax,2,-1
Cerebral infarction,26,0.8361244019138756,0.33241436440458666,patient,1,availability,FLAIRax+FLAIRsag+SWIax,3,-1
Cerebral hemorrhage,20,0.8796912114014253,0.18426523067977948,patient,1,availability,FLAIRax+FLAIRsag+SWIax,3,-1
Gliosis,284,0.7184073297919003,0.5884915376348907,patient,1,availability,FLAIRax+FLAIRsag+SWIax,3,-1
Cerebral atrophy,102,0.9373065015479877,0.7135908747876802,patient,1,availability,FLAIRax+FLAIRsag+SWIax,3,-1
Arachnoid cyst,43,0.6977312093591163,0.10128953711642545,patient,1,availability,FLAIRax+FLAIRsag+SWIax,3,-1
Empty sella syndrome,45,0.6275533795729634,0.08056077014499424,patient,1,availability,FLAIRax+FLAIRsag+SWIax,3,-1
Cyst of pineal gland,21,0.7153615310571315,0.05503123161268842,patient,1,availability,FLAIRax+FLAIRsag+SWIax,3,-1
Cerebral edema,43,0.9234744583581792,0.5125883402123275,patient,1,availability,FLAIRax+FLAIRsag+SWIax,3,-1
Mastoiditis,22,0.6678030303030302,0.06660218909134119,patient,1,availability,FLAIRax+FLAIRsag+SWIax,3,-1
Ventriculomegaly,64,0.8907229010025063,0.42994273942382927,patient,1,availability,FLAIRax+FLAIRsag+SWIax,3,-1
Cerebellar degeneration,39,0.856185936380347,0.29072575546830093,patient,1,availability,FLAIRax+FLAIRsag+SWIax,3,-1
Mega cisterna magna,22,0.683008658008658,0.04958682145000805,patient,1,availability,FLAIRax+FLAIRsag+SWIax,3,-1
Cerebral infarction,26,0.8464298859035702,0.2670013893181589,patient,1,availability,T2ax+FLAIRsag+SWIax,3,-1
Cerebral hemorrhage,20,0.8764845605700713,0.15981538274477788,patient,1,availability,T2ax+FLAIRsag+SWIax,3,-1
Gliosis,284,0.7301038062283736,0.5686023201687984,patient,1,availability,T2ax+FLAIRsag+SWIax,3,-1
Cerebral atrophy,102,0.9281604747162023,0.680699762596849,patient,1,availability,T2ax+FLAIRsag+SWIax,3,-1
Arachnoid cyst,43,0.6997188857653974,0.09309226947599152,patient,1,availability,T2ax+FLAIRsag+SWIax,3,-1
Empty sella syndrome,45,0.6338637290901673,0.0827590819815425,patient,1,availability,T2ax+FLAIRsag+SWIax,3,-1
Cyst of pineal gland,21,0.7113413736481513,0.047417250091583395,patient,1,availability,T2ax+FLAIRsag+SWIax,3,-1
Cerebral edema,43,0.9054149984382542,0.4737762010850298,patient,1,availability,T2ax+FLAIRsag+SWIax,3,-1
Mastoiditis,22,0.6784090909090909,0.06512199205641364,patient,1,availability,T2ax+FLAIRsag+SWIax,3,-1
Ventriculomegaly,64,0.8946389411027569,0.43543433966236444,patient,1,availability,T2ax+FLAIRsag+SWIax,3,-1
Cerebellar degeneration,39,0.8402031342493068,0.30896908091141234,patient,1,availability,T2ax+FLAIRsag+SWIax,3,-1
Mega cisterna magna,22,0.6383116883116884,0.04016232378776016,patient,1,availability,T2ax+FLAIRsag+SWIax,3,-1
Cerebral infarction,26,0.8444976076555024,0.32846570722407037,patient,1,availability,T2ax+FLAIRax+SWIax,3,-1
Cerebral hemorrhage,20,0.8793942992874109,0.15972688078881817,patient,1,availability,T2ax+FLAIRax+SWIax,3,-1
Gliosis,284,0.7260344071348507,0.5840505664502362,patient,1,availability,T2ax+FLAIRax+SWIax,3,-1
Cerebral atrophy,102,0.9381578947368421,0.7157461335156277,patient,1,availability,T2ax+FLAIRax+SWIax,3,-1
Arachnoid cyst,43,0.7019053298123066,0.09498067445026917,patient,1,availability,T2ax+FLAIRax+SWIax,3,-1
Empty sella syndrome,45,0.613110295117639,0.07955913411467712,patient,1,availability,T2ax+FLAIRax+SWIax,3,-1
Cyst of pineal gland,21,0.7078308136572107,0.05065301947920487,patient,1,availability,T2ax+FLAIRax+SWIax,3,-1
Cerebral edema,43,0.9127694011414941,0.5065777530339298,patient,1,availability,T2ax+FLAIRax+SWIax,3,-1
Mastoiditis,22,0.6489718614718615,0.07277349270226897,patient,1,availability,T2ax+FLAIRax+SWIax,3,-1
Ventriculomegaly,64,0.8983983395989975,0.4356223942638301,patient,1,availability,T2ax+FLAIRax+SWIax,3,-1
Cerebellar degeneration,39,0.8644733152631087,0.3239214891906616,patient,1,availability,T2ax+FLAIRax+SWIax,3,-1
Mega cisterna magna,22,0.6672619047619047,0.044925264084436554,patient,1,availability,T2ax+FLAIRax+SWIax,3,-1
Cerebral infarction,26,0.8437615016562385,0.3198971788486745,patient,1,availability,T2ax+FLAIRax+FLAIRsag,3,-1
Cerebral hemorrhage,20,0.8818289786223278,0.17197707817111274,patient,1,availability,T2ax+FLAIRax+FLAIRsag,3,-1
Gliosis,284,0.7273258930747112,0.584433086538623,patient,1,availability,T2ax+FLAIRax+FLAIRsag,3,-1
Cerebral atrophy,102,0.9415505675954592,0.722560136582644,patient,1,availability,T2ax+FLAIRax+FLAIRsag,3,-1
Arachnoid cyst,43,0.7061930317744272,0.10067176402437876,patient,1,availability,T2ax+FLAIRax+FLAIRsag,3,-1
Empty sella syndrome,45,0.6237726098191214,0.07953936761938263,patient,1,availability,T2ax+FLAIRax+FLAIRsag,3,-1
Cyst of pineal gland,21,0.71162448332484,0.04932449564459011,patient,1,availability,T2ax+FLAIRax+FLAIRsag,3,-1
Cerebral edema,43,0.917255870744243,0.517354435958948,patient,1,availability,T2ax+FLAIRax+FLAIRsag,3,-1
Mastoiditis,22,0.6771103896103896,0.06780080818588992,patient,1,availability,T2ax+FLAIRax+FLAIRsag,3,-1
Ventriculomegaly,64,0.9000430764411027,0.4398742240268635,patient,1,availability,T2ax+FLAIRax+FLAIRsag,3,-1
Cerebellar degeneration,39,0.8579929588435057,0.30235859458044523,patient,1,availability,T2ax+FLAIRax+FLAIRsag,3,-1
Mega cisterna magna,22,0.6643398268398268,0.04442667070520478,patient,1,availability,T2ax+FLAIRax+FLAIRsag,3,-1
Cerebral infarction,26,0.8431634155318366,0.29905796483139335,patient,1,availability,T1ax+FLAIRsag+SWIax,3,-1
Cerebral hemorrhage,20,0.8760095011876484,0.17830778479026083,patient,1,availability,T1ax+FLAIRsag+SWIax,3,-1
Gliosis,284,0.7225010965446659,0.5746354635292938,patient,1,availability,T1ax+FLAIRsag+SWIax,3,-1
Cerebral atrophy,102,0.9238003095975231,0.6732353147739933,patient,1,availability,T1ax+FLAIRsag+SWIax,3,-1
Arachnoid cyst,43,0.6850668711133828,0.08972122550117992,patient,1,availability,T1ax+FLAIRsag+SWIax,3,-1
Empty sella syndrome,45,0.6338909288725689,0.08205413419762886,patient,1,availability,T1ax+FLAIRsag+SWIax,3,-1
Cyst of pineal gland,21,0.7209671026555688,0.05501341060594655,patient,1,availability,T1ax+FLAIRsag+SWIax,3,-1
Cerebral edema,43,0.9099298634182356,0.5044591117511662,patient,1,availability,T1ax+FLAIRsag+SWIax,3,-1
Mastoiditis,22,0.6912337662337663,0.06183494142674635,patient,1,availability,T1ax+FLAIRsag+SWIax,3,-1
Ventriculomegaly,64,0.8913103070175439,0.42974733545265287,patient,1,availability,T1ax+FLAIRsag+SWIax,3,-1
Cerebellar degeneration,39,0.8308876218961273,0.2883700537171046,patient,1,availability,T1ax+FLAIRsag+SWIax,3,-1
Mega cisterna magna,22,0.634361471861472,0.03977026652652181,patient,1,availability,T1ax+FLAIRsag+SWIax,3,-1
Cerebral infarction,26,0.8425653294074347,0.34920721405019933,patient,1,availability,T1ax+FLAIRax+SWIax,3,-1
Cerebral hemorrhage,20,0.882957244655582,0.17200563066164137,patient,1,availability,T1ax+FLAIRax+SWIax,3,-1
Gliosis,284,0.7206186948681709,0.5895212775913581,patient,1,availability,T1ax+FLAIRax+SWIax,3,-1
Cerebral atrophy,102,0.9385577915376677,0.7183600677787856,patient,1,availability,T1ax+FLAIRax+SWIax,3,-1
Arachnoid cyst,43,0.694863276258625,0.09176795336818665,patient,1,availability,T1ax+FLAIRax+SWIax,3,-1
Empty sella syndrome,45,0.6099007207942336,0.07845507594448098,patient,1,availability,T1ax+FLAIRax+SWIax,3,-1
Cyst of pineal gland,21,0.7091897401053169,0.06582150444253729,patient,1,availability,T1ax+FLAIRax+SWIax,3,-1
Cerebral edema,43,0.9233324814720164,0.5433063515052504,patient,1,availability,T1ax+FLAIRax+SWIax,3,-1
Mastoiditis,22,0.6553571428571429,0.06611392845587116,patient,1,availability,T1ax+FLAIRax+SWIax,3,-1
Ventriculomegaly,64,0.8981829573934836,0.4412889011801376,patient,1,availability,T1ax+FLAIRax+SWIax,3,-1
Cerebellar degeneration,39,0.8645356263825279,0.30139144113038857,patient,1,availability,T1ax+FLAIRax+SWIax,3,-1
Mega cisterna magna,22,0.6791125541125541,0.04714898587060943,patient,1,availability,T1ax+FLAIRax+SWIax,3,-1
Cerebral infarction,26,0.8411391240338608,0.33186362851870704,patient,1,availability,T1ax+FLAIRax+FLAIRsag,3,-1
Cerebral hemorrhage,20,0.8823040380047505,0.18720641283989456,patient,1,availability,T1ax+FLAIRax+FLAIRsag,3,-1
Gliosis,284,0.7206065110385497,0.5899574546452254,patient,1,availability,T1ax+FLAIRax+FLAIRsag,3,-1
Cerebral atrophy,102,0.9433694530443757,0.7294803820766079,patient,1,availability,T1ax+FLAIRax+FLAIRsag,3,-1
Arachnoid cyst,43,0.6991793735979783,0.10039540590616038,patient,1,availability,T1ax+FLAIRax+FLAIRsag,3,-1
Empty sella syndrome,45,0.6223038215694274,0.07798192280498886,patient,1,availability,T1ax+FLAIRax+FLAIRsag,3,-1
Cyst of pineal gland,21,0.7110582639714625,0.053125183106391145,patient,1,availability,T1ax+FLAIRax+FLAIRsag,3,-1
Cerebral edema,43,0.9245818780702502,0.550094175519133,patient,1,availability,T1ax+FLAIRax+FLAIRsag,3,-1
Mastoiditis,22,0.6840367965367965,0.06596851821887156,patient,1,availability,T1ax+FLAIRax+FLAIRsag,3,-1
Ventriculomegaly,64,0.8983004385964912,0.44167076059650945,patient,1,availability,T1ax+FLAIRax+FLAIRsag,3,-1
Cerebellar degeneration,39,0.8566221142162819,0.30787549378186413,patient,1,availability,T1ax+FLAIRax+FLAIRsag,3,-1
Mega cisterna magna,22,0.6789502164502166,0.04741871624006784,patient,1,availability,T1ax+FLAIRax+FLAIRsag,3,-1
Cerebral infarction,26,0.8519046742730954,0.2897891509271052,patient,1,availability,T1ax+T2ax+SWIax,3,-1
Cerebral hemorrhage,20,0.8685273159144893,0.15668607501551707,patient,1,availability,T1ax+T2ax+SWIax,3,-1
Gliosis,284,0.7302865636726936,0.570512531787019,patient,1,availability,T1ax+T2ax+SWIax,3,-1
Cerebral atrophy,102,0.9273219814241486,0.6764302170297518,patient,1,availability,T1ax+T2ax+SWIax,3,-1
Arachnoid cyst,43,0.6951188346537184,0.08928678735048008,patient,1,availability,T1ax+T2ax+SWIax,3,-1
Empty sella syndrome,45,0.6098463212294302,0.08083298133819514,patient,1,availability,T1ax+T2ax+SWIax,3,-1
Cyst of pineal gland,21,0.7137761168676746,0.05326564080799897,patient,1,availability,T1ax+T2ax+SWIax,3,-1
Cerebral edema,43,0.8965556407416873,0.48947773833300984,patient,1,availability,T1ax+T2ax+SWIax,3,-1
Mastoiditis,22,0.6570346320346321,0.06507029170153145,patient,1,availability,T1ax+T2ax+SWIax,3,-1
Ventriculomegaly,64,0.8972431077694235,0.4338653412916209,patient,1,availability,T1ax+T2ax+SWIax,3,-1
Cerebellar degeneration,39,0.8479920241767144,0.34569803383527187,patient,1,availability,T1ax+T2ax+SWIax,3,-1
Mega cisterna magna,22,0.6397186147186147,0.03955987961085841,patient,1,availability,T1ax+T2ax+SWIax,3,-1
Cerebral infarction,26,0.8519966875230033,0.3185742308477249,patient,1,availability,T1ax+T2ax+FLAIRsag,3,-1
Cerebral hemorrhage,20,0.8748218527315915,0.17065439643396235,patient,1,availability,T1ax+T2ax+FLAIRsag,3,-1
Gliosis,284,0.7321385057751352,0.5788610850221061,patient,1,availability,T1ax+T2ax+FLAIRsag,3,-1
Cerebral atrophy,102,0.9331527347781218,0.7019822456484432,patient,1,availability,T1ax+T2ax+FLAIRsag,3,-1
Arachnoid cyst,43,0.6996336996336996,0.09418545170021121,patient,1,availability,T1ax+T2ax+FLAIRsag,3,-1
Empty sella syndrome,45,0.6246430028559771,0.0794656491456977,patient,1,availability,T1ax+T2ax+FLAIRsag,3,-1
Cyst of pineal gland,21,0.7119075930015288,0.05032012717218834,patient,1,availability,T1ax+T2ax+FLAIRsag,3,-1
Cerebral edema,43,0.9070903256949768,0.4928738378273511,patient,1,availability,T1ax+T2ax+FLAIRsag,3,-1
Mastoiditis,22,0.6946428571428571,0.06317506981185496,patient,1,availability,T1ax+T2ax+FLAIRsag,3,-1
Ventriculomegaly,64,0.9023535401002506,0.45727404021016804,patient,1,availability,T1ax+T2ax+FLAIRsag,3,-1
Cerebellar degeneration,39,0.840857401003209,0.33174730522812695,patient,1,availability,T1ax+T2ax+FLAIRsag,3,-1
Mega cisterna magna,22,0.6350108225108225,0.03903290378956029,patient,1,availability,T1ax+T2ax+FLAIRsag,3,-1
Cerebral infarction,26,0.84781008465219,0.35903264510124716,patient,1,availability,T1ax+T2ax+FLAIRax,3,-1
Cerebral hemorrhage,20,0.8818883610451307,0.17476679370525755,patient,1,availability,T1ax+T2ax+FLAIRax,3,-1
Gliosis,284,0.7267715288269408,0.584907516864014,patient,1,availability,T1ax+T2ax+FLAIRax,3,-1
Cerebral atrophy,102,0.9417311661506709,0.7268295767229882,patient,1,availability,T1ax+T2ax+FLAIRax,3,-1
Arachnoid cyst,43,0.7021324928301673,0.09644893496667682,patient,1,availability,T1ax+T2ax+FLAIRax,3,-1
Empty sella syndrome,45,0.6088399292805657,0.0787004726345784,patient,1,availability,T1ax+T2ax+FLAIRax,3,-1
Cyst of pineal gland,21,0.7031878149595153,0.050447648721659265,patient,1,availability,T1ax+T2ax+FLAIRax,3,-1
Cerebral edema,43,0.9153533804696595,0.5270923023129058,patient,1,availability,T1ax+T2ax+FLAIRax,3,-1
Mastoiditis,22,0.6650974025974026,0.06606318412719941,patient,1,availability,T1ax+T2ax+FLAIRax,3,-1
Ventriculomegaly,64,0.9044486215538847,0.45395628591724596,patient,1,availability,T1ax+T2ax+FLAIRax,3,-1
Cerebellar degeneration,39,0.8628220705984982,0.3341177174753266,patient,1,availability,T1ax+T2ax+FLAIRax,3,-1
Mega cisterna magna,22,0.6635281385281386,0.043235255346081476,patient,1,availability,T1ax+T2ax+FLAIRax,3,-1
Cerebral infarction,26,0.8449116672800884,0.32643484537427503,patient,1,availability,T2ax+FLAIRax+FLAIRsag+SWIax,4,-1
Cerebral hemorrhage,20,0.8818289786223278,0.16572068788456656,patient,1,availability,T2ax+FLAIRax+FLAIRsag+SWIax,4,-1
Gliosis,284,0.7279168088113456,0.5851983930329935,patient,1,availability,T2ax+FLAIRax+FLAIRsag+SWIax,4,-1
Cerebral atrophy,102,0.9399638802889576,0.7204784086046946,patient,1,availability,T2ax+FLAIRax+FLAIRsag+SWIax,4,-1
Arachnoid cyst,43,0.7030695402788426,0.09686172910199999,patient,1,availability,T2ax+FLAIRax+FLAIRsag+SWIax,4,-1
Empty sella syndrome,45,0.6247518019855841,0.0808951731940325,patient,1,availability,T2ax+FLAIRax+FLAIRsag+SWIax,4,-1
Cyst of pineal gland,21,0.7130400317082837,0.050182683619990245,patient,1,availability,T2ax+FLAIRax+FLAIRsag+SWIax,4,-1
Cerebral edema,43,0.9164040094272652,0.5130017270410157,patient,1,availability,T2ax+FLAIRax+FLAIRsag+SWIax,4,-1
Mastoiditis,22,0.6673701298701299,0.06969587079640736,patient,1,availability,T2ax+FLAIRax+FLAIRsag+SWIax,4,-1
Ventriculomegaly,64,0.8987703634085212,0.44778135689762455,patient,1,availability,T2ax+FLAIRax+FLAIRsag+SWIax,4,-1
Cerebellar degeneration,39,0.8575256254478612,0.3040193627107519,patient,1,availability,T2ax+FLAIRax+FLAIRsag+SWIax,4,-1
Mega cisterna magna,22,0.6647186147186147,0.04475676567133472,patient,1,availability,T2ax+FLAIRax+FLAIRsag+SWIax,4,-1
Cerebral infarction,26,0.8424273095325727,0.3386547741535247,patient,1,availability,T1ax+FLAIRax+FLAIRsag+SWIax,4,-1
Cerebral hemorrhage,20,0.8826603325415677,0.17809225963155817,patient,1,availability,T1ax+FLAIRax+FLAIRsag+SWIax,4,-1
Gliosis,284,0.7229884497295189,0.5913642829115372,patient,1,availability,T1ax+FLAIRax+FLAIRsag+SWIax,4,-1
Cerebral atrophy,102,0.9399509803921569,0.7207036872180438,patient,1,availability,T1ax+FLAIRax+FLAIRsag+SWIax,4,-1
Arachnoid cyst,43,0.6960842774796263,0.09434744230539752,patient,1,availability,T1ax+FLAIRax+FLAIRsag+SWIax,4,-1
Empty sella syndrome,45,0.6227118183054535,0.07957273255547719,patient,1,availability,T1ax+FLAIRax+FLAIRsag+SWIax,4,-1
Cyst of pineal gland,21,0.7154181529924692,0.05577976540793751,patient,1,availability,T1ax+FLAIRax+FLAIRsag+SWIax,4,-1
Cerebral edema,43,0.9236448306215748,0.5405890718256822,patient,1,availability,T1ax+FLAIRax+FLAIRsag+SWIax,4,-1
Mastoiditis,22,0.6731601731601732,0.06539266444112826,patient,1,availability,T1ax+FLAIRax+FLAIRsag+SWIax,4,-1
Ventriculomegaly,64,0.8967144423558896,0.4390773532215573,patient,1,availability,T1ax+FLAIRax+FLAIRsag+SWIax,4,-1
Cerebellar degeneration,39,0.8565286475371531,0.3069423381128785,patient,1,availability,T1ax+FLAIRax+FLAIRsag+SWIax,4,-1
Mega cisterna magna,22,0.6748376623376624,0.046364257129344374,patient,1,availability,T1ax+FLAIRax+FLAIRsag+SWIax,4,-1
Cerebral infarction,26,0.8505244755244755,0.3174979019567721,patient,1,availability,T1ax+T2ax+FLAIRsag+SWIax,4,-1
Cerebral hemorrhage,20,0.8783847980997624,0.1700431915537651,patient,1,availability,T1ax+T2ax+FLAIRsag+SWIax,4,-1
Gliosis,284,0.7321202300307033,0.5783955690118905,patient,1,availability,T1ax+T2ax+FLAIRsag+SWIax,4,-1
Cerebral atrophy,102,0.9317595459236325,0.6886919060840334,patient,1,availability,T1ax+T2ax+FLAIRsag+SWIax,4,-1
Arachnoid cyst,43,0.6961126728568588,0.09234001649510863,patient,1,availability,T1ax+T2ax+FLAIRsag+SWIax,4,-1
Empty sella syndrome,45,0.6264925880592955,0.08087938709078293,patient,1,availability,T1ax+T2ax+FLAIRsag+SWIax,4,-1
Cyst of pineal gland,21,0.7185889813713833,0.05253290339180998,patient,1,availability,T1ax+T2ax+FLAIRsag+SWIax,4,-1
Cerebral edema,43,0.9086236760655365,0.5034043611891741,patient,1,availability,T1ax+T2ax+FLAIRsag+SWIax,4,-1
Mastoiditis,22,0.6824134199134199,0.06482777589522072,patient,1,availability,T1ax+T2ax+FLAIRsag+SWIax,4,-1
Ventriculomegaly,64,0.8992990288220551,0.4547817362214286,patient,1,availability,T1ax+T2ax+FLAIRsag+SWIax,4,-1
Cerebellar degeneration,39,0.8435056235785277,0.3307426417871965,patient,1,availability,T1ax+T2ax+FLAIRsag+SWIax,4,-1
Mega cisterna magna,22,0.6385822510822511,0.03978853772506402,patient,1,availability,T1ax+T2ax+FLAIRsag+SWIax,4,-1
Cerebral infarction,26,0.8494663231505336,0.3516585916243482,patient,1,availability,T1ax+T2ax+FLAIRax+SWIax,4,-1
Cerebral hemorrhage,20,0.8819477434679335,0.16904830635848653,patient,1,availability,T1ax+T2ax+FLAIRax+SWIax,4,-1
Gliosis,284,0.728434621570252,0.5846525286486267,patient,1,availability,T1ax+T2ax+FLAIRax+SWIax,4,-1
Cerebral atrophy,102,0.9394865841073271,0.7196757379988993,patient,1,availability,T1ax+T2ax+FLAIRax+SWIax,4,-1
Arachnoid cyst,43,0.7001448164238862,0.093642327674307,patient,1,availability,T1ax+T2ax+FLAIRax+SWIax,4,-1
Empty sella syndrome,45,0.6098191214470284,0.07905237389397031,patient,1,availability,T1ax+T2ax+FLAIRax+SWIax,4,-1
Cyst of pineal gland,21,0.709586093652681,0.052824564942747274,patient,1,availability,T1ax+T2ax+FLAIRax+SWIax,4,-1
Cerebral edema,43,0.9147854729250078,0.5218979144020328,patient,1,availability,T1ax+T2ax+FLAIRax+SWIax,4,-1
Mastoiditis,22,0.6571969696969697,0.06781658017757691,patient,1,availability,T1ax+T2ax+FLAIRax+SWIax,4,-1
Ventriculomegaly,64,0.902608082706767,0.4519015235553097,patient,1,availability,T1ax+T2ax+FLAIRax+SWIax,4,-1
Cerebellar degeneration,39,0.8636632707106583,0.33704066924224996,patient,1,availability,T1ax+T2ax+FLAIRax+SWIax,4,-1
Mega cisterna magna,22,0.6635822510822511,0.043794020370154146,patient,1,availability,T1ax+T2ax+FLAIRax+SWIax,4,-1
Cerebral infarction,26,0.8485921972764078,0.35583299060379464,patient,1,availability,T1ax+T2ax+FLAIRax+FLAIRsag,4,-1
Cerebral hemorrhage,20,0.8830166270783848,0.18003264366536487,patient,1,availability,T1ax+T2ax+FLAIRax+FLAIRsag,4,-1
Gliosis,284,0.7290377211365076,0.5879486047157948,patient,1,availability,T1ax+T2ax+FLAIRax+FLAIRsag,4,-1
Cerebral atrophy,102,0.9430340557275542,0.7308601955149873,patient,1,availability,T1ax+T2ax+FLAIRax+FLAIRsag,4,-1
Arachnoid cyst,43,0.7036374478234944,0.09801524984879409,patient,1,availability,T1ax+T2ax+FLAIRax+FLAIRsag,4,-1
Empty sella syndrome,45,0.619203046375629,0.07903981372020258,patient,1,availability,T1ax+T2ax+FLAIRax+FLAIRsag,4,-1
Cyst of pineal gland,21,0.7095860936526811,0.05052489594143891,patient,1,availability,T1ax+T2ax+FLAIRax+FLAIRsag,4,-1
Cerebral edema,43,0.9190447795098957,0.5368050337481891,patient,1,availability,T1ax+T2ax+FLAIRax+FLAIRsag,4,-1
Mastoiditis,22,0.6796536796536796,0.06628933336119645,patient,1,availability,T1ax+T2ax+FLAIRax+FLAIRsag,4,-1
Ventriculomegaly,64,0.9037633145363408,0.4595194812915744,patient,1,availability,T1ax+T2ax+FLAIRax+FLAIRsag,4,-1
Cerebellar degeneration,39,0.8578683366046671,0.3166027304519513,patient,1,availability,T1ax+T2ax+FLAIRax+FLAIRsag,4,-1
Mega cisterna magna,22,0.6622294372294373,0.04363619528149543,patient,1,availability,T1ax+T2ax+FLAIRax+FLAIRsag,4,-1
Cerebral infarction,26,0.8488682370261318,0.351055557128507,patient,1,availability,T1ax+T2ax+FLAIRax+FLAIRsag+SWIax,5,-1
Cerebral hemorrhage,20,0.8835510688836103,0.17372511016581327,patient,1,availability,T1ax+T2ax+FLAIRax+FLAIRsag+SWIax,5,-1
Gliosis,284,0.7297321994249233,0.5875173979182552,patient,1,availability,T1ax+T2ax+FLAIRax+FLAIRsag+SWIax,5,-1
Cerebral atrophy,102,0.9407636738906089,0.7230948579783891,patient,1,availability,T1ax+T2ax+FLAIRax+FLAIRsag+SWIax,5,-1
Arachnoid cyst,43,0.7006559332140728,0.0949536147160645,patient,1,availability,T1ax+T2ax+FLAIRax+FLAIRsag+SWIax,5,-1
Empty sella syndrome,45,0.6194750441996464,0.07979686217262333,patient,1,availability,T1ax+T2ax+FLAIRax+FLAIRsag+SWIax,5,-1
Cyst of pineal gland,21,0.7137194949323369,0.05181312277898845,patient,1,availability,T1ax+T2ax+FLAIRax+FLAIRsag+SWIax,5,-1
Cerebral edema,43,0.9177101967799641,0.5221190172236472,patient,1,availability,T1ax+T2ax+FLAIRax+FLAIRsag+SWIax,5,-1
Mastoiditis,22,0.6726731601731601,0.06705003330148658,patient,1,availability,T1ax+T2ax+FLAIRax+FLAIRsag+SWIax,5,-1
Ventriculomegaly,64,0.9020010964912281,0.4556175891345022,patient,1,availability,T1ax+T2ax+FLAIRax+FLAIRsag+SWIax,5,-1
Cerebellar degeneration,39,0.8579618032837959,0.3223654746912159,patient,1,availability,T1ax+T2ax+FLAIRax+FLAIRsag+SWIax,5,-1
Mega cisterna magna,22,0.6610930735930737,0.04356858128163637,patient,1,availability,T1ax+T2ax+FLAIRax+FLAIRsag+SWIax,5,-1
Cerebral infarction,26,0.8287173352962827,0.32387056892531024,patient,1,budget,allinputs,1,1
Cerebral hemorrhage,20,0.8839667458432304,0.22835792389297768,patient,1,budget,allinputs,1,1
Gliosis,284,0.7022393878843999,0.5684594337148248,patient,1,budget,allinputs,1,1
Cerebral atrophy,102,0.9290892672858616,0.6936855499968286,patient,1,budget,allinputs,1,1
Arachnoid cyst,43,0.705511542720845,0.09985768681415186,patient,1,budget,allinputs,1,1
Empty sella syndrome,45,0.5975248198014416,0.07359775208556774,patient,1,budget,allinputs,1,1
Cyst of pineal gland,21,0.6878432704829851,0.04887150631281237,patient,1,budget,allinputs,1,1
Cerebral edema,43,0.9164608001817305,0.5020786238218227,patient,1,budget,allinputs,1,1
Mastoiditis,22,0.6632034632034632,0.07411480637824056,patient,1,budget,allinputs,1,1
Ventriculomegaly,64,0.8965186403508771,0.4225926106384054,patient,1,budget,allinputs,1,1
Cerebellar degeneration,39,0.8660310932485902,0.2739007638689131,patient,1,budget,allinputs,1,1
Mega cisterna magna,22,0.7016774891774892,0.054775665148721425,patient,1,budget,allinputs,1,1
Cerebral infarction,26,0.8496503496503497,0.36123330098838347,patient,1,budget,allinputs,2,2
Cerebral hemorrhage,20,0.8792161520190024,0.16201116826638862,patient,1,budget,allinputs,2,2
Gliosis,284,0.7239753399288464,0.5814772144545091,patient,1,budget,allinputs,2,2
Cerebral atrophy,102,0.9390350877192981,0.7105111981766674,patient,1,budget,allinputs,2,2
Arachnoid cyst,43,0.7000028395377232,0.094249368176922,patient,1,budget,allinputs,2,2
Empty sella syndrome,45,0.6065007479940161,0.07674038347727946,patient,1,budget,allinputs,2,2
Cyst of pineal gland,21,0.7101523130060585,0.06398107217271545,patient,1,budget,allinputs,2,2
Cerebral edema,43,0.9137632393446347,0.5156892376050669,patient,1,budget,allinputs,2,2
Mastoiditis,22,0.6542748917748917,0.06350644361376942,patient,1,budget,allinputs,2,2
Ventriculomegaly,64,0.900062656641604,0.4433456716710107,patient,1,budget,allinputs,2,2
Cerebellar degeneration,39,0.8655637598529458,0.328041641581241,patient,1,budget,allinputs,2,2
Mega cisterna magna,22,0.6693181818181818,0.04380238156108818,patient,1,budget,allinputs,2,2
Cerebral infarction,26,0.8513065881486934,0.3705819044721103,patient,1,budget,allinputs,3,3
Cerebral hemorrhage,20,0.8749999999999999,0.1630678114074651,patient,1,budget,allinputs,3,3
Gliosis,284,0.7287087577367317,0.590720325825138,patient,1,budget,allinputs,3,3
Cerebral atrophy,102,0.939576883384933,0.7123461908892071,patient,1,budget,allinputs,3,3
Arachnoid cyst,43,0.7001164210466536,0.0976195318061968,patient,1,budget,allinputs,3,3
Empty sella syndrome,45,0.6235822113423093,0.079789448027333,patient,1,budget,allinputs,3,3
Cyst of pineal gland,21,0.7020553762527603,0.05120885130181452,patient,1,budget,allinputs,3,3
Cerebral edema,43,0.9155521481102876,0.522613309839077,patient,1,budget,allinputs,3,3
Mastoiditis,22,0.6706168831168831,0.06570988949011133,patient,1,budget,allinputs,3,3
Ventriculomegaly,64,0.9021577380952381,0.46114940225370593,patient,1,budget,allinputs,3,3
Cerebellar degeneration,39,0.8636321151509486,0.33392689380502355,patient,1,budget,allinputs,3,3
Mega cisterna magna,22,0.6629870129870129,0.04593280544089341,patient,1,budget,allinputs,3,3
Cerebral infarction,26,0.8409090909090908,0.3404369956580981,patient,1,budget,allinputs,4,4
Cerebral hemorrhage,20,0.8767814726840855,0.16675953768453433,patient,1,budget,allinputs,4,4
Gliosis,284,0.7312125347239145,0.5865063269633559,patient,1,budget,allinputs,4,4
Cerebral atrophy,102,0.9390221878224974,0.7223942085794353,patient,1,budget,allinputs,4,4
Arachnoid cyst,43,0.6998040718970951,0.09502630775202073,patient,1,budget,allinputs,4,4
Empty sella syndrome,45,0.6181694546443628,0.07879833577068296,patient,1,budget,allinputs,4,4
Cyst of pineal gland,21,0.7120208368722043,0.05074186454777673,patient,1,budget,allinputs,4,4
Cerebral edema,43,0.9100150495499332,0.5174118563707026,patient,1,budget,allinputs,4,4
Mastoiditis,22,0.6832792207792208,0.0645280761004319,patient,1,budget,allinputs,4,4
Ventriculomegaly,64,0.9023927005012532,0.46064377872461437,patient,1,budget,allinputs,4,4
Cerebellar degeneration,39,0.8526965136928685,0.3263538144562089,patient,1,budget,allinputs,4,4
Mega cisterna magna,22,0.6568722943722944,0.04441484838697355,patient,1,budget,allinputs,4,4
Cerebral infarction,26,0.8449116672800884,0.32261525027898996,patient,1,budget,allinputs,5,5
Cerebral hemorrhage,20,0.8824228028503562,0.17408022726312491,patient,1,budget,allinputs,5,5
Gliosis,284,0.7312429942979677,0.5864643154305279,patient,1,budget,allinputs,5,5
Cerebral atrophy,102,0.9371904024767802,0.7039120761283663,patient,1,budget,allinputs,5,5
Arachnoid cyst,43,0.700088025669421,0.09381134740319733,patient,1,budget,allinputs,5,5
Empty sella syndrome,45,0.6292941656466748,0.08241853013520459,patient,1,budget,allinputs,5,5
Cyst of pineal gland,21,0.7234018458750919,0.05417937879257915,patient,1,budget,allinputs,5,5
Cerebral edema,43,0.914842263679473,0.5099895886339605,patient,1,budget,allinputs,5,5
Mastoiditis,22,0.6751623376623376,0.06388563756137021,patient,1,budget,allinputs,5,5
Ventriculomegaly,64,0.8962836779448621,0.442147540297452,patient,1,budget,allinputs,5,5
Cerebellar degeneration,39,0.8492070910053899,0.3051966993550621,patient,1,budget,allinputs,5,5
Mega cisterna magna,22,0.6444805194805195,0.03925537600342076,patient,1,budget,allinputs,5,5
Cerebral infarction,26,0.8065881486934119,0.13778152929424453,label_id,1,availability,SWIax,1,-1
Cerebral hemorrhage,20,0.8856888361045131,0.146540630640256,label_id,1,availability,SWIax,1,-1
Gliosis,284,0.6960987377552512,0.5455708531416099,label_id,1,availability,SWIax,1,-1
Cerebral atrophy,102,0.8404024767801856,0.43398574236961446,label_id,1,availability,SWIax,1,-1
Arachnoid cyst,43,0.6731124172984638,0.07706645468341797,label_id,1,availability,SWIax,1,-1
Empty sella syndrome,45,0.5919760641914864,0.095859309729445,label_id,1,availability,SWIax,1,-1
Cyst of pineal gland,21,0.7385199026102712,0.055816733751956366,label_id,1,availability,SWIax,1,-1
Cerebral edema,43,0.895959337819803,0.41896308588115677,label_id,1,availability,SWIax,1,-1
Mastoiditis,22,0.628896103896104,0.04334922909348386,label_id,1,availability,SWIax,1,-1
Ventriculomegaly,64,0.8427905701754386,0.3189302559718026,label_id,1,availability,SWIax,1,-1
Cerebellar degeneration,39,0.7818487709131694,0.15539876934204638,label_id,1,availability,SWIax,1,-1
Mega cisterna magna,22,0.6532467532467533,0.05600985845325084,label_id,1,availability,SWIax,1,-1
Cerebral infarction,26,0.8117868973132131,0.23957780819538146,label_id,1,availability,FLAIRsag,1,-1
Cerebral hemorrhage,20,0.859916864608076,0.28235748119695026,label_id,1,availability,FLAIRsag,1,-1
Gliosis,284,0.7158913689750963,0.562112196474126,label_id,1,availability,FLAIRsag,1,-1
Cerebral atrophy,102,0.9286119711042311,0.6962129999470075,label_id,1,availability,FLAIRsag,1,-1
Arachnoid cyst,43,0.6770309793565608,0.10183615879812738,label_id,1,availability,FLAIRsag,1,-1
Empty sella syndrome,45,0.6197470420236638,0.09313861379407803,label_id,1,availability,FLAIRsag,1,-1
Cyst of pineal gland,21,0.7012626691580319,0.0448180344442948,label_id,1,availability,FLAIRsag,1,-1
Cerebral edema,43,0.8841752562682795,0.46478176395377224,label_id,1,availability,FLAIRsag,1,-1
Mastoiditis,22,0.714069264069264,0.059814897085827566,label_id,1,availability,FLAIRsag,1,-1
Ventriculomegaly,64,0.8648770363408521,0.3840101741442262,label_id,1,availability,FLAIRsag,1,-1
Cerebellar degeneration,39,0.81213197495093,0.267869827722172,label_id,1,availability,FLAIRsag,1,-1
Mega cisterna magna,22,0.5397727272727273,0.03836046829941592,label_id,1,availability,FLAIRsag,1,-1
Cerebral infarction,26,0.8282112624217888,0.2989110270878653,label_id,1,availability,FLAIRax,1,-1
Cerebral hemorrhage,20,0.8723871733966746,0.1873094252192967,label_id,1,availability,FLAIRax,1,-1
Gliosis,284,0.7088491154539694,0.5813564333963808,label_id,1,availability,FLAIRax,1,-1
Cerebral atrophy,102,0.9314757481940144,0.6928096346858662,label_id,1,availability,FLAIRax,1,-1
Arachnoid cyst,43,0.7194536729420451,0.1051827894063155,label_id,1,availability,FLAIRax,1,-1
Empty sella syndrome,45,0.6092207262341901,0.08565576488756757,label_id,1,availability,FLAIRax,1,-1
Cyst of pineal gland,21,0.7292339052148802,0.05321250620535448,label_id,1,availability,FLAIRax,1,-1
Cerebral edema,43,0.9130817502910527,0.5683450104666664,label_id,1,availability,FLAIRax,1,-1
Mastoiditis,22,0.6622294372294373,0.05963620846337098,label_id,1,availability,FLAIRax,1,-1
Ventriculomegaly,64,0.8945410401002507,0.4227684043964053,label_id,1,availability,FLAIRax,1,-1
Cerebellar degeneration,39,0.867059226719008,0.3094355335405822,label_id,1,availability,FLAIRax,1,-1
Mega cisterna magna,22,0.7115800865800866,0.054395933727874005,label_id,1,availability,FLAIRax,1,-1
Cerebral infarction,26,0.8432094221567906,0.23053967712323808,label_id,1,availability,T2ax,1,-1
Cerebral hemorrhage,20,0.8489904988123516,0.13084371395190056,label_id,1,availability,T2ax,1,-1
Gliosis,284,0.7273746283931966,0.5607585095326876,label_id,1,availability,T2ax,1,-1
Cerebral atrophy,102,0.9183823529411766,0.6625657293175883,label_id,1,availability,T2ax,1,-1
Arachnoid cyst,43,0.7100264077008263,0.10436071997249055,label_id,1,availability,T2ax,1,-1
Empty sella syndrome,45,0.6144158846729226,0.1242693799532605,label_id,1,availability,T2ax,1,-1
Cyst of pineal gland,21,0.742426816148576,0.04893852989070737,label_id,1,availability,T2ax,1,-1
Cerebral edema,43,0.8504699434931993,0.33837460524290625,label_id,1,availability,T2ax,1,-1
Mastoiditis,22,0.6557359307359307,0.049720006793479356,label_id,1,availability,T2ax,1,-1
Ventriculomegaly,64,0.8906445802005012,0.40709730133944094,label_id,1,availability,T2ax,1,-1
Cerebellar degeneration,39,0.8385830451444061,0.30543330280181064,label_id,1,availability,T2ax,1,-1
Mega cisterna magna,22,0.6748376623376623,0.05211891008604162,label_id,1,availability,T2ax,1,-1
Cerebral infarction,26,0.8461538461538461,0.3141033009801266,label_id,1,availability,T1ax,1,-1
Cerebral hemorrhage,20,0.8468527315914488,0.176432907722408,label_id,1,availability,T1ax,1,-1
Gliosis,284,0.7132657536917004,0.5692735731859053,label_id,1,availability,T1ax,1,-1
Cerebral atrophy,102,0.9080366357069144,0.6558400130328342,label_id,1,availability,T1ax,1,-1
Arachnoid cyst,43,0.6798705170798195,0.08319446149795681,label_id,1,availability,T1ax,1,-1
Empty sella syndrome,45,0.6018767849857201,0.10215849615716159,label_id,1,availability,T1ax,1,-1
Cyst of pineal gland,21,0.7328577090764963,0.0600694057948498,label_id,1,availability,T1ax,1,-1
Cerebral edema,43,0.8861061419200954,0.4777484527388201,label_id,1,availability,T1ax,1,-1
Mastoiditis,22,0.6854978354978355,0.051811402694861314,label_id,1,availability,T1ax,1,-1
Ventriculomegaly,64,0.8873159461152882,0.40481253973228426,label_id,1,availability,T1ax,1,-1
Cerebellar degeneration,39,0.8249992211110072,0.32593503939604734,label_id,1,availability,T1ax,1,-1
Mega cisterna magna,22,0.612012987012987,0.055240376547498304,label_id,1,availability,T1ax,1,-1
Cerebral infarction,26,0.8247147589252852,0.25327520812873344,label_id,1,availability,FLAIRsag+SWIax,2,-1
Cerebral hemorrhage,20,0.8906769596199524,0.18485602251299052,label_id,1,availability,FLAIRsag+SWIax,2,-1
Gliosis,284,0.7161411374823334,0.579400947173474,label_id,1,availability,FLAIRsag+SWIax,2,-1
Cerebral atrophy,102,0.9263673890608874,0.6754538464836284,label_id,1,availability,FLAIRsag+SWIax,2,-1
Arachnoid cyst,43,0.6845273589459636,0.08201531502658901,label_id,1,availability,FLAIRsag+SWIax,2,-1
Empty sella syndrome,45,0.6181694546443628,0.10868039351597888,label_id,1,availability,FLAIRsag+SWIax,2,-1
Cyst of pineal gland,21,0.7353490742313573,0.05472412510835861,label_id,1,availability,FLAIRsag+SWIax,2,-1
Cerebral edema,43,0.9156941249964505,0.4905971340824798,label_id,1,availability,FLAIRsag+SWIax,2,-1
Mastoiditis,22,0.6842532467532467,0.05130142923567075,label_id,1,availability,FLAIRsag+SWIax,2,-1
Ventriculomegaly,64,0.871984649122807,0.39844750587811056,label_id,1,availability,FLAIRsag+SWIax,2,-1
Cerebellar degeneration,39,0.824594198834782,0.29368043088835977,label_id,1,availability,FLAIRsag+SWIax,2,-1
Mega cisterna magna,22,0.6020562770562771,0.04999083341451054,label_id,1,availability,FLAIRsag+SWIax,2,-1
Cerebral infarction,26,0.8370905410379095,0.3349951313876146,label_id,1,availability,FLAIRax+SWIax,2,-1
Cerebral hemorrhage,20,0.8799287410926366,0.18021543393649395,label_id,1,availability,FLAIRax+SWIax,2,-1
Gliosis,284,0.71748745065549,0.5960247850892063,label_id,1,availability,FLAIRax+SWIax,2,-1
Cerebral atrophy,102,0.9311532507739938,0.69434390748238,label_id,1,availability,FLAIRax+SWIax,2,-1
Arachnoid cyst,43,0.6996336996336996,0.0849661478765136,label_id,1,availability,FLAIRax+SWIax,2,-1
Empty sella syndrome,45,0.611315109479124,0.09517863458018566,label_id,1,availability,FLAIRax+SWIax,2,-1
Cyst of pineal gland,21,0.745824132268841,0.060657739356577554,label_id,1,availability,FLAIRax+SWIax,2,-1
Cerebral edema,43,0.9170571031036147,0.52942370871931,label_id,1,availability,FLAIRax+SWIax,2,-1
Mastoiditis,22,0.6560064935064934,0.054124799764597414,label_id,1,availability,FLAIRax+SWIax,2,-1
Ventriculomegaly,64,0.8948543233082707,0.41889906916703334,label_id,1,availability,FLAIRax+SWIax,2,-1
Cerebellar degeneration,39,0.8650029597781724,0.30295773915792246,label_id,1,availability,FLAIRax+SWIax,2,-1
Mega cisterna magna,22,0.6883116883116883,0.053096851865731536,label_id,1,availability,FLAIRax+SWIax,2,-1
Cerebral infarction,26,0.8290393816709607,0.27830535551645097,label_id,1,availability,FLAIRax+FLAIRsag,2,-1
Cerebral hemorrhage,20,0.8764251781472684,0.22706880174880134,label_id,1,availability,FLAIRax+FLAIRsag,2,-1
Gliosis,284,0.7245662556654807,0.5953064818938197,label_id,1,availability,FLAIRax+FLAIRsag,2,-1
Cerebral atrophy,102,0.9419504643962848,0.7346965177777689,label_id,1,availability,FLAIRax+FLAIRsag,2,-1
Arachnoid cyst,43,0.7133202714598064,0.12905244399922614,label_id,1,availability,FLAIRax+FLAIRsag,2,-1
Empty sella syndrome,45,0.6201006391948864,0.09363888258149192,label_id,1,availability,FLAIRax+FLAIRsag,2,-1
Cyst of pineal gland,21,0.731555404563728,0.05425174714085302,label_id,1,availability,FLAIRax+FLAIRsag,2,-1
Cerebral edema,43,0.9152114035834965,0.5607526189145089,label_id,1,availability,FLAIRax+FLAIRsag,2,-1
Mastoiditis,22,0.6965367965367965,0.05796309882157345,label_id,1,availability,FLAIRax+FLAIRsag,2,-1
Ventriculomegaly,64,0.890076754385965,0.4260257908336187,label_id,1,availability,FLAIRax+FLAIRsag,2,-1
Cerebellar degeneration,39,0.8606411814188242,0.31415451654424964,label_id,1,availability,FLAIRax+FLAIRsag,2,-1
Mega cisterna magna,22,0.6148268398268399,0.03605507973948194,label_id,1,availability,FLAIRax+FLAIRsag,2,-1
Cerebral infarction,26,0.8460618329039381,0.2497122718830298,label_id,1,availability,T2ax+SWIax,2,-1
Cerebral hemorrhage,20,0.8687054631828978,0.14693706347361613,label_id,1,availability,T2ax+SWIax,2,-1
Gliosis,284,0.7317486232272528,0.578683845110268,label_id,1,availability,T2ax+SWIax,2,-1
Cerebral atrophy,102,0.9196207430340557,0.64954235515836,label_id,1,availability,T2ax+SWIax,2,-1
Arachnoid cyst,43,0.6930743674929721,0.0848839533203336,label_id,1,availability,T2ax+SWIax,2,-1
Empty sella syndrome,45,0.6010063919488644,0.10658873065624755,label_id,1,availability,T2ax+SWIax,2,-1
Cyst of pineal gland,21,0.7534680935394371,0.057670041676044566,label_id,1,availability,T2ax+SWIax,2,-1
Cerebral edema,43,0.8836925348553256,0.38807521237908665,label_id,1,availability,T2ax+SWIax,2,-1
Mastoiditis,22,0.6392316017316018,0.04845579487196569,label_id,1,availability,T2ax+SWIax,2,-1
Ventriculomegaly,64,0.889606829573935,0.40612472953971135,label_id,1,availability,T2ax+SWIax,2,-1
Cerebellar degeneration,39,0.8398604230925009,0.3160550602899435,label_id,1,availability,T2ax+SWIax,2,-1
Mega cisterna magna,22,0.6705627705627706,0.051361268995104646,label_id,1,availability,T2ax+SWIax,2,-1
Cerebral infarction,26,0.8441755612808244,0.31813202227582943,label_id,1,availability,T2ax+FLAIRsag,2,-1
Cerebral hemorrhage,20,0.8775534441805226,0.17044915670418376,label_id,1,availability,T2ax+FLAIRsag,2,-1
Gliosis,284,0.7369754861348019,0.5811277801160742,label_id,1,availability,T2ax+FLAIRsag,2,-1
Cerebral atrophy,102,0.9373968008255934,0.7041823446827566,label_id,1,availability,T2ax+FLAIRsag,2,-1
Arachnoid cyst,43,0.6978447908680466,0.11780631800134707,label_id,1,availability,T2ax+FLAIRsag,2,-1
Empty sella syndrome,45,0.6395484836121311,0.13273795808937222,label_id,1,availability,T2ax+FLAIRsag,2,-1
Cyst of pineal gland,21,0.7224392729743503,0.04622087958014334,label_id,1,availability,T2ax+FLAIRsag,2,-1
Cerebral edema,43,0.8998495045006673,0.48211960115306646,label_id,1,availability,T2ax+FLAIRsag,2,-1
Mastoiditis,22,0.7063311688311689,0.05494808626474197,label_id,1,availability,T2ax+FLAIRsag,2,-1
Ventriculomegaly,64,0.8919760338345865,0.4264664410493079,label_id,1,availability,T2ax+FLAIRsag,2,-1
Cerebellar degeneration,39,0.8392373118983083,0.3030132218757925,label_id,1,availability,T2ax+FLAIRsag,2,-1
Mega cisterna magna,22,0.5945346320346321,0.033680397592308224,label_id,1,availability,T2ax+FLAIRsag,2,-1
Cerebral infarction,26,0.8398049319101951,0.35726549599488033,label_id,1,availability,T2ax+FLAIRax,2,-1
Cerebral hemorrhage,20,0.8758907363420428,0.16439257459649254,label_id,1,availability,T2ax+FLAIRax,2,-1
Gliosis,284,0.7294458794288221,0.5870150678360034,label_id,1,availability,T2ax+FLAIRax,2,-1
Cerebral atrophy,102,0.9373710010319918,0.7154333029379129,label_id,1,availability,T2ax+FLAIRax,2,-1
Arachnoid cyst,43,0.7194536729420451,0.10651369772684138,label_id,1,availability,T2ax+FLAIRax,2,-1
Empty sella syndrome,45,0.6134366925064599,0.0966566452703187,label_id,1,availability,T2ax+FLAIRax,2,-1
Cyst of pineal gland,21,0.7428797916312779,0.054237144245276835,label_id,1,availability,T2ax+FLAIRax,2,-1
Cerebral edema,43,0.9057557429650452,0.541661752485491,label_id,1,availability,T2ax+FLAIRax,2,-1
Mastoiditis,22,0.6723484848484849,0.05570250106994456,label_id,1,availability,T2ax+FLAIRax,2,-1
Ventriculomegaly,64,0.8994948308270677,0.4284802709913965,label_id,1,availability,T2ax+FLAIRax,2,-1
Cerebellar degeneration,39,0.8622612705237249,0.33320793468898624,label_id,1,availability,T2ax+FLAIRax,2,-1
Mega cisterna magna,22,0.690530303030303,0.050132601712864294,label_id,1,availability,T2ax+FLAIRax,2,-1
Cerebral infarction,26,0.8492362900257637,0.226170515771202,label_id,1,availability,T1ax+SWIax,2,-1
Cerebral hemorrhage,20,0.8752375296912115,0.177202806993814,label_id,1,availability,T1ax+SWIax,2,-1
Gliosis,284,0.7207953603976802,0.5798233051415318,label_id,1,availability,T1ax+SWIax,2,-1
Cerebral atrophy,102,0.9125902992776058,0.643080460075163,label_id,1,availability,T1ax+SWIax,2,-1
Arachnoid cyst,43,0.6809779367918903,0.07999007132251361,label_id,1,availability,T1ax+SWIax,2,-1
Empty sella syndrome,45,0.5971984224126207,0.10003954134081106,label_id,1,availability,T1ax+SWIax,2,-1
Cyst of pineal gland,21,0.7553932393409206,0.06878220082312168,label_id,1,availability,T1ax+SWIax,2,-1
Cerebral edema,43,0.9074310702217678,0.5206515019222533,label_id,1,availability,T1ax+SWIax,2,-1
Mastoiditis,22,0.6618506493506494,0.04893412265263154,label_id,1,availability,T1ax+SWIax,2,-1
Ventriculomegaly,64,0.8844376566416041,0.41203353268829196,label_id,1,availability,T1ax+SWIax,2,-1
Cerebellar degeneration,39,0.8344705112627349,0.3121233269042731,label_id,1,availability,T1ax+SWIax,2,-1
Mega cisterna magna,22,0.6329545454545455,0.08647474166952902,label_id,1,availability,T1ax+SWIax,2,-1
Cerebral infarction,26,0.8431174089068826,0.29666698041140005,label_id,1,availability,T1ax+FLAIRsag,2,-1
Cerebral hemorrhage,20,0.8719714964370546,0.20137485548160192,label_id,1,availability,T1ax+FLAIRsag,2,-1
Gliosis,284,0.7273258930747114,0.5904981718907314,label_id,1,availability,T1ax+FLAIRsag,2,-1
Cerebral atrophy,102,0.9384803921568627,0.7204914113049761,label_id,1,availability,T1ax+FLAIRsag,2,-1
Arachnoid cyst,43,0.6851236618678479,0.09208122273788205,label_id,1,availability,T1ax+FLAIRsag,2,-1
Empty sella syndrome,45,0.6336461308309533,0.10919624287092732,label_id,1,availability,T1ax+FLAIRsag,2,-1
Cyst of pineal gland,21,0.7352358303606817,0.05598917174592305,label_id,1,availability,T1ax+FLAIRsag,2,-1
Cerebral edema,43,0.914217565380356,0.5615983189111478,label_id,1,availability,T1ax+FLAIRsag,2,-1
Mastoiditis,22,0.7127164502164502,0.05875033733719119,label_id,1,availability,T1ax+FLAIRsag,2,-1
Ventriculomegaly,64,0.8829299812030075,0.4131991708842492,label_id,1,availability,T1ax+FLAIRsag,2,-1
Cerebellar degeneration,39,0.8350624668972179,0.3310327657424659,label_id,1,availability,T1ax+FLAIRsag,2,-1
Mega cisterna magna,22,0.5636363636363637,0.05380789526728086,label_id,1,availability,T1ax+FLAIRsag,2,-1
Cerebral infarction,26,0.8433014354066986,0.3514421739506832,label_id,1,availability,T1ax+FLAIRax,2,-1
Cerebral hemorrhage,20,0.8760095011876485,0.18883349755894469,label_id,1,availability,T1ax+FLAIRax,2,-1
Gliosis,284,0.7185839953214095,0.5898416531029287,label_id,1,availability,T1ax+FLAIRax,2,-1
Cerebral atrophy,102,0.9337719298245615,0.705666520655727,label_id,1,availability,T1ax+FLAIRax,2,-1
Arachnoid cyst,43,0.7111338274128972,0.09730314543481292,label_id,1,availability,T1ax+FLAIRax,2,-1
Empty sella syndrome,45,0.608295933632531,0.09369440703972746,label_id,1,availability,T1ax+FLAIRax,2,-1
Cyst of pineal gland,21,0.7388596342222977,0.059673486318136196,label_id,1,availability,T1ax+FLAIRax,2,-1
Cerebral edema,43,0.9188744072465003,0.5966272730532255,label_id,1,availability,T1ax+FLAIRax,2,-1
Mastoiditis,22,0.681060606060606,0.060975213820633804,label_id,1,availability,T1ax+FLAIRax,2,-1
Ventriculomegaly,64,0.9000039160401002,0.4434529106251397,label_id,1,availability,T1ax+FLAIRax,2,-1
Cerebellar degeneration,39,0.859644203508116,0.3262884388231972,label_id,1,availability,T1ax+FLAIRax,2,-1
Mega cisterna magna,22,0.6631493506493505,0.048641754760731834,label_id,1,availability,T1ax+FLAIRax,2,-1
Cerebral infarction,26,0.8547110783952889,0.32223090831245493,label_id,1,availability,T1ax+T2ax,2,-1
Cerebral hemorrhage,20,0.8548693586698337,0.15412835764530705,label_id,1,availability,T1ax+T2ax,2,-1
Gliosis,284,0.731273453872021,0.5814933802084924,label_id,1,availability,T1ax+T2ax,2,-1
Cerebral atrophy,102,0.9256062951496389,0.6801402724711465,label_id,1,availability,T1ax+T2ax,2,-1
Arachnoid cyst,43,0.7033818894284011,0.0940002814107943,label_id,1,availability,T1ax+T2ax,2,-1
Empty sella syndrome,45,0.6082687338501291,0.12087683946880298,label_id,1,availability,T1ax+T2ax,2,-1
Cyst of pineal gland,21,0.7494479361304569,0.05724493818543215,label_id,1,availability,T1ax+T2ax,2,-1
Cerebral edema,43,0.8924667064201948,0.48547004925805093,label_id,1,availability,T1ax+T2ax,2,-1
Mastoiditis,22,0.677435064935065,0.05126518912544442,label_id,1,availability,T1ax+T2ax,2,-1
Ventriculomegaly,64,0.8960682957393484,0.42516687954645377,label_id,1,availability,T1ax+T2ax,2,-1
Cerebellar degeneration,39,0.8410131788017572,0.36167518962091766,label_id,1,availability,T1ax+T2ax,2,-1
Mega cisterna magna,22,0.646969696969697,0.05197730068073242,label_id,1,availability,T1ax+T2ax,2,-1
Cerebral infarction,26,0.8346521899153478,0.3066796608438592,label_id,1,availability,FLAIRax+FLAIRsag+SWIax,3,-1
Cerebral hemorrhage,20,0.884144893111639,0.2149678746595418,label_id,1,availability,FLAIRax+FLAIRsag+SWIax,3,-1
Gliosis,284,0.7249865977874165,0.6022227260047225,label_id,1,availability,FLAIRax+FLAIRsag+SWIax,3,-1
Cerebral atrophy,102,0.9408668730650155,0.7336945374679368,label_id,1,availability,FLAIRax+FLAIRsag+SWIax,3,-1
Arachnoid cyst,43,0.7059374733793339,0.0905578553020298,label_id,1,availability,FLAIRax+FLAIRsag+SWIax,3,-1
Empty sella syndrome,45,0.6206718346253232,0.09940748147172992,label_id,1,availability,FLAIRax+FLAIRsag+SWIax,3,-1
Cyst of pineal gland,21,0.7421437064718872,0.05813208866383718,label_id,1,availability,FLAIRax+FLAIRsag+SWIax,3,-1
Cerebral edema,43,0.9202373853536645,0.5366762103387263,label_id,1,availability,FLAIRax+FLAIRsag+SWIax,3,-1
Mastoiditis,22,0.6842532467532467,0.055055084347560436,label_id,1,availability,FLAIRax+FLAIRsag+SWIax,3,-1
Ventriculomegaly,64,0.8901942355889725,0.42093547267524384,label_id,1,availability,FLAIRax+FLAIRsag+SWIax,3,-1
Cerebellar degeneration,39,0.8602984702620182,0.3122839635240417,label_id,1,availability,FLAIRax+FLAIRsag+SWIax,3,-1
Mega cisterna magna,22,0.6384199134199134,0.044479243515803804,label_id,1,availability,FLAIRax+FLAIRsag+SWIax,3,-1
Cerebral infarction,26,0.8443135811556864,0.3143584978789633,label_id,1,availability,T2ax+FLAIRsag+SWIax,3,-1
Cerebral hemorrhage,20,0.8831947743467934,0.16266755334392158,label_id,1,availability,T2ax+FLAIRsag+SWIax,3,-1
Gliosis,284,0.7358545738096399,0.5906185748162095,label_id,1,availability,T2ax+FLAIRsag+SWIax,3,-1
Cerebral atrophy,102,0.9363261093911248,0.693159815483338,label_id,1,availability,T2ax+FLAIRsag+SWIax,3,-1
Arachnoid cyst,43,0.6979867677542095,0.0872678884529589,label_id,1,availability,T2ax+FLAIRsag+SWIax,3,-1
Empty sella syndrome,45,0.6258941928464573,0.12700338797390057,label_id,1,availability,T2ax+FLAIRsag+SWIax,3,-1
Cyst of pineal gland,21,0.7420304626012116,0.054832354594914715,label_id,1,availability,T2ax+FLAIRsag+SWIax,3,-1
Cerebral edema,43,0.9079989777664196,0.471503361675077,label_id,1,availability,T2ax+FLAIRsag+SWIax,3,-1
Mastoiditis,22,0.6808982683982683,0.05167997130234907,label_id,1,availability,T2ax+FLAIRsag+SWIax,3,-1
Ventriculomegaly,64,0.8906445802005012,0.4228772067945033,label_id,1,availability,T2ax+FLAIRsag+SWIax,3,-1
Cerebellar degeneration,39,0.8397046452939527,0.3274271486557988,label_id,1,availability,T2ax+FLAIRsag+SWIax,3,-1
Mega cisterna magna,22,0.6251623376623376,0.042678047659623956,label_id,1,availability,T2ax+FLAIRsag+SWIax,3,-1
Cerebral infarction,26,0.8415531836584468,0.33821278127790444,label_id,1,availability,T2ax+FLAIRax+SWIax,3,-1
Cerebral hemorrhage,20,0.8785035629453681,0.16082317132651627,label_id,1,availability,T2ax+FLAIRax+SWIax,3,-1
Gliosis,284,0.7304997806910668,0.593558060105256,label_id,1,availability,T2ax+FLAIRax+SWIax,3,-1
Cerebral atrophy,102,0.9364938080495355,0.7143390719895004,label_id,1,availability,T2ax+FLAIRax+SWIax,3,-1
Arachnoid cyst,43,0.7066473578101484,0.08938907031584503,label_id,1,availability,T2ax+FLAIRax+SWIax,3,-1
Empty sella syndrome,45,0.612593499252006,0.1016421321219792,label_id,1,availability,T2ax+FLAIRax+SWIax,3,-1
Cyst of pineal gland,21,0.7522790328973444,0.05993201161086431,label_id,1,availability,T2ax+FLAIRax+SWIax,3,-1
Cerebral edema,43,0.908311326915978,0.5084685464752977,label_id,1,availability,T2ax+FLAIRax+SWIax,3,-1
Mastoiditis,22,0.6560064935064934,0.05395792212118139,label_id,1,availability,T2ax+FLAIRax+SWIax,3,-1
Ventriculomegaly,64,0.8986137218045113,0.4281850999718672,label_id,1,availability,T2ax+FLAIRax+SWIax,3,-1
Cerebellar degeneration,39,0.8601115369037604,0.3322047796300217,label_id,1,availability,T2ax+FLAIRax+SWIax,3,-1
Mega cisterna magna,22,0.6863095238095237,0.0507000601738546,label_id,1,availability,T2ax+FLAIRax+SWIax,3,-1
Cerebral infarction,26,0.8421512697828487,0.37718673157735055,label_id,1,availability,T2ax+FLAIRax+FLAIRsag,3,-1
Cerebral hemorrhage,20,0.8818289786223278,0.18611017264289584,label_id,1,availability,T2ax+FLAIRax+FLAIRsag,3,-1
Gliosis,284,0.7351966470100882,0.591244590037709,label_id,1,availability,T2ax+FLAIRax+FLAIRsag,3,-1
Cerebral atrophy,102,0.9439950980392157,0.7350787238031861,label_id,1,availability,T2ax+FLAIRax+FLAIRsag,3,-1
Arachnoid cyst,43,0.7194820683192776,0.12800172604878568,label_id,1,availability,T2ax+FLAIRax+FLAIRsag,3,-1
Empty sella syndrome,45,0.6255133958928328,0.11419863871778148,label_id,1,availability,T2ax+FLAIRax+FLAIRsag,3,-1
Cyst of pineal gland,21,0.736991110356152,0.05280915760951268,label_id,1,availability,T2ax+FLAIRax+FLAIRsag,3,-1
Cerebral edema,43,0.9118039583155862,0.5498955331574396,label_id,1,availability,T2ax+FLAIRax+FLAIRsag,3,-1
Mastoiditis,22,0.6970238095238095,0.05604888979332983,label_id,1,availability,T2ax+FLAIRax+FLAIRsag,3,-1
Ventriculomegaly,64,0.8973997493734337,0.43929815029664715,label_id,1,availability,T2ax+FLAIRax+FLAIRsag,3,-1
Cerebellar degeneration,39,0.8582110477614732,0.3387364677210351,label_id,1,availability,T2ax+FLAIRax+FLAIRsag,3,-1
Mega cisterna magna,22,0.6345779220779221,0.03765272967437133,label_id,1,availability,T2ax+FLAIRax+FLAIRsag,3,-1
Cerebral infarction,26,0.846751932278248,0.30027082725218746,label_id,1,availability,T1ax+FLAIRsag+SWIax,3,-1
Cerebral hemorrhage,20,0.8855106888361046,0.17844260891896752,label_id,1,availability,T1ax+FLAIRsag+SWIax,3,-1
Gliosis,284,0.7266557824455383,0.5940388617730314,label_id,1,availability,T1ax+FLAIRsag+SWIax,3,-1
Cerebral atrophy,102,0.9368550051599588,0.7112086568251782,label_id,1,availability,T1ax+FLAIRsag+SWIax,3,-1
Arachnoid cyst,43,0.6876508504415481,0.08274868411916397,label_id,1,availability,T1ax+FLAIRsag+SWIax,3,-1
Empty sella syndrome,45,0.6202366381068951,0.10960321664350468,label_id,1,availability,T1ax+FLAIRsag+SWIax,3,-1
Cyst of pineal gland,21,0.7468433271049205,0.06247532973437685,label_id,1,availability,T1ax+FLAIRsag+SWIax,3,-1
Cerebral edema,43,0.9223386432688758,0.5576662294033171,label_id,1,availability,T1ax+FLAIRsag+SWIax,3,-1
Mastoiditis,22,0.6907467532467533,0.05406717252327811,label_id,1,availability,T1ax+FLAIRsag+SWIax,3,-1
Ventriculomegaly,64,0.8849467418546365,0.4252378867135465,label_id,1,availability,T1ax+FLAIRsag+SWIax,3,-1
Cerebellar degeneration,39,0.8397046452939526,0.3377440922057632,label_id,1,availability,T1ax+FLAIRsag+SWIax,3,-1
Mega cisterna magna,22,0.6013528138528138,0.08057785977783795,label_id,1,availability,T1ax+FLAIRsag+SWIax,3,-1
Cerebral infarction,26,0.8460158262789842,0.34346850416609054,label_id,1,availability,T1ax+FLAIRax+SWIax,3,-1
Cerebral hemorrhage,20,0.8815914489311164,0.17551379282389457,label_id,1,availability,T1ax+FLAIRax+SWIax,3,-1
Gliosis,284,0.7232321263219456,0.6003857679334148,label_id,1,availability,T1ax+FLAIRax+SWIax,3,-1
Cerebral atrophy,102,0.9334365325077398,0.7039085321206262,label_id,1,availability,T1ax+FLAIRax+SWIax,3,-1
Arachnoid cyst,43,0.6996904903881648,0.08608373427630836,label_id,1,availability,T1ax+FLAIRax+SWIax,3,-1
Empty sella syndrome,45,0.6082143342853257,0.09778622025917114,label_id,1,availability,T1ax+FLAIRax+SWIax,3,-1
Cyst of pineal gland,21,0.7540343128928146,0.06603085168179791,label_id,1,availability,T1ax+FLAIRax+SWIax,3,-1
Cerebral edema,43,0.9199818269585711,0.5644450547810828,label_id,1,availability,T1ax+FLAIRax+SWIax,3,-1
Mastoiditis,22,0.6670995670995671,0.055491742853846254,label_id,1,availability,T1ax+FLAIRax+SWIax,3,-1
Ventriculomegaly,64,0.8976934523809524,0.4292712610499684,label_id,1,availability,T1ax+FLAIRax+SWIax,3,-1
Cerebellar degeneration,39,0.8604230925008569,0.3309912648970098,label_id,1,availability,T1ax+FLAIRax+SWIax,3,-1
Mega cisterna magna,22,0.6648268398268399,0.05441289035034469,label_id,1,availability,T1ax+FLAIRax+SWIax,3,-1
Cerebral infarction,26,0.8405870445344129,0.3117901621235561,label_id,1,availability,T1ax+FLAIRax+FLAIRsag,3,-1
Cerebral hemorrhage,20,0.8788598574821852,0.2035280811699118,label_id,1,availability,T1ax+FLAIRax+FLAIRsag,3,-1
Gliosis,284,0.7268324479750475,0.5979680940412114,label_id,1,availability,T1ax+FLAIRax+FLAIRsag,3,-1
Cerebral atrophy,102,0.9423245614035088,0.7345852600964163,label_id,1,availability,T1ax+FLAIRax+FLAIRsag,3,-1
Arachnoid cyst,43,0.7089189879887554,0.10976291002803659,label_id,1,availability,T1ax+FLAIRax+FLAIRsag,3,-1
Empty sella syndrome,45,0.6212158302733578,0.09885712202448804,label_id,1,availability,T1ax+FLAIRax+FLAIRsag,3,-1
Cyst of pineal gland,21,0.7395957193816884,0.05772330267635657,label_id,1,availability,T1ax+FLAIRax+FLAIRsag,3,-1
Cerebral edema,43,0.9216571542152937,0.592850759276293,label_id,1,availability,T1ax+FLAIRax+FLAIRsag,3,-1
Mastoiditis,22,0.7006493506493506,0.05832260567909775,label_id,1,availability,T1ax+FLAIRax+FLAIRsag,3,-1
Ventriculomegaly,64,0.8942277568922306,0.4329650236096497,label_id,1,availability,T1ax+FLAIRax+FLAIRsag,3,-1
Cerebellar degeneration,39,0.8587406922765367,0.3394836980954473,label_id,1,availability,T1ax+FLAIRax+FLAIRsag,3,-1
Mega cisterna magna,22,0.611525974025974,0.03824846599586329,label_id,1,availability,T1ax+FLAIRax+FLAIRsag,3,-1
Cerebral infarction,26,0.854343025395657,0.2963155578517333,label_id,1,availability,T1ax+T2ax+SWIax,3,-1
Cerebral hemorrhage,20,0.8695961995249406,0.16065162668421373,label_id,1,availability,T1ax+T2ax+SWIax,3,-1
Gliosis,284,0.733448267459428,0.587171587867865,label_id,1,availability,T1ax+T2ax+SWIax,3,-1
Cerebral atrophy,102,0.9268704850361197,0.6787928616680144,label_id,1,availability,T1ax+T2ax+SWIax,3,-1
Arachnoid cyst,43,0.6943521594684385,0.08514315034139576,label_id,1,availability,T1ax+T2ax+SWIax,3,-1
Empty sella syndrome,45,0.6020671834625323,0.11496110945955046,label_id,1,availability,T1ax+T2ax+SWIax,3,-1
Cyst of pineal gland,21,0.7596398844912519,0.06472440972679748,label_id,1,availability,T1ax+T2ax+SWIax,3,-1
Cerebral edema,43,0.9001902490274584,0.4870839636253803,label_id,1,availability,T1ax+T2ax+SWIax,3,-1
Mastoiditis,22,0.6584415584415585,0.0496274356525214,label_id,1,availability,T1ax+T2ax+SWIax,3,-1
Ventriculomegaly,64,0.8940123746867168,0.4230695329833268,label_id,1,availability,T1ax+T2ax+SWIax,3,-1
Cerebellar degeneration,39,0.8426021123469484,0.3656653626786366,label_id,1,availability,T1ax+T2ax+SWIax,3,-1
Mega cisterna magna,22,0.6514610389610389,0.05165879650434138,label_id,1,availability,T1ax+T2ax+SWIax,3,-1
Cerebral infarction,26,0.8524107471475892,0.3445192783042776,label_id,1,availability,T1ax+T2ax+FLAIRsag,3,-1
Cerebral hemorrhage,20,0.8738123515439431,0.17302074720948812,label_id,1,availability,T1ax+T2ax+FLAIRsag,3,-1
Gliosis,284,0.7377674350601882,0.5935282060630075,label_id,1,availability,T1ax+T2ax+FLAIRsag,3,-1
Cerebral atrophy,102,0.9394865841073271,0.711954865924824,label_id,1,availability,T1ax+T2ax+FLAIRsag,3,-1
Arachnoid cyst,43,0.6999744441604907,0.1005438024889739,label_id,1,availability,T1ax+T2ax+FLAIRsag,3,-1
Empty sella syndrome,45,0.63546851625187,0.12775184945723328,label_id,1,availability,T1ax+T2ax+FLAIRsag,3,-1
Cyst of pineal gland,21,0.74106788970047,0.05310374229583538,label_id,1,availability,T1ax+T2ax+FLAIRsag,3,-1
Cerebral edema,43,0.9137916347218674,0.5459279083029265,label_id,1,availability,T1ax+T2ax+FLAIRsag,3,-1
Mastoiditis,22,0.7056818181818182,0.054868458837778494,label_id,1,availability,T1ax+T2ax+FLAIRsag,3,-1
Ventriculomegaly,64,0.8949913847117795,0.4354959534734142,label_id,1,availability,T1ax+T2ax+FLAIRsag,3,-1
Cerebellar degeneration,39,0.8428513568246253,0.35745317631822526,label_id,1,availability,T1ax+T2ax+FLAIRsag,3,-1
Mega cisterna magna,22,0.5989718614718615,0.037088232647487576,label_id,1,availability,T1ax+T2ax+FLAIRsag,3,-1
Cerebral infarction,26,0.8480861244019138,0.36680394628013674,label_id,1,availability,T1ax+T2ax+FLAIRax,3,-1
Cerebral hemorrhage,20,0.8753562945368171,0.17287490404729167,label_id,1,availability,T1ax+T2ax+FLAIRax,3,-1
Gliosis,284,0.7301586334616696,0.5918397173818103,label_id,1,availability,T1ax+T2ax+FLAIRax,3,-1
Cerebral atrophy,102,0.9379772961816306,0.7118828397195784,label_id,1,availability,T1ax+T2ax+FLAIRax,3,-1
Arachnoid cyst,43,0.7150807848482266,0.1000604487719246,label_id,1,availability,T1ax+T2ax+FLAIRax,3,-1
Empty sella syndrome,45,0.6106351149190806,0.10770533997913916,label_id,1,availability,T1ax+T2ax+FLAIRax,3,-1
Cyst of pineal gland,21,0.7480890096823509,0.059652036647252264,label_id,1,availability,T1ax+T2ax+FLAIRax,3,-1
Cerebral edema,43,0.9133657040633785,0.5787574042979837,label_id,1,availability,T1ax+T2ax+FLAIRax,3,-1
Mastoiditis,22,0.6824134199134199,0.057712492624657954,label_id,1,availability,T1ax+T2ax+FLAIRax,3,-1
Ventriculomegaly,64,0.9018248746867168,0.4438779822399745,label_id,1,availability,T1ax+T2ax+FLAIRax,3,-1
Cerebellar degeneration,39,0.8586783811571176,0.3497987861771403,label_id,1,availability,T1ax+T2ax+FLAIRax,3,-1
Mega cisterna magna,22,0.6678571428571429,0.04788050516311253,label_id,1,availability,T1ax+T2ax+FLAIRax,3,-1
Cerebral infarction,26,0.8426113360323887,0.36861804911256596,label_id,1,availability,T2ax+FLAIRax+FLAIRsag+SWIax,4,-1
Cerebral hemorrhage,20,0.8834323040380048,0.17072348047196845,label_id,1,availability,T2ax+FLAIRax+FLAIRsag+SWIax,4,-1
Gliosis,284,0.7345265363809153,0.6002057212470883,label_id,1,availability,T2ax+FLAIRax+FLAIRsag+SWIax,4,-1
Cerebral atrophy,102,0.942905056759546,0.7324733617708392,label_id,1,availability,T2ax+FLAIRax+FLAIRsag+SWIax,4,-1
Arachnoid cyst,43,0.7100548030780589,0.09346396937382466,label_id,1,availability,T2ax+FLAIRax+FLAIRsag+SWIax,4,-1
Empty sella syndrome,45,0.6232830137358901,0.11380057013038064,label_id,1,availability,T2ax+FLAIRax+FLAIRsag+SWIax,4,-1
Cyst of pineal gland,21,0.7458241322688409,0.05799258269618249,label_id,1,availability,T2ax+FLAIRax+FLAIRsag+SWIax,4,-1
Cerebral edema,43,0.9149558451884033,0.5300819144358141,label_id,1,availability,T2ax+FLAIRax+FLAIRsag+SWIax,4,-1
Mastoiditis,22,0.681060606060606,0.054528103181811574,label_id,1,availability,T2ax+FLAIRax+FLAIRsag+SWIax,4,-1
Ventriculomegaly,64,0.896890664160401,0.4336096942802686,label_id,1,availability,T2ax+FLAIRax+FLAIRsag+SWIax,4,-1
Cerebellar degeneration,39,0.8569959809327974,0.3318716908206012,label_id,1,availability,T2ax+FLAIRax+FLAIRsag+SWIax,4,-1
Mega cisterna magna,22,0.6477272727272727,0.04365688549946562,label_id,1,availability,T2ax+FLAIRax+FLAIRsag+SWIax,4,-1
Cerebral infarction,26,0.8428413691571586,0.32419244958998245,label_id,1,availability,T1ax+FLAIRax+FLAIRsag+SWIax,4,-1
Cerebral hemorrhage,20,0.8852731591448931,0.18547417888707846,label_id,1,availability,T1ax+FLAIRax+FLAIRsag+SWIax,4,-1
Gliosis,284,0.7276487645596763,0.6041230943877954,label_id,1,availability,T1ax+FLAIRax+FLAIRsag+SWIax,4,-1
Cerebral atrophy,102,0.9411119711042312,0.7320937024841291,label_id,1,availability,T1ax+FLAIRax+FLAIRsag+SWIax,4,-1
Arachnoid cyst,43,0.7036942385779595,0.09066196482148572,label_id,1,availability,T1ax+FLAIRax+FLAIRsag+SWIax,4,-1
Empty sella syndrome,45,0.6191214470284238,0.10382340348947662,label_id,1,availability,T1ax+FLAIRax+FLAIRsag+SWIax,4,-1
Cyst of pineal gland,21,0.7488817167770795,0.06373004858799584,label_id,1,availability,T1ax+FLAIRax+FLAIRsag+SWIax,4,-1
Cerebral edema,43,0.9240139705255984,0.5730188382329876,label_id,1,availability,T1ax+FLAIRax+FLAIRsag+SWIax,4,-1
Mastoiditis,22,0.6886363636363637,0.0565984735972444,label_id,1,availability,T1ax+FLAIRax+FLAIRsag+SWIax,4,-1
Ventriculomegaly,64,0.8936795112781954,0.42824037812365134,label_id,1,availability,T1ax+FLAIRax+FLAIRsag+SWIax,4,-1
Cerebellar degeneration,39,0.8581798922017634,0.3353265856861003,label_id,1,availability,T1ax+FLAIRax+FLAIRsag+SWIax,4,-1
Mega cisterna magna,22,0.6296536796536797,0.04876793270222923,label_id,1,availability,T1ax+FLAIRax+FLAIRsag+SWIax,4,-1
Cerebral infarction,26,0.8511225616488775,0.33395846283237324,label_id,1,availability,T1ax+T2ax+FLAIRsag+SWIax,4,-1
Cerebral hemorrhage,20,0.8796912114014253,0.16681316920217817,label_id,1,availability,T1ax+T2ax+FLAIRsag+SWIax,4,-1
Gliosis,284,0.7366830742238901,0.5978445935539071,label_id,1,availability,T1ax+T2ax+FLAIRsag+SWIax,4,-1
Cerebral atrophy,102,0.9378611971104232,0.7088915025923318,label_id,1,availability,T1ax+T2ax+FLAIRsag+SWIax,4,-1
Arachnoid cyst,43,0.696652185024278,0.08630582274839996,label_id,1,availability,T1ax+T2ax+FLAIRsag+SWIax,4,-1
Empty sella syndrome,45,0.6223038215694274,0.12708532745082554,label_id,1,availability,T1ax+T2ax+FLAIRsag+SWIax,4,-1
Cyst of pineal gland,21,0.7503538870958608,0.060048978756597045,label_id,1,availability,T1ax+T2ax+FLAIRsag+SWIax,4,-1
Cerebral edema,43,0.9165175909361956,0.5220145098683292,label_id,1,availability,T1ax+T2ax+FLAIRsag+SWIax,4,-1
Mastoiditis,22,0.6857683982683982,0.05315732926507289,label_id,1,availability,T1ax+T2ax+FLAIRsag+SWIax,4,-1
Ventriculomegaly,64,0.8930333646616542,0.4285766421247527,label_id,1,availability,T1ax+T2ax+FLAIRsag+SWIax,4,-1
Cerebellar degeneration,39,0.8433810013396892,0.35475034793809945,label_id,1,availability,T1ax+T2ax+FLAIRsag+SWIax,4,-1
Mega cisterna magna,22,0.6188852813852813,0.04686822775205441,label_id,1,availability,T1ax+T2ax+FLAIRsag+SWIax,4,-1
Cerebral infarction,26,0.8485921972764078,0.3677934568693433,label_id,1,availability,T1ax+T2ax+FLAIRax+SWIax,4,-1
Cerebral hemorrhage,20,0.8788004750593824,0.16718939916481293,label_id,1,availability,T1ax+T2ax+FLAIRax+SWIax,4,-1
Gliosis,284,0.7317851747161167,0.5971880607282002,label_id,1,availability,T1ax+T2ax+FLAIRax+SWIax,4,-1
Cerebral atrophy,102,0.9373839009287925,0.7122210135427939,label_id,1,availability,T1ax+T2ax+FLAIRax+SWIax,4,-1
Arachnoid cyst,43,0.7047164721583327,0.08884006709914492,label_id,1,availability,T1ax+T2ax+FLAIRax+SWIax,4,-1
Empty sella syndrome,45,0.6096015231878145,0.10436872831536892,label_id,1,availability,T1ax+T2ax+FLAIRax+SWIax,4,-1
Cyst of pineal gland,21,0.7574882509484174,0.06622873666896936,label_id,1,availability,T1ax+T2ax+FLAIRax+SWIax,4,-1
Cerebral edema,43,0.9147002867933101,0.5434890212034955,label_id,1,availability,T1ax+T2ax+FLAIRax+SWIax,4,-1
Mastoiditis,22,0.6660173160173161,0.05498598370032526,label_id,1,availability,T1ax+T2ax+FLAIRax+SWIax,4,-1
Ventriculomegaly,64,0.9008067042606517,0.44126859523206935,label_id,1,availability,T1ax+T2ax+FLAIRax+SWIax,4,-1
Cerebellar degeneration,39,0.8578060254852479,0.3461119876899856,label_id,1,availability,T1ax+T2ax+FLAIRax+SWIax,4,-1
Mega cisterna magna,22,0.6679653679653679,0.051143555861181175,label_id,1,availability,T1ax+T2ax+FLAIRax+SWIax,4,-1
Cerebral infarction,26,0.8470279720279721,0.35602015844759305,label_id,1,availability,T1ax+T2ax+FLAIRax+FLAIRsag,4,-1
Cerebral hemorrhage,20,0.8807600950118765,0.18624801716592493,label_id,1,availability,T1ax+T2ax+FLAIRax+FLAIRsag,4,-1
Gliosis,284,0.7350321653102002,0.5967990237164592,label_id,1,availability,T1ax+T2ax+FLAIRax+FLAIRsag,4,-1
Cerebral atrophy,102,0.9431114551083591,0.7279607476612304,label_id,1,availability,T1ax+T2ax+FLAIRax+FLAIRsag,4,-1
Arachnoid cyst,43,0.7132918760825737,0.1070680848500383,label_id,1,availability,T1ax+T2ax+FLAIRax+FLAIRsag,4,-1
Empty sella syndrome,45,0.6237454100367197,0.11279879842690993,label_id,1,availability,T1ax+T2ax+FLAIRax+FLAIRsag,4,-1
Cyst of pineal gland,21,0.7437291206613442,0.05695828882689748,label_id,1,availability,T1ax+T2ax+FLAIRax+FLAIRsag,4,-1
Cerebral edema,43,0.9193003379049891,0.5808503415934265,label_id,1,availability,T1ax+T2ax+FLAIRax+FLAIRsag,4,-1
Mastoiditis,22,0.6971861471861472,0.05597491635093215,label_id,1,availability,T1ax+T2ax+FLAIRax+FLAIRsag,4,-1
Ventriculomegaly,64,0.8987703634085213,0.4425579058904144,label_id,1,availability,T1ax+T2ax+FLAIRax+FLAIRsag,4,-1
Cerebellar degeneration,39,0.8560613141415085,0.34458472936203083,label_id,1,availability,T1ax+T2ax+FLAIRax+FLAIRsag,4,-1
Mega cisterna magna,22,0.6285714285714286,0.03820026355308445,label_id,1,availability,T1ax+T2ax+FLAIRax+FLAIRsag,4,-1
Cerebral infarction,26,0.8480401177769599,0.36494458633981935,label_id,1,availability,T1ax+T2ax+FLAIRax+FLAIRsag+SWIax,5,-1
Cerebral hemorrhage,20,0.8834323040380048,0.17340271738816126,label_id,1,availability,T1ax+T2ax+FLAIRax+FLAIRsag+SWIax,5,-1
Gliosis,284,0.7346605585067498,0.6022227885802726,label_id,1,availability,T1ax+T2ax+FLAIRax+FLAIRsag+SWIax,5,-1
Cerebral atrophy,102,0.9421955624355005,0.7245026074122183,label_id,1,availability,T1ax+T2ax+FLAIRax+FLAIRsag+SWIax,5,-1
Arachnoid cyst,43,0.7067041485646137,0.09228582087863507,label_id,1,availability,T1ax+T2ax+FLAIRax+FLAIRsag+SWIax,5,-1
Empty sella syndrome,45,0.6203726370189039,0.11509537809958037,label_id,1,availability,T1ax+T2ax+FLAIRax+FLAIRsag+SWIax,5,-1
Cyst of pineal gland,21,0.7504105090311987,0.06162192769382633,label_id,1,availability,T1ax+T2ax+FLAIRax+FLAIRsag+SWIax,5,-1
Cerebral edema,43,0.9195275009228497,0.5516684261374548,label_id,1,availability,T1ax+T2ax+FLAIRax+FLAIRsag+SWIax,5,-1
Mastoiditis,22,0.6846861471861473,0.056425144958126346,label_id,1,availability,T1ax+T2ax+FLAIRax+FLAIRsag+SWIax,5,-1
Ventriculomegaly,64,0.8979088345864663,0.4403580774721722,label_id,1,availability,T1ax+T2ax+FLAIRax+FLAIRsag+SWIax,5,-1
Cerebellar degeneration,39,0.8559055363429604,0.3467171536208032,label_id,1,availability,T1ax+T2ax+FLAIRax+FLAIRsag+SWIax,5,-1
Mega cisterna magna,22,0.6402597402597403,0.0436749399210699,label_id,1,availability,T1ax+T2ax+FLAIRax+FLAIRsag+SWIax,5,-1
Cerebral infarction,26,0.8242086860507913,0.34786313284814196,label_id,1,budget,allinputs,1,1
Cerebral hemorrhage,20,0.8499406175771972,0.15160993698770092,label_id,1,budget,allinputs,1,1
Gliosis,284,0.7293423168770408,0.568880234599091,label_id,1,budget,allinputs,1,1
Cerebral atrophy,102,0.9335655314757483,0.6945820314730676,label_id,1,budget,allinputs,1,1
Arachnoid cyst,43,0.6968509526649062,0.0930618403518649,label_id,1,budget,allinputs,1,1
Empty sella syndrome,45,0.5899360805113559,0.07250342083672756,label_id,1,budget,allinputs,1,1
Cyst of pineal gland,21,0.7565822999830134,0.08098671829694985,label_id,1,budget,allinputs,1,1
Cerebral edema,43,0.8989692478064572,0.5079739737244929,label_id,1,budget,allinputs,1,1
Mastoiditis,22,0.6757575757575758,0.05312237268426033,label_id,1,budget,allinputs,1,1
Ventriculomegaly,64,0.8862390350877192,0.4104416560558105,label_id,1,budget,allinputs,1,1
Cerebellar degeneration,39,0.8553135807084774,0.3152582284450735,label_id,1,budget,allinputs,1,1
Mega cisterna magna,22,0.5985930735930736,0.04903416773090447,label_id,1,budget,allinputs,1,1
Cerebral infarction,26,0.8433474420316526,0.2886467218537717,label_id,1,budget,allinputs,2,2
Cerebral hemorrhage,20,0.8711995249406176,0.16555567103062463,label_id,1,budget,allinputs,2,2
Gliosis,284,0.7327050538525269,0.5823758048508232,label_id,1,budget,allinputs,2,2
Cerebral atrophy,102,0.9422987616099071,0.7105634107260141,label_id,1,budget,allinputs,2,2
Arachnoid cyst,43,0.7161030184285999,0.09252398137911805,label_id,1,budget,allinputs,2,2
Empty sella syndrome,45,0.6176798585611315,0.08230688948866155,label_id,1,budget,allinputs,2,2
Cyst of pineal gland,21,0.7448049374327614,0.06248410252621255,label_id,1,budget,allinputs,2,2
Cerebral edema,43,0.9212028281795722,0.5646836888844757,label_id,1,budget,allinputs,2,2
Mastoiditis,22,0.6918290043290043,0.05692452869279542,label_id,1,budget,allinputs,2,2
Ventriculomegaly,64,0.8973997493734336,0.42863889932809357,label_id,1,budget,allinputs,2,2
Cerebellar degeneration,39,0.8573075365298939,0.3163590359755152,label_id,1,budget,allinputs,2,2
Mega cisterna magna,22,0.6204004329004329,0.03962390858886831,label_id,1,budget,allinputs,2,2
Cerebral infarction,26,0.8523647405226352,0.3304033851883248,label_id,1,budget,allinputs,3,3
Cerebral hemorrhage,20,0.8831947743467934,0.16813485024185643,label_id,1,budget,allinputs,3,3
Gliosis,284,0.735093084458307,0.6008648642714851,label_id,1,budget,allinputs,3,3
Cerebral atrophy,102,0.9438080495356037,0.7186738010918968,label_id,1,budget,allinputs,3,3
Arachnoid cyst,43,0.7104239429820826,0.09184828672160791,label_id,1,budget,allinputs,3,3
Empty sella syndrome,45,0.6237182102543181,0.10799801290603914,label_id,1,budget,allinputs,3,3
Cyst of pineal gland,21,0.73653813487345,0.054987459454590056,label_id,1,budget,allinputs,3,3
Cerebral edema,43,0.9284720447511146,0.5507186387903272,label_id,1,budget,allinputs,3,3
Mastoiditis,22,0.7028138528138528,0.062232912778257175,label_id,1,budget,allinputs,3,3
Ventriculomegaly,64,0.8934249686716792,0.4348170763522882,label_id,1,budget,allinputs,3,3
Cerebellar degeneration,39,0.8571517587313456,0.33986861476750263,label_id,1,budget,allinputs,3,3
Mega cisterna magna,22,0.6362554112554113,0.04040427198603297,label_id,1,budget,allinputs,3,3
Cerebral infarction,26,0.8467519322782481,0.37381038458471305,label_id,1,budget,allinputs,4,4
Cerebral hemorrhage,20,0.8843230403800475,0.17105348210533783,label_id,1,budget,allinputs,4,4
Gliosis,284,0.73199839173449,0.5998372647707947,label_id,1,budget,allinputs,4,4
Cerebral atrophy,102,0.939344685242518,0.724111706149634,label_id,1,budget,allinputs,4,4
Arachnoid cyst,43,0.710736292131641,0.0938958148391349,label_id,1,budget,allinputs,4,4
Empty sella syndrome,45,0.6187678498572011,0.11492930373488146,label_id,1,budget,allinputs,4,4
Cyst of pineal gland,21,0.7370477322914897,0.05664841856583869,label_id,1,budget,allinputs,4,4
Cerebral edema,43,0.9227645739273647,0.5753756659199704,label_id,1,budget,allinputs,4,4
Mastoiditis,22,0.6954545454545454,0.05801932959747656,label_id,1,budget,allinputs,4,4
Ventriculomegaly,64,0.8969885651629073,0.43672722743779796,label_id,1,budget,allinputs,4,4
Cerebellar degeneration,39,0.8497367355204536,0.34914724270256187,label_id,1,budget,allinputs,4,4
Mega cisterna magna,22,0.641991341991342,0.04268258065455269,label_id,1,budget,allinputs,4,4
Cerebral infarction,26,0.8467059256532941,0.33615527526014644,label_id,1,budget,allinputs,5,5
Cerebral hemorrhage,20,0.8857482185273158,0.17773912769364242,label_id,1,budget,allinputs,5,5
Gliosis,284,0.7344107899995127,0.602153927909337,label_id,1,budget,allinputs,5,5
Cerebral atrophy,102,0.9374484004127968,0.7017325246723075,label_id,1,budget,allinputs,5,5
Arachnoid cyst,43,0.7056251242297754,0.09346515628779492,label_id,1,budget,allinputs,5,5
Empty sella syndrome,45,0.6213790289677683,0.1277703037419557,label_id,1,budget,allinputs,5,5
Cyst of pineal gland,21,0.7510333503199139,0.060493303171460885,label_id,1,budget,allinputs,5,5
Cerebral edema,43,0.9157509157509157,0.5455091454501567,label_id,1,budget,allinputs,5,5
Mastoiditis,22,0.6883116883116883,0.05815726644814693,label_id,1,budget,allinputs,5,5
Ventriculomegaly,64,0.8962053571428572,0.43591927356893784,label_id,1,budget,allinputs,5,5
Cerebellar degeneration,39,0.850796024550581,0.3322698188401562,label_id,1,budget,allinputs,5,5
Mega cisterna magna,22,0.6340367965367966,0.04575996499336698,label_id,1,budget,allinputs,5,5
Cerebral infarction,26,0.7938443135811557,0.1288575559896489,queryseq,1,availability,SWIax,1,-1
Cerebral hemorrhage,20,0.8700712589073634,0.14012494051402463,queryseq,1,availability,SWIax,1,-1
Gliosis,284,0.6856754715142064,0.5377801754908716,queryseq,1,availability,SWIax,1,-1
Cerebral atrophy,102,0.8326367389060887,0.4193942608522544,queryseq,1,availability,SWIax,1,-1
Arachnoid cyst,43,0.6855211971491042,0.08415914482441403,queryseq,1,availability,SWIax,1,-1
Empty sella syndrome,45,0.599891200870393,0.09147668560271767,queryseq,1,availability,SWIax,1,-1
Cyst of pineal gland,21,0.7332540626238604,0.057878707024177196,queryseq,1,availability,SWIax,1,-1
Cerebral edema,43,0.8899679132237271,0.4327186751188965,queryseq,1,availability,SWIax,1,-1
Mastoiditis,22,0.6008658008658009,0.04996849427808749,queryseq,1,availability,SWIax,1,-1
Ventriculomegaly,64,0.8292019110275689,0.31129549353373714,queryseq,1,availability,SWIax,1,-1
Cerebellar degeneration,39,0.771193569492476,0.14447133600819315,queryseq,1,availability,SWIax,1,-1
Mega cisterna magna,22,0.6208874458874459,0.04595378964455685,queryseq,1,availability,SWIax,1,-1
Cerebral infarction,26,0.8150073610599927,0.2482385801859394,queryseq,1,availability,FLAIRsag,1,-1
Cerebral hemorrhage,20,0.8581947743467934,0.17456358269252414,queryseq,1,availability,FLAIRsag,1,-1
Gliosis,284,0.7174204395925727,0.5655516333158603,queryseq,1,availability,FLAIRsag,1,-1
Cerebral atrophy,102,0.9209623323013416,0.6724868064641512,queryseq,1,availability,FLAIRsag,1,-1
Arachnoid cyst,43,0.669534599767158,0.08361801112956249,queryseq,1,availability,FLAIRsag,1,-1
Empty sella syndrome,45,0.6018767849857201,0.07097255405421414,queryseq,1,availability,FLAIRsag,1,-1
Cyst of pineal gland,21,0.7192684445954363,0.04829354702504696,queryseq,1,availability,FLAIRsag,1,-1
Cerebral edema,43,0.8975778743220603,0.45598682353761943,queryseq,1,availability,FLAIRsag,1,-1
Mastoiditis,22,0.6953463203463204,0.05319236687175538,queryseq,1,availability,FLAIRsag,1,-1
Ventriculomegaly,64,0.8678728070175439,0.3977169506357576,queryseq,1,availability,FLAIRsag,1,-1
Cerebellar degeneration,39,0.8116023304358663,0.29756141463614644,queryseq,1,availability,FLAIRsag,1,-1
Mega cisterna magna,22,0.5292207792207791,0.03549755816774883,queryseq,1,availability,FLAIRsag,1,-1
Cerebral infarction,26,0.8275211630474789,0.32120217755893093,queryseq,1,availability,FLAIRax,1,-1
Cerebral hemorrhage,20,0.8584323040380049,0.15391418694969763,queryseq,1,availability,FLAIRax,1,-1
Gliosis,284,0.7058884448559872,0.578324779821737,queryseq,1,availability,FLAIRax,1,-1
Cerebral atrophy,102,0.9303663570691434,0.6941028249178413,queryseq,1,availability,FLAIRax,1,-1
Arachnoid cyst,43,0.7205043018996506,0.10688348160390657,queryseq,1,availability,FLAIRax,1,-1
Empty sella syndrome,45,0.6054399564803482,0.07949254778331084,queryseq,1,availability,FLAIRax,1,-1
Cyst of pineal gland,21,0.6979785969084423,0.046585812396759296,queryseq,1,availability,FLAIRax,1,-1
Cerebral edema,43,0.9013828548712268,0.5566614891384803,queryseq,1,availability,FLAIRax,1,-1
Mastoiditis,22,0.6595779220779221,0.05859438576273011,queryseq,1,availability,FLAIRax,1,-1
Ventriculomegaly,64,0.8899592731829574,0.4033564099069551,queryseq,1,availability,FLAIRax,1,-1
Cerebellar degeneration,39,0.8571829142910552,0.3084319304357166,queryseq,1,availability,FLAIRax,1,-1
Mega cisterna magna,22,0.6930194805194805,0.04973393186710124,queryseq,1,availability,FLAIRax,1,-1
Cerebral infarction,26,0.8460158262789841,0.20622136513480863,queryseq,1,availability,T2ax,1,-1
Cerebral hemorrhage,20,0.8449524940617577,0.141658976072376,queryseq,1,availability,T2ax,1,-1
Gliosis,284,0.7261318777718213,0.5655968974538064,queryseq,1,availability,T2ax,1,-1
Cerebral atrophy,102,0.919233746130031,0.6444970754871532,queryseq,1,availability,T2ax,1,-1
Arachnoid cyst,43,0.6938694380554845,0.10266043025784313,queryseq,1,availability,T2ax,1,-1
Empty sella syndrome,45,0.6133006935944513,0.11117439675454177,queryseq,1,availability,T2ax,1,-1
Cyst of pineal gland,21,0.7012060472226941,0.04280263626884848,queryseq,1,availability,T2ax,1,-1
Cerebral edema,43,0.861061419200954,0.351538127815699,queryseq,1,availability,T2ax,1,-1
Mastoiditis,22,0.6547619047619047,0.056403686670095786,queryseq,1,availability,T2ax,1,-1
Ventriculomegaly,64,0.885906171679198,0.3789969940776155,queryseq,1,availability,T2ax,1,-1
Cerebellar degeneration,39,0.8410754899211764,0.3281589802811818,queryseq,1,availability,T2ax,1,-1
Mega cisterna magna,22,0.645508658008658,0.04092509843378732,queryseq,1,availability,T2ax,1,-1
Cerebral infarction,26,0.8395748987854251,0.2483003825057876,queryseq,1,availability,T1ax,1,-1
Cerebral hemorrhage,20,0.8472684085510689,0.16484773384178025,queryseq,1,availability,T1ax,1,-1
Gliosis,284,0.7024465129879622,0.5597843233480894,queryseq,1,availability,T1ax,1,-1
Cerebral atrophy,102,0.8976006191950463,0.5967207185383561,queryseq,1,availability,T1ax,1,-1
Arachnoid cyst,43,0.6775988869012124,0.08125648544541603,queryseq,1,availability,T1ax,1,-1
Empty sella syndrome,45,0.5837889296885624,0.08088933015685199,queryseq,1,availability,T1ax,1,-1
Cyst of pineal gland,21,0.7107185323594359,0.058319197925148995,queryseq,1,availability,T1ax,1,-1
Cerebral edema,43,0.8906777976545419,0.46807557768674796,queryseq,1,availability,T1ax,1,-1
Mastoiditis,22,0.666991341991342,0.05362877696636581,queryseq,1,availability,T1ax,1,-1
Ventriculomegaly,64,0.8747258771929824,0.32892214074118487,queryseq,1,availability,T1ax,1,-1
Cerebellar degeneration,39,0.8172414867433092,0.27171513195560776,queryseq,1,availability,T1ax,1,-1
Mega cisterna magna,22,0.6275974025974025,0.042220427078958477,queryseq,1,availability,T1ax,1,-1
Cerebral infarction,26,0.8144092749355907,0.228493129704832,queryseq,1,availability,FLAIRsag+SWIax,2,-1
Cerebral hemorrhage,20,0.882897862232779,0.1505414953387503,queryseq,1,availability,FLAIRsag+SWIax,2,-1
Gliosis,284,0.704858911252985,0.5734969548302704,queryseq,1,availability,FLAIRsag+SWIax,2,-1
Cerebral atrophy,102,0.9202915376676987,0.6598704744153346,queryseq,1,availability,FLAIRsag+SWIax,2,-1
Arachnoid cyst,43,0.6851804526223131,0.08625001351818062,queryseq,1,availability,FLAIRsag+SWIax,2,-1
Empty sella syndrome,45,0.5962736298109614,0.07175966962075328,queryseq,1,availability,FLAIRsag+SWIax,2,-1
Cyst of pineal gland,21,0.739255987769662,0.06027712763266266,queryseq,1,availability,FLAIRsag+SWIax,2,-1
Cerebral edema,43,0.9064940227730925,0.45970405356312555,queryseq,1,availability,FLAIRsag+SWIax,2,-1
Mastoiditis,22,0.6323593073593075,0.04792376275395133,queryseq,1,availability,FLAIRsag+SWIax,2,-1
Ventriculomegaly,64,0.8681665100250626,0.39044978272191005,queryseq,1,availability,FLAIRsag+SWIax,2,-1
Cerebellar degeneration,39,0.8274293547683584,0.29802239976411515,queryseq,1,availability,FLAIRsag+SWIax,2,-1
Mega cisterna magna,22,0.604491341991342,0.041115911255077096,queryseq,1,availability,FLAIRsag+SWIax,2,-1
Cerebral infarction,26,0.8316617592933382,0.3273382849142386,queryseq,1,availability,FLAIRax+SWIax,2,-1
Cerebral hemorrhage,20,0.8658551068883611,0.1460852665833263,queryseq,1,availability,FLAIRax+SWIax,2,-1
Gliosis,284,0.71280276816609,0.5933590114824446,queryseq,1,availability,FLAIRax+SWIax,2,-1
Cerebral atrophy,102,0.9305598555211558,0.6934899299294813,queryseq,1,availability,FLAIRax+SWIax,2,-1
Arachnoid cyst,43,0.7025016327341909,0.0919104297350646,queryseq,1,availability,FLAIRax+SWIax,2,-1
Empty sella syndrome,45,0.5996464028287773,0.08369250387601672,queryseq,1,availability,FLAIRax+SWIax,2,-1
Cyst of pineal gland,21,0.7291772832795425,0.057177718799798855,queryseq,1,availability,FLAIRax+SWIax,2,-1
Cerebral edema,43,0.9035692989181361,0.5063616230952276,queryseq,1,availability,FLAIRax+SWIax,2,-1
Mastoiditis,22,0.6272186147186146,0.05776845487049008,queryseq,1,availability,FLAIRax+SWIax,2,-1
Ventriculomegaly,64,0.8918977130325815,0.4141957799463322,queryseq,1,availability,FLAIRax+SWIax,2,-1
Cerebellar degeneration,39,0.8579929588435057,0.31136880807583894,queryseq,1,availability,FLAIRax+SWIax,2,-1
Mega cisterna magna,22,0.6622835497835499,0.04851994616400867,queryseq,1,availability,FLAIRax+SWIax,2,-1
Cerebral infarction,26,0.8318457857931543,0.321444269335822,queryseq,1,availability,FLAIRax+FLAIRsag,2,-1
Cerebral hemorrhage,20,0.8685273159144893,0.17030320427654896,queryseq,1,availability,FLAIRax+FLAIRsag,2,-1
Gliosis,284,0.7142160924021639,0.5822229882518082,queryseq,1,availability,FLAIRax+FLAIRsag,2,-1
Cerebral atrophy,102,0.9376676986584106,0.7231879984536824,queryseq,1,availability,FLAIRax+FLAIRsag,2,-1
Arachnoid cyst,43,0.7098276400601983,0.10697412407575138,queryseq,1,availability,FLAIRax+FLAIRsag,2,-1
Empty sella syndrome,45,0.6058751529987759,0.07303718007146967,queryseq,1,availability,FLAIRax+FLAIRsag,2,-1
Cyst of pineal gland,21,0.711850971066191,0.04732578639617782,queryseq,1,availability,FLAIRax+FLAIRsag,2,-1
Cerebral edema,43,0.9071755118266746,0.5548134587382875,queryseq,1,availability,FLAIRax+FLAIRsag,2,-1
Mastoiditis,22,0.6704004329004329,0.05307178299215725,queryseq,1,availability,FLAIRax+FLAIRsag,2,-1
Ventriculomegaly,64,0.8907424812030075,0.409460199696223,queryseq,1,availability,FLAIRax+FLAIRsag,2,-1
Cerebellar degeneration,39,0.8570894476119264,0.31906809053691304,queryseq,1,availability,FLAIRax+FLAIRsag,2,-1
Mega cisterna magna,22,0.6413419913419913,0.03802186986702055,queryseq,1,availability,FLAIRax+FLAIRsag,2,-1
Cerebral infarction,26,0.8464758925285242,0.2252863926623571,queryseq,1,availability,T2ax+SWIax,2,-1
Cerebral hemorrhage,20,0.8638361045130641,0.15143256385375115,queryseq,1,availability,T2ax+SWIax,2,-1
Gliosis,284,0.7268080803158049,0.5777366552704544,queryseq,1,availability,T2ax+SWIax,2,-1
Cerebral atrophy,102,0.9205237358101135,0.6271028826654585,queryseq,1,availability,T2ax+SWIax,2,-1
Arachnoid cyst,43,0.6968793480421387,0.08867142699800284,queryseq,1,availability,T2ax+SWIax,2,-1
Empty sella syndrome,45,0.5976336189310485,0.088929688421791,queryseq,1,availability,T2ax+SWIax,2,-1
Cyst of pineal gland,21,0.7344997452012909,0.050236238826649,queryseq,1,availability,T2ax+SWIax,2,-1
Cerebral edema,43,0.8832382088196042,0.4144599664177515,queryseq,1,availability,T2ax+SWIax,2,-1
Mastoiditis,22,0.6279761904761905,0.058420757944732234,queryseq,1,availability,T2ax+SWIax,2,-1
Ventriculomegaly,64,0.8867285401002506,0.3977786786415325,queryseq,1,availability,T2ax+SWIax,2,-1
Cerebellar degeneration,39,0.8411378010405957,0.3183466587081642,queryseq,1,availability,T2ax+SWIax,2,-1
Mega cisterna magna,22,0.6425865800865801,0.04487183517061649,queryseq,1,availability,T2ax+SWIax,2,-1
Cerebral infarction,26,0.8482701509017299,0.23907192289220622,queryseq,1,availability,T2ax+FLAIRsag,2,-1
Cerebral hemorrhage,20,0.865498812351544,0.15498040508422484,queryseq,1,availability,T2ax+FLAIRsag,2,-1
Gliosis,284,0.72951898240655,0.5718014412646638,queryseq,1,availability,T2ax+FLAIRsag,2,-1
Cerebral atrophy,102,0.9292569659442724,0.6837478806708174,queryseq,1,availability,T2ax+FLAIRsag,2,-1
Arachnoid cyst,43,0.6926484368344833,0.09940503373203002,queryseq,1,availability,T2ax+FLAIRsag,2,-1
Empty sella syndrome,45,0.6184414524683803,0.0862281932147411,queryseq,1,availability,T2ax+FLAIRsag,2,-1
Cyst of pineal gland,21,0.7173999207292905,0.045598822291739616,queryseq,1,availability,T2ax+FLAIRsag,2,-1
Cerebral edema,43,0.8895135871880058,0.4492004318047562,queryseq,1,availability,T2ax+FLAIRsag,2,-1
Mastoiditis,22,0.6785173160173159,0.05741632946539266,queryseq,1,availability,T2ax+FLAIRsag,2,-1
Ventriculomegaly,64,0.8943060776942355,0.4200872236834664,queryseq,1,availability,T2ax+FLAIRsag,2,-1
Cerebellar degeneration,39,0.8399538897716299,0.3232219038017652,queryseq,1,availability,T2ax+FLAIRsag,2,-1
Mega cisterna magna,22,0.6270562770562771,0.03631009188740832,queryseq,1,availability,T2ax+FLAIRsag,2,-1
Cerebral infarction,26,0.8431174089068826,0.29484919434773493,queryseq,1,availability,T2ax+FLAIRax,2,-1
Cerebral hemorrhage,20,0.8623515439429928,0.15079817931163467,queryseq,1,availability,T2ax+FLAIRax,2,-1
Gliosis,284,0.7251632633169258,0.5816631268293206,queryseq,1,availability,T2ax+FLAIRax,2,-1
Cerebral atrophy,102,0.9347652218782249,0.6957713707776242,queryseq,1,availability,T2ax+FLAIRax,2,-1
Arachnoid cyst,43,0.7078683590311498,0.10189431006044587,queryseq,1,availability,T2ax+FLAIRax,2,-1
Empty sella syndrome,45,0.6125390996872025,0.0927457032063527,queryseq,1,availability,T2ax+FLAIRax,2,-1
Cyst of pineal gland,21,0.7148519336390917,0.04524002415130123,queryseq,1,availability,T2ax+FLAIRax,2,-1
Cerebral edema,43,0.8941136382996847,0.5023595727891713,queryseq,1,availability,T2ax+FLAIRax,2,-1
Mastoiditis,22,0.6616883116883117,0.058801991334236636,queryseq,1,availability,T2ax+FLAIRax,2,-1
Ventriculomegaly,64,0.895950814536341,0.4161084189907452,queryseq,1,availability,T2ax+FLAIRax,2,-1
Cerebellar degeneration,39,0.855282425148768,0.33304381816806555,queryseq,1,availability,T2ax+FLAIRax,2,-1
Mega cisterna magna,22,0.6659632034632034,0.04453183750199085,queryseq,1,availability,T2ax+FLAIRax,2,-1
Cerebral infarction,26,0.8347902097902098,0.25238714127900647,queryseq,1,availability,T1ax+SWIax,2,-1
Cerebral hemorrhage,20,0.8678741092636579,0.15776762815417644,queryseq,1,availability,T1ax+SWIax,2,-1
Gliosis,284,0.7089770456649933,0.5735245915674773,queryseq,1,availability,T1ax+SWIax,2,-1
Cerebral atrophy,102,0.9025283797729619,0.5937916872544354,queryseq,1,availability,T1ax+SWIax,2,-1
Arachnoid cyst,43,0.6890706193031775,0.08579616179049133,queryseq,1,availability,T1ax+SWIax,2,-1
Empty sella syndrome,45,0.5840881272949816,0.07794143793685139,queryseq,1,availability,T1ax+SWIax,2,-1
Cyst of pineal gland,21,0.7472396806522846,0.06284453015103383,queryseq,1,availability,T1ax+SWIax,2,-1
Cerebral edema,43,0.8950790811255928,0.4794609137718295,queryseq,1,availability,T1ax+SWIax,2,-1
Mastoiditis,22,0.6142316017316017,0.054151323021384284,queryseq,1,availability,T1ax+SWIax,2,-1
Ventriculomegaly,64,0.876233552631579,0.34684822601453935,queryseq,1,availability,T1ax+SWIax,2,-1
Cerebellar degeneration,39,0.8242514876779762,0.26736971971548107,queryseq,1,availability,T1ax+SWIax,2,-1
Mega cisterna magna,22,0.6290584415584416,0.04566013427843433,queryseq,1,availability,T1ax+SWIax,2,-1
Cerebral infarction,26,0.8416912035333088,0.28491892778946787,queryseq,1,availability,T1ax+FLAIRsag,2,-1
Cerebral hemorrhage,20,0.8686460807600951,0.18869961446883182,queryseq,1,availability,T1ax+FLAIRsag,2,-1
Gliosis,284,0.7152029826014912,0.5802505824202578,queryseq,1,availability,T1ax+FLAIRsag,2,-1
Cerebral atrophy,102,0.9271026831785345,0.6906119961748479,queryseq,1,availability,T1ax+FLAIRsag,2,-1
Arachnoid cyst,43,0.6799840985887496,0.08257484086173353,queryseq,1,availability,T1ax+FLAIRsag,2,-1
Empty sella syndrome,45,0.6107439140486877,0.07514633278720484,queryseq,1,availability,T1ax+FLAIRsag,2,-1
Cyst of pineal gland,21,0.7226657607157012,0.05713606443899663,queryseq,1,availability,T1ax+FLAIRsag,2,-1
Cerebral edema,43,0.9146718914160774,0.5323603215318466,queryseq,1,availability,T1ax+FLAIRsag,2,-1
Mastoiditis,22,0.6968614718614718,0.05573175208829924,queryseq,1,availability,T1ax+FLAIRsag,2,-1
Ventriculomegaly,64,0.8821859335839599,0.37408803705798116,queryseq,1,availability,T1ax+FLAIRsag,2,-1
Cerebellar degeneration,39,0.8275851325669065,0.3256025946230681,queryseq,1,availability,T1ax+FLAIRsag,2,-1
Mega cisterna magna,22,0.5988095238095238,0.03501661697863587,queryseq,1,availability,T1ax+FLAIRsag,2,-1
Cerebral infarction,26,0.8350662495399337,0.3231648717226614,queryseq,1,availability,T1ax+FLAIRax,2,-1
Cerebral hemorrhage,20,0.8644299287410926,0.16218383885599338,queryseq,1,availability,T1ax+FLAIRax,2,-1
Gliosis,284,0.7125225400847994,0.5862985684987717,queryseq,1,availability,T1ax+FLAIRax,2,-1
Cerebral atrophy,102,0.9314886480908153,0.6963204762706104,queryseq,1,availability,T1ax+FLAIRax,2,-1
Arachnoid cyst,43,0.7064201947922879,0.09441143056454371,queryseq,1,availability,T1ax+FLAIRax,2,-1
Empty sella syndrome,45,0.596328029375765,0.07685069624747731,queryseq,1,availability,T1ax+FLAIRax,2,-1
Cyst of pineal gland,21,0.7169469452465885,0.05676096207961851,queryseq,1,availability,T1ax+FLAIRax,2,-1
Cerebral edema,43,0.9090212113467928,0.5726145251042432,queryseq,1,availability,T1ax+FLAIRax,2,-1
Mastoiditis,22,0.6718073593073594,0.06457763996713729,queryseq,1,availability,T1ax+FLAIRax,2,-1
Ventriculomegaly,64,0.8939340538847118,0.41553030235144905,queryseq,1,availability,T1ax+FLAIRax,2,-1
Cerebellar degeneration,39,0.8537246471632862,0.31363523766076473,queryseq,1,availability,T1ax+FLAIRax,2,-1
Mega cisterna magna,22,0.6617424242424242,0.04510226860289307,queryseq,1,availability,T1ax+FLAIRax,2,-1
Cerebral infarction,26,0.8522727272727272,0.24894415818527302,queryseq,1,availability,T1ax+T2ax,2,-1
Cerebral hemorrhage,20,0.851187648456057,0.16175069446701837,queryseq,1,availability,T1ax+T2ax,2,-1
Gliosis,284,0.728361518592524,0.5825139577049859,queryseq,1,availability,T1ax+T2ax,2,-1
Cerebral atrophy,102,0.9256965944272446,0.6548615831856949,queryseq,1,availability,T1ax+T2ax,2,-1
Arachnoid cyst,43,0.6951188346537185,0.0961158439217919,queryseq,1,availability,T1ax+T2ax,2,-1
Empty sella syndrome,45,0.597280021759826,0.10969169134569173,queryseq,1,availability,T1ax+T2ax,2,-1
Cyst of pineal gland,21,0.7226657607157012,0.05028035240314374,queryseq,1,availability,T1ax+T2ax,2,-1
Cerebral edema,43,0.8835505579691627,0.4506307015744512,queryseq,1,availability,T1ax+T2ax,2,-1
Mastoiditis,22,0.6623376623376623,0.05971892371043557,queryseq,1,availability,T1ax+T2ax,2,-1
Ventriculomegaly,64,0.8906641604010025,0.3909721562933505,queryseq,1,availability,T1ax+T2ax,2,-1
Cerebellar degeneration,39,0.8376795339128267,0.3436667904278661,queryseq,1,availability,T1ax+T2ax,2,-1
Mega cisterna magna,22,0.6399350649350649,0.04187570035423708,queryseq,1,availability,T1ax+T2ax,2,-1
Cerebral infarction,26,0.8329039381670961,0.3204241531773726,queryseq,1,availability,FLAIRax+FLAIRsag+SWIax,3,-1
Cerebral hemorrhage,20,0.8742874109263659,0.15251398030494828,queryseq,1,availability,FLAIRax+FLAIRsag+SWIax,3,-1
Gliosis,284,0.7178590574589405,0.5981879075521236,queryseq,1,availability,FLAIRax+FLAIRsag+SWIax,3,-1
Cerebral atrophy,102,0.937577399380805,0.725130886747382,queryseq,1,availability,FLAIRax+FLAIRsag+SWIax,3,-1
Arachnoid cyst,43,0.6993781412386063,0.09307410476073734,queryseq,1,availability,FLAIRax+FLAIRsag+SWIax,3,-1
Empty sella syndrome,45,0.5981504147966816,0.0723567626771249,queryseq,1,availability,FLAIRax+FLAIRsag+SWIax,3,-1
Cyst of pineal gland,21,0.7316686484344035,0.056257072294638805,queryseq,1,availability,FLAIRax+FLAIRsag+SWIax,3,-1
Cerebral edema,43,0.908652071442769,0.5091208809830755,queryseq,1,availability,FLAIRax+FLAIRsag+SWIax,3,-1
Mastoiditis,22,0.6373376623376623,0.05310085667298879,queryseq,1,availability,FLAIRax+FLAIRsag+SWIax,3,-1
Ventriculomegaly,64,0.8921130952380953,0.420159262429289,queryseq,1,availability,FLAIRax+FLAIRsag+SWIax,3,-1
Cerebellar degeneration,39,0.8580241144032152,0.319435275355097,queryseq,1,availability,FLAIRax+FLAIRsag+SWIax,3,-1
Mega cisterna magna,22,0.641017316017316,0.043362974858939855,queryseq,1,availability,FLAIRax+FLAIRsag+SWIax,3,-1
Cerebral infarction,26,0.84688995215311,0.24689945465182633,queryseq,1,availability,T2ax+FLAIRsag+SWIax,3,-1
Cerebral hemorrhage,20,0.8732185273159144,0.1546049689750832,queryseq,1,availability,T2ax+FLAIRsag+SWIax,3,-1
Gliosis,284,0.7282396802963107,0.5828490546412587,queryseq,1,availability,T2ax+FLAIRsag+SWIax,3,-1
Cerebral atrophy,102,0.9300696594427245,0.6758046943271959,queryseq,1,availability,T2ax+FLAIRsag+SWIax,3,-1
Arachnoid cyst,43,0.6964818127608826,0.090097133247645,queryseq,1,availability,T2ax+FLAIRsag+SWIax,3,-1
Empty sella syndrome,45,0.6017135862913097,0.07581266893967459,queryseq,1,availability,T2ax+FLAIRsag+SWIax,3,-1
Cyst of pineal gland,21,0.7385765245456088,0.05257617568136569,queryseq,1,availability,T2ax+FLAIRsag+SWIax,3,-1
Cerebral edema,43,0.8975210835675952,0.4480636836483573,queryseq,1,availability,T2ax+FLAIRsag+SWIax,3,-1
Mastoiditis,22,0.6471320346320346,0.059123147693376,queryseq,1,availability,T2ax+FLAIRsag+SWIax,3,-1
Ventriculomegaly,64,0.8929942042606517,0.42705164593394407,queryseq,1,availability,T2ax+FLAIRsag+SWIax,3,-1
Cerebellar degeneration,39,0.8410443343614669,0.3325046731050944,queryseq,1,availability,T2ax+FLAIRsag+SWIax,3,-1
Mega cisterna magna,22,0.629978354978355,0.04007100229719068,queryseq,1,availability,T2ax+FLAIRsag+SWIax,3,-1
Cerebral infarction,26,0.8422432830327568,0.29709044655424754,queryseq,1,availability,T2ax+FLAIRax+SWIax,3,-1
Cerebral hemorrhage,20,0.8663301662707839,0.15046191913477255,queryseq,1,availability,T2ax+FLAIRax+SWIax,3,-1
Gliosis,284,0.72584555777572,0.5921749383798443,queryseq,1,availability,T2ax+FLAIRax+SWIax,3,-1
Cerebral atrophy,102,0.9354489164086687,0.7052671546814961,queryseq,1,availability,T2ax+FLAIRax+SWIax,3,-1
Arachnoid cyst,43,0.7032683079194707,0.09322695671689551,queryseq,1,availability,T2ax+FLAIRax+SWIax,3,-1
Empty sella syndrome,45,0.6042431660546715,0.08657561294504625,queryseq,1,availability,T2ax+FLAIRax+SWIax,3,-1
Cyst of pineal gland,21,0.7343298793952777,0.051832309375509034,queryseq,1,availability,T2ax+FLAIRax+SWIax,3,-1
Cerebral edema,43,0.8970951529091065,0.47004287972045233,queryseq,1,availability,T2ax+FLAIRax+SWIax,3,-1
Mastoiditis,22,0.6384199134199134,0.059825429177149766,queryseq,1,availability,T2ax+FLAIRax+SWIax,3,-1
Ventriculomegaly,64,0.8965578007518796,0.41801048061676244,queryseq,1,availability,T2ax+FLAIRax+SWIax,3,-1
Cerebellar degeneration,39,0.8552824251487677,0.33761773902998815,queryseq,1,availability,T2ax+FLAIRax+SWIax,3,-1
Mega cisterna magna,22,0.6585497835497837,0.046899168693952074,queryseq,1,availability,T2ax+FLAIRax+SWIax,3,-1
Cerebral infarction,26,0.8438075082811924,0.2906914390365491,queryseq,1,availability,T2ax+FLAIRax+FLAIRsag,3,-1
Cerebral hemorrhage,20,0.8695961995249406,0.16011075733130994,queryseq,1,availability,T2ax+FLAIRax+FLAIRsag,3,-1
Gliosis,284,0.7270517569082313,0.5822034980402914,queryseq,1,availability,T2ax+FLAIRax+FLAIRsag,3,-1
Cerebral atrophy,102,0.9389963880288958,0.7148486100299251,queryseq,1,availability,T2ax+FLAIRax+FLAIRsag,3,-1
Arachnoid cyst,43,0.7078399636539172,0.10323266149087999,queryseq,1,availability,T2ax+FLAIRax+FLAIRsag,3,-1
Empty sella syndrome,45,0.6143342853257173,0.08168655999971741,queryseq,1,availability,T2ax+FLAIRax+FLAIRsag,3,-1
Cyst of pineal gland,21,0.7219296755563105,0.04701100011892838,queryseq,1,availability,T2ax+FLAIRax+FLAIRsag,3,-1
Cerebral edema,43,0.9018087855297158,0.5012790669071834,queryseq,1,availability,T2ax+FLAIRax+FLAIRsag,3,-1
Mastoiditis,22,0.6755411255411254,0.057972773067011804,queryseq,1,availability,T2ax+FLAIRax+FLAIRsag,3,-1
Ventriculomegaly,64,0.8964403195488722,0.41901737539243805,queryseq,1,availability,T2ax+FLAIRax+FLAIRsag,3,-1
Cerebellar degeneration,39,0.8531950026482227,0.3375975213372277,queryseq,1,availability,T2ax+FLAIRax+FLAIRsag,3,-1
Mega cisterna magna,22,0.6485930735930736,0.03988145852308316,queryseq,1,availability,T2ax+FLAIRax+FLAIRsag,3,-1
Cerebral infarction,26,0.8364924549135075,0.28188532281033246,queryseq,1,availability,T1ax+FLAIRsag+SWIax,3,-1
Cerebral hemorrhage,20,0.8788598574821853,0.16551438702189472,queryseq,1,availability,T1ax+FLAIRsag+SWIax,3,-1
Gliosis,284,0.7161898728008187,0.5885848802879018,queryseq,1,availability,T1ax+FLAIRsag+SWIax,3,-1
Cerebral atrophy,102,0.9260835913312693,0.6832964894776234,queryseq,1,availability,T1ax+FLAIRsag+SWIax,3,-1
Arachnoid cyst,43,0.6876508504415481,0.08669714733728265,queryseq,1,availability,T1ax+FLAIRsag+SWIax,3,-1
Empty sella syndrome,45,0.5903984768121856,0.07134636070883968,queryseq,1,availability,T1ax+FLAIRsag+SWIax,3,-1
Cyst of pineal gland,21,0.7449748032387747,0.06153127482743935,queryseq,1,availability,T1ax+FLAIRsag+SWIax,3,-1
Cerebral edema,43,0.9091347928557231,0.4987165846377839,queryseq,1,availability,T1ax+FLAIRsag+SWIax,3,-1
Mastoiditis,22,0.6396103896103896,0.05153634242769355,queryseq,1,availability,T1ax+FLAIRsag+SWIax,3,-1
Ventriculomegaly,64,0.8817747493734337,0.38369957559587337,queryseq,1,availability,T1ax+FLAIRsag+SWIax,3,-1
Cerebellar degeneration,39,0.8340343334268,0.32517355531606706,queryseq,1,availability,T1ax+FLAIRsag+SWIax,3,-1
Mega cisterna magna,22,0.6148268398268398,0.04122017472371564,queryseq,1,availability,T1ax+FLAIRsag+SWIax,3,-1
Cerebral infarction,26,0.8367684946632314,0.32880316700216455,queryseq,1,availability,T1ax+FLAIRax+SWIax,3,-1
Cerebral hemorrhage,20,0.869061757719715,0.154990766362433,queryseq,1,availability,T1ax+FLAIRax+SWIax,3,-1
Gliosis,284,0.7167807885374531,0.5970776094146413,queryseq,1,availability,T1ax+FLAIRax+SWIax,3,-1
Cerebral atrophy,102,0.9316692466460268,0.6983105854858337,queryseq,1,availability,T1ax+FLAIRax+SWIax,3,-1
Arachnoid cyst,43,0.7005991424596075,0.09077378569615831,queryseq,1,availability,T1ax+FLAIRax+SWIax,3,-1
Empty sella syndrome,45,0.5914592683258534,0.07721559899308836,queryseq,1,availability,T1ax+FLAIRax+SWIax,3,-1
Cyst of pineal gland,21,0.7416907309891853,0.06540477642649796,queryseq,1,availability,T1ax+FLAIRax+SWIax,3,-1
Cerebral edema,43,0.9056705568333475,0.5300467509732126,queryseq,1,availability,T1ax+FLAIRax+SWIax,3,-1
Mastoiditis,22,0.634469696969697,0.058773746948389355,queryseq,1,availability,T1ax+FLAIRax+SWIax,3,-1
Ventriculomegaly,64,0.8941298558897244,0.41815962314549926,queryseq,1,availability,T1ax+FLAIRax+SWIax,3,-1
Cerebellar degeneration,39,0.8546281583948656,0.31229412263039347,queryseq,1,availability,T1ax+FLAIRax+SWIax,3,-1
Mega cisterna magna,22,0.6520021645021645,0.048644718066670666,queryseq,1,availability,T1ax+FLAIRax+SWIax,3,-1
Cerebral infarction,26,0.8383327199116672,0.3161818791449181,queryseq,1,availability,T1ax+FLAIRax+FLAIRsag,3,-1
Cerebral hemorrhage,20,0.8715558194774347,0.17556448003392597,queryseq,1,availability,T1ax+FLAIRax+FLAIRsag,3,-1
Gliosis,284,0.7173534285296554,0.5900801324440897,queryseq,1,availability,T1ax+FLAIRax+FLAIRsag,3,-1
Cerebral atrophy,102,0.9377063983488132,0.7202054725596854,queryseq,1,availability,T1ax+FLAIRax+FLAIRsag,3,-1
Arachnoid cyst,43,0.7016781667944458,0.09434446604202218,queryseq,1,availability,T1ax+FLAIRax+FLAIRsag,3,-1
Empty sella syndrome,45,0.6033455732354142,0.07323641987877204,queryseq,1,availability,T1ax+FLAIRax+FLAIRsag,3,-1
Cyst of pineal gland,21,0.7241945529698205,0.05499506051710119,queryseq,1,availability,T1ax+FLAIRax+FLAIRsag,3,-1
Cerebral edema,43,0.912371865860238,0.5667519011287849,queryseq,1,availability,T1ax+FLAIRax+FLAIRsag,3,-1
Mastoiditis,22,0.6801406926406927,0.060243489838087166,queryseq,1,availability,T1ax+FLAIRax+FLAIRsag,3,-1
Ventriculomegaly,64,0.8933466478696742,0.4120936457034864,queryseq,1,availability,T1ax+FLAIRax+FLAIRsag,3,-1
Cerebellar degeneration,39,0.8547216250739944,0.3226736098882032,queryseq,1,availability,T1ax+FLAIRax+FLAIRsag,3,-1
Mega cisterna magna,22,0.6368506493506493,0.038947476404773855,queryseq,1,availability,T1ax+FLAIRax+FLAIRsag,3,-1
Cerebral infarction,26,0.8498343761501657,0.25199012407845944,queryseq,1,availability,T1ax+T2ax+SWIax,3,-1
Cerebral hemorrhage,20,0.864667458432304,0.1638657668907843,queryseq,1,availability,T1ax+T2ax+SWIax,3,-1
Gliosis,284,0.7276853160485404,0.5875155200402158,queryseq,1,availability,T1ax+T2ax+SWIax,3,-1
Cerebral atrophy,102,0.9265737874097008,0.6539571289067857,queryseq,1,availability,T1ax+T2ax+SWIax,3,-1
Arachnoid cyst,43,0.6982139307720704,0.0899972568956012,queryseq,1,availability,T1ax+T2ax+SWIax,3,-1
Empty sella syndrome,45,0.5886576907384741,0.08151460249524253,queryseq,1,availability,T1ax+T2ax+SWIax,3,-1
Cyst of pineal gland,21,0.747183058716947,0.05736487299013848,queryseq,1,availability,T1ax+T2ax+SWIax,3,-1
Cerebral edema,43,0.8908765652951699,0.4592413768554107,queryseq,1,availability,T1ax+T2ax+SWIax,3,-1
Mastoiditis,22,0.6354437229437229,0.059025671351985956,queryseq,1,availability,T1ax+T2ax+SWIax,3,-1
Ventriculomegaly,64,0.8900180137844612,0.3908969310017879,queryseq,1,availability,T1ax+T2ax+SWIax,3,-1
Cerebellar degeneration,39,0.8384895784652772,0.3340222374773066,queryseq,1,availability,T1ax+T2ax+SWIax,3,-1
Mega cisterna magna,22,0.6391774891774892,0.04663298878803591,queryseq,1,availability,T1ax+T2ax+SWIax,3,-1
Cerebral infarction,26,0.8518126610231873,0.2683794735239628,queryseq,1,availability,T1ax+T2ax+FLAIRsag,3,-1
Cerebral hemorrhage,20,0.867458432304038,0.17018950685180437,queryseq,1,availability,T1ax+T2ax+FLAIRsag,3,-1
Gliosis,284,0.729774842828598,0.5831214153800708,queryseq,1,availability,T1ax+T2ax+FLAIRsag,3,-1
Cerebral atrophy,102,0.9332817337461301,0.6894871505176106,queryseq,1,availability,T1ax+T2ax+FLAIRsag,3,-1
Arachnoid cyst,43,0.6934151120197632,0.09694836747802359,queryseq,1,availability,T1ax+T2ax+FLAIRsag,3,-1
Empty sella syndrome,45,0.6137358901128791,0.09053079413735084,queryseq,1,availability,T1ax+T2ax+FLAIRsag,3,-1
Cyst of pineal gland,21,0.7295170148915691,0.05180381683516207,queryseq,1,availability,T1ax+T2ax+FLAIRsag,3,-1
Cerebral edema,43,0.8993667830877132,0.4813293716927357,queryseq,1,availability,T1ax+T2ax+FLAIRsag,3,-1
Mastoiditis,22,0.6807900432900433,0.05899828997390418,queryseq,1,availability,T1ax+T2ax+FLAIRsag,3,-1
Ventriculomegaly,64,0.8952263471177946,0.4174536725994392,queryseq,1,availability,T1ax+T2ax+FLAIRsag,3,-1
Cerebellar degeneration,39,0.8388634451817928,0.3422788698154137,queryseq,1,availability,T1ax+T2ax+FLAIRsag,3,-1
Mega cisterna magna,22,0.6242424242424243,0.036828760765274145,queryseq,1,availability,T1ax+T2ax+FLAIRsag,3,-1
Cerebral infarction,26,0.8451417004048583,0.3030526977139739,queryseq,1,availability,T1ax+T2ax+FLAIRax,3,-1
Cerebral hemorrhage,20,0.8634798099762471,0.16014712195454023,queryseq,1,availability,T1ax+T2ax+FLAIRax,3,-1
Gliosis,284,0.7259856718163654,0.5871001171001143,queryseq,1,availability,T1ax+T2ax+FLAIRax,3,-1
Cerebral atrophy,102,0.9361455108359134,0.696272545083815,queryseq,1,availability,T1ax+T2ax+FLAIRax,3,-1
Arachnoid cyst,43,0.7049152397989608,0.09692311883239008,queryseq,1,availability,T1ax+T2ax+FLAIRax,3,-1
Empty sella syndrome,45,0.604515163878689,0.09545282051578435,queryseq,1,availability,T1ax+T2ax+FLAIRax,3,-1
Cyst of pineal gland,21,0.7266859181246814,0.05155834275773859,queryseq,1,availability,T1ax+T2ax+FLAIRax,3,-1
Cerebral edema,43,0.9005025981770167,0.5305518274909314,queryseq,1,availability,T1ax+T2ax+FLAIRax,3,-1
Mastoiditis,22,0.6672077922077921,0.05995620244643688,queryseq,1,availability,T1ax+T2ax+FLAIRax,3,-1
Ventriculomegaly,64,0.896734022556391,0.4164148101917338,queryseq,1,availability,T1ax+T2ax+FLAIRax,3,-1
Cerebellar degeneration,39,0.8529457581705455,0.3391580801220458,queryseq,1,availability,T1ax+T2ax+FLAIRax,3,-1
Mega cisterna magna,22,0.6556277056277056,0.043360982997809445,queryseq,1,availability,T1ax+T2ax+FLAIRax,3,-1
Cerebral infarction,26,0.8427953625322047,0.28835659211488657,queryseq,1,availability,T2ax+FLAIRax+FLAIRsag+SWIax,4,-1
Cerebral hemorrhage,20,0.8719121140142518,0.15745350063983615,queryseq,1,availability,T2ax+FLAIRax+FLAIRsag+SWIax,4,-1
Gliosis,284,0.7273441688191432,0.5925356110200786,queryseq,1,availability,T2ax+FLAIRax+FLAIRsag+SWIax,4,-1
Cerebral atrophy,102,0.9388415892672859,0.7170781218358363,queryseq,1,availability,T2ax+FLAIRax+FLAIRsag+SWIax,4,-1
Arachnoid cyst,43,0.7039497969730528,0.09478927254473851,queryseq,1,availability,T2ax+FLAIRax+FLAIRsag+SWIax,4,-1
Empty sella syndrome,45,0.6043247654018767,0.07636169319321365,queryseq,1,availability,T2ax+FLAIRax+FLAIRsag+SWIax,4,-1
Cyst of pineal gland,21,0.7360285374554102,0.05355291830874687,queryseq,1,availability,T2ax+FLAIRax+FLAIRsag+SWIax,4,-1
Cerebral edema,43,0.9034273220319732,0.48668219993577033,queryseq,1,availability,T2ax+FLAIRax+FLAIRsag+SWIax,4,-1
Mastoiditis,22,0.6492965367965368,0.059143241122864884,queryseq,1,availability,T2ax+FLAIRax+FLAIRsag+SWIax,4,-1
Ventriculomegaly,64,0.896734022556391,0.42561720606299225,queryseq,1,availability,T2ax+FLAIRax+FLAIRsag+SWIax,4,-1
Cerebellar degeneration,39,0.8541608249992211,0.33933351993365235,queryseq,1,availability,T2ax+FLAIRax+FLAIRsag+SWIax,4,-1
Mega cisterna magna,22,0.6454004329004329,0.041756622995828746,queryseq,1,availability,T2ax+FLAIRax+FLAIRsag+SWIax,4,-1
Cerebral infarction,26,0.8373665807876335,0.31575166364281615,queryseq,1,availability,T1ax+FLAIRax+FLAIRsag+SWIax,4,-1
Cerebral hemorrhage,20,0.8737529691211401,0.1584572060417831,queryseq,1,availability,T1ax+FLAIRax+FLAIRsag+SWIax,4,-1
Gliosis,284,0.7198876650908913,0.5993729311319341,queryseq,1,availability,T1ax+FLAIRax+FLAIRsag+SWIax,4,-1
Cerebral atrophy,102,0.936906604747162,0.7191947067686537,queryseq,1,availability,T1ax+FLAIRax+FLAIRsag+SWIax,4,-1
Arachnoid cyst,43,0.6971065110599994,0.09048611654034716,queryseq,1,availability,T1ax+FLAIRax+FLAIRsag+SWIax,4,-1
Empty sella syndrome,45,0.5943152454780362,0.0721950704032138,queryseq,1,availability,T1ax+FLAIRax+FLAIRsag+SWIax,4,-1
Cyst of pineal gland,21,0.7410112677651322,0.0622704725439153,queryseq,1,availability,T1ax+FLAIRax+FLAIRsag+SWIax,4,-1
Cerebral edema,43,0.911264446148167,0.5317683898753772,queryseq,1,availability,T1ax+FLAIRax+FLAIRsag+SWIax,4,-1
Mastoiditis,22,0.6449675324675324,0.05607292986264589,queryseq,1,availability,T1ax+FLAIRax+FLAIRsag+SWIax,4,-1
Ventriculomegaly,64,0.8935032894736842,0.4155933276244909,queryseq,1,availability,T1ax+FLAIRax+FLAIRsag+SWIax,4,-1
Cerebellar degeneration,39,0.85509549179051,0.32193075580394886,queryseq,1,availability,T1ax+FLAIRax+FLAIRsag+SWIax,4,-1
Mega cisterna magna,22,0.6380411255411256,0.0434396080194653,queryseq,1,availability,T1ax+FLAIRax+FLAIRsag+SWIax,4,-1
Cerebral infarction,26,0.8503864556496135,0.2665306622000705,queryseq,1,availability,T1ax+T2ax+FLAIRsag+SWIax,4,-1
Cerebral hemorrhage,20,0.873040380047506,0.16411991741841983,queryseq,1,availability,T1ax+T2ax+FLAIRsag+SWIax,4,-1
Gliosis,284,0.7287239875237584,0.5903902957381258,queryseq,1,availability,T1ax+T2ax+FLAIRsag+SWIax,4,-1
Cerebral atrophy,102,0.9336300309597523,0.6835105506362281,queryseq,1,availability,T1ax+T2ax+FLAIRsag+SWIax,4,-1
Arachnoid cyst,43,0.6971916971916972,0.09058289020205998,queryseq,1,availability,T1ax+T2ax+FLAIRsag+SWIax,4,-1
Empty sella syndrome,45,0.5961648306813546,0.07517125737997818,queryseq,1,availability,T1ax+T2ax+FLAIRsag+SWIax,4,-1
Cyst of pineal gland,21,0.7479191438763376,0.057613280320908726,queryseq,1,availability,T1ax+T2ax+FLAIRsag+SWIax,4,-1
Cerebral edema,43,0.9011556918533662,0.48039632806387933,queryseq,1,availability,T1ax+T2ax+FLAIRsag+SWIax,4,-1
Mastoiditis,22,0.6496753246753247,0.059092247457544614,queryseq,1,availability,T1ax+T2ax+FLAIRsag+SWIax,4,-1
Ventriculomegaly,64,0.8936795112781954,0.4197486927077734,queryseq,1,availability,T1ax+T2ax+FLAIRsag+SWIax,4,-1
Cerebellar degeneration,39,0.8402654453687262,0.3420415429232714,queryseq,1,availability,T1ax+T2ax+FLAIRsag+SWIax,4,-1
Mega cisterna magna,22,0.6298160173160173,0.04080544605716085,queryseq,1,availability,T1ax+T2ax+FLAIRsag+SWIax,4,-1
Cerebral infarction,26,0.8443595877806405,0.3029822936495014,queryseq,1,availability,T1ax+T2ax+FLAIRax+SWIax,4,-1
Cerebral hemorrhage,20,0.8681710213776722,0.15634978235050376,queryseq,1,availability,T1ax+T2ax+FLAIRax+SWIax,4,-1
Gliosis,284,0.7259917637311759,0.5932681152384058,queryseq,1,availability,T1ax+T2ax+FLAIRax+SWIax,4,-1
Cerebral atrophy,102,0.9361197110423116,0.698141481418466,queryseq,1,availability,T1ax+T2ax+FLAIRax+SWIax,4,-1
Arachnoid cyst,43,0.703665843200727,0.09360153056963064,queryseq,1,availability,T1ax+T2ax+FLAIRax+SWIax,4,-1
Empty sella syndrome,45,0.5968176254589963,0.08118237827637287,queryseq,1,availability,T1ax+T2ax+FLAIRax+SWIax,4,-1
Cyst of pineal gland,21,0.7437291206613441,0.0572925990176642,queryseq,1,availability,T1ax+T2ax+FLAIRax+SWIax,4,-1
Cerebral edema,43,0.900559388931482,0.491275307107889,queryseq,1,availability,T1ax+T2ax+FLAIRax+SWIax,4,-1
Mastoiditis,22,0.6433982683982684,0.0618483804231698,queryseq,1,availability,T1ax+T2ax+FLAIRax+SWIax,4,-1
Ventriculomegaly,64,0.8970081453634086,0.4208913279952474,queryseq,1,availability,T1ax+T2ax+FLAIRax+SWIax,4,-1
Cerebellar degeneration,39,0.8535688693647382,0.3485707907166443,queryseq,1,availability,T1ax+T2ax+FLAIRax+SWIax,4,-1
Mega cisterna magna,22,0.651461038961039,0.04581337724217308,queryseq,1,availability,T1ax+T2ax+FLAIRax+SWIax,4,-1
Cerebral infarction,26,0.8456477732793521,0.29794660115138477,queryseq,1,availability,T1ax+T2ax+FLAIRax+FLAIRsag,4,-1
Cerebral hemorrhage,20,0.869833729216152,0.16715806425222263,queryseq,1,availability,T1ax+T2ax+FLAIRax+FLAIRsag,4,-1
Gliosis,284,0.7271735952044447,0.5875354832092994,queryseq,1,availability,T1ax+T2ax+FLAIRax+FLAIRsag,4,-1
Cerebral atrophy,102,0.939202786377709,0.7066975617135837,queryseq,1,availability,T1ax+T2ax+FLAIRax+FLAIRsag,4,-1
Arachnoid cyst,43,0.7037510293324247,0.09773238121516141,queryseq,1,availability,T1ax+T2ax+FLAIRax+FLAIRsag,4,-1
Empty sella syndrome,45,0.6088671290629675,0.07926440114867661,queryseq,1,availability,T1ax+T2ax+FLAIRax+FLAIRsag,4,-1
Cyst of pineal gland,21,0.7299699903742709,0.05274016808975911,queryseq,1,availability,T1ax+T2ax+FLAIRax+FLAIRsag,4,-1
Cerebral edema,43,0.9057841383422778,0.524372618361223,queryseq,1,availability,T1ax+T2ax+FLAIRax+FLAIRsag,4,-1
Mastoiditis,22,0.6777597402597402,0.059205564387819105,queryseq,1,availability,T1ax+T2ax+FLAIRax+FLAIRsag,4,-1
Ventriculomegaly,64,0.8972235275689223,0.4241695319744578,queryseq,1,availability,T1ax+T2ax+FLAIRax+FLAIRsag,4,-1
Cerebellar degeneration,39,0.8524472692151914,0.34061662262519954,queryseq,1,availability,T1ax+T2ax+FLAIRax+FLAIRsag,4,-1
Mega cisterna magna,22,0.6432900432900434,0.0399058600460812,queryseq,1,availability,T1ax+T2ax+FLAIRax+FLAIRsag,4,-1
Cerebral infarction,26,0.8453257269046742,0.3007430893013797,queryseq,1,availability,T1ax+T2ax+FLAIRax+FLAIRsag+SWIax,5,-1
Cerebral hemorrhage,20,0.8729216152019001,0.16252877391671317,queryseq,1,availability,T1ax+T2ax+FLAIRax+FLAIRsag+SWIax,5,-1
Gliosis,284,0.7276609483892977,0.5956623565639831,queryseq,1,availability,T1ax+T2ax+FLAIRax+FLAIRsag+SWIax,5,-1
Cerebral atrophy,102,0.9390350877192981,0.7094903724119251,queryseq,1,availability,T1ax+T2ax+FLAIRax+FLAIRsag+SWIax,5,-1
Arachnoid cyst,43,0.7020473066984695,0.0937701002643509,queryseq,1,availability,T1ax+T2ax+FLAIRax+FLAIRsag+SWIax,5,-1
Empty sella syndrome,45,0.6002719978240174,0.07543607837861943,queryseq,1,availability,T1ax+T2ax+FLAIRax+FLAIRsag+SWIax,5,-1
Cyst of pineal gland,21,0.7441254742087084,0.057519003755057495,queryseq,1,availability,T1ax+T2ax+FLAIRax+FLAIRsag+SWIax,5,-1
Cerebral edema,43,0.9055569753244171,0.4955314913354404,queryseq,1,availability,T1ax+T2ax+FLAIRax+FLAIRsag+SWIax,5,-1
Mastoiditis,22,0.6526515151515152,0.060122016981110415,queryseq,1,availability,T1ax+T2ax+FLAIRax+FLAIRsag+SWIax,5,-1
Ventriculomegaly,64,0.8972626879699248,0.42804974046852157,queryseq,1,availability,T1ax+T2ax+FLAIRax+FLAIRsag+SWIax,5,-1
Cerebellar degeneration,39,0.8529457581705455,0.3462505502599312,queryseq,1,availability,T1ax+T2ax+FLAIRax+FLAIRsag+SWIax,5,-1
Mega cisterna magna,22,0.6416125541125541,0.04163414426732803,queryseq,1,availability,T1ax+T2ax+FLAIRax+FLAIRsag+SWIax,5,-1
Cerebral infarction,26,0.8366764814133235,0.2120854398740182,queryseq,1,budget,allinputs,1,1
Cerebral hemorrhage,20,0.861163895486936,0.1726312151604607,queryseq,1,budget,allinputs,1,1
Gliosis,284,0.7205334080608218,0.5742712999176374,queryseq,1,budget,allinputs,1,1
Cerebral atrophy,102,0.9308178534571723,0.6921535890165315,queryseq,1,budget,allinputs,1,1
Arachnoid cyst,43,0.7079535451628475,0.10658229300226803,queryseq,1,budget,allinputs,1,1
Empty sella syndrome,45,0.5796273629810962,0.06688938955117935,queryseq,1,budget,allinputs,1,1
Cyst of pineal gland,21,0.7210237245909065,0.05164774140806278,queryseq,1,budget,allinputs,1,1
Cerebral edema,43,0.8818468353352074,0.4687964236019418,queryseq,1,budget,allinputs,1,1
Mastoiditis,22,0.6255411255411256,0.045681781234634816,queryseq,1,budget,allinputs,1,1
Ventriculomegaly,64,0.879640507518797,0.3821742315556733,queryseq,1,budget,allinputs,1,1
Cerebellar degeneration,39,0.8551889584696389,0.34793467564293173,queryseq,1,budget,allinputs,1,1
Mega cisterna magna,22,0.6477272727272727,0.0479435016889575,queryseq,1,budget,allinputs,1,1
Cerebral infarction,26,0.8440375414059624,0.3114645185377511,queryseq,1,budget,allinputs,2,2
Cerebral hemorrhage,20,0.8717933491686461,0.15595023850210146,queryseq,1,budget,allinputs,2,2
Gliosis,284,0.7266192309566744,0.5896165021546386,queryseq,1,budget,allinputs,2,2
Cerebral atrophy,102,0.9355263157894737,0.6982904826396382,queryseq,1,budget,allinputs,2,2
Arachnoid cyst,43,0.6918817616492036,0.0905600022817641,queryseq,1,budget,allinputs,2,2
Empty sella syndrome,45,0.6128654970760234,0.08174964338295068,queryseq,1,budget,allinputs,2,2
Cyst of pineal gland,21,0.7484287412943774,0.056189352633043976,queryseq,1,budget,allinputs,2,2
Cerebral edema,43,0.9045915324985092,0.49643393449567136,queryseq,1,budget,allinputs,2,2
Mastoiditis,22,0.6414502164502165,0.05883751804175477,queryseq,1,budget,allinputs,2,2
Ventriculomegaly,64,0.8956179511278197,0.42064154296119627,queryseq,1,budget,allinputs,2,2
Cerebellar degeneration,39,0.8536934916035767,0.33176495725397565,queryseq,1,budget,allinputs,2,2
Mega cisterna magna,22,0.6378246753246753,0.041310029752077954,queryseq,1,budget,allinputs,2,2
Cerebral infarction,26,0.8463378726536621,0.29407043114114484,queryseq,1,budget,allinputs,3,3
Cerebral hemorrhage,20,0.8711995249406175,0.1542392751035905,queryseq,1,budget,allinputs,3,3
Gliosis,284,0.7234879867439934,0.593632885900497,queryseq,1,budget,allinputs,3,3
Cerebral atrophy,102,0.9331785345717234,0.6951352476676194,queryseq,1,budget,allinputs,3,3
Arachnoid cyst,43,0.7068745208280093,0.09474253146357577,queryseq,1,budget,allinputs,3,3
Empty sella syndrome,45,0.6140078879368964,0.08034029299039173,queryseq,1,budget,allinputs,3,3
Cyst of pineal gland,21,0.7355755619727082,0.05384860216066691,queryseq,1,budget,allinputs,3,3
Cerebral edema,43,0.8975778743220604,0.4788665793795187,queryseq,1,budget,allinputs,3,3
Mastoiditis,22,0.6466450216450217,0.06466405508776661,queryseq,1,budget,allinputs,3,3
Ventriculomegaly,64,0.8927788220551378,0.41998367509545725,queryseq,1,budget,allinputs,3,3
Cerebellar degeneration,39,0.8492694021248092,0.33323219398961057,queryseq,1,budget,allinputs,3,3
Mega cisterna magna,22,0.6508116883116883,0.0422337775948726,queryseq,1,budget,allinputs,3,3
Cerebral infarction,26,0.8445896209054105,0.3235634923997208,queryseq,1,budget,allinputs,4,4
Cerebral hemorrhage,20,0.8709026128266033,0.1619953947942035,queryseq,1,budget,allinputs,4,4
Gliosis,284,0.7247855645986647,0.6003651403505113,queryseq,1,budget,allinputs,4,4
Cerebral atrophy,102,0.9370227038183694,0.6993778781445816,queryseq,1,budget,allinputs,4,4
Arachnoid cyst,43,0.6999176534060255,0.09125723370997975,queryseq,1,budget,allinputs,4,4
Empty sella syndrome,45,0.6103087175302597,0.08554989554717835,queryseq,1,budget,allinputs,4,4
Cyst of pineal gland,21,0.7366513787441255,0.05710115505868001,queryseq,1,budget,allinputs,4,4
Cerebral edema,43,0.9042791833489506,0.5067234771079605,queryseq,1,budget,allinputs,4,4
Mastoiditis,22,0.6577922077922078,0.05970941783797331,queryseq,1,budget,allinputs,4,4
Ventriculomegaly,64,0.8948151629072683,0.42531245738021817,queryseq,1,budget,allinputs,4,4
Cerebellar degeneration,39,0.8527899803719974,0.3512600656879644,queryseq,1,budget,allinputs,4,4
Mega cisterna magna,22,0.6541125541125541,0.043404522020563364,queryseq,1,budget,allinputs,4,4
Cerebral infarction,26,0.8424733161575266,0.29633486925288505,queryseq,1,budget,allinputs,5,5
Cerebral hemorrhage,20,0.8719121140142518,0.16354022899150486,queryseq,1,budget,allinputs,5,5
Gliosis,284,0.7269725620156929,0.5933577002471372,queryseq,1,budget,allinputs,5,5
Cerebral atrophy,102,0.9345975232198143,0.686715195077808,queryseq,1,budget,allinputs,5,5
Arachnoid cyst,43,0.6955731606894398,0.09116049185285598,queryseq,1,budget,allinputs,5,5
Empty sella syndrome,45,0.6112607099143207,0.08261218469685869,queryseq,1,budget,allinputs,5,5
Cyst of pineal gland,21,0.7414076213124964,0.056351604674545655,queryseq,1,budget,allinputs,5,5
Cerebral edema,43,0.9072323025811397,0.5064623825704317,queryseq,1,budget,allinputs,5,5
Mastoiditis,22,0.6657467532467533,0.06110732653219616,queryseq,1,budget,allinputs,5,5
Ventriculomegaly,64,0.8915061090225563,0.41128111684399127,queryseq,1,budget,allinputs,5,5
Cerebellar degeneration,39,0.8441287347727202,0.3183711530237548,queryseq,1,budget,allinputs,5,5
Mega cisterna magna,22,0.6232142857142857,0.037939534730632093,queryseq,1,budget,allinputs,5,5
Cerebral infarction,26,0.8214482885535517,0.17010530704033072,uniform,2,availability,SWIax,1,-1
Cerebral hemorrhage,20,0.8837292161520189,0.14955023213375263,uniform,2,availability,SWIax,1,-1
Gliosis,284,0.706253959744627,0.5530608941627275,uniform,2,availability,SWIax,1,-1
Cerebral atrophy,102,0.8546955624355006,0.45969570551831834,uniform,2,availability,SWIax,1,-1
Arachnoid cyst,43,0.6732259988073943,0.07532369357069933,uniform,2,availability,SWIax,1,-1
Empty sella syndrome,45,0.6358493132054943,0.10806703757497003,uniform,2,availability,SWIax,1,-1
Cyst of pineal gland,21,0.6938451956287865,0.04563583664121906,uniform,2,availability,SWIax,1,-1
Cerebral edema,43,0.8995371553511088,0.41496213239349894,uniform,2,availability,SWIax,1,-1
Mastoiditis,22,0.5979978354978355,0.05590532972491362,uniform,2,availability,SWIax,1,-1
Ventriculomegaly,64,0.8483513471177945,0.3569098863938331,uniform,2,availability,SWIax,1,-1
Cerebellar degeneration,39,0.7987039287160793,0.17815912951796417,uniform,2,availability,SWIax,1,-1
Mega cisterna magna,22,0.6539502164502164,0.042900502913847484,uniform,2,availability,SWIax,1,-1
Cerebral infarction,26,0.819193963930806,0.23414251955005916,uniform,2,availability,FLAIRsag,1,-1
Cerebral hemorrhage,20,0.8512470308788598,0.22911132371505313,uniform,2,availability,FLAIRsag,1,-1
Gliosis,284,0.7247490131098008,0.5658603951157379,uniform,2,availability,FLAIRsag,1,-1
Cerebral atrophy,102,0.9256449948400413,0.6792398332366355,uniform,2,availability,FLAIRsag,1,-1
Arachnoid cyst,43,0.7013658176448875,0.10433698760469733,uniform,2,availability,FLAIRsag,1,-1
Empty sella syndrome,45,0.620263837889297,0.07633368601505622,uniform,2,availability,FLAIRsag,1,-1
Cyst of pineal gland,21,0.7110016420361248,0.05183867562391144,uniform,2,availability,FLAIRsag,1,-1
Cerebral edema,43,0.8840900701365817,0.37189886205234046,uniform,2,availability,FLAIRsag,1,-1
Mastoiditis,22,0.6935606060606061,0.05572527393650491,uniform,2,availability,FLAIRsag,1,-1
Ventriculomegaly,64,0.8738643483709273,0.39627862477068054,uniform,2,availability,FLAIRsag,1,-1
Cerebellar degeneration,39,0.8152786864816026,0.28622915545962585,uniform,2,availability,FLAIRsag,1,-1
Mega cisterna magna,22,0.5291666666666667,0.0442659526304168,uniform,2,availability,FLAIRsag,1,-1
Cerebral infarction,26,0.8289473684210527,0.28898420856678714,uniform,2,availability,FLAIRax,1,-1
Cerebral hemorrhage,20,0.8748812351543943,0.18478384311503301,uniform,2,availability,FLAIRax,1,-1
Gliosis,284,0.7107497928748965,0.5816285408931561,uniform,2,availability,FLAIRax,1,-1
Cerebral atrophy,102,0.9356811145510836,0.705910122393017,uniform,2,availability,FLAIRax,1,-1
Arachnoid cyst,43,0.710111593832524,0.09542370646091458,uniform,2,availability,FLAIRax,1,-1
Empty sella syndrome,45,0.6184958520331837,0.07788646790636158,uniform,2,availability,FLAIRax,1,-1
Cyst of pineal gland,21,0.698488194326482,0.05507371139411053,uniform,2,availability,FLAIRax,1,-1
Cerebral edema,43,0.9129965641593548,0.5325405324357485,uniform,2,availability,FLAIRax,1,-1
Mastoiditis,22,0.6511363636363637,0.07377035738426028,uniform,2,availability,FLAIRax,1,-1
Ventriculomegaly,64,0.8931508458646618,0.4125912651743998,uniform,2,availability,FLAIRax,1,-1
Cerebellar degeneration,39,0.861077359254759,0.2924200738219965,uniform,2,availability,FLAIRax,1,-1
Mega cisterna magna,22,0.7180194805194805,0.0666067505054592,uniform,2,availability,FLAIRax,1,-1
Cerebral infarction,26,0.8436234817813766,0.24315278424184825,uniform,2,availability,T2ax,1,-1
Cerebral hemorrhage,20,0.8468527315914489,0.15088496745872895,uniform,2,availability,T2ax,1,-1
Gliosis,284,0.7264852088308397,0.5616894022289084,uniform,2,availability,T2ax,1,-1
Cerebral atrophy,102,0.9185113519091848,0.6559659583027199,uniform,2,availability,T2ax,1,-1
Arachnoid cyst,43,0.6986398614305591,0.10045775349524808,uniform,2,availability,T2ax,1,-1
Empty sella syndrome,45,0.6266285869713042,0.09397223014174588,uniform,2,availability,T2ax,1,-1
Cyst of pineal gland,21,0.6820678330785347,0.040473819120981754,uniform,2,availability,T2ax,1,-1
Cerebral edema,43,0.8700343584064515,0.3976323518382477,uniform,2,availability,T2ax,1,-1
Mastoiditis,22,0.6294372294372295,0.06060314358906641,uniform,2,availability,T2ax,1,-1
Ventriculomegaly,64,0.8905858395989975,0.4060958610254287,uniform,2,availability,T2ax,1,-1
Cerebellar degeneration,39,0.842134778951304,0.32164931543655717,uniform,2,availability,T2ax,1,-1
Mega cisterna magna,22,0.6478896103896105,0.04744356276241795,uniform,2,availability,T2ax,1,-1
Cerebral infarction,26,0.8421972764078027,0.24471382567362832,uniform,2,availability,T1ax,1,-1
Cerebral hemorrhage,20,0.8555225653206652,0.20089267924713708,uniform,2,availability,T1ax,1,-1
Gliosis,284,0.7123824260441541,0.5754672237818579,uniform,2,availability,T1ax,1,-1
Cerebral atrophy,102,0.9120098039215686,0.6533304479374726,uniform,2,availability,T1ax,1,-1
Arachnoid cyst,43,0.6821989380128916,0.0793913660435819,uniform,2,availability,T1ax,1,-1
Empty sella syndrome,45,0.6069631442948457,0.08228493214656805,uniform,2,availability,T1ax,1,-1
Cyst of pineal gland,21,0.7101523130060585,0.06881884582018913,uniform,2,availability,T1ax,1,-1
Cerebral edema,43,0.8863900956924212,0.47091614128304127,uniform,2,availability,T1ax,1,-1
Mastoiditis,22,0.6684523809523809,0.05260142936823174,uniform,2,availability,T1ax,1,-1
Ventriculomegaly,64,0.8871593045112781,0.36882695299293666,uniform,2,availability,T1ax,1,-1
Cerebellar degeneration,39,0.8194223759229835,0.3003273105608783,uniform,2,availability,T1ax,1,-1
Mega cisterna magna,22,0.6832792207792208,0.05259090264710015,uniform,2,availability,T1ax,1,-1
Cerebral infarction,26,0.83341001104159,0.279303084970142,uniform,2,availability,FLAIRsag+SWIax,2,-1
Cerebral hemorrhage,20,0.888479809976247,0.19047944273065714,uniform,2,availability,FLAIRsag+SWIax,2,-1
Gliosis,284,0.7255531458648082,0.5821488621254739,uniform,2,availability,FLAIRsag+SWIax,2,-1
Cerebral atrophy,102,0.9210268317853458,0.6402457632689135,uniform,2,availability,FLAIRsag+SWIax,2,-1
Arachnoid cyst,43,0.6954311838032767,0.08729237853736871,uniform,2,availability,FLAIRsag+SWIax,2,-1
Empty sella syndrome,45,0.647327621379029,0.08539756095249514,uniform,2,availability,FLAIRsag+SWIax,2,-1
Cyst of pineal gland,21,0.7338202819772379,0.05929162605170386,uniform,2,availability,FLAIRsag+SWIax,2,-1
Cerebral edema,43,0.9089928159695602,0.4395570030089511,uniform,2,availability,FLAIRsag+SWIax,2,-1
Mastoiditis,22,0.654978354978355,0.0524972179785987,uniform,2,availability,FLAIRsag+SWIax,2,-1
Ventriculomegaly,64,0.8750587406015038,0.40471209964899835,uniform,2,availability,FLAIRsag+SWIax,2,-1
Cerebellar degeneration,39,0.8281459326416799,0.270973364004216,uniform,2,availability,FLAIRsag+SWIax,2,-1
Mega cisterna magna,22,0.615530303030303,0.03843215474417316,uniform,2,availability,FLAIRsag+SWIax,2,-1
Cerebral infarction,26,0.8383787265366213,0.32649808127954577,uniform,2,availability,FLAIRax+SWIax,2,-1
Cerebral hemorrhage,20,0.8855700712589074,0.17031796307341002,uniform,2,availability,FLAIRax+SWIax,2,-1
Gliosis,284,0.7205699595496857,0.59280687774806,uniform,2,availability,FLAIRax+SWIax,2,-1
Cerebral atrophy,102,0.9232327141382869,0.6646211186707991,uniform,2,availability,FLAIRax+SWIax,2,-1
Arachnoid cyst,43,0.6911718772183888,0.08094713301285884,uniform,2,availability,FLAIRax+SWIax,2,-1
Empty sella syndrome,45,0.6354413164694682,0.08966244640315449,uniform,2,availability,FLAIRax+SWIax,2,-1
Cyst of pineal gland,21,0.726346186512655,0.06336456041062333,uniform,2,availability,FLAIRax+SWIax,2,-1
Cerebral edema,43,0.9190447795098958,0.5224383879325221,uniform,2,availability,FLAIRax+SWIax,2,-1
Mastoiditis,22,0.6273268398268398,0.06410427221245303,uniform,2,availability,FLAIRax+SWIax,2,-1
Ventriculomegaly,64,0.8871201441102757,0.4230300672519902,uniform,2,availability,FLAIRax+SWIax,2,-1
Cerebellar degeneration,39,0.8534754026856093,0.2676374061603967,uniform,2,availability,FLAIRax+SWIax,2,-1
Mega cisterna magna,22,0.7,0.050816666940970465,uniform,2,availability,FLAIRax+SWIax,2,-1
Cerebral infarction,26,0.8331799779168201,0.3062909625798338,uniform,2,availability,FLAIRax+FLAIRsag,2,-1
Cerebral hemorrhage,20,0.8744061757719715,0.2123437229634538,uniform,2,availability,FLAIRax+FLAIRsag,2,-1
Gliosis,284,0.7290316292216971,0.5880819515651694,uniform,2,availability,FLAIRax+FLAIRsag,2,-1
Cerebral atrophy,102,0.9460010319917441,0.7377055470635197,uniform,2,availability,FLAIRax+FLAIRsag,2,-1
Arachnoid cyst,43,0.7255870744242838,0.12005436554128862,uniform,2,availability,FLAIRax+FLAIRsag,2,-1
Empty sella syndrome,45,0.6309805521555827,0.07980711445898094,uniform,2,availability,FLAIRax+FLAIRsag,2,-1
Cyst of pineal gland,21,0.7082837891399127,0.05244992301966949,uniform,2,availability,FLAIRax+FLAIRsag,2,-1
Cerebral edema,43,0.9141039838714257,0.5149474090535546,uniform,2,availability,FLAIRax+FLAIRsag,2,-1
Mastoiditis,22,0.6757034632034632,0.0577958842562191,uniform,2,availability,FLAIRax+FLAIRsag,2,-1
Ventriculomegaly,64,0.8918193922305764,0.4264476208237521,uniform,2,availability,FLAIRax+FLAIRsag,2,-1
Cerebellar degeneration,39,0.8477116241393277,0.3022992962051365,uniform,2,availability,FLAIRax+FLAIRsag,2,-1
Mega cisterna magna,22,0.6671536796536797,0.047245872412646724,uniform,2,availability,FLAIRax+FLAIRsag,2,-1
Cerebral infarction,26,0.84781008465219,0.24217469854170268,uniform,2,availability,T2ax+SWIax,2,-1
Cerebral hemorrhage,20,0.8659144893111639,0.16314139952255094,uniform,2,availability,T2ax+SWIax,2,-1
Gliosis,284,0.7305485160095521,0.5737587901806703,uniform,2,availability,T2ax+SWIax,2,-1
Cerebral atrophy,102,0.9185758513931889,0.624455089848817,uniform,2,availability,T2ax+SWIax,2,-1
Arachnoid cyst,43,0.6906323650509697,0.09010182691447068,uniform,2,availability,T2ax+SWIax,2,-1
Empty sella syndrome,45,0.6414524683802529,0.10549434007198423,uniform,2,availability,T2ax+SWIax,2,-1
Cyst of pineal gland,21,0.7171168110526018,0.0489452244108692,uniform,2,availability,T2ax+SWIax,2,-1
Cerebral edema,43,0.8902234716188204,0.4520523117618431,uniform,2,availability,T2ax+SWIax,2,-1
Mastoiditis,22,0.6128246753246754,0.06009508584651771,uniform,2,availability,T2ax+SWIax,2,-1
Ventriculomegaly,64,0.887218045112782,0.41081801540329077,uniform,2,availability,T2ax+SWIax,2,-1
Cerebellar degeneration,39,0.8411689566003053,0.2958530363758709,uniform,2,availability,T2ax+SWIax,2,-1
Mega cisterna magna,22,0.6704545454545454,0.04522305459715635,uniform,2,availability,T2ax+SWIax,2,-1
Cerebral infarction,26,0.8436234817813766,0.30000693920891447,uniform,2,availability,T2ax+FLAIRsag,2,-1
Cerebral hemorrhage,20,0.868646080760095,0.19201244011831511,uniform,2,availability,T2ax+FLAIRsag,2,-1
Gliosis,284,0.7410753448023784,0.5754333170409925,uniform,2,availability,T2ax+FLAIRsag,2,-1
Cerebral atrophy,102,0.9360036119711042,0.6931454915229055,uniform,2,availability,T2ax+FLAIRsag,2,-1
Arachnoid cyst,43,0.7151091802254593,0.102500441897909,uniform,2,availability,T2ax+FLAIRsag,2,-1
Empty sella syndrome,45,0.6384332925336597,0.08476124922070219,uniform,2,availability,T2ax+FLAIRsag,2,-1
Cyst of pineal gland,21,0.6971858898137139,0.044842735778807714,uniform,2,availability,T2ax+FLAIRsag,2,-1
Cerebral edema,43,0.8939148706590567,0.4549208727022967,uniform,2,availability,T2ax+FLAIRsag,2,-1
Mastoiditis,22,0.6704004329004329,0.05563268416956697,uniform,2,availability,T2ax+FLAIRsag,2,-1
Ventriculomegaly,64,0.8936403508771931,0.43644203899624456,uniform,2,availability,T2ax+FLAIRsag,2,-1
Cerebellar degeneration,39,0.8382714895473098,0.3247492767024199,uniform,2,availability,T2ax+FLAIRsag,2,-1
Mega cisterna magna,22,0.632900432900433,0.03943078920422601,uniform,2,availability,T2ax+FLAIRsag,2,-1
Cerebral infarction,26,0.8432094221567906,0.31553155826855883,uniform,2,availability,T2ax+FLAIRax,2,-1
Cerebral hemorrhage,20,0.8711995249406175,0.1697842787775322,uniform,2,availability,T2ax+FLAIRax,2,-1
Gliosis,284,0.7281848530630147,0.5839990284706662,uniform,2,availability,T2ax+FLAIRax,2,-1
Cerebral atrophy,102,0.9370356037151704,0.7009282667515317,uniform,2,availability,T2ax+FLAIRax,2,-1
Arachnoid cyst,43,0.7076979867677542,0.10074237147320567,uniform,2,availability,T2ax+FLAIRax,2,-1
Empty sella syndrome,45,0.6194750441996464,0.08317422566447956,uniform,2,availability,T2ax+FLAIRax,2,-1
Cyst of pineal gland,21,0.7045467414076212,0.04944232129292894,uniform,2,availability,T2ax+FLAIRax,2,-1
Cerebral edema,43,0.9031717636368799,0.5009488013398905,uniform,2,availability,T2ax+FLAIRax,2,-1
Mastoiditis,22,0.6423160173160173,0.0657914126751992,uniform,2,availability,T2ax+FLAIRax,2,-1
Ventriculomegaly,64,0.9012570488721805,0.4367560400088215,uniform,2,availability,T2ax+FLAIRax,2,-1
Cerebellar degeneration,39,0.8578371810449574,0.3076928723744299,uniform,2,availability,T2ax+FLAIRax,2,-1
Mega cisterna magna,22,0.6913419913419914,0.09321450145220242,uniform,2,availability,T2ax+FLAIRax,2,-1
Cerebral infarction,26,0.847764078027236,0.2524499465359289,uniform,2,availability,T1ax+SWIax,2,-1
Cerebral hemorrhage,20,0.8735154394299287,0.1813437160681535,uniform,2,availability,T1ax+SWIax,2,-1
Gliosis,284,0.7210390369901069,0.5831783170693492,uniform,2,availability,T1ax+SWIax,2,-1
Cerebral atrophy,102,0.909545923632611,0.6181669807066665,uniform,2,availability,T1ax+SWIax,2,-1
Arachnoid cyst,43,0.6789618650083766,0.07585019843726672,uniform,2,availability,T1ax+SWIax,2,-1
Empty sella syndrome,45,0.6310077519379845,0.10140343819509695,uniform,2,availability,T1ax+SWIax,2,-1
Cyst of pineal gland,21,0.7253269916765755,0.06956003936335055,uniform,2,availability,T1ax+SWIax,2,-1
Cerebral edema,43,0.9003606212908538,0.4904041252704892,uniform,2,availability,T1ax+SWIax,2,-1
Mastoiditis,22,0.6353896103896104,0.056701059255395606,uniform,2,availability,T1ax+SWIax,2,-1
Ventriculomegaly,64,0.884515977443609,0.39050443387071765,uniform,2,availability,T1ax+SWIax,2,-1
Cerebellar degeneration,39,0.8321338442845125,0.2638854836661847,uniform,2,availability,T1ax+SWIax,2,-1
Mega cisterna magna,22,0.675,0.046797724655448326,uniform,2,availability,T1ax+SWIax,2,-1
Cerebral infarction,26,0.8423813029076187,0.28973016293794207,uniform,2,availability,T1ax+FLAIRsag,2,-1
Cerebral hemorrhage,20,0.8660332541567697,0.20826341556093123,uniform,2,availability,T1ax+FLAIRsag,2,-1
Gliosis,284,0.73310102831522,0.5886467567733892,uniform,2,availability,T1ax+FLAIRsag,2,-1
Cerebral atrophy,102,0.9399251805985552,0.7275703947921056,uniform,2,availability,T1ax+FLAIRsag,2,-1
Arachnoid cyst,43,0.7013374222676549,0.0925313348071345,uniform,2,availability,T1ax+FLAIRsag,2,-1
Empty sella syndrome,45,0.6365565075479397,0.07991314694289377,uniform,2,availability,T1ax+FLAIRsag,2,-1
Cyst of pineal gland,21,0.7176264084706415,0.05857027371606467,uniform,2,availability,T1ax+FLAIRsag,2,-1
Cerebral edema,43,0.9016952040207854,0.47060607342045147,uniform,2,availability,T1ax+FLAIRsag,2,-1
Mastoiditis,22,0.6970779220779221,0.05499213103910881,uniform,2,availability,T1ax+FLAIRsag,2,-1
Ventriculomegaly,64,0.8944431390977444,0.41651085029013996,uniform,2,availability,T1ax+FLAIRsag,2,-1
Cerebellar degeneration,39,0.8307941552169984,0.33904840059534247,uniform,2,availability,T1ax+FLAIRsag,2,-1
Mega cisterna magna,22,0.6293290043290043,0.04366206284848237,uniform,2,availability,T1ax+FLAIRsag,2,-1
Cerebral infarction,26,0.8413231505336769,0.31636041913355395,uniform,2,availability,T1ax+FLAIRax,2,-1
Cerebral hemorrhage,20,0.8745249406175771,0.1931618531728123,uniform,2,availability,T1ax+FLAIRax,2,-1
Gliosis,284,0.717688483844242,0.5902697316384276,uniform,2,availability,T1ax+FLAIRax,2,-1
Cerebral atrophy,102,0.9353328173374613,0.7098909803793342,uniform,2,availability,T1ax+FLAIRax,2,-1
Arachnoid cyst,43,0.6986966521850243,0.08543013150052736,uniform,2,availability,T1ax+FLAIRax,2,-1
Empty sella syndrome,45,0.6154766761865906,0.07975214744423265,uniform,2,availability,T1ax+FLAIRax,2,-1
Cyst of pineal gland,21,0.7077175697865352,0.06816067923365111,uniform,2,availability,T1ax+FLAIRax,2,-1
Cerebral edema,43,0.9121730982196099,0.5428329402448466,uniform,2,availability,T1ax+FLAIRax,2,-1
Mastoiditis,22,0.6635281385281385,0.062240008803615327,uniform,2,availability,T1ax+FLAIRax,2,-1
Ventriculomegaly,64,0.89922070802005,0.4335009901442488,uniform,2,availability,T1ax+FLAIRax,2,-1
Cerebellar degeneration,39,0.8510141134685485,0.3097274579622171,uniform,2,availability,T1ax+FLAIRax,2,-1
Mega cisterna magna,22,0.7088744588744589,0.05597813823495658,uniform,2,availability,T1ax+FLAIRax,2,-1
Cerebral infarction,26,0.854297018770703,0.28485606695142585,uniform,2,availability,T1ax+T2ax,2,-1
Cerebral hemorrhage,20,0.8609857482185274,0.19454759127833637,uniform,2,availability,T1ax+T2ax,2,-1
Gliosis,284,0.729774842828598,0.581649941746915,uniform,2,availability,T1ax+T2ax,2,-1
Cerebral atrophy,102,0.928482972136223,0.6892751363070753,uniform,2,availability,T1ax+T2ax,2,-1
Arachnoid cyst,43,0.6978447908680467,0.09162380279749137,uniform,2,availability,T1ax+T2ax,2,-1
Empty sella syndrome,45,0.6184686522507821,0.09052406557482495,uniform,2,availability,T1ax+T2ax,2,-1
Cyst of pineal gland,21,0.7045467414076213,0.05388191385369287,uniform,2,availability,T1ax+T2ax,2,-1
Cerebral edema,43,0.8908765652951699,0.4855596073976563,uniform,2,availability,T1ax+T2ax,2,-1
Mastoiditis,22,0.6489177489177489,0.06033087806195995,uniform,2,availability,T1ax+T2ax,2,-1
Ventriculomegaly,64,0.9003171992481203,0.4228007901192138,uniform,2,availability,T1ax+T2ax,2,-1
Cerebellar degeneration,39,0.8418855344736269,0.35176272963993255,uniform,2,availability,T1ax+T2ax,2,-1
Mega cisterna magna,22,0.6831709956709957,0.04910961697260205,uniform,2,availability,T1ax+T2ax,2,-1
Cerebral infarction,26,0.8385627530364372,0.3205041749265693,uniform,2,availability,FLAIRax+FLAIRsag+SWIax,3,-1
Cerebral hemorrhage,20,0.8853919239904988,0.18649461718004945,uniform,2,availability,FLAIRax+FLAIRsag+SWIax,3,-1
Gliosis,284,0.7293423168770408,0.5968064783733333,uniform,2,availability,FLAIRax+FLAIRsag+SWIax,3,-1
Cerebral atrophy,102,0.9376418988648091,0.7100385610792967,uniform,2,availability,FLAIRax+FLAIRsag+SWIax,3,-1
Arachnoid cyst,43,0.7090041741204531,0.0915609666008506,uniform,2,availability,FLAIRax+FLAIRsag+SWIax,3,-1
Empty sella syndrome,45,0.6427852577179383,0.08385974418106883,uniform,2,availability,FLAIRax+FLAIRsag+SWIax,3,-1
Cyst of pineal gland,21,0.7269124058660325,0.059437184848133026,uniform,2,availability,FLAIRax+FLAIRsag+SWIax,3,-1
Cerebral edema,43,0.9170571031036148,0.5009640346747058,uniform,2,availability,FLAIRax+FLAIRsag+SWIax,3,-1
Mastoiditis,22,0.653517316017316,0.05638019960711955,uniform,2,availability,FLAIRax+FLAIRsag+SWIax,3,-1
Ventriculomegaly,64,0.8895089285714285,0.43495273013555047,uniform,2,availability,FLAIRax+FLAIRsag+SWIax,3,-1
Cerebellar degeneration,39,0.8483658908932299,0.2916469726146311,uniform,2,availability,FLAIRax+FLAIRsag+SWIax,3,-1
Mega cisterna magna,22,0.6712121212121211,0.04600207737551481,uniform,2,availability,FLAIRax+FLAIRsag+SWIax,3,-1
Cerebral infarction,26,0.8453717335296282,0.27672798304427276,uniform,2,availability,T2ax+FLAIRsag+SWIax,3,-1
Cerebral hemorrhage,20,0.8779691211401426,0.17842733905100674,uniform,2,availability,T2ax+FLAIRsag+SWIax,3,-1
Gliosis,284,0.738023295482236,0.5837232828836902,uniform,2,availability,T2ax+FLAIRsag+SWIax,3,-1
Cerebral atrophy,102,0.9321981424148605,0.6747059729139392,uniform,2,availability,T2ax+FLAIRsag+SWIax,3,-1
Arachnoid cyst,43,0.7044609137632394,0.09002009381259399,uniform,2,availability,T2ax+FLAIRsag+SWIax,3,-1
Empty sella syndrome,45,0.6474636202910377,0.08865902525128848,uniform,2,availability,T2ax+FLAIRsag+SWIax,3,-1
Cyst of pineal gland,21,0.7182492497593568,0.052057642611975694,uniform,2,availability,T2ax+FLAIRsag+SWIax,3,-1
Cerebral edema,43,0.9009285288355056,0.4500225499162736,uniform,2,availability,T2ax+FLAIRsag+SWIax,3,-1
Mastoiditis,22,0.6515692640692641,0.05599789458864805,uniform,2,availability,T2ax+FLAIRsag+SWIax,3,-1
Ventriculomegaly,64,0.8903312969924813,0.43331966485721946,uniform,2,availability,T2ax+FLAIRsag+SWIax,3,-1
Cerebellar degeneration,39,0.8393930896968563,0.32675022538254583,uniform,2,availability,T2ax+FLAIRsag+SWIax,3,-1
Mega cisterna magna,22,0.6498376623376624,0.040974522019346926,uniform,2,availability,T2ax+FLAIRsag+SWIax,3,-1
Cerebral infarction,26,0.8443595877806404,0.3137911503667218,uniform,2,availability,T2ax+FLAIRax+SWIax,3,-1
Cerebral hemorrhage,20,0.876603325415677,0.16661763929134835,uniform,2,availability,T2ax+FLAIRax+SWIax,3,-1
Gliosis,284,0.7303779423948534,0.5896339949423717,uniform,2,availability,T2ax+FLAIRax+SWIax,3,-1
Cerebral atrophy,102,0.9331011351909184,0.6839240022007578,uniform,2,availability,T2ax+FLAIRax+SWIax,3,-1
Arachnoid cyst,43,0.6985546752988614,0.0869077875508333,uniform,2,availability,T2ax+FLAIRax+SWIax,3,-1
Empty sella syndrome,45,0.6347885216918264,0.09033477201242374,uniform,2,availability,T2ax+FLAIRax+SWIax,3,-1
Cyst of pineal gland,21,0.7197780420134761,0.05498507629314063,uniform,2,availability,T2ax+FLAIRax+SWIax,3,-1
Cerebral edema,43,0.9073174887128376,0.4916871581979947,uniform,2,availability,T2ax+FLAIRax+SWIax,3,-1
Mastoiditis,22,0.6300324675324674,0.06482117534730948,uniform,2,availability,T2ax+FLAIRax+SWIax,3,-1
Ventriculomegaly,64,0.8961466165413534,0.43797820942201476,uniform,2,availability,T2ax+FLAIRax+SWIax,3,-1
Cerebellar degeneration,39,0.8551266473502196,0.30216637087131404,uniform,2,availability,T2ax+FLAIRax+SWIax,3,-1
Mega cisterna magna,22,0.6912337662337663,0.04978421767561465,uniform,2,availability,T2ax+FLAIRax+SWIax,3,-1
Cerebral infarction,26,0.8425653294074347,0.3218978164559044,uniform,2,availability,T2ax+FLAIRax+FLAIRsag,3,-1
Cerebral hemorrhage,20,0.875771971496437,0.19041625612185123,uniform,2,availability,T2ax+FLAIRax+FLAIRsag,3,-1
Gliosis,284,0.7363784784833569,0.5871661441530774,uniform,2,availability,T2ax+FLAIRax+FLAIRsag,3,-1
Cerebral atrophy,102,0.9434210526315789,0.7180109665997192,uniform,2,availability,T2ax+FLAIRax+FLAIRsag,3,-1
Arachnoid cyst,43,0.7189993469063237,0.10848804883263818,uniform,2,availability,T2ax+FLAIRax+FLAIRsag,3,-1
Empty sella syndrome,45,0.6322317421460628,0.08316865410556878,uniform,2,availability,T2ax+FLAIRax+FLAIRsag,3,-1
Cyst of pineal gland,21,0.7068116188211313,0.05084212493351512,uniform,2,availability,T2ax+FLAIRax+FLAIRsag,3,-1
Cerebral edema,43,0.907970582389187,0.4970162972700108,uniform,2,availability,T2ax+FLAIRax+FLAIRsag,3,-1
Mastoiditis,22,0.6623376623376623,0.05825599498255428,uniform,2,availability,T2ax+FLAIRax+FLAIRsag,3,-1
Ventriculomegaly,64,0.8983983395989975,0.43992023167838784,uniform,2,availability,T2ax+FLAIRax+FLAIRsag,3,-1
Cerebellar degeneration,39,0.8500794466772597,0.32525522401303475,uniform,2,availability,T2ax+FLAIRax+FLAIRsag,3,-1
Mega cisterna magna,22,0.6760822510822511,0.04877452983522565,uniform,2,availability,T2ax+FLAIRax+FLAIRsag,3,-1
Cerebral infarction,26,0.84711998527788,0.2993001153099516,uniform,2,availability,T1ax+FLAIRsag+SWIax,3,-1
Cerebral hemorrhage,20,0.8812945368171022,0.18944145920834055,uniform,2,availability,T1ax+FLAIRsag+SWIax,3,-1
Gliosis,284,0.7312308104683464,0.591848252271692,uniform,2,availability,T1ax+FLAIRsag+SWIax,3,-1
Cerebral atrophy,102,0.931965944272446,0.6943870467046995,uniform,2,availability,T1ax+FLAIRsag+SWIax,3,-1
Arachnoid cyst,43,0.6936138796603913,0.08384498718100764,uniform,2,availability,T1ax+FLAIRsag+SWIax,3,-1
Empty sella syndrome,45,0.6441452468380252,0.08490733076909115,uniform,2,availability,T1ax+FLAIRsag+SWIax,3,-1
Cyst of pineal gland,21,0.727705112960761,0.06306397958552694,uniform,2,availability,T1ax+FLAIRsag+SWIax,3,-1
Cerebral edema,43,0.9090780021012579,0.4871072542865467,uniform,2,availability,T1ax+FLAIRsag+SWIax,3,-1
Mastoiditis,22,0.6662337662337662,0.05478175050283883,uniform,2,availability,T1ax+FLAIRsag+SWIax,3,-1
Ventriculomegaly,64,0.8896851503759399,0.41896764719047,uniform,2,availability,T1ax+FLAIRsag+SWIax,3,-1
Cerebellar degeneration,39,0.8356232669719912,0.3015519727724006,uniform,2,availability,T1ax+FLAIRsag+SWIax,3,-1
Mega cisterna magna,22,0.647077922077922,0.04216817115974695,uniform,2,availability,T1ax+FLAIRsag+SWIax,3,-1
Cerebral infarction,26,0.8450036805299963,0.3150262725560769,uniform,2,availability,T1ax+FLAIRax+SWIax,3,-1
Cerebral hemorrhage,20,0.8810570071258907,0.1840547635703627,uniform,2,availability,T1ax+FLAIRax+SWIax,3,-1
Gliosis,284,0.7233539646181588,0.5970859167613116,uniform,2,availability,T1ax+FLAIRax+SWIax,3,-1
Cerebral atrophy,102,0.9292956656346749,0.6885267292602146,uniform,2,availability,T1ax+FLAIRax+SWIax,3,-1
Arachnoid cyst,43,0.6929039952295766,0.08157352464617502,uniform,2,availability,T1ax+FLAIRax+SWIax,3,-1
Empty sella syndrome,45,0.6295933632530939,0.08768381667278811,uniform,2,availability,T1ax+FLAIRax+SWIax,3,-1
Cyst of pineal gland,21,0.7213068342675952,0.0651907091356739,uniform,2,availability,T1ax+FLAIRax+SWIax,3,-1
Cerebral edema,43,0.9146151006616123,0.5311736314686463,uniform,2,availability,T1ax+FLAIRax+SWIax,3,-1
Mastoiditis,22,0.643560606060606,0.06091121078402162,uniform,2,availability,T1ax+FLAIRax+SWIax,3,-1
Ventriculomegaly,64,0.8937578320802007,0.41738565142128237,uniform,2,availability,T1ax+FLAIRax+SWIax,3,-1
Cerebellar degeneration,39,0.851138735707387,0.2974078828120499,uniform,2,availability,T1ax+FLAIRax+SWIax,3,-1
Mega cisterna magna,22,0.6989718614718615,0.05036819510132881,uniform,2,availability,T1ax+FLAIRax+SWIax,3,-1
Cerebral infarction,26,0.8416912035333088,0.3235276977682876,uniform,2,availability,T1ax+FLAIRax+FLAIRsag,3,-1
Cerebral hemorrhage,20,0.8751781472684085,0.20534525235801393,uniform,2,availability,T1ax+FLAIRax+FLAIRsag,3,-1
Gliosis,284,0.7297687509137872,0.5942713019892155,uniform,2,availability,T1ax+FLAIRax+FLAIRsag,3,-1
Cerebral atrophy,102,0.9445433436532508,0.7369641695357837,uniform,2,availability,T1ax+FLAIRax+FLAIRsag,3,-1
Arachnoid cyst,43,0.711417781185223,0.09604629627157422,uniform,2,availability,T1ax+FLAIRax+FLAIRsag,3,-1
Empty sella syndrome,45,0.6307901536787706,0.08046017358300783,uniform,2,availability,T1ax+FLAIRax+FLAIRsag,3,-1
Cyst of pineal gland,21,0.7103221788120717,0.05655603946044993,uniform,2,availability,T1ax+FLAIRax+FLAIRsag,3,-1
Cerebral edema,43,0.912712610387029,0.524135827026519,uniform,2,availability,T1ax+FLAIRax+FLAIRsag,3,-1
Mastoiditis,22,0.6788419913419914,0.058138964508121276,uniform,2,availability,T1ax+FLAIRax+FLAIRsag,3,-1
Ventriculomegaly,64,0.8980654761904763,0.4373098044788079,uniform,2,availability,T1ax+FLAIRax+FLAIRsag,3,-1
Cerebellar degeneration,39,0.8468081129077485,0.3162596700547063,uniform,2,availability,T1ax+FLAIRax+FLAIRsag,3,-1
Mega cisterna magna,22,0.679978354978355,0.04858392496876294,uniform,2,availability,T1ax+FLAIRax+FLAIRsag,3,-1
Cerebral infarction,26,0.8538369525211631,0.2755175924005209,uniform,2,availability,T1ax+T2ax+SWIax,3,-1
Cerebral hemorrhage,20,0.8681116389548693,0.18562707099288564,uniform,2,availability,T1ax+T2ax+SWIax,3,-1
Gliosis,284,0.73181563429017,0.5847852193047384,uniform,2,availability,T1ax+T2ax+SWIax,3,-1
Cerebral atrophy,102,0.9261480908152735,0.6581149633984024,uniform,2,availability,T1ax+T2ax+SWIax,3,-1
Arachnoid cyst,43,0.6903484112786438,0.08107341349209042,uniform,2,availability,T1ax+T2ax+SWIax,3,-1
Empty sella syndrome,45,0.6337005303957568,0.09815158110232063,uniform,2,availability,T1ax+T2ax+SWIax,3,-1
Cyst of pineal gland,21,0.7155880187984824,0.057197182131888194,uniform,2,availability,T1ax+T2ax+SWIax,3,-1
Cerebral edema,43,0.8968679898912457,0.4877033895704036,uniform,2,availability,T1ax+T2ax+SWIax,3,-1
Mastoiditis,22,0.6323051948051948,0.06096275247668123,uniform,2,availability,T1ax+T2ax+SWIax,3,-1
Ventriculomegaly,64,0.8951480263157895,0.4243837525348857,uniform,2,availability,T1ax+T2ax+SWIax,3,-1
Cerebellar degeneration,39,0.8416674455556593,0.31739165819181453,uniform,2,availability,T1ax+T2ax+SWIax,3,-1
Mega cisterna magna,22,0.6789502164502165,0.0464290913227081,uniform,2,availability,T1ax+T2ax+SWIax,3,-1
Cerebral infarction,26,0.8514906146485094,0.31643761903479284,uniform,2,availability,T1ax+T2ax+FLAIRsag,3,-1
Cerebral hemorrhage,20,0.8697149643705463,0.20065073021741936,uniform,2,availability,T1ax+T2ax+FLAIRsag,3,-1
Gliosis,284,0.7399909839660801,0.5851750617109022,uniform,2,availability,T1ax+T2ax+FLAIRsag,3,-1
Cerebral atrophy,102,0.9392672858617132,0.708607354499382,uniform,2,availability,T1ax+T2ax+FLAIRsag,3,-1
Arachnoid cyst,43,0.7085498480847318,0.09308991287165631,uniform,2,availability,T1ax+T2ax+FLAIRsag,3,-1
Empty sella syndrome,45,0.6348157214742283,0.08367864350903634,uniform,2,availability,T1ax+T2ax+FLAIRsag,3,-1
Cyst of pineal gland,21,0.7092463620406546,0.0523493296662051,uniform,2,availability,T1ax+T2ax+FLAIRsag,3,-1
Cerebral edema,43,0.8993383877104809,0.48229028729430434,uniform,2,availability,T1ax+T2ax+FLAIRsag,3,-1
Mastoiditis,22,0.6742424242424242,0.05669658950218513,uniform,2,availability,T1ax+T2ax+FLAIRsag,3,-1
Ventriculomegaly,64,0.9004346804511278,0.44110645188447534,uniform,2,availability,T1ax+T2ax+FLAIRsag,3,-1
Cerebellar degeneration,39,0.840857401003209,0.3522378048470499,uniform,2,availability,T1ax+T2ax+FLAIRsag,3,-1
Mega cisterna magna,22,0.6590367965367965,0.04385493923328133,uniform,2,availability,T1ax+T2ax+FLAIRsag,3,-1
Cerebral infarction,26,0.847764078027236,0.33267298540198736,uniform,2,availability,T1ax+T2ax+FLAIRax,3,-1
Cerebral hemorrhage,20,0.871793349168646,0.19195987474538956,uniform,2,availability,T1ax+T2ax+FLAIRax,3,-1
Gliosis,284,0.7280508309371801,0.588233952515314,uniform,2,availability,T1ax+T2ax+FLAIRax,3,-1
Cerebral atrophy,102,0.9369969040247679,0.7070197789685126,uniform,2,availability,T1ax+T2ax+FLAIRax,3,-1
Arachnoid cyst,43,0.7032115171650055,0.09141551720973812,uniform,2,availability,T1ax+T2ax+FLAIRax,3,-1
Empty sella syndrome,45,0.6184142526859785,0.08319459989244489,uniform,2,availability,T1ax+T2ax+FLAIRax,3,-1
Cyst of pineal gland,21,0.704603363342959,0.055130341575252685,uniform,2,availability,T1ax+T2ax+FLAIRax,3,-1
Cerebral edema,43,0.9059545106056734,0.5281444493914527,uniform,2,availability,T1ax+T2ax+FLAIRax,3,-1
Mastoiditis,22,0.6524891774891775,0.06348652785743468,uniform,2,availability,T1ax+T2ax+FLAIRax,3,-1
Ventriculomegaly,64,0.9033521303258145,0.44598729038704416,uniform,2,availability,T1ax+T2ax+FLAIRax,3,-1
Cerebellar degeneration,39,0.8533819360064804,0.3289835157020048,uniform,2,availability,T1ax+T2ax+FLAIRax,3,-1
Mega cisterna magna,22,0.6985930735930737,0.05272806225847705,uniform,2,availability,T1ax+T2ax+FLAIRax,3,-1
Cerebral infarction,26,0.8442675745307324,0.309576120422786,uniform,2,availability,T2ax+FLAIRax+FLAIRsag+SWIax,4,-1
Cerebral hemorrhage,20,0.8824228028503562,0.1830335361359989,uniform,2,availability,T2ax+FLAIRax+FLAIRsag+SWIax,4,-1
Gliosis,284,0.7359094010429359,0.5928023096069783,uniform,2,availability,T2ax+FLAIRax+FLAIRsag+SWIax,4,-1
Cerebral atrophy,102,0.9394994840041281,0.7092598416142474,uniform,2,availability,T2ax+FLAIRax+FLAIRsag+SWIax,4,-1
Arachnoid cyst,43,0.708123917426243,0.09383800370248753,uniform,2,availability,T2ax+FLAIRax+FLAIRsag+SWIax,4,-1
Empty sella syndrome,45,0.640500475996192,0.08556303872947033,uniform,2,availability,T2ax+FLAIRax+FLAIRsag+SWIax,4,-1
Cyst of pineal gland,21,0.7177962742766547,0.05505699972386445,uniform,2,availability,T2ax+FLAIRax+FLAIRsag+SWIax,4,-1
Cerebral edema,43,0.9099014680410029,0.49333833869289406,uniform,2,availability,T2ax+FLAIRax+FLAIRsag+SWIax,4,-1
Mastoiditis,22,0.6495670995670996,0.05825008766067987,uniform,2,availability,T2ax+FLAIRax+FLAIRsag+SWIax,4,-1
Ventriculomegaly,64,0.8954025689223057,0.446170172816834,uniform,2,availability,T2ax+FLAIRax+FLAIRsag+SWIax,4,-1
Cerebellar degeneration,39,0.8505779356326136,0.3128573072915293,uniform,2,availability,T2ax+FLAIRax+FLAIRsag+SWIax,4,-1
Mega cisterna magna,22,0.6751623376623377,0.04608870506131743,uniform,2,availability,T2ax+FLAIRax+FLAIRsag+SWIax,4,-1
Cerebral infarction,26,0.8444516010305484,0.3156786244201103,uniform,2,availability,T1ax+FLAIRax+FLAIRsag+SWIax,4,-1
Cerebral hemorrhage,20,0.8818883610451307,0.19179934966334242,uniform,2,availability,T1ax+FLAIRax+FLAIRsag+SWIax,4,-1
Gliosis,284,0.7306520785613334,0.597948640764127,uniform,2,availability,T1ax+FLAIRax+FLAIRsag+SWIax,4,-1
Cerebral atrophy,102,0.938828689370485,0.7197822882530989,uniform,2,availability,T1ax+FLAIRax+FLAIRsag+SWIax,4,-1
Arachnoid cyst,43,0.703381889428401,0.08874172440982098,uniform,2,availability,T1ax+FLAIRax+FLAIRsag+SWIax,4,-1
Empty sella syndrome,45,0.6398204814361486,0.08527480309228155,uniform,2,availability,T1ax+FLAIRax+FLAIRsag+SWIax,4,-1
Cyst of pineal gland,21,0.7226091387803635,0.06125998867108189,uniform,2,availability,T1ax+FLAIRax+FLAIRsag+SWIax,4,-1
Cerebral edema,43,0.9156089388647528,0.5227185154499621,uniform,2,availability,T1ax+FLAIRax+FLAIRsag+SWIax,4,-1
Mastoiditis,22,0.6621212121212121,0.057954997680924915,uniform,2,availability,T1ax+FLAIRax+FLAIRsag+SWIax,4,-1
Ventriculomegaly,64,0.8946389411027569,0.4350849915853271,uniform,2,availability,T1ax+FLAIRax+FLAIRsag+SWIax,4,-1
Cerebellar degeneration,39,0.8484593575723588,0.3034166070786824,uniform,2,availability,T1ax+FLAIRax+FLAIRsag+SWIax,4,-1
Mega cisterna magna,22,0.6781385281385282,0.04662940073655508,uniform,2,availability,T1ax+FLAIRax+FLAIRsag+SWIax,4,-1
Cerebral infarction,26,0.8513525947736473,0.3048832319396535,uniform,2,availability,T1ax+T2ax+FLAIRsag+SWIax,4,-1
Cerebral hemorrhage,20,0.8776722090261282,0.19236934546538217,uniform,2,availability,T1ax+T2ax+FLAIRsag+SWIax,4,-1
Gliosis,284,0.7380781227155319,0.589781995742516,uniform,2,availability,T1ax+T2ax+FLAIRsag+SWIax,4,-1
Cerebral atrophy,102,0.9359778121775026,0.6953746652410024,uniform,2,availability,T1ax+T2ax+FLAIRsag+SWIax,4,-1
Arachnoid cyst,43,0.700088025669421,0.08621081410427596,uniform,2,availability,T1ax+T2ax+FLAIRsag+SWIax,4,-1
Empty sella syndrome,45,0.64156126750986,0.08676560209448779,uniform,2,availability,T1ax+T2ax+FLAIRsag+SWIax,4,-1
Cyst of pineal gland,21,0.7170035671819263,0.056004379665994274,uniform,2,availability,T1ax+T2ax+FLAIRsag+SWIax,4,-1
Cerebral edema,43,0.9043927648578811,0.48920732285802276,uniform,2,availability,T1ax+T2ax+FLAIRsag+SWIax,4,-1
Mastoiditis,22,0.6571428571428571,0.057478163563870276,uniform,2,availability,T1ax+T2ax+FLAIRsag+SWIax,4,-1
Ventriculomegaly,64,0.895970394736842,0.4434227158404236,uniform,2,availability,T1ax+T2ax+FLAIRsag+SWIax,4,-1
Cerebellar degeneration,39,0.8414493566376919,0.33635179036560603,uniform,2,availability,T1ax+T2ax+FLAIRsag+SWIax,4,-1
Mega cisterna magna,22,0.6636904761904763,0.04341387859341623,uniform,2,availability,T1ax+T2ax+FLAIRsag+SWIax,4,-1
Cerebral infarction,26,0.8501104158998896,0.3260784137506917,uniform,2,availability,T1ax+T2ax+FLAIRax+SWIax,4,-1
Cerebral hemorrhage,20,0.8772565320665083,0.1821683348701449,uniform,2,availability,T1ax+T2ax+FLAIRax+SWIax,4,-1
Gliosis,284,0.7304266777133388,0.5931054145727452,uniform,2,availability,T1ax+T2ax+FLAIRax+SWIax,4,-1
Cerebral atrophy,102,0.9347394220846234,0.6943965304286908,uniform,2,availability,T1ax+T2ax+FLAIRax+SWIax,4,-1
Arachnoid cyst,43,0.6958855098389981,0.08345543802651059,uniform,2,availability,T1ax+T2ax+FLAIRax+SWIax,4,-1
Empty sella syndrome,45,0.6288861689106486,0.09217515014586078,uniform,2,availability,T1ax+T2ax+FLAIRax+SWIax,4,-1
Cyst of pineal gland,21,0.7142290923503766,0.058240927030816805,uniform,2,availability,T1ax+T2ax+FLAIRax+SWIax,4,-1
Cerebral edema,43,0.9089076298378624,0.5154979134267328,uniform,2,availability,T1ax+T2ax+FLAIRax+SWIax,4,-1
Mastoiditis,22,0.6390692640692641,0.0638338662449076,uniform,2,availability,T1ax+T2ax+FLAIRax+SWIax,4,-1
Ventriculomegaly,64,0.8990836466165413,0.44047756135616073,uniform,2,availability,T1ax+T2ax+FLAIRax+SWIax,4,-1
Cerebellar degeneration,39,0.8532573137676418,0.32293210147985696,uniform,2,availability,T1ax+T2ax+FLAIRax+SWIax,4,-1
Mega cisterna magna,22,0.6938852813852814,0.04992335379274732,uniform,2,availability,T1ax+T2ax+FLAIRax+SWIax,4,-1
Cerebral infarction,26,0.8497883695252116,0.3389568827297303,uniform,2,availability,T1ax+T2ax+FLAIRax+FLAIRsag,4,-1
Cerebral hemorrhage,20,0.8751187648456057,0.194179636398989,uniform,2,availability,T1ax+T2ax+FLAIRax+FLAIRsag,4,-1
Gliosis,284,0.7350626248842537,0.5894708486100755,uniform,2,availability,T1ax+T2ax+FLAIRax+FLAIRsag,4,-1
Cerebral atrophy,102,0.9433436532507741,0.7197078010213106,uniform,2,availability,T1ax+T2ax+FLAIRax+FLAIRsag,4,-1
Arachnoid cyst,43,0.7123548286338984,0.0968162389272265,uniform,2,availability,T1ax+T2ax+FLAIRax+FLAIRsag,4,-1
Empty sella syndrome,45,0.6307629538963688,0.08247746389533057,uniform,2,availability,T1ax+T2ax+FLAIRax+FLAIRsag,4,-1
Cyst of pineal gland,21,0.7089632523639658,0.054458470360325306,uniform,2,availability,T1ax+T2ax+FLAIRax+FLAIRsag,4,-1
Cerebral edema,43,0.9091063974784904,0.5202480461909823,uniform,2,availability,T1ax+T2ax+FLAIRax+FLAIRsag,4,-1
Mastoiditis,22,0.6676406926406926,0.05887771717793088,uniform,2,availability,T1ax+T2ax+FLAIRax+FLAIRsag,4,-1
Ventriculomegaly,64,0.9013353696741855,0.45145383320489474,uniform,2,availability,T1ax+T2ax+FLAIRax+FLAIRsag,4,-1
Cerebellar degeneration,39,0.8489266909680032,0.3263299739401792,uniform,2,availability,T1ax+T2ax+FLAIRax+FLAIRsag,4,-1
Mega cisterna magna,22,0.6841450216450217,0.04890881894034199,uniform,2,availability,T1ax+T2ax+FLAIRax+FLAIRsag,4,-1
Cerebral infarction,26,0.8498343761501657,0.3324247833754385,uniform,2,availability,T1ax+T2ax+FLAIRax+FLAIRsag+SWIax,5,-1
Cerebral hemorrhage,20,0.8810570071258907,0.18780896907276562,uniform,2,availability,T1ax+T2ax+FLAIRax+FLAIRsag+SWIax,5,-1
Gliosis,284,0.7353063014766801,0.5936417711564288,uniform,2,availability,T1ax+T2ax+FLAIRax+FLAIRsag+SWIax,5,-1
Cerebral atrophy,102,0.9401186790505676,0.7125809699196065,uniform,2,availability,T1ax+T2ax+FLAIRax+FLAIRsag+SWIax,5,-1
Arachnoid cyst,43,0.7053411704574495,0.08870302665101648,uniform,2,availability,T1ax+T2ax+FLAIRax+FLAIRsag+SWIax,5,-1
Empty sella syndrome,45,0.63734530123759,0.08567112070888865,uniform,2,availability,T1ax+T2ax+FLAIRax+FLAIRsag+SWIax,5,-1
Cyst of pineal gland,21,0.7148519336390917,0.05732109109719055,uniform,2,availability,T1ax+T2ax+FLAIRax+FLAIRsag+SWIax,5,-1
Cerebral edema,43,0.9108101201124457,0.5159456582778763,uniform,2,availability,T1ax+T2ax+FLAIRax+FLAIRsag+SWIax,5,-1
Mastoiditis,22,0.6550324675324676,0.058324490443129456,uniform,2,availability,T1ax+T2ax+FLAIRax+FLAIRsag+SWIax,5,-1
Ventriculomegaly,64,0.8982221177944861,0.4476085903954541,uniform,2,availability,T1ax+T2ax+FLAIRax+FLAIRsag+SWIax,5,-1
Cerebellar degeneration,39,0.8488332242888744,0.314168015317423,uniform,2,availability,T1ax+T2ax+FLAIRax+FLAIRsag+SWIax,5,-1
Mega cisterna magna,22,0.6806818181818182,0.047072905311939306,uniform,2,availability,T1ax+T2ax+FLAIRax+FLAIRsag+SWIax,5,-1
Cerebral infarction,26,0.8421972764078027,0.24471382567362832,uniform,2,budget,allinputs,1,1
Cerebral hemorrhage,20,0.8555225653206652,0.20089267924713708,uniform,2,budget,allinputs,1,1
Gliosis,284,0.7123824260441541,0.5754672237818579,uniform,2,budget,allinputs,1,1
Cerebral atrophy,102,0.9120098039215686,0.6533304479374726,uniform,2,budget,allinputs,1,1
Arachnoid cyst,43,0.6821989380128916,0.0793913660435819,uniform,2,budget,allinputs,1,1
Empty sella syndrome,45,0.6069631442948457,0.08228493214656805,uniform,2,budget,allinputs,1,1
Cyst of pineal gland,21,0.7101523130060585,0.06881884582018913,uniform,2,budget,allinputs,1,1
Cerebral edema,43,0.8863900956924212,0.47091614128304127,uniform,2,budget,allinputs,1,1
Mastoiditis,22,0.6684523809523809,0.05260142936823174,uniform,2,budget,allinputs,1,1
Ventriculomegaly,64,0.8871593045112781,0.36882695299293666,uniform,2,budget,allinputs,1,1
Cerebellar degeneration,39,0.8194223759229835,0.3003273105608783,uniform,2,budget,allinputs,1,1
Mega cisterna magna,22,0.6832792207792208,0.05259090264710015,uniform,2,budget,allinputs,1,1
Cerebral infarction,26,0.854297018770703,0.28485606695142585,uniform,2,budget,allinputs,2,2
Cerebral hemorrhage,20,0.8609857482185274,0.19454759127833637,uniform,2,budget,allinputs,2,2
Gliosis,284,0.729774842828598,0.581649941746915,uniform,2,budget,allinputs,2,2
Cerebral atrophy,102,0.928482972136223,0.6892751363070753,uniform,2,budget,allinputs,2,2
Arachnoid cyst,43,0.6978447908680467,0.09162380279749137,uniform,2,budget,allinputs,2,2
Empty sella syndrome,45,0.6184686522507821,0.09052406557482495,uniform,2,budget,allinputs,2,2
Cyst of pineal gland,21,0.7045467414076213,0.05388191385369287,uniform,2,budget,allinputs,2,2
Cerebral edema,43,0.8908765652951699,0.4855596073976563,uniform,2,budget,allinputs,2,2
Mastoiditis,22,0.6489177489177489,0.06033087806195995,uniform,2,budget,allinputs,2,2
Ventriculomegaly,64,0.9003171992481203,0.4228007901192138,uniform,2,budget,allinputs,2,2
Cerebellar degeneration,39,0.8418855344736269,0.35176272963993255,uniform,2,budget,allinputs,2,2
Mega cisterna magna,22,0.6831709956709957,0.04910961697260205,uniform,2,budget,allinputs,2,2
Cerebral infarction,26,0.847764078027236,0.33267298540198736,uniform,2,budget,allinputs,3,3
Cerebral hemorrhage,20,0.871793349168646,0.19195987474538956,uniform,2,budget,allinputs,3,3
Gliosis,284,0.7280508309371801,0.588233952515314,uniform,2,budget,allinputs,3,3
Cerebral atrophy,102,0.9369969040247679,0.7070197789685126,uniform,2,budget,allinputs,3,3
Arachnoid cyst,43,0.7032115171650055,0.09141551720973812,uniform,2,budget,allinputs,3,3
Empty sella syndrome,45,0.6184142526859785,0.08319459989244489,uniform,2,budget,allinputs,3,3
Cyst of pineal gland,21,0.704603363342959,0.055130341575252685,uniform,2,budget,allinputs,3,3
Cerebral edema,43,0.9059545106056734,0.5281444493914527,uniform,2,budget,allinputs,3,3
Mastoiditis,22,0.6524891774891775,0.06348652785743468,uniform,2,budget,allinputs,3,3
Ventriculomegaly,64,0.9033521303258145,0.44598729038704416,uniform,2,budget,allinputs,3,3
Cerebellar degeneration,39,0.8533819360064804,0.3289835157020048,uniform,2,budget,allinputs,3,3
Mega cisterna magna,22,0.6985930735930737,0.05272806225847705,uniform,2,budget,allinputs,3,3
Cerebral infarction,26,0.8497883695252116,0.3389568827297303,uniform,2,budget,allinputs,4,4
Cerebral hemorrhage,20,0.8751187648456057,0.194179636398989,uniform,2,budget,allinputs,4,4
Gliosis,284,0.7350626248842537,0.5894708486100755,uniform,2,budget,allinputs,4,4
Cerebral atrophy,102,0.9433436532507741,0.7197078010213106,uniform,2,budget,allinputs,4,4
Arachnoid cyst,43,0.7123548286338984,0.0968162389272265,uniform,2,budget,allinputs,4,4
Empty sella syndrome,45,0.6307629538963688,0.08247746389533057,uniform,2,budget,allinputs,4,4
Cyst of pineal gland,21,0.7089632523639658,0.054458470360325306,uniform,2,budget,allinputs,4,4
Cerebral edema,43,0.9091063974784904,0.5202480461909823,uniform,2,budget,allinputs,4,4
Mastoiditis,22,0.6676406926406926,0.05887771717793088,uniform,2,budget,allinputs,4,4
Ventriculomegaly,64,0.9013353696741855,0.45145383320489474,uniform,2,budget,allinputs,4,4
Cerebellar degeneration,39,0.8489266909680032,0.3263299739401792,uniform,2,budget,allinputs,4,4
Mega cisterna magna,22,0.6841450216450217,0.04890881894034199,uniform,2,budget,allinputs,4,4
Cerebral infarction,26,0.8498343761501657,0.3324247833754385,uniform,2,budget,allinputs,5,5
Cerebral hemorrhage,20,0.8810570071258907,0.18780896907276562,uniform,2,budget,allinputs,5,5
Gliosis,284,0.7353063014766801,0.5936417711564288,uniform,2,budget,allinputs,5,5
Cerebral atrophy,102,0.9401186790505676,0.7125809699196065,uniform,2,budget,allinputs,5,5
Arachnoid cyst,43,0.7053411704574495,0.08870302665101648,uniform,2,budget,allinputs,5,5
Empty sella syndrome,45,0.63734530123759,0.08567112070888865,uniform,2,budget,allinputs,5,5
Cyst of pineal gland,21,0.7148519336390917,0.05732109109719055,uniform,2,budget,allinputs,5,5
Cerebral edema,43,0.9108101201124457,0.5159456582778763,uniform,2,budget,allinputs,5,5
Mastoiditis,22,0.6550324675324676,0.058324490443129456,uniform,2,budget,allinputs,5,5
Ventriculomegaly,64,0.8982221177944861,0.4476085903954541,uniform,2,budget,allinputs,5,5
Cerebellar degeneration,39,0.8488332242888744,0.314168015317423,uniform,2,budget,allinputs,5,5
Mega cisterna magna,22,0.6806818181818182,0.047072905311939306,uniform,2,budget,allinputs,5,5
Cerebral infarction,26,0.820298122929702,0.17542844077395614,finding,2,availability,SWIax,1,-1
Cerebral hemorrhage,20,0.8888361045130642,0.15220836105576271,finding,2,availability,SWIax,1,-1
Gliosis,284,0.7061869486817096,0.5430732260388056,finding,2,availability,SWIax,1,-1
Cerebral atrophy,102,0.8603070175438597,0.4682244809746407,finding,2,availability,SWIax,1,-1
Arachnoid cyst,43,0.6568986568986569,0.0705372051736772,finding,2,availability,SWIax,1,-1
Empty sella syndrome,45,0.6314973480212159,0.11117933480774209,finding,2,availability,SWIax,1,-1
Cyst of pineal gland,21,0.7252137478059,0.0570671003354103,finding,2,availability,SWIax,1,-1
Cerebral edema,43,0.9037964619359968,0.44884601432543314,finding,2,availability,SWIax,1,-1
Mastoiditis,22,0.6187770562770563,0.05974221027956399,finding,2,availability,SWIax,1,-1
Ventriculomegaly,64,0.8442395050125313,0.3524286587442414,finding,2,availability,SWIax,1,-1
Cerebellar degeneration,39,0.801352151291398,0.1691869205186448,finding,2,availability,SWIax,1,-1
Mega cisterna magna,22,0.6606060606060606,0.04308191726775909,finding,2,availability,SWIax,1,-1
Cerebral infarction,26,0.81877990430622,0.24467199716447446,finding,2,availability,FLAIRsag,1,-1
Cerebral hemorrhage,20,0.8568883610451307,0.23665266729416432,finding,2,availability,FLAIRsag,1,-1
Gliosis,284,0.7255105024611336,0.5661374694753117,finding,2,availability,FLAIRsag,1,-1
Cerebral atrophy,102,0.9272316821465428,0.6959844141583524,finding,2,availability,FLAIRsag,1,-1
Arachnoid cyst,43,0.6881619672317346,0.11010320106486389,finding,2,availability,FLAIRsag,1,-1
Empty sella syndrome,45,0.6137630898952808,0.07285892658647583,finding,2,availability,FLAIRsag,1,-1
Cyst of pineal gland,21,0.7001302304512769,0.05141633056832963,finding,2,availability,FLAIRsag,1,-1
Cerebral edema,43,0.8951642672572906,0.41467821488739265,finding,2,availability,FLAIRsag,1,-1
Mastoiditis,22,0.7052489177489177,0.060124747299060866,finding,2,availability,FLAIRsag,1,-1
Ventriculomegaly,64,0.8759594298245613,0.41661573115606537,finding,2,availability,FLAIRsag,1,-1
Cerebellar degeneration,39,0.8243449543571051,0.2853011943747134,finding,2,availability,FLAIRsag,1,-1
Mega cisterna magna,22,0.5137445887445888,0.034798776120396654,finding,2,availability,FLAIRsag,1,-1
Cerebral infarction,26,0.8285793154214206,0.2842085775706857,finding,2,availability,FLAIRax,1,-1
Cerebral hemorrhage,20,0.8819477434679335,0.18384800834546985,finding,2,availability,FLAIRax,1,-1
Gliosis,284,0.7142526438910278,0.5846042067894497,finding,2,availability,FLAIRax,1,-1
Cerebral atrophy,102,0.94015737874097,0.7186457616764261,finding,2,availability,FLAIRax,1,-1
Arachnoid cyst,43,0.7167561121049493,0.10074726910374492,finding,2,availability,FLAIRax,1,-1
Empty sella syndrome,45,0.6215422276621788,0.0773280767274479,finding,2,availability,FLAIRax,1,-1
Cyst of pineal gland,21,0.6962799388483099,0.056585971044246744,finding,2,availability,FLAIRax,1,-1
Cerebral edema,43,0.9192719425277563,0.5430617790634666,finding,2,availability,FLAIRax,1,-1
Mastoiditis,22,0.6601731601731601,0.08340553931481362,finding,2,availability,FLAIRax,1,-1
Ventriculomegaly,64,0.894736842105263,0.4291236782061989,finding,2,availability,FLAIRax,1,-1
Cerebellar degeneration,39,0.8700501604511325,0.28074854311604885,finding,2,availability,FLAIRax,1,-1
Mega cisterna magna,22,0.7128787878787879,0.061995562599276056,finding,2,availability,FLAIRax,1,-1
Cerebral infarction,26,0.8418752300331247,0.2463478140419046,finding,2,availability,T2ax,1,-1
Cerebral hemorrhage,20,0.8508313539192399,0.14963588962948854,finding,2,availability,T2ax,1,-1
Gliosis,284,0.7254252156537843,0.555928562679755,finding,2,availability,T2ax,1,-1
Cerebral atrophy,102,0.9176470588235294,0.6560726852409492,finding,2,availability,T2ax,1,-1
Arachnoid cyst,43,0.699605304256467,0.10405013423483528,finding,2,availability,T2ax,1,-1
Empty sella syndrome,45,0.6228478172174623,0.08992200131395182,finding,2,availability,T2ax,1,-1
Cyst of pineal gland,21,0.6916935620859521,0.044924309414727935,finding,2,availability,T2ax,1,-1
Cerebral edema,43,0.8797739727972287,0.42340255954939315,finding,2,availability,T2ax,1,-1
Mastoiditis,22,0.6490259740259741,0.06097347296224963,finding,2,availability,T2ax,1,-1
Ventriculomegaly,64,0.8903704573934837,0.4112462609071898,finding,2,availability,T2ax,1,-1
Cerebellar degeneration,39,0.8402342898090165,0.326428087135418,finding,2,availability,T2ax,1,-1
Mega cisterna magna,22,0.6488636363636364,0.04260836432880163,finding,2,availability,T2ax,1,-1
Cerebral infarction,26,0.8412771439087229,0.2865785304495985,finding,2,availability,T1ax,1,-1
Cerebral hemorrhage,20,0.8587292161520189,0.19937173298546945,finding,2,availability,T1ax,1,-1
Gliosis,284,0.7164518251376772,0.5769763270535803,finding,2,availability,T1ax,1,-1
Cerebral atrophy,102,0.9178921568627452,0.6752675885258411,finding,2,availability,T1ax,1,-1
Arachnoid cyst,43,0.6610443819746145,0.07193081180653077,finding,2,availability,T1ax,1,-1
Empty sella syndrome,45,0.6138990888072896,0.0902407361867115,finding,2,availability,T1ax,1,-1
Cyst of pineal gland,21,0.7087933865579524,0.06756292432274398,finding,2,availability,T1ax,1,-1
Cerebral edema,43,0.8906494022773093,0.4888704372534785,finding,2,availability,T1ax,1,-1
Mastoiditis,22,0.6820887445887447,0.056001118953432266,finding,2,availability,T1ax,1,-1
Ventriculomegaly,64,0.8892739661654134,0.3877687978502661,finding,2,availability,T1ax,1,-1
Cerebellar degeneration,39,0.8245318877153629,0.307559275600736,finding,2,availability,T1ax,1,-1
Mega cisterna magna,22,0.676461038961039,0.04940320464560835,finding,2,availability,T1ax,1,-1
Cerebral infarction,26,0.8334100110415898,0.29091967644176914,finding,2,availability,FLAIRsag+SWIax,2,-1
Cerebral hemorrhage,20,0.8977434679334917,0.1970413654523331,finding,2,availability,FLAIRsag+SWIax,2,-1
Gliosis,284,0.7271857790340659,0.5739313585877959,finding,2,availability,FLAIRsag+SWIax,2,-1
Cerebral atrophy,102,0.9243550051599587,0.6646538620039548,finding,2,availability,FLAIRsag+SWIax,2,-1
Arachnoid cyst,43,0.6868273845018031,0.07958785365684226,finding,2,availability,FLAIRsag+SWIax,2,-1
Empty sella syndrome,45,0.6395212838297293,0.08222204327847318,finding,2,availability,FLAIRsag+SWIax,2,-1
Cyst of pineal gland,21,0.7300832342449465,0.05763681316404561,finding,2,availability,FLAIRsag+SWIax,2,-1
Cerebral edema,43,0.9164324048044978,0.4582040481989481,finding,2,availability,FLAIRsag+SWIax,2,-1
Mastoiditis,22,0.6735930735930735,0.061148567096098616,finding,2,availability,FLAIRsag+SWIax,2,-1
Ventriculomegaly,64,0.8754111842105263,0.41955454004141335,finding,2,availability,FLAIRsag+SWIax,2,-1
Cerebellar degeneration,39,0.8332865999937689,0.2805387599784698,finding,2,availability,FLAIRsag+SWIax,2,-1
Mega cisterna magna,22,0.6143939393939394,0.035473371904102574,finding,2,availability,FLAIRsag+SWIax,2,-1
Cerebral infarction,26,0.8379186602870814,0.32631368854439646,finding,2,availability,FLAIRax+SWIax,2,-1
Cerebral hemorrhage,20,0.8985154394299286,0.17443617427177527,finding,2,availability,FLAIRax+SWIax,2,-1
Gliosis,284,0.722951898240655,0.5893656054558783,finding,2,availability,FLAIRax+SWIax,2,-1
Cerebral atrophy,102,0.9319143446852426,0.6970450533076559,finding,2,availability,FLAIRax+SWIax,2,-1
Arachnoid cyst,43,0.6920237385353664,0.08013499203021604,finding,2,availability,FLAIRax+SWIax,2,-1
Empty sella syndrome,45,0.6342989256085952,0.09129477540610599,finding,2,availability,FLAIRax+SWIax,2,-1
Cyst of pineal gland,21,0.7247607723231981,0.06211309549644595,finding,2,availability,FLAIRax+SWIax,2,-1
Cerebral edema,43,0.9249226225970412,0.5349225464491036,finding,2,availability,FLAIRax+SWIax,2,-1
Mastoiditis,22,0.6420454545454545,0.07320233294419956,finding,2,availability,FLAIRax+SWIax,2,-1
Ventriculomegaly,64,0.8889606829573935,0.4378854310030465,finding,2,availability,FLAIRax+SWIax,2,-1
Cerebellar degeneration,39,0.8607969592173723,0.2868162634419008,finding,2,availability,FLAIRax+SWIax,2,-1
Mega cisterna magna,22,0.696969696969697,0.05042263551820454,finding,2,availability,FLAIRax+SWIax,2,-1
Cerebral infarction,26,0.8342381302907619,0.31358120258653926,finding,2,availability,FLAIRax+FLAIRsag,2,-1
Cerebral hemorrhage,20,0.8789786223277909,0.20784861604972568,finding,2,availability,FLAIRax+FLAIRsag,2,-1
Gliosis,284,0.7310358691944052,0.5881172509124737,finding,2,availability,FLAIRax+FLAIRsag,2,-1
Cerebral atrophy,102,0.9479102167182663,0.7532067106528012,finding,2,availability,FLAIRax+FLAIRsag,2,-1
Arachnoid cyst,43,0.7275463554533322,0.13573177662322325,finding,2,availability,FLAIRax+FLAIRsag,2,-1
Empty sella syndrome,45,0.630844553243574,0.07800829193007727,finding,2,availability,FLAIRax+FLAIRsag,2,-1
Cyst of pineal gland,21,0.7059056678557273,0.05250315568328778,finding,2,availability,FLAIRax+FLAIRsag,2,-1
Cerebral edema,43,0.9191867563960587,0.5457801373571044,finding,2,availability,FLAIRax+FLAIRsag,2,-1
Mastoiditis,22,0.6908549783549784,0.06651265528049392,finding,2,availability,FLAIRax+FLAIRsag,2,-1
Ventriculomegaly,64,0.8924263784461154,0.44043624816430166,finding,2,availability,FLAIRax+FLAIRsag,2,-1
Cerebellar degeneration,39,0.8558432252235412,0.2906163631684517,finding,2,availability,FLAIRax+FLAIRsag,2,-1
Mega cisterna magna,22,0.6557359307359308,0.04550669739690238,finding,2,availability,FLAIRax+FLAIRsag,2,-1
Cerebral infarction,26,0.8450956937799043,0.24872160862934364,finding,2,availability,T2ax+SWIax,2,-1
Cerebral hemorrhage,20,0.8741686460807601,0.16588839172970565,finding,2,availability,T2ax+SWIax,2,-1
Gliosis,284,0.7313343730201277,0.5617786933713008,finding,2,availability,T2ax+SWIax,2,-1
Cerebral atrophy,102,0.9195820433436532,0.6350078289984171,finding,2,availability,T2ax+SWIax,2,-1
Arachnoid cyst,43,0.6816026350910072,0.082628215443561,finding,2,availability,T2ax+SWIax,2,-1
Empty sella syndrome,45,0.6328301373589011,0.09939421505040316,finding,2,availability,T2ax+SWIax,2,-1
Cyst of pineal gland,21,0.7235150897457675,0.05925202901347175,finding,2,availability,T2ax+SWIax,2,-1
Cerebral edema,43,0.8952778487662209,0.4691870313102565,finding,2,availability,T2ax+SWIax,2,-1
Mastoiditis,22,0.6333874458874459,0.0665098899125468,finding,2,availability,T2ax+SWIax,2,-1
Ventriculomegaly,64,0.8850054824561403,0.42679169021140984,finding,2,availability,T2ax+SWIax,2,-1
Cerebellar degeneration,39,0.8412935788391438,0.2869717418628476,finding,2,availability,T2ax+SWIax,2,-1
Mega cisterna magna,22,0.6653679653679653,0.04400130495922138,finding,2,availability,T2ax+SWIax,2,-1
Cerebral infarction,26,0.8425193227824807,0.2952349976019682,finding,2,availability,T2ax+FLAIRsag,2,-1
Cerebral hemorrhage,20,0.8711401425178147,0.19066486002972569,finding,2,availability,T2ax+FLAIRsag,2,-1
Gliosis,284,0.7400823626882402,0.5708794816150764,finding,2,availability,T2ax+FLAIRsag,2,-1
Cerebral atrophy,102,0.9344943240454077,0.7002274737433214,finding,2,availability,T2ax+FLAIRsag,2,-1
Arachnoid cyst,43,0.7180906948348809,0.10232438238993276,finding,2,availability,T2ax+FLAIRsag,2,-1
Empty sella syndrome,45,0.6318781449748402,0.07999871491787781,finding,2,availability,T2ax+FLAIRsag,2,-1
Cyst of pineal gland,21,0.7026782175414755,0.050089299503211206,finding,2,availability,T2ax+FLAIRsag,2,-1
Cerebral edema,43,0.8996223414828065,0.48035895059684686,finding,2,availability,T2ax+FLAIRsag,2,-1
Mastoiditis,22,0.688474025974026,0.061733358231863426,finding,2,availability,T2ax+FLAIRsag,2,-1
Ventriculomegaly,64,0.8940515350877193,0.4502647294082163,finding,2,availability,T2ax+FLAIRsag,2,-1
Cerebellar degeneration,39,0.8396734897342433,0.3260834739420685,finding,2,availability,T2ax+FLAIRsag,2,-1
Mega cisterna magna,22,0.6142857142857143,0.03627626980900785,finding,2,availability,T2ax+FLAIRsag,2,-1
Cerebral infarction,26,0.8409090909090909,0.32897111441195903,finding,2,availability,T2ax+FLAIRax,2,-1
Cerebral hemorrhage,20,0.877375296912114,0.1673288790767643,finding,2,availability,T2ax+FLAIRax,2,-1
Gliosis,284,0.729720015595302,0.5795375576669838,finding,2,availability,T2ax+FLAIRax,2,-1
Cerebral atrophy,102,0.9385964912280701,0.7189352641057523,finding,2,availability,T2ax+FLAIRax,2,-1
Arachnoid cyst,43,0.7121560609932702,0.10502813136168068,finding,2,availability,T2ax+FLAIRax,2,-1
Empty sella syndrome,45,0.6206174350605196,0.08294460139182167,finding,2,availability,T2ax+FLAIRax,2,-1
Cyst of pineal gland,21,0.702791461412151,0.05175837107071219,finding,2,availability,T2ax+FLAIRax,2,-1
Cerebral edema,43,0.909617514268677,0.5254824327821312,finding,2,availability,T2ax+FLAIRax,2,-1
Mastoiditis,22,0.6587662337662338,0.07376520861937033,finding,2,availability,T2ax+FLAIRax,2,-1
Ventriculomegaly,64,0.902236058897243,0.4470648423017817,finding,2,availability,T2ax+FLAIRax,2,-1
Cerebellar degeneration,39,0.8619185593669192,0.31602865101093064,finding,2,availability,T2ax+FLAIRax,2,-1
Mega cisterna magna,22,0.685064935064935,0.050844810742125955,finding,2,availability,T2ax+FLAIRax,2,-1
Cerebral infarction,26,0.8461998527788002,0.26444702923439184,finding,2,availability,T1ax+SWIax,2,-1
Cerebral hemorrhage,20,0.8844418052256532,0.18546974261655724,finding,2,availability,T1ax+SWIax,2,-1
Gliosis,284,0.7236646522735026,0.5772464811237298,finding,2,availability,T1ax+SWIax,2,-1
Cerebral atrophy,102,0.9150412796697627,0.6362316730829347,finding,2,availability,T1ax+SWIax,2,-1
Arachnoid cyst,43,0.6632024306442912,0.07106478060804082,finding,2,availability,T1ax+SWIax,2,-1
Empty sella syndrome,45,0.6301373589011288,0.10624128672787625,finding,2,availability,T1ax+SWIax,2,-1
Cyst of pineal gland,21,0.7291772832795425,0.06943387813577095,finding,2,availability,T1ax+SWIax,2,-1
Cerebral edema,43,0.9049606724025329,0.521619418455585,finding,2,availability,T1ax+SWIax,2,-1
Mastoiditis,22,0.6512445887445888,0.061219124404487825,finding,2,availability,T1ax+SWIax,2,-1
Ventriculomegaly,64,0.8852012844611529,0.39610380106988996,finding,2,availability,T1ax+SWIax,2,-1
Cerebellar degeneration,39,0.8341278001059289,0.2628440753326431,finding,2,availability,T1ax+SWIax,2,-1
Mega cisterna magna,22,0.6738095238095237,0.044482210395230655,finding,2,availability,T1ax+SWIax,2,-1
Cerebral infarction,26,0.8432094221567906,0.31628814278496176,finding,2,availability,T1ax+FLAIRsag,2,-1
Cerebral hemorrhage,20,0.869418052256532,0.2156720339196501,finding,2,availability,T1ax+FLAIRsag,2,-1
Gliosis,284,0.7355743457283495,0.585504172392411,finding,2,availability,T1ax+FLAIRsag,2,-1
Cerebral atrophy,102,0.9414344685242518,0.7404232328527015,finding,2,availability,T1ax+FLAIRsag,2,-1
Arachnoid cyst,43,0.68415821904194,0.08652070544250032,finding,2,availability,T1ax+FLAIRsag,2,-1
Empty sella syndrome,45,0.6339453284373725,0.0783384206867643,finding,2,availability,T1ax+FLAIRsag,2,-1
Cyst of pineal gland,21,0.7140026046090255,0.06117325408581985,finding,2,availability,T1ax+FLAIRsag,2,-1
Cerebral edema,43,0.9066643950364882,0.48420623290662196,finding,2,availability,T1ax+FLAIRsag,2,-1
Mastoiditis,22,0.7090909090909091,0.06116169334199708,finding,2,availability,T1ax+FLAIRsag,2,-1
Ventriculomegaly,64,0.8983395989974938,0.44383171703900903,finding,2,availability,T1ax+FLAIRsag,2,-1
Cerebellar degeneration,39,0.8356855780914103,0.3360456776521133,finding,2,availability,T1ax+FLAIRsag,2,-1
Mega cisterna magna,22,0.6192640692640693,0.03888346408618498,finding,2,availability,T1ax+FLAIRsag,2,-1
Cerebral infarction,26,0.8421972764078027,0.3421623266871506,finding,2,availability,T1ax+FLAIRax,2,-1
Cerebral hemorrhage,20,0.8792161520190025,0.1965871576127992,finding,2,availability,T1ax+FLAIRax,2,-1
Gliosis,284,0.72217213314489,0.5908229643520537,finding,2,availability,T1ax+FLAIRax,2,-1
Cerebral atrophy,102,0.9406991744066047,0.7324486352899311,finding,2,availability,T1ax+FLAIRax,2,-1
Arachnoid cyst,43,0.6927904137206463,0.08258277690541338,finding,2,availability,T1ax+FLAIRax,2,-1
Empty sella syndrome,45,0.6175166598667211,0.08076656665269251,finding,2,availability,T1ax+FLAIRax,2,-1
Cyst of pineal gland,21,0.7074344601098465,0.059593600925761894,finding,2,availability,T1ax+FLAIRax,2,-1
Cerebral edema,43,0.9158361018826134,0.5546811926436501,finding,2,availability,T1ax+FLAIRax,2,-1
Mastoiditis,22,0.6761904761904762,0.06926559779623159,finding,2,availability,T1ax+FLAIRax,2,-1
Ventriculomegaly,64,0.9022556390977443,0.45875876288315487,finding,2,availability,T1ax+FLAIRax,2,-1
Cerebellar degeneration,39,0.8593638034707294,0.31380222201099833,finding,2,availability,T1ax+FLAIRax,2,-1
Mega cisterna magna,22,0.703030303030303,0.05496978638039645,finding,2,availability,T1ax+FLAIRax,2,-1
Cerebral infarction,26,0.8501564225248436,0.30648675214578897,finding,2,availability,T1ax+T2ax,2,-1
Cerebral hemorrhage,20,0.8641923990498812,0.19196097217679597,finding,2,availability,T1ax+T2ax,2,-1
Gliosis,284,0.7305911594132267,0.5775575068228751,finding,2,availability,T1ax+T2ax,2,-1
Cerebral atrophy,102,0.9294504643962849,0.6950406808113826,finding,2,availability,T1ax+T2ax,2,-1
Arachnoid cyst,43,0.6897805037339921,0.08237877760935004,finding,2,availability,T1ax+T2ax,2,-1
Empty sella syndrome,45,0.6185502515979873,0.09114604277358619,finding,2,availability,T1ax+T2ax,2,-1
Cyst of pineal gland,21,0.7038672781835683,0.05447276227393266,finding,2,availability,T1ax+T2ax,2,-1
Cerebral edema,43,0.8966124314961524,0.5112427489968461,finding,2,availability,T1ax+T2ax,2,-1
Mastoiditis,22,0.6687770562770563,0.06166195120125813,finding,2,availability,T1ax+T2ax,2,-1
Ventriculomegaly,64,0.9014920112781954,0.4448138514817226,finding,2,availability,T1ax+T2ax,2,-1
Cerebellar degeneration,39,0.8435990902576564,0.3480494833504986,finding,2,availability,T1ax+T2ax,2,-1
Mega cisterna magna,22,0.6714285714285715,0.047566800646997934,finding,2,availability,T1ax+T2ax,2,-1
Cerebral infarction,26,0.8381947000368053,0.31907494513146023,finding,2,availability,FLAIRax+FLAIRsag+SWIax,3,-1
Cerebral hemorrhage,20,0.8954869358669834,0.19643742668927863,finding,2,availability,FLAIRax+FLAIRsag+SWIax,3,-1
Gliosis,284,0.731255178127589,0.5890422655215637,finding,2,availability,FLAIRax+FLAIRsag+SWIax,3,-1
Cerebral atrophy,102,0.9409829721362228,0.7297780652094689,finding,2,availability,FLAIRax+FLAIRsag+SWIax,3,-1
Arachnoid cyst,43,0.7090041741204532,0.0878483909644735,finding,2,availability,FLAIRax+FLAIRsag+SWIax,3,-1
Empty sella syndrome,45,0.6387324901400789,0.08183017286143632,finding,2,availability,FLAIRax+FLAIRsag+SWIax,3,-1
Cyst of pineal gland,21,0.721589943944284,0.057074359645266096,finding,2,availability,FLAIRax+FLAIRsag+SWIax,3,-1
Cerebral edema,43,0.9240707612800635,0.5173073920517401,finding,2,availability,FLAIRax+FLAIRsag+SWIax,3,-1
Mastoiditis,22,0.6701298701298701,0.0654834745544895,finding,2,availability,FLAIRax+FLAIRsag+SWIax,3,-1
Ventriculomegaly,64,0.8894893483709273,0.4470899264665783,finding,2,availability,FLAIRax+FLAIRsag+SWIax,3,-1
Cerebellar degeneration,39,0.8556874474249929,0.299156690867205,finding,2,availability,FLAIRax+FLAIRsag+SWIax,3,-1
Mega cisterna magna,22,0.6681818181818182,0.04378783092631155,finding,2,availability,FLAIRax+FLAIRsag+SWIax,3,-1
Cerebral infarction,26,0.8450956937799043,0.28657306523222154,finding,2,availability,T2ax+FLAIRsag+SWIax,3,-1
Cerebral hemorrhage,20,0.8858669833729216,0.1810764905047658,finding,2,availability,T2ax+FLAIRsag+SWIax,3,-1
Gliosis,284,0.7385898435596276,0.5742733731811632,finding,2,availability,T2ax+FLAIRsag+SWIax,3,-1
Cerebral atrophy,102,0.9330753353973169,0.6899352422257801,finding,2,availability,T2ax+FLAIRsag+SWIax,3,-1
Arachnoid cyst,43,0.6972200925689298,0.08685585607793889,finding,2,availability,T2ax+FLAIRsag+SWIax,3,-1
Empty sella syndrome,45,0.6392492860057118,0.08529542045393065,finding,2,availability,T2ax+FLAIRsag+SWIax,3,-1
Cyst of pineal gland,21,0.7151350433157805,0.05498175967300288,finding,2,availability,T2ax+FLAIRsag+SWIax,3,-1
Cerebral edema,43,0.9068631626771163,0.4701450987073117,finding,2,availability,T2ax+FLAIRsag+SWIax,3,-1
Mastoiditis,22,0.6685064935064935,0.06442449340314979,finding,2,availability,T2ax+FLAIRsag+SWIax,3,-1
Ventriculomegaly,64,0.8889802631578948,0.4503425513316518,finding,2,availability,T2ax+FLAIRsag+SWIax,3,-1
Cerebellar degeneration,39,0.8416986011153691,0.3334786494315507,finding,2,availability,T2ax+FLAIRsag+SWIax,3,-1
Mega cisterna magna,22,0.6396645021645022,0.039031014828961694,finding,2,availability,T2ax+FLAIRsag+SWIax,3,-1
Cerebral infarction,26,0.8440375414059624,0.31616940476872424,finding,2,availability,T2ax+FLAIRax+SWIax,3,-1
Cerebral hemorrhage,20,0.8853325415676959,0.16778886759810993,finding,2,availability,T2ax+FLAIRax+SWIax,3,-1
Gliosis,284,0.732723329596959,0.5843213902308279,finding,2,availability,T2ax+FLAIRax+SWIax,3,-1
Cerebral atrophy,102,0.9362874097007224,0.7059655732534206,finding,2,availability,T2ax+FLAIRax+SWIax,3,-1
Arachnoid cyst,43,0.6990090013345827,0.08707858833496993,finding,2,availability,T2ax+FLAIRax+SWIax,3,-1
Empty sella syndrome,45,0.6322861417108663,0.08792367757195552,finding,2,availability,T2ax+FLAIRax+SWIax,3,-1
Cyst of pineal gland,21,0.7121907026782175,0.055694268387792886,finding,2,availability,T2ax+FLAIRax+SWIax,3,-1
Cerebral edema,43,0.9124286566147031,0.5077346537296819,finding,2,availability,T2ax+FLAIRax+SWIax,3,-1
Mastoiditis,22,0.6451839826839827,0.07643120828612485,finding,2,availability,T2ax+FLAIRax+SWIax,3,-1
Ventriculomegaly,64,0.8966752819548873,0.44434783736385286,finding,2,availability,T2ax+FLAIRax+SWIax,3,-1
Cerebellar degeneration,39,0.8587406922765367,0.30972892594141754,finding,2,availability,T2ax+FLAIRax+SWIax,3,-1
Mega cisterna magna,22,0.6875541125541126,0.04895522242736042,finding,2,availability,T2ax+FLAIRax+SWIax,3,-1
Cerebral infarction,26,0.8423352962826647,0.3253940795137431,finding,2,availability,T2ax+FLAIRax+FLAIRsag,3,-1
Cerebral hemorrhage,20,0.8815914489311163,0.19227018515542377,finding,2,availability,T2ax+FLAIRax+FLAIRsag,3,-1
Gliosis,284,0.7379014571860227,0.5837672370513405,finding,2,availability,T2ax+FLAIRax+FLAIRsag,3,-1
Cerebral atrophy,102,0.9437435500515996,0.7335628600728663,finding,2,availability,T2ax+FLAIRax+FLAIRsag,3,-1
Arachnoid cyst,43,0.7246500269756083,0.10610333621295182,finding,2,availability,T2ax+FLAIRax+FLAIRsag,3,-1
Empty sella syndrome,45,0.6304637562899497,0.08113078228169347,finding,2,availability,T2ax+FLAIRax+FLAIRsag,3,-1
Cyst of pineal gland,21,0.702791461412151,0.051311279998645876,finding,2,availability,T2ax+FLAIRax+FLAIRsag,3,-1
Cerebral edema,43,0.9132521225544481,0.5285113347783803,finding,2,availability,T2ax+FLAIRax+FLAIRsag,3,-1
Mastoiditis,22,0.67987012987013,0.06521519867457803,finding,2,availability,T2ax+FLAIRax+FLAIRsag,3,-1
Ventriculomegaly,64,0.8989270050125313,0.45272975369467616,finding,2,availability,T2ax+FLAIRax+FLAIRsag,3,-1
Cerebellar degeneration,39,0.8554693585070255,0.3314233267072214,finding,2,availability,T2ax+FLAIRax+FLAIRsag,3,-1
Mega cisterna magna,22,0.6632575757575757,0.04491079559676209,finding,2,availability,T2ax+FLAIRax+FLAIRsag,3,-1
Cerebral infarction,26,0.8469819654030181,0.3099810346642778,finding,2,availability,T1ax+FLAIRsag+SWIax,3,-1
Cerebral hemorrhage,20,0.8888361045130642,0.19642835948839255,finding,2,availability,T1ax+FLAIRsag+SWIax,3,-1
Gliosis,284,0.7341975729811394,0.5843144278776445,finding,2,availability,T1ax+FLAIRsag+SWIax,3,-1
Cerebral atrophy,102,0.9349845201238389,0.7085518665036205,finding,2,availability,T1ax+FLAIRsag+SWIax,3,-1
Arachnoid cyst,43,0.6810915183008206,0.0779362480829921,finding,2,availability,T1ax+FLAIRsag+SWIax,3,-1
Empty sella syndrome,45,0.6404732762137902,0.0843739042380923,finding,2,availability,T1ax+FLAIRsag+SWIax,3,-1
Cyst of pineal gland,21,0.7274220032840721,0.063649740626752,finding,2,availability,T1ax+FLAIRsag+SWIax,3,-1
Cerebral edema,43,0.9146718914160774,0.5033276075106414,finding,2,availability,T1ax+FLAIRsag+SWIax,3,-1
Mastoiditis,22,0.6827922077922078,0.059533548479434616,finding,2,availability,T1ax+FLAIRsag+SWIax,3,-1
Ventriculomegaly,64,0.8911145050125313,0.43507926987342227,finding,2,availability,T1ax+FLAIRsag+SWIax,3,-1
Cerebellar degeneration,39,0.8405770009658224,0.315079451415088,finding,2,availability,T1ax+FLAIRsag+SWIax,3,-1
Mega cisterna magna,22,0.6430735930735931,0.03911367119810875,finding,2,availability,T1ax+FLAIRsag+SWIax,3,-1
Cerebral infarction,26,0.8451877070298124,0.33558368594975724,finding,2,availability,T1ax+FLAIRax+SWIax,3,-1
Cerebral hemorrhage,20,0.8894299287410927,0.18386447590019803,finding,2,availability,T1ax+FLAIRax+SWIax,3,-1
Gliosis,284,0.726789804571373,0.593554379695033,finding,2,availability,T1ax+FLAIRax+SWIax,3,-1
Cerebral atrophy,102,0.935423116615067,0.7130499000595727,finding,2,availability,T1ax+FLAIRax+SWIax,3,-1
Arachnoid cyst,43,0.6858619416758951,0.0776887884224096,finding,2,availability,T1ax+FLAIRax+SWIax,3,-1
Empty sella syndrome,45,0.6302461580307357,0.08932896195527057,finding,2,availability,T1ax+FLAIRax+SWIax,3,-1
Cyst of pineal gland,21,0.7206839929788801,0.06303204798231733,finding,2,availability,T1ax+FLAIRax+SWIax,3,-1
Cerebral edema,43,0.9180793366839878,0.5514470327014664,finding,2,availability,T1ax+FLAIRax+SWIax,3,-1
Mastoiditis,22,0.6591450216450216,0.06711172115038008,finding,2,availability,T1ax+FLAIRax+SWIax,3,-1
Ventriculomegaly,64,0.8960095551378446,0.4465058115963123,finding,2,availability,T1ax+FLAIRax+SWIax,3,-1
Cerebellar degeneration,39,0.8574321587687322,0.29877857265088176,finding,2,availability,T1ax+FLAIRax+SWIax,3,-1
Mega cisterna magna,22,0.6947510822510823,0.04977846679521406,finding,2,availability,T1ax+FLAIRax+SWIax,3,-1
Cerebral infarction,26,0.8441755612808245,0.34548218632499134,finding,2,availability,T1ax+FLAIRax+FLAIRsag,3,-1
Cerebral hemorrhage,20,0.8815914489311164,0.21681254036622513,finding,2,availability,T1ax+FLAIRax+FLAIRsag,3,-1
Gliosis,284,0.7335579219260198,0.5920185009142864,finding,2,availability,T1ax+FLAIRax+FLAIRsag,3,-1
Cerebral atrophy,102,0.9475232198142415,0.751003545544982,finding,2,availability,T1ax+FLAIRax+FLAIRsag,3,-1
Arachnoid cyst,43,0.7048584490444956,0.09287354831939501,finding,2,availability,T1ax+FLAIRax+FLAIRsag,3,-1
Empty sella syndrome,45,0.6288317693458452,0.07850875016100817,finding,2,availability,T1ax+FLAIRax+FLAIRsag,3,-1
Cyst of pineal gland,21,0.7103788007474094,0.0578835527627272,finding,2,availability,T1ax+FLAIRax+FLAIRsag,3,-1
Cerebral edema,43,0.9179941505522901,0.5367666029728133,finding,2,availability,T1ax+FLAIRax+FLAIRsag,3,-1
Mastoiditis,22,0.6925324675324676,0.06490743096553923,finding,2,availability,T1ax+FLAIRax+FLAIRsag,3,-1
Ventriculomegaly,64,0.9002192982456141,0.4596258352394746,finding,2,availability,T1ax+FLAIRax+FLAIRsag,3,-1
Cerebellar degeneration,39,0.8541296694395114,0.3205848205570607,finding,2,availability,T1ax+FLAIRax+FLAIRsag,3,-1
Mega cisterna magna,22,0.6711580086580087,0.045708995051881654,finding,2,availability,T1ax+FLAIRax+FLAIRsag,3,-1
Cerebral infarction,26,0.8508005152741995,0.30514424842686233,finding,2,availability,T1ax+T2ax+SWIax,3,-1
Cerebral hemorrhage,20,0.8748218527315914,0.1794968137577916,finding,2,availability,T1ax+T2ax+SWIax,3,-1
Gliosis,284,0.7337406793703397,0.5770989433985003,finding,2,availability,T1ax+T2ax+SWIax,3,-1
Cerebral atrophy,102,0.9288312693498452,0.6741494175820931,finding,2,availability,T1ax+T2ax+SWIax,3,-1
Arachnoid cyst,43,0.6817446119771701,0.07839535445871297,finding,2,availability,T1ax+T2ax+SWIax,3,-1
Empty sella syndrome,45,0.629484564123487,0.0986537341332304,finding,2,availability,T1ax+T2ax+SWIax,3,-1
Cyst of pineal gland,21,0.7128701659022705,0.05738774499174321,finding,2,availability,T1ax+T2ax+SWIax,3,-1
Cerebral edema,43,0.9021211346792742,0.5193357776026867,finding,2,availability,T1ax+T2ax+SWIax,3,-1
Mastoiditis,22,0.651082251082251,0.0638821802185857,finding,2,availability,T1ax+T2ax+SWIax,3,-1
Ventriculomegaly,64,0.8956962719298246,0.4389536917504115,finding,2,availability,T1ax+T2ax+SWIax,3,-1
Cerebellar degeneration,39,0.8449076237654609,0.3196162630644084,finding,2,availability,T1ax+T2ax+SWIax,3,-1
Mega cisterna magna,22,0.6706168831168832,0.045382963077279126,finding,2,availability,T1ax+T2ax+SWIax,3,-1
Cerebral infarction,26,0.8496503496503497,0.33396763989531303,finding,2,availability,T1ax+T2ax+FLAIRsag,3,-1
Cerebral hemorrhage,20,0.8729809976247032,0.19539022511880072,finding,2,availability,T1ax+T2ax+FLAIRsag,3,-1
Gliosis,284,0.7408438520395731,0.5822057000617971,finding,2,availability,T1ax+T2ax+FLAIRsag,3,-1
Cerebral atrophy,102,0.9393833849329206,0.7153454825761374,finding,2,availability,T1ax+T2ax+FLAIRsag,3,-1
Arachnoid cyst,43,0.7008830962319333,0.08930812098437328,finding,2,availability,T1ax+T2ax+FLAIRsag,3,-1
Empty sella syndrome,45,0.6317149462804297,0.08207699878523764,finding,2,availability,T1ax+T2ax+FLAIRsag,3,-1
Cyst of pineal gland,21,0.7069814846271445,0.05401283613868038,finding,2,availability,T1ax+T2ax+FLAIRsag,3,-1
Cerebral edema,43,0.9045347417440439,0.5021730698802516,finding,2,availability,T1ax+T2ax+FLAIRsag,3,-1
Mastoiditis,22,0.6916666666666667,0.060886460238775274,finding,2,availability,T1ax+T2ax+FLAIRsag,3,-1
Ventriculomegaly,64,0.9011004072681705,0.45784373776295745,finding,2,availability,T1ax+T2ax+FLAIRsag,3,-1
Cerebellar degeneration,39,0.843131756862012,0.3671346115899392,finding,2,availability,T1ax+T2ax+FLAIRsag,3,-1
Mega cisterna magna,22,0.6424242424242423,0.040260432896322695,finding,2,availability,T1ax+T2ax+FLAIRsag,3,-1
Cerebral infarction,26,0.847304011777696,0.34919485712808496,finding,2,availability,T1ax+T2ax+FLAIRax,3,-1
Cerebral hemorrhage,20,0.8779691211401426,0.18745733298282627,finding,2,availability,T1ax+T2ax+FLAIRax,3,-1
Gliosis,284,0.730822652176032,0.5853890516764534,finding,2,availability,T1ax+T2ax+FLAIRax,3,-1
Cerebral atrophy,102,0.9396026831785346,0.7228491885719639,finding,2,availability,T1ax+T2ax+FLAIRax,3,-1
Arachnoid cyst,43,0.7009966777408638,0.08793621982521331,finding,2,availability,T1ax+T2ax+FLAIRax,3,-1
Empty sella syndrome,45,0.6203726370189039,0.0836000434132093,finding,2,availability,T1ax+T2ax+FLAIRax,3,-1
Cyst of pineal gland,21,0.704603363342959,0.05444305859881546,finding,2,availability,T1ax+T2ax+FLAIRax,3,-1
Cerebral edema,43,0.9099014680410029,0.5430900304052091,finding,2,availability,T1ax+T2ax+FLAIRax,3,-1
Mastoiditis,22,0.6700757575757575,0.06707778545512225,finding,2,availability,T1ax+T2ax+FLAIRax,3,-1
Ventriculomegaly,64,0.9049772869674186,0.46286571995923576,finding,2,availability,T1ax+T2ax+FLAIRax,3,-1
Cerebellar degeneration,39,0.8585226033585694,0.33156333964903867,finding,2,availability,T1ax+T2ax+FLAIRax,3,-1
Mega cisterna magna,22,0.6886904761904763,0.0513044951046904,finding,2,availability,T1ax+T2ax+FLAIRax,3,-1
Cerebral infarction,26,0.8437154950312846,0.3204220120824253,finding,2,availability,T2ax+FLAIRax+FLAIRsag+SWIax,4,-1
Cerebral hemorrhage,20,0.8887767220902612,0.18226933494705386,finding,2,availability,T2ax+FLAIRax+FLAIRsag+SWIax,4,-1
Gliosis,284,0.7376516886787855,0.584796259052556,finding,2,availability,T2ax+FLAIRax+FLAIRsag+SWIax,4,-1
Cerebral atrophy,102,0.9413312693498452,0.720694521839248,finding,2,availability,T2ax+FLAIRax+FLAIRsag+SWIax,4,-1
Arachnoid cyst,43,0.7103671522276174,0.09337141117552253,finding,2,availability,T2ax+FLAIRax+FLAIRsag+SWIax,4,-1
Empty sella syndrome,45,0.6368013055895553,0.08375633503697043,finding,2,availability,T2ax+FLAIRax+FLAIRsag+SWIax,4,-1
Cyst of pineal gland,21,0.7124738123549063,0.054675354158737616,finding,2,availability,T2ax+FLAIRax+FLAIRsag+SWIax,4,-1
Cerebral edema,43,0.9155521481102876,0.5133119398789961,finding,2,availability,T2ax+FLAIRax+FLAIRsag+SWIax,4,-1
Mastoiditis,22,0.6661255411255411,0.06909469748550756,finding,2,availability,T2ax+FLAIRax+FLAIRsag+SWIax,4,-1
Ventriculomegaly,64,0.8957745927318296,0.4556876635091341,finding,2,availability,T2ax+FLAIRax+FLAIRsag+SWIax,4,-1
Cerebellar degeneration,39,0.8541608249992211,0.32239346367143235,finding,2,availability,T2ax+FLAIRax+FLAIRsag+SWIax,4,-1
Mega cisterna magna,22,0.6672077922077922,0.0442786478556946,finding,2,availability,T2ax+FLAIRax+FLAIRsag+SWIax,4,-1
Cerebral infarction,26,0.8450956937799043,0.33714764461401836,finding,2,availability,T1ax+FLAIRax+FLAIRsag+SWIax,4,-1
Cerebral hemorrhage,20,0.8901425178147268,0.1941527081964048,finding,2,availability,T1ax+FLAIRax+FLAIRsag+SWIax,4,-1
Gliosis,284,0.7340696427701157,0.5951716327116403,finding,2,availability,T1ax+FLAIRax+FLAIRsag+SWIax,4,-1
Cerebral atrophy,102,0.9427115583075335,0.7370673661484887,finding,2,availability,T1ax+FLAIRax+FLAIRsag+SWIax,4,-1
Arachnoid cyst,43,0.6973052787006275,0.08355460625101506,finding,2,availability,T1ax+FLAIRax+FLAIRsag+SWIax,4,-1
Empty sella syndrome,45,0.6357949136406909,0.08303494314618398,finding,2,availability,T1ax+FLAIRax+FLAIRsag+SWIax,4,-1
Cyst of pineal gland,21,0.7205141271728667,0.061682717301820615,finding,2,availability,T1ax+FLAIRax+FLAIRsag+SWIax,4,-1
Cerebral edema,43,0.9204929437487578,0.5284447601055439,finding,2,availability,T1ax+FLAIRax+FLAIRsag+SWIax,4,-1
Mastoiditis,22,0.6779220779220778,0.06357406879273678,finding,2,availability,T1ax+FLAIRax+FLAIRsag+SWIax,4,-1
Ventriculomegaly,64,0.896655701754386,0.45463599990474496,finding,2,availability,T1ax+FLAIRax+FLAIRsag+SWIax,4,-1
Cerebellar degeneration,39,0.8547527806337041,0.32237429914095533,finding,2,availability,T1ax+FLAIRax+FLAIRsag+SWIax,4,-1
Mega cisterna magna,22,0.6714826839826838,0.04454373997347759,finding,2,availability,T1ax+FLAIRax+FLAIRsag+SWIax,4,-1
Cerebral infarction,26,0.8509385351490615,0.31907235601609646,finding,2,availability,T1ax+T2ax+FLAIRsag+SWIax,4,-1
Cerebral hemorrhage,20,0.8824821852731591,0.1899173521783282,finding,2,availability,T1ax+T2ax+FLAIRsag+SWIax,4,-1
Gliosis,284,0.7398265022661923,0.583397437713624,finding,2,availability,T1ax+T2ax+FLAIRsag+SWIax,4,-1
Cerebral atrophy,102,0.9369324045407637,0.7066961461288034,finding,2,availability,T1ax+T2ax+FLAIRsag+SWIax,4,-1
Arachnoid cyst,43,0.6910299003322259,0.08270874855805246,finding,2,availability,T1ax+T2ax+FLAIRsag+SWIax,4,-1
Empty sella syndrome,45,0.6376172990616075,0.08597308151871055,finding,2,availability,T1ax+T2ax+FLAIRsag+SWIax,4,-1
Cyst of pineal gland,21,0.7140592265443633,0.05712058849802405,finding,2,availability,T1ax+T2ax+FLAIRsag+SWIax,4,-1
Cerebral edema,43,0.9092199789874209,0.5096934581611255,finding,2,availability,T1ax+T2ax+FLAIRsag+SWIax,4,-1
Mastoiditis,22,0.6763528138528139,0.06144168620772662,finding,2,availability,T1ax+T2ax+FLAIRsag+SWIax,4,-1
Ventriculomegaly,64,0.8966361215538846,0.45924500537465396,finding,2,availability,T1ax+T2ax+FLAIRsag+SWIax,4,-1
Cerebellar degeneration,39,0.8443779792503973,0.3373446312206186,finding,2,availability,T1ax+T2ax+FLAIRsag+SWIax,4,-1
Mega cisterna magna,22,0.6511363636363637,0.04126179589567349,finding,2,availability,T1ax+T2ax+FLAIRsag+SWIax,4,-1
Cerebral infarction,26,0.847994111152006,0.33648370966782964,finding,2,availability,T1ax+T2ax+FLAIRax+SWIax,4,-1
Cerebral hemorrhage,20,0.8828384798099762,0.17782610292522769,finding,2,availability,T1ax+T2ax+FLAIRax+SWIax,4,-1
Gliosis,284,0.732741605341391,0.5879831324821657,finding,2,availability,T1ax+T2ax+FLAIRax+SWIax,4,-1
Cerebral atrophy,102,0.9377192982456141,0.7131989702330586,finding,2,availability,T1ax+T2ax+FLAIRax+SWIax,4,-1
Arachnoid cyst,43,0.6935002981514609,0.08259017184992895,finding,2,availability,T1ax+T2ax+FLAIRax+SWIax,4,-1
Empty sella syndrome,45,0.6278525771793826,0.09076543047838022,finding,2,availability,T1ax+T2ax+FLAIRax+SWIax,4,-1
Cyst of pineal gland,21,0.7104354226827473,0.057117647529609114,finding,2,availability,T1ax+T2ax+FLAIRax+SWIax,4,-1
Cerebral edema,43,0.9129113780276571,0.5302656681740603,finding,2,availability,T1ax+T2ax+FLAIRax+SWIax,4,-1
Mastoiditis,22,0.6572510822510823,0.0663938793648096,finding,2,availability,T1ax+T2ax+FLAIRax+SWIax,4,-1
Ventriculomegaly,64,0.9006892230576441,0.4546925208587639,finding,2,availability,T1ax+T2ax+FLAIRax+SWIax,4,-1
Cerebellar degeneration,39,0.8566532697759915,0.32367706656378203,finding,2,availability,T1ax+T2ax+FLAIRax+SWIax,4,-1
Mega cisterna magna,22,0.6873376623376624,0.049327457385166903,finding,2,availability,T1ax+T2ax+FLAIRax+SWIax,4,-1
Cerebral infarction,26,0.8475800515274199,0.3494822221916286,finding,2,availability,T1ax+T2ax+FLAIRax+FLAIRsag,4,-1
Cerebral hemorrhage,20,0.8802256532066508,0.19590779308036083,finding,2,availability,T1ax+T2ax+FLAIRax+FLAIRsag,4,-1
Gliosis,284,0.7378039865490521,0.5881862393010954,finding,2,availability,T1ax+T2ax+FLAIRax+FLAIRsag,4,-1
Cerebral atrophy,102,0.9442853457172342,0.7332739412771858,finding,2,availability,T1ax+T2ax+FLAIRax+FLAIRsag,4,-1
Arachnoid cyst,43,0.7091745463838487,0.09285157727228896,finding,2,availability,T1ax+T2ax+FLAIRax+FLAIRsag,4,-1
Empty sella syndrome,45,0.629484564123487,0.0813236264862161,finding,2,availability,T1ax+T2ax+FLAIRax+FLAIRsag,4,-1
Cyst of pineal gland,21,0.7055659362437008,0.05383089517625671,finding,2,availability,T1ax+T2ax+FLAIRax+FLAIRsag,4,-1
Cerebral edema,43,0.9141891700031235,0.5335111450207106,finding,2,availability,T1ax+T2ax+FLAIRax+FLAIRsag,4,-1
Mastoiditis,22,0.6840367965367965,0.06473056583171423,finding,2,availability,T1ax+T2ax+FLAIRax+FLAIRsag,4,-1
Ventriculomegaly,64,0.9031759085213033,0.4685177444853222,finding,2,availability,T1ax+T2ax+FLAIRax+FLAIRsag,4,-1
Cerebellar degeneration,39,0.8543166027977692,0.3389563164589712,finding,2,availability,T1ax+T2ax+FLAIRax+FLAIRsag,4,-1
Mega cisterna magna,22,0.670021645021645,0.04542254252136901,finding,2,availability,T1ax+T2ax+FLAIRax+FLAIRsag,4,-1
Cerebral infarction,26,0.8485921972764079,0.3393227866409625,finding,2,availability,T1ax+T2ax+FLAIRax+FLAIRsag+SWIax,5,-1
Cerebral hemorrhage,20,0.8871733966745843,0.18944111692775412,finding,2,availability,T1ax+T2ax+FLAIRax+FLAIRsag+SWIax,5,-1
Gliosis,284,0.738023295482236,0.5900902946522855,finding,2,availability,T1ax+T2ax+FLAIRax+FLAIRsag+SWIax,5,-1
Cerebral atrophy,102,0.9422084623323014,0.7264432981894159,finding,2,availability,T1ax+T2ax+FLAIRax+FLAIRsag+SWIax,5,-1
Arachnoid cyst,43,0.7015077945310504,0.08762698735866001,finding,2,availability,T1ax+T2ax+FLAIRax+FLAIRsag+SWIax,5,-1
Empty sella syndrome,45,0.6344077247382021,0.08407943598436608,finding,2,availability,T1ax+T2ax+FLAIRax+FLAIRsag+SWIax,5,-1
Cyst of pineal gland,21,0.7119642149368666,0.0566564254575634,finding,2,availability,T1ax+T2ax+FLAIRax+FLAIRsag+SWIax,5,-1
Cerebral edema,43,0.9155805434875202,0.5194236768090047,finding,2,availability,T1ax+T2ax+FLAIRax+FLAIRsag+SWIax,5,-1
Mastoiditis,22,0.674025974025974,0.06571465026371748,finding,2,availability,T1ax+T2ax+FLAIRax+FLAIRsag+SWIax,5,-1
Ventriculomegaly,64,0.8999060150375939,0.4599859533452382,finding,2,availability,T1ax+T2ax+FLAIRax+FLAIRsag+SWIax,5,-1
Cerebellar degeneration,39,0.8539427360812537,0.3261502176196776,finding,2,availability,T1ax+T2ax+FLAIRax+FLAIRsag+SWIax,5,-1
Mega cisterna magna,22,0.6712662337662338,0.04504093792951485,finding,2,availability,T1ax+T2ax+FLAIRax+FLAIRsag+SWIax,5,-1
Cerebral infarction,26,0.8285793154214206,0.2842085775706857,finding,2,budget,allinputs,1,1
Cerebral hemorrhage,20,0.8819477434679335,0.18384800834546985,finding,2,budget,allinputs,1,1
Gliosis,284,0.7254252156537843,0.555928562679755,finding,2,budget,allinputs,1,1
Cerebral atrophy,102,0.94015737874097,0.7186457616764261,finding,2,budget,allinputs,1,1
Arachnoid cyst,43,0.7167561121049493,0.10074726910374492,finding,2,budget,allinputs,1,1
Empty sella syndrome,45,0.6314973480212159,0.11117933480774209,finding,2,budget,allinputs,1,1
Cyst of pineal gland,21,0.6916935620859521,0.044924309414727935,finding,2,budget,allinputs,1,1
Cerebral edema,43,0.9192719425277563,0.5430617790634666,finding,2,budget,allinputs,1,1
Mastoiditis,22,0.6490259740259741,0.06097347296224963,finding,2,budget,allinputs,1,1
Ventriculomegaly,64,0.894736842105263,0.4291236782061989,finding,2,budget,allinputs,1,1
Cerebellar degeneration,39,0.8700501604511325,0.28074854311604885,finding,2,budget,allinputs,1,1
Mega cisterna magna,22,0.676461038961039,0.04940320464560835,finding,2,budget,allinputs,1,1
Cerebral infarction,26,0.8343761501656238,0.31381521416477876,finding,2,budget,allinputs,2,2
Cerebral hemorrhage,20,0.8985154394299286,0.17387839133231667,finding,2,budget,allinputs,2,2
Gliosis,284,0.7295859934694674,0.5798575939367739,finding,2,budget,allinputs,2,2
Cerebral atrophy,102,0.9382094943240454,0.7175136812482057,finding,2,budget,allinputs,2,2
Arachnoid cyst,43,0.7274043785671692,0.13563655549576853,finding,2,budget,allinputs,2,2
Empty sella syndrome,45,0.6390316877464981,0.08180848677394753,finding,2,budget,allinputs,2,2
Cyst of pineal gland,21,0.7236283336164431,0.05930357375367436,finding,2,budget,allinputs,2,2
Cerebral edema,43,0.9188744072465003,0.5442778284969926,finding,2,budget,allinputs,2,2
Mastoiditis,22,0.6885822510822511,0.06175966162825991,finding,2,budget,allinputs,2,2
Ventriculomegaly,64,0.8924067982456141,0.44131150223108634,finding,2,budget,allinputs,2,2
Cerebellar degeneration,39,0.8617939371280806,0.3157547230062166,finding,2,budget,allinputs,2,2
Mega cisterna magna,22,0.7031926406926406,0.05502513186004771,finding,2,budget,allinputs,2,2
Cerebral infarction,26,0.8421512697828487,0.3254869795167802,finding,2,budget,allinputs,3,3
Cerebral hemorrhage,20,0.895605700712589,0.19726413950283248,finding,2,budget,allinputs,3,3
Gliosis,284,0.7379562844193187,0.5836813306056634,finding,2,budget,allinputs,3,3
Cerebral atrophy,102,0.943859649122807,0.7334188118519271,finding,2,budget,allinputs,3,3
Arachnoid cyst,43,0.7085214527074992,0.08770211589580604,finding,2,budget,allinputs,3,3
Empty sella syndrome,45,0.6406364749082007,0.08417590120439185,finding,2,budget,allinputs,3,3
Cyst of pineal gland,21,0.7128135439669327,0.057514357486785,finding,2,budget,allinputs,3,3
Cerebral edema,43,0.9239855751483659,0.5152703396897123,finding,2,budget,allinputs,3,3
Mastoiditis,22,0.6685064935064935,0.06478321527790294,finding,2,budget,allinputs,3,3
Ventriculomegaly,64,0.8987899436090224,0.45299047599230086,finding,2,budget,allinputs,3,3
Cerebellar degeneration,39,0.8583356700003115,0.33226727404952433,finding,2,budget,allinputs,3,3
Mega cisterna magna,22,0.6945887445887446,0.04975246899982711,finding,2,budget,allinputs,3,3
Cerebral infarction,26,0.847856091277144,0.34820573032524016,finding,2,budget,allinputs,4,4
Cerebral hemorrhage,20,0.8899049881235155,0.19451749442965244,finding,2,budget,allinputs,4,4
Gliosis,284,0.7378161703786735,0.587976082622309,finding,2,budget,allinputs,4,4
Cerebral atrophy,102,0.9441434468524251,0.7324517716424935,finding,2,budget,allinputs,4,4
Arachnoid cyst,43,0.6967657665332083,0.08330329299200766,finding,2,budget,allinputs,4,4
Empty sella syndrome,45,0.6353597171222631,0.08282039081819767,finding,2,budget,allinputs,4,4
Cyst of pineal gland,21,0.7110016420361247,0.05731833854612149,finding,2,budget,allinputs,4,4
Cerebral edema,43,0.9152965897151943,0.5133287642860203,finding,2,budget,allinputs,4,4
Mastoiditis,22,0.6764069264069265,0.0614564380629158,finding,2,budget,allinputs,4,4
Ventriculomegaly,64,0.9031367481203008,0.4683327707347554,finding,2,budget,allinputs,4,4
Cerebellar degeneration,39,0.8540673583200923,0.3388226582792379,finding,2,budget,allinputs,4,4
Mega cisterna magna,22,0.6871753246753248,0.04932781870650533,finding,2,budget,allinputs,4,4
Cerebral infarction,26,0.8485921972764077,0.33910747320455686,finding,2,budget,allinputs,5,5
Cerebral hemorrhage,20,0.8866389548693587,0.1893122915380447,finding,2,budget,allinputs,5,5
Gliosis,284,0.7377978946342415,0.5897035925954764,finding,2,budget,allinputs,5,5
Cerebral atrophy,102,0.9415892672858617,0.7264433098952809,finding,2,budget,allinputs,5,5
Arachnoid cyst,43,0.7013942130221199,0.08753336285906912,finding,2,budget,allinputs,5,5
Empty sella syndrome,45,0.6338637290901673,0.08388852322183243,finding,2,budget,allinputs,5,5
Cyst of pineal gland,21,0.7121340807428798,0.05678489215306869,finding,2,budget,allinputs,5,5
Cerebral edema,43,0.9153817758468921,0.5187331921362078,finding,2,budget,allinputs,5,5
Mastoiditis,22,0.6737012987012988,0.0660961378185711,finding,2,budget,allinputs,5,5
Ventriculomegaly,64,0.8996318922305765,0.45919061566080815,finding,2,budget,allinputs,5,5
Cerebellar degeneration,39,0.8536934916035767,0.32620964783841405,finding,2,budget,allinputs,5,5
Mega cisterna magna,22,0.6706168831168832,0.04493025013812423,finding,2,budget,allinputs,5,5
Cerebral infarction,26,0.8187338976812661,0.15410435090815547,patient,2,availability,SWIax,1,-1
Cerebral hemorrhage,20,0.8758907363420427,0.14934031912700862,patient,2,availability,SWIax,1,-1
Gliosis,284,0.7022211121399679,0.546163089644393,patient,2,availability,SWIax,1,-1
Cerebral atrophy,102,0.8521284829721361,0.45090430144491606,patient,2,availability,SWIax,1,-1
Arachnoid cyst,43,0.6819433796177982,0.08065778806197374,patient,2,availability,SWIax,1,-1
Empty sella syndrome,45,0.6304093567251462,0.0979952324813457,patient,2,availability,SWIax,1,-1
Cyst of pineal gland,21,0.6956570975595946,0.04498205787021855,patient,2,availability,SWIax,1,-1
Cerebral edema,43,0.8957605701791749,0.40396603019649174,patient,2,availability,SWIax,1,-1
Mastoiditis,22,0.5942640692640693,0.051806509253672875,patient,2,availability,SWIax,1,-1
Ventriculomegaly,64,0.8410870927318296,0.34209815201810123,patient,2,availability,SWIax,1,-1
Cerebellar degeneration,39,0.7984235286786927,0.16531888641903494,patient,2,availability,SWIax,1,-1
Mega cisterna magna,22,0.645887445887446,0.045168203488908945,patient,2,availability,SWIax,1,-1
Cerebral infarction,26,0.819654030180346,0.2516886329382377,patient,2,availability,FLAIRsag,1,-1
Cerebral hemorrhage,20,0.8515439429928741,0.21347913864934576,patient,2,availability,FLAIRsag,1,-1
Gliosis,284,0.7209171986938935,0.5621547100990537,patient,2,availability,FLAIRsag,1,-1
Cerebral atrophy,102,0.9305211558307533,0.7064789567983063,patient,2,availability,FLAIRsag,1,-1
Arachnoid cyst,43,0.6951472300309509,0.10868784490410202,patient,2,availability,FLAIRsag,1,-1
Empty sella syndrome,45,0.624235006119951,0.07659970006366004,patient,2,availability,FLAIRsag,1,-1
Cyst of pineal gland,21,0.7416341090538474,0.0564500191793138,patient,2,availability,FLAIRsag,1,-1
Cerebral edema,43,0.8742652696141068,0.3494668212442109,patient,2,availability,FLAIRsag,1,-1
Mastoiditis,22,0.6784632034632034,0.05424748052858958,patient,2,availability,FLAIRsag,1,-1
Ventriculomegaly,64,0.8739426691729323,0.39471931484352263,patient,2,availability,FLAIRsag,1,-1
Cerebellar degeneration,39,0.8177711312583731,0.2961952249803835,patient,2,availability,FLAIRsag,1,-1
Mega cisterna magna,22,0.5202380952380953,0.04372393497680945,patient,2,availability,FLAIRsag,1,-1
Cerebral infarction,26,0.8312476996687523,0.309512664279395,patient,2,availability,FLAIRax,1,-1
Cerebral hemorrhage,20,0.8750593824228028,0.21750693488647194,patient,2,availability,FLAIRax,1,-1
Gliosis,284,0.7105914030898193,0.5823020166729169,patient,2,availability,FLAIRax,1,-1
Cerebral atrophy,102,0.9372936016511868,0.7115662074089809,patient,2,availability,FLAIRax,1,-1
Arachnoid cyst,43,0.7060794502654968,0.09605800804353386,patient,2,availability,FLAIRax,1,-1
Empty sella syndrome,45,0.6055215558275534,0.07378551387762745,patient,2,availability,FLAIRax,1,-1
Cyst of pineal gland,21,0.7146254458977408,0.06140243002979999,patient,2,availability,FLAIRax,1,-1
Cerebral edema,43,0.9185904534741743,0.5486762394243747,patient,2,availability,FLAIRax,1,-1
Mastoiditis,22,0.6406385281385281,0.06078572445541802,patient,2,availability,FLAIRax,1,-1
Ventriculomegaly,64,0.8923284774436091,0.4195222367826464,patient,2,availability,FLAIRax,1,-1
Cerebellar degeneration,39,0.8657818487709131,0.29416058061913297,patient,2,availability,FLAIRax,1,-1
Mega cisterna magna,22,0.7091450216450217,0.05508071010980581,patient,2,availability,FLAIRax,1,-1
Cerebral infarction,26,0.8464298859035702,0.23190555435349264,patient,2,availability,T2ax,1,-1
Cerebral hemorrhage,20,0.8459619952494062,0.1478375162665211,patient,2,availability,T2ax,1,-1
Gliosis,284,0.7251510794873045,0.5555317514481417,patient,2,availability,T2ax,1,-1
Cerebral atrophy,102,0.9192853457172342,0.6544926473677734,patient,2,availability,T2ax,1,-1
Arachnoid cyst,43,0.7070164977141721,0.0926738601354195,patient,2,availability,T2ax,1,-1
Empty sella syndrome,45,0.6116687066503468,0.08029043118927864,patient,2,availability,T2ax,1,-1
Cyst of pineal gland,21,0.6842194666213691,0.0431965899079096,patient,2,availability,T2ax,1,-1
Cerebral edema,43,0.8745208280092001,0.4087603389254985,patient,2,availability,T2ax,1,-1
Mastoiditis,22,0.6285714285714286,0.060594803952284976,patient,2,availability,T2ax,1,-1
Ventriculomegaly,64,0.8895872493734336,0.3994294742006702,patient,2,availability,T2ax,1,-1
Cerebellar degeneration,39,0.8411066454808861,0.31975713490576835,patient,2,availability,T2ax,1,-1
Mega cisterna magna,22,0.6332251082251082,0.03738517635522733,patient,2,availability,T2ax,1,-1
Cerebral infarction,26,0.8435314685314685,0.2920874417003487,patient,2,availability,T1ax,1,-1
Cerebral hemorrhage,20,0.8562945368171021,0.20210618561628055,patient,2,availability,T1ax,1,-1
Gliosis,284,0.7096106048053024,0.5708784429367996,patient,2,availability,T1ax,1,-1
Cerebral atrophy,102,0.9102941176470589,0.6555270622378517,patient,2,availability,T1ax,1,-1
Arachnoid cyst,43,0.6850100803589175,0.0800032126932228,patient,2,availability,T1ax,1,-1
Empty sella syndrome,45,0.5962464300285597,0.07872827226469464,patient,2,availability,T1ax,1,-1
Cyst of pineal gland,21,0.7055659362437009,0.08618361742663475,patient,2,availability,T1ax,1,-1
Cerebral edema,43,0.8870999801232359,0.46482424948852047,patient,2,availability,T1ax,1,-1
Mastoiditis,22,0.660064935064935,0.0584564711978776,patient,2,availability,T1ax,1,-1
Ventriculomegaly,64,0.8855341478696741,0.38889939389812955,patient,2,availability,T1ax,1,-1
Cerebellar degeneration,39,0.8172414867433093,0.30588398476623413,patient,2,availability,T1ax,1,-1
Mega cisterna magna,22,0.6439935064935065,0.042855399430220646,patient,2,availability,T1ax,1,-1
Cerebral infarction,26,0.8314317261685683,0.25728767457264906,patient,2,availability,FLAIRsag+SWIax,2,-1
Cerebral hemorrhage,20,0.8795724465558195,0.18743059527388556,patient,2,availability,FLAIRsag+SWIax,2,-1
Gliosis,284,0.721502022515717,0.5825238857219317,patient,2,availability,FLAIRsag+SWIax,2,-1
Cerebral atrophy,102,0.9172084623323012,0.6558201530778852,patient,2,availability,FLAIRsag+SWIax,2,-1
Arachnoid cyst,43,0.68909901468041,0.09026791720841316,patient,2,availability,FLAIRsag+SWIax,2,-1
Empty sella syndrome,45,0.6426764585883313,0.08407747484341187,patient,2,availability,FLAIRsag+SWIax,2,-1
Cyst of pineal gland,21,0.726799161995357,0.054665601525640005,patient,2,availability,FLAIRsag+SWIax,2,-1
Cerebral edema,43,0.9059261152284408,0.4438095746622338,patient,2,availability,FLAIRsag+SWIax,2,-1
Mastoiditis,22,0.6521645021645022,0.05558204923267919,patient,2,availability,FLAIRsag+SWIax,2,-1
Ventriculomegaly,64,0.8786810776942355,0.4094697545655433,patient,2,availability,FLAIRsag+SWIax,2,-1
Cerebellar degeneration,39,0.833442377792317,0.30461226966708993,patient,2,availability,FLAIRsag+SWIax,2,-1
Mega cisterna magna,22,0.6143398268398268,0.03979550276280312,patient,2,availability,FLAIRsag+SWIax,2,-1
Cerebral infarction,26,0.8378266470371734,0.34513741942341697,patient,2,availability,FLAIRax+SWIax,2,-1
Cerebral hemorrhage,20,0.8755938242280286,0.16974792004119665,patient,2,availability,FLAIRax+SWIax,2,-1
Gliosis,284,0.7173656123592769,0.5934940596365538,patient,2,availability,FLAIRax+SWIax,2,-1
Cerebral atrophy,102,0.9315789473684211,0.6939636436607914,patient,2,availability,FLAIRax+SWIax,2,-1
Arachnoid cyst,43,0.6985546752988614,0.08849380171744431,patient,2,availability,FLAIRax+SWIax,2,-1
Empty sella syndrome,45,0.6170542635658914,0.07730345509857815,patient,2,availability,FLAIRax+SWIax,2,-1
Cyst of pineal gland,21,0.7268557839306947,0.07722227635077994,patient,2,availability,FLAIRax+SWIax,2,-1
Cerebral edema,43,0.921089246670642,0.5419784843873476,patient,2,availability,FLAIRax+SWIax,2,-1
Mastoiditis,22,0.6265151515151516,0.06255455309161642,patient,2,availability,FLAIRax+SWIax,2,-1
Ventriculomegaly,64,0.8923284774436091,0.4260602349636893,patient,2,availability,FLAIRax+SWIax,2,-1
Cerebellar degeneration,39,0.8644110041436894,0.2871731564496246,patient,2,availability,FLAIRax+SWIax,2,-1
Mega cisterna magna,22,0.6975108225108225,0.05094469000435413,patient,2,availability,FLAIRax+SWIax,2,-1
Cerebral infarction,26,0.8364464482885536,0.3193007633091827,patient,2,availability,FLAIRax+FLAIRsag,2,-1
Cerebral hemorrhage,20,0.880166270783848,0.22761366435234462,patient,2,availability,FLAIRax+FLAIRsag,2,-1
Gliosis,284,0.7213680003898826,0.5882485432697502,patient,2,availability,FLAIRax+FLAIRsag,2,-1
Cerebral atrophy,102,0.9442595459236326,0.7382085345429557,patient,2,availability,FLAIRax+FLAIRsag,2,-1
Arachnoid cyst,43,0.7117017349575488,0.10513754365148917,patient,2,availability,FLAIRax+FLAIRsag,2,-1
Empty sella syndrome,45,0.6137086903304774,0.07586662012147669,patient,2,availability,FLAIRax+FLAIRsag,2,-1
Cyst of pineal gland,21,0.72294887039239,0.056156013001430194,patient,2,availability,FLAIRax+FLAIRsag,2,-1
Cerebral edema,43,0.9200102223358038,0.5515052774439105,patient,2,availability,FLAIRax+FLAIRsag,2,-1
Mastoiditis,22,0.6542207792207793,0.05568390434759651,patient,2,availability,FLAIRax+FLAIRsag,2,-1
Ventriculomegaly,64,0.8933270676691729,0.4171112678807599,patient,2,availability,FLAIRax+FLAIRsag,2,-1
Cerebellar degeneration,39,0.8572140698507649,0.30645901773087564,patient,2,availability,FLAIRax+FLAIRsag,2,-1
Mega cisterna magna,22,0.6911255411255411,0.05013529843120321,patient,2,availability,FLAIRax+FLAIRsag,2,-1
Cerebral infarction,26,0.8496043430253957,0.24473664010278898,patient,2,availability,T2ax+SWIax,2,-1
Cerebral hemorrhage,20,0.8567695961995249,0.15521683669897451,patient,2,availability,T2ax+SWIax,2,-1
Gliosis,284,0.7278619815780496,0.5615201973463878,patient,2,availability,T2ax+SWIax,2,-1
Cerebral atrophy,102,0.9228199174406605,0.6500087529177919,patient,2,availability,T2ax+SWIax,2,-1
Arachnoid cyst,43,0.6970781156827669,0.08645106497135403,patient,2,availability,T2ax+SWIax,2,-1
Empty sella syndrome,45,0.6232014143886848,0.08342354304921433,patient,2,availability,T2ax+SWIax,2,-1
Cyst of pineal gland,21,0.7083404110752506,0.04729042045309949,patient,2,availability,T2ax+SWIax,2,-1
Cerebral edema,43,0.8850839083397223,0.44765832872987266,patient,2,availability,T2ax+SWIax,2,-1
Mastoiditis,22,0.6145021645021644,0.06172749001665098,patient,2,availability,T2ax+SWIax,2,-1
Ventriculomegaly,64,0.889313126566416,0.41614746157835464,patient,2,availability,T2ax+SWIax,2,-1
Cerebellar degeneration,39,0.8460603794747174,0.32656062864111446,patient,2,availability,T2ax+SWIax,2,-1
Mega cisterna magna,22,0.6472402597402598,0.04056840123803023,patient,2,availability,T2ax+SWIax,2,-1
Cerebral infarction,26,0.8489142436510857,0.2860965275200056,patient,2,availability,T2ax+FLAIRsag,2,-1
Cerebral hemorrhage,20,0.8707838479809977,0.19291438906550384,patient,2,availability,T2ax+FLAIRsag,2,-1
Gliosis,284,0.7316998879087675,0.5644640366133877,patient,2,availability,T2ax+FLAIRsag,2,-1
Cerebral atrophy,102,0.9307533539731682,0.6941026170456474,patient,2,availability,T2ax+FLAIRsag,2,-1
Arachnoid cyst,43,0.7103671522276174,0.09626731506685761,patient,2,availability,T2ax+FLAIRsag,2,-1
Empty sella syndrome,45,0.6242622059023528,0.08092803165871325,patient,2,availability,T2ax+FLAIRsag,2,-1
Cyst of pineal gland,21,0.6999603646452636,0.04636585947342963,patient,2,availability,T2ax+FLAIRsag,2,-1
Cerebral edema,43,0.8974642928131301,0.4742617135231597,patient,2,availability,T2ax+FLAIRsag,2,-1
Mastoiditis,22,0.6685064935064935,0.05921671601883484,patient,2,availability,T2ax+FLAIRsag,2,-1
Ventriculomegaly,64,0.8980850563909774,0.4453035803233013,patient,2,availability,T2ax+FLAIRsag,2,-1
Cerebellar degeneration,39,0.8405458454061127,0.31545367751145503,patient,2,availability,T2ax+FLAIRsag,2,-1
Mega cisterna magna,22,0.6335497835497835,0.038280904390168166,patient,2,availability,T2ax+FLAIRsag,2,-1
Cerebral infarction,26,0.8458317997791682,0.3293054762578539,patient,2,availability,T2ax+FLAIRax,2,-1
Cerebral hemorrhage,20,0.8729216152019003,0.18210551013955759,patient,2,availability,T2ax+FLAIRax,2,-1
Gliosis,284,0.7259795799015547,0.579696755532837,patient,2,availability,T2ax+FLAIRax,2,-1
Cerebral atrophy,102,0.9367518059855521,0.7070309380770528,patient,2,availability,T2ax+FLAIRax,2,-1
Arachnoid cyst,43,0.7074140329954283,0.09341269895929782,patient,2,availability,T2ax+FLAIRax,2,-1
Empty sella syndrome,45,0.6088399292805657,0.07789719264402342,patient,2,availability,T2ax+FLAIRax,2,-1
Cyst of pineal gland,21,0.7108317762301115,0.05401187430083523,patient,2,availability,T2ax+FLAIRax,2,-1
Cerebral edema,43,0.911207655393702,0.5419711542171388,patient,2,availability,T2ax+FLAIRax,2,-1
Mastoiditis,22,0.6419372294372294,0.06260203596104721,patient,2,availability,T2ax+FLAIRax,2,-1
Ventriculomegaly,64,0.9009437656641603,0.430107803072796,patient,2,availability,T2ax+FLAIRax,2,-1
Cerebellar degeneration,39,0.8595818923886968,0.30726847359377113,patient,2,availability,T2ax+FLAIRax,2,-1
Mega cisterna magna,22,0.6775432900432902,0.04507613973814073,patient,2,availability,T2ax+FLAIRax,2,-1
Cerebral infarction,26,0.8494203165255797,0.2790243927525053,patient,2,availability,T1ax+SWIax,2,-1
Cerebral hemorrhage,20,0.8640142517814727,0.1848268627563498,patient,2,availability,T1ax+SWIax,2,-1
Gliosis,284,0.7193211170134997,0.5804960800245754,patient,2,availability,T1ax+SWIax,2,-1
Cerebral atrophy,102,0.9102038183694531,0.631838457634368,patient,2,availability,T1ax+SWIax,2,-1
Arachnoid cyst,43,0.6844705681914983,0.07949116971450254,patient,2,availability,T1ax+SWIax,2,-1
Empty sella syndrome,45,0.6120495036039711,0.0903781422359257,patient,2,availability,T1ax+SWIax,2,-1
Cyst of pineal gland,21,0.7162674820225354,0.08549252236956008,patient,2,availability,T1ax+SWIax,2,-1
Cerebral edema,43,0.8973223159269671,0.5023004250002449,patient,2,availability,T1ax+SWIax,2,-1
Mastoiditis,22,0.6232683982683983,0.062406995382769406,patient,2,availability,T1ax+SWIax,2,-1
Ventriculomegaly,64,0.8881774749373433,0.397480082605993,patient,2,availability,T1ax+SWIax,2,-1
Cerebellar degeneration,39,0.8330061999563823,0.27424936673298933,patient,2,availability,T1ax+SWIax,2,-1
Mega cisterna magna,22,0.6525974025974026,0.043760704900125943,patient,2,availability,T1ax+SWIax,2,-1
Cerebral infarction,26,0.8467519322782481,0.31495624497600977,patient,2,availability,T1ax+FLAIRsag,2,-1
Cerebral hemorrhage,20,0.8681116389548694,0.2233702646406532,patient,2,availability,T1ax+FLAIRsag,2,-1
Gliosis,284,0.7246637263024513,0.5849794392095968,patient,2,availability,T1ax+FLAIRsag,2,-1
Cerebral atrophy,102,0.9340041279669763,0.7228434186710205,patient,2,availability,T1ax+FLAIRsag,2,-1
Arachnoid cyst,43,0.6930459721157396,0.08844139825935082,patient,2,availability,T1ax+FLAIRsag,2,-1
Empty sella syndrome,45,0.6242622059023528,0.07890312053434467,patient,2,availability,T1ax+FLAIRsag,2,-1
Cyst of pineal gland,21,0.7153615310571315,0.05848111167577048,patient,2,availability,T1ax+FLAIRsag,2,-1
Cerebral edema,43,0.9047335093846721,0.49375480500662405,patient,2,availability,T1ax+FLAIRsag,2,-1
Mastoiditis,22,0.6818722943722944,0.0565734575824897,patient,2,availability,T1ax+FLAIRsag,2,-1
Ventriculomegaly,64,0.8951480263157894,0.4304168728023036,patient,2,availability,T1ax+FLAIRsag,2,-1
Cerebellar degeneration,39,0.8264323768576503,0.3410511439746446,patient,2,availability,T1ax+FLAIRsag,2,-1
Mega cisterna magna,22,0.6221861471861472,0.04598141878392297,patient,2,availability,T1ax+FLAIRsag,2,-1
Cerebral infarction,26,0.8431634155318366,0.3470189877820144,patient,2,availability,T1ax+FLAIRax,2,-1
Cerebral hemorrhage,20,0.877019002375297,0.1915167613615379,patient,2,availability,T1ax+FLAIRax,2,-1
Gliosis,284,0.716393951946976,0.5899585151343822,patient,2,availability,T1ax+FLAIRax,2,-1
Cerebral atrophy,102,0.9382739938080495,0.7258178431463352,patient,2,availability,T1ax+FLAIRax,2,-1
Arachnoid cyst,43,0.6998608626515602,0.0890809083241501,patient,2,availability,T1ax+FLAIRax,2,-1
Empty sella syndrome,45,0.5990752073983409,0.07392735407125103,patient,2,availability,T1ax+FLAIRax,2,-1
Cyst of pineal gland,21,0.7104354226827473,0.07487106141973014,patient,2,availability,T1ax+FLAIRax,2,-1
Cerebral edema,43,0.9174262430076382,0.5583876619910692,patient,2,availability,T1ax+FLAIRax,2,-1
Mastoiditis,22,0.6491341991341991,0.06081353039469073,patient,2,availability,T1ax+FLAIRax,2,-1
Ventriculomegaly,64,0.8988878446115289,0.43301226102188767,patient,2,availability,T1ax+FLAIRax,2,-1
Cerebellar degeneration,39,0.8594261145901486,0.31415402002467036,patient,2,availability,T1ax+FLAIRax,2,-1
Mega cisterna magna,22,0.6892857142857143,0.04863824268067344,patient,2,availability,T1ax+FLAIRax,2,-1
Cerebral infarction,26,0.8552631578947368,0.30914591511575834,patient,2,availability,T1ax+T2ax,2,-1
Cerebral hemorrhage,20,0.8633610451306413,0.19398913569854206,patient,2,availability,T1ax+T2ax,2,-1
Gliosis,284,0.7276974998781618,0.5749369949819659,patient,2,availability,T1ax+T2ax,2,-1
Cerebral atrophy,102,0.9271413828689371,0.6839063641238353,patient,2,availability,T1ax+T2ax,2,-1
Arachnoid cyst,43,0.702899168015447,0.08862674489341779,patient,2,availability,T1ax+T2ax,2,-1
Empty sella syndrome,45,0.6072351421188631,0.07959917942639352,patient,2,availability,T1ax+T2ax,2,-1
Cyst of pineal gland,21,0.7034143027008662,0.05648127881940141,patient,2,availability,T1ax+T2ax,2,-1
Cerebral edema,43,0.8942556151858476,0.49776932172623817,patient,2,availability,T1ax+T2ax,2,-1
Mastoiditis,22,0.6458874458874458,0.06334550982509105,patient,2,availability,T1ax+T2ax,2,-1
Ventriculomegaly,64,0.8999647556390978,0.4276289370766531,patient,2,availability,T1ax+T2ax,2,-1
Cerebellar degeneration,39,0.8407950898837897,0.3523993883364699,patient,2,availability,T1ax+T2ax,2,-1
Mega cisterna magna,22,0.6441017316017317,0.039152084387701874,patient,2,availability,T1ax+T2ax,2,-1
Cerebral infarction,26,0.8396669120353331,0.333832358065383,patient,2,availability,FLAIRax+FLAIRsag+SWIax,3,-1
Cerebral hemorrhage,20,0.8802850356294537,0.19247874713982802,patient,2,availability,FLAIRax+FLAIRsag+SWIax,3,-1
Gliosis,284,0.7240849943954384,0.5965166374847958,patient,2,availability,FLAIRax+FLAIRsag+SWIax,3,-1
Cerebral atrophy,102,0.9380546955624355,0.7203212532728308,patient,2,availability,FLAIRax+FLAIRsag+SWIax,3,-1
Arachnoid cyst,43,0.7042337507453785,0.09431799239548597,patient,2,availability,FLAIRax+FLAIRsag+SWIax,3,-1
Empty sella syndrome,45,0.6240718074255406,0.07859132787379264,patient,2,availability,FLAIRax+FLAIRsag+SWIax,3,-1
Cyst of pineal gland,21,0.7271955155427212,0.06028596002987046,patient,2,availability,FLAIRax+FLAIRsag+SWIax,3,-1
Cerebral edema,43,0.9212880143112702,0.5297453646977521,patient,2,availability,FLAIRax+FLAIRsag+SWIax,3,-1
Mastoiditis,22,0.643560606060606,0.058433933044787265,patient,2,availability,FLAIRax+FLAIRsag+SWIax,3,-1
Ventriculomegaly,64,0.8935228696741855,0.43163486348282204,patient,2,availability,FLAIRax+FLAIRsag+SWIax,3,-1
Cerebellar degeneration,39,0.8589899367542138,0.3023484568216932,patient,2,availability,FLAIRax+FLAIRsag+SWIax,3,-1
Mega cisterna magna,22,0.6832251082251082,0.04742467272096228,patient,2,availability,FLAIRax+FLAIRsag+SWIax,3,-1
Cerebral infarction,26,0.8492822966507177,0.287672215258235,patient,2,availability,T2ax+FLAIRsag+SWIax,3,-1
Cerebral hemorrhage,20,0.8733372921615201,0.17803199358191762,patient,2,availability,T2ax+FLAIRsag+SWIax,3,-1
Gliosis,284,0.7326258589599883,0.5719175277346734,patient,2,availability,T2ax+FLAIRsag+SWIax,3,-1
Cerebral atrophy,102,0.9311403508771929,0.6908376962066417,patient,2,availability,T2ax+FLAIRsag+SWIax,3,-1
Arachnoid cyst,43,0.702558423488656,0.09046931664793567,patient,2,availability,T2ax+FLAIRsag+SWIax,3,-1
Empty sella syndrome,45,0.6328573371413029,0.0829005810006894,patient,2,availability,T2ax+FLAIRsag+SWIax,3,-1
Cyst of pineal gland,21,0.7160976162165222,0.0508558543370907,patient,2,availability,T2ax+FLAIRsag+SWIax,3,-1
Cerebral edema,43,0.9003890166680865,0.46857052223905943,patient,2,availability,T2ax+FLAIRsag+SWIax,3,-1
Mastoiditis,22,0.6489718614718615,0.05724780956988532,patient,2,availability,T2ax+FLAIRsag+SWIax,3,-1
Ventriculomegaly,64,0.8948347431077694,0.4399769222730436,patient,2,availability,T2ax+FLAIRsag+SWIax,3,-1
Cerebellar degeneration,39,0.8436302458173661,0.3524941927007357,patient,2,availability,T2ax+FLAIRsag+SWIax,3,-1
Mega cisterna magna,22,0.6427489177489177,0.039869759248262575,patient,2,availability,T2ax+FLAIRsag+SWIax,3,-1
Cerebral infarction,26,0.8464298859035702,0.33024060396130117,patient,2,availability,T2ax+FLAIRax+SWIax,3,-1
Cerebral hemorrhage,20,0.8724465558194774,0.17113029334335245,patient,2,availability,T2ax+FLAIRax+SWIax,3,-1
Gliosis,284,0.7282884156147961,0.5859624103934754,patient,2,availability,T2ax+FLAIRax+SWIax,3,-1
Cerebral atrophy,102,0.9356424148606811,0.7036217552515395,patient,2,availability,T2ax+FLAIRax+SWIax,3,-1
Arachnoid cyst,43,0.7033534940511684,0.08977200873946498,patient,2,availability,T2ax+FLAIRax+SWIax,3,-1
Empty sella syndrome,45,0.6144702842377261,0.07847617914182195,patient,2,availability,T2ax+FLAIRax+SWIax,3,-1
Cyst of pineal gland,21,0.715927750410509,0.05634408432739142,patient,2,availability,T2ax+FLAIRax+SWIax,3,-1
Cerebral edema,43,0.9115767952977255,0.5300629433961617,patient,2,availability,T2ax+FLAIRax+SWIax,3,-1
Mastoiditis,22,0.6326298701298702,0.06209747777872014,patient,2,availability,T2ax+FLAIRax+SWIax,3,-1
Ventriculomegaly,64,0.8996906328320802,0.43621687650727925,patient,2,availability,T2ax+FLAIRax+SWIax,3,-1
Cerebellar degeneration,39,0.8600180702246316,0.3283757023702756,patient,2,availability,T2ax+FLAIRax+SWIax,3,-1
Mega cisterna magna,22,0.676948051948052,0.04544008136042907,patient,2,availability,T2ax+FLAIRax+SWIax,3,-1
Cerebral infarction,26,0.8461538461538461,0.3393186012499555,patient,2,availability,T2ax+FLAIRax+FLAIRsag,3,-1
Cerebral hemorrhage,20,0.879394299287411,0.19776088458368477,patient,2,availability,T2ax+FLAIRax+FLAIRsag,3,-1
Gliosis,284,0.729445879428822,0.5821097846857646,patient,2,availability,T2ax+FLAIRax+FLAIRsag,3,-1
Cerebral atrophy,102,0.9404669762641898,0.7183202939097146,patient,2,availability,T2ax+FLAIRax+FLAIRsag,3,-1
Arachnoid cyst,43,0.7108214782633387,0.09856816739767536,patient,2,availability,T2ax+FLAIRax+FLAIRsag,3,-1
Empty sella syndrome,45,0.6157214742282062,0.07863804001472068,patient,2,availability,T2ax+FLAIRax+FLAIRsag,3,-1
Cyst of pineal gland,21,0.7141724704150387,0.05512354234814603,patient,2,availability,T2ax+FLAIRax+FLAIRsag,3,-1
Cerebral edema,43,0.9147570775477752,0.5182401011734213,patient,2,availability,T2ax+FLAIRax+FLAIRsag,3,-1
Mastoiditis,22,0.6573593073593074,0.06258890760733747,patient,2,availability,T2ax+FLAIRax+FLAIRsag,3,-1
Ventriculomegaly,64,0.9006696428571428,0.4405790839143276,patient,2,availability,T2ax+FLAIRax+FLAIRsag,3,-1
Cerebellar degeneration,39,0.8555005140667353,0.3210472887988897,patient,2,availability,T2ax+FLAIRax+FLAIRsag,3,-1
Mega cisterna magna,22,0.6714285714285715,0.04448576823151958,patient,2,availability,T2ax+FLAIRax+FLAIRsag,3,-1
Cerebral infarction,26,0.8494663231505337,0.31396278138972117,patient,2,availability,T1ax+FLAIRsag+SWIax,3,-1
Cerebral hemorrhage,20,0.8756532066508312,0.1994275157140126,patient,2,availability,T1ax+FLAIRsag+SWIax,3,-1
Gliosis,284,0.726296359471709,0.5895783209252972,patient,2,availability,T1ax+FLAIRsag+SWIax,3,-1
Cerebral atrophy,102,0.9277605779153766,0.6997499418942553,patient,2,availability,T1ax+FLAIRsag+SWIax,3,-1
Arachnoid cyst,43,0.6916829940085754,0.08618650161023374,patient,2,availability,T1ax+FLAIRsag+SWIax,3,-1
Empty sella syndrome,45,0.630110159118727,0.08214002784681806,patient,2,availability,T1ax+FLAIRsag+SWIax,3,-1
Cyst of pineal gland,21,0.7192684445954363,0.06270213440945577,patient,2,availability,T1ax+FLAIRsag+SWIax,3,-1
Cerebral edema,43,0.9087656529516994,0.4883488389337277,patient,2,availability,T1ax+FLAIRsag+SWIax,3,-1
Mastoiditis,22,0.6557359307359307,0.05739333303407869,patient,2,availability,T1ax+FLAIRsag+SWIax,3,-1
Ventriculomegaly,64,0.8920739348370926,0.43637584378816824,patient,2,availability,T1ax+FLAIRsag+SWIax,3,-1
Cerebellar degeneration,39,0.8376483783531171,0.3389048551568131,patient,2,availability,T1ax+FLAIRsag+SWIax,3,-1
Mega cisterna magna,22,0.6354978354978356,0.042235982226890637,patient,2,availability,T1ax+FLAIRsag+SWIax,3,-1
Cerebral infarction,26,0.8455097534044903,0.3431705808818006,patient,2,availability,T1ax+FLAIRax+SWIax,3,-1
Cerebral hemorrhage,20,0.8767220902612826,0.180171921274885,patient,2,availability,T1ax+FLAIRax+SWIax,3,-1
Gliosis,284,0.7214350114527999,0.5964641003567571,patient,2,availability,T1ax+FLAIRax+SWIax,3,-1
Cerebral atrophy,102,0.9346620227038184,0.7114541054495787,patient,2,availability,T1ax+FLAIRax+SWIax,3,-1
Arachnoid cyst,43,0.6963114404974869,0.0869965885008966,patient,2,availability,T1ax+FLAIRax+SWIax,3,-1
Empty sella syndrome,45,0.6106895144838841,0.07743060229449855,patient,2,availability,T1ax+FLAIRax+SWIax,3,-1
Cyst of pineal gland,21,0.7169469452465885,0.07705356142831986,patient,2,availability,T1ax+FLAIRax+SWIax,3,-1
Cerebral edema,43,0.9182213135701508,0.5555357548312523,patient,2,availability,T1ax+FLAIRax+SWIax,3,-1
Mastoiditis,22,0.6362554112554113,0.06117057043254056,patient,2,availability,T1ax+FLAIRax+SWIax,3,-1
Ventriculomegaly,64,0.8974584899749374,0.4402225536571618,patient,2,availability,T1ax+FLAIRax+SWIax,3,-1
Cerebellar degeneration,39,0.8600492257843412,0.3094146356145528,patient,2,availability,T1ax+FLAIRax+SWIax,3,-1
Mega cisterna magna,22,0.6856601731601731,0.04721673087731482,patient,2,availability,T1ax+FLAIRax+SWIax,3,-1
Cerebral infarction,26,0.8448196540301804,0.3390716140785553,patient,2,availability,T1ax+FLAIRax+FLAIRsag,3,-1
Cerebral hemorrhage,20,0.8805225653206651,0.2168449663514925,patient,2,availability,T1ax+FLAIRax+FLAIRsag,3,-1
Gliosis,284,0.7233478727033482,0.5937648721526758,patient,2,availability,T1ax+FLAIRax+FLAIRsag,3,-1
Cerebral atrophy,102,0.9428534571723427,0.7398192178482339,patient,2,availability,T1ax+FLAIRax+FLAIRsag,3,-1
Arachnoid cyst,43,0.7040917738592158,0.09423253821968373,patient,2,availability,T1ax+FLAIRax+FLAIRsag,3,-1
Empty sella syndrome,45,0.6114783081735347,0.07651175852769922,patient,2,availability,T1ax+FLAIRax+FLAIRsag,3,-1
Cyst of pineal gland,21,0.7145122020270652,0.06196607656006961,patient,2,availability,T1ax+FLAIRax+FLAIRsag,3,-1
Cerebral edema,43,0.9199818269585711,0.5576955089469016,patient,2,availability,T1ax+FLAIRax+FLAIRsag,3,-1
Mastoiditis,22,0.6589285714285713,0.05860900950504468,patient,2,availability,T1ax+FLAIRax+FLAIRsag,3,-1
Ventriculomegaly,64,0.8989857456140351,0.4455531217433766,patient,2,availability,T1ax+FLAIRax+FLAIRsag,3,-1
Cerebellar degeneration,39,0.8549708695516715,0.3262920806951788,patient,2,availability,T1ax+FLAIRax+FLAIRsag,3,-1
Mega cisterna magna,22,0.6774891774891776,0.04680795658791608,patient,2,availability,T1ax+FLAIRax+FLAIRsag,3,-1
Cerebral infarction,26,0.8554931910195068,0.2982255612220196,patient,2,availability,T1ax+T2ax+SWIax,3,-1
Cerebral hemorrhage,20,0.8663895486935866,0.19462113900297148,patient,2,availability,T1ax+T2ax+SWIax,3,-1
Gliosis,284,0.7299636921877285,0.5794433406664979,patient,2,availability,T1ax+T2ax+SWIax,3,-1
Cerebral atrophy,102,0.9282765737874097,0.6760069754339108,patient,2,availability,T1ax+T2ax+SWIax,3,-1
Arachnoid cyst,43,0.6978731862452793,0.08588249022507283,patient,2,availability,T1ax+T2ax+SWIax,3,-1
Empty sella syndrome,45,0.616156670746634,0.08230310647865506,patient,2,availability,T1ax+T2ax+SWIax,3,-1
Cyst of pineal gland,21,0.710492044618085,0.05789716827825205,patient,2,availability,T1ax+T2ax+SWIax,3,-1
Cerebral edema,43,0.8975778743220604,0.5089494855332826,patient,2,availability,T1ax+T2ax+SWIax,3,-1
Mastoiditis,22,0.6307900432900433,0.06309030768235604,patient,2,availability,T1ax+T2ax+SWIax,3,-1
Ventriculomegaly,64,0.8975563909774436,0.4339419966197077,patient,2,availability,T1ax+T2ax+SWIax,3,-1
Cerebellar degeneration,39,0.8439729569741721,0.35183851736976546,patient,2,availability,T1ax+T2ax+SWIax,3,-1
Mega cisterna magna,22,0.6502164502164502,0.04037435213842415,patient,2,availability,T1ax+T2ax+SWIax,3,-1
Cerebral infarction,26,0.8547110783952889,0.3310662687548562,patient,2,availability,T1ax+T2ax+FLAIRsag,3,-1
Cerebral hemorrhage,20,0.8739904988123516,0.20852843719741207,patient,2,availability,T1ax+T2ax+FLAIRsag,3,-1
Gliosis,284,0.7328999951264681,0.5786528661936362,patient,2,availability,T1ax+T2ax+FLAIRsag,3,-1
Cerebral atrophy,102,0.9342750257997936,0.7052950187856921,patient,2,availability,T1ax+T2ax+FLAIRsag,3,-1
Arachnoid cyst,43,0.7015077945310503,0.09163158828183364,patient,2,availability,T1ax+T2ax+FLAIRsag,3,-1
Empty sella syndrome,45,0.6202910376716987,0.07983552086664791,patient,2,availability,T1ax+T2ax+FLAIRsag,3,-1
Cyst of pineal gland,21,0.7051695826963366,0.05404912219627484,patient,2,availability,T1ax+T2ax+FLAIRsag,3,-1
Cerebral edema,43,0.9041088110855553,0.501859864439206,patient,2,availability,T1ax+T2ax+FLAIRsag,3,-1
Mastoiditis,22,0.6686147186147187,0.06166747880107483,patient,2,availability,T1ax+T2ax+FLAIRsag,3,-1
Ventriculomegaly,64,0.9026080827067671,0.4544230005272976,patient,2,availability,T1ax+T2ax+FLAIRsag,3,-1
Cerebellar degeneration,39,0.8395488674954046,0.3403548898587048,patient,2,availability,T1ax+T2ax+FLAIRsag,3,-1
Mega cisterna magna,22,0.6412337662337663,0.039177226647871224,patient,2,availability,T1ax+T2ax+FLAIRsag,3,-1
Cerebral infarction,26,0.8505704821494295,0.35376350336397855,patient,2,availability,T1ax+T2ax+FLAIRax,3,-1
Cerebral hemorrhage,20,0.8749406175771971,0.19219252898388678,patient,2,availability,T1ax+T2ax+FLAIRax,3,-1
Gliosis,284,0.7269542862712608,0.5861222420237873,patient,2,availability,T1ax+T2ax+FLAIRax,3,-1
Cerebral atrophy,102,0.937874097007224,0.7141289172182598,patient,2,availability,T1ax+T2ax+FLAIRax,3,-1
Arachnoid cyst,43,0.7042337507453786,0.0905552677702718,patient,2,availability,T1ax+T2ax+FLAIRax,3,-1
Empty sella syndrome,45,0.6038623691010472,0.0764076806891223,patient,2,availability,T1ax+T2ax+FLAIRax,3,-1
Cyst of pineal gland,21,0.706641753015118,0.056378040128486094,patient,2,availability,T1ax+T2ax+FLAIRax,3,-1
Cerebral edema,43,0.9119175398245165,0.5479908229785442,patient,2,availability,T1ax+T2ax+FLAIRax,3,-1
Mastoiditis,22,0.6488095238095237,0.06427897318957004,patient,2,availability,T1ax+T2ax+FLAIRax,3,-1
Ventriculomegaly,64,0.9034500313283208,0.4447035602542623,patient,2,availability,T1ax+T2ax+FLAIRax,3,-1
Cerebellar degeneration,39,0.8560613141415085,0.33191916760158724,patient,2,availability,T1ax+T2ax+FLAIRax,3,-1
Mega cisterna magna,22,0.6741883116883117,0.0444301614846324,patient,2,availability,T1ax+T2ax+FLAIRax,3,-1
Cerebral infarction,26,0.8461538461538461,0.3355229099427977,patient,2,availability,T2ax+FLAIRax+FLAIRsag+SWIax,4,-1
Cerebral hemorrhage,20,0.8790380047505937,0.1808325036056744,patient,2,availability,T2ax+FLAIRax+FLAIRsag+SWIax,4,-1
Gliosis,284,0.7307982845167893,0.5873237864880714,patient,2,availability,T2ax+FLAIRax+FLAIRsag+SWIax,4,-1
Cerebral atrophy,102,0.9389060887512899,0.718030292622922,patient,2,availability,T2ax+FLAIRax+FLAIRsag+SWIax,4,-1
Arachnoid cyst,43,0.7056819149842405,0.0933243996413196,patient,2,availability,T2ax+FLAIRax+FLAIRsag+SWIax,4,-1
Empty sella syndrome,45,0.6213518291853666,0.07953583635102096,patient,2,availability,T2ax+FLAIRax+FLAIRsag+SWIax,4,-1
Cyst of pineal gland,21,0.7180227620180057,0.056962238939324936,patient,2,availability,T2ax+FLAIRax+FLAIRsag+SWIax,4,-1
Cerebral edema,43,0.9145299145299146,0.5133804388120348,patient,2,availability,T2ax+FLAIRax+FLAIRsag+SWIax,4,-1
Mastoiditis,22,0.6463203463203463,0.06049092413372764,patient,2,availability,T2ax+FLAIRax+FLAIRsag+SWIax,4,-1
Ventriculomegaly,64,0.8996514724310777,0.4404555226810579,patient,2,availability,T2ax+FLAIRax+FLAIRsag+SWIax,4,-1
Cerebellar degeneration,39,0.8567467364551203,0.3270148306425695,patient,2,availability,T2ax+FLAIRax+FLAIRsag+SWIax,4,-1
Mega cisterna magna,22,0.6714826839826841,0.044704077545313047,patient,2,availability,T2ax+FLAIRax+FLAIRsag+SWIax,4,-1
Cerebral infarction,26,0.8465218991534781,0.3458279628336793,patient,2,availability,T1ax+FLAIRax+FLAIRsag+SWIax,4,-1
Cerebral hemorrhage,20,0.8808194774346794,0.1980476887579302,patient,2,availability,T1ax+FLAIRax+FLAIRsag+SWIax,4,-1
Gliosis,284,0.7256628003314001,0.5973783624877065,patient,2,availability,T1ax+FLAIRax+FLAIRsag+SWIax,4,-1
Cerebral atrophy,102,0.9392801857585139,0.7317153171472431,patient,2,availability,T1ax+FLAIRax+FLAIRsag+SWIax,4,-1
Arachnoid cyst,43,0.7008830962319335,0.09164057538818267,patient,2,availability,T1ax+FLAIRax+FLAIRsag+SWIax,4,-1
Empty sella syndrome,45,0.6192846457228343,0.07877016367108299,patient,2,availability,T1ax+FLAIRax+FLAIRsag+SWIax,4,-1
Cyst of pineal gland,21,0.7188154691127342,0.06784136123752726,patient,2,availability,T1ax+FLAIRax+FLAIRsag+SWIax,4,-1
Cerebral edema,43,0.9203225714853621,0.5414856410778423,patient,2,availability,T1ax+FLAIRax+FLAIRsag+SWIax,4,-1
Mastoiditis,22,0.6491341991341991,0.058809199245553764,patient,2,availability,T1ax+FLAIRax+FLAIRsag+SWIax,4,-1
Ventriculomegaly,64,0.8980850563909774,0.44758551793230383,patient,2,availability,T1ax+FLAIRax+FLAIRsag+SWIax,4,-1
Cerebellar degeneration,39,0.8566844253357011,0.3206562447658902,patient,2,availability,T1ax+FLAIRax+FLAIRsag+SWIax,4,-1
Mega cisterna magna,22,0.6757575757575759,0.04601004207976891,patient,2,availability,T1ax+FLAIRax+FLAIRsag+SWIax,4,-1
Cerebral infarction,26,0.8554011777695988,0.3199899991042013,patient,2,availability,T1ax+T2ax+FLAIRsag+SWIax,4,-1
Cerebral hemorrhage,20,0.8757125890736341,0.19096898662875214,patient,2,availability,T1ax+T2ax+FLAIRsag+SWIax,4,-1
Gliosis,284,0.7330949364004093,0.5819861949580994,patient,2,availability,T1ax+T2ax+FLAIRsag+SWIax,4,-1
Cerebral atrophy,102,0.9339525283797729,0.7023278602651456,patient,2,availability,T1ax+T2ax+FLAIRsag+SWIax,4,-1
Arachnoid cyst,43,0.6988386290711872,0.08979950884563448,patient,2,availability,T1ax+T2ax+FLAIRsag+SWIax,4,-1
Empty sella syndrome,45,0.6261933904528764,0.08150121636890628,patient,2,availability,T1ax+T2ax+FLAIRsag+SWIax,4,-1
Cyst of pineal gland,21,0.7127003000962573,0.056416390402862886,patient,2,availability,T1ax+T2ax+FLAIRsag+SWIax,4,-1
Cerebral edema,43,0.9050458585342306,0.504728091030977,patient,2,availability,T1ax+T2ax+FLAIRsag+SWIax,4,-1
Mastoiditis,22,0.6518939393939395,0.05931854416208952,patient,2,availability,T1ax+T2ax+FLAIRsag+SWIax,4,-1
Ventriculomegaly,64,0.8997297932330827,0.4491965193835769,patient,2,availability,T1ax+T2ax+FLAIRsag+SWIax,4,-1
Cerebellar degeneration,39,0.8440975792130105,0.35966750514199536,patient,2,availability,T1ax+T2ax+FLAIRsag+SWIax,4,-1
Mega cisterna magna,22,0.6477813852813854,0.04031838196134717,patient,2,availability,T1ax+T2ax+FLAIRsag+SWIax,4,-1
Cerebral infarction,26,0.8503404490246596,0.35164698692252794,patient,2,availability,T1ax+T2ax+FLAIRax+SWIax,4,-1
Cerebral hemorrhage,20,0.8747624703087886,0.1865210259208633,patient,2,availability,T1ax+T2ax+FLAIRax+SWIax,4,-1
Gliosis,284,0.7280812905112335,0.5891467990363036,patient,2,availability,T1ax+T2ax+FLAIRax+SWIax,4,-1
Cerebral atrophy,102,0.9364938080495356,0.709036603601512,patient,2,availability,T1ax+T2ax+FLAIRax+SWIax,4,-1
Arachnoid cyst,43,0.7013942130221199,0.08916440061936064,patient,2,availability,T1ax+T2ax+FLAIRax+SWIax,4,-1
Empty sella syndrome,45,0.6116687066503468,0.07832013217820825,patient,2,availability,T1ax+T2ax+FLAIRax+SWIax,4,-1
Cyst of pineal gland,21,0.711850971066191,0.058014560264399107,patient,2,availability,T1ax+T2ax+FLAIRax+SWIax,4,-1
Cerebral edema,43,0.9120027259562143,0.5258858154428084,patient,2,availability,T1ax+T2ax+FLAIRax+SWIax,4,-1
Mastoiditis,22,0.6383658008658009,0.061882598331542416,patient,2,availability,T1ax+T2ax+FLAIRax+SWIax,4,-1
Ventriculomegaly,64,0.9021185776942356,0.44641540788785383,patient,2,availability,T1ax+T2ax+FLAIRax+SWIax,4,-1
Cerebellar degeneration,39,0.8574944698881515,0.3375550782159638,patient,2,availability,T1ax+T2ax+FLAIRax+SWIax,4,-1
Mega cisterna magna,22,0.6742424242424243,0.0445788672169642,patient,2,availability,T1ax+T2ax+FLAIRax+SWIax,4,-1
Cerebral infarction,26,0.8513986013986015,0.35960062545373594,patient,2,availability,T1ax+T2ax+FLAIRax+FLAIRsag,4,-1
Cerebral hemorrhage,20,0.8792755344418053,0.20304026507079692,patient,2,availability,T1ax+T2ax+FLAIRax+FLAIRsag,4,-1
Gliosis,284,0.7298966811248111,0.5867623457593922,patient,2,availability,T1ax+T2ax+FLAIRax+FLAIRsag,4,-1
Cerebral atrophy,102,0.9411119711042312,0.7264324398700336,patient,2,availability,T1ax+T2ax+FLAIRax+FLAIRsag,4,-1
Arachnoid cyst,43,0.7057387057387058,0.09325767879050069,patient,2,availability,T1ax+T2ax+FLAIRax+FLAIRsag,4,-1
Empty sella syndrome,45,0.6128110975112199,0.07759139697842138,patient,2,availability,T1ax+T2ax+FLAIRax+FLAIRsag,4,-1
Cyst of pineal gland,21,0.7099824472000452,0.05905906702768493,patient,2,availability,T1ax+T2ax+FLAIRax+FLAIRsag,4,-1
Cerebral edema,43,0.9143311468892864,0.5268461787801213,patient,2,availability,T1ax+T2ax+FLAIRax+FLAIRsag,4,-1
Mastoiditis,22,0.6602813852813852,0.06074616720232211,patient,2,availability,T1ax+T2ax+FLAIRax+FLAIRsag,4,-1
Ventriculomegaly,64,0.9029801065162907,0.44643610570152925,patient,2,availability,T1ax+T2ax+FLAIRax+FLAIRsag,4,-1
Cerebellar degeneration,39,0.8534130915661899,0.3319373416918465,patient,2,availability,T1ax+T2ax+FLAIRax+FLAIRsag,4,-1
Mega cisterna magna,22,0.6693181818181818,0.043716890381963566,patient,2,availability,T1ax+T2ax+FLAIRax+FLAIRsag,4,-1
Cerebral infarction,26,0.8502944423997055,0.3490480994728042,patient,2,availability,T1ax+T2ax+FLAIRax+FLAIRsag+SWIax,5,-1
Cerebral hemorrhage,20,0.879809976247031,0.19138713015248457,patient,2,availability,T1ax+T2ax+FLAIRax+FLAIRsag+SWIax,5,-1
Gliosis,284,0.7310358691944052,0.5918889092414876,patient,2,availability,T1ax+T2ax+FLAIRax+FLAIRsag+SWIax,5,-1
Cerebral atrophy,102,0.9394736842105262,0.7208553106517439,patient,2,availability,T1ax+T2ax+FLAIRax+FLAIRsag+SWIax,5,-1
Arachnoid cyst,43,0.7021892835846324,0.09163213930405147,patient,2,availability,T1ax+T2ax+FLAIRax+FLAIRsag+SWIax,5,-1
Empty sella syndrome,45,0.6182238542091664,0.07863523669248917,patient,2,availability,T1ax+T2ax+FLAIRax+FLAIRsag+SWIax,5,-1
Cyst of pineal gland,21,0.7135496291263236,0.05852999295540771,patient,2,availability,T1ax+T2ax+FLAIRax+FLAIRsag+SWIax,5,-1
Cerebral edema,43,0.9147570775477752,0.5314313763506676,patient,2,availability,T1ax+T2ax+FLAIRax+FLAIRsag+SWIax,5,-1
Mastoiditis,22,0.6500541125541126,0.06041955648509238,patient,2,availability,T1ax+T2ax+FLAIRax+FLAIRsag+SWIax,5,-1
Ventriculomegaly,64,0.9014724310776943,0.4451153260844489,patient,2,availability,T1ax+T2ax+FLAIRax+FLAIRsag+SWIax,5,-1
Cerebellar degeneration,39,0.8553135807084774,0.3390817539840026,patient,2,availability,T1ax+T2ax+FLAIRax+FLAIRsag+SWIax,5,-1
Mega cisterna magna,22,0.6691017316017316,0.043593261204015105,patient,2,availability,T1ax+T2ax+FLAIRax+FLAIRsag+SWIax,5,-1
Cerebral infarction,26,0.8368145012881856,0.34563821774628467,patient,2,budget,allinputs,1,1
Cerebral hemorrhage,20,0.8767814726840855,0.21768796354716438,patient,2,budget,allinputs,1,1
Gliosis,284,0.7169940055558264,0.5740630670264869,patient,2,budget,allinputs,1,1
Cerebral atrophy,102,0.9172858617131062,0.6637415303236863,patient,2,budget,allinputs,1,1
Arachnoid cyst,43,0.6896101314705966,0.0887416801811964,patient,2,budget,allinputs,1,1
Empty sella syndrome,45,0.599483204134367,0.07302395449216137,patient,2,budget,allinputs,1,1
Cyst of pineal gland,21,0.6979785969084423,0.05332729478345741,patient,2,budget,allinputs,1,1
Cerebral edema,43,0.9234176676037141,0.5782764564722684,patient,2,budget,allinputs,1,1
Mastoiditis,22,0.681060606060606,0.06969627424239974,patient,2,budget,allinputs,1,1
Ventriculomegaly,64,0.9028234649122806,0.4441020989466763,patient,2,budget,allinputs,1,1
Cerebellar degeneration,39,0.8465277128703618,0.3018032268983955,patient,2,budget,allinputs,1,1
Mega cisterna magna,22,0.6797619047619048,0.04589674665450645,patient,2,budget,allinputs,1,1
Cerebral infarction,26,0.8519506808980494,0.3381474884182156,patient,2,budget,allinputs,2,2
Cerebral hemorrhage,20,0.8746437054631829,0.22581954951426628,patient,2,budget,allinputs,2,2
Gliosis,284,0.7228970710073591,0.5827183978449049,patient,2,budget,allinputs,2,2
Cerebral atrophy,102,0.938312693498452,0.742196999169527,patient,2,budget,allinputs,2,2
Arachnoid cyst,43,0.7065053809239856,0.09325899791582798,patient,2,budget,allinputs,2,2
Empty sella syndrome,45,0.5987760097919217,0.07598573413675308,patient,2,budget,allinputs,2,2
Cyst of pineal gland,21,0.7053960704376876,0.07670450948397575,patient,2,budget,allinputs,2,2
Cerebral edema,43,0.9085384899338388,0.526377664963813,patient,2,budget,allinputs,2,2
Mastoiditis,22,0.673430735930736,0.06008386717066041,patient,2,budget,allinputs,2,2
Ventriculomegaly,64,0.9016682330827068,0.4481403251703737,patient,2,budget,allinputs,2,2
Cerebellar degeneration,39,0.8624793594416924,0.3275278711090758,patient,2,budget,allinputs,2,2
Mega cisterna magna,22,0.6854978354978355,0.04562022524971779,patient,2,budget,allinputs,2,2
Cerebral infarction,26,0.8526407802723592,0.32991097154457993,patient,2,budget,allinputs,3,3
Cerebral hemorrhage,20,0.8716745843230403,0.19844905437742302,patient,2,budget,allinputs,3,3
Gliosis,284,0.7265826794678103,0.5873996092422374,patient,2,budget,allinputs,3,3
Cerebral atrophy,102,0.9352554179566563,0.7099208088642869,patient,2,budget,allinputs,3,3
Arachnoid cyst,43,0.7001164210466536,0.08882603617040304,patient,2,budget,allinputs,3,3
Empty sella syndrome,45,0.6106895144838841,0.07808572045039588,patient,2,budget,allinputs,3,3
Cyst of pineal gland,21,0.6967895362663497,0.060295347329699385,patient,2,budget,allinputs,3,3
Cerebral edema,43,0.9079989777664196,0.5412219418535706,patient,2,budget,allinputs,3,3
Mastoiditis,22,0.6674242424242425,0.06562474218247742,patient,2,budget,allinputs,3,3
Ventriculomegaly,64,0.9006304824561403,0.4358000633198742,patient,2,budget,allinputs,3,3
Cerebellar degeneration,39,0.8601426924634701,0.3347493581398112,patient,2,budget,allinputs,3,3
Mega cisterna magna,22,0.6715367965367965,0.0450133003898468,patient,2,budget,allinputs,3,3
Cerebral infarction,26,0.8517206477732794,0.34121092128794006,patient,2,budget,allinputs,4,4
Cerebral hemorrhage,20,0.8776128266033254,0.19409413179623214,patient,2,budget,allinputs,4,4
Gliosis,284,0.731620693016229,0.5895558403809903,patient,2,budget,allinputs,4,4
Cerebral atrophy,102,0.9359649122807018,0.7192444278377359,patient,2,budget,allinputs,4,4
Arachnoid cyst,43,0.7026152142431212,0.09238165545955047,patient,2,budget,allinputs,4,4
Empty sella syndrome,45,0.623500611995104,0.08171014174232032,patient,2,budget,allinputs,4,4
Cyst of pineal gland,21,0.7117943491308533,0.056039243452406885,patient,2,budget,allinputs,4,4
Cerebral edema,43,0.9100150495499333,0.5175525807719069,patient,2,budget,allinputs,4,4
Mastoiditis,22,0.6556277056277057,0.06081868842896555,patient,2,budget,allinputs,4,4
Ventriculomegaly,64,0.9011395676691729,0.4541168860258782,patient,2,budget,allinputs,4,4
Cerebellar degeneration,39,0.8539115805215441,0.3347856553057946,patient,2,budget,allinputs,4,4
Mega cisterna magna,22,0.6748376623376624,0.04582844160588761,patient,2,budget,allinputs,4,4
Cerebral infarction,26,0.8501564225248436,0.34057163464772344,patient,2,budget,allinputs,5,5
Cerebral hemorrhage,20,0.8798099762470308,0.18405922594186563,patient,2,budget,allinputs,5,5
Gliosis,284,0.7332533261854867,0.5914573366220426,patient,2,budget,allinputs,5,5
Cerebral atrophy,102,0.9391640866873066,0.7133152046384402,patient,2,budget,allinputs,5,5
Arachnoid cyst,43,0.7046596814038675,0.09301787949853388,patient,2,budget,allinputs,5,5
Empty sella syndrome,45,0.6275261797905617,0.08035551286922611,patient,2,budget,allinputs,5,5
Cyst of pineal gland,21,0.7223826510390126,0.05919808078189648,patient,2,budget,allinputs,5,5
Cerebral edema,43,0.9130817502910527,0.5132057353362762,patient,2,budget,allinputs,5,5
Mastoiditis,22,0.6430194805194805,0.05767781137050767,patient,2,budget,allinputs,5,5
Ventriculomegaly,64,0.8967731829573935,0.4369571257963419,patient,2,budget,allinputs,5,5
Cerebellar degeneration,39,0.8488020687291645,0.33461967873592313,patient,2,budget,allinputs,5,5
Mega cisterna magna,22,0.6536255411255412,0.0413126773022789,patient,2,budget,allinputs,5,5
Cerebral infarction,26,0.8231505336768494,0.1647386955211808,label_id,2,availability,SWIax,1,-1
Cerebral hemorrhage,20,0.8811163895486935,0.1565891998158905,label_id,2,availability,SWIax,1,-1
Gliosis,284,0.70196525171792,0.5400731786617519,label_id,2,availability,SWIax,1,-1
Cerebral atrophy,102,0.8488519091847264,0.4487462714811811,label_id,2,availability,SWIax,1,-1
Arachnoid cyst,43,0.6769741886020956,0.07784136185771816,label_id,2,availability,SWIax,1,-1
Empty sella syndrome,45,0.6322317421460628,0.10414658108763092,label_id,2,availability,SWIax,1,-1
Cyst of pineal gland,21,0.6802559311477266,0.04333265298170677,label_id,2,availability,SWIax,1,-1
Cerebral edema,43,0.9031433682596474,0.42250630621621993,label_id,2,availability,SWIax,1,-1
Mastoiditis,22,0.6186147186147186,0.058699727589210215,label_id,2,availability,SWIax,1,-1
Ventriculomegaly,64,0.8406759085213033,0.34498028531136543,label_id,2,availability,SWIax,1,-1
Cerebellar degeneration,39,0.790728105430414,0.15113078939453384,label_id,2,availability,SWIax,1,-1
Mega cisterna magna,22,0.6504329004329005,0.04309699067346462,label_id,2,availability,SWIax,1,-1
Cerebral infarction,26,0.8223684210526316,0.25793011088371043,label_id,2,availability,FLAIRsag,1,-1
Cerebral hemorrhage,20,0.857897862232779,0.2516025282191587,label_id,2,availability,FLAIRsag,1,-1
Gliosis,284,0.7232504020663775,0.5576404378542904,label_id,2,availability,FLAIRsag,1,-1
Cerebral atrophy,102,0.915673374613003,0.664254034417134,label_id,2,availability,FLAIRsag,1,-1
Arachnoid cyst,43,0.6887298747763864,0.0953205483241217,label_id,2,availability,FLAIRsag,1,-1
Empty sella syndrome,45,0.6198830409356726,0.08052440617398784,label_id,2,availability,FLAIRsag,1,-1
Cyst of pineal gland,21,0.6982050846497934,0.047311570949986885,label_id,2,availability,FLAIRsag,1,-1
Cerebral edema,43,0.8921543572706363,0.42458994637178304,label_id,2,availability,FLAIRsag,1,-1
Mastoiditis,22,0.6752705627705627,0.051325378308632506,label_id,2,availability,FLAIRsag,1,-1
Ventriculomegaly,64,0.8761356516290727,0.40528973278212127,label_id,2,availability,FLAIRsag,1,-1
Cerebellar degeneration,39,0.8215409539832383,0.2948894686068933,label_id,2,availability,FLAIRsag,1,-1
Mega cisterna magna,22,0.5304112554112554,0.039350764352608765,label_id,2,availability,FLAIRsag,1,-1
Cerebral infarction,26,0.8317537725432462,0.3103013941578725,label_id,2,availability,FLAIRax,1,-1
Cerebral hemorrhage,20,0.8728622327790974,0.20639064889211922,label_id,2,availability,FLAIRax,1,-1
Gliosis,284,0.7107010575564112,0.5780667308925144,label_id,2,availability,FLAIRax,1,-1
Cerebral atrophy,102,0.9371517027863777,0.7147605683584141,label_id,2,availability,FLAIRax,1,-1
Arachnoid cyst,43,0.7167845074821818,0.10021326758726821,label_id,2,availability,FLAIRax,1,-1
Empty sella syndrome,45,0.6107711138310894,0.0763940278581509,label_id,2,availability,FLAIRax,1,-1
Cyst of pineal gland,21,0.7073212162391711,0.05478209698364603,label_id,2,availability,FLAIRax,1,-1
Cerebral edema,43,0.9150694266973337,0.5464637025396605,label_id,2,availability,FLAIRax,1,-1
Mastoiditis,22,0.6543290043290043,0.06322779691631147,label_id,2,availability,FLAIRax,1,-1
Ventriculomegaly,64,0.8942277568922306,0.424745519953164,label_id,2,availability,FLAIRax,1,-1
Cerebellar degeneration,39,0.8662803377262672,0.290347636792199,label_id,2,availability,FLAIRax,1,-1
Mega cisterna magna,22,0.7142316017316018,0.058848987315478635,label_id,2,availability,FLAIRax,1,-1
Cerebral infarction,26,0.8453717335296282,0.2367985996167011,label_id,2,availability,T2ax,1,-1
Cerebral hemorrhage,20,0.8427553444180522,0.1435836013219463,label_id,2,availability,T2ax,1,-1
Gliosis,284,0.7232504020663776,0.5522593849668279,label_id,2,availability,T2ax,1,-1
Cerebral atrophy,102,0.9132094943240454,0.6494496429337884,label_id,2,availability,T2ax,1,-1
Arachnoid cyst,43,0.6934719027742284,0.1054884211925442,label_id,2,availability,T2ax,1,-1
Empty sella syndrome,45,0.6103359173126616,0.10015513083646785,label_id,2,availability,T2ax,1,-1
Cyst of pineal gland,21,0.6924296472453427,0.04243646801012279,label_id,2,availability,T2ax,1,-1
Cerebral edema,43,0.870687452082801,0.3912871929991244,label_id,2,availability,T2ax,1,-1
Mastoiditis,22,0.6438852813852814,0.06150931977667509,label_id,2,availability,T2ax,1,-1
Ventriculomegaly,64,0.8896655701754387,0.39776664736493256,label_id,2,availability,T2ax,1,-1
Cerebellar degeneration,39,0.8401096675701779,0.3204491418210223,label_id,2,availability,T2ax,1,-1
Mega cisterna magna,22,0.6477272727272727,0.040397204283274354,label_id,2,availability,T2ax,1,-1
Cerebral infarction,26,0.8423352962826647,0.2912096080441839,label_id,2,availability,T1ax,1,-1
Cerebral hemorrhage,20,0.8510095011876484,0.20369159397138514,label_id,2,availability,T1ax,1,-1
Gliosis,284,0.7131560992251085,0.5703123534897035,label_id,2,availability,T1ax,1,-1
Cerebral atrophy,102,0.913390092879257,0.6688659606143211,label_id,2,availability,T1ax,1,-1
Arachnoid cyst,43,0.6753556520998382,0.07797016035335214,label_id,2,availability,T1ax,1,-1
Empty sella syndrome,45,0.5933904528763769,0.09129995248383052,label_id,2,availability,T1ax,1,-1
Cyst of pineal gland,21,0.7158711284751712,0.06619711615297635,label_id,2,availability,T1ax,1,-1
Cerebral edema,43,0.8882357952125395,0.47922389047141684,label_id,2,availability,T1ax,1,-1
Mastoiditis,22,0.6710497835497836,0.05855890985740165,label_id,2,availability,T1ax,1,-1
Ventriculomegaly,64,0.8868264411027569,0.3814715996321283,label_id,2,availability,T1ax,1,-1
Cerebellar degeneration,39,0.8249992211110073,0.3106198983671271,label_id,2,availability,T1ax,1,-1
Mega cisterna magna,22,0.6362012987012987,0.04369559417636966,label_id,2,availability,T1ax,1,-1
Cerebral infarction,26,0.8321678321678322,0.2629018011272452,label_id,2,availability,FLAIRsag+SWIax,2,-1
Cerebral hemorrhage,20,0.8868764845605701,0.17398127612070607,label_id,2,availability,FLAIRsag+SWIax,2,-1
Gliosis,284,0.7246271748135874,0.5696043790885014,label_id,2,availability,FLAIRsag+SWIax,2,-1
Cerebral atrophy,102,0.9220072239422085,0.6691347650689696,label_id,2,availability,FLAIRsag+SWIax,2,-1
Arachnoid cyst,43,0.6891274100576426,0.08502174379436817,label_id,2,availability,FLAIRsag+SWIax,2,-1
Empty sella syndrome,45,0.6351149190806473,0.07879578760328786,label_id,2,availability,FLAIRsag+SWIax,2,-1
Cyst of pineal gland,21,0.7137761168676745,0.04997564776140878,label_id,2,availability,FLAIRsag+SWIax,2,-1
Cerebral edema,43,0.9147570775477752,0.46474264516951275,label_id,2,availability,FLAIRsag+SWIax,2,-1
Mastoiditis,22,0.6635822510822511,0.05833230375541012,label_id,2,availability,FLAIRsag+SWIax,2,-1
Ventriculomegaly,64,0.8790922619047619,0.41882072563760653,label_id,2,availability,FLAIRsag+SWIax,2,-1
Cerebellar degeneration,39,0.8332865999937689,0.32108069036330716,label_id,2,availability,FLAIRsag+SWIax,2,-1
Mega cisterna magna,22,0.6076839826839827,0.03735957079993483,label_id,2,availability,FLAIRsag+SWIax,2,-1
Cerebral infarction,26,0.8384247331615753,0.34629724552882785,label_id,2,availability,FLAIRax+SWIax,2,-1
Cerebral hemorrhage,20,0.8782660332541568,0.16033390307501283,label_id,2,availability,FLAIRax+SWIax,2,-1
Gliosis,284,0.7192053706320971,0.5847116378133351,label_id,2,availability,FLAIRax+SWIax,2,-1
Cerebral atrophy,102,0.9366486068111455,0.7138737811172097,label_id,2,availability,FLAIRax+SWIax,2,-1
Arachnoid cyst,43,0.6984126984126984,0.08470991777934161,label_id,2,availability,FLAIRax+SWIax,2,-1
Empty sella syndrome,45,0.6355229158166734,0.09840145102114259,label_id,2,availability,FLAIRax+SWIax,2,-1
Cyst of pineal gland,21,0.7251571258705622,0.05800706705726004,label_id,2,availability,FLAIRax+SWIax,2,-1
Cerebral edema,43,0.9218843172331543,0.5303544037316344,label_id,2,availability,FLAIRax+SWIax,2,-1
Mastoiditis,22,0.6409632034632035,0.06530060428666895,label_id,2,availability,FLAIRax+SWIax,2,-1
Ventriculomegaly,64,0.8928571428571428,0.4281498067628546,label_id,2,availability,FLAIRax+SWIax,2,-1
Cerebellar degeneration,39,0.8644733152631087,0.28494362379412674,label_id,2,availability,FLAIRax+SWIax,2,-1
Mega cisterna magna,22,0.6899891774891775,0.04867196469305209,label_id,2,availability,FLAIRax+SWIax,2,-1
Cerebral infarction,26,0.8382407066617593,0.3164468060783353,label_id,2,availability,FLAIRax+FLAIRsag,2,-1
Cerebral hemorrhage,20,0.8754750593824228,0.20202975091174713,label_id,2,availability,FLAIRax+FLAIRsag,2,-1
Gliosis,284,0.7280812905112334,0.5830055029139599,label_id,2,availability,FLAIRax+FLAIRsag,2,-1
Cerebral atrophy,102,0.9444788441692467,0.7412333257002058,label_id,2,availability,FLAIRax+FLAIRsag,2,-1
Arachnoid cyst,43,0.7180055087031831,0.1112659023513521,label_id,2,availability,FLAIRax+FLAIRsag,2,-1
Empty sella syndrome,45,0.6231470148238815,0.07673505650415147,label_id,2,availability,FLAIRax+FLAIRsag,2,-1
Cyst of pineal gland,21,0.7090198742993036,0.051695859485485926,label_id,2,availability,FLAIRax+FLAIRsag,2,-1
Cerebral edema,43,0.9173978476304059,0.5385700256097111,label_id,2,availability,FLAIRax+FLAIRsag,2,-1
Mastoiditis,22,0.6696969696969697,0.05643183725700356,label_id,2,availability,FLAIRax+FLAIRsag,2,-1
Ventriculomegaly,64,0.893562030075188,0.4320963442413174,label_id,2,availability,FLAIRax+FLAIRsag,2,-1
Cerebellar degeneration,39,0.8602984702620182,0.30404353386698707,label_id,2,availability,FLAIRax+FLAIRsag,2,-1
Mega cisterna magna,22,0.6454545454545455,0.041371514839992574,label_id,2,availability,FLAIRax+FLAIRsag,2,-1
Cerebral infarction,26,0.847396025027604,0.2450498410086395,label_id,2,availability,T2ax+SWIax,2,-1
Cerebral hemorrhage,20,0.8632422802850356,0.16112998897949612,label_id,2,availability,T2ax+SWIax,2,-1
Gliosis,284,0.7273563526487645,0.5597801490978599,label_id,2,availability,T2ax+SWIax,2,-1
Cerebral atrophy,102,0.916047471620227,0.644650589408764,label_id,2,availability,T2ax+SWIax,2,-1
Arachnoid cyst,43,0.6883891302495954,0.08626542935461587,label_id,2,availability,T2ax+SWIax,2,-1
Empty sella syndrome,45,0.6313069495444037,0.0996291038907821,label_id,2,availability,T2ax+SWIax,2,-1
Cyst of pineal gland,21,0.7252703697412377,0.05248069121861132,label_id,2,availability,T2ax+SWIax,2,-1
Cerebral edema,43,0.8939716614135218,0.44864332627983794,label_id,2,availability,T2ax+SWIax,2,-1
Mastoiditis,22,0.625487012987013,0.06414795803979167,label_id,2,availability,T2ax+SWIax,2,-1
Ventriculomegaly,64,0.8871201441102756,0.4123924927211104,label_id,2,availability,T2ax+SWIax,2,-1
Cerebellar degeneration,39,0.8409197121226283,0.3055943116028667,label_id,2,availability,T2ax+SWIax,2,-1
Mega cisterna magna,22,0.6587662337662338,0.0421821464732703,label_id,2,availability,T2ax+SWIax,2,-1
Cerebral infarction,26,0.8447736474052263,0.2963179716768099,label_id,2,availability,T2ax+FLAIRsag,2,-1
Cerebral hemorrhage,20,0.8695368171021378,0.18679549277995344,label_id,2,availability,T2ax+FLAIRsag,2,-1
Gliosis,284,0.7363480189093036,0.5666545721624925,label_id,2,availability,T2ax+FLAIRsag,2,-1
Cerebral atrophy,102,0.9257352941176471,0.6801327019225476,label_id,2,availability,T2ax+FLAIRsag,2,-1
Arachnoid cyst,43,0.7028139818837493,0.12832475790726744,label_id,2,availability,T2ax+FLAIRsag,2,-1
Empty sella syndrome,45,0.6300013599891201,0.08318787056395038,label_id,2,availability,T2ax+FLAIRsag,2,-1
Cyst of pineal gland,21,0.6976388652964157,0.0441706761569771,label_id,2,availability,T2ax+FLAIRsag,2,-1
Cerebral edema,43,0.8986285032796659,0.46208168277514494,label_id,2,availability,T2ax+FLAIRsag,2,-1
Mastoiditis,22,0.6722402597402597,0.05637131688858349,label_id,2,availability,T2ax+FLAIRsag,2,-1
Ventriculomegaly,64,0.8956962719298246,0.43381877595523116,label_id,2,availability,T2ax+FLAIRsag,2,-1
Cerebellar degeneration,39,0.8383649562264386,0.33969283261480754,label_id,2,availability,T2ax+FLAIRsag,2,-1
Mega cisterna magna,22,0.597943722943723,0.03294989655301021,label_id,2,availability,T2ax+FLAIRsag,2,-1
Cerebral infarction,26,0.8434854619065145,0.31937775409031477,label_id,2,availability,T2ax+FLAIRax,2,-1
Cerebral hemorrhage,20,0.8712589073634205,0.1637554386721496,label_id,2,availability,T2ax+FLAIRax,2,-1
Gliosis,284,0.7262110726643599,0.5757290470662869,label_id,2,availability,T2ax+FLAIRax,2,-1
Cerebral atrophy,102,0.9354102167182662,0.7073979678899748,label_id,2,availability,T2ax+FLAIRax,2,-1
Arachnoid cyst,43,0.7137462021182951,0.10145531016225609,label_id,2,availability,T2ax+FLAIRax,2,-1
Empty sella syndrome,45,0.6129742962056304,0.07937677264886359,label_id,2,availability,T2ax+FLAIRax,2,-1
Cyst of pineal gland,21,0.7119075930015288,0.05259927592636758,label_id,2,availability,T2ax+FLAIRax,2,-1
Cerebral edema,43,0.9082545361615129,0.5337454435896101,label_id,2,availability,T2ax+FLAIRax,2,-1
Mastoiditis,22,0.6416125541125541,0.05833678420014073,label_id,2,availability,T2ax+FLAIRax,2,-1
Ventriculomegaly,64,0.9009633458646616,0.43355601876502425,label_id,2,availability,T2ax+FLAIRax,2,-1
Cerebellar degeneration,39,0.8634451817926909,0.3026607279742457,label_id,2,availability,T2ax+FLAIRax,2,-1
Mega cisterna magna,22,0.6826839826839827,0.04740113204194721,label_id,2,availability,T2ax+FLAIRax,2,-1
Cerebral infarction,26,0.8482701509017299,0.26802143804467715,label_id,2,availability,T1ax+SWIax,2,-1
Cerebral hemorrhage,20,0.8640142517814726,0.1776605329214743,label_id,2,availability,T1ax+SWIax,2,-1
Gliosis,284,0.7192480140357717,0.5683315266685859,label_id,2,availability,T1ax+SWIax,2,-1
Cerebral atrophy,102,0.9158668730650155,0.657921654479288,label_id,2,availability,T1ax+SWIax,2,-1
Arachnoid cyst,43,0.6784507482181901,0.07724276935676877,label_id,2,availability,T1ax+SWIax,2,-1
Empty sella syndrome,45,0.6288861689106486,0.09604631763561756,label_id,2,availability,T1ax+SWIax,2,-1
Cyst of pineal gland,21,0.7313855387577147,0.06866349452848815,label_id,2,availability,T1ax+SWIax,2,-1
Cerebral edema,43,0.902547065337763,0.5138137616156367,label_id,2,availability,T1ax+SWIax,2,-1
Mastoiditis,22,0.6531926406926407,0.06366947570865568,label_id,2,availability,T1ax+SWIax,2,-1
Ventriculomegaly,64,0.8845551378446115,0.3996349504775,label_id,2,availability,T1ax+SWIax,2,-1
Cerebellar degeneration,39,0.8342835779044772,0.2879579018417078,label_id,2,availability,T1ax+SWIax,2,-1
Mega cisterna magna,22,0.6453463203463202,0.042135161093062305,label_id,2,availability,T1ax+SWIax,2,-1
Cerebral infarction,26,0.8490522635259478,0.3128580577453414,label_id,2,availability,T1ax+FLAIRsag,2,-1
Cerebral hemorrhage,20,0.8672802850356295,0.20925756246164842,label_id,2,availability,T1ax+FLAIRsag,2,-1
Gliosis,284,0.7327537891710121,0.5841733683134098,label_id,2,availability,T1ax+FLAIRsag,2,-1
Cerebral atrophy,102,0.9355392156862744,0.7253712342894808,label_id,2,availability,T1ax+FLAIRsag,2,-1
Arachnoid cyst,43,0.6920521339125991,0.09027683050815102,label_id,2,availability,T1ax+FLAIRsag,2,-1
Empty sella syndrome,45,0.6272541819665443,0.07867058882412302,label_id,2,availability,T1ax+FLAIRsag,2,-1
Cyst of pineal gland,21,0.7194949323367873,0.056347844176938305,label_id,2,availability,T1ax+FLAIRsag,2,-1
Cerebral edema,43,0.9077434193713264,0.5015879630073574,label_id,2,availability,T1ax+FLAIRsag,2,-1
Mastoiditis,22,0.6851190476190476,0.05939376310321143,label_id,2,availability,T1ax+FLAIRsag,2,-1
Ventriculomegaly,64,0.8935816102756892,0.4273712216951645,label_id,2,availability,T1ax+FLAIRsag,2,-1
Cerebellar degeneration,39,0.8359036670093778,0.34518531623921034,label_id,2,availability,T1ax+FLAIRsag,2,-1
Mega cisterna magna,22,0.5844155844155845,0.037511727982380984,label_id,2,availability,T1ax+FLAIRsag,2,-1
Cerebral infarction,26,0.8450956937799043,0.33432877592381016,label_id,2,availability,T1ax+FLAIRax,2,-1
Cerebral hemorrhage,20,0.871021377672209,0.18595117121650206,label_id,2,availability,T1ax+FLAIRax,2,-1
Gliosis,284,0.7184134217067109,0.5867396197263104,label_id,2,availability,T1ax+FLAIRax,2,-1
Cerebral atrophy,102,0.9391511867905057,0.7248958291745521,label_id,2,availability,T1ax+FLAIRax,2,-1
Arachnoid cyst,43,0.7035522616917965,0.09099246490668395,label_id,2,availability,T1ax+FLAIRax,2,-1
Empty sella syndrome,45,0.6009247926016592,0.07571530372522935,label_id,2,availability,T1ax+FLAIRax,2,-1
Cyst of pineal gland,21,0.7153049091217938,0.0683214944864807,label_id,2,availability,T1ax+FLAIRax,2,-1
Cerebral edema,43,0.9149274498111708,0.5608510052111575,label_id,2,availability,T1ax+FLAIRax,2,-1
Mastoiditis,22,0.6641774891774892,0.05928095675195222,label_id,2,availability,T1ax+FLAIRax,2,-1
Ventriculomegaly,64,0.8996123120300752,0.4339879352066786,label_id,2,availability,T1ax+FLAIRax,2,-1
Cerebellar degeneration,39,0.8595818923886968,0.31182267086465865,label_id,2,availability,T1ax+FLAIRax,2,-1
Mega cisterna magna,22,0.6830627705627705,0.04764332128002579,label_id,2,availability,T1ax+FLAIRax,2,-1
Cerebral infarction,26,0.8527327935222673,0.3021028745814368,label_id,2,availability,T1ax+T2ax,2,-1
Cerebral hemorrhage,20,0.858313539192399,0.1832198016800333,label_id,2,availability,T1ax+T2ax,2,-1
Gliosis,284,0.7281239339149082,0.5745848473375076,label_id,2,availability,T1ax+T2ax,2,-1
Cerebral atrophy,102,0.9244582043343653,0.6817961070079945,label_id,2,availability,T1ax+T2ax,2,-1
Arachnoid cyst,43,0.6931879490019026,0.08743374131369931,label_id,2,availability,T1ax+T2ax,2,-1
Empty sella syndrome,45,0.6001359989120086,0.09750522020280633,label_id,2,availability,T1ax+T2ax,2,-1
Cyst of pineal gland,21,0.7111715078421381,0.05362574750666246,label_id,2,availability,T1ax+T2ax,2,-1
Cerebral edema,43,0.891898798875543,0.4900705098434811,label_id,2,availability,T1ax+T2ax,2,-1
Mastoiditis,22,0.661038961038961,0.06477484327835466,label_id,2,availability,T1ax+T2ax,2,-1
Ventriculomegaly,64,0.8989465852130325,0.421866487406438,label_id,2,availability,T1ax+T2ax,2,-1
Cerebellar degeneration,39,0.8436614013770757,0.3467853670151746,label_id,2,availability,T1ax+T2ax,2,-1
Mega cisterna magna,22,0.649025974025974,0.04101907923782699,label_id,2,availability,T1ax+T2ax,2,-1
Cerebral infarction,26,0.8394828855355171,0.3106060399092091,label_id,2,availability,FLAIRax+FLAIRsag+SWIax,3,-1
Cerebral hemorrhage,20,0.8807600950118765,0.17553682354568517,label_id,2,availability,FLAIRax+FLAIRsag+SWIax,3,-1
Gliosis,284,0.7280995662556655,0.5878635422079282,label_id,2,availability,FLAIRax+FLAIRsag+SWIax,3,-1
Cerebral atrophy,102,0.9435242518059855,0.7414289970310125,label_id,2,availability,FLAIRax+FLAIRsag+SWIax,3,-1
Arachnoid cyst,43,0.7048300536672629,0.09225022673623545,label_id,2,availability,FLAIRax+FLAIRsag+SWIax,3,-1
Empty sella syndrome,45,0.6367741058071535,0.07838249652210494,label_id,2,availability,FLAIRax+FLAIRsag+SWIax,3,-1
Cyst of pineal gland,21,0.7252137478059,0.05716359747839711,label_id,2,availability,FLAIRax+FLAIRsag+SWIax,3,-1
Cerebral edema,43,0.9217707357242241,0.5197836133282107,label_id,2,availability,FLAIRax+FLAIRsag+SWIax,3,-1
Mastoiditis,22,0.6602272727272727,0.058726988474216535,label_id,2,availability,FLAIRax+FLAIRsag+SWIax,3,-1
Ventriculomegaly,64,0.8930137844611529,0.4358849787694382,label_id,2,availability,FLAIRax+FLAIRsag+SWIax,3,-1
Cerebellar degeneration,39,0.8605477147396953,0.3158821296553293,label_id,2,availability,FLAIRax+FLAIRsag+SWIax,3,-1
Mega cisterna magna,22,0.6547619047619047,0.04133069646787334,label_id,2,availability,FLAIRax+FLAIRsag+SWIax,3,-1
Cerebral infarction,26,0.846935958778064,0.290857543625912,label_id,2,availability,T2ax+FLAIRsag+SWIax,3,-1
Cerebral hemorrhage,20,0.8748812351543943,0.16489825672777217,label_id,2,availability,T2ax+FLAIRsag+SWIax,3,-1
Gliosis,284,0.7343742385106486,0.5696833027274331,label_id,2,availability,T2ax+FLAIRsag+SWIax,3,-1
Cerebral atrophy,102,0.9269736842105263,0.6749186140494127,label_id,2,availability,T2ax+FLAIRsag+SWIax,3,-1
Arachnoid cyst,43,0.6975324417184883,0.09056185300813545,label_id,2,availability,T2ax+FLAIRsag+SWIax,3,-1
Empty sella syndrome,45,0.6359309125526996,0.07920964320088836,label_id,2,availability,T2ax+FLAIRsag+SWIax,3,-1
Cyst of pineal gland,21,0.7214200781382708,0.05230778191129255,label_id,2,availability,T2ax+FLAIRsag+SWIax,3,-1
Cerebral edema,43,0.9069483488088139,0.47117744755471735,label_id,2,availability,T2ax+FLAIRsag+SWIax,3,-1
Mastoiditis,22,0.657521645021645,0.05798281304391829,label_id,2,availability,T2ax+FLAIRsag+SWIax,3,-1
Ventriculomegaly,64,0.8929354636591479,0.4428068638782472,label_id,2,availability,T2ax+FLAIRsag+SWIax,3,-1
Cerebellar degeneration,39,0.8402966009284357,0.3542613272612073,label_id,2,availability,T2ax+FLAIRsag+SWIax,3,-1
Mega cisterna magna,22,0.6275974025974026,0.03708354783369167,label_id,2,availability,T2ax+FLAIRsag+SWIax,3,-1
Cerebral infarction,26,0.8438075082811926,0.3206850490701801,label_id,2,availability,T2ax+FLAIRax+SWIax,3,-1
Cerebral hemorrhage,20,0.8733372921615201,0.15865635048687887,label_id,2,availability,T2ax+FLAIRax+SWIax,3,-1
Gliosis,284,0.7283919781665773,0.5789920444199892,label_id,2,availability,T2ax+FLAIRax+SWIax,3,-1
Cerebral atrophy,102,0.9349974200206398,0.7063393461909204,label_id,2,availability,T2ax+FLAIRax+SWIax,3,-1
Arachnoid cyst,43,0.7014226083993526,0.08870615255387454,label_id,2,availability,T2ax+FLAIRax+SWIax,3,-1
Empty sella syndrome,45,0.6355501155990753,0.095999645343739,label_id,2,availability,T2ax+FLAIRax+SWIax,3,-1
Cyst of pineal gland,21,0.7244210407111714,0.057508611461604436,label_id,2,availability,T2ax+FLAIRax+SWIax,3,-1
Cerebral edema,43,0.9119459352017492,0.5157643834562969,label_id,2,availability,T2ax+FLAIRax+SWIax,3,-1
Mastoiditis,22,0.6350649350649351,0.06229415666367409,label_id,2,availability,T2ax+FLAIRax+SWIax,3,-1
Ventriculomegaly,64,0.8990249060150376,0.4322078717508662,label_id,2,availability,T2ax+FLAIRax+SWIax,3,-1
Cerebellar degeneration,39,0.8614823815309842,0.31234697513479837,label_id,2,availability,T2ax+FLAIRax+SWIax,3,-1
Mega cisterna magna,22,0.6779761904761904,0.04593248097242737,label_id,2,availability,T2ax+FLAIRax+SWIax,3,-1
Cerebral infarction,26,0.8432094221567906,0.3136087726346902,label_id,2,availability,T2ax+FLAIRax+FLAIRsag,3,-1
Cerebral hemorrhage,20,0.8767814726840855,0.18367122737814606,label_id,2,availability,T2ax+FLAIRax+FLAIRsag,3,-1
Gliosis,284,0.7333568887372679,0.579009029486307,label_id,2,availability,T2ax+FLAIRax+FLAIRsag,3,-1
Cerebral atrophy,102,0.9392285861713107,0.7178455647833998,label_id,2,availability,T2ax+FLAIRax+FLAIRsag,3,-1
Arachnoid cyst,43,0.7192833006786495,0.11457324378642814,label_id,2,availability,T2ax+FLAIRax+FLAIRsag,3,-1
Empty sella syndrome,45,0.6273629810961512,0.07921833579990802,label_id,2,availability,T2ax+FLAIRax+FLAIRsag,3,-1
Cyst of pineal gland,21,0.7109450201007871,0.05110556654054148,label_id,2,availability,T2ax+FLAIRax+FLAIRsag,3,-1
Cerebral edema,43,0.9131953317999828,0.5091394013405116,label_id,2,availability,T2ax+FLAIRax+FLAIRsag,3,-1
Mastoiditis,22,0.6619588744588745,0.05564202768161705,label_id,2,availability,T2ax+FLAIRax+FLAIRsag,3,-1
Ventriculomegaly,64,0.8998864348370927,0.44331739719583585,label_id,2,availability,T2ax+FLAIRax+FLAIRsag,3,-1
Cerebellar degeneration,39,0.8588030033959559,0.3248955428148105,label_id,2,availability,T2ax+FLAIRax+FLAIRsag,3,-1
Mega cisterna magna,22,0.6484848484848483,0.03941673114261206,label_id,2,availability,T2ax+FLAIRax+FLAIRsag,3,-1
Cerebral infarction,26,0.8496503496503497,0.3185342093181716,label_id,2,availability,T1ax+FLAIRsag+SWIax,3,-1
Cerebral hemorrhage,20,0.8738123515439431,0.17833774461031246,label_id,2,availability,T1ax+FLAIRsag+SWIax,3,-1
Gliosis,284,0.730097714313563,0.5797435344356022,label_id,2,availability,T1ax+FLAIRsag+SWIax,3,-1
Cerebral atrophy,102,0.9345846233230135,0.7163532271368017,label_id,2,availability,T1ax+FLAIRsag+SWIax,3,-1
Arachnoid cyst,43,0.6898088991112248,0.08560851345607791,label_id,2,availability,T1ax+FLAIRsag+SWIax,3,-1
Empty sella syndrome,45,0.6336461308309533,0.07873073000288724,label_id,2,availability,T1ax+FLAIRsag+SWIax,3,-1
Cyst of pineal gland,21,0.7292905271502179,0.06126050066155401,label_id,2,availability,T1ax+FLAIRsag+SWIax,3,-1
Cerebral edema,43,0.9143311468892864,0.5148615206714307,label_id,2,availability,T1ax+FLAIRsag+SWIax,3,-1
Mastoiditis,22,0.668560606060606,0.057546203042793134,label_id,2,availability,T1ax+FLAIRsag+SWIax,3,-1
Ventriculomegaly,64,0.8916235902255639,0.4338922780586657,label_id,2,availability,T1ax+FLAIRsag+SWIax,3,-1
Cerebellar degeneration,39,0.840608156525532,0.3293277274887378,label_id,2,availability,T1ax+FLAIRsag+SWIax,3,-1
Mega cisterna magna,22,0.6176948051948052,0.038879338701109566,label_id,2,availability,T1ax+FLAIRsag+SWIax,3,-1
Cerebral infarction,26,0.8457857931542142,0.3351420499588852,label_id,2,availability,T1ax+FLAIRax+SWIax,3,-1
Cerebral hemorrhage,20,0.8739311163895487,0.16785479874602838,label_id,2,availability,T1ax+FLAIRax+SWIax,3,-1
Gliosis,284,0.7223244310151566,0.587652979897326,label_id,2,availability,T1ax+FLAIRax+SWIax,3,-1
Cerebral atrophy,102,0.9381191950464396,0.7231375717197319,label_id,2,availability,T1ax+FLAIRax+SWIax,3,-1
Arachnoid cyst,43,0.6964818127608825,0.08436268698797214,label_id,2,availability,T1ax+FLAIRax+SWIax,3,-1
Empty sella syndrome,45,0.631470148238814,0.09559418746057004,label_id,2,availability,T1ax+FLAIRax+SWIax,3,-1
Cyst of pineal gland,21,0.7277617348960987,0.06467002758426925,label_id,2,availability,T1ax+FLAIRax+SWIax,3,-1
Cerebral edema,43,0.9174262430076383,0.5497811234665303,label_id,2,availability,T1ax+FLAIRax+SWIax,3,-1
Mastoiditis,22,0.6516233766233767,0.06197919093593983,label_id,2,availability,T1ax+FLAIRax+SWIax,3,-1
Ventriculomegaly,64,0.8973018483709273,0.4330999662246855,label_id,2,availability,T1ax+FLAIRax+SWIax,3,-1
Cerebellar degeneration,39,0.8589899367542139,0.3014341167828699,label_id,2,availability,T1ax+FLAIRax+SWIax,3,-1
Mega cisterna magna,22,0.6752705627705629,0.045336072843571926,label_id,2,availability,T1ax+FLAIRax+SWIax,3,-1
Cerebral infarction,26,0.8463838792786161,0.331963467523938,label_id,2,availability,T1ax+FLAIRax+FLAIRsag,3,-1
Cerebral hemorrhage,20,0.8742280285035631,0.20531700412983608,label_id,2,availability,T1ax+FLAIRax+FLAIRsag,3,-1
Gliosis,284,0.729592085384278,0.5894419811905877,label_id,2,availability,T1ax+FLAIRax+FLAIRsag,3,-1
Cerebral atrophy,102,0.9447368421052631,0.7430625230800408,label_id,2,availability,T1ax+FLAIRax+FLAIRsag,3,-1
Arachnoid cyst,43,0.7086634295936621,0.09837853671389138,label_id,2,availability,T1ax+FLAIRax+FLAIRsag,3,-1
Empty sella syndrome,45,0.6235550115599076,0.07806576443683542,label_id,2,availability,T1ax+FLAIRax+FLAIRsag,3,-1
Cyst of pineal gland,21,0.7162674820225354,0.057834703476682854,label_id,2,availability,T1ax+FLAIRax+FLAIRsag,3,-1
Cerebral edema,43,0.9178521736661271,0.54274028534883,label_id,2,availability,T1ax+FLAIRax+FLAIRsag,3,-1
Mastoiditis,22,0.6737554112554113,0.05783874660031425,label_id,2,availability,T1ax+FLAIRax+FLAIRsag,3,-1
Ventriculomegaly,64,0.8988486842105263,0.4399464502632075,label_id,2,availability,T1ax+FLAIRax+FLAIRsag,3,-1
Cerebellar degeneration,39,0.8575879365672804,0.3220194468979072,label_id,2,availability,T1ax+FLAIRax+FLAIRsag,3,-1
Mega cisterna magna,22,0.642478354978355,0.040151957960440035,label_id,2,availability,T1ax+FLAIRax+FLAIRsag,3,-1
Cerebral infarction,26,0.8529168200220831,0.29478702142382146,label_id,2,availability,T1ax+T2ax+SWIax,3,-1
Cerebral hemorrhage,20,0.8628859857482185,0.17756021881287742,label_id,2,availability,T1ax+T2ax+SWIax,3,-1
Gliosis,284,0.7297321994249233,0.5741191492679638,label_id,2,availability,T1ax+T2ax+SWIax,3,-1
Cerebral atrophy,102,0.9249484004127967,0.6719372732526557,label_id,2,availability,T1ax+T2ax+SWIax,3,-1
Arachnoid cyst,43,0.6885595025129908,0.08227590643080997,label_id,2,availability,T1ax+T2ax+SWIax,3,-1
Empty sella syndrome,45,0.6297565619475044,0.09885247215536486,label_id,2,availability,T1ax+T2ax+SWIax,3,-1
Cyst of pineal gland,21,0.7232886020044165,0.05897684522694811,label_id,2,availability,T1ax+T2ax+SWIax,3,-1
Cerebral edema,43,0.8998211091234347,0.4990503034747484,label_id,2,availability,T1ax+T2ax+SWIax,3,-1
Mastoiditis,22,0.6425865800865801,0.06567313690452034,label_id,2,availability,T1ax+T2ax+SWIax,3,-1
Ventriculomegaly,64,0.8955396303258145,0.42470782158697556,label_id,2,availability,T1ax+T2ax+SWIax,3,-1
Cerebellar degeneration,39,0.8441598903324298,0.33542101355133386,label_id,2,availability,T1ax+T2ax+SWIax,3,-1
Mega cisterna magna,22,0.6521103896103897,0.041545872283617294,label_id,2,availability,T1ax+T2ax+SWIax,3,-1
Cerebral infarction,26,0.8519046742730954,0.33220128461314974,label_id,2,availability,T1ax+T2ax+FLAIRsag,3,-1
Cerebral hemorrhage,20,0.8684679334916865,0.1839873516836501,label_id,2,availability,T1ax+T2ax+FLAIRsag,3,-1
Gliosis,284,0.7371338759198793,0.5781854444663518,label_id,2,availability,T1ax+T2ax+FLAIRsag,3,-1
Cerebral atrophy,102,0.9329979360165119,0.7005531310932036,label_id,2,availability,T1ax+T2ax+FLAIRsag,3,-1
Arachnoid cyst,43,0.6968225572876736,0.09272261363896009,label_id,2,availability,T1ax+T2ax+FLAIRsag,3,-1
Empty sella syndrome,45,0.630545355637155,0.08227479987866684,label_id,2,availability,T1ax+T2ax+FLAIRsag,3,-1
Cyst of pineal gland,21,0.7133797633203103,0.0527726304801896,label_id,2,availability,T1ax+T2ax+FLAIRsag,3,-1
Cerebral edema,43,0.9042791833489507,0.5066272926444622,label_id,2,availability,T1ax+T2ax+FLAIRsag,3,-1
Mastoiditis,22,0.6738636363636363,0.059684733344928506,label_id,2,availability,T1ax+T2ax+FLAIRsag,3,-1
Ventriculomegaly,64,0.9008654448621555,0.44831492203695833,label_id,2,availability,T1ax+T2ax+FLAIRsag,3,-1
Cerebellar degeneration,39,0.8422282456304327,0.3733802432161967,label_id,2,availability,T1ax+T2ax+FLAIRsag,3,-1
Mega cisterna magna,22,0.6162878787878788,0.03602172956890476,label_id,2,availability,T1ax+T2ax+FLAIRsag,3,-1
Cerebral infarction,26,0.8486382039013618,0.34205410114680085,label_id,2,availability,T1ax+T2ax+FLAIRax,3,-1
Cerebral hemorrhage,20,0.8700118764845606,0.1740229016511451,label_id,2,availability,T1ax+T2ax+FLAIRax,3,-1
Gliosis,284,0.727094400311906,0.5837618115654749,label_id,2,availability,T1ax+T2ax+FLAIRax,3,-1
Cerebral atrophy,102,0.9374484004127968,0.7105950194128574,label_id,2,availability,T1ax+T2ax+FLAIRax,3,-1
Arachnoid cyst,43,0.7060510548882643,0.09207231423912648,label_id,2,availability,T1ax+T2ax+FLAIRax,3,-1
Empty sella syndrome,45,0.605358357133143,0.07929977470464666,label_id,2,availability,T1ax+T2ax+FLAIRax,3,-1
Cyst of pineal gland,21,0.7137761168676745,0.05612029853980087,label_id,2,availability,T1ax+T2ax+FLAIRax,3,-1
Cerebral edema,43,0.9099298634182355,0.5491741323284471,label_id,2,availability,T1ax+T2ax+FLAIRax,3,-1
Mastoiditis,22,0.6534632034632035,0.06137685122093878,label_id,2,availability,T1ax+T2ax+FLAIRax,3,-1
Ventriculomegaly,64,0.903078007518797,0.43648621978543617,label_id,2,availability,T1ax+T2ax+FLAIRax,3,-1
Cerebellar degeneration,39,0.8584291366794404,0.322544257691101,label_id,2,availability,T1ax+T2ax+FLAIRax,3,-1
Mega cisterna magna,22,0.6734848484848485,0.04517259730547951,label_id,2,availability,T1ax+T2ax+FLAIRax,3,-1
Cerebral infarction,26,0.8436694884063306,0.31371607676125657,label_id,2,availability,T2ax+FLAIRax+FLAIRsag+SWIax,4,-1
Cerebral hemorrhage,20,0.8781472684085512,0.1694852000979173,label_id,2,availability,T2ax+FLAIRax+FLAIRsag+SWIax,4,-1
Gliosis,284,0.7334056240557532,0.5821974000592229,label_id,2,availability,T2ax+FLAIRax+FLAIRsag+SWIax,4,-1
Cerebral atrophy,102,0.9390608875128998,0.7165203567448244,label_id,2,availability,T2ax+FLAIRax+FLAIRsag+SWIax,4,-1
Arachnoid cyst,43,0.708123917426243,0.09555260655113003,label_id,2,availability,T2ax+FLAIRax+FLAIRsag+SWIax,4,-1
Empty sella syndrome,45,0.6371005031959744,0.07886539212077683,label_id,2,availability,T2ax+FLAIRax+FLAIRsag+SWIax,4,-1
Cyst of pineal gland,21,0.7210237245909065,0.05555529427615073,label_id,2,availability,T2ax+FLAIRax+FLAIRsag+SWIax,4,-1
Cerebral edema,43,0.9150126359428685,0.5017908154182777,label_id,2,availability,T2ax+FLAIRax+FLAIRsag+SWIax,4,-1
Mastoiditis,22,0.6546536796536796,0.05838445963879235,label_id,2,availability,T2ax+FLAIRax+FLAIRsag+SWIax,4,-1
Ventriculomegaly,64,0.898202537593985,0.44419988955965695,label_id,2,availability,T2ax+FLAIRax+FLAIRsag+SWIax,4,-1
Cerebellar degeneration,39,0.8579618032837961,0.3333435705441426,label_id,2,availability,T2ax+FLAIRax+FLAIRsag+SWIax,4,-1
Mega cisterna magna,22,0.6562770562770563,0.04075269587420326,label_id,2,availability,T2ax+FLAIRax+FLAIRsag+SWIax,4,-1
Cerebral infarction,26,0.8465679057784321,0.3321818081561864,label_id,2,availability,T1ax+FLAIRax+FLAIRsag+SWIax,4,-1
Cerebral hemorrhage,20,0.8775534441805226,0.1764310565323995,label_id,2,availability,T1ax+FLAIRax+FLAIRsag+SWIax,4,-1
Gliosis,284,0.7295677177250354,0.5914016359250933,label_id,2,availability,T1ax+FLAIRax+FLAIRsag+SWIax,4,-1
Cerebral atrophy,102,0.9435758513931889,0.7417624776009355,label_id,2,availability,T1ax+FLAIRax+FLAIRsag+SWIax,4,-1
Arachnoid cyst,43,0.7014793991538177,0.09020881215143436,label_id,2,availability,T1ax+FLAIRax+FLAIRsag+SWIax,4,-1
Empty sella syndrome,45,0.6345709234326125,0.07804318121366642,label_id,2,availability,T1ax+FLAIRax+FLAIRsag+SWIax,4,-1
Cyst of pineal gland,21,0.7239680652284696,0.060282666129107064,label_id,2,availability,T1ax+FLAIRax+FLAIRsag+SWIax,4,-1
Cerebral edema,43,0.9197546639407105,0.5387499431867575,label_id,2,availability,T1ax+FLAIRax+FLAIRsag+SWIax,4,-1
Mastoiditis,22,0.6642857142857143,0.0585393179885368,label_id,2,availability,T1ax+FLAIRax+FLAIRsag+SWIax,4,-1
Ventriculomegaly,64,0.8976151315789475,0.4421282294817865,label_id,2,availability,T1ax+FLAIRax+FLAIRsag+SWIax,4,-1
Cerebellar degeneration,39,0.8582733588808923,0.33002731446722283,label_id,2,availability,T1ax+FLAIRax+FLAIRsag+SWIax,4,-1
Mega cisterna magna,22,0.651461038961039,0.04165498906855347,label_id,2,availability,T1ax+FLAIRax+FLAIRsag+SWIax,4,-1
Cerebral infarction,26,0.8519506808980493,0.31106225942304394,label_id,2,availability,T1ax+T2ax+FLAIRsag+SWIax,4,-1
Cerebral hemorrhage,20,0.8717933491686461,0.17415310537583278,label_id,2,availability,T1ax+T2ax+FLAIRsag+SWIax,4,-1
Gliosis,284,0.7357692870022905,0.5789332947880392,label_id,2,availability,T1ax+T2ax+FLAIRsag+SWIax,4,-1
Cerebral atrophy,102,0.9328689370485036,0.695018178464021,label_id,2,availability,T1ax+T2ax+FLAIRsag+SWIax,4,-1
Arachnoid cyst,43,0.6941533918278104,0.08713769235890034,label_id,2,availability,T1ax+T2ax+FLAIRsag+SWIax,4,-1
Empty sella syndrome,45,0.6350333197334421,0.07904968586586107,label_id,2,availability,T1ax+T2ax+FLAIRsag+SWIax,4,-1
Cyst of pineal gland,21,0.7194949323367873,0.05634562943226061,label_id,2,availability,T1ax+T2ax+FLAIRsag+SWIax,4,-1
Cerebral edema,43,0.90899281596956,0.5058244522567248,label_id,2,availability,T1ax+T2ax+FLAIRsag+SWIax,4,-1
Mastoiditis,22,0.6605519480519481,0.05880607252380409,label_id,2,availability,T1ax+T2ax+FLAIRsag+SWIax,4,-1
Ventriculomegaly,64,0.8979284147869674,0.44552005740274764,label_id,2,availability,T1ax+T2ax+FLAIRsag+SWIax,4,-1
Cerebellar degeneration,39,0.8438171791756239,0.36896935754762067,label_id,2,availability,T1ax+T2ax+FLAIRsag+SWIax,4,-1
Mega cisterna magna,22,0.6295995670995671,0.0380388736589106,label_id,2,availability,T1ax+T2ax+FLAIRsag+SWIax,4,-1
Cerebral infarction,26,0.8495583364004416,0.3297077696451838,label_id,2,availability,T1ax+T2ax+FLAIRax+SWIax,4,-1
Cerebral hemorrhage,20,0.8716745843230403,0.1701822850168535,label_id,2,availability,T1ax+T2ax+FLAIRax+SWIax,4,-1
Gliosis,284,0.7287879526292705,0.5835984862366971,label_id,2,availability,T1ax+T2ax+FLAIRax+SWIax,4,-1
Cerebral atrophy,102,0.9374226006191951,0.7146618763296254,label_id,2,availability,T1ax+T2ax+FLAIRax+SWIax,4,-1
Arachnoid cyst,43,0.6993781412386063,0.08753781687499394,label_id,2,availability,T1ax+T2ax+FLAIRax+SWIax,4,-1
Empty sella syndrome,45,0.6320685434516524,0.09108650819433461,label_id,2,availability,T1ax+T2ax+FLAIRax+SWIax,4,-1
Cyst of pineal gland,21,0.7201743955608402,0.05859942296355512,label_id,2,availability,T1ax+T2ax+FLAIRax+SWIax,4,-1
Cerebral edema,43,0.9122866797285403,0.5307483399965572,label_id,2,availability,T1ax+T2ax+FLAIRax+SWIax,4,-1
Mastoiditis,22,0.6451839826839827,0.06290783533557211,label_id,2,availability,T1ax+T2ax+FLAIRax+SWIax,4,-1
Ventriculomegaly,64,0.9009829260651631,0.436115479145179,label_id,2,availability,T1ax+T2ax+FLAIRax+SWIax,4,-1
Cerebellar degeneration,39,0.8574944698881516,0.32098512570778964,label_id,2,availability,T1ax+T2ax+FLAIRax+SWIax,4,-1
Mega cisterna magna,22,0.6708333333333334,0.04428415547343129,label_id,2,availability,T1ax+T2ax+FLAIRax+SWIax,4,-1
Cerebral infarction,26,0.8499263894000735,0.33674290184834493,label_id,2,availability,T1ax+T2ax+FLAIRax+FLAIRsag,4,-1
Cerebral hemorrhage,20,0.873812351543943,0.18074172919642004,label_id,2,availability,T1ax+T2ax+FLAIRax+FLAIRsag,4,-1
Gliosis,284,0.7339112529850382,0.5848672458531547,label_id,2,availability,T1ax+T2ax+FLAIRax+FLAIRsag,4,-1
Cerebral atrophy,102,0.9410732714138288,0.7202370374077941,label_id,2,availability,T1ax+T2ax+FLAIRax+FLAIRsag,4,-1
Arachnoid cyst,43,0.7115313626941534,0.09846735947631202,label_id,2,availability,T1ax+T2ax+FLAIRax+FLAIRsag,4,-1
Empty sella syndrome,45,0.6252685978512171,0.07930192870611982,label_id,2,availability,T1ax+T2ax+FLAIRax+FLAIRsag,4,-1
Cyst of pineal gland,21,0.7137761168676745,0.05434662556373381,label_id,2,availability,T1ax+T2ax+FLAIRax+FLAIRsag,4,-1
Cerebral edema,43,0.9134792855723088,0.5348045511915679,label_id,2,availability,T1ax+T2ax+FLAIRax+FLAIRsag,4,-1
Mastoiditis,22,0.666991341991342,0.05893155307156021,label_id,2,availability,T1ax+T2ax+FLAIRax+FLAIRsag,4,-1
Ventriculomegaly,64,0.9016486528822055,0.4413677003732447,label_id,2,availability,T1ax+T2ax+FLAIRax+FLAIRsag,4,-1
Cerebellar degeneration,39,0.8563728697386049,0.33593506701335896,label_id,2,availability,T1ax+T2ax+FLAIRax+FLAIRsag,4,-1
Mega cisterna magna,22,0.6471320346320346,0.03976110473743326,label_id,2,availability,T1ax+T2ax+FLAIRax+FLAIRsag,4,-1
Cerebral infarction,26,0.8490062569009937,0.33505405118262094,label_id,2,availability,T1ax+T2ax+FLAIRax+FLAIRsag+SWIax,5,-1
Cerebral hemorrhage,20,0.8764845605700713,0.17486502188841668,label_id,2,availability,T1ax+T2ax+FLAIRax+FLAIRsag+SWIax,5,-1
Gliosis,284,0.7338107363906623,0.5856379405024653,label_id,2,availability,T1ax+T2ax+FLAIRax+FLAIRsag+SWIax,5,-1
Cerebral atrophy,102,0.9407894736842105,0.7206504178608288,label_id,2,availability,T1ax+T2ax+FLAIRax+FLAIRsag+SWIax,5,-1
Arachnoid cyst,43,0.7038930062185876,0.09156335392394171,label_id,2,availability,T1ax+T2ax+FLAIRax+FLAIRsag+SWIax,5,-1
Empty sella syndrome,45,0.636311709506324,0.07891934787225505,label_id,2,availability,T1ax+T2ax+FLAIRax+FLAIRsag+SWIax,5,-1
Cyst of pineal gland,21,0.7184191155653701,0.05730778939189275,label_id,2,availability,T1ax+T2ax+FLAIRax+FLAIRsag+SWIax,5,-1
Cerebral edema,43,0.9156373342419855,0.5221968474826133,label_id,2,availability,T1ax+T2ax+FLAIRax+FLAIRsag+SWIax,5,-1
Mastoiditis,22,0.6575757575757575,0.05864377692543555,label_id,2,availability,T1ax+T2ax+FLAIRax+FLAIRsag+SWIax,5,-1
Ventriculomegaly,64,0.9002976190476191,0.44188781277569666,label_id,2,availability,T1ax+T2ax+FLAIRax+FLAIRsag+SWIax,5,-1
Cerebellar degeneration,39,0.855687447424993,0.3342912937811885,label_id,2,availability,T1ax+T2ax+FLAIRax+FLAIRsag+SWIax,5,-1
Mega cisterna magna,22,0.6536255411255413,0.040925838460633295,label_id,2,availability,T1ax+T2ax+FLAIRax+FLAIRsag+SWIax,5,-1
Cerebral infarction,26,0.8202521163047479,0.21257879650584224,label_id,2,budget,allinputs,1,1
Cerebral hemorrhage,20,0.853978622327791,0.18412952630975862,label_id,2,budget,allinputs,1,1
Gliosis,284,0.7194368633949023,0.569454539044106,label_id,2,budget,allinputs,1,1
Cerebral atrophy,102,0.9311274509803921,0.7163339375745782,label_id,2,budget,allinputs,1,1
Arachnoid cyst,43,0.7141437373995513,0.09999255952140057,label_id,2,budget,allinputs,1,1
Empty sella syndrome,45,0.618251053991568,0.07235972457774575,label_id,2,budget,allinputs,1,1
Cyst of pineal gland,21,0.7079440575278864,0.04679244890187755,label_id,2,budget,allinputs,1,1
Cerebral edema,43,0.9290115569185337,0.5322919249896424,label_id,2,budget,allinputs,1,1
Mastoiditis,22,0.6049242424242425,0.05171489865236386,label_id,2,budget,allinputs,1,1
Ventriculomegaly,64,0.8908991228070174,0.43009239277065514,label_id,2,budget,allinputs,1,1
Cerebellar degeneration,39,0.8478674019378758,0.27918400951931394,label_id,2,budget,allinputs,1,1
Mega cisterna magna,22,0.6837662337662337,0.05003526485447985,label_id,2,budget,allinputs,1,1
Cerebral infarction,26,0.8492822966507177,0.3290992759452956,label_id,2,budget,allinputs,2,2
Cerebral hemorrhage,20,0.8608076009501187,0.16150401786149784,label_id,2,budget,allinputs,2,2
Gliosis,284,0.734349870851406,0.5840297595078192,label_id,2,budget,allinputs,2,2
Cerebral atrophy,102,0.934829721362229,0.700846979273592,label_id,2,budget,allinputs,2,2
Arachnoid cyst,43,0.6993781412386064,0.09161498592972599,label_id,2,budget,allinputs,2,2
Empty sella syndrome,45,0.632014143886849,0.07943866051580854,label_id,2,budget,allinputs,2,2
Cyst of pineal gland,21,0.7215333220089463,0.05873570729552206,label_id,2,budget,allinputs,2,2
Cerebral edema,43,0.9148990544339382,0.552150758540596,label_id,2,budget,allinputs,2,2
Mastoiditis,22,0.6488636363636364,0.06085910358463794,label_id,2,budget,allinputs,2,2
Ventriculomegaly,64,0.9038807957393483,0.4371975528877618,label_id,2,budget,allinputs,2,2
Cerebellar degeneration,39,0.8600803813440507,0.32258698610030306,label_id,2,budget,allinputs,2,2
Mega cisterna magna,22,0.6597943722943722,0.04358198850271494,label_id,2,budget,allinputs,2,2
Cerebral infarction,26,0.8549871181450129,0.34217134046684616,label_id,2,budget,allinputs,3,3
Cerebral hemorrhage,20,0.8642517814726841,0.17046452510395807,label_id,2,budget,allinputs,3,3
Gliosis,284,0.7307800087723573,0.581433789952496,label_id,2,budget,allinputs,3,3
Cerebral atrophy,102,0.9370614035087719,0.7088053232173974,label_id,2,budget,allinputs,3,3
Arachnoid cyst,43,0.7134622483459693,0.0995353972057333,label_id,2,budget,allinputs,3,3
Empty sella syndrome,45,0.6406908744730042,0.08301423104694157,label_id,2,budget,allinputs,3,3
Cyst of pineal gland,21,0.7314987826283902,0.06617686658219209,label_id,2,budget,allinputs,3,3
Cerebral edema,43,0.9127694011414942,0.5612584764213752,label_id,2,budget,allinputs,3,3
Mastoiditis,22,0.6753246753246753,0.062511284169858,label_id,2,budget,allinputs,3,3
Ventriculomegaly,64,0.8945410401002506,0.4305395391351808,label_id,2,budget,allinputs,3,3
Cerebellar degeneration,39,0.8557809141041218,0.3216315862501427,label_id,2,budget,allinputs,3,3
Mega cisterna magna,22,0.6554112554112554,0.04313590887729614,label_id,2,budget,allinputs,3,3
Cerebral infarction,26,0.8485461906514538,0.3330969818513818,label_id,2,budget,allinputs,4,4
Cerebral hemorrhage,20,0.8778503562945368,0.17568347224285602,label_id,2,budget,allinputs,4,4
Gliosis,284,0.7285503679516545,0.5775445375021477,label_id,2,budget,allinputs,4,4
Cerebral atrophy,102,0.9398219814241486,0.7158517670966155,label_id,2,budget,allinputs,4,4
Arachnoid cyst,43,0.7044893091404719,0.09175279886981076,label_id,2,budget,allinputs,4,4
Empty sella syndrome,45,0.6273085815313477,0.0828941775684976,label_id,2,budget,allinputs,4,4
Cyst of pineal gland,21,0.7128135439669327,0.05582894194714331,label_id,2,budget,allinputs,4,4
Cerebral edema,43,0.908311326915978,0.5223895824560512,label_id,2,budget,allinputs,4,4
Mastoiditis,22,0.6640151515151514,0.057934981839767564,label_id,2,budget,allinputs,4,4
Ventriculomegaly,64,0.9011591478696743,0.4584048612391132,label_id,2,budget,allinputs,4,4
Cerebellar degeneration,39,0.8525407358943203,0.3341849476686342,label_id,2,budget,allinputs,4,4
Mega cisterna magna,22,0.6578463203463204,0.04135629416117771,label_id,2,budget,allinputs,4,4
Cerebral infarction,26,0.8495583364004416,0.3328521461656568,label_id,2,budget,allinputs,5,5
Cerebral hemorrhage,20,0.8792161520190023,0.17621814055195303,label_id,2,budget,allinputs,5,5
Gliosis,284,0.733899069155417,0.5849456349159952,label_id,2,budget,allinputs,5,5
Cerebral atrophy,102,0.9375515995872034,0.7109385363848695,label_id,2,budget,allinputs,5,5
Arachnoid cyst,43,0.7019621205667718,0.09114005031874581,label_id,2,budget,allinputs,5,5
Empty sella syndrome,45,0.6289405684754522,0.08535520084458066,label_id,2,budget,allinputs,5,5
Cyst of pineal gland,21,0.7216465658796217,0.057382646821617214,label_id,2,budget,allinputs,5,5
Cerebral edema,43,0.9147286821705426,0.5236048244177663,label_id,2,budget,allinputs,5,5
Mastoiditis,22,0.65508658008658,0.060625155681100634,label_id,2,budget,allinputs,5,5
Ventriculomegaly,64,0.8980850563909774,0.4480442272989065,label_id,2,budget,allinputs,5,5
Cerebellar degeneration,39,0.8516995357821603,0.33362383774386456,label_id,2,budget,allinputs,5,5
Mega cisterna magna,22,0.6472402597402598,0.040511055893198596,label_id,2,budget,allinputs,5,5
Cerebral infarction,26,0.8165255796834744,0.14879928690681024,queryseq,2,availability,SWIax,1,-1
Cerebral hemorrhage,20,0.8782066508313539,0.1464816062707685,queryseq,2,availability,SWIax,1,-1
Gliosis,284,0.6996015887713827,0.5446440893424023,queryseq,2,availability,SWIax,1,-1
Cerebral atrophy,102,0.8294246646026832,0.4226750777358959,queryseq,2,availability,SWIax,1,-1
Arachnoid cyst,43,0.6924780645710878,0.08920607136407638,queryseq,2,availability,SWIax,1,-1
Empty sella syndrome,45,0.62140622875017,0.08856219808408504,queryseq,2,availability,SWIax,1,-1
Cyst of pineal gland,21,0.6954306098182436,0.05127789848495618,queryseq,2,availability,SWIax,1,-1
Cerebral edema,43,0.9009853195899709,0.4151127935632135,queryseq,2,availability,SWIax,1,-1
Mastoiditis,22,0.6328463203463204,0.06049799199536501,queryseq,2,availability,SWIax,1,-1
Ventriculomegaly,64,0.8409500313283208,0.3351796416755949,queryseq,2,availability,SWIax,1,-1
Cerebellar degeneration,39,0.7766769480013709,0.15032712165637138,queryseq,2,availability,SWIax,1,-1
Mega cisterna magna,22,0.6420995670995671,0.04271187217802541,queryseq,2,availability,SWIax,1,-1
Cerebral infarction,26,0.8247607655502392,0.24976009837316107,queryseq,2,availability,FLAIRsag,1,-1
Cerebral hemorrhage,20,0.8696555819477435,0.23718476236569105,queryseq,2,availability,FLAIRsag,1,-1
Gliosis,284,0.7201557093425606,0.5521168785627741,queryseq,2,availability,FLAIRsag,1,-1
Cerebral atrophy,102,0.918421052631579,0.686753930390368,queryseq,2,availability,FLAIRsag,1,-1
Arachnoid cyst,43,0.6776840730329102,0.09885997511514748,queryseq,2,availability,FLAIRsag,1,-1
Empty sella syndrome,45,0.6196654426764586,0.07819811020838192,queryseq,2,availability,FLAIRsag,1,-1
Cyst of pineal gland,21,0.7501840212898476,0.05863297327848937,queryseq,2,availability,FLAIRsag,1,-1
Cerebral edema,43,0.896640826873385,0.4185694726940281,queryseq,2,availability,FLAIRsag,1,-1
Mastoiditis,22,0.6641233766233767,0.05544428890144029,queryseq,2,availability,FLAIRsag,1,-1
Ventriculomegaly,64,0.8772125626566416,0.4150260247187295,queryseq,2,availability,FLAIRsag,1,-1
Cerebellar degeneration,39,0.8200766426768857,0.28161477786090305,queryseq,2,availability,FLAIRsag,1,-1
Mega cisterna magna,22,0.5136363636363637,0.03850798361621427,queryseq,2,availability,FLAIRsag,1,-1
Cerebral infarction,26,0.8339620905410379,0.3323563542807765,queryseq,2,availability,FLAIRax,1,-1
Cerebral hemorrhage,20,0.8737529691211401,0.1647100441526957,queryseq,2,availability,FLAIRax,1,-1
Gliosis,284,0.708514060139383,0.5775552355444542,queryseq,2,availability,FLAIRax,1,-1
Cerebral atrophy,102,0.930250257997936,0.711913167841973,queryseq,2,availability,FLAIRax,1,-1
Arachnoid cyst,43,0.7115597580713859,0.10555081006061681,queryseq,2,availability,FLAIRax,1,-1
Empty sella syndrome,45,0.6062015503875969,0.07424993653577985,queryseq,2,availability,FLAIRax,1,-1
Cyst of pineal gland,21,0.7258365890946152,0.057895446046361994,queryseq,2,availability,FLAIRax,1,-1
Cerebral edema,43,0.9137348439674021,0.5253819414466557,queryseq,2,availability,FLAIRax,1,-1
Mastoiditis,22,0.6697510822510822,0.06093214982514357,queryseq,2,availability,FLAIRax,1,-1
Ventriculomegaly,64,0.8952459273182959,0.42462400526693195,queryseq,2,availability,FLAIRax,1,-1
Cerebellar degeneration,39,0.8597999813066642,0.28353627608632054,queryseq,2,availability,FLAIRax,1,-1
Mega cisterna magna,22,0.6963203463203462,0.049143417335830275,queryseq,2,availability,FLAIRax,1,-1
Cerebral infarction,26,0.8489602502760398,0.25800241682349984,queryseq,2,availability,T2ax,1,-1
Cerebral hemorrhage,20,0.8447149643705464,0.15341877167716003,queryseq,2,availability,T2ax,1,-1
Gliosis,284,0.7192906574394463,0.5474312057777697,queryseq,2,availability,T2ax,1,-1
Cerebral atrophy,102,0.9031475748194014,0.6155639435837378,queryseq,2,availability,T2ax,1,-1
Arachnoid cyst,43,0.7048584490444955,0.09477552345645121,queryseq,2,availability,T2ax,1,-1
Empty sella syndrome,45,0.6064735482116144,0.0868978004166564,queryseq,2,availability,T2ax,1,-1
Cyst of pineal gland,21,0.7062453994677538,0.04435104748629147,queryseq,2,availability,T2ax,1,-1
Cerebral edema,43,0.8685294034131243,0.388544582482448,queryseq,2,availability,T2ax,1,-1
Mastoiditis,22,0.6612554112554112,0.06298552135922245,queryseq,2,availability,T2ax,1,-1
Ventriculomegaly,64,0.8878054511278196,0.389311858259462,queryseq,2,availability,T2ax,1,-1
Cerebellar degeneration,39,0.8345951335015734,0.29980134514281326,queryseq,2,availability,T2ax,1,-1
Mega cisterna magna,22,0.6090909090909091,0.03350557798026158,queryseq,2,availability,T2ax,1,-1
Cerebral infarction,26,0.8451877070298124,0.3002279276481354,queryseq,2,availability,T1ax,1,-1
Cerebral hemorrhage,20,0.8528503562945369,0.1847684167322564,queryseq,2,availability,T1ax,1,-1
Gliosis,284,0.7088917588576442,0.5660329329528682,queryseq,2,availability,T1ax,1,-1
Cerebral atrophy,102,0.9071594427244583,0.648107311752534,queryseq,2,availability,T1ax,1,-1
Arachnoid cyst,43,0.6822557287673566,0.08521603836204354,queryseq,2,availability,T1ax,1,-1
Empty sella syndrome,45,0.5939616483068135,0.08282352663278184,queryseq,2,availability,T1ax,1,-1
Cyst of pineal gland,21,0.7323481116584565,0.08254243007327873,queryseq,2,availability,T1ax,1,-1
Cerebral edema,43,0.8922111480251015,0.4789813619811919,queryseq,2,availability,T1ax,1,-1
Mastoiditis,22,0.6732683982683982,0.059246667977531954,queryseq,2,availability,T1ax,1,-1
Ventriculomegaly,64,0.8880599937343359,0.38097995753143776,queryseq,2,availability,T1ax,1,-1
Cerebellar degeneration,39,0.8125681527868648,0.3080643544406349,queryseq,2,availability,T1ax,1,-1
Mega cisterna magna,22,0.6067640692640693,0.0369533694123064,queryseq,2,availability,T1ax,1,-1
Cerebral infarction,26,0.8310636731689363,0.2844035438985256,queryseq,2,availability,FLAIRsag+SWIax,2,-1
Cerebral hemorrhage,20,0.8907957244655581,0.1672950277018169,queryseq,2,availability,FLAIRsag+SWIax,2,-1
Gliosis,284,0.7248282080023393,0.5772169213235845,queryseq,2,availability,FLAIRsag+SWIax,2,-1
Cerebral atrophy,102,0.9240841073271414,0.6835721940445842,queryseq,2,availability,FLAIRsag+SWIax,2,-1
Arachnoid cyst,43,0.6940966010733453,0.09302008493503841,queryseq,2,availability,FLAIRsag+SWIax,2,-1
Empty sella syndrome,45,0.6298653610771113,0.07849089030271224,queryseq,2,availability,FLAIRsag+SWIax,2,-1
Cyst of pineal gland,21,0.7245909065171847,0.054771068643197654,queryseq,2,availability,FLAIRsag+SWIax,2,-1
Cerebral edema,43,0.9156089388647528,0.45636149336611365,queryseq,2,availability,FLAIRsag+SWIax,2,-1
Mastoiditis,22,0.6569264069264069,0.05611073133294838,queryseq,2,availability,FLAIRsag+SWIax,2,-1
Ventriculomegaly,64,0.8832628446115288,0.42684074438199304,queryseq,2,availability,FLAIRsag+SWIax,2,-1
Cerebellar degeneration,39,0.8350313113375083,0.31262816935717375,queryseq,2,availability,FLAIRsag+SWIax,2,-1
Mega cisterna magna,22,0.5987554112554112,0.03548320313283785,queryseq,2,availability,FLAIRsag+SWIax,2,-1
Cerebral infarction,26,0.8371825542878175,0.3294045022220649,queryseq,2,availability,FLAIRax+SWIax,2,-1
Cerebral hemorrhage,20,0.87541567695962,0.1505543706626708,queryseq,2,availability,FLAIRax+SWIax,2,-1
Gliosis,284,0.7169574540669623,0.5871709469396287,queryseq,2,availability,FLAIRax+SWIax,2,-1
Cerebral atrophy,102,0.9290376676986584,0.7038264841433676,queryseq,2,availability,FLAIRax+SWIax,2,-1
Arachnoid cyst,43,0.7001164210466536,0.09226365798729581,queryseq,2,availability,FLAIRax+SWIax,2,-1
Empty sella syndrome,45,0.6244254045967632,0.08405461609140742,queryseq,2,availability,FLAIRax+SWIax,2,-1
Cyst of pineal gland,21,0.7147386897684163,0.05594217515370975,queryseq,2,availability,FLAIRax+SWIax,2,-1
Cerebral edema,43,0.917170684612545,0.5028738100953297,queryseq,2,availability,FLAIRax+SWIax,2,-1
Mastoiditis,22,0.6512987012987014,0.07002962231109787,queryseq,2,availability,FLAIRax+SWIax,2,-1
Ventriculomegaly,64,0.8954417293233082,0.4265806920840751,queryseq,2,availability,FLAIRax+SWIax,2,-1
Cerebellar degeneration,39,0.8585226033585693,0.2814453224915022,queryseq,2,availability,FLAIRax+SWIax,2,-1
Mega cisterna magna,22,0.6793831168831169,0.0463005678243461,queryseq,2,availability,FLAIRax+SWIax,2,-1
Cerebral infarction,26,0.839574898785425,0.3354101841851589,queryseq,2,availability,FLAIRax+FLAIRsag,2,-1
Cerebral hemorrhage,20,0.8796318289786224,0.1951974890875948,queryseq,2,availability,FLAIRax+FLAIRsag,2,-1
Gliosis,284,0.725909522881232,0.5824379142401184,queryseq,2,availability,FLAIRax+FLAIRsag,2,-1
Cerebral atrophy,102,0.9413054695562436,0.7447488600276376,queryseq,2,availability,FLAIRax+FLAIRsag,2,-1
Arachnoid cyst,43,0.7104807337365477,0.11884157911637233,queryseq,2,availability,FLAIRax+FLAIRsag,2,-1
Empty sella syndrome,45,0.6242078063375494,0.07709431651589493,queryseq,2,availability,FLAIRax+FLAIRsag,2,-1
Cyst of pineal gland,21,0.7418039748598607,0.060402898296788285,queryseq,2,availability,FLAIRax+FLAIRsag,2,-1
Cerebral edema,43,0.9187040349831046,0.541258945789727,queryseq,2,availability,FLAIRax+FLAIRsag,2,-1
Mastoiditis,22,0.6744047619047618,0.0583238114861625,queryseq,2,availability,FLAIRax+FLAIRsag,2,-1
Ventriculomegaly,64,0.895950814536341,0.4361368030754431,queryseq,2,availability,FLAIRax+FLAIRsag,2,-1
Cerebellar degeneration,39,0.8593326479110197,0.2997583208397155,queryseq,2,availability,FLAIRax+FLAIRsag,2,-1
Mega cisterna magna,22,0.6248917748917748,0.040185279231151935,queryseq,2,availability,FLAIRax+FLAIRsag,2,-1
Cerebral infarction,26,0.8517206477732794,0.2462002234582959,queryseq,2,availability,T2ax+SWIax,2,-1
Cerebral hemorrhage,20,0.8725059382422803,0.15435723690784545,queryseq,2,availability,T2ax+SWIax,2,-1
Gliosis,284,0.7240606267361958,0.5595018268053645,queryseq,2,availability,T2ax+SWIax,2,-1
Cerebral atrophy,102,0.906424148606811,0.6048915320232972,queryseq,2,availability,T2ax+SWIax,2,-1
Arachnoid cyst,43,0.7039781923502852,0.09196072865692716,queryseq,2,availability,T2ax+SWIax,2,-1
Empty sella syndrome,45,0.6224670202638379,0.08328586538829372,queryseq,2,availability,T2ax+SWIax,2,-1
Cyst of pineal gland,21,0.7337070381065625,0.050833113805972295,queryseq,2,availability,T2ax+SWIax,2,-1
Cerebral edema,43,0.8943975920720106,0.43688653966272023,queryseq,2,availability,T2ax+SWIax,2,-1
Mastoiditis,22,0.6425324675324676,0.06886213930254625,queryseq,2,availability,T2ax+SWIax,2,-1
Ventriculomegaly,64,0.8879425125313284,0.39615284281809066,queryseq,2,availability,T2ax+SWIax,2,-1
Cerebellar degeneration,39,0.8369941115992149,0.29664644767060494,queryseq,2,availability,T2ax+SWIax,2,-1
Mega cisterna magna,22,0.6432359307359308,0.039938451134627864,queryseq,2,availability,T2ax+SWIax,2,-1
Cerebral infarction,26,0.8437615016562385,0.3229218530015547,queryseq,2,availability,T2ax+FLAIRsag,2,-1
Cerebral hemorrhage,20,0.8785035629453681,0.20314858675690667,queryseq,2,availability,T2ax+FLAIRsag,2,-1
Gliosis,284,0.7260953262829571,0.5563307223144139,queryseq,2,availability,T2ax+FLAIRsag,2,-1
Cerebral atrophy,102,0.9175051599587204,0.6739494246831806,queryseq,2,availability,T2ax+FLAIRsag,2,-1
Arachnoid cyst,43,0.7002583979328165,0.09701171856602048,queryseq,2,availability,T2ax+FLAIRsag,2,-1
Empty sella syndrome,45,0.6285325717394261,0.08297027626015585,queryseq,2,availability,T2ax+FLAIRsag,2,-1
Cyst of pineal gland,21,0.7205707491082045,0.04738815679631637,queryseq,2,availability,T2ax+FLAIRsag,2,-1
Cerebral edema,43,0.8976630604537581,0.4495308513943902,queryseq,2,availability,T2ax+FLAIRsag,2,-1
Mastoiditis,22,0.6808441558441558,0.059800814783457085,queryseq,2,availability,T2ax+FLAIRsag,2,-1
Ventriculomegaly,64,0.8967536027568923,0.4458407051391821,queryseq,2,availability,T2ax+FLAIRsag,2,-1
Cerebellar degeneration,39,0.8347509113001216,0.3104077159067737,queryseq,2,availability,T2ax+FLAIRsag,2,-1
Mega cisterna magna,22,0.5822510822510822,0.03112942437567755,queryseq,2,availability,T2ax+FLAIRsag,2,-1
Cerebral infarction,26,0.8449576739050424,0.34229791487049327,queryseq,2,availability,T2ax+FLAIRax,2,-1
Cerebral hemorrhage,20,0.87458432304038,0.17020954540967076,queryseq,2,availability,T2ax+FLAIRax,2,-1
Gliosis,284,0.721648228471173,0.5704977559144553,queryseq,2,availability,T2ax+FLAIRax,2,-1
Cerebral atrophy,102,0.9293859649122808,0.6988178373149584,queryseq,2,availability,T2ax+FLAIRax,2,-1
Arachnoid cyst,43,0.7099696169463611,0.10138672314280932,queryseq,2,availability,T2ax+FLAIRax,2,-1
Empty sella syndrome,45,0.6096559227526179,0.07935249768348701,queryseq,2,availability,T2ax+FLAIRax,2,-1
Cyst of pineal gland,21,0.7298567465035956,0.054328124066670376,queryseq,2,availability,T2ax+FLAIRax,2,-1
Cerebral edema,43,0.9088508390833973,0.5321618760064599,queryseq,2,availability,T2ax+FLAIRax,2,-1
Mastoiditis,22,0.6760822510822511,0.06979602186193312,queryseq,2,availability,T2ax+FLAIRax,2,-1
Ventriculomegaly,64,0.900826284461153,0.431942213916482,queryseq,2,availability,T2ax+FLAIRax,2,-1
Cerebellar degeneration,39,0.8566844253357012,0.2904936044067993,queryseq,2,availability,T2ax+FLAIRax,2,-1
Mega cisterna magna,22,0.6503787878787879,0.038619109379133154,queryseq,2,availability,T2ax+FLAIRax,2,-1
Cerebral infarction,26,0.8490062569009937,0.26167486624185926,queryseq,2,availability,T1ax+SWIax,2,-1
Cerebral hemorrhage,20,0.8772565320665082,0.15918545092624822,queryseq,2,availability,T1ax+SWIax,2,-1
Gliosis,284,0.7142282762317852,0.5748196162261714,queryseq,2,availability,T1ax+SWIax,2,-1
Cerebral atrophy,102,0.905766253869969,0.6217987469470992,queryseq,2,availability,T1ax+SWIax,2,-1
Arachnoid cyst,43,0.6937842519237868,0.08961515395553167,queryseq,2,availability,T1ax+SWIax,2,-1
Empty sella syndrome,45,0.6174078607371141,0.08397998862039101,queryseq,2,availability,T1ax+SWIax,2,-1
Cyst of pineal gland,21,0.7391993658343242,0.07123291172048084,queryseq,2,availability,T1ax+SWIax,2,-1
Cerebral edema,43,0.902887809864554,0.48414802421710207,queryseq,2,availability,T1ax+SWIax,2,-1
Mastoiditis,22,0.6426948051948052,0.06140537481130602,queryseq,2,availability,T1ax+SWIax,2,-1
Ventriculomegaly,64,0.8873746867167921,0.3881304094513965,queryseq,2,availability,T1ax+SWIax,2,-1
Cerebellar degeneration,39,0.8218525095803346,0.2859068279697004,queryseq,2,availability,T1ax+SWIax,2,-1
Mega cisterna magna,22,0.6312770562770563,0.039952122621654394,queryseq,2,availability,T1ax+SWIax,2,-1
Cerebral infarction,26,0.8415071770334929,0.3329661905254298,queryseq,2,availability,T1ax+FLAIRsag,2,-1
Cerebral hemorrhage,20,0.8753562945368171,0.22670732340094799,queryseq,2,availability,T1ax+FLAIRsag,2,-1
Gliosis,284,0.7313892002534237,0.5807392258786853,queryseq,2,availability,T1ax+FLAIRsag,2,-1
Cerebral atrophy,102,0.9319143446852425,0.7161768094292077,queryseq,2,availability,T1ax+FLAIRsag,2,-1
Arachnoid cyst,43,0.6937558565465541,0.09892691732774603,queryseq,2,availability,T1ax+FLAIRsag,2,-1
Empty sella syndrome,45,0.6335645314837481,0.07956335260776856,queryseq,2,availability,T1ax+FLAIRsag,2,-1
Cyst of pineal gland,21,0.7415774871185097,0.06220910362306132,queryseq,2,availability,T1ax+FLAIRsag,2,-1
Cerebral edema,43,0.9103557940767242,0.49063756427249516,queryseq,2,availability,T1ax+FLAIRsag,2,-1
Mastoiditis,22,0.6832251082251082,0.055940251750316625,queryseq,2,availability,T1ax+FLAIRsag,2,-1
Ventriculomegaly,64,0.8949326441102757,0.43923121577804153,queryseq,2,availability,T1ax+FLAIRsag,2,-1
Cerebellar degeneration,39,0.8261519768202636,0.30840436115739095,queryseq,2,availability,T1ax+FLAIRsag,2,-1
Mega cisterna magna,22,0.5627705627705627,0.03634228715915783,queryseq,2,availability,T1ax+FLAIRsag,2,-1
Cerebral infarction,26,0.8420592565329408,0.3446971991166394,queryseq,2,availability,T1ax+FLAIRax,2,-1
Cerebral hemorrhage,20,0.8750593824228028,0.17264032859101805,queryseq,2,availability,T1ax+FLAIRax,2,-1
Gliosis,284,0.7139541400653052,0.5858645693158051,queryseq,2,availability,T1ax+FLAIRax,2,-1
Cerebral atrophy,102,0.932920536635707,0.7150848486375527,queryseq,2,availability,T1ax+FLAIRax,2,-1
Arachnoid cyst,43,0.7013658176448874,0.09583804999023453,queryseq,2,availability,T1ax+FLAIRax,2,-1
Empty sella syndrome,45,0.6011695906432749,0.07439042668176861,queryseq,2,availability,T1ax+FLAIRax,2,-1
Cyst of pineal gland,21,0.7321216239171054,0.07849356237731646,queryseq,2,availability,T1ax+FLAIRax,2,-1
Cerebral edema,43,0.9166879631995911,0.5510156776432933,queryseq,2,availability,T1ax+FLAIRax,2,-1
Mastoiditis,22,0.6786255411255411,0.06626705017881082,queryseq,2,availability,T1ax+FLAIRax,2,-1
Ventriculomegaly,64,0.8994556704260652,0.4282771716800015,queryseq,2,availability,T1ax+FLAIRax,2,-1
Cerebellar degeneration,39,0.8542231361186404,0.28358455433716107,queryseq,2,availability,T1ax+FLAIRax,2,-1
Mega cisterna magna,22,0.6555194805194805,0.040901232708322875,queryseq,2,availability,T1ax+FLAIRax,2,-1
Cerebral infarction,26,0.8570574162679426,0.3140572084893248,queryseq,2,availability,T1ax+T2ax,2,-1
Cerebral hemorrhage,20,0.8609263657957245,0.18747112245257647,queryseq,2,availability,T1ax+T2ax,2,-1
Gliosis,284,0.7249378624689312,0.5678759403885466,queryseq,2,availability,T1ax+T2ax,2,-1
Cerebral atrophy,102,0.915905572755418,0.6498036953672992,queryseq,2,availability,T1ax+T2ax,2,-1
Arachnoid cyst,43,0.699548513502002,0.09349860553915716,queryseq,2,availability,T1ax+T2ax,2,-1
Empty sella syndrome,45,0.6010607915136679,0.08614546030053469,queryseq,2,availability,T1ax+T2ax,2,-1
Cyst of pineal gland,21,0.7241945529698205,0.057492341450859394,queryseq,2,availability,T1ax+T2ax,2,-1
Cerebral edema,43,0.8911037283130305,0.46899474402771124,queryseq,2,availability,T1ax+T2ax,2,-1
Mastoiditis,22,0.674512987012987,0.0651306745355282,queryseq,2,availability,T1ax+T2ax,2,-1
Ventriculomegaly,64,0.8974780701754386,0.41261890505219706,queryseq,2,availability,T1ax+T2ax,2,-1
Cerebellar degeneration,39,0.8349066890986696,0.3138557700684257,queryseq,2,availability,T1ax+T2ax,2,-1
Mega cisterna magna,22,0.6121753246753247,0.034636788036027044,queryseq,2,availability,T1ax+T2ax,2,-1
Cerebral infarction,26,0.840126978284873,0.32714776385816896,queryseq,2,availability,FLAIRax+FLAIRsag+SWIax,3,-1
Cerebral hemorrhage,20,0.8825415676959619,0.16143636786560314,queryseq,2,availability,FLAIRax+FLAIRsag+SWIax,3,-1
Gliosis,284,0.7270273892489887,0.5895635255111906,queryseq,2,availability,FLAIRax+FLAIRsag+SWIax,3,-1
Cerebral atrophy,102,0.9395639834881321,0.7376249759833564,queryseq,2,availability,FLAIRax+FLAIRsag+SWIax,3,-1
Arachnoid cyst,43,0.7031547264105403,0.09680140238300415,queryseq,2,availability,FLAIRax+FLAIRsag+SWIax,3,-1
Empty sella syndrome,45,0.6283421732626139,0.07728812682460516,queryseq,2,availability,FLAIRax+FLAIRsag+SWIax,3,-1
Cyst of pineal gland,21,0.731328916822377,0.06098613768395267,queryseq,2,availability,FLAIRax+FLAIRsag+SWIax,3,-1
Cerebral edema,43,0.919925036204106,0.503037767249775,queryseq,2,availability,FLAIRax+FLAIRsag+SWIax,3,-1
Mastoiditis,22,0.6580086580086579,0.06039771145336449,queryseq,2,availability,FLAIRax+FLAIRsag+SWIax,3,-1
Ventriculomegaly,64,0.8960095551378446,0.4429825027226211,queryseq,2,availability,FLAIRax+FLAIRsag+SWIax,3,-1
Cerebellar degeneration,39,0.8597999813066641,0.30480744302198204,queryseq,2,availability,FLAIRax+FLAIRsag+SWIax,3,-1
Mega cisterna magna,22,0.6462662337662337,0.0401485760522093,queryseq,2,availability,FLAIRax+FLAIRsag+SWIax,3,-1
Cerebral infarction,26,0.8481321310268678,0.31820869109389693,queryseq,2,availability,T2ax+FLAIRsag+SWIax,3,-1
Cerebral hemorrhage,20,0.8860451306413302,0.16732449859213544,queryseq,2,availability,T2ax+FLAIRsag+SWIax,3,-1
Gliosis,284,0.7301586334616696,0.570786337348643,queryseq,2,availability,T2ax+FLAIRsag+SWIax,3,-1
Cerebral atrophy,102,0.9197368421052632,0.6759478293073222,queryseq,2,availability,T2ax+FLAIRsag+SWIax,3,-1
Arachnoid cyst,43,0.7046028906494023,0.0953599424523872,queryseq,2,availability,T2ax+FLAIRsag+SWIax,3,-1
Empty sella syndrome,45,0.6283965728274173,0.07774689881942395,queryseq,2,availability,T2ax+FLAIRsag+SWIax,3,-1
Cyst of pineal gland,21,0.7391993658343242,0.054221137484504286,queryseq,2,availability,T2ax+FLAIRsag+SWIax,3,-1
Cerebral edema,43,0.9091915836101883,0.45877445659388294,queryseq,2,availability,T2ax+FLAIRsag+SWIax,3,-1
Mastoiditis,22,0.6583333333333332,0.06340339236433006,queryseq,2,availability,T2ax+FLAIRsag+SWIax,3,-1
Ventriculomegaly,64,0.895343828320802,0.4477797215588316,queryseq,2,availability,T2ax+FLAIRsag+SWIax,3,-1
Cerebellar degeneration,39,0.8376795339128268,0.3267071618577887,queryseq,2,availability,T2ax+FLAIRsag+SWIax,3,-1
Mega cisterna magna,22,0.6158549783549783,0.03613959776992791,queryseq,2,availability,T2ax+FLAIRsag+SWIax,3,-1
Cerebral infarction,26,0.8455557600294442,0.33509198730260803,queryseq,2,availability,T2ax+FLAIRax+SWIax,3,-1
Cerebral hemorrhage,20,0.8768408551068884,0.15779662498413247,queryseq,2,availability,T2ax+FLAIRax+SWIax,3,-1
Gliosis,284,0.7251267118280618,0.5810945274776735,queryseq,2,availability,T2ax+FLAIRax+SWIax,3,-1
Cerebral atrophy,102,0.9284313725490196,0.6997744955436374,queryseq,2,availability,T2ax+FLAIRax+SWIax,3,-1
Arachnoid cyst,43,0.7067041485646137,0.09401990875313,queryseq,2,availability,T2ax+FLAIRax+SWIax,3,-1
Empty sella syndrome,45,0.6233374133006936,0.081007714328266,queryseq,2,availability,T2ax+FLAIRax+SWIax,3,-1
Cyst of pineal gland,21,0.7394258535756753,0.055266190560637925,queryseq,2,availability,T2ax+FLAIRax+SWIax,3,-1
Cerebral edema,43,0.9107249339807479,0.4917506002870836,queryseq,2,availability,T2ax+FLAIRax+SWIax,3,-1
Mastoiditis,22,0.6564935064935065,0.07291875422640914,queryseq,2,availability,T2ax+FLAIRax+SWIax,3,-1
Ventriculomegaly,64,0.8997297932330827,0.4327225804437003,queryseq,2,availability,T2ax+FLAIRax+SWIax,3,-1
Cerebellar degeneration,39,0.8570271364925072,0.2929642436993812,queryseq,2,availability,T2ax+FLAIRax+SWIax,3,-1
Mega cisterna magna,22,0.6606601731601732,0.04179453891617191,queryseq,2,availability,T2ax+FLAIRax+SWIax,3,-1
Cerebral infarction,26,0.8456477732793523,0.3557456516574544,queryseq,2,availability,T2ax+FLAIRax+FLAIRsag,3,-1
Cerebral hemorrhage,20,0.8812351543942993,0.18398015849117025,queryseq,2,availability,T2ax+FLAIRax+FLAIRsag,3,-1
Gliosis,284,0.7281665773185827,0.5737244882210828,queryseq,2,availability,T2ax+FLAIRax+FLAIRsag,3,-1
Cerebral atrophy,102,0.9347265221878224,0.7183442623857981,queryseq,2,availability,T2ax+FLAIRax+FLAIRsag,3,-1
Arachnoid cyst,43,0.7099128261918959,0.10545953530975337,queryseq,2,availability,T2ax+FLAIRax+FLAIRsag,3,-1
Empty sella syndrome,45,0.6229294165646675,0.07991656365196724,queryseq,2,availability,T2ax+FLAIRax+FLAIRsag,3,-1
Cyst of pineal gland,21,0.7327444652058207,0.05302123431769914,queryseq,2,availability,T2ax+FLAIRax+FLAIRsag,3,-1
Cerebral edema,43,0.9134224948178437,0.513733716729183,queryseq,2,availability,T2ax+FLAIRax+FLAIRsag,3,-1
Mastoiditis,22,0.6817640692640693,0.0615393519316369,queryseq,2,availability,T2ax+FLAIRax+FLAIRsag,3,-1
Ventriculomegaly,64,0.9003367794486216,0.4469869342790743,queryseq,2,availability,T2ax+FLAIRax+FLAIRsag,3,-1
Cerebellar degeneration,39,0.8555316696264449,0.2988084104731418,queryseq,2,availability,T2ax+FLAIRax+FLAIRsag,3,-1
Mega cisterna magna,22,0.6220779220779221,0.03511796598234905,queryseq,2,availability,T2ax+FLAIRax+FLAIRsag,3,-1
Cerebral infarction,26,0.8461998527788002,0.337125038311763,queryseq,2,availability,T1ax+FLAIRsag+SWIax,3,-1
Cerebral hemorrhage,20,0.8890736342042755,0.17714689803580547,queryseq,2,availability,T1ax+FLAIRsag+SWIax,3,-1
Gliosis,284,0.7273989960524392,0.5879121495266584,queryseq,2,availability,T1ax+FLAIRsag+SWIax,3,-1
Cerebral atrophy,102,0.9305340557275542,0.7053670868224508,queryseq,2,availability,T1ax+FLAIRsag+SWIax,3,-1
Arachnoid cyst,43,0.6956015560666723,0.09233695843935567,queryseq,2,availability,T1ax+FLAIRsag+SWIax,3,-1
Empty sella syndrome,45,0.6273357813137495,0.07826377772310084,queryseq,2,availability,T1ax+FLAIRsag+SWIax,3,-1
Cyst of pineal gland,21,0.7438989864673574,0.06534421316567071,queryseq,2,availability,T1ax+FLAIRsag+SWIax,3,-1
Cerebral edema,43,0.9161768464094046,0.4887905159935618,queryseq,2,availability,T1ax+FLAIRsag+SWIax,3,-1
Mastoiditis,22,0.6568181818181817,0.057052798839404076,queryseq,2,availability,T1ax+FLAIRsag+SWIax,3,-1
Ventriculomegaly,64,0.8942473370927317,0.432922836594266,queryseq,2,availability,T1ax+FLAIRsag+SWIax,3,-1
Cerebellar degeneration,39,0.8341901112253481,0.32873035017796537,queryseq,2,availability,T1ax+FLAIRsag+SWIax,3,-1
Mega cisterna magna,22,0.6044372294372294,0.03642542915948608,queryseq,2,availability,T1ax+FLAIRsag+SWIax,3,-1
Cerebral infarction,26,0.8445436142804563,0.3466704113149931,queryseq,2,availability,T1ax+FLAIRax+SWIax,3,-1
Cerebral hemorrhage,20,0.8768408551068884,0.1589204451214135,queryseq,2,availability,T1ax+FLAIRax+SWIax,3,-1
Gliosis,284,0.7193393927579317,0.5915995133538625,queryseq,2,availability,T1ax+FLAIRax+SWIax,3,-1
Cerebral atrophy,102,0.9308952528379774,0.7076397472980295,queryseq,2,availability,T1ax+FLAIRax+SWIax,3,-1
Arachnoid cyst,43,0.7010534684953288,0.09261728012698889,queryseq,2,availability,T1ax+FLAIRax+SWIax,3,-1
Empty sella syndrome,45,0.6207534339725281,0.08172492893793683,queryseq,2,availability,T1ax+FLAIRax+SWIax,3,-1
Cyst of pineal gland,21,0.7363116471320988,0.0691688711312527,queryseq,2,availability,T1ax+FLAIRax+SWIax,3,-1
Cerebral edema,43,0.9163472186728001,0.5179436687295366,queryseq,2,availability,T1ax+FLAIRax+SWIax,3,-1
Mastoiditis,22,0.6555735930735931,0.0669744667539462,queryseq,2,availability,T1ax+FLAIRax+SWIax,3,-1
Ventriculomegaly,64,0.8984962406015038,0.4281891192851194,queryseq,2,availability,T1ax+FLAIRax+SWIax,3,-1
Cerebellar degeneration,39,0.8538804249618344,0.2844124394696765,queryseq,2,availability,T1ax+FLAIRax+SWIax,3,-1
Mega cisterna magna,22,0.6579545454545455,0.041950498326641085,queryseq,2,availability,T1ax+FLAIRax+SWIax,3,-1
Cerebral infarction,26,0.8453257269046743,0.3610084369236827,queryseq,2,availability,T1ax+FLAIRax+FLAIRsag,3,-1
Cerebral hemorrhage,20,0.8798099762470308,0.19203966918755483,queryseq,2,availability,T1ax+FLAIRax+FLAIRsag,3,-1
Gliosis,284,0.7268689994639115,0.5874486978139372,queryseq,2,availability,T1ax+FLAIRax+FLAIRsag,3,-1
Cerebral atrophy,102,0.9404927760577916,0.7382390436081644,queryseq,2,availability,T1ax+FLAIRax+FLAIRsag,3,-1
Arachnoid cyst,43,0.704489309140472,0.10489057555390655,queryseq,2,availability,T1ax+FLAIRax+FLAIRsag,3,-1
Empty sella syndrome,45,0.622766217870257,0.07815947233733375,queryseq,2,availability,T1ax+FLAIRax+FLAIRsag,3,-1
Cyst of pineal gland,21,0.7389162561576355,0.06622181654816878,queryseq,2,availability,T1ax+FLAIRax+FLAIRsag,3,-1
Cerebral edema,43,0.9200102223358038,0.5413193631402359,queryseq,2,availability,T1ax+FLAIRax+FLAIRsag,3,-1
Mastoiditis,22,0.6806277056277056,0.05905947529285645,queryseq,2,availability,T1ax+FLAIRax+FLAIRsag,3,-1
Ventriculomegaly,64,0.8994752506265663,0.43848345326711735,queryseq,2,availability,T1ax+FLAIRax+FLAIRsag,3,-1
Cerebellar degeneration,39,0.8531326915288034,0.29633424043386036,queryseq,2,availability,T1ax+FLAIRax+FLAIRsag,3,-1
Mega cisterna magna,22,0.6139069264069265,0.03694377857714935,queryseq,2,availability,T1ax+FLAIRax+FLAIRsag,3,-1
Cerebral infarction,26,0.8577935222672065,0.29627593248011413,queryseq,2,availability,T1ax+T2ax+SWIax,3,-1
Cerebral hemorrhage,20,0.873396674584323,0.16460706779687256,queryseq,2,availability,T1ax+T2ax+SWIax,3,-1
Gliosis,284,0.7271918709488766,0.5738427601617279,queryseq,2,availability,T1ax+T2ax+SWIax,3,-1
Cerebral atrophy,102,0.9160861713106295,0.6384302855892454,queryseq,2,availability,T1ax+T2ax+SWIax,3,-1
Arachnoid cyst,43,0.7029843541471448,0.092766461656774,queryseq,2,availability,T1ax+T2ax+SWIax,3,-1
Empty sella syndrome,45,0.6180334557323541,0.08113553757253661,queryseq,2,availability,T1ax+T2ax+SWIax,3,-1
Cyst of pineal gland,21,0.7426533038899269,0.06096817321711886,queryseq,2,availability,T1ax+T2ax+SWIax,3,-1
Cerebral edema,43,0.8996223414828066,0.4770366715614291,queryseq,2,availability,T1ax+T2ax+SWIax,3,-1
Mastoiditis,22,0.6517316017316017,0.06783476862794859,queryseq,2,availability,T1ax+T2ax+SWIax,3,-1
Ventriculomegaly,64,0.8952459273182957,0.4113785545890003,queryseq,2,availability,T1ax+T2ax+SWIax,3,-1
Cerebellar degeneration,39,0.8365267782035705,0.319730827633077,queryseq,2,availability,T1ax+T2ax+SWIax,3,-1
Mega cisterna magna,22,0.6320887445887446,0.038205757420228,queryseq,2,availability,T1ax+T2ax+SWIax,3,-1
Cerebral infarction,26,0.8503404490246596,0.34927820774482365,queryseq,2,availability,T1ax+T2ax+FLAIRsag,3,-1
Cerebral hemorrhage,20,0.8776128266033254,0.21010043651724983,queryseq,2,availability,T1ax+T2ax+FLAIRsag,3,-1
Gliosis,284,0.7309201228130027,0.5723924067025429,queryseq,2,availability,T1ax+T2ax+FLAIRsag,3,-1
Cerebral atrophy,102,0.9265350877192983,0.6886335229248676,queryseq,2,availability,T1ax+T2ax+FLAIRsag,3,-1
Arachnoid cyst,43,0.6999744441604907,0.09790230195477055,queryseq,2,availability,T1ax+T2ax+FLAIRsag,3,-1
Empty sella syndrome,45,0.6279613763089895,0.08266446849472597,queryseq,2,availability,T1ax+T2ax+FLAIRsag,3,-1
Cyst of pineal gland,21,0.72974350263292,0.055888785189744,queryseq,2,availability,T1ax+T2ax+FLAIRsag,3,-1
Cerebral edema,43,0.9043927648578812,0.4767235864286016,queryseq,2,availability,T1ax+T2ax+FLAIRsag,3,-1
Mastoiditis,22,0.6850108225108225,0.060238385818621315,queryseq,2,availability,T1ax+T2ax+FLAIRsag,3,-1
Ventriculomegaly,64,0.9011983082706767,0.44896263438238654,queryseq,2,availability,T1ax+T2ax+FLAIRsag,3,-1
Cerebellar degeneration,39,0.8358725114496682,0.32620762187745833,queryseq,2,availability,T1ax+T2ax+FLAIRsag,3,-1
Mega cisterna magna,22,0.5911255411255412,0.032638037562614894,queryseq,2,availability,T1ax+T2ax+FLAIRsag,3,-1
Cerebral infarction,26,0.8506624953993376,0.36615134071940425,queryseq,2,availability,T1ax+T2ax+FLAIRax,3,-1
Cerebral hemorrhage,20,0.8751781472684086,0.1772668627867422,queryseq,2,availability,T1ax+T2ax+FLAIRax,3,-1
Gliosis,284,0.7234697109995614,0.5794922134078863,queryseq,2,availability,T1ax+T2ax+FLAIRax,3,-1
Cerebral atrophy,102,0.9321078431372549,0.7039623277983895,queryseq,2,availability,T1ax+T2ax+FLAIRax,3,-1
Arachnoid cyst,43,0.7047448675355652,0.09844237229973629,queryseq,2,availability,T1ax+T2ax+FLAIRax,3,-1
Empty sella syndrome,45,0.6060927512579899,0.07862374725863137,queryseq,2,availability,T1ax+T2ax+FLAIRax,3,-1
Cyst of pineal gland,21,0.7305362097276484,0.05987461067359711,queryseq,2,availability,T1ax+T2ax+FLAIRax,3,-1
Cerebral edema,43,0.9115767952977255,0.5412339429091692,queryseq,2,availability,T1ax+T2ax+FLAIRax,3,-1
Mastoiditis,22,0.68241341991342,0.07028986280848956,queryseq,2,availability,T1ax+T2ax+FLAIRax,3,-1
Ventriculomegaly,64,0.9027255639097744,0.43615698520490725,queryseq,2,availability,T1ax+T2ax+FLAIRax,3,-1
Cerebellar degeneration,39,0.8521980247375145,0.29284356374630277,queryseq,2,availability,T1ax+T2ax+FLAIRax,3,-1
Mega cisterna magna,22,0.6409090909090909,0.037641159545297176,queryseq,2,availability,T1ax+T2ax+FLAIRax,3,-1
Cerebral infarction,26,0.8451417004048584,0.347413951479077,queryseq,2,availability,T2ax+FLAIRax+FLAIRsag+SWIax,4,-1
Cerebral hemorrhage,20,0.8821258907363421,0.1668741523647815,queryseq,2,availability,T2ax+FLAIRax+FLAIRsag+SWIax,4,-1
Gliosis,284,0.7299576002729178,0.5824930290762903,queryseq,2,availability,T2ax+FLAIRax+FLAIRsag+SWIax,4,-1
Cerebral atrophy,102,0.9344298245614034,0.7199796566527032,queryseq,2,availability,T2ax+FLAIRax+FLAIRsag+SWIax,4,-1
Arachnoid cyst,43,0.7076979867677542,0.09679702474285587,queryseq,2,availability,T2ax+FLAIRax+FLAIRsag+SWIax,4,-1
Empty sella syndrome,45,0.6270093839249287,0.07745786643047156,queryseq,2,availability,T2ax+FLAIRax+FLAIRsag+SWIax,4,-1
Cyst of pineal gland,21,0.7442953400147218,0.05769495798456595,queryseq,2,availability,T2ax+FLAIRax+FLAIRsag+SWIax,4,-1
Cerebral edema,43,0.9148990544339382,0.496053415330697,queryseq,2,availability,T2ax+FLAIRax+FLAIRsag+SWIax,4,-1
Mastoiditis,22,0.6676948051948053,0.06719531751107685,queryseq,2,availability,T2ax+FLAIRax+FLAIRsag+SWIax,4,-1
Ventriculomegaly,64,0.8995339912280701,0.4471971067550729,queryseq,2,availability,T2ax+FLAIRax+FLAIRsag+SWIax,4,-1
Cerebellar degeneration,39,0.8552824251487678,0.29722044023181143,queryseq,2,availability,T2ax+FLAIRax+FLAIRsag+SWIax,4,-1
Mega cisterna magna,22,0.6405844155844155,0.03854208272724871,queryseq,2,availability,T2ax+FLAIRax+FLAIRsag+SWIax,4,-1
Cerebral infarction,26,0.8458317997791682,0.3551146976664345,queryseq,2,availability,T1ax+FLAIRax+FLAIRsag+SWIax,4,-1
Cerebral hemorrhage,20,0.8824821852731591,0.16766859232264217,queryseq,2,availability,T1ax+FLAIRax+FLAIRsag+SWIax,4,-1
Gliosis,284,0.7275452020078952,0.5942113431584042,queryseq,2,availability,T1ax+FLAIRax+FLAIRsag+SWIax,4,-1
Cerebral atrophy,102,0.939202786377709,0.7341561719487589,queryseq,2,availability,T1ax+FLAIRax+FLAIRsag+SWIax,4,-1
Arachnoid cyst,43,0.7011954453814919,0.09446477712182749,queryseq,2,availability,T1ax+FLAIRax+FLAIRsag+SWIax,4,-1
Empty sella syndrome,45,0.6260301917584659,0.07730213520385057,queryseq,2,availability,T1ax+FLAIRax+FLAIRsag+SWIax,4,-1
Cyst of pineal gland,21,0.7419172187305363,0.06492696476043427,queryseq,2,availability,T1ax+FLAIRax+FLAIRsag+SWIax,4,-1
Cerebral edema,43,0.920606525257688,0.5180615630989,queryseq,2,availability,T1ax+FLAIRax+FLAIRsag+SWIax,4,-1
Mastoiditis,22,0.6618506493506494,0.06113718826201618,queryseq,2,availability,T1ax+FLAIRax+FLAIRsag+SWIax,4,-1
Ventriculomegaly,64,0.8986724624060151,0.4381932368895056,queryseq,2,availability,T1ax+FLAIRax+FLAIRsag+SWIax,4,-1
Cerebellar degeneration,39,0.853755802722996,0.29978883555243996,queryseq,2,availability,T1ax+FLAIRax+FLAIRsag+SWIax,4,-1
Mega cisterna magna,22,0.6333874458874459,0.03860275393446405,queryseq,2,availability,T1ax+FLAIRax+FLAIRsag+SWIax,4,-1
Cerebral infarction,26,0.8519506808980494,0.32069278673784474,queryseq,2,availability,T1ax+T2ax+FLAIRsag+SWIax,4,-1
Cerebral hemorrhage,20,0.8841448931116389,0.17797615447480422,queryseq,2,availability,T1ax+T2ax+FLAIRsag+SWIax,4,-1
Gliosis,284,0.7317729908864954,0.5812065384693164,queryseq,2,availability,T1ax+T2ax+FLAIRsag+SWIax,4,-1
Cerebral atrophy,102,0.9264060887512899,0.6910610855350847,queryseq,2,availability,T1ax+T2ax+FLAIRsag+SWIax,4,-1
Arachnoid cyst,43,0.702842377260982,0.09457731142785392,queryseq,2,availability,T1ax+T2ax+FLAIRsag+SWIax,4,-1
Empty sella syndrome,45,0.6261933904528764,0.07751803271212088,queryseq,2,availability,T1ax+T2ax+FLAIRsag+SWIax,4,-1
Cyst of pineal gland,21,0.7454277787214767,0.06102738044708997,queryseq,2,availability,T1ax+T2ax+FLAIRsag+SWIax,4,-1
Cerebral edema,43,0.9102422125677939,0.47756618583980004,queryseq,2,availability,T1ax+T2ax+FLAIRsag+SWIax,4,-1
Mastoiditis,22,0.6636363636363636,0.06469530266391274,queryseq,2,availability,T1ax+T2ax+FLAIRsag+SWIax,4,-1
Ventriculomegaly,64,0.8993969298245615,0.448378011772005,queryseq,2,availability,T1ax+T2ax+FLAIRsag+SWIax,4,-1
Cerebellar degeneration,39,0.8379599339502134,0.3245325064520176,queryseq,2,availability,T1ax+T2ax+FLAIRsag+SWIax,4,-1
Mega cisterna magna,22,0.6121753246753247,0.03577678800286297,queryseq,2,availability,T1ax+T2ax+FLAIRsag+SWIax,4,-1
Cerebral infarction,26,0.8504324622745676,0.3562567777911905,queryseq,2,availability,T1ax+T2ax+FLAIRax+SWIax,4,-1
Cerebral hemorrhage,20,0.877375296912114,0.16596606606199413,queryseq,2,availability,T1ax+T2ax+FLAIRax+SWIax,4,-1
Gliosis,284,0.7257846386276134,0.5863125693924482,queryseq,2,availability,T1ax+T2ax+FLAIRax+SWIax,4,-1
Cerebral atrophy,102,0.930843653250774,0.7030017807487423,queryseq,2,availability,T1ax+T2ax+FLAIRax+SWIax,4,-1
Arachnoid cyst,43,0.705028821307891,0.09400357807222064,queryseq,2,availability,T1ax+T2ax+FLAIRax+SWIax,4,-1
Empty sella syndrome,45,0.6187678498572011,0.0793241703326904,queryseq,2,availability,T1ax+T2ax+FLAIRax+SWIax,4,-1
Cyst of pineal gland,21,0.7436724987260065,0.06247012184530714,queryseq,2,availability,T1ax+T2ax+FLAIRax+SWIax,4,-1
Cerebral edema,43,0.9122014935968423,0.5152741996155251,queryseq,2,availability,T1ax+T2ax+FLAIRax+SWIax,4,-1
Mastoiditis,22,0.6616341991341991,0.07076726552195885,queryseq,2,availability,T1ax+T2ax+FLAIRax+SWIax,4,-1
Ventriculomegaly,64,0.9014136904761905,0.4356899666446295,queryseq,2,availability,T1ax+T2ax+FLAIRax+SWIax,4,-1
Cerebellar degeneration,39,0.8522914914166434,0.29701958445877036,queryseq,2,availability,T1ax+T2ax+FLAIRax+SWIax,4,-1
Mega cisterna magna,22,0.6502705627705628,0.039971888871223465,queryseq,2,availability,T1ax+T2ax+FLAIRax+SWIax,4,-1
Cerebral infarction,26,0.8495583364004416,0.37013728927910483,queryseq,2,availability,T1ax+T2ax+FLAIRax+FLAIRsag,4,-1
Cerebral hemorrhage,20,0.8805225653206651,0.18592788523339648,queryseq,2,availability,T1ax+T2ax+FLAIRax+FLAIRsag,4,-1
Gliosis,284,0.7289524343291582,0.5804275647074297,queryseq,2,availability,T1ax+T2ax+FLAIRax+FLAIRsag,4,-1
Cerebral atrophy,102,0.936390608875129,0.7205933621099226,queryseq,2,availability,T1ax+T2ax+FLAIRax+FLAIRsag,4,-1
Arachnoid cyst,43,0.7052559843257518,0.10083112756557673,queryseq,2,availability,T1ax+T2ax+FLAIRax+FLAIRsag,4,-1
Empty sella syndrome,45,0.6201822385420916,0.07918462002369485,queryseq,2,availability,T1ax+T2ax+FLAIRax+FLAIRsag,4,-1
Cyst of pineal gland,21,0.733367306494536,0.0596017667331145,queryseq,2,availability,T1ax+T2ax+FLAIRax+FLAIRsag,4,-1
Cerebral edema,43,0.915665729619218,0.5345564558595968,queryseq,2,availability,T1ax+T2ax+FLAIRax+FLAIRsag,4,-1
Mastoiditis,22,0.6862554112554112,0.0622271532848483,queryseq,2,availability,T1ax+T2ax+FLAIRax+FLAIRsag,4,-1
Ventriculomegaly,64,0.9026668233082706,0.44924011907276673,queryseq,2,availability,T1ax+T2ax+FLAIRax+FLAIRsag,4,-1
Cerebellar degeneration,39,0.8518241580209989,0.29830938143125746,queryseq,2,availability,T1ax+T2ax+FLAIRax+FLAIRsag,4,-1
Mega cisterna magna,22,0.6193181818181818,0.035268792847443664,queryseq,2,availability,T1ax+T2ax+FLAIRax+FLAIRsag,4,-1
Cerebral infarction,26,0.8504324622745676,0.3651298915527916,queryseq,2,availability,T1ax+T2ax+FLAIRax+FLAIRsag+SWIax,5,-1
Cerebral hemorrhage,20,0.882957244655582,0.17134034234211099,queryseq,2,availability,T1ax+T2ax+FLAIRax+FLAIRsag+SWIax,5,-1
Gliosis,284,0.7302743798430723,0.5863957777856583,queryseq,2,availability,T1ax+T2ax+FLAIRax+FLAIRsag+SWIax,5,-1
Cerebral atrophy,102,0.9357327141382868,0.719251595473492,queryseq,2,availability,T1ax+T2ax+FLAIRax+FLAIRsag+SWIax,5,-1
Arachnoid cyst,43,0.7058806826248687,0.09648240125224175,queryseq,2,availability,T1ax+T2ax+FLAIRax+FLAIRsag+SWIax,5,-1
Empty sella syndrome,45,0.6249422004623963,0.07694285291088354,queryseq,2,availability,T1ax+T2ax+FLAIRax+FLAIRsag+SWIax,5,-1
Cyst of pineal gland,21,0.7452012909801257,0.06252700002889273,queryseq,2,availability,T1ax+T2ax+FLAIRax+FLAIRsag+SWIax,5,-1
Cerebral edema,43,0.9162904279183349,0.512031403887201,queryseq,2,availability,T1ax+T2ax+FLAIRax+FLAIRsag+SWIax,5,-1
Mastoiditis,22,0.6693181818181817,0.06631178603805822,queryseq,2,availability,T1ax+T2ax+FLAIRax+FLAIRsag+SWIax,5,-1
Ventriculomegaly,64,0.901374530075188,0.4443653272339021,queryseq,2,availability,T1ax+T2ax+FLAIRax+FLAIRsag+SWIax,5,-1
Cerebellar degeneration,39,0.8526342025734492,0.31261656480296474,queryseq,2,availability,T1ax+T2ax+FLAIRax+FLAIRsag+SWIax,5,-1
Mega cisterna magna,22,0.6330627705627705,0.03761902169087511,queryseq,2,availability,T1ax+T2ax+FLAIRax+FLAIRsag+SWIax,5,-1
Cerebral infarction,26,0.8353882959146117,0.3374688757576387,queryseq,2,budget,allinputs,1,1
Cerebral hemorrhage,20,0.8570071258907364,0.15358954136194322,queryseq,2,budget,allinputs,1,1
Gliosis,284,0.7052366099712462,0.5513304085154409,queryseq,2,budget,allinputs,1,1
Cerebral atrophy,102,0.930998452012384,0.7089170781008118,queryseq,2,budget,allinputs,1,1
Arachnoid cyst,43,0.7070732884686373,0.09620805257699469,queryseq,2,budget,allinputs,1,1
Empty sella syndrome,45,0.6254045967632259,0.08795754942802277,queryseq,2,budget,allinputs,1,1
Cyst of pineal gland,21,0.720910480720231,0.05056143811769426,queryseq,2,budget,allinputs,1,1
Cerebral edema,43,0.9089644205923276,0.5035900198749382,queryseq,2,budget,allinputs,1,1
Mastoiditis,22,0.6380411255411255,0.06725528287046363,queryseq,2,budget,allinputs,1,1
Ventriculomegaly,64,0.8953046679197995,0.4285405943392527,queryseq,2,budget,allinputs,1,1
Cerebellar degeneration,39,0.8622301149640154,0.2799796927056667,queryseq,2,budget,allinputs,1,1
Mega cisterna magna,22,0.637012987012987,0.03777459636118653,queryseq,2,budget,allinputs,1,1
Cerebral infarction,26,0.8430253956569745,0.3497136755115947,queryseq,2,budget,allinputs,2,2
Cerebral hemorrhage,20,0.8740498812351545,0.16072365100187647,queryseq,2,budget,allinputs,2,2
Gliosis,284,0.7164518251376772,0.5683530215254442,queryseq,2,budget,allinputs,2,2
Cerebral atrophy,102,0.932920536635707,0.6950730741929788,queryseq,2,budget,allinputs,2,2
Arachnoid cyst,43,0.7110770366584319,0.09843410359744724,queryseq,2,budget,allinputs,2,2
Empty sella syndrome,45,0.6301645586835305,0.08077425630631818,queryseq,2,budget,allinputs,2,2
Cyst of pineal gland,21,0.728611063926165,0.04932545818565955,queryseq,2,budget,allinputs,2,2
Cerebral edema,43,0.9131669364227504,0.5127040886111275,queryseq,2,budget,allinputs,2,2
Mastoiditis,22,0.6652597402597402,0.07210846265742923,queryseq,2,budget,allinputs,2,2
Ventriculomegaly,64,0.8998668546365916,0.44525361165705,queryseq,2,budget,allinputs,2,2
Cerebellar degeneration,39,0.8521045580583856,0.27814127183381626,queryseq,2,budget,allinputs,2,2
Mega cisterna magna,22,0.6305194805194806,0.038499857281855766,queryseq,2,budget,allinputs,2,2
Cerebral infarction,26,0.8479020979020979,0.3699523155866723,queryseq,2,budget,allinputs,3,3
Cerebral hemorrhage,20,0.8887767220902614,0.17047963015821851,queryseq,2,budget,allinputs,3,3
Gliosis,284,0.7251023441688192,0.5845407678617884,queryseq,2,budget,allinputs,3,3
Cerebral atrophy,102,0.9286377708978328,0.7160934325007025,queryseq,2,budget,allinputs,3,3
Arachnoid cyst,43,0.7109350597722691,0.09914237211544015,queryseq,2,budget,allinputs,3,3
Empty sella syndrome,45,0.6385964912280702,0.0807970533282831,queryseq,2,budget,allinputs,3,3
Cyst of pineal gland,21,0.7282147103788007,0.05269447650569899,queryseq,2,budget,allinputs,3,3
Cerebral edema,43,0.9158077065053809,0.5105968936950449,queryseq,2,budget,allinputs,3,3
Mastoiditis,22,0.662987012987013,0.06225206594802586,queryseq,2,budget,allinputs,3,3
Ventriculomegaly,64,0.9000822368421052,0.4371016040663029,queryseq,2,budget,allinputs,3,3
Cerebellar degeneration,39,0.8495186466024862,0.3287581575151444,queryseq,2,budget,allinputs,3,3
Mega cisterna magna,22,0.6399350649350649,0.0382010708807065,queryseq,2,budget,allinputs,3,3
Cerebral infarction,26,0.8491442767758558,0.34209458285069944,queryseq,2,budget,allinputs,4,4
Cerebral hemorrhage,20,0.8866389548693586,0.17812490830491193,queryseq,2,budget,allinputs,4,4
Gliosis,284,0.7303901262244749,0.5871786768866764,queryseq,2,budget,allinputs,4,4
Cerebral atrophy,102,0.9357069143446852,0.7087020102416383,queryseq,2,budget,allinputs,4,4
Arachnoid cyst,43,0.7070732884686373,0.10022196165856082,queryseq,2,budget,allinputs,4,4
Empty sella syndrome,45,0.6279613763089895,0.07954121509717911,queryseq,2,budget,allinputs,4,4
Cyst of pineal gland,21,0.7389728780929732,0.06176142852378578,queryseq,2,budget,allinputs,4,4
Cerebral edema,43,0.914018797739728,0.49825392657043677,queryseq,2,budget,allinputs,4,4
Mastoiditis,22,0.6687229437229437,0.061709516034229736,queryseq,2,budget,allinputs,4,4
Ventriculomegaly,64,0.9008262844611529,0.4490703328437029,queryseq,2,budget,allinputs,4,4
Cerebellar degeneration,39,0.8491759354456803,0.31136793980781263,queryseq,2,budget,allinputs,4,4
Mega cisterna magna,22,0.6393398268398268,0.038926720686356525,queryseq,2,budget,allinputs,4,4
Cerebral infarction,26,0.8531468531468531,0.3478600638671821,queryseq,2,budget,allinputs,5,5
Cerebral hemorrhage,20,0.8810570071258907,0.18257119071216335,queryseq,2,budget,allinputs,5,5
Gliosis,284,0.7326563185340416,0.5851500321309429,queryseq,2,budget,allinputs,5,5
Cerebral atrophy,102,0.9320304437564499,0.6963323310452858,queryseq,2,budget,allinputs,5,5
Arachnoid cyst,43,0.7024732373569583,0.09860305534005853,queryseq,2,budget,allinputs,5,5
Empty sella syndrome,45,0.6266285869713042,0.0806705657896093,queryseq,2,budget,allinputs,5,5
Cyst of pineal gland,21,0.7529584961213974,0.06558655505099029,queryseq,2,budget,allinputs,5,5
Cerebral edema,43,0.9125138427464009,0.5122780592862255,queryseq,2,budget,allinputs,5,5
Mastoiditis,22,0.669534632034632,0.061301325902921616,queryseq,2,budget,allinputs,5,5
Ventriculomegaly,64,0.8992402882205515,0.44523025678958406,queryseq,2,budget,allinputs,5,5
Cerebellar degeneration,39,0.8467146462286195,0.31052282837047657,queryseq,2,budget,allinputs,5,5
Mega cisterna magna,22,0.610551948051948,0.035638397955688184,queryseq,2,budget,allinputs,5,5
