C,seed,subset,subset_bits,k,finding,finding_idx,n_pos,n,auroc,auprc
0.1,0,T2cor,0001,1,Cerebral infarction,0,339,12412,0.8170786027086453,0.15712440061202623
0.1,0,T2cor,0001,1,Cerebral hemorrhage,1,92,12412,0.7599625917560701,0.03841927879144452
0.1,0,T2cor,0001,1,Metastatic malignant neoplasm to brain,2,50,12412,0.7169729817181686,0.031532398400586165
0.1,0,T2cor,0001,1,Intracranial meningioma,3,148,12412,0.6873165362035225,0.02661226634735417
0.1,0,T2cor,0001,1,Demyelinating disease of central nervous system,4,294,12412,0.7738171023484488,0.175314403102685
0.1,0,T2cor,0001,1,Herniation of nucleus pulposus,5,29,12412,0.515913084401028,0.004131761653437
0.1,0,T2cor,0001,1,Spinal cord compression,6,22,12412,0.6017792941521755,0.0037003758382272963
0.1,0,T2cor,0001,1,Lacunar infarct,7,189,12412,0.8276456000419021,0.11725943304559087
0.1,0,T2cor,0001,1,Silent micro-hemorrhage of brain,8,78,12412,0.8553903531202056,0.06510411255510358
0.1,0,T2cor,0001,1,Cavernous hemangioma,9,67,12412,0.5556095585257188,0.009948174145357723
0.1,0,T2cor,0001,1,Subdural intracranial hemorrhage,10,26,12412,0.7944515520003975,0.13542920358111915
0.1,0,T2cor,0001,1,Gliosis,11,3854,12412,0.7933865568598554,0.6322782662081112
0.1,0,T2cor,0001,1,Cerebral atrophy,12,2012,12412,0.9451921165315799,0.809760978980726
0.1,0,T2cor,0001,1,Encephalomalacia,13,248,12412,0.7860861240466315,0.12450980920413274
0.1,0,T2cor,0001,1,Arachnoid cyst,14,572,12412,0.67299143002268,0.11731893260568654
0.1,0,T2cor,0001,1,Empty sella syndrome,15,670,12412,0.7593318537613414,0.16546404802996514
0.1,0,T2cor,0001,1,Intracranial aneurysm,16,32,12412,0.4454866720516963,0.0022230054826548693
0.1,0,T2cor,0001,1,Chiari malformation,17,62,12412,0.801853206216534,0.036216688249757836
0.1,0,T2cor,0001,1,Cyst of pineal gland,19,244,12412,0.7024704007285975,0.040390519674385554
0.1,0,T2cor,0001,1,Rathke's pouch cyst,21,47,12412,0.6352935103371735,0.007439720301277189
0.1,0,T2cor,0001,1,Cerebral edema,22,187,12412,0.8257043185372309,0.26973644637657357
0.1,0,T2cor,0001,1,Spinal stenosis,23,26,12412,0.7650573227837881,0.010789266814139668
0.1,0,T2cor,0001,1,Mastoiditis,24,281,12412,0.6965628191178683,0.06081828642874951
0.1,0,T2cor,0001,1,Chronic mastoiditis,25,360,12412,0.7535842368256075,0.09772946123788412
0.1,0,T2cor,0001,1,Ventriculomegaly,26,1204,12412,0.908853444146445,0.6214103432901631
0.1,0,T2cor,0001,1,Cerebellar degeneration,27,318,12412,0.8509219707677699,0.19795076723928667
0.1,0,T2cor,0001,1,Mega cisterna magna,28,225,12412,0.804266477029257,0.10712362508738037
0.1,0,T2cor,0001,1,Structure of cave of septum pellucidum,29,238,12412,0.6562237265532136,0.04155893792181185
0.1,0,T2cor,0001,1,Hyperostosis of skull,30,55,12412,0.9029817475556733,0.07484328453468186
0.1,0,T2cor,0001,1,Choroid plexus cyst,32,57,12412,0.5291940900409664,0.00670745391317278
0.1,0,T2cor,0001,1,Lipoma of brain,34,34,12412,0.5338670126315189,0.0031897160529123433
0.1,0,T2cor,0001,1,Glioma,35,35,12412,0.8329228176687173,0.07475178925042325
0.1,0,T2cor,0001,1,Pituitary adenoma,36,57,12412,0.6638579451461515,0.008047309524226083
0.1,0,FLAIRax,0010,1,Cerebral infarction,0,339,12412,0.8377749711868338,0.172108073410721
0.1,0,FLAIRax,0010,1,Cerebral hemorrhage,1,92,12412,0.7283579192546584,0.06657314256162349
0.1,0,FLAIRax,0010,1,Metastatic malignant neoplasm to brain,2,50,12412,0.8305063905516906,0.06090145955067378
0.1,0,FLAIRax,0010,1,Intracranial meningioma,3,148,12412,0.6653380692336172,0.02407613686351312
0.1,0,FLAIRax,0010,1,Demyelinating disease of central nervous system,4,294,12412,0.8223798184069798,0.2719768667882521
0.1,0,FLAIRax,0010,1,Herniation of nucleus pulposus,5,29,12412,0.6803264765097868,0.006493955618281491
0.1,0,FLAIRax,0010,1,Spinal cord compression,6,22,12412,0.4876256511849732,0.004103202769364033
0.1,0,FLAIRax,0010,1,Lacunar infarct,7,189,12412,0.8491502921675547,0.12218339076568396
0.1,0,FLAIRax,0010,1,Silent micro-hemorrhage of brain,8,78,12412,0.8418734122479866,0.08266609489183802
0.1,0,FLAIRax,0010,1,Cavernous hemangioma,9,67,12412,0.5335376580040261,0.006624730093763579
0.1,0,FLAIRax,0010,1,Subdural intracranial hemorrhage,10,26,12412,0.8318014135065646,0.17172280002325557
0.1,0,FLAIRax,0010,1,Gliosis,11,3854,12412,0.8016396679308915,0.6543855466074641
0.1,0,FLAIRax,0010,1,Cerebral atrophy,12,2012,12412,0.9463809928888208,0.8115959974063787
0.1,0,FLAIRax,0010,1,Encephalomalacia,13,248,12412,0.8099027670227322,0.15175512233474847
0.1,0,FLAIRax,0010,1,Arachnoid cyst,14,572,12412,0.6917807804526555,0.12392782745417444
0.1,0,FLAIRax,0010,1,Empty sella syndrome,15,670,12412,0.7581399339531265,0.15511031431283134
0.1,0,FLAIRax,0010,1,Intracranial aneurysm,16,32,12412,0.6245759289176092,0.0036576546699219727
0.1,0,FLAIRax,0010,1,Chiari malformation,17,62,12412,0.8669087109834138,0.03085297906367302
0.1,0,FLAIRax,0010,1,Cyst of pineal gland,19,244,12412,0.6737586359276144,0.04183448478500341
0.1,0,FLAIRax,0010,1,Rathke's pouch cyst,21,47,12412,0.664989546678597,0.008523145451914226
0.1,0,FLAIRax,0010,1,Cerebral edema,22,187,12412,0.8443681856457028,0.38142548949999977
0.1,0,FLAIRax,0010,1,Spinal stenosis,23,26,12412,0.7081226943571526,0.004904912989440317
0.1,0,FLAIRax,0010,1,Mastoiditis,24,281,12412,0.712072625909738,0.062195356743544566
0.1,0,FLAIRax,0010,1,Chronic mastoiditis,25,360,12412,0.7713537633219013,0.09634681489961766
0.1,0,FLAIRax,0010,1,Ventriculomegaly,26,1204,12412,0.9169350736659388,0.6302776632436266
0.1,0,FLAIRax,0010,1,Cerebellar degeneration,27,318,12412,0.8503564322659087,0.1906788920088599
0.1,0,FLAIRax,0010,1,Mega cisterna magna,28,225,12412,0.7797981455649462,0.09393302683622629
0.1,0,FLAIRax,0010,1,Structure of cave of septum pellucidum,29,238,12412,0.6944921882010567,0.06997608886745399
0.1,0,FLAIRax,0010,1,Hyperostosis of skull,30,55,12412,0.8521706504226534,0.03601761502206028
0.1,0,FLAIRax,0010,1,Choroid plexus cyst,32,57,12412,0.5732120669946821,0.005770492510570818
0.1,0,FLAIRax,0010,1,Lipoma of brain,34,34,12412,0.590898938344121,0.003752930293244407
0.1,0,FLAIRax,0010,1,Glioma,35,35,12412,0.781911148558963,0.02911472276780059
0.1,0,FLAIRax,0010,1,Pituitary adenoma,36,57,12412,0.6970116509403822,0.01456864689774225
0.1,0,T2ax,0100,1,Cerebral infarction,0,339,12412,0.8128958374412101,0.15509271919655024
0.1,0,T2ax,0100,1,Cerebral hemorrhage,1,92,12412,0.7630893562958782,0.06531221064039085
0.1,0,T2ax,0100,1,Metastatic malignant neoplasm to brain,2,50,12412,0.7161462546513508,0.016152694591411974
0.1,0,T2ax,0100,1,Intracranial meningioma,3,148,12412,0.6478900010578093,0.03155888780063224
0.1,0,T2ax,0100,1,Demyelinating disease of central nervous system,4,294,12412,0.8178781662854941,0.23372730159934016
0.1,0,T2ax,0100,1,Herniation of nucleus pulposus,5,29,12412,0.6251256589261697,0.01325319592047655
0.1,0,T2ax,0100,1,Spinal cord compression,6,22,12412,0.6566806075280652,0.00903706406130963
0.1,0,T2ax,0100,1,Lacunar infarct,7,189,12412,0.8395777411567314,0.11256424714887128
0.1,0,T2ax,0100,1,Silent micro-hemorrhage of brain,8,78,12412,0.8632017811927006,0.05874461776748539
0.1,0,T2ax,0100,1,Cavernous hemangioma,9,67,12412,0.5897075980969998,0.007904064720761904
0.1,0,T2ax,0100,1,Subdural intracranial hemorrhage,10,26,12412,0.7205747183544697,0.05410794197666428
0.1,0,T2ax,0100,1,Gliosis,11,3854,12412,0.7993169232732041,0.6446602285480845
0.1,0,T2ax,0100,1,Cerebral atrophy,12,2012,12412,0.94772944066371,0.8098679055579076
0.1,0,T2ax,0100,1,Encephalomalacia,13,248,12412,0.7967601383246173,0.140083378152995
0.1,0,T2ax,0100,1,Arachnoid cyst,14,572,12412,0.6878963097713098,0.13161943549386512
0.1,0,T2ax,0100,1,Empty sella syndrome,15,670,12412,0.7687219243587885,0.1702843610269097
0.1,0,T2ax,0100,1,Intracranial aneurysm,16,32,12412,0.5397667609046849,0.0029534272349138425
0.1,0,T2ax,0100,1,Chiari malformation,17,62,12412,0.8529554655870445,0.05058665241752402
0.1,0,T2ax,0100,1,Cyst of pineal gland,19,244,12412,0.6750385315959087,0.035797133489781335
0.1,0,T2ax,0100,1,Rathke's pouch cyst,21,47,12412,0.676115666216414,0.00611456979218521
0.1,0,T2ax,0100,1,Cerebral edema,22,187,12412,0.8468204236518925,0.3058741887410938
0.1,0,T2ax,0100,1,Spinal stenosis,23,26,12412,0.8031648635556273,0.011723831915148567
0.1,0,T2ax,0100,1,Mastoiditis,24,281,12412,0.75626017400202,0.07550462633068118
0.1,0,T2ax,0100,1,Chronic mastoiditis,25,360,12412,0.7494992762842496,0.08829136419415876
0.1,0,T2ax,0100,1,Ventriculomegaly,26,1204,12412,0.9150980937915727,0.6201698304756023
0.1,0,T2ax,0100,1,Cerebellar degeneration,27,318,12412,0.8461178837055225,0.2078435220110827
0.1,0,T2ax,0100,1,Mega cisterna magna,28,225,12412,0.8107272777002817,0.12574273526175334
0.1,0,T2ax,0100,1,Structure of cave of septum pellucidum,29,238,12412,0.6694857341655243,0.07653287406344816
0.1,0,T2ax,0100,1,Hyperostosis of skull,30,55,12412,0.8899306245264001,0.07359291902840627
0.1,0,T2ax,0100,1,Choroid plexus cyst,32,57,12412,0.5986013191619275,0.006852094889370969
0.1,0,T2ax,0100,1,Lipoma of brain,34,34,12412,0.6414321424158611,0.005564800920734654
0.1,0,T2ax,0100,1,Glioma,35,35,12412,0.6855896305359018,0.029398570996922363
0.1,0,T2ax,0100,1,Pituitary adenoma,36,57,12412,0.7588248240999098,0.01305661171884722
0.1,0,T1ax,1000,1,Cerebral infarction,0,339,12412,0.8110110397735311,0.17898410191623862
0.1,0,T1ax,1000,1,Cerebral hemorrhage,1,92,12412,0.7412311194240542,0.04600371990781068
0.1,0,T1ax,1000,1,Metastatic malignant neoplasm to brain,2,50,12412,0.7009367416275682,0.01871309465068648
0.1,0,T1ax,1000,1,Intracranial meningioma,3,148,12412,0.6975133768798153,0.026669186144599722
0.1,0,T1ax,1000,1,Demyelinating disease of central nervous system,4,294,12412,0.721392840020973,0.11475391830661599
0.1,0,T1ax,1000,1,Herniation of nucleus pulposus,5,29,12412,0.6352424207826636,0.0050570198952589965
0.1,0,T1ax,1000,1,Spinal cord compression,6,22,12412,0.592717734243158,0.0027272239593289045
0.1,0,T1ax,1000,1,Lacunar infarct,7,189,12412,0.8570632085317514,0.12433613409002103
0.1,0,T1ax,1000,1,Silent micro-hemorrhage of brain,8,78,12412,0.8091724771633966,0.04155114464236989
0.1,0,T1ax,1000,1,Cavernous hemangioma,9,67,12412,0.6117565272060113,0.0090875682907466
0.1,0,T1ax,1000,1,Subdural intracranial hemorrhage,10,26,12412,0.8579630848724987,0.07462556173793852
0.1,0,T1ax,1000,1,Gliosis,11,3854,12412,0.7855730117990942,0.6292972811362992
0.1,0,T1ax,1000,1,Cerebral atrophy,12,2012,12412,0.9458310712647194,0.8092787641297271
0.1,0,T1ax,1000,1,Encephalomalacia,13,248,12412,0.7844104364014384,0.1420536168539233
0.1,0,T1ax,1000,1,Arachnoid cyst,14,572,12412,0.6531638336325836,0.09370059285149927
0.1,0,T1ax,1000,1,Empty sella syndrome,15,670,12412,0.7521743606952462,0.1497346599384002
0.1,0,T1ax,1000,1,Intracranial aneurysm,16,32,12412,0.5660162560581583,0.004316282452189846
0.1,0,T1ax,1000,1,Chiari malformation,17,62,12412,0.8180710461016064,0.06723386360123619
0.1,0,T1ax,1000,1,Cyst of pineal gland,19,244,12412,0.682110628792533,0.03850633592026112
0.1,0,T1ax,1000,1,Rathke's pouch cyst,21,47,12412,0.7570252342318314,0.010360998761413519
0.1,0,T1ax,1000,1,Cerebral edema,22,187,12412,0.8369970364051923,0.304420739206258
0.1,0,T1ax,1000,1,Spinal stenosis,23,26,12412,0.7235122781303953,0.008446074197048039
0.1,0,T1ax,1000,1,Mastoiditis,24,281,12412,0.6872701361266434,0.05047783018636438
0.1,0,T1ax,1000,1,Chronic mastoiditis,25,360,12412,0.7485149998156139,0.09473907537568416
0.1,0,T1ax,1000,1,Ventriculomegaly,26,1204,12412,0.9125400387359763,0.6243458223693437
0.1,0,T1ax,1000,1,Cerebellar degeneration,27,318,12412,0.8681868861632102,0.18792686131429664
0.1,0,T1ax,1000,1,Mega cisterna magna,28,225,12412,0.777271227081681,0.06899307735806814
0.1,0,T1ax,1000,1,Structure of cave of septum pellucidum,29,238,12412,0.6670580504256902,0.060571037886659275
0.1,0,T1ax,1000,1,Hyperostosis of skull,30,55,12412,0.9200718032473314,0.10413628460183715
0.1,0,T1ax,1000,1,Choroid plexus cyst,32,57,12412,0.6385482118894971,0.00813381860955332
0.1,0,T1ax,1000,1,Lipoma of brain,34,34,12412,0.6201016034140268,0.003748333326906025
0.1,0,T1ax,1000,1,Glioma,35,35,12412,0.8036357760361961,0.01852602657168671
0.1,0,T1ax,1000,1,Pituitary adenoma,36,57,12412,0.7293644877065183,0.012938817980281809
0.1,0,FLAIRax+T2cor,0011,2,Cerebral infarction,0,339,12412,0.8450866862769675,0.18125683754541974
0.1,0,FLAIRax+T2cor,0011,2,Cerebral hemorrhage,1,92,12412,0.7662170031055902,0.06169002245604948
0.1,0,FLAIRax+T2cor,0011,2,Metastatic malignant neoplasm to brain,2,50,12412,0.763767998705711,0.045497486130959504
0.1,0,FLAIRax+T2cor,0011,2,Intracranial meningioma,3,148,12412,0.6885693790659544,0.027457740325199268
0.1,0,FLAIRax+T2cor,0011,2,Demyelinating disease of central nervous system,4,294,12412,0.8168090309238071,0.27132922821818206
0.1,0,FLAIRax+T2cor,0011,2,Herniation of nucleus pulposus,5,29,12412,0.6176543481469311,0.005548423664376399
0.1,0,FLAIRax+T2cor,0011,2,Spinal cord compression,6,22,12412,0.4937192750752073,0.0019143889320752286
0.1,0,FLAIRax+T2cor,0011,2,Lacunar infarct,7,189,12412,0.8513635712359429,0.13033880472768067
0.1,0,FLAIRax+T2cor,0011,2,Silent micro-hemorrhage of brain,8,78,12412,0.8684281099150565,0.10418393435349378
0.1,0,FLAIRax+T2cor,0011,2,Cavernous hemangioma,9,67,12412,0.5009835391692812,0.005954275383691815
0.1,0,FLAIRax+T2cor,0011,2,Subdural intracranial hemorrhage,10,26,12412,0.8312828379435839,0.20006547583861342
0.1,0,FLAIRax+T2cor,0011,2,Gliosis,11,3854,12412,0.8038210650413378,0.6536025004583143
0.1,0,FLAIRax+T2cor,0011,2,Cerebral atrophy,12,2012,12412,0.9472339520568894,0.8130713463463979
0.1,0,FLAIRax+T2cor,0011,2,Encephalomalacia,13,248,12412,0.8068643193558994,0.171082143325754
0.1,0,FLAIRax+T2cor,0011,2,Arachnoid cyst,14,572,12412,0.6859156468531469,0.12670525196284738
0.1,0,FLAIRax+T2cor,0011,2,Empty sella syndrome,15,670,12412,0.759111061961526,0.1593829117082133
0.1,0,FLAIRax+T2cor,0011,2,Intracranial aneurysm,16,32,12412,0.5879922253634895,0.0034557328671552755
0.1,0,FLAIRax+T2cor,0011,2,Chiari malformation,17,62,12412,0.8280201123155283,0.045547288398310064
0.1,0,FLAIRax+T2cor,0011,2,Cyst of pineal gland,19,244,12412,0.6992588730451278,0.039029468819447556
0.1,0,FLAIRax+T2cor,0011,2,Rathke's pouch cyst,21,47,12412,0.6020304393836412,0.006470911403888698
0.1,0,FLAIRax+T2cor,0011,2,Cerebral edema,22,187,12412,0.8320654396728016,0.3678983232556327
0.1,0,FLAIRax+T2cor,0011,2,Spinal stenosis,23,26,12412,0.7125321392639332,0.005760977073116812
0.1,0,FLAIRax+T2cor,0011,2,Mastoiditis,24,281,12412,0.7126699016167221,0.0687797824905727
0.1,0,FLAIRax+T2cor,0011,2,Chronic mastoiditis,25,360,12412,0.7782617914961093,0.11450693433381673
0.1,0,FLAIRax+T2cor,0011,2,Ventriculomegaly,26,1204,12412,0.9133445557397302,0.6311044418418827
0.1,0,FLAIRax+T2cor,0011,2,Cerebellar degeneration,27,318,12412,0.8568126718066965,0.19368030208083153
0.1,0,FLAIRax+T2cor,0011,2,Mega cisterna magna,28,225,12412,0.8098936024725802,0.10709349352339152
0.1,0,FLAIRax+T2cor,0011,2,Structure of cave of septum pellucidum,29,238,12412,0.7068439006948269,0.06550211160907904
0.1,0,FLAIRax+T2cor,0011,2,Hyperostosis of skull,30,55,12412,0.8996284770501813,0.051255641130210444
0.1,0,FLAIRax+T2cor,0011,2,Choroid plexus cyst,32,57,12412,0.5617528239863114,0.005744227234564305
0.1,0,FLAIRax+T2cor,0011,2,Lipoma of brain,34,34,12412,0.5621857565129784,0.0032107695760329154
0.1,0,FLAIRax+T2cor,0011,2,Glioma,35,35,12412,0.858864945347938,0.07918920458856346
0.1,0,FLAIRax+T2cor,0011,2,Pituitary adenoma,36,57,12412,0.656678523504228,0.011679920220363906
0.1,0,T2ax+T2cor,0101,2,Cerebral infarction,0,339,12412,0.8300723206198672,0.17019933180795027
0.1,0,T2ax+T2cor,0101,2,Cerebral hemorrhage,1,92,12412,0.7659055618294749,0.07299870483738363
0.1,0,T2ax+T2cor,0101,2,Metastatic malignant neoplasm to brain,2,50,12412,0.7460152078951626,0.024116650790447242
0.1,0,T2ax+T2cor,0101,2,Intracranial meningioma,3,148,12412,0.6889280425239329,0.03048916267779519
0.1,0,T2ax+T2cor,0101,2,Demyelinating disease of central nervous system,4,294,12412,0.8162970585164252,0.24170636956472827
0.1,0,T2ax+T2cor,0101,2,Herniation of nucleus pulposus,5,29,12412,0.5328690334635637,0.003538225858138386
0.1,0,T2ax+T2cor,0101,2,Spinal cord compression,6,22,12412,0.624660650084379,0.0039822797705693965
0.1,0,T2ax+T2cor,0101,2,Lacunar infarct,7,189,12412,0.8478386873216293,0.11922447451881779
0.1,0,T2ax+T2cor,0101,2,Silent micro-hemorrhage of brain,8,78,12412,0.8508552552252893,0.0796553759908564
0.1,0,T2ax+T2cor,0101,2,Cavernous hemangioma,9,67,12412,0.55948447313856,0.007963344944546785
0.1,0,T2ax+T2cor,0101,2,Subdural intracranial hemorrhage,10,26,12412,0.7586170490255748,0.12921303573684115
0.1,0,T2ax+T2cor,0101,2,Gliosis,11,3854,12412,0.8031892154307619,0.6492376347037204
0.1,0,T2ax+T2cor,0101,2,Cerebral atrophy,12,2012,12412,0.948954207447622,0.8200521408398109
0.1,0,T2ax+T2cor,0101,2,Encephalomalacia,13,248,12412,0.8135087274983824,0.14563882566967112
0.1,0,T2ax+T2cor,0101,2,Arachnoid cyst,14,572,12412,0.6982693931912681,0.14005166884674505
0.1,0,T2ax+T2cor,0101,2,Empty sella syndrome,15,670,12412,0.7701472199554094,0.17887523348346768
0.1,0,T2ax+T2cor,0101,2,Intracranial aneurysm,16,32,12412,0.42417962439418416,0.002203287323614093
0.1,0,T2ax+T2cor,0101,2,Chiari malformation,17,62,12412,0.8332584563144834,0.07540287233031158
0.1,0,T2ax+T2cor,0101,2,Cyst of pineal gland,19,244,12412,0.6802146991302099,0.035891535273425354
0.1,0,T2ax+T2cor,0101,2,Rathke's pouch cyst,21,47,12412,0.6555359585652708,0.006161051265579516
0.1,0,T2ax+T2cor,0101,2,Cerebral edema,22,187,12412,0.8282453550299094,0.3018512724348231
0.1,0,T2ax+T2cor,0101,2,Spinal stenosis,23,26,12412,0.770289657056975,0.009767733238130606
0.1,0,T2ax+T2cor,0101,2,Mastoiditis,24,281,12412,0.7530590578357087,0.09640887226439247
0.1,0,T2ax+T2cor,0101,2,Chronic mastoiditis,25,360,12412,0.7724480952907771,0.10032881499536403
0.1,0,T2ax+T2cor,0101,2,Ventriculomegaly,26,1204,12412,0.9194546313620313,0.6388190365750539
0.1,0,T2ax+T2cor,0101,2,Cerebellar degeneration,27,318,12412,0.8449342831259953,0.18529697079301347
0.1,0,T2ax+T2cor,0101,2,Mega cisterna magna,28,225,12412,0.8241233372537222,0.12177140178612347
0.1,0,T2ax+T2cor,0101,2,Structure of cave of septum pellucidum,29,238,12412,0.6981250854210584,0.067728254097291
0.1,0,T2ax+T2cor,0101,2,Hyperostosis of skull,30,55,12412,0.9123382403790271,0.10785246848915785
0.1,0,T2ax+T2cor,0101,2,Choroid plexus cyst,32,57,12412,0.5446534182481699,0.005421340564219114
0.1,0,T2ax+T2cor,0101,2,Lipoma of brain,34,34,12412,0.5827440525410358,0.004154125699175355
0.1,0,T2ax+T2cor,0101,2,Glioma,35,35,12412,0.7034153210447952,0.043920848614770476
0.1,0,T2ax+T2cor,0101,2,Pituitary adenoma,36,57,12412,0.6975526635285096,0.014209870158559894
0.1,0,T2ax+FLAIRax,0110,2,Cerebral infarction,0,339,12412,0.8439082601489903,0.18362731568698618
0.1,0,T2ax+FLAIRax,0110,2,Cerebral hemorrhage,1,92,12412,0.7491036137775269,0.08944506752764579
0.1,0,T2ax+FLAIRax,0110,2,Metastatic malignant neoplasm to brain,2,50,12412,0.7880601844361753,0.030028041994039356
0.1,0,T2ax+FLAIRax,0110,2,Intracranial meningioma,3,148,12412,0.6645824518256025,0.030467492797296977
0.1,0,T2ax+FLAIRax,0110,2,Demyelinating disease of central nervous system,4,294,12412,0.8381833175587448,0.2948414026116117
0.1,0,T2ax+FLAIRax,0110,2,Herniation of nucleus pulposus,5,29,12412,0.6686642142871065,0.04036995968927197
0.1,0,T2ax+FLAIRax,0110,2,Spinal cord compression,6,22,12412,0.5093770636143518,0.00601271137425571
0.1,0,T2ax+FLAIRax,0110,2,Lacunar infarct,7,189,12412,0.8487364656881142,0.12900320369566978
0.1,0,T2ax+FLAIRax,0110,2,Silent micro-hemorrhage of brain,8,78,12412,0.8582145247866021,0.06472568920720805
0.1,0,T2ax+FLAIRax,0110,2,Cavernous hemangioma,9,67,12412,0.5599136758491866,0.007265056131705767
0.1,0,T2ax+FLAIRax,0110,2,Subdural intracranial hemorrhage,10,26,12412,0.8105801835819598,0.1081150701718137
0.1,0,T2ax+FLAIRax,0110,2,Gliosis,11,3854,12412,0.8069070621988632,0.6555011052423512
0.1,0,T2ax+FLAIRax,0110,2,Cerebral atrophy,12,2012,12412,0.9497851353417953,0.8140333977702287
0.1,0,T2ax+FLAIRax,0110,2,Encephalomalacia,13,248,12412,0.8072362523999959,0.16013828909207295
0.1,0,T2ax+FLAIRax,0110,2,Arachnoid cyst,14,572,12412,0.6989361356548857,0.13401423014927916
0.1,0,T2ax+FLAIRax,0110,2,Empty sella syndrome,15,670,12412,0.7677507963503891,0.1615372643668585
0.1,0,T2ax+FLAIRax,0110,2,Intracranial aneurysm,16,32,12412,0.6289176090468498,0.0037445940319917994
0.1,0,T2ax+FLAIRax,0110,2,Chiari malformation,17,62,12412,0.8458756693221889,0.030530691866617814
0.1,0,T2ax+FLAIRax,0110,2,Cyst of pineal gland,19,244,12412,0.6626195018376608,0.03715036852591215
0.1,0,T2ax+FLAIRax,0110,2,Rathke's pouch cyst,21,47,12412,0.6867290137742943,0.00810664975940249
0.1,0,T2ax+FLAIRax,0110,2,Cerebral edema,22,187,12412,0.8466095819253523,0.35573097156841293
0.1,0,T2ax+FLAIRax,0110,2,Spinal stenosis,23,26,12412,0.7996963072451527,0.007573205910061324
0.1,0,T2ax+FLAIRax,0110,2,Mastoiditis,24,281,12412,0.7508776520610853,0.09221111612372156
0.1,0,T2ax+FLAIRax,0110,2,Chronic mastoiditis,25,360,12412,0.7752749658885569,0.10661561674356952
0.1,0,T2ax+FLAIRax,0110,2,Ventriculomegaly,26,1204,12412,0.9149496622014177,0.6260972335992864
0.1,0,T2ax+FLAIRax,0110,2,Cerebellar degeneration,27,318,12412,0.8493837060427074,0.19507688461339268
0.1,0,T2ax+FLAIRax,0110,2,Mega cisterna magna,28,225,12412,0.8092138252965363,0.10973518243851137
0.1,0,T2ax+FLAIRax,0110,2,Structure of cave of septum pellucidum,29,238,12412,0.7199145306225002,0.07635076843433723
0.1,0,T2ax+FLAIRax,0110,2,Hyperostosis of skull,30,55,12412,0.8816703083272639,0.06047322765126176
0.1,0,T2ax+FLAIRax,0110,2,Choroid plexus cyst,32,57,12412,0.5840138590101315,0.006436292313626203
0.1,0,T2ax+FLAIRax,0110,2,Lipoma of brain,34,34,12412,0.6666619144022127,0.0047299811687731425
0.1,0,T2ax+FLAIRax,0110,2,Glioma,35,35,12412,0.7830399704521058,0.038601031846686486
0.1,0,T2ax+FLAIRax,0110,2,Pituitary adenoma,36,57,12412,0.7362911528112065,0.016191357933904044
0.1,0,T1ax+T2cor,1001,2,Cerebral infarction,0,339,12412,0.8251262538339166,0.1711073681684277
0.1,0,T1ax+T2cor,1001,2,Cerebral hemorrhage,1,92,12412,0.7565120341614906,0.058229311936329825
0.1,0,T1ax+T2cor,1001,2,Metastatic malignant neoplasm to brain,2,50,12412,0.6936547484225855,0.030617828950244227
0.1,0,T1ax+T2cor,1001,2,Intracranial meningioma,3,148,12412,0.7259772615080835,0.029435710867280914
0.1,0,T1ax+T2cor,1001,2,Demyelinating disease of central nervous system,4,294,12412,0.7343528432993928,0.16809418333762102
0.1,0,T1ax+T2cor,1001,2,Herniation of nucleus pulposus,5,29,12412,0.6182948257761613,0.004214302326056465
0.1,0,T1ax+T2cor,1001,2,Spinal cord compression,6,22,12412,0.5622716266784065,0.002710202588157196
0.1,0,T1ax+T2cor,1001,2,Lacunar infarct,7,189,12412,0.8358186730108517,0.13535220673174042
0.1,0,T1ax+T2cor,1001,2,Silent micro-hemorrhage of brain,8,78,12412,0.853123323895174,0.06938586102064756
0.1,0,T1ax+T2cor,1001,2,Cavernous hemangioma,9,67,12412,0.5520822376573995,0.007715558657938726
0.1,0,T1ax+T2cor,1001,2,Subdural intracranial hemorrhage,10,26,12412,0.7887844837223168,0.11136042477974004
0.1,0,T1ax+T2cor,1001,2,Gliosis,11,3854,12412,0.795652619998974,0.6385421154021169
0.1,0,T1ax+T2cor,1001,2,Cerebral atrophy,12,2012,12412,0.9465250802875056,0.8145037486814859
0.1,0,T1ax+T2cor,1001,2,Encephalomalacia,13,248,12412,0.7936901990007531,0.15330851307533985
0.1,0,T1ax+T2cor,1001,2,Arachnoid cyst,14,572,12412,0.6730639293139293,0.11664372180485313
0.1,0,T1ax+T2cor,1001,2,Empty sella syndrome,15,670,12412,0.7592778315880994,0.1585140392682714
0.1,0,T1ax+T2cor,1001,2,Intracranial aneurysm,16,32,12412,0.5123384491114702,0.002994300114756647
0.1,0,T1ax+T2cor,1001,2,Chiari malformation,17,62,12412,0.8001436593966306,0.04823051844564196
0.1,0,T1ax+T2cor,1001,2,Cyst of pineal gland,19,244,12412,0.6960267996680354,0.038434954897934887
0.1,0,T1ax+T2cor,1001,2,Rathke's pouch cyst,21,47,12412,0.6845402689471827,0.0077295926788034834
0.1,0,T1ax+T2cor,1001,2,Cerebral edema,22,187,12412,0.8576883960499984,0.32661831959461995
0.1,0,T1ax+T2cor,1001,2,Spinal stenosis,23,26,12412,0.7543783924778595,0.009429833471543862
0.1,0,T1ax+T2cor,1001,2,Mastoiditis,24,281,12412,0.7101276662155808,0.06581521434528192
0.1,0,T1ax+T2cor,1001,2,Chronic mastoiditis,25,360,12412,0.7591661826529484,0.10271379285853625
0.1,0,T1ax+T2cor,1001,2,Ventriculomegaly,26,1204,12412,0.914378611860062,0.6311152510243656
0.1,0,T1ax+T2cor,1001,2,Cerebellar degeneration,27,318,12412,0.8535611504431222,0.19678914965799643
0.1,0,T1ax+T2cor,1001,2,Mega cisterna magna,28,225,12412,0.7797999690015773,0.10355173523667772
0.1,0,T1ax+T2cor,1001,2,Structure of cave of septum pellucidum,29,238,12412,0.6776400801819001,0.05585546036595006
0.1,0,T1ax+T2cor,1001,2,Hyperostosis of skull,30,55,12412,0.9216623628859609,0.08117610960499622
0.1,0,T1ax+T2cor,1001,2,Choroid plexus cyst,32,57,12412,0.5504582987213075,0.007621187771622618
0.1,0,T1ax+T2cor,1001,2,Lipoma of brain,34,34,12412,0.5556442644920305,0.0032146427923430434
0.1,0,T1ax+T2cor,1001,2,Glioma,35,35,12412,0.8453190826302243,0.06322357735562896
0.1,0,T1ax+T2cor,1001,2,Pituitary adenoma,36,57,12412,0.6990067236078865,0.010611040662460092
0.1,0,T1ax+FLAIRax,1010,2,Cerebral infarction,0,339,12412,0.8288398965291526,0.18667565918895154
0.1,0,T1ax+FLAIRax,1010,2,Cerebral hemorrhage,1,92,12412,0.7339426877470356,0.07828914730608881
0.1,0,T1ax+FLAIRax,1010,2,Metastatic malignant neoplasm to brain,2,50,12412,0.8057887073289112,0.03747367590722516
0.1,0,T1ax+FLAIRax,1010,2,Intracranial meningioma,3,148,12412,0.7160950089032281,0.028901608570402575
0.1,0,T1ax+FLAIRax,1010,2,Demyelinating disease of central nervous system,4,294,12412,0.8026304266549004,0.24877481270022353
0.1,0,T1ax+FLAIRax,1010,2,Herniation of nucleus pulposus,5,29,12412,0.690693860047284,0.007967127316572939
0.1,0,T1ax+FLAIRax,1010,2,Spinal cord compression,6,22,12412,0.4836598429818769,0.0024037335491562434
0.1,0,T1ax+FLAIRax,1010,2,Lacunar infarct,7,189,12412,0.8507752969832656,0.12870119205210703
0.1,0,T1ax+FLAIRax,1010,2,Silent micro-hemorrhage of brain,8,78,12412,0.840326718306287,0.05973800327715108
0.1,0,T1ax+FLAIRax,1010,2,Cavernous hemangioma,9,67,12412,0.6483378973903267,0.009217202443212138
0.1,0,T1ax+FLAIRax,1010,2,Subdural intracranial hemorrhage,10,26,12412,0.7807698518178091,0.1354433451193129
0.1,0,T1ax+FLAIRax,1010,2,Gliosis,11,3854,12412,0.7999390404593558,0.6485451108804106
0.1,0,T1ax+FLAIRax,1010,2,Cerebral atrophy,12,2012,12412,0.9487326521639394,0.8172524470491523
0.1,0,T1ax+FLAIRax,1010,2,Encephalomalacia,13,248,12412,0.8165723684908404,0.17852820214071446
0.1,0,T1ax+FLAIRax,1010,2,Arachnoid cyst,14,572,12412,0.6923353040540541,0.11415640948577191
0.1,0,T1ax+FLAIRax,1010,2,Empty sella syndrome,15,670,12412,0.7726324941465387,0.16337874806419062
0.1,0,T1ax+FLAIRax,1010,2,Intracranial aneurysm,16,32,12412,0.649881361066236,0.005815274101675325
0.1,0,T1ax+FLAIRax,1010,2,Chiari malformation,17,62,12412,0.8436789865482566,0.04300509191019367
0.1,0,T1ax+FLAIRax,1010,2,Cyst of pineal gland,19,244,12412,0.6766134768972095,0.03856582476404717
0.1,0,T1ax+FLAIRax,1010,2,Rathke's pouch cyst,21,47,12412,0.7383056155414649,0.0093022059205899
0.1,0,T1ax+FLAIRax,1010,2,Cerebral edema,22,187,12412,0.8454018350229103,0.3549306000103902
0.1,0,T1ax+FLAIRax,1010,2,Spinal stenosis,23,26,12412,0.7656566346619632,0.010413111123822217
0.1,0,T1ax+FLAIRax,1010,2,Mastoiditis,24,281,12412,0.7185637455406005,0.06164084130321606
0.1,0,T1ax+FLAIRax,1010,2,Chronic mastoiditis,25,360,12412,0.762957047239739,0.10110231084974174
0.1,0,T1ax+FLAIRax,1010,2,Ventriculomegaly,26,1204,12412,0.9150680073084958,0.63478644977813
0.1,0,T1ax+FLAIRax,1010,2,Cerebellar degeneration,27,318,12412,0.8682784123943158,0.19808978038746056
0.1,0,T1ax+FLAIRax,1010,2,Mega cisterna magna,28,225,12412,0.7945023385574793,0.09213618164984637
0.1,0,T1ax+FLAIRax,1010,2,Structure of cave of septum pellucidum,29,238,12412,0.7096118881263693,0.06954417569118887
0.1,0,T1ax+FLAIRax,1010,2,Hyperostosis of skull,30,55,12412,0.8725816063033834,0.07810545114519078
0.1,0,T1ax+FLAIRax,1010,2,Choroid plexus cyst,32,57,12412,0.6087612799704644,0.008376150891257761
0.1,0,T1ax+FLAIRax,1010,2,Lipoma of brain,34,34,12412,0.6237275811924382,0.0037625625620981338
0.1,0,T1ax+FLAIRax,1010,2,Glioma,35,35,12412,0.8394533639584945,0.03208296962077865
0.1,0,T1ax+FLAIRax,1010,2,Pituitary adenoma,36,57,12412,0.7184576171306454,0.013605257017042589
0.1,0,T1ax+T2ax,1100,2,Cerebral infarction,0,339,12412,0.8144231734822602,0.18944255767992324
0.1,0,T1ax+T2ax,1100,2,Cerebral hemorrhage,1,92,12412,0.7456336462450593,0.051734377155684755
0.1,0,T1ax+T2ax,1100,2,Metastatic malignant neoplasm to brain,2,50,12412,0.6968662028797927,0.018549951983123984
0.1,0,T1ax+T2ax,1100,2,Intracranial meningioma,3,148,12412,0.6858840861409355,0.02710334427785128
0.1,0,T1ax+T2ax,1100,2,Demyelinating disease of central nervous system,4,294,12412,0.7787041372086051,0.17724315947077235
0.1,0,T1ax+T2ax,1100,2,Herniation of nucleus pulposus,5,29,12412,0.6477902129448883,0.01973041310319677
0.1,0,T1ax+T2ax,1100,2,Spinal cord compression,6,22,12412,0.6207535402450657,0.00495027836884456
0.1,0,T1ax+T2ax,1100,2,Lacunar infarct,7,189,12412,0.8567866027573137,0.14258822997294465
0.1,0,T1ax+T2ax,1100,2,Silent micro-hemorrhage of brain,8,78,12412,0.872826001089338,0.058890459437675687
0.1,0,T1ax+T2ax,1100,2,Cavernous hemangioma,9,67,12412,0.6225192385581207,0.011482885411661613
0.1,0,T1ax+T2ax,1100,2,Subdural intracranial hemorrhage,10,26,12412,0.7831857307878622,0.07081196493170269
0.1,0,T1ax+T2ax,1100,2,Gliosis,11,3854,12412,0.7947545991920812,0.6402151654788929
0.1,0,T1ax+T2ax,1100,2,Cerebral atrophy,12,2012,12412,0.9493631480348677,0.8189412564904827
0.1,0,T1ax+T2ax,1100,2,Encephalomalacia,13,248,12412,0.7871318128056348,0.13807911887726584
0.1,0,T1ax+T2ax,1100,2,Arachnoid cyst,14,572,12412,0.6726379406066906,0.11156430384125539
0.1,0,T1ax+T2ax,1100,2,Empty sella syndrome,15,670,12412,0.7800383620985517,0.16895176038642673
0.1,0,T1ax+T2ax,1100,2,Intracranial aneurysm,16,32,12412,0.6037560581583198,0.0038465532962531127
0.1,0,T1ax+T2ax,1100,2,Chiari malformation,17,62,12412,0.8464163510513255,0.04824886077984813
0.1,0,T1ax+T2ax,1100,2,Cyst of pineal gland,19,244,12412,0.6779048242635883,0.03966444916878245
0.1,0,T1ax+T2ax,1100,2,Rathke's pouch cyst,21,47,12412,0.7600622897505829,0.009537892687519587
0.1,0,T1ax+T2ax,1100,2,Cerebral edema,22,187,12412,0.8298509453976793,0.328886127302685
0.1,0,T1ax+T2ax,1100,2,Spinal stenosis,23,26,12412,0.8095989268280565,0.01080529910631546
0.1,0,T1ax+T2ax,1100,2,Mastoiditis,24,281,12412,0.7438705167285602,0.0709632985546963
0.1,0,T1ax+T2ax,1100,2,Chronic mastoiditis,25,360,12412,0.7692465750267361,0.10069399755090533
0.1,0,T1ax+T2ax,1100,2,Ventriculomegaly,26,1204,12412,0.9171798412856503,0.6265712145720801
0.1,0,T1ax+T2ax,1100,2,Cerebellar degeneration,27,318,12412,0.860819284576894,0.1887872078009694
0.1,0,T1ax+T2ax,1100,2,Mega cisterna magna,28,225,12412,0.798621299563287,0.10539557808231986
0.1,0,T1ax+T2ax,1100,2,Structure of cave of septum pellucidum,29,238,12412,0.701964373723861,0.07076415808686208
0.1,0,T1ax+T2ax,1100,2,Hyperostosis of skull,30,55,12412,0.9140332678570114,0.08990463630741605
0.1,0,T1ax+T2ax,1100,2,Choroid plexus cyst,32,57,12412,0.6376067647873224,0.011455342011863847
0.1,0,T1ax+T2ax,1100,2,Lipoma of brain,34,34,12412,0.6407026698221703,0.004091675188182013
0.1,0,T1ax+T2ax,1100,2,Glioma,35,35,12412,0.7902191853553251,0.028260399603880514
0.1,0,T1ax+T2ax,1100,2,Pituitary adenoma,36,57,12412,0.7959147159683911,0.01476463205000917
0.1,0,T2ax+FLAIRax+T2cor,0111,3,Cerebral infarction,0,339,12412,0.847696424919498,0.18735656796226483
0.1,0,T2ax+FLAIRax+T2cor,0111,3,Cerebral hemorrhage,1,92,12412,0.7520945087521176,0.07519780979376829
0.1,0,T2ax+FLAIRax+T2cor,0111,3,Metastatic malignant neoplasm to brain,2,50,12412,0.7589580973952436,0.030955025284060057
0.1,0,T2ax+FLAIRax+T2cor,0111,3,Intracranial meningioma,3,148,12412,0.6916910183177307,0.03851784680128362
0.1,0,T2ax+FLAIRax+T2cor,0111,3,Demyelinating disease of central nervous system,4,294,12412,0.8335806182515919,0.30914143278568723
0.1,0,T2ax+FLAIRax+T2cor,0111,3,Herniation of nucleus pulposus,5,29,12412,0.5976185370934012,0.005758747040285039
0.1,0,T2ax+FLAIRax+T2cor,0111,3,Spinal cord compression,6,22,12412,0.5370019810697777,0.0024172194015902064
0.1,0,T2ax+FLAIRax+T2cor,0111,3,Lacunar infarct,7,189,12412,0.8555684984548602,0.1259640531429236
0.1,0,T2ax+FLAIRax+T2cor,0111,3,Silent micro-hemorrhage of brain,8,78,12412,0.8741460960530201,0.09211361306838675
0.1,0,T2ax+FLAIRax+T2cor,0111,3,Cavernous hemangioma,9,67,12412,0.530899572610822,0.00671027852152081
0.1,0,T2ax+FLAIRax+T2cor,0111,3,Subdural intracranial hemorrhage,10,26,12412,0.8007163795352072,0.18189980024265606
0.1,0,T2ax+FLAIRax+T2cor,0111,3,Gliosis,11,3854,12412,0.8087982147641061,0.6574753956095811
0.1,0,T2ax+FLAIRax+T2cor,0111,3,Cerebral atrophy,12,2012,12412,0.9498021964367641,0.819195233114078
0.1,0,T2ax+FLAIRax+T2cor,0111,3,Encephalomalacia,13,248,12412,0.8106559148624711,0.16490857124985392
0.1,0,T2ax+FLAIRax+T2cor,0111,3,Arachnoid cyst,14,572,12412,0.6981387911075412,0.14558671626818373
0.1,0,T2ax+FLAIRax+T2cor,0111,3,Empty sella syndrome,15,670,12412,0.7706364701784894,0.1644653974025163
0.1,0,T2ax+FLAIRax+T2cor,0111,3,Intracranial aneurysm,16,32,12412,0.5687777665589661,0.003117827396236431
0.1,0,T2ax+FLAIRax+T2cor,0111,3,Chiari malformation,17,62,12412,0.8438957816377171,0.06824481306092041
0.1,0,T2ax+FLAIRax+T2cor,0111,3,Cyst of pineal gland,19,244,12412,0.6802352448238325,0.03641951143735652
0.1,0,T2ax+FLAIRax+T2cor,0111,3,Rathke's pouch cyst,21,47,12412,0.631557846013542,0.006577816758378822
0.1,0,T2ax+FLAIRax+T2cor,0111,3,Cerebral edema,22,187,12412,0.8345986024080575,0.3551306755052459
0.1,0,T2ax+FLAIRax+T2cor,0111,3,Spinal stenosis,23,26,12412,0.74397893403222,0.0071998649108734
0.1,0,T2ax+FLAIRax+T2cor,0111,3,Mastoiditis,24,281,12412,0.7543037733684854,0.0914338597894208
0.1,0,T2ax+FLAIRax+T2cor,0111,3,Chronic mastoiditis,25,360,12412,0.7918955360106207,0.11790707471143931
0.1,0,T2ax+FLAIRax+T2cor,0111,3,Ventriculomegaly,26,1204,12412,0.9194913872625392,0.6382072324276024
0.1,0,T2ax+FLAIRax+T2cor,0111,3,Cerebellar degeneration,27,318,12412,0.8496103114700048,0.1786949355091508
0.1,0,T2ax+FLAIRax+T2cor,0111,3,Mega cisterna magna,28,225,12412,0.8200300867044118,0.12269541827740456
0.1,0,T2ax+FLAIRax+T2cor,0111,3,Structure of cave of septum pellucidum,29,238,12412,0.7303145013550023,0.08484961277421782
0.1,0,T2ax+FLAIRax+T2cor,0111,3,Hyperostosis of skull,30,55,12412,0.8961707387053344,0.06866647249496938
0.1,0,T2ax+FLAIRax+T2cor,0111,3,Choroid plexus cyst,32,57,12412,0.5599082692567111,0.00579178193614148
0.1,0,T2ax+FLAIRax+T2cor,0111,3,Lipoma of brain,34,34,12412,0.5955751665668692,0.00442362045378872
0.1,0,T2ax+FLAIRax+T2cor,0111,3,Glioma,35,35,12412,0.7560313484689343,0.04354937176153574
0.1,0,T2ax+FLAIRax+T2cor,0111,3,Pituitary adenoma,36,57,12412,0.710118071382422,0.015341250674116513
0.1,0,T1ax+FLAIRax+T2cor,1011,3,Cerebral infarction,0,339,12412,0.8388036201602493,0.19016175092288473
0.1,0,T1ax+FLAIRax+T2cor,1011,3,Cerebral hemorrhage,1,92,12412,0.7713156408808582,0.07570465136363669
0.1,0,T1ax+FLAIRax+T2cor,1011,3,Metastatic malignant neoplasm to brain,2,50,12412,0.7609933667691313,0.03254043218869691
0.1,0,T1ax+FLAIRax+T2cor,1011,3,Intracranial meningioma,3,148,12412,0.7220854048765007,0.029880221371496693
0.1,0,T1ax+FLAIRax+T2cor,1011,3,Demyelinating disease of central nervous system,4,294,12412,0.7858535062812053,0.25133367077878443
0.1,0,T1ax+FLAIRax+T2cor,1011,3,Herniation of nucleus pulposus,5,29,12412,0.6818302065958057,0.004912138200239786
0.1,0,T1ax+FLAIRax+T2cor,1011,3,Spinal cord compression,6,22,12412,0.4894966615305598,0.0019123662178124326
0.1,0,T1ax+FLAIRax+T2cor,1011,3,Lacunar infarct,7,189,12412,0.8469499992857596,0.14089119257927138
0.1,0,T1ax+FLAIRax+T2cor,1011,3,Silent micro-hemorrhage of brain,8,78,12412,0.8689322406689036,0.09988942730805381
0.1,0,T1ax+FLAIRax+T2cor,1011,3,Cavernous hemangioma,9,67,12412,0.588342612575035,0.006822940636575763
0.1,0,T1ax+FLAIRax+T2cor,1011,3,Subdural intracranial hemorrhage,10,26,12412,0.7918959371001999,0.16136544165129085
0.1,0,T1ax+FLAIRax+T2cor,1011,3,Gliosis,11,3854,12412,0.8029132814909419,0.6479690702094538
0.1,0,T1ax+FLAIRax+T2cor,1011,3,Cerebral atrophy,12,2012,12412,0.9479358942498853,0.8172605602805857
0.1,0,T1ax+FLAIRax+T2cor,1011,3,Encephalomalacia,13,248,12412,0.8110228755396677,0.17219874265538668
0.1,0,T1ax+FLAIRax+T2cor,1011,3,Arachnoid cyst,14,572,12412,0.6916283252220752,0.12165697752560162
0.1,0,T1ax+FLAIRax+T2cor,1011,3,Empty sella syndrome,15,670,12412,0.7718598499581805,0.16668976191797003
0.1,0,T1ax+FLAIRax+T2cor,1011,3,Intracranial aneurysm,16,32,12412,0.5843144184168013,0.0053054001515818825
0.1,0,T1ax+FLAIRax+T2cor,1011,3,Chiari malformation,17,62,12412,0.8220334334595795,0.055480487872169734
0.1,0,T1ax+FLAIRax+T2cor,1011,3,Cyst of pineal gland,19,244,12412,0.6915825303672087,0.03766150031906529
0.1,0,T1ax+FLAIRax+T2cor,1011,3,Rathke's pouch cyst,21,47,12412,0.6914299971608263,0.007771337913701286
0.1,0,T1ax+FLAIRax+T2cor,1011,3,Cerebral edema,22,187,12412,0.8507765493258096,0.3639846289766687
0.1,0,T1ax+FLAIRax+T2cor,1011,3,Spinal stenosis,23,26,12412,0.7668117850178241,0.00795979424210913
0.1,0,T1ax+FLAIRax+T2cor,1011,3,Mastoiditis,24,281,12412,0.7167546103318724,0.06921589740104156
0.1,0,T1ax+FLAIRax+T2cor,1011,3,Chronic mastoiditis,25,360,12412,0.781235940553896,0.108552864562739
0.1,0,T1ax+FLAIRax+T2cor,1011,3,Ventriculomegaly,26,1204,12412,0.9157190165543834,0.637817060519345
0.1,0,T1ax+FLAIRax+T2cor,1011,3,Cerebellar degeneration,27,318,12412,0.8600300008424573,0.18170642001873638
0.1,0,T1ax+FLAIRax+T2cor,1011,3,Mega cisterna magna,28,225,12412,0.794826180903148,0.10853276164375651
0.1,0,T1ax+FLAIRax+T2cor,1011,3,Structure of cave of septum pellucidum,29,238,12412,0.7100381305799796,0.09535698451648407
0.1,0,T1ax+FLAIRax+T2cor,1011,3,Hyperostosis of skull,30,55,12412,0.8995799215755517,0.07034140666302574
0.1,0,T1ax+FLAIRax+T2cor,1011,3,Choroid plexus cyst,32,57,12412,0.5802324508154237,0.007318475649686644
0.1,0,T1ax+FLAIRax+T2cor,1011,3,Lipoma of brain,34,34,12412,0.590879929286305,0.0034224092442399576
0.1,0,T1ax+FLAIRax+T2cor,1011,3,Glioma,35,35,12412,0.8681909994344349,0.05424967241275065
0.1,0,T1ax+FLAIRax+T2cor,1011,3,Pituitary adenoma,36,57,12412,0.7063423431098995,0.011425234330045228
0.1,0,T1ax+T2ax+T2cor,1101,3,Cerebral infarction,0,339,12412,0.8282784154505518,0.1864514783909914
0.1,0,T1ax+T2ax+T2cor,1101,3,Cerebral hemorrhage,1,92,12412,0.7596917348955392,0.06828549567629831
0.1,0,T1ax+T2ax+T2cor,1101,3,Metastatic malignant neoplasm to brain,2,50,12412,0.724983012457531,0.032955193435675705
0.1,0,T1ax+T2ax+T2cor,1101,3,Intracranial meningioma,3,148,12412,0.7121794617513796,0.029241976913394988
0.1,0,T1ax+T2ax+T2cor,1101,3,Demyelinating disease of central nervous system,4,294,12412,0.7779558266614122,0.19741835046485007
0.1,0,T1ax+T2ax+T2cor,1101,3,Herniation of nucleus pulposus,5,29,12412,0.6098293823289438,0.005698778875742896
0.1,0,T1ax+T2ax+T2cor,1101,3,Spinal cord compression,6,22,12412,0.5953004622496147,0.0034558076868445127
0.1,0,T1ax+T2ax+T2cor,1101,3,Lacunar infarct,7,189,12412,0.8440172854801014,0.14336589704638905
0.1,0,T1ax+T2ax+T2cor,1101,3,Silent micro-hemorrhage of brain,8,78,12412,0.8696286687206097,0.0722395495409896
0.1,0,T1ax+T2ax+T2cor,1101,3,Cavernous hemangioma,9,67,12412,0.5939730267254252,0.008929794765792066
0.1,0,T1ax+T2ax+T2cor,1101,3,Subdural intracranial hemorrhage,10,26,12412,0.7810865865928033,0.13480348843581957
0.1,0,T1ax+T2ax+T2cor,1101,3,Gliosis,11,3854,12412,0.8011101452126235,0.6469680327566174
0.1,0,T1ax+T2ax+T2cor,1101,3,Cerebral atrophy,12,2012,12412,0.9494132799357701,0.8204799872996235
0.1,0,T1ax+T2ax+T2cor,1101,3,Encephalomalacia,13,248,12412,0.8147852998270942,0.16085473031151354
0.1,0,T1ax+T2ax+T2cor,1101,3,Arachnoid cyst,14,572,12412,0.6873917678605178,0.1312442037183354
0.1,0,T1ax+T2ax+T2cor,1101,3,Empty sella syndrome,15,670,12412,0.7754885511126025,0.17056842720092383
0.1,0,T1ax+T2ax+T2cor,1101,3,Intracranial aneurysm,16,32,12412,0.5294451736672051,0.0031786394098985947
0.1,0,T1ax+T2ax+T2cor,1101,3,Chiari malformation,17,62,12412,0.8430338252579339,0.05453845683925818
0.1,0,T1ax+T2ax+T2cor,1101,3,Cyst of pineal gland,19,244,12412,0.6887644021944148,0.038061313914457814
0.1,0,T1ax+T2ax+T2cor,1101,3,Rathke's pouch cyst,21,47,12412,0.7117395531312645,0.008107010029087862
0.1,0,T1ax+T2ax+T2cor,1101,3,Cerebral edema,22,187,12412,0.83526437234124,0.34619208503973425
0.1,0,T1ax+T2ax+T2cor,1101,3,Spinal stenosis,23,26,12412,0.7774130842514502,0.009868888156137491
0.1,0,T1ax+T2ax+T2cor,1101,3,Mastoiditis,24,281,12412,0.750799325629963,0.09240532337251806
0.1,0,T1ax+T2ax+T2cor,1101,3,Chronic mastoiditis,25,360,12412,0.7793994542169118,0.11056817646809153
0.1,0,T1ax+T2ax+T2cor,1101,3,Ventriculomegaly,26,1204,12412,0.9201095681537393,0.6378183309361676
0.1,0,T1ax+T2ax+T2cor,1101,3,Cerebellar degeneration,27,318,12412,0.8491821923236533,0.18338940137361223
0.1,0,T1ax+T2ax+T2cor,1101,3,Mega cisterna magna,28,225,12412,0.8021104455567408,0.11562751025932702
0.1,0,T1ax+T2ax+T2cor,1101,3,Structure of cave of septum pellucidum,29,238,12412,0.7076622171786408,0.07415413023235677
0.1,0,T1ax+T2ax+T2cor,1101,3,Hyperostosis of skull,30,55,12412,0.9156635547021563,0.11555028709018433
0.1,0,T1ax+T2ax+T2cor,1101,3,Choroid plexus cyst,32,57,12412,0.5790524469814763,0.008755706743269635
0.1,0,T1ax+T2ax+T2cor,1101,3,Lipoma of brain,34,34,12412,0.5882115327953771,0.0036313122149442476
0.1,0,T1ax+T2ax+T2cor,1101,3,Glioma,35,35,12412,0.7883401239626496,0.05654296545408633
0.1,0,T1ax+T2ax+T2cor,1101,3,Pituitary adenoma,36,57,12412,0.7594737552095536,0.016316117817880234
0.1,0,T1ax+T2ax+FLAIRax,1110,3,Cerebral infarction,0,339,12412,0.8300229650159171,0.19823685171270675
0.1,0,T1ax+T2ax+FLAIRax,1110,3,Cerebral hemorrhage,1,92,12412,0.7440340909090909,0.07665445194616267
0.1,0,T1ax+T2ax+FLAIRax,1110,3,Metastatic malignant neoplasm to brain,2,50,12412,0.7822504449118265,0.030765738673101086
0.1,0,T1ax+T2ax+FLAIRax,1110,3,Intracranial meningioma,3,148,12412,0.6982384169884169,0.0287733189362258
0.1,0,T1ax+T2ax+FLAIRax,1110,3,Demyelinating disease of central nervous system,4,294,12412,0.8149800768632258,0.2528828549288385
0.1,0,T1ax+T2ax+FLAIRax,1110,3,Herniation of nucleus pulposus,5,29,12412,0.68878913527166,0.014570720452916434
0.1,0,T1ax+T2ax+FLAIRax,1110,3,Spinal cord compression,6,22,12412,0.5049856922738278,0.003013563176484134
0.1,0,T1ax+T2ax+FLAIRax,1110,3,Lacunar infarct,7,189,12412,0.8543235560334472,0.14203290332504143
0.1,0,T1ax+T2ax+FLAIRax,1110,3,Silent micro-hemorrhage of brain,8,78,12412,0.8728353560930178,0.05937577659349994
0.1,0,T1ax+T2ax+FLAIRax,1110,3,Cavernous hemangioma,9,67,12412,0.6226316775780877,0.010870638305186465
0.1,0,T1ax+T2ax+FLAIRax,1110,3,Subdural intracranial hemorrhage,10,26,12412,0.7758635680482927,0.12295371572069043
0.1,0,T1ax+T2ax+FLAIRax,1110,3,Gliosis,11,3854,12412,0.8032500658227208,0.6497245607220499
0.1,0,T1ax+T2ax+FLAIRax,1110,3,Cerebral atrophy,12,2012,12412,0.9504066944486925,0.8192792712821706
0.1,0,T1ax+T2ax+FLAIRax,1110,3,Encephalomalacia,13,248,12412,0.8107029866024547,0.16430773115553007
0.1,0,T1ax+T2ax+FLAIRax,1110,3,Arachnoid cyst,14,572,12412,0.6949408488470988,0.11962578018502494
0.1,0,T1ax+T2ax+FLAIRax,1110,3,Empty sella syndrome,15,670,12412,0.7825985046662446,0.16702326837756762
0.1,0,T1ax+T2ax+FLAIRax,1110,3,Intracranial aneurysm,16,32,12412,0.6629568861066235,0.005004703303598485
0.1,0,T1ax+T2ax+FLAIRax,1110,3,Chiari malformation,17,62,12412,0.8558495494318924,0.036853736783638416
0.1,0,T1ax+T2ax+FLAIRax,1110,3,Cyst of pineal gland,19,244,12412,0.6720587323913302,0.0393944826941927
0.1,0,T1ax+T2ax+FLAIRax,1110,3,Rathke's pouch cyst,21,47,12412,0.7469487486126765,0.009570857548544264
0.1,0,T1ax+T2ax+FLAIRax,1110,3,Cerebral edema,22,187,12412,0.8515849217545357,0.37173138335612305
0.1,0,T1ax+T2ax+FLAIRax,1110,3,Spinal stenosis,23,26,12412,0.8196288613695364,0.010111855594567102
0.1,0,T1ax+T2ax+FLAIRax,1110,3,Mastoiditis,24,281,12412,0.7461317157214056,0.07622577159791653
0.1,0,T1ax+T2ax+FLAIRax,1110,3,Chronic mastoiditis,25,360,12412,0.7764926061142456,0.11200492160049033
0.1,0,T1ax+T2ax+FLAIRax,1110,3,Ventriculomegaly,26,1204,12412,0.917296630195328,0.6339091672747466
0.1,0,T1ax+T2ax+FLAIRax,1110,3,Cerebellar degeneration,27,318,12412,0.863742663600538,0.19593548009291653
0.1,0,T1ax+T2ax+FLAIRax,1110,3,Mega cisterna magna,28,225,12412,0.8081372683095832,0.10696511692635394
0.1,0,T1ax+T2ax+FLAIRax,1110,3,Structure of cave of septum pellucidum,29,238,12412,0.72206679616154,0.07898772416204794
0.1,0,T1ax+T2ax+FLAIRax,1110,3,Hyperostosis of skull,30,55,12412,0.8842172636782979,0.07243683105198737
0.1,0,T1ax+T2ax+FLAIRax,1110,3,Choroid plexus cyst,32,57,12412,0.6117020596817823,0.01066602350019924
0.1,0,T1ax+T2ax+FLAIRax,1110,3,Lipoma of brain,34,34,12412,0.642185376331822,0.004001207083848817
0.1,0,T1ax+T2ax+FLAIRax,1110,3,Glioma,35,35,12412,0.8231974053255462,0.03855618554611901
0.1,0,T1ax+T2ax+FLAIRax,1110,3,Pituitary adenoma,36,57,12412,0.7551953538236525,0.01538105377333011
0.1,0,T1ax+T2ax+FLAIRax+T2cor,1111,4,Cerebral infarction,0,339,12412,0.8391807507280561,0.19733783478936281
0.1,0,T1ax+T2ax+FLAIRax+T2cor,1111,4,Cerebral hemorrhage,1,92,12412,0.7604081380575946,0.08355300218068161
0.1,0,T1ax+T2ax+FLAIRax+T2cor,1111,4,Metastatic malignant neoplasm to brain,2,50,12412,0.7557790001617861,0.033112862917832504
0.1,0,T1ax+T2ax+FLAIRax+T2cor,1111,4,Intracranial meningioma,3,148,12412,0.7167407133160557,0.03214773553976728
0.1,0,T1ax+T2ax+FLAIRax+T2cor,1111,4,Demyelinating disease of central nervous system,4,294,12412,0.8067264866005818,0.26512019759188815
0.1,0,T1ax+T2ax+FLAIRax+T2cor,1111,4,Herniation of nucleus pulposus,5,29,12412,0.661616175680229,0.007133865129683474
0.1,0,T1ax+T2ax+FLAIRax+T2cor,1111,4,Spinal cord compression,6,22,12412,0.5235160319906081,0.0023478339149488104
0.1,0,T1ax+T2ax+FLAIRax+T2cor,1111,4,Lacunar infarct,7,189,12412,0.8524570081471006,0.14329839594835567
0.1,0,T1ax+T2ax+FLAIRax+T2cor,1111,4,Silent micro-hemorrhage of brain,8,78,12412,0.8840062699313551,0.08915375264955364
0.1,0,T1ax+T2ax+FLAIRax+T2cor,1111,4,Cavernous hemangioma,9,67,12412,0.5969049043966075,0.007984920191386666
0.1,0,T1ax+T2ax+FLAIRax+T2cor,1111,4,Subdural intracranial hemorrhage,10,26,12412,0.7838316213094189,0.17221916027611073
0.1,0,T1ax+T2ax+FLAIRax+T2cor,1111,4,Gliosis,11,3854,12412,0.8058989528153873,0.6512785312898952
0.1,0,T1ax+T2ax+FLAIRax+T2cor,1111,4,Cerebral atrophy,12,2012,12412,0.9501870507722894,0.8203207958517088
0.1,0,T1ax+T2ax+FLAIRax+T2cor,1111,4,Encephalomalacia,13,248,12412,0.8168660696290482,0.17343379868216638
0.1,0,T1ax+T2ax+FLAIRax+T2cor,1111,4,Arachnoid cyst,14,572,12412,0.6999328163390663,0.13072539749329823
0.1,0,T1ax+T2ax+FLAIRax+T2cor,1111,4,Empty sella syndrome,15,670,12412,0.7805883713776544,0.16756206515517685
0.1,0,T1ax+T2ax+FLAIRax+T2cor,1111,4,Intracranial aneurysm,16,32,12412,0.6009995961227788,0.004136014313780021
0.1,0,T1ax+T2ax+FLAIRax+T2cor,1111,4,Chiari malformation,17,62,12412,0.8562753036437247,0.06101621646836353
0.1,0,T1ax+T2ax+FLAIRax+T2cor,1111,4,Cyst of pineal gland,19,244,12412,0.6857805612140415,0.03748216377971762
0.1,0,T1ax+T2ax+FLAIRax+T2cor,1111,4,Rathke's pouch cyst,21,47,12412,0.7063468437852208,0.008076874951583357
0.1,0,T1ax+T2ax+FLAIRax+T2cor,1111,4,Cerebral edema,22,187,12412,0.8453419069803046,0.3664922740816596
0.1,0,T1ax+T2ax+FLAIRax+T2cor,1111,4,Spinal stenosis,23,26,12412,0.7806145896732042,0.009504866325423541
0.1,0,T1ax+T2ax+FLAIRax+T2cor,1111,4,Mastoiditis,24,281,12412,0.7497570267169402,0.08271427919526704
0.1,0,T1ax+T2ax+FLAIRax+T2cor,1111,4,Chronic mastoiditis,25,360,12412,0.79248257550614,0.11783539462775644
0.1,0,T1ax+T2ax+FLAIRax+T2cor,1111,4,Ventriculomegaly,26,1204,12412,0.9196633841276164,0.6412194714610148
0.1,0,T1ax+T2ax+FLAIRax+T2cor,1111,4,Cerebellar degeneration,27,318,12412,0.8555708272619201,0.17944932100175814
0.1,0,T1ax+T2ax+FLAIRax+T2cor,1111,4,Mega cisterna magna,28,225,12412,0.8094760354840768,0.12453003345102086
0.1,0,T1ax+T2ax+FLAIRax+T2cor,1111,4,Structure of cave of septum pellucidum,29,238,12412,0.7230611317962374,0.09338377781674162
0.1,0,T1ax+T2ax+FLAIRax+T2cor,1111,4,Hyperostosis of skull,30,55,12412,0.900202314477624,0.07684029587669615
0.1,0,T1ax+T2ax+FLAIRax+T2cor,1111,4,Choroid plexus cyst,32,57,12412,0.586142409848985,0.008028884205512956
0.1,0,T1ax+T2ax+FLAIRax+T2cor,1111,4,Lipoma of brain,34,34,12412,0.6040936006006863,0.0038042256032440494
0.1,0,T1ax+T2ax+FLAIRax+T2cor,1111,4,Glioma,35,35,12412,0.8139752305543693,0.049889431015171466
0.1,0,T1ax+T2ax+FLAIRax+T2cor,1111,4,Pituitary adenoma,36,57,12412,0.7470716451184618,0.014626275066454765
0.1,1,T2cor,0001,1,Cerebral infarction,0,339,12412,0.8126620091591295,0.1632424208248242
0.1,1,T2cor,0001,1,Cerebral hemorrhage,1,92,12412,0.7136910643704122,0.037423271558076024
0.1,1,T2cor,0001,1,Metastatic malignant neoplasm to brain,2,50,12412,0.7666898560103544,0.03693091996381393
0.1,1,T2cor,0001,1,Intracranial meningioma,3,148,12412,0.6589176627704024,0.021686319087741875
0.1,1,T2cor,0001,1,Demyelinating disease of central nervous system,4,294,12412,0.7722935353378849,0.16341765363006044
0.1,1,T2cor,0001,1,Herniation of nucleus pulposus,5,29,12412,0.5244704224646136,0.003598660312185681
0.1,1,T2cor,0001,1,Spinal cord compression,6,22,12412,0.5964120625137574,0.004365949500459161
0.1,1,T2cor,0001,1,Lacunar infarct,7,189,12412,0.835315025407474,0.10905759522030578
0.1,1,T2cor,0001,1,Silent micro-hemorrhage of brain,8,78,12412,0.8057776502725424,0.06675916551420176
0.1,1,T2cor,0001,1,Cavernous hemangioma,9,67,12412,0.585144750125436,0.008809613163716671
0.1,1,T2cor,0001,1,Subdural intracranial hemorrhage,10,26,12412,0.7708020221341714,0.10515191878144299
0.1,1,T2cor,0001,1,Gliosis,11,3854,12412,0.7910154381113009,0.6332684017667729
0.1,1,T2cor,0001,1,Cerebral atrophy,12,2012,12412,0.9461326273130448,0.8130455428213123
0.1,1,T2cor,0001,1,Encephalomalacia,13,248,12412,0.7800364109853506,0.11726852491574176
0.1,1,T2cor,0001,1,Arachnoid cyst,14,572,12412,0.68195816008316,0.11915459369730913
0.1,1,T2cor,0001,1,Empty sella syndrome,15,670,12412,0.7585935930973645,0.16550263602200718
0.1,1,T2cor,0001,1,Intracranial aneurysm,16,32,12412,0.4752423263327949,0.002609967554071762
0.1,1,T2cor,0001,1,Chiari malformation,17,62,12412,0.8011035653650255,0.02860266634244968
0.1,1,T2cor,0001,1,Cyst of pineal gland,19,244,12412,0.7100430044944548,0.04937467142189739
0.1,1,T2cor,0001,1,Rathke's pouch cyst,21,47,12412,0.6288769777425988,0.007441374308796572
0.1,1,T2cor,0001,1,Cerebral edema,22,187,12412,0.8223754688713187,0.27358173090013027
0.1,1,T2cor,0001,1,Spinal stenosis,23,26,12412,0.7164276664720715,0.005630425285199326
0.1,1,T2cor,0001,1,Mastoiditis,24,281,12412,0.7188439018766366,0.07137820066006732
0.1,1,T2cor,0001,1,Chronic mastoiditis,25,360,12412,0.7407023269535715,0.08400581152898759
0.1,1,T2cor,0001,1,Ventriculomegaly,26,1204,12412,0.9142540049110626,0.6218433541491069
0.1,1,T2cor,0001,1,Cerebellar degeneration,27,318,12412,0.8426696589503816,0.1811029776319036
0.1,1,T2cor,0001,1,Mega cisterna magna,28,225,12412,0.8120175414603904,0.11740973883011141
0.1,1,T2cor,0001,1,Structure of cave of septum pellucidum,29,238,12412,0.6723444922572281,0.05433334612675837
0.1,1,T2cor,0001,1,Hyperostosis of skull,30,55,12412,0.8870423094749387,0.13390895672110628
0.1,1,T2cor,0001,1,Choroid plexus cyst,32,57,12412,0.5606878385766114,0.007033993934286932
0.1,1,T2cor,0001,1,Lipoma of brain,34,34,12412,0.5505664699229182,0.0030545926976442077
0.1,1,T2cor,0001,1,Glioma,35,35,12412,0.8770115075197082,0.11257013227261879
0.1,1,T2cor,0001,1,Pituitary adenoma,36,57,12412,0.6385056124731091,0.007878471791864752
0.1,1,FLAIRax,0010,1,Cerebral infarction,0,339,12412,0.8534825143112925,0.1643796867886109
0.1,1,FLAIRax,0010,1,Cerebral hemorrhage,1,92,12412,0.7270459839073968,0.06327616416305881
0.1,1,FLAIRax,0010,1,Metastatic malignant neoplasm to brain,2,50,12412,0.8555023458987219,0.06892644310122527
0.1,1,FLAIRax,0010,1,Intracranial meningioma,3,148,12412,0.6534352356270164,0.024524589231137112
0.1,1,FLAIRax,0010,1,Demyelinating disease of central nervous system,4,294,12412,0.8171102076744214,0.2668417143083178
0.1,1,FLAIRax,0010,1,Herniation of nucleus pulposus,5,29,12412,0.6712651103988504,0.006847595572184012
0.1,1,FLAIRax,0010,1,Spinal cord compression,6,22,12412,0.5670555433267297,0.00909473491164942
0.1,1,FLAIRax,0010,1,Lacunar infarct,7,189,12412,0.8598548057764289,0.11050238426288106
0.1,1,FLAIRax,0010,1,Silent micro-hemorrhage of brain,8,78,12412,0.8056019840923359,0.07532572473686809
0.1,1,FLAIRax,0010,1,Cavernous hemangioma,9,67,12412,0.543375467740278,0.006887583534046184
0.1,1,FLAIRax,0010,1,Subdural intracranial hemorrhage,10,26,12412,0.7895732154169098,0.16125385239549067
0.1,1,FLAIRax,0010,1,Gliosis,11,3854,12412,0.803105443814926,0.6568778695687616
0.1,1,FLAIRax,0010,1,Cerebral atrophy,12,2012,12412,0.9472231514757609,0.8128697521580739
0.1,1,FLAIRax,0010,1,Encephalomalacia,13,248,12412,0.8170387765060304,0.16110703010771402
0.1,1,FLAIRax,0010,1,Arachnoid cyst,14,572,12412,0.6901917761292762,0.1376253977459898
0.1,1,FLAIRax,0010,1,Empty sella syndrome,15,670,12412,0.763625536090625,0.16232784648653317
0.1,1,FLAIRax,0010,1,Intracranial aneurysm,16,32,12412,0.6184168012924072,0.003535554742424639
0.1,1,FLAIRax,0010,1,Chiari malformation,17,62,12412,0.8583805668016194,0.03145924783995104
0.1,1,FLAIRax,0010,1,Cyst of pineal gland,19,244,12412,0.6952282121339498,0.046968620303502684
0.1,1,FLAIRax,0010,1,Rathke's pouch cyst,21,47,12412,0.7176157823644294,0.010185247603720657
0.1,1,FLAIRax,0010,1,Cerebral edema,22,187,12412,0.83059829620638,0.34164788747177605
0.1,1,FLAIRax,0010,1,Spinal stenosis,23,26,12412,0.6965711907985442,0.009686058854817377
0.1,1,FLAIRax,0010,1,Mastoiditis,24,281,12412,0.7014231648513221,0.06407027828464186
0.1,1,FLAIRax,0010,1,Chronic mastoiditis,25,360,12412,0.7555948528598296,0.09404517599926238
0.1,1,FLAIRax,0010,1,Ventriculomegaly,26,1204,12412,0.9154094073763164,0.6259685805067202
0.1,1,FLAIRax,0010,1,Cerebellar degeneration,27,318,12412,0.838765623163625,0.18664557019876832
0.1,1,FLAIRax,0010,1,Mega cisterna magna,28,225,12412,0.792985603967798,0.11039988065344675
0.1,1,FLAIRax,0010,1,Structure of cave of septum pellucidum,29,238,12412,0.704781715544769,0.070358958923306
0.1,1,FLAIRax,0010,1,Hyperostosis of skull,30,55,12412,0.8980335032774945,0.06204606128401013
0.1,1,FLAIRax,0010,1,Choroid plexus cyst,32,57,12412,0.6165172137141721,0.0075138621371134764
0.1,1,FLAIRax,0010,1,Lipoma of brain,34,34,12412,0.5547650955680381,0.0035723041333065924
0.1,1,FLAIRax,0010,1,Glioma,35,35,12412,0.797188333198675,0.04267526803699261
0.1,1,FLAIRax,0010,1,Pituitary adenoma,36,57,12412,0.677628916483844,0.009639800628201037
0.1,1,T2ax,0100,1,Cerebral infarction,0,339,12412,0.821051728826629,0.17334835070776533
0.1,1,T2ax,0100,1,Cerebral hemorrhage,1,92,12412,0.7154997176736306,0.0482468147501309
0.1,1,T2ax,0100,1,Metastatic malignant neoplasm to brain,2,50,12412,0.7660330043682252,0.01974336528508351
0.1,1,T2ax,0100,1,Intracranial meningioma,3,148,12412,0.6411293877047303,0.030522581488302048
0.1,1,T2ax,0100,1,Demyelinating disease of central nervous system,4,294,12412,0.8138323492460195,0.22277977364000567
0.1,1,T2ax,0100,1,Herniation of nucleus pulposus,5,29,12412,0.6414132835060302,0.01218723842466007
0.1,1,T2ax,0100,1,Spinal cord compression,6,22,12412,0.6861985472154963,0.012149867143234383
0.1,1,T2ax,0100,1,Lacunar infarct,7,189,12412,0.8467681926734532,0.1165972798806472
0.1,1,T2ax,0100,1,Silent micro-hemorrhage of brain,8,78,12412,0.8482181836324857,0.06730430461773644
0.1,1,T2ax,0100,1,Cavernous hemangioma,9,67,12412,0.5950285026870508,0.013136101653620481
0.1,1,T2ax,0100,1,Subdural intracranial hemorrhage,10,26,12412,0.7355947782235526,0.03992046769591333
0.1,1,T2ax,0100,1,Gliosis,11,3854,12412,0.7989926607211355,0.6439382226693687
0.1,1,T2ax,0100,1,Cerebral atrophy,12,2012,12412,0.947605329561095,0.8114370761995858
0.1,1,T2ax,0100,1,Encephalomalacia,13,248,12412,0.7962403602380372,0.1423132206323185
0.1,1,T2ax,0100,1,Arachnoid cyst,14,572,12412,0.7024276188338688,0.14087405709658996
0.1,1,T2ax,0100,1,Empty sella syndrome,15,670,12412,0.7661222502713819,0.17868882242993278
0.1,1,T2ax,0100,1,Intracranial aneurysm,16,32,12412,0.5721223747980614,0.003118262205551456
0.1,1,T2ax,0100,1,Chiari malformation,17,62,12412,0.8388455008488964,0.058143859526954694
0.1,1,T2ax,0100,1,Cyst of pineal gland,19,244,12412,0.6900894310257487,0.041937059412559874
0.1,1,T2ax,0100,1,Rathke's pouch cyst,21,47,12412,0.7252643442799254,0.00764157073270132
0.1,1,T2ax,0100,1,Cerebral edema,22,187,12412,0.8484380433712805,0.2935571386080219
0.1,1,T2ax,0100,1,Spinal stenosis,23,26,12412,0.8179054515644214,0.009539435673819097
0.1,1,T2ax,0100,1,Mastoiditis,24,281,12412,0.7550063643892255,0.07842887343677876
0.1,1,T2ax,0100,1,Chronic mastoiditis,25,360,12412,0.7500412564074197,0.08824086237865655
0.1,1,T2ax,0100,1,Ventriculomegaly,26,1204,12412,0.9175808214825196,0.6230316457732925
0.1,1,T2ax,0100,1,Cerebellar degeneration,27,318,12412,0.8347982730664304,0.18282242100696827
0.1,1,T2ax,0100,1,Mega cisterna magna,28,225,12412,0.8088994648213487,0.1174989350104718
0.1,1,T2ax,0100,1,Structure of cave of septum pellucidum,29,238,12412,0.6639090333028234,0.058758618419571425
0.1,1,T2ax,0100,1,Hyperostosis of skull,30,55,12412,0.9323224966342228,0.16146579856421558
0.1,1,T2ax,0100,1,Choroid plexus cyst,32,57,12412,0.5962540913189489,0.00856979325455864
0.1,1,T2ax,0100,1,Lipoma of brain,34,34,12412,0.6526261013372872,0.005526041036229562
0.1,1,T2ax,0100,1,Glioma,35,35,12412,0.669663777282748,0.02564137624108074
0.1,1,T2ax,0100,1,Pituitary adenoma,36,57,12412,0.7341810617194544,0.012977173765973467
0.1,1,T1ax,1000,1,Cerebral infarction,0,339,12412,0.8133825521098664,0.1618923801401275
0.1,1,T1ax,1000,1,Cerebral hemorrhage,1,92,12412,0.7487577639751554,0.04678148733963635
0.1,1,T1ax,1000,1,Metastatic malignant neoplasm to brain,2,50,12412,0.7079922342663,0.029436725400385434
0.1,1,T1ax,1000,1,Intracranial meningioma,3,148,12412,0.7102043334920047,0.031279197063276476
0.1,1,T1ax,1000,1,Demyelinating disease of central nervous system,4,294,12412,0.717756123740138,0.11641480803240009
0.1,1,T1ax,1000,1,Herniation of nucleus pulposus,5,29,12412,0.6785888328548316,0.004041257369982877
0.1,1,T1ax,1000,1,Spinal cord compression,6,22,12412,0.6049416685009905,0.004071252028903032
0.1,1,T1ax,1000,1,Lacunar infarct,7,189,12412,0.8453431751312797,0.10436542874618546
0.1,1,T1ax,1000,1,Silent micro-hemorrhage of brain,8,78,12412,0.8325838935941092,0.049120743047401896
0.1,1,T1ax,1000,1,Cavernous hemangioma,9,67,12412,0.6260048481770976,0.00827045384639312
0.1,1,T1ax,1000,1,Subdural intracranial hemorrhage,10,26,12412,0.8974089853308326,0.13915386913787164
0.1,1,T1ax,1000,1,Gliosis,11,3854,12412,0.7847323850091315,0.6276825099242114
0.1,1,T1ax,1000,1,Cerebral atrophy,12,2012,12412,0.9454070767701483,0.8080049365892873
0.1,1,T1ax,1000,1,Encephalomalacia,13,248,12412,0.7966209120514263,0.16105277925791311
0.1,1,T1ax,1000,1,Arachnoid cyst,14,572,12412,0.6452776530901532,0.08671447650391811
0.1,1,T1ax,1000,1,Empty sella syndrome,15,670,12412,0.7601218486006349,0.14621671765820554
0.1,1,T1ax,1000,1,Intracranial aneurysm,16,32,12412,0.5486419628432957,0.005592391794753264
0.1,1,T1ax,1000,1,Chiari malformation,17,62,12412,0.8039519394018546,0.042092289041026104
0.1,1,T1ax,1000,1,Cyst of pineal gland,19,244,12412,0.6912740081482199,0.03688064020269127
0.1,1,T1ax,1000,1,Rathke's pouch cyst,21,47,12412,0.7638349493680687,0.010292594084100938
0.1,1,T1ax,1000,1,Cerebral edema,22,187,12412,0.7919398969850071,0.28259124442449846
0.1,1,T1ax,1000,1,Spinal stenosis,23,26,12412,0.6858798395210474,0.008094305982622695
0.1,1,T1ax,1000,1,Mastoiditis,24,281,12412,0.6959693570573434,0.05311638718869532
0.1,1,T1ax,1000,1,Chronic mastoiditis,25,360,12412,0.7429057417855957,0.09123108740388869
0.1,1,T1ax,1000,1,Ventriculomegaly,26,1204,12412,0.9143979531706113,0.62491022253377
0.1,1,T1ax,1000,1,Cerebellar degeneration,27,318,12412,0.8701297384325926,0.18099887560925101
0.1,1,T1ax,1000,1,Mega cisterna magna,28,225,12412,0.7669669866797953,0.06710118282423495
0.1,1,T1ax,1000,1,Structure of cave of septum pellucidum,29,238,12412,0.6688893398660597,0.04623276075181409
0.1,1,T1ax,1000,1,Hyperostosis of skull,30,55,12412,0.9117320326351644,0.12030905423198847
0.1,1,T1ax,1000,1,Choroid plexus cyst,32,57,12412,0.6759575993808884,0.009904837625779945
0.1,1,T1ax,1000,1,Lipoma of brain,34,34,12412,0.6781148717363824,0.0047690348839798495
0.1,1,T1ax,1000,1,Glioma,35,35,12412,0.7760154203072518,0.017620262173947476
0.1,1,T1ax,1000,1,Pituitary adenoma,36,57,12412,0.6630726959040661,0.008695452025289633
0.1,1,FLAIRax+T2cor,0011,2,Cerebral infarction,0,339,12412,0.8467193305620895,0.17710910625682239
0.1,1,FLAIRax+T2cor,0011,2,Cerebral hemorrhage,1,92,12412,0.7438505787690569,0.05701130757853119
0.1,1,FLAIRax+T2cor,0011,2,Metastatic malignant neoplasm to brain,2,50,12412,0.8265038019737907,0.067556358751029
0.1,1,FLAIRax+T2cor,0011,2,Intracranial meningioma,3,148,12412,0.6658562304966414,0.023885388819724348
0.1,1,FLAIRax+T2cor,0011,2,Demyelinating disease of central nervous system,4,294,12412,0.8153859497256568,0.2839506635998761
0.1,1,FLAIRax+T2cor,0011,2,Herniation of nucleus pulposus,5,29,12412,0.6227224754738838,0.00512540836925777
0.1,1,FLAIRax+T2cor,0011,2,Spinal cord compression,6,22,12412,0.5603565925599824,0.0031969963650732213
0.1,1,FLAIRax+T2cor,0011,2,Lacunar infarct,7,189,12412,0.8428203919490838,0.12534605088225212
0.1,1,FLAIRax+T2cor,0011,2,Silent micro-hemorrhage of brain,8,78,12412,0.8549246818259303,0.12221660045898555
0.1,1,FLAIRax+T2cor,0011,2,Cavernous hemangioma,9,67,12412,0.5299746709949645,0.009722132229475771
0.1,1,FLAIRax+T2cor,0011,2,Subdural intracranial hemorrhage,10,26,12412,0.7788911798680892,0.1737411569305616
0.1,1,FLAIRax+T2cor,0011,2,Gliosis,11,3854,12412,0.8024479442633453,0.6521847063315452
0.1,1,FLAIRax+T2cor,0011,2,Cerebral atrophy,12,2012,12412,0.9481233273436305,0.8133752302643131
0.1,1,FLAIRax+T2cor,0011,2,Encephalomalacia,13,248,12412,0.7944824627934359,0.14677028836359765
0.1,1,FLAIRax+T2cor,0011,2,Arachnoid cyst,14,572,12412,0.6973076332451332,0.1428335748510301
0.1,1,FLAIRax+T2cor,0011,2,Empty sella syndrome,15,670,12412,0.7644756544309623,0.16090591453256287
0.1,1,FLAIRax+T2cor,0011,2,Intracranial aneurysm,16,32,12412,0.590905189822294,0.003835576885961446
0.1,1,FLAIRax+T2cor,0011,2,Chiari malformation,17,62,12412,0.8406386313177484,0.03200399540293269
0.1,1,FLAIRax+T2cor,0011,2,Cyst of pineal gland,19,244,12412,0.7122821482846703,0.04594182271070069
0.1,1,FLAIRax+T2cor,0011,2,Rathke's pouch cyst,21,47,12412,0.6573289397837065,0.007129352859448941
0.1,1,FLAIRax+T2cor,0011,2,Cerebral edema,22,187,12412,0.8347232702339161,0.342429702713529
0.1,1,FLAIRax+T2cor,0011,2,Spinal stenosis,23,26,12412,0.6522997428858885,0.004174244045633838
0.1,1,FLAIRax+T2cor,0011,2,Mastoiditis,24,281,12412,0.7346133299851474,0.0689210778568015
0.1,1,FLAIRax+T2cor,0011,2,Chronic mastoiditis,25,360,12412,0.7599978795589483,0.1045813150884426
0.1,1,FLAIRax+T2cor,0011,2,Ventriculomegaly,26,1204,12412,0.9148845983291479,0.6305723003895274
0.1,1,FLAIRax+T2cor,0011,2,Cerebellar degeneration,27,318,12412,0.8493441833520027,0.188404830638508
0.1,1,FLAIRax+T2cor,0011,2,Mega cisterna magna,28,225,12412,0.8230996599290683,0.12158729595331948
0.1,1,FLAIRax+T2cor,0011,2,Structure of cave of septum pellucidum,29,238,12412,0.707865156905542,0.08539166899423115
0.1,1,FLAIRax+T2cor,0011,2,Hyperostosis of skull,30,55,12412,0.9105990715604699,0.10440842815165224
0.1,1,FLAIRax+T2cor,0011,2,Choroid plexus cyst,32,57,12412,0.6001505179379042,0.007162888787423601
0.1,1,FLAIRax+T2cor,0011,2,Lipoma of brain,34,34,12412,0.5700056076720558,0.0032771545929064175
0.1,1,FLAIRax+T2cor,0011,2,Glioma,35,35,12412,0.8824270824917185,0.0990478566307857
0.1,1,FLAIRax+T2cor,0011,2,Pituitary adenoma,36,57,12412,0.6190305792810638,0.009132805657844922
0.1,1,T2ax+T2cor,0101,2,Cerebral infarction,0,339,12412,0.840048505319288,0.18863139105923143
0.1,1,T2ax+T2cor,0101,2,Cerebral hemorrhage,1,92,12412,0.702241847826087,0.05169626466148717
0.1,1,T2ax+T2cor,0101,2,Metastatic malignant neoplasm to brain,2,50,12412,0.7922536806342015,0.028678866577894438
0.1,1,T2ax+T2cor,0101,2,Intracranial meningioma,3,148,12412,0.6622227658186562,0.024042116605383523
0.1,1,T2ax+T2cor,0101,2,Demyelinating disease of central nervous system,4,294,12412,0.8152349403204094,0.24182265930485974
0.1,1,T2ax+T2cor,0101,2,Herniation of nucleus pulposus,5,29,12412,0.5589531810853032,0.005509992425393278
0.1,1,T2ax+T2cor,0101,2,Spinal cord compression,6,22,12412,0.6607271259813633,0.00548697083794971
0.1,1,T2ax+T2cor,0101,2,Lacunar infarct,7,189,12412,0.8455319077097693,0.11806245818418891
0.1,1,T2ax+T2cor,0101,2,Silent micro-hemorrhage of brain,8,78,12412,0.8248847255657697,0.08889136233712965
0.1,1,T2ax+T2cor,0101,2,Cavernous hemangioma,9,67,12412,0.557683030775648,0.008464917372631983
0.1,1,T2ax+T2cor,0101,2,Subdural intracranial hemorrhage,10,26,12412,0.7320051174402862,0.09119810255338416
0.1,1,T2ax+T2cor,0101,2,Gliosis,11,3854,12412,0.8048975136293357,0.6524482244891905
0.1,1,T2ax+T2cor,0101,2,Cerebral atrophy,12,2012,12412,0.9490409466279248,0.8195373230607055
0.1,1,T2ax+T2cor,0101,2,Encephalomalacia,13,248,12412,0.8115708303720125,0.1326421887362748
0.1,1,T2ax+T2cor,0101,2,Arachnoid cyst,14,572,12412,0.7068491896616897,0.1509954162615715
0.1,1,T2ax+T2cor,0101,2,Empty sella syndrome,15,670,12412,0.7668920344623333,0.18266198594628036
0.1,1,T2ax+T2cor,0101,2,Intracranial aneurysm,16,32,12412,0.4402918012924072,0.0022661013799582
0.1,1,T2ax+T2cor,0101,2,Chiari malformation,17,62,12412,0.8183400809716599,0.05211070032250684
0.1,1,T2ax+T2cor,0101,2,Cyst of pineal gland,19,244,12412,0.7065775185652236,0.043465545006416695
0.1,1,T2ax+T2cor,0101,2,Rathke's pouch cyst,21,47,12412,0.6894339720040263,0.007848265223680078
0.1,1,T2ax+T2cor,0101,2,Cerebral edema,22,187,12412,0.8383062672921932,0.29891000068221274
0.1,1,T2ax+T2cor,0101,2,Spinal stenosis,23,26,12412,0.7550211777565241,0.008937380280385269
0.1,1,T2ax+T2cor,0101,2,Mastoiditis,24,281,12412,0.7623045102823242,0.09730418117357363
0.1,1,T2ax+T2cor,0101,2,Chronic mastoiditis,25,360,12412,0.7647200095880813,0.09686088070193996
0.1,1,T2ax+T2cor,0101,2,Ventriculomegaly,26,1204,12412,0.9204218450987786,0.6400104602357775
0.1,1,T2ax+T2cor,0101,2,Cerebellar degeneration,27,318,12412,0.8377679352410311,0.18463530523123448
0.1,1,T2ax+T2cor,0101,2,Mega cisterna magna,28,225,12412,0.8224415816489338,0.12341590392968016
0.1,1,T2ax+T2cor,0101,2,Structure of cave of septum pellucidum,29,238,12412,0.696252379709893,0.07996057752343042
0.1,1,T2ax+T2cor,0101,2,Hyperostosis of skull,30,55,12412,0.93009483031333,0.1728240266861648
0.1,1,T2ax+T2cor,0101,2,Choroid plexus cyst,32,57,12412,0.5733554850298551,0.006332971747225174
0.1,1,T2ax+T2cor,0101,2,Lipoma of brain,34,34,12412,0.6049181184834573,0.0043611421375439755
0.1,1,T2ax+T2cor,0101,2,Glioma,35,35,12412,0.7243620078717438,0.05450925526486202
0.1,1,T2ax+T2cor,0101,2,Pituitary adenoma,36,57,12412,0.6774130794408116,0.011993780827779913
0.1,1,T2ax+FLAIRax,0110,2,Cerebral infarction,0,339,12412,0.8534610128600668,0.181717107636103
0.1,1,T2ax+FLAIRax,0110,2,Cerebral hemorrhage,1,92,12412,0.7329192546583851,0.060952846568204655
0.1,1,T2ax+FLAIRax,0110,2,Metastatic malignant neoplasm to brain,2,50,12412,0.808183141886426,0.034855170669351905
0.1,1,T2ax+FLAIRax,0110,2,Intracranial meningioma,3,148,12412,0.6544307884205145,0.02950605599163442
0.1,1,T2ax+FLAIRax,0110,2,Demyelinating disease of central nervous system,4,294,12412,0.8248770873261007,0.2785205225498264
0.1,1,T2ax+FLAIRax,0110,2,Herniation of nucleus pulposus,5,29,12412,0.6635014076584416,0.007753704965887015
0.1,1,T2ax+FLAIRax,0110,2,Spinal cord compression,6,22,12412,0.5627228703499889,0.0192217449918653
0.1,1,T2ax+FLAIRax,0110,2,Lacunar infarct,7,189,12412,0.8634420233863905,0.1302660991857192
0.1,1,T2ax+FLAIRax,0110,2,Silent micro-hemorrhage of brain,8,78,12412,0.8412694947882234,0.10690337918839173
0.1,1,T2ax+FLAIRax,0110,2,Cavernous hemangioma,9,67,12412,0.5973208078683133,0.012682005528036265
0.1,1,T2ax+FLAIRax,0110,2,Subdural intracranial hemorrhage,10,26,12412,0.7870626265386479,0.1248459337469422
0.1,1,T2ax+FLAIRax,0110,2,Gliosis,11,3854,12412,0.8067845731188862,0.6576121060590017
0.1,1,T2ax+FLAIRax,0110,2,Cerebral atrophy,12,2012,12412,0.950136775500841,0.8156603118004878
0.1,1,T2ax+FLAIRax,0110,2,Encephalomalacia,13,248,12412,0.7990630071814238,0.1558215262330953
0.1,1,T2ax+FLAIRax,0110,2,Arachnoid cyst,14,572,12412,0.7080323603761104,0.14483156106196055
0.1,1,T2ax+FLAIRax,0110,2,Empty sella syndrome,15,670,12412,0.7767731348368021,0.1742695153752775
0.1,1,T2ax+FLAIRax,0110,2,Intracranial aneurysm,16,32,12412,0.6472056744749597,0.003848987633528439
0.1,1,T2ax+FLAIRax,0110,2,Chiari malformation,17,62,12412,0.8669975186104218,0.035004993690345536
0.1,1,T2ax+FLAIRax,0110,2,Cyst of pineal gland,19,244,12412,0.6897202821698408,0.04429285704002278
0.1,1,T2ax+FLAIRax,0110,2,Rathke's pouch cyst,21,47,12412,0.7532844077741738,0.010706618013900882
0.1,1,T2ax+FLAIRax,0110,2,Cerebral edema,22,187,12412,0.8487766149404546,0.3390542285865422
0.1,1,T2ax+FLAIRax,0110,2,Spinal stenosis,23,26,12412,0.7740407904706306,0.006354209837710383
0.1,1,T2ax+FLAIRax,0110,2,Mastoiditis,24,281,12412,0.749126014906664,0.086906772852977
0.1,1,T2ax+FLAIRax,0110,2,Chronic mastoiditis,25,360,12412,0.7625495537854482,0.10828257449907502
0.1,1,T2ax+FLAIRax,0110,2,Ventriculomegaly,26,1204,12412,0.9170728341882045,0.6326449499168731
0.1,1,T2ax+FLAIRax,0110,2,Cerebellar degeneration,27,318,12412,0.8365416917583749,0.18930773051227467
0.1,1,T2ax+FLAIRax,0110,2,Mega cisterna magna,28,225,12412,0.8167555592024288,0.12215756717841633
0.1,1,T2ax+FLAIRax,0110,2,Structure of cave of septum pellucidum,29,238,12412,0.7186989630746334,0.0728843088642846
0.1,1,T2ax+FLAIRax,0110,2,Hyperostosis of skull,30,55,12412,0.9246492602647008,0.1306353883020751
0.1,1,T2ax+FLAIRax,0110,2,Choroid plexus cyst,32,57,12412,0.5898414591720093,0.008442704062534407
0.1,1,T2ax+FLAIRax,0110,2,Lipoma of brain,34,34,12412,0.646018077613983,0.00631506688161571
0.1,1,T2ax+FLAIRax,0110,2,Glioma,35,35,12412,0.770239730375466,0.04281641287426905
0.1,1,T2ax+FLAIRax,0110,2,Pituitary adenoma,36,57,12412,0.6989073249696478,0.014332918906428217
0.1,1,T1ax+T2cor,1001,2,Cerebral infarction,0,339,12412,0.8252366931061216,0.17060656631465831
0.1,1,T1ax+T2cor,1001,2,Cerebral hemorrhage,1,92,12412,0.7249602978543195,0.06376376831920243
0.1,1,T1ax+T2cor,1001,2,Metastatic malignant neoplasm to brain,2,50,12412,0.7435803268079599,0.06581958837249889
0.1,1,T1ax+T2cor,1001,2,Intracranial meningioma,3,148,12412,0.682080380282435,0.02686916510338523
0.1,1,T1ax+T2cor,1001,2,Demyelinating disease of central nervous system,4,294,12412,0.7353341237468746,0.1604149719360925
0.1,1,T1ax+T2cor,1001,2,Herniation of nucleus pulposus,5,29,12412,0.6227614610687066,0.0035196566396358867
0.1,1,T1ax+T2cor,1001,2,Spinal cord compression,6,22,12412,0.583314990094651,0.004137412699542776
0.1,1,T1ax+T2cor,1001,2,Lacunar infarct,7,189,12412,0.840770305958885,0.12461422523905448
0.1,1,T1ax+T2cor,1001,2,Silent micro-hemorrhage of brain,8,78,12412,0.8173664209419035,0.07023470667564088
0.1,1,T1ax+T2cor,1001,2,Cavernous hemangioma,9,67,12412,0.5483010222278644,0.00821516484804542
0.1,1,T1ax+T2cor,1001,2,Subdural intracranial hemorrhage,10,26,12412,0.7791706517283783,0.12420796027322954
0.1,1,T1ax+T2cor,1001,2,Gliosis,11,3854,12412,0.7962567579711588,0.638500412691301
0.1,1,T1ax+T2cor,1001,2,Cerebral atrophy,12,2012,12412,0.9486631652393334,0.8186197732550677
0.1,1,T1ax+T2cor,1001,2,Encephalomalacia,13,248,12412,0.8020954880079769,0.15380445340570378
0.1,1,T1ax+T2cor,1001,2,Arachnoid cyst,14,572,12412,0.6862328127953128,0.12790225133643096
0.1,1,T1ax+T2cor,1001,2,Empty sella syndrome,15,670,12412,0.767588475608671,0.15730686852591375
0.1,1,T1ax+T2cor,1001,2,Intracranial aneurysm,16,32,12412,0.4980210016155089,0.0034764928209270935
0.1,1,T1ax+T2cor,1001,2,Chiari malformation,17,62,12412,0.7810735274911844,0.03568093123554174
0.1,1,T1ax+T2cor,1001,2,Cyst of pineal gland,19,244,12412,0.6977447227880709,0.03976655785500801
0.1,1,T1ax+T2cor,1001,2,Rathke's pouch cyst,21,47,12412,0.6997616814791234,0.008864141083184932
0.1,1,T1ax+T2cor,1001,2,Cerebral edema,22,187,12412,0.8531491748958367,0.3332392685475975
0.1,1,T1ax+T2cor,1001,2,Spinal stenosis,23,26,12412,0.6782750996782968,0.007683827053751901
0.1,1,T1ax+T2cor,1001,2,Mastoiditis,24,281,12412,0.7282204850899625,0.07130735208843478
0.1,1,T1ax+T2cor,1001,2,Chronic mastoiditis,25,360,12412,0.750978168676476,0.09447092264479269
0.1,1,T1ax+T2cor,1001,2,Ventriculomegaly,26,1204,12412,0.9176402534022922,0.6355711611141712
0.1,1,T1ax+T2cor,1001,2,Cerebellar degeneration,27,318,12412,0.8445198149089989,0.1827754331598949
0.1,1,T1ax+T2cor,1001,2,Mega cisterna magna,28,225,12412,0.7880659719373102,0.10797799220353807
0.1,1,T1ax+T2cor,1001,2,Structure of cave of septum pellucidum,29,238,12412,0.6870393302712903,0.06432731652201577
0.1,1,T1ax+T2cor,1001,2,Hyperostosis of skull,30,55,12412,0.9275898092358398,0.12033866176652848
0.1,1,T1ax+T2cor,1001,2,Choroid plexus cyst,32,57,12412,0.6151327326815623,0.008657058419995915
0.1,1,T1ax+T2cor,1001,2,Lipoma of brain,34,34,12412,0.5881402488285667,0.0036108329076947657
0.1,1,T1ax+T2cor,1001,2,Glioma,35,35,12412,0.8486824640173594,0.06914126324519072
0.1,1,T1ax+T2cor,1001,2,Pituitary adenoma,36,57,12412,0.647796545187331,0.008602025336339462
0.1,1,T1ax+FLAIRax,1010,2,Cerebral infarction,0,339,12412,0.8442493513525268,0.16907744000027033
0.1,1,T1ax+FLAIRax,1010,2,Cerebral hemorrhage,1,92,12412,0.7506908173348391,0.06754791539661974
0.1,1,T1ax+FLAIRax,1010,2,Metastatic malignant neoplasm to brain,2,50,12412,0.8396756188319042,0.053210007878510976
0.1,1,T1ax+FLAIRax,1010,2,Intracranial meningioma,3,148,12412,0.7073251088662048,0.029182213962010893
0.1,1,T1ax+FLAIRax,1010,2,Demyelinating disease of central nervous system,4,294,12412,0.8059835090992992,0.26416026855601626
0.1,1,T1ax+FLAIRax,1010,2,Herniation of nucleus pulposus,5,29,12412,0.7136842222513068,0.00566838254336973
0.1,1,T1ax+FLAIRax,1010,2,Spinal cord compression,6,22,12412,0.5402267224301122,0.004657177695293078
0.1,1,T1ax+FLAIRax,1010,2,Lacunar infarct,7,189,12412,0.8535634312448515,0.11695515209804495
0.1,1,T1ax+FLAIRax,1010,2,Silent micro-hemorrhage of brain,8,78,12412,0.8386854348829378,0.06822670896782237
0.1,1,T1ax+FLAIRax,1010,2,Cavernous hemangioma,9,67,12412,0.6607001444780954,0.00885002028967593
0.1,1,T1ax+FLAIRax,1010,2,Subdural intracranial hemorrhage,10,26,12412,0.8047733793737346,0.20193278353839514
0.1,1,T1ax+FLAIRax,1010,2,Gliosis,11,3854,12412,0.8004719892335738,0.6483373887544739
0.1,1,T1ax+FLAIRax,1010,2,Cerebral atrophy,12,2012,12412,0.9496573921853495,0.8175574863190456
0.1,1,T1ax+FLAIRax,1010,2,Encephalomalacia,13,248,12412,0.8168428652501829,0.19026150309874276
0.1,1,T1ax+FLAIRax,1010,2,Arachnoid cyst,14,572,12412,0.6802431310243809,0.11075098709894857
0.1,1,T1ax+FLAIRax,1010,2,Empty sella syndrome,15,670,12412,0.7737634006767389,0.15908183330830813
0.1,1,T1ax+FLAIRax,1010,2,Intracranial aneurysm,16,32,12412,0.6311389337641358,0.006821314212720565
0.1,1,T1ax+FLAIRax,1010,2,Chiari malformation,17,62,12412,0.8267180357842496,0.03863715511898753
0.1,1,T1ax+FLAIRax,1010,2,Cyst of pineal gland,19,244,12412,0.686746714036279,0.041319684199800755
0.1,1,T1ax+FLAIRax,1010,2,Rathke's pouch cyst,21,47,12412,0.7696105169877225,0.010507365116451976
0.1,1,T1ax+FLAIRax,1010,2,Cerebral edema,22,187,12412,0.8363233927145873,0.3292452116081427
0.1,1,T1ax+FLAIRax,1010,2,Spinal stenosis,23,26,12412,0.7425629432734229,0.014002570403511843
0.1,1,T1ax+FLAIRax,1010,2,Mastoiditis,24,281,12412,0.7274366340639008,0.061029772139333756
0.1,1,T1ax+FLAIRax,1010,2,Chronic mastoiditis,25,360,12412,0.7608264649481875,0.10240830682352435
0.1,1,T1ax+FLAIRax,1010,2,Ventriculomegaly,26,1204,12412,0.9182427982148489,0.6359822254283279
0.1,1,T1ax+FLAIRax,1010,2,Cerebellar degeneration,27,318,12412,0.8612893965821192,0.17195612950909345
0.1,1,T1ax+FLAIRax,1010,2,Mega cisterna magna,28,225,12412,0.7953622712726677,0.09190950249526489
0.1,1,T1ax+FLAIRax,1010,2,Structure of cave of septum pellucidum,29,238,12412,0.719714697115909,0.06605381815348187
0.1,1,T1ax+FLAIRax,1010,2,Hyperostosis of skull,30,55,12412,0.902116577280452,0.12289143700943059
0.1,1,T1ax+FLAIRax,1010,2,Choroid plexus cyst,32,57,12412,0.6458085724225577,0.013024575552601718
0.1,1,T1ax+FLAIRax,1010,2,Lipoma of brain,34,34,12412,0.660243981257069,0.004693782280685327
0.1,1,T1ax+FLAIRax,1010,2,Glioma,35,35,12412,0.8279873959764079,0.031731152437021126
0.1,1,T1ax+FLAIRax,1010,2,Pituitary adenoma,36,57,12412,0.6515893132264087,0.008782166577035858
0.1,1,T1ax+T2ax,1100,2,Cerebral infarction,0,339,12412,0.8213332023699487,0.19484443291208975
0.1,1,T1ax+T2ax,1100,2,Cerebral hemorrhage,1,92,12412,0.7243347684923772,0.06899313913018221
0.1,1,T1ax+T2ax,1100,2,Metastatic malignant neoplasm to brain,2,50,12412,0.7458097395243488,0.02545704370850772
0.1,1,T1ax+T2ax,1100,2,Intracranial meningioma,3,148,12412,0.6877495768762892,0.02904630218989663
0.1,1,T1ax+T2ax,1100,2,Demyelinating disease of central nervous system,4,294,12412,0.7882483245815244,0.1828853965151665
0.1,1,T1ax+T2ax,1100,2,Herniation of nucleus pulposus,5,29,12412,0.6546850938578195,0.013624225445966393
0.1,1,T1ax+T2ax,1100,2,Spinal cord compression,6,22,12412,0.6659696235967423,0.011655646012214785
0.1,1,T1ax+T2ax,1100,2,Lacunar infarct,7,189,12412,0.8601682057462143,0.12626939906924547
0.1,1,T1ax+T2ax,1100,2,Silent micro-hemorrhage of brain,8,78,12412,0.8570285182089948,0.0661411254820304
0.1,1,T1ax+T2ax,1100,2,Cavernous hemangioma,9,67,12412,0.6417378478204361,0.01150978585328419
0.1,1,T1ax+T2ax,1100,2,Subdural intracranial hemorrhage,10,26,12412,0.759657305394428,0.08096066467436794
0.1,1,T1ax+T2ax,1100,2,Gliosis,11,3854,12412,0.7966852575175247,0.6420486525448017
0.1,1,T1ax+T2ax,1100,2,Cerebral atrophy,12,2012,12412,0.9485284925064994,0.815511598834487
0.1,1,T1ax+T2ax,1100,2,Encephalomalacia,13,248,12412,0.7975099712530894,0.1481073771908433
0.1,1,T1ax+T2ax,1100,2,Arachnoid cyst,14,572,12412,0.677152534965035,0.11626207602417166
0.1,1,T1ax+T2ax,1100,2,Empty sella syndrome,15,670,12412,0.7785484941160321,0.1705905921194453
0.1,1,T1ax+T2ax,1100,2,Intracranial aneurysm,16,32,12412,0.5848798465266559,0.004759249412272655
0.1,1,T1ax+T2ax,1100,2,Chiari malformation,17,62,12412,0.8250907666187801,0.054451865151040106
0.1,1,T1ax+T2ax,1100,2,Cyst of pineal gland,19,244,12412,0.701622975070327,0.041943487610150355
0.1,1,T1ax+T2ax,1100,2,Rathke's pouch cyst,21,47,12412,0.7739002503635002,0.011255549916317751
0.1,1,T1ax+T2ax,1100,2,Cerebral edema,22,187,12412,0.8164290322933412,0.30719195842681774
0.1,1,T1ax+T2ax,1100,2,Spinal stenosis,23,26,12412,0.7858624501608515,0.00851060040616855
0.1,1,T1ax+T2ax,1100,2,Mastoiditis,24,281,12412,0.7403842571500738,0.06737235074279826
0.1,1,T1ax+T2ax,1100,2,Chronic mastoiditis,25,360,12412,0.7554875631522662,0.09241834640399968
0.1,1,T1ax+T2ax,1100,2,Ventriculomegaly,26,1204,12412,0.9218785940749487,0.6349755913941838
0.1,1,T1ax+T2ax,1100,2,Cerebellar degeneration,27,318,12412,0.8593304232152127,0.19698205680272626
0.1,1,T1ax+T2ax,1100,2,Mega cisterna magna,28,225,12412,0.7982068324170565,0.10143503802683063
0.1,1,T1ax+T2ax,1100,2,Structure of cave of septum pellucidum,29,238,12412,0.7031592331363298,0.059201952292683796
0.1,1,T1ax+T2ax,1100,2,Hyperostosis of skull,30,55,12412,0.9313675722998375,0.1389137428317638
0.1,1,T1ax+T2ax,1100,2,Choroid plexus cyst,32,57,12412,0.6619480713114231,0.01128407958021978
0.1,1,T1ax+T2ax,1100,2,Lipoma of brain,34,34,12412,0.6879354262305989,0.0048439537949792316
0.1,1,T1ax+T2ax,1100,2,Glioma,35,35,12412,0.7866480453375501,0.02043551592958872
0.1,1,T1ax+T2ax,1100,2,Pituitary adenoma,36,57,12412,0.7303243945557946,0.012226723195989204
0.1,1,T2ax+FLAIRax+T2cor,0111,3,Cerebral infarction,0,339,12412,0.8519801004068904,0.18462245294894528
0.1,1,T2ax+FLAIRax+T2cor,0111,3,Cerebral hemorrhage,1,92,12412,0.7071049195369847,0.05871789549962255
0.1,1,T2ax+FLAIRax+T2cor,0111,3,Metastatic malignant neoplasm to brain,2,50,12412,0.8051156770749069,0.04758422684936276
0.1,1,T2ax+FLAIRax+T2cor,0111,3,Intracranial meningioma,3,148,12412,0.6681233581918513,0.03687079323832637
0.1,1,T2ax+FLAIRax+T2cor,0111,3,Demyelinating disease of central nervous system,4,294,12412,0.831822116534351,0.3124289116867431
0.1,1,T2ax+FLAIRax+T2cor,0111,3,Herniation of nucleus pulposus,5,29,12412,0.6031015825366812,0.0061495709582033535
0.1,1,T2ax+FLAIRax+T2cor,0111,3,Spinal cord compression,6,22,12412,0.5854648176682075,0.004306146742828027
0.1,1,T2ax+FLAIRax+T2cor,0111,3,Lacunar infarct,7,189,12412,0.8551767484926285,0.12381430609460839
0.1,1,T2ax+FLAIRax+T2cor,0111,3,Silent micro-hemorrhage of brain,8,78,12412,0.8604415353847817,0.1016319264901289
0.1,1,T2ax+FLAIRax+T2cor,0111,3,Cavernous hemangioma,9,67,12412,0.5518791220084269,0.00887927566429187
0.1,1,T2ax+FLAIRax+T2cor,0111,3,Subdural intracranial hemorrhage,10,26,12412,0.7337223167596171,0.13172458187712957
0.1,1,T2ax+FLAIRax+T2cor,0111,3,Gliosis,11,3854,12412,0.8083671684150872,0.6577793655473749
0.1,1,T2ax+FLAIRax+T2cor,0111,3,Cerebral atrophy,12,2012,12412,0.9502632761125555,0.8202845576400517
0.1,1,T2ax+FLAIRax+T2cor,0111,3,Encephalomalacia,13,248,12412,0.8030418951745499,0.15056223407368266
0.1,1,T2ax+FLAIRax+T2cor,0111,3,Arachnoid cyst,14,572,12412,0.7080850737100737,0.16099701628889931
0.1,1,T2ax+FLAIRax+T2cor,0111,3,Empty sella syndrome,15,670,12412,0.7701984456867427,0.1697552110689104
0.1,1,T2ax+FLAIRax+T2cor,0111,3,Intracranial aneurysm,16,32,12412,0.5771531704361874,0.003234721773804166
0.1,1,T2ax+FLAIRax+T2cor,0111,3,Chiari malformation,17,62,12412,0.8583714248400157,0.046137610048071875
0.1,1,T2ax+FLAIRax+T2cor,0111,3,Cyst of pineal gland,19,244,12412,0.7067876909065434,0.04689684368569737
0.1,1,T2ax+FLAIRax+T2cor,0111,3,Rathke's pouch cyst,21,47,12412,0.6987912002821967,0.008629944506790443
0.1,1,T2ax+FLAIRax+T2cor,0111,3,Cerebral edema,22,187,12412,0.8463685574620254,0.3448757346772769
0.1,1,T2ax+FLAIRax+T2cor,0111,3,Spinal stenosis,23,26,12412,0.71155088251003,0.00486452019233202
0.1,1,T2ax+FLAIRax+T2cor,0111,3,Mastoiditis,24,281,12412,0.7693004980328918,0.09057343879660458
0.1,1,T2ax+FLAIRax+T2cor,0111,3,Chronic mastoiditis,25,360,12412,0.7770008205184938,0.11342040457686643
0.1,1,T2ax+FLAIRax+T2cor,0111,3,Ventriculomegaly,26,1204,12412,0.9203449244844095,0.6421396100491715
0.1,1,T2ax+FLAIRax+T2cor,0111,3,Cerebellar degeneration,27,318,12412,0.8374291321753186,0.18010657663046437
0.1,1,T2ax+FLAIRax+T2cor,0111,3,Mega cisterna magna,28,225,12412,0.8304926014058696,0.13551392926648187
0.1,1,T2ax+FLAIRax+T2cor,0111,3,Structure of cave of septum pellucidum,29,238,12412,0.7199010703344917,0.09779427541391264
0.1,1,T2ax+FLAIRax+T2cor,0111,3,Hyperostosis of skull,30,55,12412,0.9190344817438773,0.17925630057373543
0.1,1,T2ax+FLAIRax+T2cor,0111,3,Choroid plexus cyst,32,57,12412,0.579513940659013,0.006988216099738846
0.1,1,T2ax+FLAIRax+T2cor,0111,3,Lipoma of brain,34,34,12412,0.6029791945862204,0.004283200243462349
0.1,1,T2ax+FLAIRax+T2cor,0111,3,Glioma,35,35,12412,0.7825298075924237,0.06270816102002724
0.1,1,T2ax+FLAIRax+T2cor,0111,3,Pituitary adenoma,36,57,12412,0.6674902553835013,0.012386140713000688
0.1,1,T1ax+FLAIRax+T2cor,1011,3,Cerebral infarction,0,339,12412,0.841803561275593,0.17423696135124764
0.1,1,T1ax+FLAIRax+T2cor,1011,3,Cerebral hemorrhage,1,92,12412,0.7538890457368719,0.07779733784996272
0.1,1,T1ax+FLAIRax+T2cor,1011,3,Metastatic malignant neoplasm to brain,2,50,12412,0.8065701342824786,0.06573430072389962
0.1,1,T1ax+FLAIRax+T2cor,1011,3,Intracranial meningioma,3,148,12412,0.694755910509335,0.026207352331164557
0.1,1,T1ax+FLAIRax+T2cor,1011,3,Demyelinating disease of central nervous system,4,294,12412,0.7862140482533994,0.2789000408604861
0.1,1,T1ax+FLAIRax+T2cor,1011,3,Herniation of nucleus pulposus,5,29,12412,0.6829023104534304,0.004657710075282923
0.1,1,T1ax+FLAIRax+T2cor,1011,3,Spinal cord compression,6,22,12412,0.5459314696602832,0.00340068506131756
0.1,1,T1ax+FLAIRax+T2cor,1011,3,Lacunar infarct,7,189,12412,0.8466699305282304,0.13253082488999773
0.1,1,T1ax+FLAIRax+T2cor,1011,3,Silent micro-hemorrhage of brain,8,78,12412,0.8532251894907967,0.10072356557732878
0.1,1,T1ax+FLAIRax+T2cor,1011,3,Cavernous hemangioma,9,67,12412,0.5897728852698838,0.007271947026726388
0.1,1,T1ax+FLAIRax+T2cor,1011,3,Subdural intracranial hemorrhage,10,26,12412,0.7752207827696282,0.17592673733773853
0.1,1,T1ax+FLAIRax+T2cor,1011,3,Gliosis,11,3854,12412,0.8026506879459708,0.6475714744539215
0.1,1,T1ax+FLAIRax+T2cor,1011,3,Cerebral atrophy,12,2012,12412,0.949719089310292,0.8190152393859641
0.1,1,T1ax+FLAIRax+T2cor,1011,3,Encephalomalacia,13,248,12412,0.8007194683412714,0.17079884673198348
0.1,1,T1ax+FLAIRax+T2cor,1011,3,Arachnoid cyst,14,572,12412,0.6934824466074466,0.13212072856369078
0.1,1,T1ax+FLAIRax+T2cor,1011,3,Empty sella syndrome,15,670,12412,0.7706199457490268,0.1611667955257233
0.1,1,T1ax+FLAIRax+T2cor,1011,3,Intracranial aneurysm,16,32,12412,0.5724606219709208,0.006010812816582182
0.1,1,T1ax+FLAIRax+T2cor,1011,3,Chiari malformation,17,62,12412,0.8192477471594619,0.044926534609709814
0.1,1,T1ax+FLAIRax+T2cor,1011,3,Cyst of pineal gland,19,244,12412,0.7037001110141086,0.04227614502819956
0.1,1,T1ax+FLAIRax+T2cor,1011,3,Rathke's pouch cyst,21,47,12412,0.720179642264112,0.008989639240383904
0.1,1,T1ax+FLAIRax+T2cor,1011,3,Cerebral edema,22,187,12412,0.8569412639567818,0.3543428426254686
0.1,1,T1ax+FLAIRax+T2cor,1011,3,Spinal stenosis,23,26,12412,0.7062968115365984,0.005871830414493382
0.1,1,T1ax+FLAIRax+T2cor,1011,3,Mastoiditis,24,281,12412,0.7419235035324634,0.072328104397797
0.1,1,T1ax+FLAIRax+T2cor,1011,3,Chronic mastoiditis,25,360,12412,0.7742216598443781,0.10189578813787634
0.1,1,T1ax+FLAIRax+T2cor,1011,3,Ventriculomegaly,26,1204,12412,0.9183945645137195,0.6420724822933257
0.1,1,T1ax+FLAIRax+T2cor,1011,3,Cerebellar degeneration,27,318,12412,0.8547962345276466,0.17350108016729776
0.1,1,T1ax+FLAIRax+T2cor,1011,3,Mega cisterna magna,28,225,12412,0.811327553039213,0.11244570132292726
0.1,1,T1ax+FLAIRax+T2cor,1011,3,Structure of cave of septum pellucidum,29,238,12412,0.7187441758369193,0.09321873743068783
0.1,1,T1ax+FLAIRax+T2cor,1011,3,Hyperostosis of skull,30,55,12412,0.9179177058273926,0.1343913287909775
0.1,1,T1ax+FLAIRax+T2cor,1011,3,Choroid plexus cyst,32,57,12412,0.6257627070509134,0.009213732373028263
0.1,1,T1ax+FLAIRax+T2cor,1011,3,Lipoma of brain,34,34,12412,0.6044690294925532,0.0037161257953901225
0.1,1,T1ax+FLAIRax+T2cor,1011,3,Glioma,35,35,12412,0.864578307690532,0.07317853551271175
0.1,1,T1ax+FLAIRax+T2cor,1011,3,Pituitary adenoma,36,57,12412,0.6299601695456771,0.009299853912398178
0.1,1,T1ax+T2ax+T2cor,1101,3,Cerebral infarction,0,339,12412,0.8374507390757358,0.19842156967915792
0.1,1,T1ax+T2ax+T2cor,1101,3,Cerebral hemorrhage,1,92,12412,0.711618612365895,0.07125605682246852
0.1,1,T1ax+T2ax+T2cor,1101,3,Metastatic malignant neoplasm to brain,2,50,12412,0.7761284581782882,0.04514837065366754
0.1,1,T1ax+T2ax+T2cor,1101,3,Intracranial meningioma,3,148,12412,0.6831811630613001,0.026797273042206228
0.1,1,T1ax+T2ax+T2cor,1101,3,Demyelinating disease of central nervous system,4,294,12412,0.7888035227294417,0.21477742882581946
0.1,1,T1ax+T2ax+T2cor,1101,3,Herniation of nucleus pulposus,5,29,12412,0.6037309214245337,0.006107507977559909
0.1,1,T1ax+T2ax+T2cor,1101,3,Spinal cord compression,6,22,12412,0.6479712378017463,0.006145006106131046
0.1,1,T1ax+T2ax+T2cor,1101,3,Lacunar infarct,7,189,12412,0.8474382799016685,0.1318195674524761
0.1,1,T1ax+T2ax+T2cor,1101,3,Silent micro-hemorrhage of brain,8,78,12412,0.8504467533979452,0.07706934774717486
0.1,1,T1ax+T2ax+T2cor,1101,3,Cavernous hemangioma,9,67,12412,0.5762511863525629,0.008762830099127235
0.1,1,T1ax+T2ax+T2cor,1101,3,Subdural intracranial hemorrhage,10,26,12412,0.7505216808058726,0.08410146653930133
0.1,1,T1ax+T2ax+T2cor,1101,3,Gliosis,11,3854,12412,0.8037114312509421,0.6495374689355674
0.1,1,T1ax+T2ax+T2cor,1101,3,Cerebral atrophy,12,2012,12412,0.9497718974613856,0.8194122036403197
0.1,1,T1ax+T2ax+T2cor,1101,3,Encephalomalacia,13,248,12412,0.8193734685109949,0.15828487943942007
0.1,1,T1ax+T2ax+T2cor,1101,3,Arachnoid cyst,14,572,12412,0.6943258599508599,0.14422025195330992
0.1,1,T1ax+T2ax+T2cor,1101,3,Empty sella syndrome,15,670,12412,0.7735732426269267,0.17234288093001068
0.1,1,T1ax+T2ax+T2cor,1101,3,Intracranial aneurysm,16,32,12412,0.5290261510500807,0.0035218634216272466
0.1,1,T1ax+T2ax+T2cor,1101,3,Chiari malformation,17,62,12412,0.8175995820817553,0.05071631949641652
0.1,1,T1ax+T2ax+T2cor,1101,3,Cyst of pineal gland,19,244,12412,0.7137526810446104,0.043927417767146294
0.1,1,T1ax+T2ax+T2cor,1101,3,Rathke's pouch cyst,21,47,12412,0.7429136805155251,0.009712357607065882
0.1,1,T1ax+T2ax+T2cor,1101,3,Cerebral edema,22,187,12412,0.8361812276500115,0.33556497771305355
0.1,1,T1ax+T2ax+T2cor,1101,3,Spinal stenosis,23,26,12412,0.7280583537244283,0.007120302672886427
0.1,1,T1ax+T2ax+T2cor,1101,3,Mastoiditis,24,281,12412,0.759920394530527,0.0878576020635967
0.1,1,T1ax+T2ax+T2cor,1101,3,Chronic mastoiditis,25,360,12412,0.7657136206069992,0.09843522852887153
0.1,1,T1ax+T2ax+T2cor,1101,3,Ventriculomegaly,26,1204,12412,0.9233107403112633,0.6447290947090036
0.1,1,T1ax+T2ax+T2cor,1101,3,Cerebellar degeneration,27,318,12412,0.8441222478426331,0.18475042223168797
0.1,1,T1ax+T2ax+T2cor,1101,3,Mega cisterna magna,28,225,12412,0.8105536865330086,0.11955741710510367
0.1,1,T1ax+T2ax+T2cor,1101,3,Structure of cave of septum pellucidum,29,238,12412,0.708723509117792,0.07925428744427168
0.1,1,T1ax+T2ax+T2cor,1101,3,Hyperostosis of skull,30,55,12412,0.9303979341852612,0.17786281369172274
0.1,1,T1ax+T2ax+T2cor,1101,3,Choroid plexus cyst,32,57,12412,0.6200501253132831,0.008203066933433761
0.1,1,T1ax+T2ax+T2cor,1101,3,Lipoma of brain,34,34,12412,0.6225561480045241,0.004063708293156705
0.1,1,T1ax+T2ax+T2cor,1101,3,Glioma,35,35,12412,0.7852883805214742,0.03847128407163657
0.1,1,T1ax+T2ax+T2cor,1101,3,Pituitary adenoma,36,57,12412,0.703942575986709,0.015204471286850716
0.1,1,T1ax+T2ax+FLAIRax,1110,3,Cerebral infarction,0,339,12412,0.8433880716301301,0.1930105759865179
0.1,1,T1ax+T2ax+FLAIRax,1110,3,Cerebral hemorrhage,1,92,12412,0.7464426877470355,0.07258379280196199
0.1,1,T1ax+T2ax+FLAIRax,1110,3,Metastatic malignant neoplasm to brain,2,50,12412,0.8169810710241061,0.041828906320928616
0.1,1,T1ax+T2ax+FLAIRax,1110,3,Intracranial meningioma,3,148,12412,0.6940721910756158,0.02902818537322487
0.1,1,T1ax+T2ax+FLAIRax,1110,3,Demyelinating disease of central nervous system,4,294,12412,0.8180384383494279,0.25821195334902053
0.1,1,T1ax+T2ax+FLAIRax,1110,3,Herniation of nucleus pulposus,5,29,12412,0.6888114127544158,0.0070227740540516285
0.1,1,T1ax+T2ax+FLAIRax,1110,3,Spinal cord compression,6,22,12412,0.5623193190989801,0.0058738300730579625
0.1,1,T1ax+T2ax+FLAIRax,1110,3,Lacunar infarct,7,189,12412,0.8711709687738485,0.13401040495474273
0.1,1,T1ax+T2ax+FLAIRax,1110,3,Silent micro-hemorrhage of brain,8,78,12412,0.8543633816051523,0.06912350317387925
0.1,1,T1ax+T2ax+FLAIRax,1110,3,Cavernous hemangioma,9,67,12412,0.6528330401455661,0.012383462500025309
0.1,1,T1ax+T2ax+FLAIRax,1110,3,Subdural intracranial hemorrhage,10,26,12412,0.7560738550969457,0.13114575294468447
0.1,1,T1ax+T2ax+FLAIRax,1110,3,Gliosis,11,3854,12412,0.804031873599031,0.6521428082458232
0.1,1,T1ax+T2ax+FLAIRax,1110,3,Cerebral atrophy,12,2012,12412,0.950004062165469,0.8182044951652748
0.1,1,T1ax+T2ax+FLAIRax,1110,3,Encephalomalacia,13,248,12412,0.8079526047246767,0.16665495147816578
0.1,1,T1ax+T2ax+FLAIRax,1110,3,Arachnoid cyst,14,572,12412,0.6954851841570592,0.12282492577918465
0.1,1,T1ax+T2ax+FLAIRax,1110,3,Empty sella syndrome,15,670,12412,0.7859621158387927,0.16728984983282974
0.1,1,T1ax+T2ax+FLAIRax,1110,3,Intracranial aneurysm,16,32,12412,0.6389514337641358,0.005181381238953267
0.1,1,T1ax+T2ax+FLAIRax,1110,3,Chiari malformation,17,62,12412,0.8436371947237822,0.0404142669395785
0.1,1,T1ax+T2ax+FLAIRax,1110,3,Cyst of pineal gland,19,244,12412,0.694002880438883,0.04366332354180465
0.1,1,T1ax+T2ax+FLAIRax,1110,3,Rathke's pouch cyst,21,47,12412,0.7858815634383254,0.01187773985281245
0.1,1,T1ax+T2ax+FLAIRax,1110,3,Cerebral edema,22,187,12412,0.8518250713559268,0.34462478438474975
0.1,1,T1ax+T2ax+FLAIRax,1110,3,Spinal stenosis,23,26,12412,0.7819777913028357,0.007536270976021358
0.1,1,T1ax+T2ax+FLAIRax,1110,3,Mastoiditis,24,281,12412,0.7487528642685088,0.07406290562236839
0.1,1,T1ax+T2ax+FLAIRax,1110,3,Chronic mastoiditis,25,360,12412,0.7676529022384482,0.1050319385583719
0.1,1,T1ax+T2ax+FLAIRax,1110,3,Ventriculomegaly,26,1204,12412,0.9206915118768986,0.6407151841339465
0.1,1,T1ax+T2ax+FLAIRax,1110,3,Cerebellar degeneration,27,318,12412,0.857085690393802,0.1861696092337777
0.1,1,T1ax+T2ax+FLAIRax,1110,3,Mega cisterna magna,28,225,12412,0.8167920279350491,0.11289596872816328
0.1,1,T1ax+T2ax+FLAIRax,1110,3,Structure of cave of septum pellucidum,29,238,12412,0.7274978498052745,0.07481321803967297
0.1,1,T1ax+T2ax+FLAIRax,1110,3,Hyperostosis of skull,30,55,12412,0.9176469722718812,0.14318897114200008
0.1,1,T1ax+T2ax+FLAIRax,1110,3,Choroid plexus cyst,32,57,12412,0.6299303499542055,0.01246118501897525
0.1,1,T1ax+T2ax+FLAIRax,1110,3,Lipoma of brain,34,34,12412,0.6736667522074269,0.0045424265163084435
0.1,1,T1ax+T2ax+FLAIRax,1110,3,Glioma,35,35,12412,0.8131603550364155,0.03159947888589504
0.1,1,T1ax+T2ax+FLAIRax,1110,3,Pituitary adenoma,36,57,12412,0.6876411993155693,0.011503875652422117
0.1,1,T1ax+T2ax+FLAIRax+T2cor,1111,4,Cerebral infarction,0,339,12412,0.8482708557357687,0.19342376103886122
0.1,1,T1ax+T2ax+FLAIRax+T2cor,1111,4,Cerebral hemorrhage,1,92,12412,0.7322954898362507,0.06909675447043434
0.1,1,T1ax+T2ax+FLAIRax+T2cor,1111,4,Metastatic malignant neoplasm to brain,2,50,12412,0.8100889823653131,0.053302392324390435
0.1,1,T1ax+T2ax+FLAIRax+T2cor,1111,4,Intracranial meningioma,3,148,12412,0.6886729562243261,0.029608612722957797
0.1,1,T1ax+T2ax+FLAIRax+T2cor,1111,4,Demyelinating disease of central nervous system,4,294,12412,0.8124322843512715,0.2872432125053684
0.1,1,T1ax+T2ax+FLAIRax+T2cor,1111,4,Herniation of nucleus pulposus,5,29,12412,0.6541727117544353,0.004975522645354287
0.1,1,T1ax+T2ax+FLAIRax+T2cor,1111,4,Spinal cord compression,6,22,12412,0.5749174554259301,0.004190399935152802
0.1,1,T1ax+T2ax+FLAIRax+T2cor,1111,4,Lacunar infarct,7,189,12412,0.8589838655289037,0.1399864970849134
0.1,1,T1ax+T2ax+FLAIRax+T2cor,1111,4,Silent micro-hemorrhage of brain,8,78,12412,0.8633868023765867,0.0950740230033553
0.1,1,T1ax+T2ax+FLAIRax+T2cor,1111,4,Cavernous hemangioma,9,67,12412,0.5997860031555466,0.008975525214163851
0.1,1,T1ax+T2ax+FLAIRax+T2cor,1111,4,Subdural intracranial hemorrhage,10,26,12412,0.7429107304773379,0.12614149512665143
0.1,1,T1ax+T2ax+FLAIRax+T2cor,1111,4,Gliosis,11,3854,12412,0.8064537010075515,0.6531281761789758
0.1,1,T1ax+T2ax+FLAIRax+T2cor,1111,4,Cerebral atrophy,12,2012,12412,0.9506408902355099,0.8200363096143104
0.1,1,T1ax+T2ax+FLAIRax+T2cor,1111,4,Encephalomalacia,13,248,12412,0.8084952556989954,0.16806348445447947
0.1,1,T1ax+T2ax+FLAIRax+T2cor,1111,4,Arachnoid cyst,14,572,12412,0.7045977249102249,0.14363858614597502
0.1,1,T1ax+T2ax+FLAIRax+T2cor,1111,4,Empty sella syndrome,15,670,12412,0.7753428819113426,0.16803437618539258
0.1,1,T1ax+T2ax+FLAIRax+T2cor,1111,4,Intracranial aneurysm,16,32,12412,0.5974808158319871,0.004827830351547713
0.1,1,T1ax+T2ax+FLAIRax+T2cor,1111,4,Chiari malformation,17,62,12412,0.8438500718296984,0.0449330583611068
0.1,1,T1ax+T2ax+FLAIRax+T2cor,1111,4,Cyst of pineal gland,19,244,12412,0.7093942994794191,0.045417320467391956
0.1,1,T1ax+T2ax+FLAIRax+T2cor,1111,4,Rathke's pouch cyst,21,47,12412,0.7497483459662224,0.01036682145639127
0.1,1,T1ax+T2ax+FLAIRax+T2cor,1111,4,Cerebral edema,22,187,12412,0.8518390691469003,0.3604561833152955
0.1,1,T1ax+T2ax+FLAIRax+T2cor,1111,4,Spinal stenosis,23,26,12412,0.7344303121390154,0.005782063065915889
0.1,1,T1ax+T2ax+FLAIRax+T2cor,1111,4,Mastoiditis,24,281,12412,0.766606303488225,0.08589287437197218
0.1,1,T1ax+T2ax+FLAIRax+T2cor,1111,4,Chronic mastoiditis,25,360,12412,0.7824630305712285,0.10655724684035793
0.1,1,T1ax+T2ax+FLAIRax+T2cor,1111,4,Ventriculomegaly,26,1204,12412,0.9218864491665896,0.6462874318975055
0.1,1,T1ax+T2ax+FLAIRax+T2cor,1111,4,Cerebellar degeneration,27,318,12412,0.8469249786525466,0.17330383898179402
0.1,1,T1ax+T2ax+FLAIRax+T2cor,1111,4,Mega cisterna magna,28,225,12412,0.8236448674817427,0.1267689618135817
0.1,1,T1ax+T2ax+FLAIRax+T2cor,1111,4,Structure of cave of septum pellucidum,29,238,12412,0.7247333137296319,0.09761679519476063
0.1,1,T1ax+T2ax+FLAIRax+T2cor,1111,4,Hyperostosis of skull,30,55,12412,0.922262685117747,0.1751751550306481
0.1,1,T1ax+T2ax+FLAIRax+T2cor,1111,4,Choroid plexus cyst,32,57,12412,0.615882482409991,0.00911282054845981
0.1,1,T1ax+T2ax+FLAIRax+T2cor,1111,4,Lipoma of brain,34,34,12412,0.6309035005179968,0.004062507328904326
0.1,1,T1ax+T2ax+FLAIRax+T2cor,1111,4,Glioma,35,35,12412,0.8066736689019957,0.046008883372172585
0.1,1,T1ax+T2ax+FLAIRax+T2cor,1111,4,Pituitary adenoma,36,57,12412,0.67588092043139,0.012349609143034967
0.1,2,T2cor,0001,1,Cerebral infarction,0,339,12412,0.8126290239782717,0.15085208891481314
0.1,2,T2cor,0001,1,Cerebral hemorrhage,1,92,12412,0.7042993012422359,0.034408510129447394
0.1,2,T2cor,0001,1,Metastatic malignant neoplasm to brain,2,50,12412,0.7242857142857143,0.028473410461886804
0.1,2,T2cor,0001,1,Intracranial meningioma,3,148,12412,0.6649229341866328,0.023372618768627097
0.1,2,T2cor,0001,1,Demyelinating disease of central nervous system,4,294,12412,0.7795891421430761,0.18568710276227127
0.1,2,T2cor,0001,1,Herniation of nucleus pulposus,5,29,12412,0.551047459392326,0.00402089082207107
0.1,2,T2cor,0001,1,Spinal cord compression,6,22,12412,0.5773827867048207,0.003677357795528101
0.1,2,T2cor,0001,1,Lacunar infarct,7,189,12412,0.816417743113317,0.10459609960744763
0.1,2,T2cor,0001,1,Silent micro-hemorrhage of brain,8,78,12412,0.8330817876788364,0.054150100527172076
0.1,2,T2cor,0001,1,Cavernous hemangioma,9,67,12412,0.5991029058837042,0.009756236645326724
0.1,2,T2cor,0001,1,Subdural intracranial hemorrhage,10,26,12412,0.8123936454309456,0.12243545429770408
0.1,2,T2cor,0001,1,Gliosis,11,3854,12412,0.797739345784611,0.6385782666721985
0.1,2,T2cor,0001,1,Cerebral atrophy,12,2012,12412,0.9471998537620433,0.8161952669577724
0.1,2,T2cor,0001,1,Encephalomalacia,13,248,12412,0.7898488798251847,0.13258592279590453
0.1,2,T2cor,0001,1,Arachnoid cyst,14,572,12412,0.674507122944623,0.1196726116798798
0.1,2,T2cor,0001,1,Empty sella syndrome,15,670,12412,0.7607265156079592,0.16545009628926505
0.1,2,T2cor,0001,1,Intracranial aneurysm,16,32,12412,0.5120961227786753,0.0026978947774084962
0.1,2,T2cor,0001,1,Chiari malformation,17,62,12412,0.8156445082930652,0.03542711203189784
0.1,2,T2cor,0001,1,Cyst of pineal gland,19,244,12412,0.7317806851618327,0.047273200197047685
0.1,2,T2cor,0001,1,Rathke's pouch cyst,21,47,12412,0.6826578107389595,0.010456097885705923
0.1,2,T2cor,0001,1,Cerebral edema,22,187,12412,0.8269496845029144,0.2557712201146381
0.1,2,T2cor,0001,1,Spinal stenosis,23,26,12412,0.7515836738749705,0.006496731957691013
0.1,2,T2cor,0001,1,Mastoiditis,24,281,12412,0.6959080453565774,0.07181200413206654
0.1,2,T2cor,0001,1,Chronic mastoiditis,25,360,12412,0.745831028506103,0.08988818906381574
0.1,2,T2cor,0001,1,Ventriculomegaly,26,1204,12412,0.9094244944878007,0.6132218507970266
0.1,2,T2cor,0001,1,Cerebellar degeneration,27,318,12412,0.8490625841807311,0.1831788210402361
0.1,2,T2cor,0001,1,Mega cisterna magna,28,225,12412,0.794829463089084,0.1057274780666265
0.1,2,T2cor,0001,1,Structure of cave of septum pellucidum,29,238,12412,0.6892497511572395,0.05082995013286205
0.1,2,T2cor,0001,1,Hyperostosis of skull,30,55,12412,0.8917698470502549,0.08001553831609173
0.1,2,T2cor,0001,1,Choroid plexus cyst,32,57,12412,0.5381229277158902,0.005526605699852364
0.1,2,T2cor,0001,1,Lipoma of brain,34,34,12412,0.5472066189539315,0.003291563694146409
0.1,2,T2cor,0001,1,Glioma,35,35,12412,0.8534747630974504,0.09933095390069278
0.1,2,T2cor,0001,1,Pituitary adenoma,36,57,12412,0.6806577349890306,0.009359760742699542
0.1,2,FLAIRax,0010,1,Cerebral infarction,0,339,12412,0.8395104803692972,0.14994305642106032
0.1,2,FLAIRax,0010,1,Cerebral hemorrhage,1,92,12412,0.7076086956521739,0.05079579951649579
0.1,2,FLAIRax,0010,1,Metastatic malignant neoplasm to brain,2,50,12412,0.8243374858437147,0.06099528388950897
0.1,2,FLAIRax,0010,1,Intracranial meningioma,3,148,12412,0.6815051964880732,0.025916940919486244
0.1,2,FLAIRax,0010,1,Demyelinating disease of central nervous system,4,294,12412,0.8143479705795504,0.26149642509020626
0.1,2,FLAIRax,0010,1,Herniation of nucleus pulposus,5,29,12412,0.7113868568421111,0.00595486708900137
0.1,2,FLAIRax,0010,1,Spinal cord compression,6,22,12412,0.5175544794188862,0.004591796086361566
0.1,2,FLAIRax,0010,1,Lacunar infarct,7,189,12412,0.8497312075811625,0.10175332107885621
0.1,2,FLAIRax,0010,1,Silent micro-hemorrhage of brain,8,78,12412,0.823891016286022,0.06006165512243066
0.1,2,FLAIRax,0010,1,Cavernous hemangioma,9,67,12412,0.5206918022282271,0.0063197333980333035
0.1,2,FLAIRax,0010,1,Subdural intracranial hemorrhage,10,26,12412,0.8733029847594679,0.19463153836298566
0.1,2,FLAIRax,0010,1,Gliosis,11,3854,12412,0.8035640502069397,0.6556682177007357
0.1,2,FLAIRax,0010,1,Cerebral atrophy,12,2012,12412,0.9442482604373756,0.8053965310282853
0.1,2,FLAIRax,0010,1,Encephalomalacia,13,248,12412,0.805065648502721,0.15333508760917564
0.1,2,FLAIRax,0010,1,Arachnoid cyst,14,572,12412,0.6883163922226422,0.13278315695062357
0.1,2,FLAIRax,0010,1,Empty sella syndrome,15,670,12412,0.762350612802111,0.16588944988948445
0.1,2,FLAIRax,0010,1,Intracranial aneurysm,16,32,12412,0.5521052100161551,0.0030723368579315537
0.1,2,FLAIRax,0010,1,Chiari malformation,17,62,12412,0.8562413477863394,0.042093136930802987
0.1,2,FLAIRax,0010,1,Cyst of pineal gland,19,244,12412,0.6657933062803807,0.04372152512331112
0.1,2,FLAIRax,0010,1,Rathke's pouch cyst,21,47,12412,0.6655298500400065,0.008591464213836848
0.1,2,FLAIRax,0010,1,Cerebral edema,22,187,12412,0.8550082565095196,0.3352568733942974
0.1,2,FLAIRax,0010,1,Spinal stenosis,23,26,12412,0.6900222335391074,0.004844783400022956
0.1,2,FLAIRax,0010,1,Mastoiditis,24,281,12412,0.7010906442158278,0.0709224550790697
0.1,2,FLAIRax,0010,1,Chronic mastoiditis,25,360,12412,0.7559353910830845,0.09061446090381617
0.1,2,FLAIRax,0010,1,Ventriculomegaly,26,1204,12412,0.9147555821541804,0.6283832208772463
0.1,2,FLAIRax,0010,1,Cerebellar degeneration,27,318,12412,0.8482913716765839,0.19233735113059766
0.1,2,FLAIRax,0010,1,Mega cisterna magna,28,225,12412,0.7869157481104637,0.10475849766433433
0.1,2,FLAIRax,0010,1,Structure of cave of septum pellucidum,29,238,12412,0.690578350610821,0.07003340273983596
0.1,2,FLAIRax,0010,1,Hyperostosis of skull,30,55,12412,0.8900527489019842,0.06287183097571308
0.1,2,FLAIRax,0010,1,Choroid plexus cyst,32,57,12412,0.6323514167855901,0.007798735217959114
0.1,2,FLAIRax,0010,1,Lipoma of brain,34,34,12412,0.5693640519707641,0.0033141247801207587
0.1,2,FLAIRax,0010,1,Glioma,35,35,12412,0.815055575433696,0.03696165504604549
0.1,2,FLAIRax,0010,1,Pituitary adenoma,36,57,12412,0.6891080392198627,0.013795510899795957
0.1,2,T2ax,0100,1,Cerebral infarction,0,339,12412,0.8229998091746203,0.16624770743291775
0.1,2,T2ax,0100,1,Cerebral hemorrhage,1,92,12412,0.7789490400903445,0.048183098554792754
0.1,2,T2ax,0100,1,Metastatic malignant neoplasm to brain,2,50,12412,0.747681604918298,0.020838394452971178
0.1,2,T2ax,0100,1,Intracranial meningioma,3,148,12412,0.6476205902575766,0.03266371197681972
0.1,2,T2ax,0100,1,Demyelinating disease of central nervous system,4,294,12412,0.8036608272620815,0.20454476389496062
0.1,2,T2ax,0100,1,Herniation of nucleus pulposus,5,29,12412,0.6122158576691626,0.02094772004762148
0.1,2,T2ax,0100,1,Spinal cord compression,6,22,12412,0.6866314476483968,0.029972754841296374
0.1,2,T2ax,0100,1,Lacunar infarct,7,189,12412,0.8350659070613256,0.10994493970192765
0.1,2,T2ax,0100,1,Silent micro-hemorrhage of brain,8,78,12412,0.8482961419964825,0.054654807188818384
0.1,2,T2ax,0100,1,Cavernous hemangioma,9,67,12412,0.6109803352617229,0.012137812641121092
0.1,2,T2ax,0100,1,Subdural intracranial hemorrhage,10,26,12412,0.7564247475437529,0.05206198873391242
0.1,2,T2ax,0100,1,Gliosis,11,3854,12412,0.8007469832819384,0.6470035307664773
0.1,2,T2ax,0100,1,Cerebral atrophy,12,2012,12412,0.948532698042514,0.8103497617709023
0.1,2,T2ax,0100,1,Encephalomalacia,13,248,12412,0.7827410470876516,0.13778668989199783
0.1,2,T2ax,0100,1,Arachnoid cyst,14,572,12412,0.6935853631166131,0.13898592421514305
0.1,2,T2ax,0100,1,Empty sella syndrome,15,670,12412,0.773097974613392,0.17604136273592888
0.1,2,T2ax,0100,1,Intracranial aneurysm,16,32,12412,0.6071284329563813,0.003929043047042177
0.1,2,T2ax,0100,1,Chiari malformation,17,62,12412,0.8508384484785164,0.09578434786384617
0.1,2,T2ax,0100,1,Cyst of pineal gland,19,244,12412,0.6828792398228085,0.044612841059229344
0.1,2,T2ax,0100,1,Rathke's pouch cyst,21,47,12412,0.6969035799399471,0.00678316167104992
0.1,2,T2ax,0100,1,Cerebral edema,22,187,12412,0.8548726529094629,0.30780414414717705
0.1,2,T2ax,0100,1,Spinal stenosis,23,26,12412,0.8302891602181123,0.012079221889832745
0.1,2,T2ax,0100,1,Mastoiditis,24,281,12412,0.7686941282458898,0.08500215842294122
0.1,2,T2ax,0100,1,Chronic mastoiditis,25,360,12412,0.7550571366670353,0.0879686900636068
0.1,2,T2ax,0100,1,Ventriculomegaly,26,1204,12412,0.9158700418068726,0.6273162197710532
0.1,2,T2ax,0100,1,Cerebellar degeneration,27,318,12412,0.8463529397081353,0.19516649896674
0.1,2,T2ax,0100,1,Mega cisterna magna,28,225,12412,0.8082627207497971,0.12065801929273136
0.1,2,T2ax,0100,1,Structure of cave of septum pellucidum,29,238,12412,0.6880126126349997,0.06586758157999684
0.1,2,T2ax,0100,1,Hyperostosis of skull,30,55,12412,0.9074679791358596,0.09879997798342485
0.1,2,T2ax,0100,1,Choroid plexus cyst,32,57,12412,0.6012013035421415,0.0068008904773913005
0.1,2,T2ax,0100,1,Lipoma of brain,34,34,12412,0.6427508958018495,0.006419265308749539
0.1,2,T2ax,0100,1,Glioma,35,35,12412,0.6934059719064163,0.033959677834565695
0.1,2,T2ax,0100,1,Pituitary adenoma,36,57,12412,0.779817816495914,0.015918019098070495
0.1,2,T1ax,1000,1,Cerebral infarction,0,339,12412,0.8151368750621525,0.1626803692139416
0.1,2,T1ax,1000,1,Cerebral hemorrhage,1,92,12412,0.7486104249011858,0.04166196737549136
0.1,2,T1ax,1000,1,Metastatic malignant neoplasm to brain,2,50,12412,0.7050169875424687,0.020300947900227437
0.1,2,T1ax,1000,1,Intracranial meningioma,3,148,12412,0.7177450811868621,0.036616098113942445
0.1,2,T1ax,1000,1,Demyelinating disease of central nervous system,4,294,12412,0.7123498186203017,0.10497725746079148
0.1,2,T1ax,1000,1,Herniation of nucleus pulposus,5,29,12412,0.6189547962028031,0.003345569919817958
0.1,2,T1ax,1000,1,Spinal cord compression,6,22,12412,0.6320016142050041,0.0031466885258962965
0.1,2,T1ax,1000,1,Lacunar infarct,7,189,12412,0.8379020902133067,0.1272630986081762
0.1,2,T1ax,1000,1,Silent micro-hemorrhage of brain,8,78,12412,0.8099915597077912,0.035512564200749754
0.1,2,T1ax,1000,1,Cavernous hemangioma,9,67,12412,0.6212594379258023,0.009160888630487092
0.1,2,T1ax,1000,1,Subdural intracranial hemorrhage,10,26,12412,0.9212417245276925,0.07100039407871181
0.1,2,T1ax,1000,1,Gliosis,11,3854,12412,0.7856167925494623,0.6265448635267719
0.1,2,T1ax,1000,1,Cerebral atrophy,12,2012,12412,0.9451502523321611,0.8102893770249688
0.1,2,T1ax,1000,1,Encephalomalacia,13,248,12412,0.7948941747727296,0.15224424922111912
0.1,2,T1ax,1000,1,Arachnoid cyst,14,572,12412,0.6430558672746173,0.09338579244356862
0.1,2,T1ax,1000,1,Empty sella syndrome,15,670,12412,0.7653975904839625,0.15350114861601555
0.1,2,T1ax,1000,1,Intracranial aneurysm,16,32,12412,0.5051696284329564,0.003997627478050611
0.1,2,T1ax,1000,1,Chiari malformation,17,62,12412,0.8013216664490009,0.05577725610443668
0.1,2,T1ax,1000,1,Cyst of pineal gland,19,244,12412,0.6816006914131125,0.037476280523830695
0.1,2,T1ax,1000,1,Rathke's pouch cyst,21,47,12412,0.7568583252316508,0.009128488161116223
0.1,2,T1ax,1000,1,Cerebral edema,22,187,12412,0.8227647824327723,0.2990748302017417
0.1,2,T1ax,1000,1,Spinal stenosis,23,26,12412,0.7478356457042069,0.010255348116615381
0.1,2,T1ax,1000,1,Mastoiditis,24,281,12412,0.6952133749861755,0.058207341471579035
0.1,2,T1ax,1000,1,Chronic mastoiditis,25,360,12412,0.745199966810488,0.09145514106106142
0.1,2,T1ax,1000,1,Ventriculomegaly,26,1204,12412,0.9101713951354158,0.6210047922609747
0.1,2,T1ax,1000,1,Cerebellar degeneration,27,318,12412,0.8620200463247536,0.17855480492021344
0.1,2,T1ax,1000,1,Mega cisterna magna,28,225,12412,0.7556884840859568,0.06868213830850639
0.1,2,T1ax,1000,1,Structure of cave of septum pellucidum,29,238,12412,0.6621336558280285,0.046690425902288175
0.1,2,T1ax,1000,1,Hyperostosis of skull,30,55,12412,0.8876705878890875,0.08032266865927452
0.1,2,T1ax,1000,1,Choroid plexus cyst,32,57,12412,0.65480272920261,0.01078786822151966
0.1,2,T1ax,1000,1,Lipoma of brain,34,34,12412,0.6709342001463697,0.0046517487261943284
0.1,2,T1ax,1000,1,Glioma,35,35,12412,0.8009441475547963,0.022088728751574038
0.1,2,T1ax,1000,1,Pituitary adenoma,36,57,12412,0.749294624663642,0.017345038431924392
0.1,2,FLAIRax+T2cor,0011,2,Cerebral infarction,0,339,12412,0.8424520254977891,0.1605129568825521
0.1,2,FLAIRax+T2cor,0011,2,Cerebral hemorrhage,1,92,12412,0.742678924336533,0.046341192033561886
0.1,2,FLAIRax+T2cor,0011,2,Metastatic malignant neoplasm to brain,2,50,12412,0.7881184274389257,0.04631502978577983
0.1,2,FLAIRax+T2cor,0011,2,Intracranial meningioma,3,148,12412,0.6675079556072707,0.0291787329157741
0.1,2,FLAIRax+T2cor,0011,2,Demyelinating disease of central nervous system,4,294,12412,0.8133534978606065,0.28843891478645645
0.1,2,FLAIRax+T2cor,0011,2,Herniation of nucleus pulposus,5,29,12412,0.6404052274113287,0.004898236259091781
0.1,2,FLAIRax+T2cor,0011,2,Spinal cord compression,6,22,12412,0.5437816420867269,0.0022112884502324716
0.1,2,FLAIRax+T2cor,0011,2,Lacunar infarct,7,189,12412,0.8433446010145673,0.11305039926952044
0.1,2,FLAIRax+T2cor,0011,2,Silent micro-hemorrhage of brain,8,78,12412,0.8606120043407216,0.10136138131553493
0.1,2,FLAIRax+T2cor,0011,2,Cavernous hemangioma,9,67,12412,0.5199821064785428,0.006398366870803747
0.1,2,FLAIRax+T2cor,0011,2,Subdural intracranial hemorrhage,10,26,12412,0.894160901265697,0.29903610657054436
0.1,2,FLAIRax+T2cor,0011,2,Gliosis,11,3854,12412,0.8041940048750654,0.6517780012494843
0.1,2,FLAIRax+T2cor,0011,2,Cerebral atrophy,12,2012,12412,0.9477974221975837,0.8153534932683875
0.1,2,FLAIRax+T2cor,0011,2,Encephalomalacia,13,248,12412,0.7963487578364503,0.16226989730371033
0.1,2,FLAIRax+T2cor,0011,2,Arachnoid cyst,14,572,12412,0.6877603182290681,0.13006925843390402
0.1,2,FLAIRax+T2cor,0011,2,Empty sella syndrome,15,670,12412,0.7672659950121646,0.16670120683575018
0.1,2,FLAIRax+T2cor,0011,2,Intracranial aneurysm,16,32,12412,0.5180204967689823,0.0040686139244543226
0.1,2,FLAIRax+T2cor,0011,2,Chiari malformation,17,62,12412,0.8420099255583127,0.04819541839158916
0.1,2,FLAIRax+T2cor,0011,2,Cyst of pineal gland,19,244,12412,0.706643197421886,0.0392089387084085
0.1,2,FLAIRax+T2cor,0011,2,Rathke's pouch cyst,21,47,12412,0.6609579200041298,0.007638608638554305
0.1,2,FLAIRax+T2cor,0011,2,Cerebral edema,22,187,12412,0.8470260162068173,0.353498849635185
0.1,2,FLAIRax+T2cor,0011,2,Spinal stenosis,23,26,12412,0.6870877790060739,0.004924612437085612
0.1,2,FLAIRax+T2cor,0011,2,Mastoiditis,24,281,12412,0.7147600732337464,0.06685145692971059
0.1,2,FLAIRax+T2cor,0011,2,Chronic mastoiditis,25,360,12412,0.7631755448611572,0.0976883260348185
0.1,2,FLAIRax+T2cor,0011,2,Ventriculomegaly,26,1204,12412,0.9107428901046002,0.6296631848509361
0.1,2,FLAIRax+T2cor,0011,2,Cerebellar degeneration,27,318,12412,0.8588961936528638,0.18378204876604182
0.1,2,FLAIRax+T2cor,0011,2,Mega cisterna magna,28,225,12412,0.804355825424177,0.10733017760934661
0.1,2,FLAIRax+T2cor,0011,2,Structure of cave of septum pellucidum,29,238,12412,0.7359823180134547,0.0885838498163089
0.1,2,FLAIRax+T2cor,0011,2,Hyperostosis of skull,30,55,12412,0.9212341918824075,0.09611800829723466
0.1,2,FLAIRax+T2cor,0011,2,Choroid plexus cyst,32,57,12412,0.5911095017998254,0.006988467690190344
0.1,2,FLAIRax+T2cor,0011,2,Lipoma of brain,34,34,12412,0.5421098153270034,0.002941724931356332
0.1,2,FLAIRax+T2cor,0011,2,Glioma,35,35,12412,0.9033853114648138,0.08293824839987228
0.1,2,FLAIRax+T2cor,0011,2,Pituitary adenoma,36,57,12412,0.639373220586878,0.011295955677505878
0.1,2,T2ax+T2cor,0101,2,Cerebral infarction,0,339,12412,0.8308436851825927,0.1746361148175823
0.1,2,T2ax+T2cor,0101,2,Cerebral hemorrhage,1,92,12412,0.7323801877470356,0.06302075331026487
0.1,2,T2ax+T2cor,0101,2,Metastatic malignant neoplasm to brain,2,50,12412,0.7497654101278111,0.0273000185500493
0.1,2,T2ax+T2cor,0101,2,Intracranial meningioma,3,148,12412,0.6654915066730135,0.02304821832159049
0.1,2,T2ax+T2cor,0101,2,Demyelinating disease of central nervous system,4,294,12412,0.8021272958762643,0.2475912721203138
0.1,2,T2ax+T2cor,0101,2,Herniation of nucleus pulposus,5,29,12412,0.5440718226044049,0.0031427643389101865
0.1,2,T2ax+T2cor,0101,2,Spinal cord compression,6,22,12412,0.6573262895296794,0.003718958516717336
0.1,2,T2ax+T2cor,0101,2,Lacunar infarct,7,189,12412,0.844037197632878,0.11977426908413004
0.1,2,T2ax+T2cor,0101,2,Silent micro-hemorrhage of brain,8,78,12412,0.8371699242868368,0.06528454270953726
0.1,2,T2ax+T2cor,0101,2,Cavernous hemangioma,9,67,12412,0.5671823144302788,0.013250939281577504
0.1,2,T2ax+T2cor,0101,2,Subdural intracranial hemorrhage,10,26,12412,0.774584207976748,0.13032921434684594
0.1,2,T2ax+T2cor,0101,2,Gliosis,11,3854,12412,0.8051910629541722,0.6535475698465971
0.1,2,T2ax+T2cor,0101,2,Cerebral atrophy,12,2012,12412,0.9502790468726104,0.8227123104896208
0.1,2,T2ax+T2cor,0101,2,Encephalomalacia,13,248,12412,0.8173028091884036,0.14843661696816252
0.1,2,T2ax+T2cor,0101,2,Arachnoid cyst,14,572,12412,0.6987297120109619,0.14606982869017657
0.1,2,T2ax+T2cor,0101,2,Empty sella syndrome,15,670,12412,0.7722910740116485,0.18241898604610818
0.1,2,T2ax+T2cor,0101,2,Intracranial aneurysm,16,32,12412,0.5395572495961228,0.0030515732529182147
0.1,2,T2ax+T2cor,0101,2,Chiari malformation,17,62,12412,0.8326825127334466,0.05633301088390302
0.1,2,T2ax+T2cor,0101,2,Cyst of pineal gland,19,244,12412,0.7124808689279056,0.04137147195134737
0.1,2,T2ax+T2cor,0101,2,Rathke's pouch cyst,21,47,12412,0.7134482194939388,0.008635579688589957
0.1,2,T2ax+T2cor,0101,2,Cerebral edema,22,187,12412,0.8297501175595727,0.31923538802608376
0.1,2,T2ax+T2cor,0101,2,Spinal stenosis,23,26,12412,0.8066831037523754,0.00863957162947937
0.1,2,T2ax+T2cor,0101,2,Mastoiditis,24,281,12412,0.7561475247527657,0.09419727673894004
0.1,2,T2ax+T2cor,0101,2,Chronic mastoiditis,25,360,12412,0.770706567835675,0.09951148147936272
0.1,2,T2ax+T2cor,0101,2,Ventriculomegaly,26,1204,12412,0.9164668805622943,0.6353716822542882
0.1,2,T2ax+T2cor,0101,2,Cerebellar degeneration,27,318,12412,0.8444454498462255,0.19680532770605275
0.1,2,T2ax+T2cor,0101,2,Mega cisterna magna,28,225,12412,0.8097068825615639,0.10949902192962505
0.1,2,T2ax+T2cor,0101,2,Structure of cave of septum pellucidum,29,238,12412,0.7087965052950702,0.07783001692929638
0.1,2,T2ax+T2cor,0101,2,Hyperostosis of skull,30,55,12412,0.9160931970837287,0.10830994916238912
0.1,2,T2ax+T2cor,0101,2,Choroid plexus cyst,32,57,12412,0.5462565762849049,0.005769096613079292
0.1,2,T2ax+T2cor,0101,2,Lipoma of brain,34,34,12412,0.6266074534515697,0.004243530522858216
0.1,2,T2ax+T2cor,0101,2,Glioma,35,35,12412,0.7751266750539596,0.04881100315605435
0.1,2,T2ax+T2cor,0101,2,Pituitary adenoma,36,57,12412,0.705626672914581,0.02121490835908592
0.1,2,T2ax+FLAIRax,0110,2,Cerebral infarction,0,339,12412,0.8540789352481354,0.16817468981198222
0.1,2,T2ax+FLAIRax,0110,2,Cerebral hemorrhage,1,92,12412,0.7699428289102203,0.06918324092029815
0.1,2,T2ax+FLAIRax,0110,2,Metastatic malignant neoplasm to brain,2,50,12412,0.8280860702151754,0.0375332199138842
0.1,2,T2ax+FLAIRax,0110,2,Intracranial meningioma,3,148,12412,0.6865771715942949,0.03936624273767976
0.1,2,T2ax+FLAIRax,0110,2,Demyelinating disease of central nervous system,4,294,12412,0.8226576981675654,0.26151412498601423
0.1,2,T2ax+FLAIRax,0110,2,Herniation of nucleus pulposus,5,29,12412,0.6499901143670271,0.0057833905167806125
0.1,2,T2ax+FLAIRax,0110,2,Spinal cord compression,6,22,12412,0.5284320199574436,0.00910678594585819
0.1,2,T2ax+FLAIRax,0110,2,Lacunar infarct,7,189,12412,0.8487494518747075,0.13014547368047258
0.1,2,T2ax+FLAIRax,0110,2,Silent micro-hemorrhage of brain,8,78,12412,0.8470009937092798,0.06959973516653525
0.1,2,T2ax+FLAIRax,0110,2,Cavernous hemangioma,9,67,12412,0.5745138221408148,0.008191852019366511
0.1,2,T2ax+FLAIRax,0110,2,Subdural intracranial hemorrhage,10,26,12412,0.8580779788595064,0.14218922278942722
0.1,2,T2ax+FLAIRax,0110,2,Gliosis,11,3854,12412,0.8083862087968261,0.657659315871385
0.1,2,T2ax+FLAIRax,0110,2,Cerebral atrophy,12,2012,12412,0.9498014317938523,0.8135679975200475
0.1,2,T2ax+FLAIRax,0110,2,Encephalomalacia,13,248,12412,0.7993557138462517,0.16612997669794174
0.1,2,T2ax+FLAIRax,0110,2,Arachnoid cyst,14,572,12412,0.7012252527877527,0.13662622140953928
0.1,2,T2ax+FLAIRax,0110,2,Empty sella syndrome,15,670,12412,0.7758735703190741,0.17140751624815473
0.1,2,T2ax+FLAIRax,0110,2,Intracranial aneurysm,16,32,12412,0.6129897011308563,0.0034770378076469793
0.1,2,T2ax+FLAIRax,0110,2,Chiari malformation,17,62,12412,0.8601554133472639,0.03588164017435835
0.1,2,T2ax+FLAIRax,0110,2,Cyst of pineal gland,19,244,12412,0.6781800018322718,0.04373339791844148
0.1,2,T2ax+FLAIRax,0110,2,Rathke's pouch cyst,21,47,12412,0.7008181982431536,0.00881442355844772
0.1,2,T2ax+FLAIRax,0110,2,Cerebral edema,22,187,12412,0.8551731679844274,0.3326910813125902
0.1,2,T2ax+FLAIRax,0110,2,Spinal stenosis,23,26,12412,0.8136916369598429,0.007413761660604444
0.1,2,T2ax+FLAIRax,0110,2,Mastoiditis,24,281,12412,0.7528566412159547,0.10319534341997473
0.1,2,T2ax+FLAIRax,0110,2,Chronic mastoiditis,25,360,12412,0.7690035309953166,0.10045730564637312
0.1,2,T2ax+FLAIRax,0110,2,Ventriculomegaly,26,1204,12412,0.9148800779462225,0.6310718470011484
0.1,2,T2ax+FLAIRax,0110,2,Cerebellar degeneration,27,318,12412,0.8432766702757125,0.18772670815685866
0.1,2,T2ax+FLAIRax,0110,2,Mega cisterna magna,28,225,12412,0.7942379402459816,0.10596881641537827
0.1,2,T2ax+FLAIRax,0110,2,Structure of cave of septum pellucidum,29,238,12412,0.7228933958995131,0.07175827691893036
0.1,2,T2ax+FLAIRax,0110,2,Hyperostosis of skull,30,55,12412,0.9055860866494515,0.11380875745479548
0.1,2,T2ax+FLAIRax,0110,2,Choroid plexus cyst,32,57,12412,0.6097410665473881,0.007971991540235467
0.1,2,T2ax+FLAIRax,0110,2,Lipoma of brain,34,34,12412,0.6600134964310493,0.004948653125270364
0.1,2,T2ax+FLAIRax,0110,2,Glioma,35,35,12412,0.7880469534505247,0.03911811987883143
0.1,2,T2ax+FLAIRax,0110,2,Pituitary adenoma,36,57,12412,0.73488253210931,0.014814079450434827
0.1,2,T1ax+T2cor,1001,2,Cerebral infarction,0,339,12412,0.8225055201311002,0.16070014132236116
0.1,2,T1ax+T2cor,1001,2,Cerebral hemorrhage,1,92,12412,0.7476611024844722,0.06908758013581816
0.1,2,T1ax+T2cor,1001,2,Metastatic malignant neoplasm to brain,2,50,12412,0.6954198349781588,0.059287824633552096
0.1,2,T1ax+T2cor,1001,2,Intracranial meningioma,3,148,12412,0.6918089199767281,0.029385870605311986
0.1,2,T1ax+T2cor,1001,2,Demyelinating disease of central nervous system,4,294,12412,0.7231450262891095,0.1575854647036574
0.1,2,T1ax+T2cor,1001,2,Herniation of nucleus pulposus,5,29,12412,0.6174427120607507,0.003368149839643206
0.1,2,T1ax+T2cor,1001,2,Spinal cord compression,6,22,12412,0.6036576417932351,0.006383733756802658
0.1,2,T1ax+T2cor,1001,2,Lacunar infarct,7,189,12412,0.836178823252373,0.12221114552278158
0.1,2,T1ax+T2cor,1001,2,Silent micro-hemorrhage of brain,8,78,12412,0.8393943362728834,0.060135882744178845
0.1,2,T1ax+T2cor,1001,2,Cavernous hemangioma,9,67,12412,0.5805202420461484,0.009630790796471961
0.1,2,T1ax+T2cor,1001,2,Subdural intracranial hemorrhage,10,26,12412,0.8317641505918593,0.12935505739143383
0.1,2,T1ax+T2cor,1001,2,Gliosis,11,3854,12412,0.7996656836412681,0.6413731416491159
0.1,2,T1ax+T2cor,1001,2,Cerebral atrophy,12,2012,12412,0.9481252867410919,0.8200666717541724
0.1,2,T1ax+T2cor,1001,2,Encephalomalacia,13,248,12412,0.7962121834922722,0.16251170334083978
0.1,2,T1ax+T2cor,1001,2,Arachnoid cyst,14,572,12412,0.6682556463806465,0.11492247495489222
0.1,2,T1ax+T2cor,1001,2,Empty sella syndrome,15,670,12412,0.7690568618328897,0.16407798343755162
0.1,2,T1ax+T2cor,1001,2,Intracranial aneurysm,16,32,12412,0.4963979200323102,0.002833489704879674
0.1,2,T1ax+T2cor,1001,2,Chiari malformation,17,62,12412,0.7975747681859736,0.04990596343227155
0.1,2,T1ax+T2cor,1001,2,Cyst of pineal gland,19,244,12412,0.7007166068483849,0.04175971198485455
0.1,2,T1ax+T2cor,1001,2,Rathke's pouch cyst,21,47,12412,0.7114762842959281,0.008235311545760658
0.1,2,T1ax+T2cor,1001,2,Cerebral edema,22,187,12412,0.8549610139649836,0.3262269737291196
0.1,2,T1ax+T2cor,1001,2,Spinal stenosis,23,26,12412,0.7315703834353923,0.007269826312801457
0.1,2,T1ax+T2cor,1001,2,Mastoiditis,24,281,12412,0.7299166776920162,0.06967483385120468
0.1,2,T1ax+T2cor,1001,2,Chronic mastoiditis,25,360,12412,0.7572961610797655,0.09672902826429823
0.1,2,T1ax+T2cor,1001,2,Ventriculomegaly,26,1204,12412,0.9118830640667202,0.6272923561613882
0.1,2,T1ax+T2cor,1001,2,Cerebellar degeneration,27,318,12412,0.8436020824297719,0.1760615670701988
0.1,2,T1ax+T2cor,1001,2,Mega cisterna magna,28,225,12412,0.7722367185434388,0.08627354735774574
0.1,2,T1ax+T2cor,1001,2,Structure of cave of septum pellucidum,29,238,12412,0.6995078711622646,0.06638150049322834
0.1,2,T1ax+T2cor,1001,2,Hyperostosis of skull,30,55,12412,0.9110787407946913,0.08148365628128922
0.1,2,T1ax+T2cor,1001,2,Choroid plexus cyst,32,57,12412,0.6332871839655796,0.010322856993530045
0.1,2,T1ax+T2cor,1001,2,Lipoma of brain,34,34,12412,0.5894019750411071,0.003427894972869115
0.1,2,T1ax+T2cor,1001,2,Glioma,35,35,12412,0.8458592550698877,0.059003845129568896
0.1,2,T1ax+T2cor,1001,2,Pituitary adenoma,36,57,12412,0.7239870213778071,0.013987586004661236
0.1,2,T1ax+FLAIRax,1010,2,Cerebral infarction,0,339,12412,0.840769536939371,0.17927853930794604
0.1,2,T1ax+FLAIRax,1010,2,Cerebral hemorrhage,1,92,12412,0.7331309994353472,0.06071577386738782
0.1,2,T1ax+FLAIRax,1010,2,Metastatic malignant neoplasm to brain,2,50,12412,0.8177997087849862,0.03286222813156863
0.1,2,T1ax+FLAIRax,1010,2,Intracranial meningioma,3,148,12412,0.71377223603251,0.0350273103303034
0.1,2,T1ax+FLAIRax,1010,2,Demyelinating disease of central nervous system,4,294,12412,0.803514028156237,0.2518242837134766
0.1,2,T1ax+FLAIRax,1010,2,Herniation of nucleus pulposus,5,29,12412,0.7079533398123679,0.005471246282132861
0.1,2,T1ax+FLAIRax,1010,2,Spinal cord compression,6,22,12412,0.5450693374422187,0.0033193079034242036
0.1,2,T1ax+FLAIRax,1010,2,Lacunar infarct,7,189,12412,0.8518405971568044,0.13567543693892065
0.1,2,T1ax+FLAIRax,1010,2,Silent micro-hemorrhage of brain,8,78,12412,0.827735922798352,0.050986203455025116
0.1,2,T1ax+FLAIRax,1010,2,Cavernous hemangioma,9,67,12412,0.6361316141044474,0.008547005832143195
0.1,2,T1ax+FLAIRax,1010,2,Subdural intracranial hemorrhage,10,26,12412,0.8603417009278466,0.15440810806879418
0.1,2,T1ax+FLAIRax,1010,2,Gliosis,11,3854,12412,0.8011915519402817,0.6476390086643804
0.1,2,T1ax+FLAIRax,1010,2,Cerebral atrophy,12,2012,12412,0.9479703987612785,0.8179047422933056
0.1,2,T1ax+FLAIRax,1010,2,Encephalomalacia,13,248,12412,0.8216697075452684,0.19167511675395674
0.1,2,T1ax+FLAIRax,1010,2,Arachnoid cyst,14,572,12412,0.6854608651483651,0.10981313087827549
0.1,2,T1ax+FLAIRax,1010,2,Empty sella syndrome,15,670,12412,0.7723954321392527,0.17187186052154635
0.1,2,T1ax+FLAIRax,1010,2,Intracranial aneurysm,16,32,12412,0.5884238691437803,0.004541622076920352
0.1,2,T1ax+FLAIRax,1010,2,Chiari malformation,17,62,12412,0.824517435026773,0.04199041934374871
0.1,2,T1ax+FLAIRax,1010,2,Cyst of pineal gland,19,244,12412,0.6739883435186084,0.04060478930529225
0.1,2,T1ax+FLAIRax,1010,2,Rathke's pouch cyst,21,47,12412,0.7392089889960509,0.0093583020109958
0.1,2,T1ax+FLAIRax,1010,2,Cerebral edema,22,187,12412,0.8540642804807368,0.34330760735010196
0.1,2,T1ax+FLAIRax,1010,2,Spinal stenosis,23,26,12412,0.7870300214882808,0.012568169806811766
0.1,2,T1ax+FLAIRax,1010,2,Mastoiditis,24,281,12412,0.7244129991366491,0.07168064912869175
0.1,2,T1ax+FLAIRax,1010,2,Chronic mastoiditis,25,360,12412,0.7578905760224213,0.10016730165992342
0.1,2,T1ax+FLAIRax,1010,2,Ventriculomegaly,26,1204,12412,0.9137713243506654,0.6294067012621432
0.1,2,T1ax+FLAIRax,1010,2,Cerebellar degeneration,27,318,12412,0.8625036792504834,0.1808412845383384
0.1,2,T1ax+FLAIRax,1010,2,Mega cisterna magna,28,225,12412,0.7801982075617917,0.09556067233088444
0.1,2,T1ax+FLAIRax,1010,2,Structure of cave of septum pellucidum,29,238,12412,0.6886449010358209,0.0631446741470334
0.1,2,T1ax+FLAIRax,1010,2,Hyperostosis of skull,30,55,12412,0.8725359935847917,0.09136707723752269
0.1,2,T1ax+FLAIRax,1010,2,Choroid plexus cyst,32,57,12412,0.6420569838193216,0.011537225014434393
0.1,2,T1ax+FLAIRax,1010,2,Lipoma of brain,34,34,12412,0.6417220305475559,0.004139301275031735
0.1,2,T1ax+FLAIRax,1010,2,Glioma,35,35,12412,0.8673922829210864,0.04329171449115372
0.1,2,T1ax+FLAIRax,1010,2,Pituitary adenoma,36,57,12412,0.7075273168757588,0.014207200397219056
0.1,2,T1ax+T2ax,1100,2,Cerebral infarction,0,339,12412,0.8248547980121909,0.19113459517049494
0.1,2,T1ax+T2ax,1100,2,Cerebral hemorrhage,1,92,12412,0.7612648221343873,0.05404541259209648
0.1,2,T1ax+T2ax,1100,2,Metastatic malignant neoplasm to brain,2,50,12412,0.7190956155961818,0.023418000026926174
0.1,2,T1ax+T2ax,1100,2,Intracranial meningioma,3,148,12412,0.695153690872869,0.033524079964772815
0.1,2,T1ax+T2ax,1100,2,Demyelinating disease of central nervous system,4,294,12412,0.7762848991717499,0.17219036846761945
0.1,2,T1ax+T2ax,1100,2,Herniation of nucleus pulposus,5,29,12412,0.6289573859601735,0.022224336964211083
0.1,2,T1ax+T2ax,1100,2,Spinal cord compression,6,22,12412,0.6592670041822585,0.0081022627791505
0.1,2,T1ax+T2ax,1100,2,Lacunar infarct,7,189,12412,0.8462682244896104,0.1407168466954678
0.1,2,T1ax+T2ax,1100,2,Silent micro-hemorrhage of brain,8,78,12412,0.8527200192920964,0.04378267625908036
0.1,2,T1ax+T2ax,1100,2,Cavernous hemangioma,9,67,12412,0.6482714011957225,0.011842390305036327
0.1,2,T1ax+T2ax,1100,2,Subdural intracranial hemorrhage,10,26,12412,0.8080711473251436,0.0664613689891093
0.1,2,T1ax+T2ax,1100,2,Gliosis,11,3854,12412,0.7969435609127886,0.6426475721039668
0.1,2,T1ax+T2ax,1100,2,Cerebral atrophy,12,2012,12412,0.9497022671662334,0.8205447184391196
0.1,2,T1ax+T2ax,1100,2,Encephalomalacia,13,248,12412,0.8030896298967869,0.15365204047136743
0.1,2,T1ax+T2ax,1100,2,Arachnoid cyst,14,572,12412,0.6716882884851634,0.11376132853675695
0.1,2,T1ax+T2ax,1100,2,Empty sella syndrome,15,670,12412,0.7880210597497948,0.1745395729508234
0.1,2,T1ax+T2ax,1100,2,Intracranial aneurysm,16,32,12412,0.5989196284329563,0.0041994082686064825
0.1,2,T1ax+T2ax,1100,2,Chiari malformation,17,62,12412,0.8318205563536633,0.062108046574405745
0.1,2,T1ax+T2ax,1100,2,Cyst of pineal gland,19,244,12412,0.6937462276759251,0.04128102294873351
0.1,2,T1ax+T2ax,1100,2,Rathke's pouch cyst,21,47,12412,0.7490789892541576,0.008977820353718037
0.1,2,T1ax+T2ax,1100,2,Cerebral edema,22,187,12412,0.8264203930317247,0.3041440426590739
0.1,2,T1ax+T2ax,1100,2,Spinal stenosis,23,26,12412,0.8350681290290527,0.01084351576779396
0.1,2,T1ax+T2ax,1100,2,Mastoiditis,24,281,12412,0.7533383340994851,0.06857152599369361
0.1,2,T1ax+T2ax,1100,2,Chronic mastoiditis,25,360,12412,0.7676250138289632,0.10193715070518021
0.1,2,T1ax+T2ax,1100,2,Ventriculomegaly,26,1204,12412,0.919577570956673,0.6329132312368566
0.1,2,T1ax+T2ax,1100,2,Cerebellar degeneration,27,318,12412,0.8605213042903961,0.18689966500700894
0.1,2,T1ax+T2ax,1100,2,Mega cisterna magna,28,225,12412,0.788464939872177,0.09609761579713504
0.1,2,T1ax+T2ax,1100,2,Structure of cave of septum pellucidum,29,238,12412,0.7064207644615262,0.06142361848641795
0.1,2,T1ax+T2ax,1100,2,Hyperostosis of skull,30,55,12412,0.9031009291752191,0.10512164446374857
0.1,2,T1ax+T2ax,1100,2,Choroid plexus cyst,32,57,12412,0.6587105156659354,0.012128247654226425
0.1,2,T1ax+T2ax,1100,2,Lipoma of brain,34,34,12412,0.6592840238373585,0.004620898733155374
0.1,2,T1ax+T2ax,1100,2,Glioma,35,35,12412,0.7979962834289407,0.031094071031318362
0.1,2,T1ax+T2ax,1100,2,Pituitary adenoma,36,57,12412,0.8003919146307695,0.0181690275935149
0.1,2,T2ax+FLAIRax+T2cor,0111,3,Cerebral infarction,0,339,12412,0.8515984496476328,0.1732736538695103
0.1,2,T2ax+FLAIRax+T2cor,0111,3,Cerebral hemorrhage,1,92,12412,0.7502232142857144,0.05535657457609291
0.1,2,T2ax+FLAIRax+T2cor,0111,3,Metastatic malignant neoplasm to brain,2,50,12412,0.7991991587121824,0.030285525392036584
0.1,2,T2ax+FLAIRax+T2cor,0111,3,Intracranial meningioma,3,148,12412,0.6803074478588177,0.03293038122720005
0.1,2,T2ax+FLAIRax+T2cor,0111,3,Demyelinating disease of central nervous system,4,294,12412,0.8187673815193679,0.2980390697941904
0.1,2,T2ax+FLAIRax+T2cor,0111,3,Herniation of nucleus pulposus,5,29,12412,0.601572790282562,0.003955382827794029
0.1,2,T2ax+FLAIRax+T2cor,0111,3,Spinal cord compression,6,22,12412,0.5526304204270307,0.002337876985056912
0.1,2,T2ax+FLAIRax+T2cor,0111,3,Lacunar infarct,7,189,12412,0.8563052481075879,0.130334110963873
0.1,2,T2ax+FLAIRax+T2cor,0111,3,Silent micro-hemorrhage of brain,8,78,12412,0.8613869104788514,0.08212827119616124
0.1,2,T2ax+FLAIRax+T2cor,0111,3,Cavernous hemangioma,9,67,12412,0.5423683526474552,0.008811581790926035
0.1,2,T2ax+FLAIRax+T2cor,0111,3,Subdural intracranial hemorrhage,10,26,12412,0.8601553863543207,0.21781202307147568
0.1,2,T2ax+FLAIRax+T2cor,0111,3,Gliosis,11,3854,12412,0.8093194452142123,0.6568593672092506
0.1,2,T2ax+FLAIRax+T2cor,0111,3,Cerebral atrophy,12,2012,12412,0.9510872744303411,0.8222647087121783
0.1,2,T2ax+FLAIRax+T2cor,0111,3,Encephalomalacia,13,248,12412,0.8095520494107414,0.18010169749013713
0.1,2,T2ax+FLAIRax+T2cor,0111,3,Arachnoid cyst,14,572,12412,0.7039995688433188,0.15383150316245625
0.1,2,T2ax+FLAIRax+T2cor,0111,3,Empty sella syndrome,15,670,12412,0.7770816967792615,0.1688579197231061
0.1,2,T2ax+FLAIRax+T2cor,0111,3,Intracranial aneurysm,16,32,12412,0.5388151252019386,0.0031015058974044984
0.1,2,T2ax+FLAIRax+T2cor,0111,3,Chiari malformation,17,62,12412,0.8516586130338253,0.04853531508151995
0.1,2,T2ax+FLAIRax+T2cor,0111,3,Cyst of pineal gland,19,244,12412,0.7027964373093629,0.04010889112400515
0.1,2,T2ax+FLAIRax+T2cor,0111,3,Rathke's pouch cyst,21,47,12412,0.6877287470640363,0.008147200319559553
0.1,2,T2ax+FLAIRax+T2cor,0111,3,Cerebral edema,22,187,12412,0.8485119692048598,0.3591728709570463
0.1,2,T2ax+FLAIRax+T2cor,0111,3,Spinal stenosis,23,26,12412,0.7423269448136234,0.0064431630708178395
0.1,2,T2ax+FLAIRax+T2cor,0111,3,Mastoiditis,24,281,12412,0.7636078972990876,0.09329858120630283
0.1,2,T2ax+FLAIRax+T2cor,0111,3,Chronic mastoiditis,25,360,12412,0.7816353671128813,0.11070400728981553
0.1,2,T2ax+FLAIRax+T2cor,0111,3,Ventriculomegaly,26,1204,12412,0.9161233314599679,0.638942189741154
0.1,2,T2ax+FLAIRax+T2cor,0111,3,Cerebellar degeneration,27,318,12412,0.8469624212016353,0.17926235294588524
0.1,2,T2ax+FLAIRax+T2cor,0111,3,Mega cisterna magna,28,225,12412,0.8106000018234366,0.11230040251926034
0.1,2,T2ax+FLAIRax+T2cor,0111,3,Structure of cave of septum pellucidum,29,238,12412,0.74419827073264,0.09502354153104872
0.1,2,T2ax+FLAIRax+T2cor,0111,3,Hyperostosis of skull,30,55,12412,0.9200585608451596,0.13505101205298387
0.1,2,T2ax+FLAIRax+T2cor,0111,3,Choroid plexus cyst,32,57,12412,0.5715052503780698,0.006807199259378877
0.1,2,T2ax+FLAIRax+T2cor,0111,3,Lipoma of brain,34,34,12412,0.600881069829774,0.0038928356122343013
0.1,2,T2ax+FLAIRax+T2cor,0111,3,Glioma,35,35,12412,0.8434515633836955,0.049021390026908286
0.1,2,T2ax+FLAIRax+T2cor,0111,3,Pituitary adenoma,36,57,12412,0.6949398993233793,0.014576664927802144
0.1,2,T1ax+FLAIRax+T2cor,1011,3,Cerebral infarction,0,339,12412,0.8399219399586635,0.17101188859524918
0.1,2,T1ax+FLAIRax+T2cor,1011,3,Cerebral hemorrhage,1,92,12412,0.760544889892716,0.05944209915546572
0.1,2,T1ax+FLAIRax+T2cor,1011,3,Metastatic malignant neoplasm to brain,2,50,12412,0.7668937065199807,0.04001367817699099
0.1,2,T1ax+FLAIRax+T2cor,1011,3,Intracranial meningioma,3,148,12412,0.6905654431339363,0.030111372190809997
0.1,2,T1ax+FLAIRax+T2cor,1011,3,Demyelinating disease of central nervous system,4,294,12412,0.7795925103825984,0.25915350025813255
0.1,2,T1ax+FLAIRax+T2cor,1011,3,Herniation of nucleus pulposus,5,29,12412,0.706594413364262,0.00488434974379863
0.1,2,T1ax+FLAIRax+T2cor,1011,3,Spinal cord compression,6,22,12412,0.5633685523516032,0.002634388101597129
0.1,2,T1ax+FLAIRax+T2cor,1011,3,Lacunar infarct,7,189,12412,0.8481793582832609,0.1351894513730337
0.1,2,T1ax+FLAIRax+T2cor,1011,3,Silent micro-hemorrhage of brain,8,78,12412,0.8562063173300403,0.07279195106779454
0.1,2,T1ax+FLAIRax+T2cor,1011,3,Cavernous hemangioma,9,67,12412,0.5963427092967726,0.007293740785568057
0.1,2,T1ax+FLAIRax+T2cor,1011,3,Subdural intracranial hemorrhage,10,26,12412,0.8840067570085332,0.19470809112429463
0.1,2,T1ax+FLAIRax+T2cor,1011,3,Gliosis,11,3854,12412,0.8039732971380124,0.6459820849625386
0.1,2,T1ax+FLAIRax+T2cor,1011,3,Cerebral atrophy,12,2012,12412,0.949700451139318,0.821145092399904
0.1,2,T1ax+FLAIRax+T2cor,1011,3,Encephalomalacia,13,248,12412,0.8064996791165894,0.18641160051831085
0.1,2,T1ax+FLAIRax+T2cor,1011,3,Arachnoid cyst,14,572,12412,0.6921198733698734,0.11875485405024092
0.1,2,T1ax+FLAIRax+T2cor,1011,3,Empty sella syndrome,15,670,12412,0.7738936894474994,0.17129587922397566
0.1,2,T1ax+FLAIRax+T2cor,1011,3,Intracranial aneurysm,16,32,12412,0.4947319264943457,0.004141933048780369
0.1,2,T1ax+FLAIRax+T2cor,1011,3,Chiari malformation,17,62,12412,0.824766879979104,0.052890256382944104
0.1,2,T1ax+FLAIRax+T2cor,1011,3,Cyst of pineal gland,19,244,12412,0.6944757682068528,0.038558302701800634
0.1,2,T1ax+FLAIRax+T2cor,1011,3,Rathke's pouch cyst,21,47,12412,0.7089950185406646,0.009784584141398954
0.1,2,T1ax+FLAIRax+T2cor,1011,3,Cerebral edema,22,187,12412,0.8589368240324574,0.3694424488637849
0.1,2,T1ax+FLAIRax+T2cor,1011,3,Spinal stenosis,23,26,12412,0.7435100423555131,0.007530600510278838
0.1,2,T1ax+FLAIRax+T2cor,1011,3,Mastoiditis,24,281,12412,0.7348133997455418,0.07309762230684178
0.1,2,T1ax+FLAIRax+T2cor,1011,3,Chronic mastoiditis,25,360,12412,0.774711205148062,0.10419951661738142
0.1,2,T1ax+FLAIRax+T2cor,1011,3,Ventriculomegaly,26,1204,12412,0.9123725252015052,0.635316847460815
0.1,2,T1ax+FLAIRax+T2cor,1011,3,Cerebellar degeneration,27,318,12412,0.852147174179618,0.16994456051725834
0.1,2,T1ax+FLAIRax+T2cor,1011,3,Mega cisterna magna,28,225,12412,0.7849963987126538,0.09525514556704218
0.1,2,T1ax+FLAIRax+T2cor,1011,3,Structure of cave of septum pellucidum,29,238,12412,0.7185615991098262,0.08949801750842003
0.1,2,T1ax+FLAIRax+T2cor,1011,3,Hyperostosis of skull,30,55,12412,0.9128870643801452,0.08966341501731509
0.1,2,T1ax+FLAIRax+T2cor,1011,3,Choroid plexus cyst,32,57,12412,0.632953488537207,0.010363293342748736
0.1,2,T1ax+FLAIRax+T2cor,1011,3,Lipoma of brain,34,34,12412,0.5824803018638381,0.0033866703550658682
0.1,2,T1ax+FLAIRax+T2cor,1011,3,Glioma,35,35,12412,0.8955158762220247,0.08935954835472418
0.1,2,T1ax+FLAIRax+T2cor,1011,3,Pituitary adenoma,36,57,12412,0.6892344174884804,0.01365831899392728
0.1,2,T1ax+T2ax+T2cor,1101,3,Cerebral infarction,0,339,12412,0.8359207153532824,0.184604064340575
0.1,2,T1ax+T2ax+T2cor,1101,3,Cerebral hemorrhage,1,92,12412,0.7559870835686052,0.07249001460163985
0.1,2,T1ax+T2ax+T2cor,1101,3,Metastatic malignant neoplasm to brain,2,50,12412,0.7192298980747452,0.04809387085716795
0.1,2,T1ax+T2ax+T2cor,1101,3,Intracranial meningioma,3,148,12412,0.6878360748223762,0.027411852621965316
0.1,2,T1ax+T2ax+T2cor,1101,3,Demyelinating disease of central nervous system,4,294,12412,0.7632102354062602,0.20447668314496167
0.1,2,T1ax+T2ax+T2cor,1101,3,Herniation of nucleus pulposus,5,29,12412,0.6043741837391085,0.003539966557070328
0.1,2,T1ax+T2ax+T2cor,1101,3,Spinal cord compression,6,22,12412,0.658115048793015,0.003964864387944755
0.1,2,T1ax+T2ax+T2cor,1101,3,Lacunar infarct,7,189,12412,0.8418598470140644,0.1446392876765882
0.1,2,T1ax+T2ax+T2cor,1101,3,Silent micro-hemorrhage of brain,8,78,12412,0.8561928045469476,0.05599530649633154
0.1,2,T1ax+T2ax+T2cor,1101,3,Cavernous hemangioma,9,67,12412,0.5934676556464338,0.011030492547835889
0.1,2,T1ax+T2ax+T2cor,1101,3,Subdural intracranial hemorrhage,10,26,12412,0.8023450794321132,0.13793909926519768
0.1,2,T1ax+T2ax+T2cor,1101,3,Gliosis,11,3854,12412,0.8039939444309491,0.6507008414047724
0.1,2,T1ax+T2ax+T2cor,1101,3,Cerebral atrophy,12,2012,12412,0.9512263438599174,0.8256068211890221
0.1,2,T1ax+T2ax+T2cor,1101,3,Encephalomalacia,13,248,12412,0.8175568971369774,0.16956734095252016
0.1,2,T1ax+T2ax+T2cor,1101,3,Arachnoid cyst,14,572,12412,0.6889349248724248,0.1338360391541572
0.1,2,T1ax+T2ax+T2cor,1101,3,Empty sella syndrome,15,670,12412,0.7778155721138813,0.17457672388457596
0.1,2,T1ax+T2ax+T2cor,1101,3,Intracranial aneurysm,16,32,12412,0.5544376009693053,0.0033264638122156936
0.1,2,T1ax+T2ax+T2cor,1101,3,Chiari malformation,17,62,12412,0.8355635366331461,0.09124502571220208
0.1,2,T1ax+T2ax+T2cor,1101,3,Cyst of pineal gland,19,244,12412,0.7084465030555825,0.0415629039158862
0.1,2,T1ax+T2ax+T2cor,1101,3,Rathke's pouch cyst,21,47,12412,0.7368877493956002,0.00846351343471426
0.1,2,T1ax+T2ax+T2cor,1101,3,Cerebral edema,22,187,12412,0.8351475782728038,0.35268501412246356
0.1,2,T1ax+T2ax+T2cor,1101,3,Spinal stenosis,23,26,12412,0.7813319007812791,0.008257248307417926
0.1,2,T1ax+T2ax+T2cor,1101,3,Mastoiditis,24,281,12412,0.7661642138563857,0.0838220228327977
0.1,2,T1ax+T2ax+T2cor,1101,3,Chronic mastoiditis,25,360,12412,0.776207959951322,0.10446284345411228
0.1,2,T1ax+T2ax+T2cor,1101,3,Ventriculomegaly,26,1204,12412,0.918953239380509,0.6401929046466954
0.1,2,T1ax+T2ax+T2cor,1101,3,Cerebellar degeneration,27,318,12412,0.8474145919854223,0.18422449888125478
0.1,2,T1ax+T2ax+T2cor,1101,3,Mega cisterna magna,28,225,12412,0.8011352716464721,0.09642671849850992
0.1,2,T1ax+T2ax+T2cor,1101,3,Structure of cave of septum pellucidum,29,238,12412,0.7144368836741202,0.07884750301941593
0.1,2,T1ax+T2ax+T2cor,1101,3,Hyperostosis of skull,30,55,12412,0.9120130658368095,0.10871824346154219
0.1,2,T1ax+T2ax+T2cor,1101,3,Choroid plexus cyst,32,57,12412,0.6327759909689237,0.009498245089079108
0.1,2,T1ax+T2ax+T2cor,1101,3,Lipoma of brain,34,34,12412,0.6103903510022526,0.003928532942778959
0.1,2,T1ax+T2ax+T2cor,1101,3,Glioma,35,35,12412,0.8251480280243308,0.06659913869495095
0.1,2,T1ax+T2ax+T2cor,1101,3,Pituitary adenoma,36,57,12412,0.7560729018012453,0.023052442969551928
0.1,2,T1ax+T2ax+FLAIRax,1110,3,Cerebral infarction,0,339,12412,0.8471134423896712,0.19586740931212096
0.1,2,T1ax+T2ax+FLAIRax,1110,3,Cerebral hemorrhage,1,92,12412,0.7682462238848108,0.06146113442052139
0.1,2,T1ax+T2ax+FLAIRax,1110,3,Metastatic malignant neoplasm to brain,2,50,12412,0.8046804724154668,0.029589299741448496
0.1,2,T1ax+T2ax+FLAIRax,1110,3,Intracranial meningioma,3,148,12412,0.705969239787733,0.03567325233632284
0.1,2,T1ax+T2ax+FLAIRax,1110,3,Demyelinating disease of central nervous system,4,294,12412,0.8105208084223952,0.24228354349424783
0.1,2,T1ax+T2ax+FLAIRax,1110,3,Herniation of nucleus pulposus,5,29,12412,0.6810560640700404,0.007180891781759745
0.1,2,T1ax+T2ax+FLAIRax,1110,3,Spinal cord compression,6,22,12412,0.5574913786778194,0.005140715941136674
0.1,2,T1ax+T2ax+FLAIRax,1110,3,Lacunar infarct,7,189,12412,0.8559775633325498,0.14754087039677277
0.1,2,T1ax+T2ax+FLAIRax,1110,3,Silent micro-hemorrhage of brain,8,78,12412,0.8513708198725224,0.048248649471204226
0.1,2,T1ax+T2ax+FLAIRax,1110,3,Cavernous hemangioma,9,67,12412,0.6298930620288594,0.010555864229269837
0.1,2,T1ax+T2ax+FLAIRax,1110,3,Subdural intracranial hemorrhage,10,26,12412,0.8306555788793799,0.10958222599487537
0.1,2,T1ax+T2ax+FLAIRax,1110,3,Gliosis,11,3854,12412,0.8048144696714007,0.6524438530655592
0.1,2,T1ax+T2ax+FLAIRax,1110,3,Cerebral atrophy,12,2012,12412,0.9503213411836672,0.8214098662787
0.1,2,T1ax+T2ax+FLAIRax,1110,3,Encephalomalacia,13,248,12412,0.8128858556714155,0.18063382277931958
0.1,2,T1ax+T2ax+FLAIRax,1110,3,Arachnoid cyst,14,572,12412,0.6943263029200528,0.12128777996404447
0.1,2,T1ax+T2ax+FLAIRax,1110,3,Empty sella syndrome,15,670,12412,0.7863819634581309,0.1723242418407258
0.1,2,T1ax+T2ax+FLAIRax,1110,3,Intracranial aneurysm,16,32,12412,0.6291397415185783,0.004121622873166496
0.1,2,T1ax+T2ax+FLAIRax,1110,3,Chiari malformation,17,62,12412,0.8473070393104349,0.0450082240162894
0.1,2,T1ax+T2ax+FLAIRax,1110,3,Cyst of pineal gland,19,244,12412,0.6840277777777778,0.04158817746547054
0.1,2,T1ax+T2ax+FLAIRax,1110,3,Rathke's pouch cyst,21,47,12412,0.7446739682184614,0.008990103522145926
0.1,2,T1ax+T2ax+FLAIRax,1110,3,Cerebral edema,22,187,12412,0.8528985269512155,0.3469938490496209
0.1,2,T1ax+T2ax+FLAIRax,1110,3,Spinal stenosis,23,26,12412,0.8366983815474047,0.008945786753164093
0.1,2,T1ax+T2ax+FLAIRax,1110,3,Mastoiditis,24,281,12412,0.7575500665774665,0.08753030798937182
0.1,2,T1ax+T2ax+FLAIRax,1110,3,Chronic mastoiditis,25,360,12412,0.7749121860825312,0.10743983774036389
0.1,2,T1ax+T2ax+FLAIRax,1110,3,Ventriculomegaly,26,1204,12412,0.9168840896749119,0.6351361443599335
0.1,2,T1ax+T2ax+FLAIRax,1110,3,Cerebellar degeneration,27,318,12412,0.8572913643960881,0.177782521216705
0.1,2,T1ax+T2ax+FLAIRax,1110,3,Mega cisterna magna,28,225,12412,0.7908693234138381,0.09599772071437636
0.1,2,T1ax+T2ax+FLAIRax,1110,3,Structure of cave of septum pellucidum,29,238,12412,0.7193447117634635,0.07138601402850502
0.1,2,T1ax+T2ax+FLAIRax,1110,3,Hyperostosis of skull,30,55,12412,0.8893597298549957,0.10155743038742553
0.1,2,T1ax+T2ax+FLAIRax,1110,3,Choroid plexus cyst,32,57,12412,0.6411496162502573,0.011678216717296333
0.1,2,T1ax+T2ax+FLAIRax,1110,3,Lipoma of brain,34,34,12412,0.6656021594289679,0.004585579529628686
0.1,2,T1ax+T2ax+FLAIRax,1110,3,Glioma,35,35,12412,0.8341232008679693,0.04417832837906579
0.1,2,T1ax+T2ax+FLAIRax,1110,3,Pituitary adenoma,36,57,12412,0.7518754393064815,0.016110969771215147
0.1,2,T1ax+T2ax+FLAIRax+T2cor,1111,4,Cerebral infarction,0,339,12412,0.8494663852908573,0.18607836900994845
0.1,2,T1ax+T2ax+FLAIRax+T2cor,1111,4,Cerebral hemorrhage,1,92,12412,0.7642663043478262,0.06467369029138086
0.1,2,T1ax+T2ax+FLAIRax+T2cor,1111,4,Metastatic malignant neoplasm to brain,2,50,12412,0.7698576282154991,0.0356759874311723
0.1,2,T1ax+T2ax+FLAIRax+T2cor,1111,4,Intracranial meningioma,3,148,12412,0.6897368258669628,0.03191961880647704
0.1,2,T1ax+T2ax+FLAIRax+T2cor,1111,4,Demyelinating disease of central nervous system,4,294,12412,0.7952590344604585,0.26383667193248483
0.1,2,T1ax+T2ax+FLAIRax+T2cor,1111,4,Herniation of nucleus pulposus,5,29,12412,0.6599648572709527,0.004116193083057559
0.1,2,T1ax+T2ax+FLAIRax+T2cor,1111,4,Spinal cord compression,6,22,12412,0.5737214762638492,0.0026322360208960423
0.1,2,T1ax+T2ax+FLAIRax+T2cor,1111,4,Lacunar infarct,7,189,12412,0.8540097231907753,0.1419233530224002
0.1,2,T1ax+T2ax+FLAIRax+T2cor,1111,4,Silent micro-hemorrhage of brain,8,78,12412,0.8679385313891558,0.07633976027288512
0.1,2,T1ax+T2ax+FLAIRax+T2cor,1111,4,Cavernous hemangioma,9,67,12412,0.5999335038053959,0.009569058458790504
0.1,2,T1ax+T2ax+FLAIRax+T2cor,1111,4,Subdural intracranial hemorrhage,10,26,12412,0.8500136630687253,0.18151814643088893
0.1,2,T1ax+T2ax+FLAIRax+T2cor,1111,4,Gliosis,11,3854,12412,0.807141731871889,0.6521519277431704
0.1,2,T1ax+T2ax+FLAIRax+T2cor,1111,4,Cerebral atrophy,12,2012,12412,0.951903435158281,0.8254363987976739
0.1,2,T1ax+T2ax+FLAIRax+T2cor,1111,4,Encephalomalacia,13,248,12412,0.812874916464236,0.1901206659250043
0.1,2,T1ax+T2ax+FLAIRax+T2cor,1111,4,Arachnoid cyst,14,572,12412,0.7060862490549991,0.13837762967728692
0.1,2,T1ax+T2ax+FLAIRax+T2cor,1111,4,Empty sella syndrome,15,670,12412,0.781233713903655,0.17062249781759994
0.1,2,T1ax+T2ax+FLAIRax+T2cor,1111,4,Intracranial aneurysm,16,32,12412,0.5607178917609046,0.0033759083900221903
0.1,2,T1ax+T2ax+FLAIRax+T2cor,1111,4,Chiari malformation,17,62,12412,0.8518910800574637,0.06500594841830665
0.1,2,T1ax+T2ax+FLAIRax+T2cor,1111,4,Cyst of pineal gland,19,244,12412,0.700931157780149,0.03981292998008477
0.1,2,T1ax+T2ax+FLAIRax+T2cor,1111,4,Rathke's pouch cyst,21,47,12412,0.7244831413306261,0.008432395546326812
0.1,2,T1ax+T2ax+FLAIRax+T2cor,1111,4,Cerebral edema,22,187,12412,0.8513963890073597,0.3662029225649814
0.1,2,T1ax+T2ax+FLAIRax+T2cor,1111,4,Spinal stenosis,23,26,12412,0.7809561663913351,0.008107277265832937
0.1,2,T1ax+T2ax+FLAIRax+T2cor,1111,4,Mastoiditis,24,281,12412,0.7669820943431594,0.09019066852896665
0.1,2,T1ax+T2ax+FLAIRax+T2cor,1111,4,Chronic mastoiditis,25,360,12412,0.7892159438728473,0.11396121839530075
0.1,2,T1ax+T2ax+FLAIRax+T2cor,1111,4,Ventriculomegaly,26,1204,12412,0.9168851271398455,0.6407809556076447
0.1,2,T1ax+T2ax+FLAIRax+T2cor,1111,4,Cerebellar degeneration,27,318,12412,0.8493345626970285,0.1675675993549778
0.1,2,T1ax+T2ax+FLAIRax+T2cor,1111,4,Mega cisterna magna,28,225,12412,0.8000762196511765,0.09847967073301438
0.1,2,T1ax+T2ax+FLAIRax+T2cor,1111,4,Structure of cave of septum pellucidum,29,238,12412,0.7313143591591391,0.09032610260053034
0.1,2,T1ax+T2ax+FLAIRax+T2cor,1111,4,Hyperostosis of skull,30,55,12412,0.9116128510156186,0.11667365565746605
0.1,2,T1ax+T2ax+FLAIRax+T2cor,1111,4,Choroid plexus cyst,32,57,12412,0.6241922085667425,0.009264811219978531
0.1,2,T1ax+T2ax+FLAIRax+T2cor,1111,4,Lipoma of brain,34,34,12412,0.6097511714331879,0.0038098052728195633
0.1,2,T1ax+T2ax+FLAIRax+T2cor,1111,4,Glioma,35,35,12412,0.8679486143653551,0.058050865385783204
0.1,2,T1ax+T2ax+FLAIRax+T2cor,1111,4,Pituitary adenoma,36,57,12412,0.7287581560132625,0.016410198575373333
