C,seed,subset,subset_bits,k,finding,finding_idx,n_pos,n,auroc,auprc
0.1,0,SWIax,00001,1,Cerebral infarction,0,424,9393,0.7643510561535856,0.18388310808704902
0.1,0,SWIax,00001,1,Cerebral hemorrhage,1,294,9393,0.820857192200982,0.19211483821450798
0.1,0,SWIax,00001,1,Metastatic malignant neoplasm to brain,2,373,9393,0.8728485403303948,0.27268635825357
0.1,0,SWIax,00001,1,Intracranial meningioma,3,181,9393,0.7058796717229269,0.051459543073844406
0.1,0,SWIax,00001,1,Demyelinating disease of central nervous system,4,250,9393,0.7710239527507383,0.12742502015664914
0.1,0,SWIax,00001,1,Herniation of nucleus pulposus,5,138,9393,0.6932531573219334,0.027996564061178862
0.1,0,SWIax,00001,1,Spinal cord compression,6,74,9393,0.5879183185761145,0.010630458120877742
0.1,0,SWIax,00001,1,Lacunar infarct,7,213,9393,0.79253838207166,0.1320626897778949
0.1,0,SWIax,00001,1,Silent micro-hemorrhage of brain,8,195,9393,0.7812389538416936,0.11067835294706575
0.1,0,SWIax,00001,1,Cavernous hemangioma,9,78,9393,0.6433929284170831,0.02047065375455384
0.1,0,SWIax,00001,1,Subdural intracranial hemorrhage,10,44,9393,0.8447354602825776,0.05969506902347619
0.1,0,SWIax,00001,1,Gliosis,11,3534,9393,0.7637318186590691,0.6586894331206183
0.1,0,SWIax,00001,1,Cerebral atrophy,12,1310,9393,0.9048432626008973,0.6676625069556962
0.1,0,SWIax,00001,1,Encephalomalacia,13,236,9393,0.7354593966271983,0.0907245829049592
0.1,0,SWIax,00001,1,Arachnoid cyst,14,389,9393,0.6819294252540146,0.08646860569981502
0.1,0,SWIax,00001,1,Empty sella syndrome,15,351,9393,0.6364940817495561,0.07073291119396459
0.1,0,SWIax,00001,1,Intracranial aneurysm,16,61,9393,0.6004335513972723,0.01453744747182003
0.1,0,SWIax,00001,1,Chiari malformation,17,56,9393,0.6822912682262581,0.022504031305519208
0.1,0,SWIax,00001,1,Schwannoma,18,38,9393,0.606475568933022,0.005709857907087862
0.1,0,SWIax,00001,1,Cyst of pineal gland,19,103,9393,0.596356871884373,0.01603824823662598
0.1,0,SWIax,00001,1,Hemangioma of vertebral column,20,31,9393,0.6472114450317344,0.007686595851226333
0.1,0,SWIax,00001,1,Cerebral edema,22,533,9393,0.878801155349633,0.4575507081853449
0.1,0,SWIax,00001,1,Spinal stenosis,23,43,9393,0.6909861957467976,0.009029104071966885
0.1,0,SWIax,00001,1,Mastoiditis,24,265,9393,0.6588047558414498,0.05708115559424838
0.1,0,SWIax,00001,1,Chronic mastoiditis,25,211,9393,0.7643656298486324,0.08017557612283756
0.1,0,SWIax,00001,1,Ventriculomegaly,26,889,9393,0.8752173264325026,0.5154314230626535
0.1,0,SWIax,00001,1,Cerebellar degeneration,27,351,9393,0.7701618468041826,0.13637550031158577
0.1,0,SWIax,00001,1,Mega cisterna magna,28,104,9393,0.6392828159030118,0.02289298072641181
0.1,0,SWIax,00001,1,Structure of cave of septum pellucidum,29,99,9393,0.5549719271475242,0.030594951946523924
0.1,0,SWIax,00001,1,Hyperostosis of skull,30,34,9393,0.7038647919900944,0.01600403555471149
0.1,0,SWIax,00001,1,Watershed infarct,31,36,9393,0.8197101397646442,0.020723272505947
0.1,0,SWIax,00001,1,Foraminal Spinal Stenosis,33,60,9393,0.6820172149005321,0.01221694357529333
0.1,0,SWIax,00001,1,Lipoma of brain,34,22,9393,0.5293021992413733,0.002517018398873134
0.1,0,SWIax,00001,1,Glioma,35,66,9393,0.7637910140322492,0.037586244244890224
0.1,0,SWIax,00001,1,Pituitary adenoma,36,25,9393,0.5648292058070026,0.009810008953641352
0.1,0,FLAIRsag,00010,1,Cerebral infarction,0,424,9393,0.7916678938145436,0.20442592133066423
0.1,0,FLAIRsag,00010,1,Cerebral hemorrhage,1,294,9393,0.8012131108075717,0.16992604726479496
0.1,0,FLAIRsag,00010,1,Metastatic malignant neoplasm to brain,2,373,9393,0.8932119864703398,0.27922898942308333
0.1,0,FLAIRsag,00010,1,Intracranial meningioma,3,181,9393,0.7076333295749239,0.04414497842462173
0.1,0,FLAIRsag,00010,1,Demyelinating disease of central nervous system,4,250,9393,0.7763911188887674,0.1626821154572727
0.1,0,FLAIRsag,00010,1,Herniation of nucleus pulposus,5,138,9393,0.743036666431776,0.038437962549865465
0.1,0,FLAIRsag,00010,1,Spinal cord compression,6,74,9393,0.6459413056150903,0.014496515701930307
0.1,0,FLAIRsag,00010,1,Lacunar infarct,7,213,9393,0.8140594474618225,0.11198144159913773
0.1,0,FLAIRsag,00010,1,Silent micro-hemorrhage of brain,8,195,9393,0.7428281510473291,0.06499216696501393
0.1,0,FLAIRsag,00010,1,Cavernous hemangioma,9,78,9393,0.5440852223460919,0.009683325282961373
0.1,0,FLAIRsag,00010,1,Subdural intracranial hemorrhage,10,44,9393,0.8998094108266319,0.07687634540538334
0.1,0,FLAIRsag,00010,1,Gliosis,11,3534,9393,0.7736523932098718,0.6624242720721233
0.1,0,FLAIRsag,00010,1,Cerebral atrophy,12,1310,9393,0.9190195613638272,0.7201764557028709
0.1,0,FLAIRsag,00010,1,Encephalomalacia,13,236,9393,0.7850662547685108,0.12868186508983387
0.1,0,FLAIRsag,00010,1,Arachnoid cyst,14,389,9393,0.6734002254353678,0.09256181835290177
0.1,0,FLAIRsag,00010,1,Empty sella syndrome,15,351,9393,0.6822933307118223,0.07888040769188231
0.1,0,FLAIRsag,00010,1,Intracranial aneurysm,16,61,9393,0.6298915067492077,0.012724155800306804
0.1,0,FLAIRsag,00010,1,Chiari malformation,17,56,9393,0.6506391621658838,0.012006740359008724
0.1,0,FLAIRsag,00010,1,Schwannoma,18,38,9393,0.6920672874061155,0.007813707582490493
0.1,0,FLAIRsag,00010,1,Cyst of pineal gland,19,103,9393,0.6233114216142214,0.01762834817392597
0.1,0,FLAIRsag,00010,1,Hemangioma of vertebral column,20,31,9393,0.5109467924554305,0.0037534996414192593
0.1,0,FLAIRsag,00010,1,Cerebral edema,22,533,9393,0.883454952799224,0.4690881767014418
0.1,0,FLAIRsag,00010,1,Spinal stenosis,23,43,9393,0.6294018156945653,0.01216894985807732
0.1,0,FLAIRsag,00010,1,Mastoiditis,24,265,9393,0.6868871231789394,0.06714492622964888
0.1,0,FLAIRsag,00010,1,Chronic mastoiditis,25,211,9393,0.7173880278847652,0.06629270846986042
0.1,0,FLAIRsag,00010,1,Ventriculomegaly,26,889,9393,0.8957547404410761,0.5655984450640313
0.1,0,FLAIRsag,00010,1,Cerebellar degeneration,27,351,9393,0.7973886976320066,0.16490476246553282
0.1,0,FLAIRsag,00010,1,Mega cisterna magna,28,104,9393,0.7137577945791963,0.03780047446946144
0.1,0,FLAIRsag,00010,1,Structure of cave of septum pellucidum,29,99,9393,0.6279330859705295,0.019829332574098087
0.1,0,FLAIRsag,00010,1,Hyperostosis of skull,30,34,9393,0.8060658818501223,0.021075514326688465
0.1,0,FLAIRsag,00010,1,Watershed infarct,31,36,9393,0.8331077149608731,0.019135580706299428
0.1,0,FLAIRsag,00010,1,Foraminal Spinal Stenosis,33,60,9393,0.7379888567448838,0.013799111450330772
0.1,0,FLAIRsag,00010,1,Lipoma of brain,34,22,9393,0.5907587237221215,0.011373340732412505
0.1,0,FLAIRsag,00010,1,Glioma,35,66,9393,0.7626977396999912,0.030711460182802918
0.1,0,FLAIRsag,00010,1,Pituitary adenoma,36,25,9393,0.5932365499573015,0.0039375259633407204
0.1,0,FLAIRax,00100,1,Cerebral infarction,0,424,9393,0.813349493117804,0.22401229341945977
0.1,0,FLAIRax,00100,1,Cerebral hemorrhage,1,294,9393,0.822779732840493,0.1848151813003521
0.1,0,FLAIRax,00100,1,Metastatic malignant neoplasm to brain,2,373,9393,0.8869045849854064,0.29321569421928656
0.1,0,FLAIRax,00100,1,Intracranial meningioma,3,181,9393,0.719248613986561,0.06328693764114507
0.1,0,FLAIRax,00100,1,Demyelinating disease of central nervous system,4,250,9393,0.8251234824455869,0.2572476645976045
0.1,0,FLAIRax,00100,1,Herniation of nucleus pulposus,5,138,9393,0.6924905456509994,0.028473344246769474
0.1,0,FLAIRax,00100,1,Spinal cord compression,6,74,9393,0.5665365440555911,0.01024204199344874
0.1,0,FLAIRax,00100,1,Lacunar infarct,7,213,9393,0.813995008540714,0.14317509798707204
0.1,0,FLAIRax,00100,1,Silent micro-hemorrhage of brain,8,195,9393,0.7081199368870603,0.05745041758609307
0.1,0,FLAIRax,00100,1,Cavernous hemangioma,9,78,9393,0.46054612769588615,0.00800179010422417
0.1,0,FLAIRax,00100,1,Subdural intracranial hemorrhage,10,44,9393,0.7986926166143195,0.08779005714907442
0.1,0,FLAIRax,00100,1,Gliosis,11,3534,9393,0.7801364512757981,0.6834619887012534
0.1,0,FLAIRax,00100,1,Cerebral atrophy,12,1310,9393,0.9203327500087357,0.7179981390105653
0.1,0,FLAIRax,00100,1,Encephalomalacia,13,236,9393,0.763328693617738,0.1260180014447704
0.1,0,FLAIRax,00100,1,Arachnoid cyst,14,389,9393,0.7248286679784706,0.11237461444138927
0.1,0,FLAIRax,00100,1,Empty sella syndrome,15,351,9393,0.708066692251607,0.09708158392502131
0.1,0,FLAIRax,00100,1,Intracranial aneurysm,16,61,9393,0.6396903304687555,0.01915549719464079
0.1,0,FLAIRax,00100,1,Chiari malformation,17,56,9393,0.76536322465154,0.022745177642086
0.1,0,FLAIRax,00100,1,Schwannoma,18,38,9393,0.7514951194126418,0.010864124553077913
0.1,0,FLAIRax,00100,1,Cyst of pineal gland,19,103,9393,0.5956242749798822,0.01445713694516752
0.1,0,FLAIRax,00100,1,Hemangioma of vertebral column,20,31,9393,0.519588452977376,0.003660927614796852
0.1,0,FLAIRax,00100,1,Cerebral edema,22,533,9393,0.9022863471385191,0.5190992326657192
0.1,0,FLAIRax,00100,1,Spinal stenosis,23,43,9393,0.6297923143887577,0.01062629446730631
0.1,0,FLAIRax,00100,1,Mastoiditis,24,265,9393,0.6899856134142509,0.07569333097376496
0.1,0,FLAIRax,00100,1,Chronic mastoiditis,25,211,9393,0.7490691142055186,0.05740417006115464
0.1,0,FLAIRax,00100,1,Ventriculomegaly,26,889,9393,0.8941538263737729,0.5511085673270424
0.1,0,FLAIRax,00100,1,Cerebellar degeneration,27,351,9393,0.8203064395278507,0.16622761025205773
0.1,0,FLAIRax,00100,1,Mega cisterna magna,28,104,9393,0.7531343938653661,0.039477681115950805
0.1,0,FLAIRax,00100,1,Structure of cave of septum pellucidum,29,99,9393,0.6617270184087485,0.02592342548728572
0.1,0,FLAIRax,00100,1,Hyperostosis of skull,30,34,9393,0.7058823529411765,0.041222325340040084
0.1,0,FLAIRax,00100,1,Watershed infarct,31,36,9393,0.8108486813199862,0.018921607375698424
0.1,0,FLAIRax,00100,1,Foraminal Spinal Stenosis,33,60,9393,0.6600592878317082,0.013187499562088856
0.1,0,FLAIRax,00100,1,Lipoma of brain,34,22,9393,0.5196010904046333,0.003028869017364472
0.1,0,FLAIRax,00100,1,Glioma,35,66,9393,0.744880454594189,0.046719428977221186
0.1,0,FLAIRax,00100,1,Pituitary adenoma,36,25,9393,0.5243766011955594,0.003503434201911736
0.1,0,T2ax,01000,1,Cerebral infarction,0,424,9393,0.7959147020029158,0.19062142615130867
0.1,0,T2ax,01000,1,Cerebral hemorrhage,1,294,9393,0.7912045354464458,0.17353207783911698
0.1,0,T2ax,01000,1,Metastatic malignant neoplasm to brain,2,373,9393,0.8563490129173776,0.21458246000485603
0.1,0,T2ax,01000,1,Intracranial meningioma,3,181,9393,0.7113007775109573,0.05559965173797597
0.1,0,T2ax,01000,1,Demyelinating disease of central nervous system,4,250,9393,0.8338906267089576,0.2631963400686182
0.1,0,T2ax,01000,1,Herniation of nucleus pulposus,5,138,9393,0.7018662062809762,0.03086050202179293
0.1,0,T2ax,01000,1,Spinal cord compression,6,74,9393,0.5624284011450016,0.008902200889508624
0.1,0,T2ax,01000,1,Lacunar infarct,7,213,9393,0.8010591508382173,0.11789591672520894
0.1,0,T2ax,01000,1,Silent micro-hemorrhage of brain,8,195,9393,0.7320738622108486,0.07462345932909299
0.1,0,T2ax,01000,1,Cavernous hemangioma,9,78,9393,0.4566490496442187,0.008067610660349337
0.1,0,T2ax,01000,1,Subdural intracranial hemorrhage,10,44,9393,0.7765366252102802,0.02977686482011468
0.1,0,T2ax,01000,1,Gliosis,11,3534,9393,0.7755518454671384,0.6804667904393832
0.1,0,T2ax,01000,1,Cerebral atrophy,12,1310,9393,0.9169853230746275,0.7065963094712981
0.1,0,T2ax,01000,1,Encephalomalacia,13,236,9393,0.7435411086822529,0.12420577939837049
0.1,0,T2ax,01000,1,Arachnoid cyst,14,389,9393,0.723438254805919,0.14650954317313503
0.1,0,T2ax,01000,1,Empty sella syndrome,15,351,9393,0.7279460649290334,0.10012162629456009
0.1,0,T2ax,01000,1,Intracranial aneurysm,16,61,9393,0.689715626822567,0.01441258900375237
0.1,0,T2ax,01000,1,Chiari malformation,17,56,9393,0.811275034807754,0.035799082240769296
0.1,0,T2ax,01000,1,Schwannoma,18,38,9393,0.6280036006638724,0.005767337191460248
0.1,0,T2ax,01000,1,Cyst of pineal gland,19,103,9393,0.6189816798520176,0.016624410867272506
0.1,0,T2ax,01000,1,Hemangioma of vertebral column,20,31,9393,0.626520387841032,0.007012415943490049
0.1,0,T2ax,01000,1,Cerebral edema,22,533,9393,0.8778817037171935,0.432505419654158
0.1,0,T2ax,01000,1,Spinal stenosis,23,43,9393,0.6014003233428677,0.008279619422939538
0.1,0,T2ax,01000,1,Mastoiditis,24,265,9393,0.7455517338316273,0.09628389326814485
0.1,0,T2ax,01000,1,Chronic mastoiditis,25,211,9393,0.8012544634515707,0.08593320364235166
0.1,0,T2ax,01000,1,Ventriculomegaly,26,889,9393,0.8919312237898767,0.5468418365153928
0.1,0,T2ax,01000,1,Cerebellar degeneration,27,351,9393,0.8308365960434088,0.19261817699300057
0.1,0,T2ax,01000,1,Mega cisterna magna,28,104,9393,0.7479659564248863,0.05325866975726904
0.1,0,T2ax,01000,1,Structure of cave of septum pellucidum,29,99,9393,0.6942624002017159,0.03990438963660797
0.1,0,T2ax,01000,1,Hyperostosis of skull,30,34,9393,0.7510700615324665,0.020300247834459342
0.1,0,T2ax,01000,1,Watershed infarct,31,36,9393,0.8585224371534086,0.024824674724322884
0.1,0,T2ax,01000,1,Foraminal Spinal Stenosis,33,60,9393,0.7340101432194007,0.01769903670255082
0.1,0,T2ax,01000,1,Lipoma of brain,34,22,9393,0.6061786362181197,0.00384224750486788
0.1,0,T2ax,01000,1,Glioma,35,66,9393,0.736010799536049,0.04256059655402857
0.1,0,T2ax,01000,1,Pituitary adenoma,36,25,9393,0.4920409906063194,0.003717057430673265
0.1,0,T1ax,10000,1,Cerebral infarction,0,424,9393,0.7869453905170218,0.18917847403884375
0.1,0,T1ax,10000,1,Cerebral hemorrhage,1,294,9393,0.7984128479394835,0.1827468298187195
0.1,0,T1ax,10000,1,Metastatic malignant neoplasm to brain,2,373,9393,0.850330513663411,0.23330528737026718
0.1,0,T1ax,10000,1,Intracranial meningioma,3,181,9393,0.7112420023845909,0.04974426498973108
0.1,0,T1ax,10000,1,Demyelinating disease of central nervous system,4,250,9393,0.7820240621240291,0.19642507949435703
0.1,0,T1ax,10000,1,Herniation of nucleus pulposus,5,138,9393,0.7107117969918335,0.02941619310923678
0.1,0,T1ax,10000,1,Spinal cord compression,6,74,9393,0.6164882556126252,0.012558882520376284
0.1,0,T1ax,10000,1,Lacunar infarct,7,213,9393,0.7916935162171284,0.11195798061471882
0.1,0,T1ax,10000,1,Silent micro-hemorrhage of brain,8,195,9393,0.7179581960403878,0.07090206633344281
0.1,0,T1ax,10000,1,Cavernous hemangioma,9,78,9393,0.5530465061866028,0.017034961576996716
0.1,0,T1ax,10000,1,Subdural intracranial hemorrhage,10,44,9393,0.7892044846799366,0.03367506720403574
0.1,0,T1ax,10000,1,Gliosis,11,3534,9393,0.7701468860805809,0.6579470274459248
0.1,0,T1ax,10000,1,Cerebral atrophy,12,1310,9393,0.9169907061564513,0.7053051430771744
0.1,0,T1ax,10000,1,Encephalomalacia,13,236,9393,0.7553237960030578,0.1331984184970401
0.1,0,T1ax,10000,1,Arachnoid cyst,14,389,9393,0.6798937690075477,0.09670507383086022
0.1,0,T1ax,10000,1,Empty sella syndrome,15,351,9393,0.6958895839674428,0.0794602265100812
0.1,0,T1ax,10000,1,Intracranial aneurysm,16,61,9393,0.6531623955647059,0.01813128123564914
0.1,0,T1ax,10000,1,Chiari malformation,17,56,9393,0.7459339953181658,0.02712504990682236
0.1,0,T1ax,10000,1,Schwannoma,18,38,9393,0.6990463866775436,0.00917634035078575
0.1,0,T1ax,10000,1,Cyst of pineal gland,19,103,9393,0.5876033316960506,0.013918846660620033
0.1,0,T1ax,10000,1,Hemangioma of vertebral column,20,31,9393,0.5905720448484263,0.004058048835526668
0.1,0,T1ax,10000,1,Cerebral edema,22,533,9393,0.8736533273476509,0.4438246447131318
0.1,0,T1ax,10000,1,Spinal stenosis,23,43,9393,0.698915557766447,0.011745496282972123
0.1,0,T1ax,10000,1,Mastoiditis,24,265,9393,0.6300088469234204,0.05179977953362213
0.1,0,T1ax,10000,1,Chronic mastoiditis,25,211,9393,0.798001137605928,0.11326003657869327
0.1,0,T1ax,10000,1,Ventriculomegaly,26,889,9393,0.895926762976359,0.5480599299156862
0.1,0,T1ax,10000,1,Cerebellar degeneration,27,351,9393,0.8098216553204387,0.1815720786969589
0.1,0,T1ax,10000,1,Mega cisterna magna,28,104,9393,0.7464639731030084,0.03860764057354032
0.1,0,T1ax,10000,1,Structure of cave of septum pellucidum,29,99,9393,0.6969229632238025,0.03259529774023366
0.1,0,T1ax,10000,1,Hyperostosis of skull,30,34,9393,0.7305707623363482,0.014978605020691132
0.1,0,T1ax,10000,1,Watershed infarct,31,36,9393,0.8381752223528434,0.024145620057698037
0.1,0,T1ax,10000,1,Foraminal Spinal Stenosis,33,60,9393,0.6591413979070682,0.011640874198035401
0.1,0,T1ax,10000,1,Lipoma of brain,34,22,9393,0.6814252869102939,0.006864966526834749
0.1,0,T1ax,10000,1,Glioma,35,66,9393,0.7310057798960983,0.021749481988147273
0.1,0,T1ax,10000,1,Pituitary adenoma,36,25,9393,0.5785567890691716,0.003775449206096816
0.1,0,FLAIRsag+SWIax,00011,2,Cerebral infarction,0,424,9393,0.7933776614207847,0.2234719208049969
0.1,0,FLAIRsag+SWIax,00011,2,Cerebral hemorrhage,1,294,9393,0.8208583136518702,0.19933423248576887
0.1,0,FLAIRsag+SWIax,00011,2,Metastatic malignant neoplasm to brain,2,373,9393,0.8991618268607741,0.29359680329999305
0.1,0,FLAIRsag+SWIax,00011,2,Intracranial meningioma,3,181,9393,0.7096994551905633,0.05685652849110895
0.1,0,FLAIRsag+SWIax,00011,2,Demyelinating disease of central nervous system,4,250,9393,0.7938405337416603,0.16176849728680584
0.1,0,FLAIRsag+SWIax,00011,2,Herniation of nucleus pulposus,5,138,9393,0.7269576178955363,0.033389029797801145
0.1,0,FLAIRsag+SWIax,00011,2,Spinal cord compression,6,74,9393,0.6583802925148563,0.01330971825857932
0.1,0,FLAIRsag+SWIax,00011,2,Lacunar infarct,7,213,9393,0.8140712101220247,0.12847503607476246
0.1,0,FLAIRsag+SWIax,00011,2,Silent micro-hemorrhage of brain,8,195,9393,0.7795245343190549,0.12619363067301517
0.1,0,FLAIRsag+SWIax,00011,2,Cavernous hemangioma,9,78,9393,0.593941395873763,0.019726026808382757
0.1,0,FLAIRsag+SWIax,00011,2,Subdural intracranial hemorrhage,10,44,9393,0.8940358229854433,0.07028023250421019
0.1,0,FLAIRsag+SWIax,00011,2,Gliosis,11,3534,9393,0.7772528983073556,0.6685734547815086
0.1,0,FLAIRsag+SWIax,00011,2,Cerebral atrophy,12,1310,9393,0.9183521536577095,0.7138634968659852
0.1,0,FLAIRsag+SWIax,00011,2,Encephalomalacia,13,236,9393,0.775972535598403,0.14283411324476097
0.1,0,FLAIRsag+SWIax,00011,2,Arachnoid cyst,14,389,9393,0.6865372031168095,0.09017640851551839
0.1,0,FLAIRsag+SWIax,00011,2,Empty sella syndrome,15,351,9393,0.6881599071380093,0.07834806355884982
0.1,0,FLAIRsag+SWIax,00011,2,Intracranial aneurysm,16,61,9393,0.67856415085059,0.02136816637719805
0.1,0,FLAIRsag+SWIax,00011,2,Chiari malformation,17,56,9393,0.6983372603620006,0.018896773524518587
0.1,0,FLAIRsag+SWIax,00011,2,Schwannoma,18,38,9393,0.6810205631663337,0.011027093131338407
0.1,0,FLAIRsag+SWIax,00011,2,Cyst of pineal gland,19,103,9393,0.554362661594574,0.01458834587310669
0.1,0,FLAIRsag+SWIax,00011,2,Hemangioma of vertebral column,20,31,9393,0.6126999331546196,0.005784709082807049
0.1,0,FLAIRsag+SWIax,00011,2,Cerebral edema,22,533,9393,0.8897786709244065,0.49434060035608524
0.1,0,FLAIRsag+SWIax,00011,2,Spinal stenosis,23,43,9393,0.6678025121253576,0.009208026704462195
0.1,0,FLAIRsag+SWIax,00011,2,Mastoiditis,24,265,9393,0.6907148644849768,0.07128780213390384
0.1,0,FLAIRsag+SWIax,00011,2,Chronic mastoiditis,25,211,9393,0.7581864785934979,0.07276137384360987
0.1,0,FLAIRsag+SWIax,00011,2,Ventriculomegaly,26,889,9393,0.8950491901118193,0.5568873813077759
0.1,0,FLAIRsag+SWIax,00011,2,Cerebellar degeneration,27,351,9393,0.7871988334275438,0.15374349003459173
0.1,0,FLAIRsag+SWIax,00011,2,Mega cisterna magna,28,104,9393,0.6557456296529394,0.02450433688179021
0.1,0,FLAIRsag+SWIax,00011,2,Structure of cave of septum pellucidum,29,99,9393,0.6396371722388509,0.01877046503019124
0.1,0,FLAIRsag+SWIax,00011,2,Hyperostosis of skull,30,34,9393,0.7702997429338228,0.013551747542007287
0.1,0,FLAIRsag+SWIax,00011,2,Watershed infarct,31,36,9393,0.8284112904183439,0.019754137520882557
0.1,0,FLAIRsag+SWIax,00011,2,Foraminal Spinal Stenosis,33,60,9393,0.6820940033572627,0.01400441524048611
0.1,0,FLAIRsag+SWIax,00011,2,Lipoma of brain,34,22,9393,0.4877911545289626,0.002485040518891284
0.1,0,FLAIRsag+SWIax,00011,2,Glioma,35,66,9393,0.7728945940589557,0.03316288282511559
0.1,0,FLAIRsag+SWIax,00011,2,Pituitary adenoma,36,25,9393,0.5339538855678907,0.00401249962882531
0.1,0,FLAIRax+SWIax,00101,2,Cerebral infarction,0,424,9393,0.8056063653212218,0.23217303592561375
0.1,0,FLAIRax+SWIax,00101,2,Cerebral hemorrhage,1,294,9393,0.8252458033438674,0.219578768825096
0.1,0,FLAIRax+SWIax,00101,2,Metastatic malignant neoplasm to brain,2,373,9393,0.8925673064919779,0.299498486461173
0.1,0,FLAIRax+SWIax,00101,2,Intracranial meningioma,3,181,9393,0.7362358249988605,0.06057645355198394
0.1,0,FLAIRax+SWIax,00101,2,Demyelinating disease of central nervous system,4,250,9393,0.8136270370775456,0.2161006410671552
0.1,0,FLAIRax+SWIax,00101,2,Herniation of nucleus pulposus,5,138,9393,0.6944722398390216,0.027999755648261907
0.1,0,FLAIRax+SWIax,00101,2,Spinal cord compression,6,74,9393,0.596237561738152,0.013132331055154784
0.1,0,FLAIRax+SWIax,00101,2,Lacunar infarct,7,213,9393,0.8123160166518354,0.16290041973483477
0.1,0,FLAIRax+SWIax,00101,2,Silent micro-hemorrhage of brain,8,195,9393,0.779513941157777,0.1291783595519692
0.1,0,FLAIRax+SWIax,00101,2,Cavernous hemangioma,9,78,9393,0.5799730239343766,0.014046768873449935
0.1,0,FLAIRax+SWIax,00101,2,Subdural intracranial hemorrhage,10,44,9393,0.8547243749939225,0.07328389963643202
0.1,0,FLAIRax+SWIax,00101,2,Gliosis,11,3534,9393,0.78471927013742,0.6864459052219927
0.1,0,FLAIRax+SWIax,00101,2,Cerebral atrophy,12,1310,9393,0.9203888473877414,0.7170552837738717
0.1,0,FLAIRax+SWIax,00101,2,Encephalomalacia,13,236,9393,0.7605504171116659,0.12123570746828614
0.1,0,FLAIRax+SWIax,00101,2,Arachnoid cyst,14,389,9393,0.6925919242975701,0.10248005466925059
0.1,0,FLAIRax+SWIax,00101,2,Empty sella syndrome,15,351,9393,0.69932023460004,0.08666156536392378
0.1,0,FLAIRax+SWIax,00101,2,Intracranial aneurysm,16,61,9393,0.599318052461827,0.019189312733754793
0.1,0,FLAIRax+SWIax,00101,2,Chiari malformation,17,56,9393,0.7260094248688015,0.026250058323303165
0.1,0,FLAIRax+SWIax,00101,2,Schwannoma,18,38,9393,0.6914371712284453,0.009736509575247698
0.1,0,FLAIRax+SWIax,00101,2,Cyst of pineal gland,19,103,9393,0.5690846196453019,0.015150007009946091
0.1,0,FLAIRax+SWIax,00101,2,Hemangioma of vertebral column,20,31,9393,0.5569219425129728,0.004922926215575548
0.1,0,FLAIRax+SWIax,00101,2,Cerebral edema,22,533,9393,0.9029389841562941,0.5221850856611161
0.1,0,FLAIRax+SWIax,00101,2,Spinal stenosis,23,43,9393,0.6505434647431911,0.011576609352056507
0.1,0,FLAIRax+SWIax,00101,2,Mastoiditis,24,265,9393,0.6728664031881997,0.07244767969734182
0.1,0,FLAIRax+SWIax,00101,2,Chronic mastoiditis,25,211,9393,0.7698479716651474,0.07376831770618406
0.1,0,FLAIRax+SWIax,00101,2,Ventriculomegaly,26,889,9393,0.8993869886678088,0.5553799593365263
0.1,0,FLAIRax+SWIax,00101,2,Cerebellar degeneration,27,351,9393,0.800059677188631,0.15471431129996263
0.1,0,FLAIRax+SWIax,00101,2,Mega cisterna magna,28,104,9393,0.6895511233303245,0.02557138813826861
0.1,0,FLAIRax+SWIax,00101,2,Structure of cave of septum pellucidum,29,99,9393,0.6096232390615864,0.026701075519760843
0.1,0,FLAIRax+SWIax,00101,2,Hyperostosis of skull,30,34,9393,0.6884125377899851,0.03019722817540779
0.1,0,FLAIRax+SWIax,00101,2,Watershed infarct,31,36,9393,0.79861185327681,0.019618385950508428
0.1,0,FLAIRax+SWIax,00101,2,Foraminal Spinal Stenosis,33,60,9393,0.6497999928568877,0.01088936196507501
0.1,0,FLAIRax+SWIax,00101,2,Lipoma of brain,34,22,9393,0.5390178597413684,0.0026840194845233743
0.1,0,FLAIRax+SWIax,00101,2,Glioma,35,66,9393,0.8176035036761958,0.07013175491235982
0.1,0,FLAIRax+SWIax,00101,2,Pituitary adenoma,36,25,9393,0.5225747224594364,0.003194161142418892
0.1,0,FLAIRax+FLAIRsag,00110,2,Cerebral infarction,0,424,9393,0.8140899892081109,0.2506270026831599
0.1,0,FLAIRax+FLAIRsag,00110,2,Cerebral hemorrhage,1,294,9393,0.8159557041851799,0.19173316774795493
0.1,0,FLAIRax+FLAIRsag,00110,2,Metastatic malignant neoplasm to brain,2,373,9393,0.8992456441746967,0.2964830120061808
0.1,0,FLAIRax+FLAIRsag,00110,2,Intracranial meningioma,3,181,9393,0.7226047936513267,0.061424430699879955
0.1,0,FLAIRax+FLAIRsag,00110,2,Demyelinating disease of central nervous system,4,250,9393,0.8124112435743192,0.25541047159319774
0.1,0,FLAIRax+FLAIRsag,00110,2,Herniation of nucleus pulposus,5,138,9393,0.7407034192250174,0.03576551921473607
0.1,0,FLAIRax+FLAIRsag,00110,2,Spinal cord compression,6,74,9393,0.5978616775376084,0.011063491759971114
0.1,0,FLAIRax+FLAIRsag,00110,2,Lacunar infarct,7,213,9393,0.8150853559994682,0.12487688318853479
0.1,0,FLAIRax+FLAIRsag,00110,2,Silent micro-hemorrhage of brain,8,195,9393,0.7242170817513284,0.06565552999550964
0.1,0,FLAIRax+FLAIRsag,00110,2,Cavernous hemangioma,9,78,9393,0.46967945277124024,0.007725462559177921
0.1,0,FLAIRax+FLAIRsag,00110,2,Subdural intracranial hemorrhage,10,44,9393,0.9150541137117241,0.11094864260970755
0.1,0,FLAIRax+FLAIRsag,00110,2,Gliosis,11,3534,9393,0.7869576144855916,0.6802609030057158
0.1,0,FLAIRax+FLAIRsag,00110,2,Cerebral atrophy,12,1310,9393,0.9266645763939586,0.7320653795856886
0.1,0,FLAIRax+FLAIRsag,00110,2,Encephalomalacia,13,236,9393,0.7938874214965673,0.1495458890329654
0.1,0,FLAIRax+FLAIRsag,00110,2,Arachnoid cyst,14,389,9393,0.7209503573961417,0.10969390535430312
0.1,0,FLAIRax+FLAIRsag,00110,2,Empty sella syndrome,15,351,9393,0.7261218775817316,0.09436014082211944
0.1,0,FLAIRax+FLAIRsag,00110,2,Intracranial aneurysm,16,61,9393,0.6427364330735772,0.02011550467619371
0.1,0,FLAIRax+FLAIRsag,00110,2,Chiari malformation,17,56,9393,0.7122794871402561,0.018221669211197968
0.1,0,FLAIRax+FLAIRsag,00110,2,Schwannoma,18,38,9393,0.7364989169878196,0.010370385763233403
0.1,0,FLAIRax+FLAIRsag,00110,2,Cyst of pineal gland,19,103,9393,0.6004937974855518,0.01625542471598109
0.1,0,FLAIRax+FLAIRsag,00110,2,Hemangioma of vertebral column,20,31,9393,0.5741432420698637,0.004161470950310608
0.1,0,FLAIRax+FLAIRsag,00110,2,Cerebral edema,22,533,9393,0.8986049407290391,0.5289633387570549
0.1,0,FLAIRax+FLAIRsag,00110,2,Spinal stenosis,23,43,9393,0.6351349334659869,0.015340145488110682
0.1,0,FLAIRax+FLAIRsag,00110,2,Mastoiditis,24,265,9393,0.7167574785441437,0.07890613297022851
0.1,0,FLAIRax+FLAIRsag,00110,2,Chronic mastoiditis,25,211,9393,0.7486118007517285,0.06679386285967959
0.1,0,FLAIRax+FLAIRsag,00110,2,Ventriculomegaly,26,889,9393,0.8971748357419576,0.5658843599009409
0.1,0,FLAIRax+FLAIRsag,00110,2,Cerebellar degeneration,27,351,9393,0.8203644152549262,0.17229525963079026
0.1,0,FLAIRax+FLAIRsag,00110,2,Mega cisterna magna,28,104,9393,0.7510118461041595,0.0545840746272299
0.1,0,FLAIRax+FLAIRsag,00110,2,Structure of cave of septum pellucidum,29,99,9393,0.6696706683795128,0.028070618717500703
0.1,0,FLAIRax+FLAIRsag,00110,2,Hyperostosis of skull,30,34,9393,0.7462335719628165,0.04006976542125974
0.1,0,FLAIRax+FLAIRsag,00110,2,Watershed infarct,31,36,9393,0.8000546233954378,0.019701756408209873
0.1,0,FLAIRax+FLAIRsag,00110,2,Foraminal Spinal Stenosis,33,60,9393,0.7357727061680774,0.015010197568977299
0.1,0,FLAIRax+FLAIRsag,00110,2,Lipoma of brain,34,22,9393,0.6154286434939513,0.004106199880642672
0.1,0,FLAIRax+FLAIRsag,00110,2,Glioma,35,66,9393,0.7397568479910068,0.036484767771727634
0.1,0,FLAIRax+FLAIRsag,00110,2,Pituitary adenoma,36,25,9393,0.5561528608027327,0.005040143550206176
0.1,0,T2ax+SWIax,01001,2,Cerebral infarction,0,424,9393,0.7904067364107399,0.20252412647817758
0.1,0,T2ax+SWIax,01001,2,Cerebral hemorrhage,1,294,9393,0.8221505988921562,0.18643363251099154
0.1,0,T2ax+SWIax,01001,2,Metastatic malignant neoplasm to brain,2,373,9393,0.8807214233487691,0.28584014580168515
0.1,0,T2ax+SWIax,01001,2,Intracranial meningioma,3,181,9393,0.7177420515637782,0.06918565118813132
0.1,0,T2ax+SWIax,01001,2,Demyelinating disease of central nervous system,4,250,9393,0.825480476867549,0.22246345605806678
0.1,0,T2ax+SWIax,01001,2,Herniation of nucleus pulposus,5,138,9393,0.7147675756935147,0.03276375531765936
0.1,0,T2ax+SWIax,01001,2,Spinal cord compression,6,74,9393,0.5885708651026818,0.009861024544655848
0.1,0,T2ax+SWIax,01001,2,Lacunar infarct,7,213,9393,0.7763560301533237,0.1271310148510578
0.1,0,T2ax+SWIax,01001,2,Silent micro-hemorrhage of brain,8,195,9393,0.758260435657696,0.10678263345056657
0.1,0,T2ax+SWIax,01001,2,Cavernous hemangioma,9,78,9393,0.6084685577439201,0.02115193385767848
0.1,0,T2ax+SWIax,01001,2,Subdural intracranial hemorrhage,10,44,9393,0.8266465057030893,0.04560733800074793
0.1,0,T2ax+SWIax,01001,2,Gliosis,11,3534,9393,0.7778212440570729,0.6857430108782971
0.1,0,T2ax+SWIax,01001,2,Cerebral atrophy,12,1310,9393,0.9172130179917706,0.7059566472190575
0.1,0,T2ax+SWIax,01001,2,Encephalomalacia,13,236,9393,0.7372136348408089,0.10291186380053405
0.1,0,T2ax+SWIax,01001,2,Arachnoid cyst,14,389,9393,0.7071190296457788,0.12836535872125518
0.1,0,T2ax+SWIax,01001,2,Empty sella syndrome,15,351,9393,0.6908756288318332,0.08344528121486133
0.1,0,T2ax+SWIax,01001,2,Intracranial aneurysm,16,61,9393,0.6833142439552256,0.01718238869913522
0.1,0,T2ax+SWIax,01001,2,Chiari malformation,17,56,9393,0.7923220214507566,0.04508482542623306
0.1,0,T2ax+SWIax,01001,2,Schwannoma,18,38,9393,0.6199499282680244,0.005159609497123837
0.1,0,T2ax+SWIax,01001,2,Cyst of pineal gland,19,103,9393,0.613409345052097,0.016277144263982683
0.1,0,T2ax+SWIax,01001,2,Hemangioma of vertebral column,20,31,9393,0.5917366705487523,0.013126132002844085
0.1,0,T2ax+SWIax,01001,2,Cerebral edema,22,533,9393,0.8842105040255126,0.4700282327258584
0.1,0,T2ax+SWIax,01001,2,Spinal stenosis,23,43,9393,0.6290734983211044,0.0086369518938944
0.1,0,T2ax+SWIax,01001,2,Mastoiditis,24,265,9393,0.714458518677757,0.09011735608736601
0.1,0,T2ax+SWIax,01001,2,Chronic mastoiditis,25,211,9393,0.7889075163543756,0.08299664958476327
0.1,0,T2ax+SWIax,01001,2,Ventriculomegaly,26,889,9393,0.8900047830333532,0.5555685633588135
0.1,0,T2ax+SWIax,01001,2,Cerebellar degeneration,27,351,9393,0.8060541783169521,0.18175468592260344
0.1,0,T2ax+SWIax,01001,2,Mega cisterna magna,28,104,9393,0.740115479847959,0.04770765467914308
0.1,0,T2ax+SWIax,01001,2,Structure of cave of septum pellucidum,29,99,9393,0.6509923856599132,0.02215323977736046
0.1,0,T2ax+SWIax,01001,2,Hyperostosis of skull,30,34,9393,0.7907204766723442,0.028194504709422294
0.1,0,T2ax+SWIax,01001,2,Watershed infarct,31,36,9393,0.83412596629974,0.021518875943699473
0.1,0,T2ax+SWIax,01001,2,Foraminal Spinal Stenosis,33,60,9393,0.6875674131218973,0.013156363021117154
0.1,0,T2ax+SWIax,01001,2,Lipoma of brain,34,22,9393,0.6688817531843889,0.004198316288269618
0.1,0,T2ax+SWIax,01001,2,Glioma,35,66,9393,0.7998203326283094,0.07622029825630727
0.1,0,T2ax+SWIax,01001,2,Pituitary adenoma,36,25,9393,0.4864346712211785,0.003258317733558992
0.1,0,T2ax+FLAIRsag,01010,2,Cerebral infarction,0,424,9393,0.8107979897214095,0.21644212035779342
0.1,0,T2ax+FLAIRsag,01010,2,Cerebral hemorrhage,1,294,9393,0.8103641500561098,0.18026701795386368
0.1,0,T2ax+FLAIRsag,01010,2,Metastatic malignant neoplasm to brain,2,373,9393,0.8822601546756388,0.26882376661578405
0.1,0,T2ax+FLAIRsag,01010,2,Intracranial meningioma,3,181,9393,0.7318564783383672,0.06051534560059005
0.1,0,T2ax+FLAIRsag,01010,2,Demyelinating disease of central nervous system,4,250,9393,0.8320087498632834,0.24572602573576255
0.1,0,T2ax+FLAIRsag,01010,2,Herniation of nucleus pulposus,5,138,9393,0.7271181265121087,0.03350072776501433
0.1,0,T2ax+FLAIRsag,01010,2,Spinal cord compression,6,74,9393,0.6112432316424161,0.011358515083684252
0.1,0,T2ax+FLAIRsag,01010,2,Lacunar infarct,7,213,9393,0.8138584593983654,0.1303787322030946
0.1,0,T2ax+FLAIRsag,01010,2,Silent micro-hemorrhage of brain,8,195,9393,0.7469366250188167,0.0651086057869913
0.1,0,T2ax+FLAIRsag,01010,2,Cavernous hemangioma,9,78,9393,0.5078781122259384,0.009081670993488965
0.1,0,T2ax+FLAIRsag,01010,2,Subdural intracranial hemorrhage,10,44,9393,0.8514498390688356,0.066268909045252
0.1,0,T2ax+FLAIRsag,01010,2,Gliosis,11,3534,9393,0.7796204582446984,0.6760003352093438
0.1,0,T2ax+FLAIRsag,01010,2,Cerebral atrophy,12,1310,9393,0.9238863395326917,0.7348969823017514
0.1,0,T2ax+FLAIRsag,01010,2,Encephalomalacia,13,236,9393,0.7673938433688778,0.13251711506575242
0.1,0,T2ax+FLAIRsag,01010,2,Arachnoid cyst,14,389,9393,0.7213329351479318,0.12217191861623262
0.1,0,T2ax+FLAIRsag,01010,2,Empty sella syndrome,15,351,9393,0.7334666775056069,0.10484607166217276
0.1,0,T2ax+FLAIRsag,01010,2,Intracranial aneurysm,16,61,9393,0.7109022014854581,0.018472774382901527
0.1,0,T2ax+FLAIRsag,01010,2,Chiari malformation,17,56,9393,0.737614559586285,0.022651233739332463
0.1,0,T2ax+FLAIRsag,01010,2,Schwannoma,18,38,9393,0.6723845959098709,0.006801747921150799
0.1,0,T2ax+FLAIRsag,01010,2,Cyst of pineal gland,19,103,9393,0.5851285963610522,0.01544230399934585
0.1,0,T2ax+FLAIRsag,01010,2,Hemangioma of vertebral column,20,31,9393,0.5978595695708802,0.004793178081254498
0.1,0,T2ax+FLAIRsag,01010,2,Cerebral edema,22,533,9393,0.8831282107750752,0.46024683630244784
0.1,0,T2ax+FLAIRsag,01010,2,Spinal stenosis,23,43,9393,0.6024499440368113,0.016474083039882098
0.1,0,T2ax+FLAIRsag,01010,2,Mastoiditis,24,265,9393,0.72150009094968,0.09578771394400769
0.1,0,T2ax+FLAIRsag,01010,2,Chronic mastoiditis,25,211,9393,0.7718656221063053,0.0922060329943956
0.1,0,T2ax+FLAIRsag,01010,2,Ventriculomegaly,26,889,9393,0.8956534184402867,0.5688317294661008
0.1,0,T2ax+FLAIRsag,01010,2,Cerebellar degeneration,27,351,9393,0.8204337340590382,0.1832781797445036
0.1,0,T2ax+FLAIRsag,01010,2,Mega cisterna magna,28,104,9393,0.7396993549028215,0.042660331136726695
0.1,0,T2ax+FLAIRsag,01010,2,Structure of cave of septum pellucidum,29,99,9393,0.6601402447109355,0.024258222049212977
0.1,0,T2ax+FLAIRsag,01010,2,Hyperostosis of skull,30,34,9393,0.7732412336662413,0.027775052631871754
0.1,0,T2ax+FLAIRsag,01010,2,Watershed infarct,31,36,9393,0.8393834681106243,0.01885856120129379
0.1,0,T2ax+FLAIRsag,01010,2,Foraminal Spinal Stenosis,33,60,9393,0.7156059144969462,0.012795179852633346
0.1,0,T2ax+FLAIRsag,01010,2,Lipoma of brain,34,22,9393,0.5318875447463646,0.006722141120762065
0.1,0,T2ax+FLAIRsag,01010,2,Glioma,35,66,9393,0.7364672781205428,0.03913933582029495
0.1,0,T2ax+FLAIRsag,01010,2,Pituitary adenoma,36,25,9393,0.5021050384286935,0.004542939546252763
0.1,0,T2ax+FLAIRax,01100,2,Cerebral infarction,0,424,9393,0.8102970504273629,0.21490912422958475
0.1,0,T2ax+FLAIRax,01100,2,Cerebral hemorrhage,1,294,9393,0.813460102141747,0.1869058554649239
0.1,0,T2ax+FLAIRax,01100,2,Metastatic malignant neoplasm to brain,2,373,9393,0.8691008363897921,0.28428875940236503
0.1,0,T2ax+FLAIRax,01100,2,Intracranial meningioma,3,181,9393,0.7307775349472103,0.061024157516226266
0.1,0,T2ax+FLAIRax,01100,2,Demyelinating disease of central nervous system,4,250,9393,0.84430427649568,0.29754352994251804
0.1,0,T2ax+FLAIRax,01100,2,Herniation of nucleus pulposus,5,138,9393,0.6901886171986941,0.029211000795254998
0.1,0,T2ax+FLAIRax,01100,2,Spinal cord compression,6,74,9393,0.5498400535958214,0.010228105743944036
0.1,0,T2ax+FLAIRax,01100,2,Lacunar infarct,7,213,9393,0.8079842891773299,0.14870057304327527
0.1,0,T2ax+FLAIRax,01100,2,Silent micro-hemorrhage of brain,8,195,9393,0.7297929873272339,0.06900614149062781
0.1,0,T2ax+FLAIRax,01100,2,Cavernous hemangioma,9,78,9393,0.49397442779085293,0.007977718073615015
0.1,0,T2ax+FLAIRax,01100,2,Subdural intracranial hemorrhage,10,44,9393,0.8025676056748898,0.08488983048673232
0.1,0,T2ax+FLAIRax,01100,2,Gliosis,11,3534,9393,0.7808284827380434,0.683223868340662
0.1,0,T2ax+FLAIRax,01100,2,Cerebral atrophy,12,1310,9393,0.9220168046592936,0.7221647285460903
0.1,0,T2ax+FLAIRax,01100,2,Encephalomalacia,13,236,9393,0.752757916051997,0.1292541060428914
0.1,0,T2ax+FLAIRax,01100,2,Arachnoid cyst,14,389,9393,0.7275726640773196,0.1407275517941391
0.1,0,T2ax+FLAIRax,01100,2,Empty sella syndrome,15,351,9393,0.7411166377103118,0.10861857304605199
0.1,0,T2ax+FLAIRax,01100,2,Intracranial aneurysm,16,61,9393,0.682295363037811,0.022539497247478897
0.1,0,T2ax+FLAIRax,01100,2,Chiari malformation,17,56,9393,0.7905185207852017,0.04221400523134998
0.1,0,T2ax+FLAIRax,01100,2,Schwannoma,18,38,9393,0.6758952431854623,0.0072160155880028175
0.1,0,T2ax+FLAIRax,01100,2,Cyst of pineal gland,19,103,9393,0.6370238381389323,0.0172724970356724
0.1,0,T2ax+FLAIRax,01100,2,Hemangioma of vertebral column,20,31,9393,0.5817460426845656,0.004847564636620585
0.1,0,T2ax+FLAIRax,01100,2,Cerebral edema,22,533,9393,0.893650235686243,0.5014152597528884
0.1,0,T2ax+FLAIRax,01100,2,Spinal stenosis,23,43,9393,0.5791418977739087,0.008727736318158019
0.1,0,T2ax+FLAIRax,01100,2,Mastoiditis,24,265,9393,0.7375250111620063,0.09646753979889286
0.1,0,T2ax+FLAIRax,01100,2,Chronic mastoiditis,25,211,9393,0.7868341211581282,0.08320904493927914
0.1,0,T2ax+FLAIRax,01100,2,Ventriculomegaly,26,889,9393,0.8949350375182407,0.5597445007124702
0.1,0,T2ax+FLAIRax,01100,2,Cerebellar degeneration,27,351,9393,0.824567970553372,0.17678539792838557
0.1,0,T2ax+FLAIRax,01100,2,Mega cisterna magna,28,104,9393,0.7371032321107679,0.04902597474897273
0.1,0,T2ax+FLAIRax,01100,2,Structure of cave of septum pellucidum,29,99,9393,0.702334296265865,0.047009385428939544
0.1,0,T2ax+FLAIRax,01100,2,Hyperostosis of skull,30,34,9393,0.7546023645060118,0.05076789599317814
0.1,0,T2ax+FLAIRax,01100,2,Watershed infarct,31,36,9393,0.8385403678766936,0.01903697862909693
0.1,0,T2ax+FLAIRax,01100,2,Foraminal Spinal Stenosis,33,60,9393,0.6866638094217651,0.011822543424470497
0.1,0,T2ax+FLAIRax,01100,2,Lipoma of brain,34,22,9393,0.5991307806482282,0.0032318402490963544
0.1,0,T2ax+FLAIRax,01100,2,Glioma,35,66,9393,0.7816164215327934,0.03942744515050489
0.1,0,T2ax+FLAIRax,01100,2,Pituitary adenoma,36,25,9393,0.507267292912041,0.004418817879008911
0.1,0,T1ax+SWIax,10001,2,Cerebral infarction,0,424,9393,0.7770796475070314,0.1842949961063405
0.1,0,T1ax+SWIax,10001,2,Cerebral hemorrhage,1,294,9393,0.8206833673132952,0.21508818729781565
0.1,0,T1ax+SWIax,10001,2,Metastatic malignant neoplasm to brain,2,373,9393,0.871641511565006,0.2669015397141827
0.1,0,T1ax+SWIax,10001,2,Intracranial meningioma,3,181,9393,0.7379013201613077,0.054777737086951064
0.1,0,T1ax+SWIax,10001,2,Demyelinating disease of central nervous system,4,250,9393,0.7943493382915892,0.18386815896661918
0.1,0,T1ax+SWIax,10001,2,Herniation of nucleus pulposus,5,138,9393,0.6960264330287586,0.028654683314494788
0.1,0,T1ax+SWIax,10001,2,Spinal cord compression,6,74,9393,0.6132298732899656,0.011867260662682136
0.1,0,T1ax+SWIax,10001,2,Lacunar infarct,7,213,9393,0.8020385201550626,0.12974757266786002
0.1,0,T1ax+SWIax,10001,2,Silent micro-hemorrhage of brain,8,195,9393,0.779353371134193,0.12189129893293174
0.1,0,T1ax+SWIax,10001,2,Cavernous hemangioma,9,78,9393,0.6018415293777613,0.01880580915413708
0.1,0,T1ax+SWIax,10001,2,Subdural intracranial hemorrhage,10,44,9393,0.8417842452765973,0.05157938802602592
0.1,0,T1ax+SWIax,10001,2,Gliosis,11,3534,9393,0.7735694692081496,0.6675994297163537
0.1,0,T1ax+SWIax,10001,2,Cerebral atrophy,12,1310,9393,0.9210158347601648,0.7053051300016873
0.1,0,T1ax+SWIax,10001,2,Encephalomalacia,13,236,9393,0.7307616845869512,0.10386309079056055
0.1,0,T1ax+SWIax,10001,2,Arachnoid cyst,14,389,9393,0.6827082850352714,0.09788488262867098
0.1,0,T1ax+SWIax,10001,2,Empty sella syndrome,15,351,9393,0.6837323260680924,0.07435201508762815
0.1,0,T1ax+SWIax,10001,2,Intracranial aneurysm,16,61,9393,0.6191212327756423,0.022068844863550423
0.1,0,T1ax+SWIax,10001,2,Chiari malformation,17,56,9393,0.7211133891277406,0.021060074697182588
0.1,0,T1ax+SWIax,10001,2,Schwannoma,18,38,9393,0.6328082365186081,0.006698290375157625
0.1,0,T1ax+SWIax,10001,2,Cyst of pineal gland,19,103,9393,0.6181414403210467,0.01579799195291496
0.1,0,T1ax+SWIax,10001,2,Hemangioma of vertebral column,20,31,9393,0.6257968038260366,0.005238897134309072
0.1,0,T1ax+SWIax,10001,2,Cerebral edema,22,533,9393,0.8762564639016767,0.4420623707282879
0.1,0,T1ax+SWIax,10001,2,Spinal stenosis,23,43,9393,0.6822435020519836,0.014975066700023316
0.1,0,T1ax+SWIax,10001,2,Mastoiditis,24,265,9393,0.6456947728738445,0.06530984483777753
0.1,0,T1ax+SWIax,10001,2,Chronic mastoiditis,25,211,9393,0.7970978661114214,0.0919100793904209
0.1,0,T1ax+SWIax,10001,2,Ventriculomegaly,26,889,9393,0.8915609884371228,0.5482531211871834
0.1,0,T1ax+SWIax,10001,2,Cerebellar degeneration,27,351,9393,0.80692680753508,0.16947675729584272
0.1,0,T1ax+SWIax,10001,2,Mega cisterna magna,28,104,9393,0.6959865680664475,0.03015708628755223
0.1,0,T1ax+SWIax,10001,2,Structure of cave of septum pellucidum,29,99,9393,0.6477318917602972,0.0499678321790327
0.1,0,T1ax+SWIax,10001,2,Hyperostosis of skull,30,34,9393,0.7132769338101732,0.04662106271088791
0.1,0,T1ax+SWIax,10001,2,Watershed infarct,31,36,9393,0.8154026100483298,0.01898929742425194
0.1,0,T1ax+SWIax,10001,2,Foraminal Spinal Stenosis,33,60,9393,0.6746794528376014,0.0176145186779207
0.1,0,T1ax+SWIax,10001,2,Lipoma of brain,34,22,9393,0.6131634345805725,0.003724763796998423
0.1,0,T1ax+SWIax,10001,2,Glioma,35,66,9393,0.7379471784425146,0.03460578905676719
0.1,0,T1ax+SWIax,10001,2,Pituitary adenoma,36,25,9393,0.5738428693424423,0.003235417633924331
0.1,0,T1ax+FLAIRsag,10010,2,Cerebral infarction,0,424,9393,0.7927483975201796,0.19531593563982963
0.1,0,T1ax+FLAIRsag,10010,2,Cerebral hemorrhage,1,294,9393,0.827690940097327,0.18491246442045003
0.1,0,T1ax+FLAIRsag,10010,2,Metastatic malignant neoplasm to brain,2,373,9393,0.8766503391331745,0.24159673091115885
0.1,0,T1ax+FLAIRsag,10010,2,Intracranial meningioma,3,181,9393,0.7358879722101608,0.04960794094124314
0.1,0,T1ax+FLAIRsag,10010,2,Demyelinating disease of central nervous system,4,250,9393,0.7814892267308322,0.23302548511314894
0.1,0,T1ax+FLAIRsag,10010,2,Herniation of nucleus pulposus,5,138,9393,0.7377837283411238,0.034413807556141006
0.1,0,T1ax+FLAIRsag,10010,2,Spinal cord compression,6,74,9393,0.6196255543020217,0.01267865519784754
0.1,0,T1ax+FLAIRsag,10010,2,Lacunar infarct,7,213,9393,0.8021188130964435,0.1258821793237325
0.1,0,T1ax+FLAIRsag,10010,2,Silent micro-hemorrhage of brain,8,195,9393,0.7442582278198716,0.0784481004547342
0.1,0,T1ax+FLAIRsag,10010,2,Cavernous hemangioma,9,78,9393,0.515581430557276,0.00995260388221406
0.1,0,T1ax+FLAIRsag,10010,2,Subdural intracranial hemorrhage,10,44,9393,0.8768536255700659,0.0826114110645797
0.1,0,T1ax+FLAIRsag,10010,2,Gliosis,11,3534,9393,0.7743734021916471,0.6671604241178989
0.1,0,T1ax+FLAIRsag,10010,2,Cerebral atrophy,12,1310,9393,0.9207452640684953,0.7235707620470566
0.1,0,T1ax+FLAIRsag,10010,2,Encephalomalacia,13,236,9393,0.7613037539124463,0.14278679263099828
0.1,0,T1ax+FLAIRsag,10010,2,Arachnoid cyst,14,389,9393,0.6962903662354007,0.10100160081922899
0.1,0,T1ax+FLAIRsag,10010,2,Empty sella syndrome,15,351,9393,0.7065955581770667,0.08153359352709201
0.1,0,T1ax+FLAIRsag,10010,2,Intracranial aneurysm,16,61,9393,0.6139389936267241,0.014893254508729342
0.1,0,T1ax+FLAIRsag,10010,2,Chiari malformation,17,56,9393,0.7204267966156153,0.01534710973210458
0.1,0,T1ax+FLAIRsag,10010,2,Schwannoma,18,38,9393,0.6954569748797435,0.00959215819444005
0.1,0,T1ax+FLAIRsag,10010,2,Cyst of pineal gland,19,103,9393,0.5886212338144158,0.01516893383512392
0.1,0,T1ax+FLAIRsag,10010,2,Hemangioma of vertebral column,20,31,9393,0.5645919330719242,0.004397156027801056
0.1,0,T1ax+FLAIRsag,10010,2,Cerebral edema,22,533,9393,0.8898326691202318,0.4741385879027084
0.1,0,T1ax+FLAIRsag,10010,2,Spinal stenosis,23,43,9393,0.6391816938191766,0.009580598797340207
0.1,0,T1ax+FLAIRsag,10010,2,Mastoiditis,24,265,9393,0.6616700841697948,0.07417445251348509
0.1,0,T1ax+FLAIRsag,10010,2,Chronic mastoiditis,25,211,9393,0.776797484466311,0.0995197403270182
0.1,0,T1ax+FLAIRsag,10010,2,Ventriculomegaly,26,889,9393,0.9035329897027219,0.5768358568093418
0.1,0,T1ax+FLAIRsag,10010,2,Cerebellar degeneration,27,351,9393,0.8235918357572859,0.17471244321656224
0.1,0,T1ax+FLAIRsag,10010,2,Mega cisterna magna,28,104,9393,0.6982348849342068,0.04732225351967157
0.1,0,T1ax+FLAIRsag,10010,2,Structure of cave of septum pellucidum,29,99,9393,0.675899298559079,0.023794595390938908
0.1,0,T1ax+FLAIRsag,10010,2,Hyperostosis of skull,30,34,9393,0.7592408691225181,0.04232718985806957
0.1,0,T1ax+FLAIRsag,10010,2,Watershed infarct,31,36,9393,0.818403928134611,0.018845119421748463
0.1,0,T1ax+FLAIRsag,10010,2,Foraminal Spinal Stenosis,33,60,9393,0.7377317047037394,0.015116433620512763
0.1,0,T1ax+FLAIRsag,10010,2,Lipoma of brain,34,22,9393,0.6171602914213095,0.006257625803471776
0.1,0,T1ax+FLAIRsag,10010,2,Glioma,35,66,9393,0.7606070352934297,0.03216396523258646
0.1,0,T1ax+FLAIRsag,10010,2,Pituitary adenoma,36,25,9393,0.5746157130657558,0.003603174654935413
0.1,0,T1ax+FLAIRax,10100,2,Cerebral infarction,0,424,9393,0.8048364176818685,0.2162112213261324
0.1,0,T1ax+FLAIRax,10100,2,Cerebral hemorrhage,1,294,9393,0.8208211188640749,0.19691430690328032
0.1,0,T1ax+FLAIRax,10100,2,Metastatic malignant neoplasm to brain,2,373,9393,0.88172842001391,0.26729447094588427
0.1,0,T1ax+FLAIRax,10100,2,Intracranial meningioma,3,181,9393,0.7398840810568967,0.07415403875589166
0.1,0,T1ax+FLAIRax,10100,2,Demyelinating disease of central nervous system,4,250,9393,0.825971344197747,0.2731450446693353
0.1,0,T1ax+FLAIRax,10100,2,Herniation of nucleus pulposus,5,138,9393,0.6944573634306564,0.029083773120915393
0.1,0,T1ax+FLAIRax,10100,2,Spinal cord compression,6,74,9393,0.6071785918335978,0.012031678769598524
0.1,0,T1ax+FLAIRax,10100,2,Lacunar infarct,7,213,9393,0.8095282661838863,0.14012279766084954
0.1,0,T1ax+FLAIRax,10100,2,Silent micro-hemorrhage of brain,8,195,9393,0.7307268581241184,0.06433005009376505
0.1,0,T1ax+FLAIRax,10100,2,Cavernous hemangioma,9,78,9393,0.50297287253809,0.00890345203603422
0.1,0,T1ax+FLAIRax,10100,2,Subdural intracranial hemorrhage,10,44,9393,0.803240988340999,0.09376404137253583
0.1,0,T1ax+FLAIRax,10100,2,Gliosis,11,3534,9393,0.7803302142897227,0.6746097196731548
0.1,0,T1ax+FLAIRax,10100,2,Cerebral atrophy,12,1310,9393,0.9225428356375127,0.7207426421326941
0.1,0,T1ax+FLAIRax,10100,2,Encephalomalacia,13,236,9393,0.7654651530828503,0.13666767226172297
0.1,0,T1ax+FLAIRax,10100,2,Arachnoid cyst,14,389,9393,0.7209195227713704,0.11003705844518019
0.1,0,T1ax+FLAIRax,10100,2,Empty sella syndrome,15,351,9393,0.7227770877405915,0.0987842226992351
0.1,0,T1ax+FLAIRax,10100,2,Intracranial aneurysm,16,61,9393,0.6403420629176533,0.0168045537535838
0.1,0,T1ax+FLAIRax,10100,2,Chiari malformation,17,56,9393,0.7801756452822106,0.029682699217469632
0.1,0,T1ax+FLAIRax,10100,2,Schwannoma,18,38,9393,0.7129905201271484,0.008625355456442944
0.1,0,T1ax+FLAIRax,10100,2,Cyst of pineal gland,19,103,9393,0.5757229299695883,0.013615608525752313
0.1,0,T1ax+FLAIRax,10100,2,Hemangioma of vertebral column,20,31,9393,0.5386531689534217,0.0036428014951743718
0.1,0,T1ax+FLAIRax,10100,2,Cerebral edema,22,533,9393,0.9016678030992846,0.4931657039715054
0.1,0,T1ax+FLAIRax,10100,2,Spinal stenosis,23,43,9393,0.6330033577913196,0.010704087564426625
0.1,0,T1ax+FLAIRax,10100,2,Mastoiditis,24,265,9393,0.6744638102955037,0.06308519461694931
0.1,0,T1ax+FLAIRax,10100,2,Chronic mastoiditis,25,211,9393,0.7937240180406544,0.09877818164378199
0.1,0,T1ax+FLAIRax,10100,2,Ventriculomegaly,26,889,9393,0.8988528656401485,0.5634315677774158
0.1,0,T1ax+FLAIRax,10100,2,Cerebellar degeneration,27,351,9393,0.8356106135911489,0.1963610266870374
0.1,0,T1ax+FLAIRax,10100,2,Mega cisterna magna,28,104,9393,0.7311201421035634,0.038622387275567
0.1,0,T1ax+FLAIRax,10100,2,Structure of cave of septum pellucidum,29,99,9393,0.7185574270790539,0.04834880797245998
0.1,0,T1ax+FLAIRax,10100,2,Hyperostosis of skull,30,34,9393,0.7630497225068037,0.04060481058575466
0.1,0,T1ax+FLAIRax,10100,2,Watershed infarct,31,36,9393,0.8199832567418333,0.02096067078012563
0.1,0,T1ax+FLAIRax,10100,2,Foraminal Spinal Stenosis,33,60,9393,0.720102503660845,0.01509592942810658
0.1,0,T1ax+FLAIRax,10100,2,Lipoma of brain,34,22,9393,0.6755270127375559,0.005124691181034068
0.1,0,T1ax+FLAIRax,10100,2,Glioma,35,66,9393,0.7396886198751751,0.03056706297576919
0.1,0,T1ax+FLAIRax,10100,2,Pituitary adenoma,36,25,9393,0.5178757472245943,0.0031548739300208536
0.1,0,T1ax+T2ax,11000,2,Cerebral infarction,0,424,9393,0.8063997164236564,0.20610145334465735
0.1,0,T1ax+T2ax,11000,2,Cerebral hemorrhage,1,294,9393,0.8022829749550111,0.19442252196587623
0.1,0,T1ax+T2ax,11000,2,Metastatic malignant neoplasm to brain,2,373,9393,0.8671008126118308,0.2667968016377343
0.1,0,T1ax+T2ax,11000,2,Intracranial meningioma,3,181,9393,0.7321023742752067,0.05872488820795152
0.1,0,T1ax+T2ax,11000,2,Demyelinating disease of central nervous system,4,250,9393,0.8266748332057312,0.26034747186831564
0.1,0,T1ax+T2ax,11000,2,Herniation of nucleus pulposus,5,138,9393,0.6970756113029386,0.03378542114016697
0.1,0,T1ax+T2ax,11000,2,Spinal cord compression,6,74,9393,0.5793801098018289,0.010061365479307196
0.1,0,T1ax+T2ax,11000,2,Lacunar infarct,7,213,9393,0.8129997852035963,0.12547173129730638
0.1,0,T1ax+T2ax,11000,2,Silent micro-hemorrhage of brain,8,195,9393,0.7259493423876986,0.061950910777674124
0.1,0,T1ax+T2ax,11000,2,Cavernous hemangioma,9,78,9393,0.5514664794858031,0.011070065939526488
0.1,0,T1ax+T2ax,11000,2,Subdural intracranial hemorrhage,10,44,9393,0.8138157702817025,0.03408714301537252
0.1,0,T1ax+T2ax,11000,2,Gliosis,11,3534,9393,0.7789104365724115,0.674402947760598
0.1,0,T1ax+T2ax,11000,2,Cerebral atrophy,12,1310,9393,0.9181947221243719,0.7118812892631372
0.1,0,T1ax+T2ax,11000,2,Encephalomalacia,13,236,9393,0.7500689479012999,0.12165403781546343
0.1,0,T1ax+T2ax,11000,2,Arachnoid cyst,14,389,9393,0.6945978879424055,0.12190578587424634
0.1,0,T1ax+T2ax,11000,2,Empty sella syndrome,15,351,9393,0.7248670496845679,0.09581089784073071
0.1,0,T1ax+T2ax,11000,2,Intracranial aneurysm,16,61,9393,0.721111212608827,0.017085829624416272
0.1,0,T1ax+T2ax,11000,2,Chiari malformation,17,56,9393,0.7937850946311907,0.03846978420774442
0.1,0,T1ax+T2ax,11000,2,Schwannoma,18,38,9393,0.6768263523587161,0.007147351375855208
0.1,0,T1ax+T2ax,11000,2,Cyst of pineal gland,19,103,9393,0.6005747907239228,0.016337015556662185
0.1,0,T1ax+T2ax,11000,2,Hemangioma of vertebral column,20,31,9393,0.6103396710104678,0.004788681691571444
0.1,0,T1ax+T2ax,11000,2,Cerebral edema,22,533,9393,0.8831220698037854,0.4574350877873503
0.1,0,T1ax+T2ax,11000,2,Spinal stenosis,23,43,9393,0.5962168884467106,0.012808953768104946
0.1,0,T1ax+T2ax,11000,2,Mastoiditis,24,265,9393,0.7012261670497577,0.07807319361858754
0.1,0,T1ax+T2ax,11000,2,Chronic mastoiditis,25,211,9393,0.8108926283755256,0.10190540193557215
0.1,0,T1ax+T2ax,11000,2,Ventriculomegaly,26,889,9393,0.8978171590263353,0.5697325414134
0.1,0,T1ax+T2ax,11000,2,Cerebellar degeneration,27,351,9393,0.8245503257668707,0.19787173891541024
0.1,0,T1ax+T2ax,11000,2,Mega cisterna magna,28,104,9393,0.7671708472386694,0.04423608303035814
0.1,0,T1ax+T2ax,11000,2,Structure of cave of septum pellucidum,29,99,9393,0.7516710031235532,0.03833514706132339
0.1,0,T1ax+T2ax,11000,2,Hyperostosis of skull,30,34,9393,0.7495458916550913,0.018954687991695994
0.1,0,T1ax+T2ax,11000,2,Watershed infarct,31,36,9393,0.8628507475092919,0.02082765672712586
0.1,0,T1ax+T2ax,11000,2,Foraminal Spinal Stenosis,33,60,9393,0.6655701989356763,0.010581850061605256
0.1,0,T1ax+T2ax,11000,2,Lipoma of brain,34,22,9393,0.6697645540885324,0.0038459392310836167
0.1,0,T1ax+T2ax,11000,2,Glioma,35,66,9393,0.7538508273471284,0.02550796850701817
0.1,0,T1ax+T2ax,11000,2,Pituitary adenoma,36,25,9393,0.5546242527754056,0.0049233282912072625
0.1,0,FLAIRax+FLAIRsag+SWIax,00111,3,Cerebral infarction,0,424,9393,0.8134544142612815,0.2543925891280131
0.1,0,FLAIRax+FLAIRsag+SWIax,00111,3,Cerebral hemorrhage,1,294,9393,0.8325677561935864,0.2091179932327793
0.1,0,FLAIRax+FLAIRsag+SWIax,00111,3,Metastatic malignant neoplasm to brain,2,373,9393,0.904410217390012,0.3145991586521282
0.1,0,FLAIRax+FLAIRsag+SWIax,00111,3,Intracranial meningioma,3,181,9393,0.7246043474401633,0.06810144946675262
0.1,0,FLAIRax+FLAIRsag+SWIax,00111,3,Demyelinating disease of central nervous system,4,250,9393,0.808059499070327,0.22438192030482598
0.1,0,FLAIRax+FLAIRsag+SWIax,00111,3,Herniation of nucleus pulposus,5,138,9393,0.7224469342854235,0.03460263921436824
0.1,0,FLAIRax+FLAIRsag+SWIax,00111,3,Spinal cord compression,6,74,9393,0.6084720840595935,0.011726169851214208
0.1,0,FLAIRax+FLAIRsag+SWIax,00111,3,Lacunar infarct,7,213,9393,0.8218826393363814,0.14231460945100594
0.1,0,FLAIRax+FLAIRsag+SWIax,00111,3,Silent micro-hemorrhage of brain,8,195,9393,0.7670145683844314,0.12325475086727158
0.1,0,FLAIRax+FLAIRsag+SWIax,00111,3,Cavernous hemangioma,9,78,9393,0.5447210867500722,0.01485260852889822
0.1,0,FLAIRax+FLAIRsag+SWIax,00111,3,Subdural intracranial hemorrhage,10,44,9393,0.9077660226178784,0.11141532290301115
0.1,0,FLAIRax+FLAIRsag+SWIax,00111,3,Gliosis,11,3534,9393,0.7896679543310429,0.6833590209544977
0.1,0,FLAIRax+FLAIRsag+SWIax,00111,3,Cerebral atrophy,12,1310,9393,0.9232244093484299,0.7246929636659589
0.1,0,FLAIRax+FLAIRsag+SWIax,00111,3,Encephalomalacia,13,236,9393,0.7845387339129275,0.15506772871058425
0.1,0,FLAIRax+FLAIRsag+SWIax,00111,3,Arachnoid cyst,14,389,9393,0.7068290985211942,0.10194756620239481
0.1,0,FLAIRax+FLAIRsag+SWIax,00111,3,Empty sella syndrome,15,351,9393,0.7192359996496249,0.08704599604660687
0.1,0,FLAIRax+FLAIRsag+SWIax,00111,3,Intracranial aneurysm,16,61,9393,0.6512124682917232,0.0215199405273691
0.1,0,FLAIRax+FLAIRsag+SWIax,00111,3,Chiari malformation,17,56,9393,0.7075842653651372,0.02293965431664989
0.1,0,FLAIRax+FLAIRsag+SWIax,00111,3,Schwannoma,18,38,9393,0.7147908520633491,0.010116353038101492
0.1,0,FLAIRax+FLAIRsag+SWIax,00111,3,Cyst of pineal gland,19,103,9393,0.57048606393763,0.014238673899420901
0.1,0,FLAIRax+FLAIRsag+SWIax,00111,3,Hemangioma of vertebral column,20,31,9393,0.5821819159126462,0.005247445766167105
0.1,0,FLAIRax+FLAIRsag+SWIax,00111,3,Cerebral edema,22,533,9393,0.9020756482959863,0.5378318400545673
0.1,0,FLAIRax+FLAIRsag+SWIax,00111,3,Spinal stenosis,23,43,9393,0.6695833851511006,0.011143073984221818
0.1,0,FLAIRax+FLAIRsag+SWIax,00111,3,Mastoiditis,24,265,9393,0.7198381922510874,0.07635099673440288
0.1,0,FLAIRax+FLAIRsag+SWIax,00111,3,Chronic mastoiditis,25,211,9393,0.7602294206365019,0.06877624380398406
0.1,0,FLAIRax+FLAIRsag+SWIax,00111,3,Ventriculomegaly,26,889,9393,0.9024056832383252,0.5725015731599631
0.1,0,FLAIRax+FLAIRsag+SWIax,00111,3,Cerebellar degeneration,27,351,9393,0.8097287051058341,0.1624555951004687
0.1,0,FLAIRax+FLAIRsag+SWIax,00111,3,Mega cisterna magna,28,104,9393,0.7179045521170616,0.03578257280664183
0.1,0,FLAIRax+FLAIRsag+SWIax,00111,3,Structure of cave of septum pellucidum,29,99,9393,0.6575742360119378,0.033372515086119006
0.1,0,FLAIRax+FLAIRsag+SWIax,00111,3,Hyperostosis of skull,30,34,9393,0.733320553352231,0.02910948511199202
0.1,0,FLAIRax+FLAIRsag+SWIax,00111,3,Watershed infarct,31,36,9393,0.798415921532305,0.02081393975329467
0.1,0,FLAIRax+FLAIRsag+SWIax,00111,3,Foraminal Spinal Stenosis,33,60,9393,0.7014554091217544,0.014000111913104903
0.1,0,FLAIRax+FLAIRsag+SWIax,00111,3,Lipoma of brain,34,22,9393,0.5324356573956404,0.0024502925241313314
0.1,0,FLAIRax+FLAIRsag+SWIax,00111,3,Glioma,35,66,9393,0.782639843270271,0.057829898873346185
0.1,0,FLAIRax+FLAIRsag+SWIax,00111,3,Pituitary adenoma,36,25,9393,0.5413065755764305,0.004275561298698848
0.1,0,T2ax+FLAIRsag+SWIax,01011,3,Cerebral infarction,0,424,9393,0.8003305936380447,0.23562174386040652
0.1,0,T2ax+FLAIRsag+SWIax,01011,3,Cerebral hemorrhage,1,294,9393,0.820401509323369,0.1906069897189837
0.1,0,T2ax+FLAIRsag+SWIax,01011,3,Metastatic malignant neoplasm to brain,2,373,9393,0.8948559352763891,0.3063038094972237
0.1,0,T2ax+FLAIRsag+SWIax,01011,3,Intracranial meningioma,3,181,9393,0.7131545929762524,0.06726044296916137
0.1,0,T2ax+FLAIRsag+SWIax,01011,3,Demyelinating disease of central nervous system,4,250,9393,0.8135482883079952,0.20389717108352665
0.1,0,T2ax+FLAIRsag+SWIax,01011,3,Herniation of nucleus pulposus,5,138,9393,0.7328901729578214,0.037132677497079034
0.1,0,T2ax+FLAIRsag+SWIax,01011,3,Spinal cord compression,6,74,9393,0.6214461591111446,0.012221057207345724
0.1,0,T2ax+FLAIRsag+SWIax,01011,3,Lacunar infarct,7,213,9393,0.8020482371352297,0.13646377166858306
0.1,0,T2ax+FLAIRsag+SWIax,01011,3,Silent micro-hemorrhage of brain,8,195,9393,0.7601680409899588,0.09892957430429722
0.1,0,T2ax+FLAIRsag+SWIax,01011,3,Cavernous hemangioma,9,78,9393,0.5797624454629285,0.013150171309750594
0.1,0,T2ax+FLAIRsag+SWIax,01011,3,Subdural intracranial hemorrhage,10,44,9393,0.863167183656006,0.05290064558387266
0.1,0,T2ax+FLAIRsag+SWIax,01011,3,Gliosis,11,3534,9393,0.7821011512478735,0.6813046570864648
0.1,0,T2ax+FLAIRsag+SWIax,01011,3,Cerebral atrophy,12,1310,9393,0.9213940670883101,0.7231812060128083
0.1,0,T2ax+FLAIRsag+SWIax,01011,3,Encephalomalacia,13,236,9393,0.7607008068292666,0.13446888634039061
0.1,0,T2ax+FLAIRsag+SWIax,01011,3,Arachnoid cyst,14,389,9393,0.7163091753565111,0.11494945368532089
0.1,0,T2ax+FLAIRsag+SWIax,01011,3,Empty sella syndrome,15,351,9393,0.7170299287087608,0.08827720261192107
0.1,0,T2ax+FLAIRsag+SWIax,01011,3,Intracranial aneurysm,16,61,9393,0.6732150260341642,0.022650177471043715
0.1,0,T2ax+FLAIRsag+SWIax,01011,3,Chiari malformation,17,56,9393,0.7398254257256076,0.031944986033030705
0.1,0,T2ax+FLAIRsag+SWIax,01011,3,Schwannoma,18,38,9393,0.6872317083462264,0.008423170860742084
0.1,0,T2ax+FLAIRsag+SWIax,01011,3,Cyst of pineal gland,19,103,9393,0.5717934515660434,0.014720075247450979
0.1,0,T2ax+FLAIRsag+SWIax,01011,3,Hemangioma of vertebral column,20,31,9393,0.5963228149485567,0.00616331196181797
0.1,0,T2ax+FLAIRsag+SWIax,01011,3,Cerebral edema,22,533,9393,0.888893735785769,0.4879325952860921
0.1,0,T2ax+FLAIRsag+SWIax,01011,3,Spinal stenosis,23,43,9393,0.639661733615222,0.008398739535305556
0.1,0,T2ax+FLAIRsag+SWIax,01011,3,Mastoiditis,24,265,9393,0.7314876060390588,0.09739023810674792
0.1,0,T2ax+FLAIRsag+SWIax,01011,3,Chronic mastoiditis,25,211,9393,0.782267180481903,0.08272355187192251
0.1,0,T2ax+FLAIRsag+SWIax,01011,3,Ventriculomegaly,26,889,9393,0.8974221884070701,0.5712858352486607
0.1,0,T2ax+FLAIRsag+SWIax,01011,3,Cerebellar degeneration,27,351,9393,0.799970507999705,0.17451298713794222
0.1,0,T2ax+FLAIRsag+SWIax,01011,3,Mega cisterna magna,28,104,9393,0.7289059847462259,0.03794204490868115
0.1,0,T2ax+FLAIRsag+SWIax,01011,3,Structure of cave of septum pellucidum,29,99,9393,0.6735332668192577,0.02294077870571111
0.1,0,T2ax+FLAIRsag+SWIax,01011,3,Hyperostosis of skull,30,34,9393,0.7851580422745014,0.03634020388425782
0.1,0,T2ax+FLAIRsag+SWIax,01011,3,Watershed infarct,31,36,9393,0.8165158585966537,0.02337787799151386
0.1,0,T2ax+FLAIRsag+SWIax,01011,3,Foraminal Spinal Stenosis,33,60,9393,0.6771054323368692,0.01249344829417208
0.1,0,T2ax+FLAIRsag+SWIax,01011,3,Lipoma of brain,34,22,9393,0.5770316547181342,0.003944154500159829
0.1,0,T2ax+FLAIRsag+SWIax,01011,3,Glioma,35,66,9393,0.7713302208316682,0.060837021295946134
0.1,0,T2ax+FLAIRsag+SWIax,01011,3,Pituitary adenoma,36,25,9393,0.4756447480785653,0.0034719516765037203
0.1,0,T2ax+FLAIRax+SWIax,01101,3,Cerebral infarction,0,424,9393,0.8075964485639214,0.22867928761100825
0.1,0,T2ax+FLAIRax+SWIax,01101,3,Cerebral hemorrhage,1,294,9393,0.8150705056173475,0.20423297558108533
0.1,0,T2ax+FLAIRax+SWIax,01101,3,Metastatic malignant neoplasm to brain,2,373,9393,0.8865401877270053,0.3168786544566896
0.1,0,T2ax+FLAIRax+SWIax,01101,3,Intracranial meningioma,3,181,9393,0.7397491381647286,0.06993150832207726
0.1,0,T2ax+FLAIRax+SWIax,01101,3,Demyelinating disease of central nervous system,4,250,9393,0.8357681286229903,0.2599763237341377
0.1,0,T2ax+FLAIRax+SWIax,01101,3,Herniation of nucleus pulposus,5,138,9393,0.717883400277171,0.0315141248828338
0.1,0,T2ax+FLAIRax+SWIax,01101,3,Spinal cord compression,6,74,9393,0.5925586494317046,0.010966450089800524
0.1,0,T2ax+FLAIRax+SWIax,01101,3,Lacunar infarct,7,213,9393,0.8082159624413147,0.1675685197394297
0.1,0,T2ax+FLAIRax+SWIax,01101,3,Silent micro-hemorrhage of brain,8,195,9393,0.7768556152117797,0.11008638938385157
0.1,0,T2ax+FLAIRax+SWIax,01101,3,Cavernous hemangioma,9,78,9393,0.5632561212271358,0.012580814574679616
0.1,0,T2ax+FLAIRax+SWIax,01101,3,Subdural intracranial hemorrhage,10,44,9393,0.8247965266095547,0.06761768752703504
0.1,0,T2ax+FLAIRax+SWIax,01101,3,Gliosis,11,3534,9393,0.7868792302952625,0.6937015677739504
0.1,0,T2ax+FLAIRax+SWIax,01101,3,Cerebral atrophy,12,1310,9393,0.9215074895667374,0.7203374436943188
0.1,0,T2ax+FLAIRax+SWIax,01101,3,Encephalomalacia,13,236,9393,0.7445059165628591,0.11677810202684945
0.1,0,T2ax+FLAIRax+SWIax,01101,3,Arachnoid cyst,14,389,9393,0.7161324472756467,0.12976610601204952
0.1,0,T2ax+FLAIRax+SWIax,01101,3,Empty sella syndrome,15,351,9393,0.7148652915076272,0.09453712178831081
0.1,0,T2ax+FLAIRax+SWIax,01101,3,Intracranial aneurysm,16,61,9393,0.6356271036377563,0.020559367499099524
0.1,0,T2ax+FLAIRax+SWIax,01101,3,Chiari malformation,17,56,9393,0.760384950810141,0.05209388374293747
0.1,0,T2ax+FLAIRax+SWIax,01101,3,Schwannoma,18,38,9393,0.6838335818166474,0.007945896523850665
0.1,0,T2ax+FLAIRax+SWIax,01101,3,Cyst of pineal gland,19,103,9393,0.6182234786334612,0.019165483029656392
0.1,0,T2ax+FLAIRax+SWIax,01101,3,Hemangioma of vertebral column,20,31,9393,0.5358897671437728,0.006946318514564105
0.1,0,T2ax+FLAIRax+SWIax,01101,3,Cerebral edema,22,533,9393,0.8972674795336251,0.518167300717404
0.1,0,T2ax+FLAIRax+SWIax,01101,3,Spinal stenosis,23,43,9393,0.6007586121129213,0.007915436184271346
0.1,0,T2ax+FLAIRax+SWIax,01101,3,Mastoiditis,24,265,9393,0.7229656210209515,0.0898414090550326
0.1,0,T2ax+FLAIRax+SWIax,01101,3,Chronic mastoiditis,25,211,9393,0.8019791452677347,0.08722920471338368
0.1,0,T2ax+FLAIRax+SWIax,01101,3,Ventriculomegaly,26,889,9393,0.8990424145006333,0.5660004629185069
0.1,0,T2ax+FLAIRax+SWIax,01101,3,Cerebellar degeneration,27,351,9393,0.8173046202243283,0.17603004522900234
0.1,0,T2ax+FLAIRax+SWIax,01101,3,Mega cisterna magna,28,104,9393,0.7189138103795225,0.038180237954476504
0.1,0,T2ax+FLAIRax+SWIax,01101,3,Structure of cave of septum pellucidum,29,99,9393,0.6776795282282694,0.03113950374589986
0.1,0,T2ax+FLAIRax+SWIax,01101,3,Hyperostosis of skull,30,34,9393,0.7435340628397956,0.05579529270599662
0.1,0,T2ax+FLAIRax+SWIax,01101,3,Watershed infarct,31,36,9393,0.7969672140880861,0.019935958493176736
0.1,0,T2ax+FLAIRax+SWIax,01101,3,Foraminal Spinal Stenosis,33,60,9393,0.6515768420300725,0.011194895938170583
0.1,0,T2ax+FLAIRax+SWIax,01101,3,Lipoma of brain,34,22,9393,0.6266819297445698,0.003396945511161664
0.1,0,T2ax+FLAIRax+SWIax,01101,3,Glioma,35,66,9393,0.8105841301402574,0.09050296973712174
0.1,0,T2ax+FLAIRax+SWIax,01101,3,Pituitary adenoma,36,25,9393,0.46774978650725874,0.003290729532072031
0.1,0,T2ax+FLAIRax+FLAIRsag,01110,3,Cerebral infarction,0,424,9393,0.8144836407163458,0.24190778449024658
0.1,0,T2ax+FLAIRax+FLAIRsag,01110,3,Cerebral hemorrhage,1,294,9393,0.8205603815325448,0.18843747043039458
0.1,0,T2ax+FLAIRax+FLAIRsag,01110,3,Metastatic malignant neoplasm to brain,2,373,9393,0.8925809788197809,0.2992220575725185
0.1,0,T2ax+FLAIRax+FLAIRsag,01110,3,Intracranial meningioma,3,181,9393,0.7326247532044439,0.06033863969180968
0.1,0,T2ax+FLAIRax+FLAIRsag,01110,3,Demyelinating disease of central nervous system,4,250,9393,0.8431547632068249,0.27567746288039646
0.1,0,T2ax+FLAIRax+FLAIRsag,01110,3,Herniation of nucleus pulposus,5,138,9393,0.7225393246110602,0.03408691772371922
0.1,0,T2ax+FLAIRax+FLAIRsag,01110,3,Spinal cord compression,6,74,9393,0.571371188765759,0.010367354922688221
0.1,0,T2ax+FLAIRax+FLAIRsag,01110,3,Lacunar infarct,7,213,9393,0.8129317663424264,0.13237151720713525
0.1,0,T2ax+FLAIRax+FLAIRsag,01110,3,Silent micro-hemorrhage of brain,8,195,9393,0.7256092461571914,0.07077588576368306
0.1,0,T2ax+FLAIRax+FLAIRsag,01110,3,Cavernous hemangioma,9,78,9393,0.48393960664492064,0.008104398393515429
0.1,0,T2ax+FLAIRax+FLAIRsag,01110,3,Subdural intracranial hemorrhage,10,44,9393,0.8795836209998152,0.10365783218021883
0.1,0,T2ax+FLAIRax+FLAIRsag,01110,3,Gliosis,11,3534,9393,0.7865141376971159,0.6849048078345965
0.1,0,T2ax+FLAIRax+FLAIRsag,01110,3,Cerebral atrophy,12,1310,9393,0.9275369189695082,0.7392657232038755
0.1,0,T2ax+FLAIRax+FLAIRsag,01110,3,Encephalomalacia,13,236,9393,0.7709342486899899,0.15470679710122073
0.1,0,T2ax+FLAIRax+FLAIRsag,01110,3,Arachnoid cyst,14,389,9393,0.7267344190927997,0.12741134652296118
0.1,0,T2ax+FLAIRax+FLAIRsag,01110,3,Empty sella syndrome,15,351,9393,0.7508855477225307,0.10707551267958325
0.1,0,T2ax+FLAIRax+FLAIRsag,01110,3,Intracranial aneurysm,16,61,9393,0.6813344529312151,0.029580308417071276
0.1,0,T2ax+FLAIRax+FLAIRsag,01110,3,Chiari malformation,17,56,9393,0.7260419376061445,0.023511314996493088
0.1,0,T2ax+FLAIRax+FLAIRsag,01110,3,Schwannoma,18,38,9393,0.6885566401305241,0.008034353026523462
0.1,0,T2ax+FLAIRax+FLAIRsag,01110,3,Cyst of pineal gland,19,103,9393,0.6110704693427529,0.015701716002921095
0.1,0,T2ax+FLAIRax+FLAIRsag,01110,3,Hemangioma of vertebral column,20,31,9393,0.5757178987120204,0.004205720378290296
0.1,0,T2ax+FLAIRax+FLAIRsag,01110,3,Cerebral edema,22,533,9393,0.8956678623914214,0.5094902609876001
0.1,0,T2ax+FLAIRax+FLAIRsag,01110,3,Spinal stenosis,23,43,9393,0.5903793060564605,0.0311707111905657
0.1,0,T2ax+FLAIRax+FLAIRsag,01110,3,Mastoiditis,24,265,9393,0.7355170902716914,0.09396750749742408
0.1,0,T2ax+FLAIRax+FLAIRsag,01110,3,Chronic mastoiditis,25,211,9393,0.7748484826587357,0.08457402373218464
0.1,0,T2ax+FLAIRax+FLAIRsag,01110,3,Ventriculomegaly,26,889,9393,0.9004726949112546,0.5694577213505314
0.1,0,T2ax+FLAIRax+FLAIRsag,01110,3,Cerebellar degeneration,27,351,9393,0.8331874487592249,0.17904340646804284
0.1,0,T2ax+FLAIRax+FLAIRsag,01110,3,Mega cisterna magna,28,104,9393,0.7515930753496691,0.048385870753670825
0.1,0,T2ax+FLAIRax+FLAIRsag,01110,3,Structure of cave of septum pellucidum,29,99,9393,0.7040721395143603,0.033833700920364064
0.1,0,T2ax+FLAIRax+FLAIRsag,01110,3,Hyperostosis of skull,30,34,9393,0.7489959334519146,0.054573111643283594
0.1,0,T2ax+FLAIRax+FLAIRsag,01110,3,Watershed infarct,31,36,9393,0.8225155261064206,0.018473427161144744
0.1,0,T2ax+FLAIRax+FLAIRsag,01110,3,Foraminal Spinal Stenosis,33,60,9393,0.7063716561305761,0.012474048524735767
0.1,0,T2ax+FLAIRax+FLAIRsag,01110,3,Lipoma of brain,34,22,9393,0.5841522686043015,0.0035043323624324506
0.1,0,T2ax+FLAIRax+FLAIRsag,01110,3,Glioma,35,66,9393,0.7526438394884842,0.040380994383164795
0.1,0,T2ax+FLAIRax+FLAIRsag,01110,3,Pituitary adenoma,36,25,9393,0.5191417591801879,0.004401056062382046
0.1,0,T1ax+FLAIRsag+SWIax,10011,3,Cerebral infarction,0,424,9393,0.7914513460409756,0.21023920479584285
0.1,0,T1ax+FLAIRsag+SWIax,10011,3,Cerebral hemorrhage,1,294,9393,0.8297402046872163,0.20278121011729464
0.1,0,T1ax+FLAIRsag+SWIax,10011,3,Metastatic malignant neoplasm to brain,2,373,9393,0.8870267442620807,0.283006001871366
0.1,0,T1ax+FLAIRsag+SWIax,10011,3,Intracranial meningioma,3,181,9393,0.7313263027086937,0.06126243991246592
0.1,0,T1ax+FLAIRsag+SWIax,10011,3,Demyelinating disease of central nervous system,4,250,9393,0.789612162309964,0.1953067363056405
0.1,0,T1ax+FLAIRsag+SWIax,10011,3,Herniation of nucleus pulposus,5,138,9393,0.7188507583053422,0.03074441174158849
0.1,0,T1ax+FLAIRsag+SWIax,10011,3,Spinal cord compression,6,74,9393,0.6383268127017456,0.013047183196459203
0.1,0,T1ax+FLAIRsag+SWIax,10011,3,Lacunar infarct,7,213,9393,0.8219828776581055,0.13603564009894167
0.1,0,T1ax+FLAIRsag+SWIax,10011,3,Silent micro-hemorrhage of brain,8,195,9393,0.7781435206092739,0.11582455742826127
0.1,0,T1ax+FLAIRsag+SWIax,10011,3,Cavernous hemangioma,9,78,9393,0.5900367480077625,0.013221974736793696
0.1,0,T1ax+FLAIRsag+SWIax,10011,3,Subdural intracranial hemorrhage,10,44,9393,0.8954117601299119,0.07811426054567622
0.1,0,T1ax+FLAIRsag+SWIax,10011,3,Gliosis,11,3534,9393,0.7789989870425089,0.6714185024724267
0.1,0,T1ax+FLAIRsag+SWIax,10011,3,Cerebral atrophy,12,1310,9393,0.9218845886144987,0.7193082819877015
0.1,0,T1ax+FLAIRsag+SWIax,10011,3,Encephalomalacia,13,236,9393,0.7525288609436517,0.131647493374111
0.1,0,T1ax+FLAIRsag+SWIax,10011,3,Arachnoid cyst,14,389,9393,0.6902753303587438,0.09827271107668205
0.1,0,T1ax+FLAIRsag+SWIax,10011,3,Empty sella syndrome,15,351,9393,0.7034481693849091,0.07823129319184079
0.1,0,T1ax+FLAIRsag+SWIax,10011,3,Intracranial aneurysm,16,61,9393,0.6400662623934568,0.02636126545012959
0.1,0,T1ax+FLAIRsag+SWIax,10011,3,Chiari malformation,17,56,9393,0.7189560733793355,0.019380629276710006
0.1,0,T1ax+FLAIRsag+SWIax,10011,3,Schwannoma,18,38,9393,0.665515204365805,0.010025083156305847
0.1,0,T1ax+FLAIRsag+SWIax,10011,3,Cyst of pineal gland,19,103,9393,0.5917183107423161,0.015880274288017436
0.1,0,T1ax+FLAIRsag+SWIax,10011,3,Hemangioma of vertebral column,20,31,9393,0.6201183921274058,0.005126952294450545
0.1,0,T1ax+FLAIRsag+SWIax,10011,3,Cerebral edema,22,533,9393,0.8890769061363129,0.48513616782211455
0.1,0,T1ax+FLAIRsag+SWIax,10011,3,Spinal stenosis,23,43,9393,0.6660887949260043,0.00879146233720218
0.1,0,T1ax+FLAIRsag+SWIax,10011,3,Mastoiditis,24,265,9393,0.6776503563573826,0.07594006464951303
0.1,0,T1ax+FLAIRsag+SWIax,10011,3,Chronic mastoiditis,25,211,9393,0.7832788445557506,0.0897693359502245
0.1,0,T1ax+FLAIRsag+SWIax,10011,3,Ventriculomegaly,26,889,9393,0.9012426627527625,0.5723759368524887
0.1,0,T1ax+FLAIRsag+SWIax,10011,3,Cerebellar degeneration,27,351,9393,0.8192751647739484,0.16774273238274037
0.1,0,T1ax+FLAIRsag+SWIax,10011,3,Mega cisterna magna,28,104,9393,0.6632234570252655,0.028193162325890656
0.1,0,T1ax+FLAIRsag+SWIax,10011,3,Structure of cave of septum pellucidum,29,99,9393,0.6838070830969476,0.026904192965735443
0.1,0,T1ax+FLAIRsag+SWIax,10011,3,Hyperostosis of skull,30,34,9393,0.7394109476251233,0.022887491802748402
0.1,0,T1ax+FLAIRsag+SWIax,10011,3,Watershed infarct,31,36,9393,0.8136600049873536,0.02437198982474109
0.1,0,T1ax+FLAIRsag+SWIax,10011,3,Foraminal Spinal Stenosis,33,60,9393,0.7132719025679488,0.01660351477165578
0.1,0,T1ax+FLAIRsag+SWIax,10011,3,Lipoma of brain,34,22,9393,0.5773857451906752,0.005521532969952014
0.1,0,T1ax+FLAIRsag+SWIax,10011,3,Glioma,35,66,9393,0.7508374188978884,0.048461801442472294
0.1,0,T1ax+FLAIRsag+SWIax,10011,3,Pituitary adenoma,36,25,9393,0.5727839453458583,0.0035835287462971863
0.1,0,T1ax+FLAIRax+SWIax,10101,3,Cerebral infarction,0,424,9393,0.8035050498888204,0.2168729207273245
0.1,0,T1ax+FLAIRax+SWIax,10101,3,Cerebral hemorrhage,1,294,9393,0.828101764939408,0.225851717820303
0.1,0,T1ax+FLAIRax+SWIax,10101,3,Metastatic malignant neoplasm to brain,2,373,9393,0.8870100996891034,0.30212636571509804
0.1,0,T1ax+FLAIRax+SWIax,10101,3,Intracranial meningioma,3,181,9393,0.7368163793082767,0.06274622645746371
0.1,0,T1ax+FLAIRax+SWIax,10101,3,Demyelinating disease of central nervous system,4,250,9393,0.8121828721426227,0.2463141364034389
0.1,0,T1ax+FLAIRax+SWIax,10101,3,Herniation of nucleus pulposus,5,138,9393,0.6933776493708846,0.02754026223917018
0.1,0,T1ax+FLAIRax+SWIax,10101,3,Spinal cord compression,6,74,9393,0.6214041061127659,0.012290290926817132
0.1,0,T1ax+FLAIRax+SWIax,10101,3,Lacunar infarct,7,213,9393,0.8149636380373746,0.15256697030140387
0.1,0,T1ax+FLAIRax+SWIax,10101,3,Silent micro-hemorrhage of brain,8,195,9393,0.7834746684061753,0.12233386620865416
0.1,0,T1ax+FLAIRax+SWIax,10101,3,Cavernous hemangioma,9,78,9393,0.5810720233425547,0.012533845995756097
0.1,0,T1ax+FLAIRax+SWIax,10101,3,Subdural intracranial hemorrhage,10,44,9393,0.8260582074893766,0.067125884984929
0.1,0,T1ax+FLAIRax+SWIax,10101,3,Gliosis,11,3534,9393,0.7852114291587063,0.6828596042926832
0.1,0,T1ax+FLAIRax+SWIax,10101,3,Cerebral atrophy,12,1310,9393,0.9231235473942578,0.7211222506108076
0.1,0,T1ax+FLAIRax+SWIax,10101,3,Encephalomalacia,13,236,9393,0.7672254068851652,0.12241338462876902
0.1,0,T1ax+FLAIRax+SWIax,10101,3,Arachnoid cyst,14,389,9393,0.7067966936146061,0.10877349947543596
0.1,0,T1ax+FLAIRax+SWIax,10101,3,Empty sella syndrome,15,351,9393,0.7183784945342122,0.08853342577623668
0.1,0,T1ax+FLAIRax+SWIax,10101,3,Intracranial aneurysm,16,61,9393,0.6002508555086323,0.021540465783283558
0.1,0,T1ax+FLAIRax+SWIax,10101,3,Chiari malformation,17,56,9393,0.7507592680426567,0.04803763624948568
0.1,0,T1ax+FLAIRax+SWIax,10101,3,Schwannoma,18,38,9393,0.6880559228107682,0.009636927335357709
0.1,0,T1ax+FLAIRax+SWIax,10101,3,Cyst of pineal gland,19,103,9393,0.5857702718237587,0.014371263472989974
0.1,0,T1ax+FLAIRax+SWIax,10101,3,Hemangioma of vertebral column,20,31,9393,0.5746152944986942,0.004242648856944767
0.1,0,T1ax+FLAIRax+SWIax,10101,3,Cerebral edema,22,533,9393,0.8975486936671763,0.4960830212207312
0.1,0,T1ax+FLAIRax+SWIax,10101,3,Spinal stenosis,23,43,9393,0.6518393234672304,0.010748195652174788
0.1,0,T1ax+FLAIRax+SWIax,10101,3,Mastoiditis,24,265,9393,0.6776635854017495,0.07963119718795322
0.1,0,T1ax+FLAIRax+SWIax,10101,3,Chronic mastoiditis,25,211,9393,0.8085828341252874,0.09603146147964589
0.1,0,T1ax+FLAIRax+SWIax,10101,3,Ventriculomegaly,26,889,9393,0.902778101114595,0.5628978978289998
0.1,0,T1ax+FLAIRax+SWIax,10101,3,Cerebellar degeneration,27,351,9393,0.8300041402231183,0.1790787897354128
0.1,0,T1ax+FLAIRax+SWIax,10101,3,Mega cisterna magna,28,104,9393,0.7040409665692259,0.02728399806344366
0.1,0,T1ax+FLAIRax+SWIax,10101,3,Structure of cave of septum pellucidum,29,99,9393,0.6572003660447818,0.051359720619969046
0.1,0,T1ax+FLAIRax+SWIax,10101,3,Hyperostosis of skull,30,34,9393,0.7225916544628324,0.03217958646344391
0.1,0,T1ax+FLAIRax+SWIax,10101,3,Watershed infarct,31,36,9393,0.7866718915131868,0.022560409266390247
0.1,0,T1ax+FLAIRax+SWIax,10101,3,Foraminal Spinal Stenosis,33,60,9393,0.7030143933711918,0.014753759183758378
0.1,0,T1ax+FLAIRax+SWIax,10101,3,Lipoma of brain,34,22,9393,0.6350976416604417,0.004232461098479372
0.1,0,T1ax+FLAIRax+SWIax,10101,3,Glioma,35,66,9393,0.7794916030683159,0.06645866714924029
0.1,0,T1ax+FLAIRax+SWIax,10101,3,Pituitary adenoma,36,25,9393,0.5334073441502989,0.0030237108912386157
0.1,0,T1ax+FLAIRax+FLAIRsag,10110,3,Cerebral infarction,0,424,9393,0.80928728303149,0.23091190988633603
0.1,0,T1ax+FLAIRax+FLAIRsag,10110,3,Cerebral hemorrhage,1,294,9393,0.8248704911132493,0.19244064771904956
0.1,0,T1ax+FLAIRax+FLAIRsag,10110,3,Metastatic malignant neoplasm to brain,2,373,9393,0.892008821623678,0.2785390965273601
0.1,0,T1ax+FLAIRax+FLAIRsag,10110,3,Intracranial meningioma,3,181,9393,0.738349930309493,0.06444241814617957
0.1,0,T1ax+FLAIRax+FLAIRsag,10110,3,Demyelinating disease of central nervous system,4,250,9393,0.817795909438915,0.2554947151519338
0.1,0,T1ax+FLAIRax+FLAIRsag,10110,3,Herniation of nucleus pulposus,5,138,9393,0.7389346925672765,0.03499835431149667
0.1,0,T1ax+FLAIRax+FLAIRsag,10110,3,Spinal cord compression,6,74,9393,0.6048685771295493,0.011633560448803846
0.1,0,T1ax+FLAIRax+FLAIRsag,10110,3,Lacunar infarct,7,213,9393,0.8070161711006781,0.13610219545931865
0.1,0,T1ax+FLAIRax+FLAIRsag,10110,3,Silent micro-hemorrhage of brain,8,195,9393,0.7322868405060187,0.07175176563752081
0.1,0,T1ax+FLAIRax+FLAIRsag,10110,3,Cavernous hemangioma,9,78,9393,0.4791018071211307,0.007844964490022168
0.1,0,T1ax+FLAIRax+FLAIRsag,10110,3,Subdural intracranial hemorrhage,10,44,9393,0.8786914497418294,0.11172426642870484
0.1,0,T1ax+FLAIRax+FLAIRsag,10110,3,Gliosis,11,3534,9393,0.7850191633166239,0.6802204697904266
0.1,0,T1ax+FLAIRax+FLAIRsag,10110,3,Cerebral atrophy,12,1310,9393,0.9258479534372865,0.7302972705386301
0.1,0,T1ax+FLAIRax+FLAIRsag,10110,3,Encephalomalacia,13,236,9393,0.7697649107934468,0.15655247590631094
0.1,0,T1ax+FLAIRax+FLAIRsag,10110,3,Arachnoid cyst,14,389,9393,0.7255310122093694,0.11563326985055129
0.1,0,T1ax+FLAIRax+FLAIRsag,10110,3,Empty sella syndrome,15,351,9393,0.7315936519099536,0.09461050002428917
0.1,0,T1ax+FLAIRax+FLAIRsag,10110,3,Intracranial aneurysm,16,61,9393,0.6431633090441491,0.016439340982191852
0.1,0,T1ax+FLAIRax+FLAIRsag,10110,3,Chiari malformation,17,56,9393,0.735522269312566,0.02009746266479908
0.1,0,T1ax+FLAIRax+FLAIRsag,10110,3,Schwannoma,18,38,9393,0.7102028186446876,0.010048159252274967
0.1,0,T1ax+FLAIRax+FLAIRsag,10110,3,Cyst of pineal gland,19,103,9393,0.5801446382476199,0.014991428408726666
0.1,0,T1ax+FLAIRax+FLAIRsag,10110,3,Hemangioma of vertebral column,20,31,9393,0.544045592684221,0.00404595303954145
0.1,0,T1ax+FLAIRax+FLAIRsag,10110,3,Cerebral edema,22,533,9393,0.9046679852108469,0.5090316232552742
0.1,0,T1ax+FLAIRax+FLAIRsag,10110,3,Spinal stenosis,23,43,9393,0.6392264643701032,0.012667690269760947
0.1,0,T1ax+FLAIRax+FLAIRsag,10110,3,Mastoiditis,24,265,9393,0.6955959684487292,0.08182470679575324
0.1,0,T1ax+FLAIRax+FLAIRsag,10110,3,Chronic mastoiditis,25,211,9393,0.780376504205116,0.08829232337592063
0.1,0,T1ax+FLAIRax+FLAIRsag,10110,3,Ventriculomegaly,26,889,9393,0.9042676403455212,0.5756887753248798
0.1,0,T1ax+FLAIRax+FLAIRsag,10110,3,Cerebellar degeneration,27,351,9393,0.8358571679739564,0.19266035489676386
0.1,0,T1ax+FLAIRax+FLAIRsag,10110,3,Mega cisterna magna,28,104,9393,0.7270706874135661,0.056414044008347874
0.1,0,T1ax+FLAIRax+FLAIRsag,10110,3,Structure of cave of septum pellucidum,29,99,9393,0.6883272144731152,0.03346482140240385
0.1,0,T1ax+FLAIRax+FLAIRsag,10110,3,Hyperostosis of skull,30,34,9393,0.7602653626895786,0.0520064807967326
0.1,0,T1ax+FLAIRax+FLAIRsag,10110,3,Watershed infarct,31,36,9393,0.7982288957761865,0.02387080875137252
0.1,0,T1ax+FLAIRax+FLAIRsag,10110,3,Foraminal Spinal Stenosis,33,60,9393,0.771623986570949,0.016186072652687764
0.1,0,T1ax+FLAIRax+FLAIRsag,10110,3,Lipoma of brain,34,22,9393,0.6384542253179539,0.004455909205561264
0.1,0,T1ax+FLAIRax+FLAIRsag,10110,3,Glioma,35,66,9393,0.7409264728338385,0.03725168877669044
0.1,0,T1ax+FLAIRax+FLAIRsag,10110,3,Pituitary adenoma,36,25,9393,0.5323057216054654,0.0036319082945801885
0.1,0,T1ax+T2ax+SWIax,11001,3,Cerebral infarction,0,424,9393,0.7954478160624541,0.2028177329286679
0.1,0,T1ax+T2ax+SWIax,11001,3,Cerebral hemorrhage,1,294,9393,0.8177171297137384,0.1961352477451377
0.1,0,T1ax+T2ax+SWIax,11001,3,Metastatic malignant neoplasm to brain,2,373,9393,0.8756020282601069,0.2854716328395318
0.1,0,T1ax+T2ax+SWIax,11001,3,Intracranial meningioma,3,181,9393,0.7372973757505824,0.070008549132117
0.1,0,T1ax+T2ax+SWIax,11001,3,Demyelinating disease of central nervous system,4,250,9393,0.8197361916220061,0.21589962734602133
0.1,0,T1ax+T2ax+SWIax,11001,3,Herniation of nucleus pulposus,5,138,9393,0.7052474573086227,0.032281423668848626
0.1,0,T1ax+T2ax+SWIax,11001,3,Spinal cord compression,6,74,9393,0.5938608422780545,0.010383307882622886
0.1,0,T1ax+T2ax+SWIax,11001,3,Lacunar infarct,7,213,9393,0.8018083811511041,0.12771879534593383
0.1,0,T1ax+T2ax+SWIax,11001,3,Silent micro-hemorrhage of brain,8,195,9393,0.7617648206689304,0.09555987166837003
0.1,0,T1ax+T2ax+SWIax,11001,3,Cavernous hemangioma,9,78,9393,0.5963541021512035,0.01613524490953233
0.1,0,T1ax+T2ax+SWIax,11001,3,Subdural intracranial hemorrhage,10,44,9393,0.8256959908206031,0.03955051960134308
0.1,0,T1ax+T2ax+SWIax,11001,3,Gliosis,11,3534,9393,0.7801683265472813,0.6837130335894113
0.1,0,T1ax+T2ax+SWIax,11001,3,Cerebral atrophy,12,1310,9393,0.9189886794733647,0.7087752445351025
0.1,0,T1ax+T2ax+SWIax,11001,3,Encephalomalacia,13,236,9393,0.7364302200965085,0.10070775999066713
0.1,0,T1ax+T2ax+SWIax,11001,3,Arachnoid cyst,14,389,9393,0.6902162306612656,0.1190475633145209
0.1,0,T1ax+T2ax+SWIax,11001,3,Empty sella syndrome,15,351,9393,0.714439611033285,0.08633405485566914
0.1,0,T1ax+T2ax+SWIax,11001,3,Intracranial aneurysm,16,61,9393,0.6828487207774413,0.017249620699562887
0.1,0,T1ax+T2ax+SWIax,11001,3,Chiari malformation,17,56,9393,0.7760905154607629,0.03772579980510735
0.1,0,T1ax+T2ax+SWIax,11001,3,Schwannoma,18,38,9393,0.63354243438634,0.005934691525655187
0.1,0,T1ax+T2ax+SWIax,11001,3,Cyst of pineal gland,19,103,9393,0.6299089740508114,0.01737322921883323
0.1,0,T1ax+T2ax+SWIax,11001,3,Hemangioma of vertebral column,20,31,9393,0.6227267402195561,0.006512734479533534
0.1,0,T1ax+T2ax+SWIax,11001,3,Cerebral edema,22,533,9393,0.8795304486297163,0.4634482225048886
0.1,0,T1ax+T2ax+SWIax,11001,3,Spinal stenosis,23,43,9393,0.6244148737719188,0.009219497799464179
0.1,0,T1ax+T2ax+SWIax,11001,3,Mastoiditis,24,265,9393,0.6996229722355432,0.0870353640084765
0.1,0,T1ax+T2ax+SWIax,11001,3,Chronic mastoiditis,25,211,9393,0.8068449397698567,0.09280959491350743
0.1,0,T1ax+T2ax+SWIax,11001,3,Ventriculomegaly,26,889,9393,0.8952072577240169,0.5683471796123118
0.1,0,T1ax+T2ax+SWIax,11001,3,Cerebellar degeneration,27,351,9393,0.820878949832721,0.1863082689475655
0.1,0,T1ax+T2ax+SWIax,11001,3,Mega cisterna magna,28,104,9393,0.7346561690005549,0.04196831139042714
0.1,0,T1ax+T2ax+SWIax,11001,3,Structure of cave of septum pellucidum,29,99,9393,0.6908388816071191,0.040955564331207686
0.1,0,T1ax+T2ax+SWIax,11001,3,Hyperostosis of skull,30,34,9393,0.7693978114806133,0.033506397742068594
0.1,0,T1ax+T2ax+SWIax,11001,3,Watershed infarct,31,36,9393,0.8306971607709024,0.01897318839311581
0.1,0,T1ax+T2ax+SWIax,11001,3,Foraminal Spinal Stenosis,33,60,9393,0.6710828958177077,0.011492036205735067
0.1,0,T1ax+T2ax+SWIax,11001,3,Lipoma of brain,34,22,9393,0.6704193789350122,0.0039778305379545124
0.1,0,T1ax+T2ax+SWIax,11001,3,Glioma,35,66,9393,0.7804890331426194,0.05537683952054509
0.1,0,T1ax+T2ax+SWIax,11001,3,Pituitary adenoma,36,25,9393,0.5198505550811272,0.0038968629595682713
0.1,0,T1ax+T2ax+FLAIRsag,11010,3,Cerebral infarction,0,424,9393,0.8051396108608898,0.21175715026522793
0.1,0,T1ax+T2ax+FLAIRsag,11010,3,Cerebral hemorrhage,1,294,9393,0.8225950672608862,0.18569482516946706
0.1,0,T1ax+T2ax+FLAIRsag,11010,3,Metastatic malignant neoplasm to brain,2,373,9393,0.8815266045665575,0.2670104628999282
0.1,0,T1ax+T2ax+FLAIRsag,11010,3,Intracranial meningioma,3,181,9393,0.7638919209390586,0.061527621291825374
0.1,0,T1ax+T2ax+FLAIRsag,11010,3,Demyelinating disease of central nervous system,4,250,9393,0.8228087061139671,0.24698350667381375
0.1,0,T1ax+T2ax+FLAIRsag,11010,3,Herniation of nucleus pulposus,5,138,9393,0.7193784793178775,0.03307976800943673
0.1,0,T1ax+T2ax+FLAIRsag,11010,3,Spinal cord compression,6,74,9393,0.5956560702778108,0.011347246717994704
0.1,0,T1ax+T2ax+FLAIRsag,11010,3,Lacunar infarct,7,213,9393,0.8161930917385212,0.1379381418660729
0.1,0,T1ax+T2ax+FLAIRsag,11010,3,Silent micro-hemorrhage of brain,8,195,9393,0.737411142890595,0.06713520619140739
0.1,0,T1ax+T2ax+FLAIRsag,11010,3,Cavernous hemangioma,9,78,9393,0.5239233659523514,0.009510639631613905
0.1,0,T1ax+T2ax+FLAIRsag,11010,3,Subdural intracranial hemorrhage,10,44,9393,0.8403475335232743,0.0666991999253122
0.1,0,T1ax+T2ax+FLAIRsag,11010,3,Gliosis,11,3534,9393,0.7781332112027477,0.672436043890733
0.1,0,T1ax+T2ax+FLAIRsag,11010,3,Cerebral atrophy,12,1310,9393,0.9225638013246159,0.7297739916147478
0.1,0,T1ax+T2ax+FLAIRsag,11010,3,Encephalomalacia,13,236,9393,0.7545727728902405,0.13295840168864909
0.1,0,T1ax+T2ax+FLAIRsag,11010,3,Arachnoid cyst,14,389,9393,0.7168610580387579,0.1264699445979053
0.1,0,T1ax+T2ax+FLAIRsag,11010,3,Empty sella syndrome,15,351,9393,0.7244319166460286,0.09407040137038591
0.1,0,T1ax+T2ax+FLAIRsag,11010,3,Intracranial aneurysm,16,61,9393,0.6892799673958107,0.015543514250731619
0.1,0,T1ax+T2ax+FLAIRsag,11010,3,Chiari malformation,17,56,9393,0.7400090270658977,0.021396883951470637
0.1,0,T1ax+T2ax+FLAIRsag,11010,3,Schwannoma,18,38,9393,0.6649497876170919,0.00779056935678688
0.1,0,T1ax+T2ax+FLAIRsag,11010,3,Cyst of pineal gland,19,103,9393,0.5898345647789145,0.014861176968782041
0.1,0,T1ax+T2ax+FLAIRsag,11010,3,Hemangioma of vertebral column,20,31,9393,0.5891972352199351,0.004565350936335922
0.1,0,T1ax+T2ax+FLAIRsag,11010,3,Cerebral edema,22,533,9393,0.8913488537559451,0.477855371725461
0.1,0,T1ax+T2ax+FLAIRsag,11010,3,Spinal stenosis,23,43,9393,0.5921552045765452,0.032298468941478954
0.1,0,T1ax+T2ax+FLAIRsag,11010,3,Mastoiditis,24,265,9393,0.7095943644270997,0.08352675088586028
0.1,0,T1ax+T2ax+FLAIRsag,11010,3,Chronic mastoiditis,25,211,9393,0.7910567863561615,0.10183398142307665
0.1,0,T1ax+T2ax+FLAIRsag,11010,3,Ventriculomegaly,26,889,9393,0.90334251492317,0.5811424422429831
0.1,0,T1ax+T2ax+FLAIRsag,11010,3,Cerebellar degeneration,27,351,9393,0.833347512179629,0.19727373959010075
0.1,0,T1ax+T2ax+FLAIRsag,11010,3,Mega cisterna magna,28,104,9393,0.7473645420141275,0.03853437553348725
0.1,0,T1ax+T2ax+FLAIRsag,11010,3,Structure of cave of septum pellucidum,29,99,9393,0.7004160390215911,0.02577763800980093
0.1,0,T1ax+T2ax+FLAIRsag,11010,3,Hyperostosis of skull,30,34,9393,0.7632131386586047,0.045315452349935094
0.1,0,T1ax+T2ax+FLAIRsag,11010,3,Watershed infarct,31,36,9393,0.8396179924714712,0.01795060679454046
0.1,0,T1ax+T2ax+FLAIRsag,11010,3,Foraminal Spinal Stenosis,33,60,9393,0.70715382692239,0.011891472214215755
0.1,0,T1ax+T2ax+FLAIRsag,11010,3,Lipoma of brain,34,22,9393,0.6182565167198611,0.00345218349775077
0.1,0,T1ax+T2ax+FLAIRsag,11010,3,Glioma,35,66,9393,0.7375800462001814,0.032089480753319806
0.1,0,T1ax+T2ax+FLAIRsag,11010,3,Pituitary adenoma,36,25,9393,0.5591033304867635,0.004089110630058305
0.1,0,T1ax+T2ax+FLAIRax,11100,3,Cerebral infarction,0,424,9393,0.8117856684554977,0.21686114135294468
0.1,0,T1ax+T2ax+FLAIRax,11100,3,Cerebral hemorrhage,1,294,9393,0.8149467722026715,0.19929073154727597
0.1,0,T1ax+T2ax+FLAIRax,11100,3,Metastatic malignant neoplasm to brain,2,373,9393,0.8787820333723689,0.2833913142764923
0.1,0,T1ax+T2ax+FLAIRax,11100,3,Intracranial meningioma,3,181,9393,0.7462341936892307,0.07332350355772682
0.1,0,T1ax+T2ax+FLAIRax,11100,3,Demyelinating disease of central nervous system,4,250,9393,0.8493767909876409,0.30432190973236695
0.1,0,T1ax+T2ax+FLAIRax,11100,3,Herniation of nucleus pulposus,5,138,9393,0.692864021797853,0.029474629559346453
0.1,0,T1ax+T2ax+FLAIRax,11100,3,Spinal cord compression,6,74,9393,0.5755373358120434,0.010572750388670903
0.1,0,T1ax+T2ax+FLAIRax,11100,3,Lacunar infarct,7,213,9393,0.811138727791586,0.15025831330671247
0.1,0,T1ax+T2ax+FLAIRax,11100,3,Silent micro-hemorrhage of brain,8,195,9393,0.7296572276024331,0.06394167323326329
0.1,0,T1ax+T2ax+FLAIRax,11100,3,Cavernous hemangioma,9,78,9393,0.5427446770441939,0.009880564391390966
0.1,0,T1ax+T2ax+FLAIRax,11100,3,Subdural intracranial hemorrhage,10,44,9393,0.8147055105553341,0.07888366595017128
0.1,0,T1ax+T2ax+FLAIRax,11100,3,Gliosis,11,3534,9393,0.7817446553138542,0.6797868008214712
0.1,0,T1ax+T2ax+FLAIRax,11100,3,Cerebral atrophy,12,1310,9393,0.9216845646267307,0.7211176571495409
0.1,0,T1ax+T2ax+FLAIRax,11100,3,Encephalomalacia,13,236,9393,0.7606425018925967,0.13078286794924956
0.1,0,T1ax+T2ax+FLAIRax,11100,3,Arachnoid cyst,14,389,9393,0.7246076865009438,0.13269302393855548
0.1,0,T1ax+T2ax+FLAIRax,11100,3,Empty sella syndrome,15,351,9393,0.7413718569436331,0.10363197832284882
0.1,0,T1ax+T2ax+FLAIRax,11100,3,Intracranial aneurysm,16,61,9393,0.6905096512616556,0.019286267247659448
0.1,0,T1ax+T2ax+FLAIRax,11100,3,Chiari malformation,17,56,9393,0.7789458988050613,0.0434919924119738
0.1,0,T1ax+T2ax+FLAIRax,11100,3,Schwannoma,18,38,9393,0.6782834960195786,0.007906623645865606
0.1,0,T1ax+T2ax+FLAIRax,11100,3,Cyst of pineal gland,19,103,9393,0.6037904835557599,0.015387643525241274
0.1,0,T1ax+T2ax+FLAIRax,11100,3,Hemangioma of vertebral column,20,31,9393,0.5687370357863979,0.003934718231730653
0.1,0,T1ax+T2ax+FLAIRax,11100,3,Cerebral edema,22,533,9393,0.8945914983546432,0.49072191636592655
0.1,0,T1ax+T2ax+FLAIRax,11100,3,Spinal stenosis,23,43,9393,0.5567031463748289,0.009358839593589725
0.1,0,T1ax+T2ax+FLAIRax,11100,3,Mastoiditis,24,265,9393,0.7133979213864039,0.08621648553805503
0.1,0,T1ax+T2ax+FLAIRax,11100,3,Chronic mastoiditis,25,211,9393,0.8066152507326823,0.1039554846762974
0.1,0,T1ax+T2ax+FLAIRax,11100,3,Ventriculomegaly,26,889,9393,0.898210806904076,0.5700771215833742
0.1,0,T1ax+T2ax+FLAIRax,11100,3,Cerebellar degeneration,27,351,9393,0.836871428112304,0.19669862425796472
0.1,0,T1ax+T2ax+FLAIRax,11100,3,Mega cisterna magna,28,104,9393,0.7380638389492948,0.037811796961419064
0.1,0,T1ax+T2ax+FLAIRax,11100,3,Structure of cave of septum pellucidum,29,99,9393,0.7333948479849062,0.05522078346751939
0.1,0,T1ax+T2ax+FLAIRax,11100,3,Hyperostosis of skull,30,34,9393,0.7649855753819852,0.04482642656720924
0.1,0,T1ax+T2ax+FLAIRax,11100,3,Watershed infarct,31,36,9393,0.8345148611259543,0.01869610773899713
0.1,0,T1ax+T2ax+FLAIRax,11100,3,Foraminal Spinal Stenosis,33,60,9393,0.6933283331547555,0.01279477201422701
0.1,0,T1ax+T2ax+FLAIRax,11100,3,Lipoma of brain,34,22,9393,0.6603641796257312,0.004118626584033086
0.1,0,T1ax+T2ax+FLAIRax,11100,3,Glioma,35,66,9393,0.7591222615346128,0.03479263397049433
0.1,0,T1ax+T2ax+FLAIRax,11100,3,Pituitary adenoma,36,25,9393,0.5520879590093937,0.004682913248150331
0.1,0,T2ax+FLAIRax+FLAIRsag+SWIax,01111,4,Cerebral infarction,0,424,9393,0.8108043007676337,0.25521733474554076
0.1,0,T2ax+FLAIRax+FLAIRsag+SWIax,01111,4,Cerebral hemorrhage,1,294,9393,0.8246944233237861,0.19922790198281173
0.1,0,T2ax+FLAIRax+FLAIRsag+SWIax,01111,4,Metastatic malignant neoplasm to brain,2,373,9393,0.8994424068052524,0.32472529308072445
0.1,0,T2ax+FLAIRax+FLAIRsag+SWIax,01111,4,Intracranial meningioma,3,181,9393,0.7273643793946402,0.06457663928324851
0.1,0,T2ax+FLAIRax+FLAIRsag+SWIax,01111,4,Demyelinating disease of central nervous system,4,250,9393,0.8276066936454118,0.24630573432293695
0.1,0,T2ax+FLAIRax+FLAIRsag+SWIax,01111,4,Herniation of nucleus pulposus,5,138,9393,0.727333442948974,0.03668683474848762
0.1,0,T2ax+FLAIRax+FLAIRsag+SWIax,01111,4,Spinal cord compression,6,74,9393,0.6020872788229801,0.01113513416557747
0.1,0,T2ax+FLAIRax+FLAIRsag+SWIax,01111,4,Lacunar infarct,7,213,9393,0.8208199085581025,0.14830698110728907
0.1,0,T2ax+FLAIRax+FLAIRsag+SWIax,01111,4,Silent micro-hemorrhage of brain,8,195,9393,0.7607149826327908,0.10453868509565367
0.1,0,T2ax+FLAIRax+FLAIRsag+SWIax,01111,4,Cavernous hemangioma,9,78,9393,0.5411866716214543,0.01171738880682456
0.1,0,T2ax+FLAIRax+FLAIRsag+SWIax,01111,4,Subdural intracranial hemorrhage,10,44,9393,0.8855930143233598,0.08965725912311762
0.1,0,T2ax+FLAIRax+FLAIRsag+SWIax,01111,4,Gliosis,11,3534,9393,0.7903105549745563,0.691409510338953
0.1,0,T2ax+FLAIRax+FLAIRsag+SWIax,01111,4,Cerebral atrophy,12,1310,9393,0.9242574888584372,0.7277163631748502
0.1,0,T2ax+FLAIRax+FLAIRsag+SWIax,01111,4,Encephalomalacia,13,236,9393,0.7636775977625713,0.15133167405771916
0.1,0,T2ax+FLAIRax+FLAIRsag+SWIax,01111,4,Arachnoid cyst,14,389,9393,0.7228561085104706,0.12274198611839454
0.1,0,T2ax+FLAIRax+FLAIRsag+SWIax,01111,4,Empty sella syndrome,15,351,9393,0.7358272978710936,0.0938293847816597
0.1,0,T2ax+FLAIRax+FLAIRsag+SWIax,01111,4,Intracranial aneurysm,16,61,9393,0.645961718184565,0.025210610752036046
0.1,0,T2ax+FLAIRax+FLAIRsag+SWIax,01111,4,Chiari malformation,17,56,9393,0.722375648342233,0.028938000324348873
0.1,0,T2ax+FLAIRax+FLAIRsag+SWIax,01111,4,Schwannoma,18,38,9393,0.7064474387465189,0.009135842410677839
0.1,0,T2ax+FLAIRax+FLAIRsag+SWIax,01111,4,Cyst of pineal gland,19,103,9393,0.595065160366612,0.015865289298915442
0.1,0,T2ax+FLAIRax+FLAIRsag+SWIax,01111,4,Hemangioma of vertebral column,20,31,9393,0.5654154405937524,0.004572334305584904
0.1,0,T2ax+FLAIRax+FLAIRsag+SWIax,01111,4,Cerebral edema,22,533,9393,0.8956658506939297,0.5232389959236365
0.1,0,T2ax+FLAIRax+FLAIRsag+SWIax,01111,4,Spinal stenosis,23,43,9393,0.6095983086680762,0.01147665923611194
0.1,0,T2ax+FLAIRax+FLAIRsag+SWIax,01111,4,Mastoiditis,24,265,9393,0.7457700130636814,0.09611786763958728
0.1,0,T2ax+FLAIRax+FLAIRsag+SWIax,01111,4,Chronic mastoiditis,25,211,9393,0.788278839394199,0.08270263467071318
0.1,0,T2ax+FLAIRax+FLAIRsag+SWIax,01111,4,Ventriculomegaly,26,889,9393,0.9024426538639396,0.5768229394299662
0.1,0,T2ax+FLAIRax+FLAIRsag+SWIax,01111,4,Cerebellar degeneration,27,351,9393,0.8197344018511902,0.17541670530792416
0.1,0,T2ax+FLAIRax+FLAIRsag+SWIax,01111,4,Mega cisterna magna,28,104,9393,0.7468407628543273,0.03853153744997274
0.1,0,T2ax+FLAIRax+FLAIRsag+SWIax,01111,4,Structure of cave of septum pellucidum,29,99,9393,0.6952084868482544,0.0306916438952528
0.1,0,T2ax+FLAIRax+FLAIRsag+SWIax,01111,4,Hyperostosis of skull,30,34,9393,0.7623143498236991,0.05325874690030122
0.1,0,T2ax+FLAIRax+FLAIRsag+SWIax,01111,4,Watershed infarct,31,36,9393,0.7846442948238396,0.02293857756795229
0.1,0,T2ax+FLAIRax+FLAIRsag+SWIax,01111,4,Foraminal Spinal Stenosis,33,60,9393,0.6728758169934641,0.011612219036975504
0.1,0,T2ax+FLAIRax+FLAIRsag+SWIax,01111,4,Lipoma of brain,34,22,9393,0.5767066675721035,0.0029421052010665466
0.1,0,T2ax+FLAIRax+FLAIRsag+SWIax,01111,4,Glioma,35,66,9393,0.7777404147619651,0.08012962946671523
0.1,0,T2ax+FLAIRax+FLAIRsag+SWIax,01111,4,Pituitary adenoma,36,25,9393,0.494602903501281,0.00363666143974202
0.1,0,T1ax+FLAIRax+FLAIRsag+SWIax,10111,4,Cerebral infarction,0,424,9393,0.8096704161293512,0.2380616745309976
0.1,0,T1ax+FLAIRax+FLAIRsag+SWIax,10111,4,Cerebral hemorrhage,1,294,9393,0.8335736976403926,0.20970382529793366
0.1,0,T1ax+FLAIRax+FLAIRsag+SWIax,10111,4,Metastatic malignant neoplasm to brain,2,373,9393,0.8970149741711894,0.3029632071766511
0.1,0,T1ax+FLAIRax+FLAIRsag+SWIax,10111,4,Intracranial meningioma,3,181,9393,0.7347706450630093,0.06636472452528394
0.1,0,T1ax+FLAIRax+FLAIRsag+SWIax,10111,4,Demyelinating disease of central nervous system,4,250,9393,0.8072890736082248,0.23930841808651468
0.1,0,T1ax+FLAIRax+FLAIRsag+SWIax,10111,4,Herniation of nucleus pulposus,5,138,9393,0.7258739889914577,0.03283682668533279
0.1,0,T1ax+FLAIRax+FLAIRsag+SWIax,10111,4,Spinal cord compression,6,74,9393,0.6164505529244234,0.012059603963670194
0.1,0,T1ax+FLAIRax+FLAIRsag+SWIax,10111,4,Lacunar infarct,7,213,9393,0.8237344911882332,0.1496621613843169
0.1,0,T1ax+FLAIRax+FLAIRsag+SWIax,10111,4,Silent micro-hemorrhage of brain,8,195,9393,0.7713070288412753,0.10575654047979405
0.1,0,T1ax+FLAIRax+FLAIRsag+SWIax,10111,4,Cavernous hemangioma,9,78,9393,0.556001486436269,0.022938438893469484
0.1,0,T1ax+FLAIRax+FLAIRsag+SWIax,10111,4,Subdural intracranial hemorrhage,10,44,9393,0.88280467526911,0.10080609168381179
0.1,0,T1ax+FLAIRax+FLAIRsag+SWIax,10111,4,Gliosis,11,3534,9393,0.7887802521681704,0.6846898014892107
0.1,0,T1ax+FLAIRax+FLAIRsag+SWIax,10111,4,Cerebral atrophy,12,1310,9393,0.9243593896529612,0.7274075383817848
0.1,0,T1ax+FLAIRax+FLAIRsag+SWIax,10111,4,Encephalomalacia,13,236,9393,0.7668765027403321,0.15349236969039362
0.1,0,T1ax+FLAIRax+FLAIRsag+SWIax,10111,4,Arachnoid cyst,14,389,9393,0.710933386932286,0.10929647335523388
0.1,0,T1ax+FLAIRax+FLAIRsag+SWIax,10111,4,Empty sella syndrome,15,351,9393,0.7298167273836375,0.08791513545099933
0.1,0,T1ax+FLAIRax+FLAIRsag+SWIax,10111,4,Intracranial aneurysm,16,61,9393,0.6259231412450021,0.03560001708978659
0.1,0,T1ax+FLAIRax+FLAIRsag+SWIax,10111,4,Chiari malformation,17,56,9393,0.7317182790434371,0.024380329828928397
0.1,0,T1ax+FLAIRax+FLAIRsag+SWIax,10111,4,Schwannoma,18,38,9393,0.6964949787617092,0.009393696463602223
0.1,0,T1ax+FLAIRax+FLAIRsag+SWIax,10111,4,Cyst of pineal gland,19,103,9393,0.5839622937285107,0.014667029408800224
0.1,0,T1ax+FLAIRax+FLAIRsag+SWIax,10111,4,Hemangioma of vertebral column,20,31,9393,0.5784675179690031,0.004666090806446775
0.1,0,T1ax+FLAIRax+FLAIRsag+SWIax,10111,4,Cerebral edema,22,533,9393,0.9030465570326827,0.5209741856583704
0.1,0,T1ax+FLAIRax+FLAIRsag+SWIax,10111,4,Spinal stenosis,23,43,9393,0.6567864693446088,0.009244167799241917
0.1,0,T1ax+FLAIRax+FLAIRsag+SWIax,10111,4,Mastoiditis,24,265,9393,0.7052761149603954,0.08593829713865692
0.1,0,T1ax+FLAIRax+FLAIRsag+SWIax,10111,4,Chronic mastoiditis,25,211,9393,0.7897029114246811,0.08608456665905304
0.1,0,T1ax+FLAIRax+FLAIRsag+SWIax,10111,4,Ventriculomegaly,26,889,9393,0.9061108806601433,0.5789538233517963
0.1,0,T1ax+FLAIRax+FLAIRsag+SWIax,10111,4,Cerebellar degeneration,27,351,9393,0.8337920977823655,0.1777618439966375
0.1,0,T1ax+FLAIRax+FLAIRsag+SWIax,10111,4,Mega cisterna magna,28,104,9393,0.7066816002384954,0.03263694027629186
0.1,0,T1ax+FLAIRax+FLAIRsag+SWIax,10111,4,Structure of cave of septum pellucidum,29,99,9393,0.6727692244154478,0.0386069565878495
0.1,0,T1ax+FLAIRax+FLAIRsag+SWIax,10111,4,Hyperostosis of skull,30,34,9393,0.7330345750865791,0.040116123360825366
0.1,0,T1ax+FLAIRax+FLAIRsag+SWIax,10111,4,Watershed infarct,31,36,9393,0.7798172491183072,0.027843759336430452
0.1,0,T1ax+FLAIRax+FLAIRsag+SWIax,10111,4,Foraminal Spinal Stenosis,33,60,9393,0.7395406978820672,0.01681780691879434
0.1,0,T1ax+FLAIRax+FLAIRsag+SWIax,10111,4,Lipoma of brain,34,22,9393,0.6020508144080868,0.003082219934258122
0.1,0,T1ax+FLAIRax+FLAIRsag+SWIax,10111,4,Glioma,35,66,9393,0.7669717438131719,0.06172988147920654
0.1,0,T1ax+FLAIRax+FLAIRsag+SWIax,10111,4,Pituitary adenoma,36,25,9393,0.5372929120409906,0.003543328795109691
0.1,0,T1ax+T2ax+FLAIRsag+SWIax,11011,4,Cerebral infarction,0,424,9393,0.801290661544902,0.22689471594704816
0.1,0,T1ax+T2ax+FLAIRsag+SWIax,11011,4,Cerebral hemorrhage,1,294,9393,0.8265829466196853,0.19187404625661303
0.1,0,T1ax+T2ax+FLAIRsag+SWIax,11011,4,Metastatic malignant neoplasm to brain,2,373,9393,0.8894577435903532,0.30122799535838635
0.1,0,T1ax+T2ax+FLAIRsag+SWIax,11011,4,Intracranial meningioma,3,181,9393,0.741187329522146,0.07065458927698678
0.1,0,T1ax+T2ax+FLAIRsag+SWIax,11011,4,Demyelinating disease of central nervous system,4,250,9393,0.8117996281308105,0.21351715009758823
0.1,0,T1ax+T2ax+FLAIRsag+SWIax,11011,4,Herniation of nucleus pulposus,5,138,9393,0.7176395054768672,0.03438302126356364
0.1,0,T1ax+T2ax+FLAIRsag+SWIax,11011,4,Spinal cord compression,6,74,9393,0.6103093650577286,0.01247640146641332
0.1,0,T1ax+T2ax+FLAIRsag+SWIax,11011,4,Lacunar infarct,7,213,9393,0.8148562398355275,0.13815397540271027
0.1,0,T1ax+T2ax+FLAIRsag+SWIax,11011,4,Silent micro-hemorrhage of brain,8,195,9393,0.7583292912060036,0.09784970951930078
0.1,0,T1ax+T2ax+FLAIRsag+SWIax,11011,4,Cavernous hemangioma,9,78,9393,0.5834289882599062,0.011886023720898573
0.1,0,T1ax+T2ax+FLAIRsag+SWIax,11011,4,Subdural intracranial hemorrhage,10,44,9393,0.8628001050185241,0.06317135188187904
0.1,0,T1ax+T2ax+FLAIRsag+SWIax,11011,4,Gliosis,11,3534,9393,0.7817362759811233,0.679946828353893
0.1,0,T1ax+T2ax+FLAIRsag+SWIax,11011,4,Cerebral atrophy,12,1310,9393,0.9224522676468282,0.7222397377299518
0.1,0,T1ax+T2ax+FLAIRsag+SWIax,11011,4,Encephalomalacia,13,236,9393,0.7463702863235129,0.13511961037592524
0.1,0,T1ax+T2ax+FLAIRsag+SWIax,11011,4,Arachnoid cyst,14,389,9393,0.7050645300175072,0.1208440942713869
0.1,0,T1ax+T2ax+FLAIRsag+SWIax,11011,4,Empty sella syndrome,15,351,9393,0.7209703876370543,0.08578089585688145
0.1,0,T1ax+T2ax+FLAIRsag+SWIax,11011,4,Intracranial aneurysm,16,61,9393,0.667449565394588,0.019816873225724806
0.1,0,T1ax+T2ax+FLAIRsag+SWIax,11011,4,Chiari malformation,17,56,9393,0.7463929986688902,0.025626050587573612
0.1,0,T1ax+T2ax+FLAIRsag+SWIax,11011,4,Schwannoma,18,38,9393,0.669999156094405,0.008410980888856522
0.1,0,T1ax+T2ax+FLAIRsag+SWIax,11011,4,Cyst of pineal gland,19,103,9393,0.6004838692821386,0.01566515965371069
0.1,0,T1ax+T2ax+FLAIRsag+SWIax,11011,4,Hemangioma of vertebral column,20,31,9393,0.614674283824107,0.005007014541508548
0.1,0,T1ax+T2ax+FLAIRsag+SWIax,11011,4,Cerebral edema,22,533,9393,0.8905367632422634,0.49070340239949894
0.1,0,T1ax+T2ax+FLAIRsag+SWIax,11011,4,Spinal stenosis,23,43,9393,0.6225942047009079,0.00791627252303988
0.1,0,T1ax+T2ax+FLAIRsag+SWIax,11011,4,Mastoiditis,24,265,9393,0.7168087410910655,0.08847421591110038
0.1,0,T1ax+T2ax+FLAIRsag+SWIax,11011,4,Chronic mastoiditis,25,211,9393,0.7914000295240741,0.09839311105590737
0.1,0,T1ax+T2ax+FLAIRsag+SWIax,11011,4,Ventriculomegaly,26,889,9393,0.9039231984524982,0.5805191711988037
0.1,0,T1ax+T2ax+FLAIRsag+SWIax,11011,4,Cerebellar degeneration,27,351,9393,0.8239625338165483,0.1827880056452667
0.1,0,T1ax+T2ax+FLAIRsag+SWIax,11011,4,Mega cisterna magna,28,104,9393,0.7258626829086514,0.034222309890419605
0.1,0,T1ax+T2ax+FLAIRsag+SWIax,11011,4,Structure of cave of septum pellucidum,29,99,9393,0.7038439049413872,0.02638046697502476
0.1,0,T1ax+T2ax+FLAIRsag+SWIax,11011,4,Hyperostosis of skull,30,34,9393,0.7690866922685304,0.04504826003193184
0.1,0,T1ax+T2ax+FLAIRsag+SWIax,11011,4,Watershed infarct,31,36,9393,0.8146574756866517,0.023987268403791815
0.1,0,T1ax+T2ax+FLAIRsag+SWIax,11011,4,Foraminal Spinal Stenosis,33,60,9393,0.6908728883174399,0.012040608588403438
0.1,0,T1ax+T2ax+FLAIRsag+SWIax,11011,4,Lipoma of brain,34,22,9393,0.604936894287017,0.0034264866581040537
0.1,0,T1ax+T2ax+FLAIRsag+SWIax,11011,4,Glioma,35,66,9393,0.7544372642474926,0.05287355999176112
0.1,0,T1ax+T2ax+FLAIRsag+SWIax,11011,4,Pituitary adenoma,36,25,9393,0.5370324508966695,0.00344282988291712
0.1,0,T1ax+T2ax+FLAIRax+SWIax,11101,4,Cerebral infarction,0,424,9393,0.8091839396495688,0.22413267736404208
0.1,0,T1ax+T2ax+FLAIRax+SWIax,11101,4,Cerebral hemorrhage,1,294,9393,0.8146294016012824,0.21200918523409548
0.1,0,T1ax+T2ax+FLAIRax+SWIax,11101,4,Metastatic malignant neoplasm to brain,2,373,9393,0.8851105377980418,0.3112738362876222
0.1,0,T1ax+T2ax+FLAIRax+SWIax,11101,4,Intracranial meningioma,3,181,9393,0.7431179124994303,0.07387825218056157
0.1,0,T1ax+T2ax+FLAIRax+SWIax,11101,4,Demyelinating disease of central nervous system,4,250,9393,0.8349469539538444,0.2563107216973003
0.1,0,T1ax+T2ax+FLAIRax+SWIax,11101,4,Herniation of nucleus pulposus,5,138,9393,0.7082791127396862,0.029516067599193393
0.1,0,T1ax+T2ax+FLAIRax+SWIax,11101,4,Spinal cord compression,6,74,9393,0.5997642131884003,0.011023866799314294
0.1,0,T1ax+T2ax+FLAIRax+SWIax,11101,4,Lacunar infarct,7,213,9393,0.8143443084067221,0.14977867065016323
0.1,0,T1ax+T2ax+FLAIRax+SWIax,11101,4,Silent micro-hemorrhage of brain,8,195,9393,0.7729132866119168,0.0949516541531744
0.1,0,T1ax+T2ax+FLAIRax+SWIax,11101,4,Cavernous hemangioma,9,78,9393,0.5802455372503682,0.013128830563102318
0.1,0,T1ax+T2ax+FLAIRax+SWIax,11101,4,Subdural intracranial hemorrhage,10,44,9393,0.8175108665000631,0.06132941635857792
0.1,0,T1ax+T2ax+FLAIRax+SWIax,11101,4,Gliosis,11,3534,9393,0.7865019429909804,0.6896002588508443
0.1,0,T1ax+T2ax+FLAIRax+SWIax,11101,4,Cerebral atrophy,12,1310,9393,0.9215728420688789,0.7185207616256408
0.1,0,T1ax+T2ax+FLAIRax+SWIax,11101,4,Encephalomalacia,13,236,9393,0.7541058706592899,0.12688980858506307
0.1,0,T1ax+T2ax+FLAIRax+SWIax,11101,4,Arachnoid cyst,14,389,9393,0.7157664288593816,0.12593662711279188
0.1,0,T1ax+T2ax+FLAIRax+SWIax,11101,4,Empty sella syndrome,15,351,9393,0.732618782497128,0.09305009504736902
0.1,0,T1ax+T2ax+FLAIRax+SWIax,11101,4,Intracranial aneurysm,16,61,9393,0.6535119771208533,0.01877327495340249
0.1,0,T1ax+T2ax+FLAIRax+SWIax,11101,4,Chiari malformation,17,56,9393,0.7610428556128459,0.03781573381202191
0.1,0,T1ax+T2ax+FLAIRax+SWIax,11101,4,Schwannoma,18,38,9393,0.6648288278151284,0.007923508631739153
0.1,0,T1ax+T2ax+FLAIRax+SWIax,11101,4,Cyst of pineal gland,19,103,9393,0.6130676058398737,0.017211307711816455
0.1,0,T1ax+T2ax+FLAIRax+SWIax,11101,4,Hemangioma of vertebral column,20,31,9393,0.580679617671989,0.004399045230925689
0.1,0,T1ax+T2ax+FLAIRax+SWIax,11101,4,Cerebral edema,22,533,9393,0.8913149725350353,0.5020678154600822
0.1,0,T1ax+T2ax+FLAIRax+SWIax,11101,4,Spinal stenosis,23,43,9393,0.5918517597313766,0.00770161563400376
0.1,0,T1ax+T2ax+FLAIRax+SWIax,11101,4,Mastoiditis,24,265,9393,0.7189051312155839,0.09010123118104196
0.1,0,T1ax+T2ax+FLAIRax+SWIax,11101,4,Chronic mastoiditis,25,211,9393,0.8179995684943031,0.10694733202348196
0.1,0,T1ax+T2ax+FLAIRax+SWIax,11101,4,Ventriculomegaly,26,889,9393,0.9012604536262695,0.5743265137202119
0.1,0,T1ax+T2ax+FLAIRax+SWIax,11101,4,Cerebellar degeneration,27,351,9393,0.8344481057376434,0.18703617379844442
0.1,0,T1ax+T2ax+FLAIRax+SWIax,11101,4,Mega cisterna magna,28,104,9393,0.7142805386023171,0.0328826524975442
0.1,0,T1ax+T2ax+FLAIRax+SWIax,11101,4,Structure of cave of septum pellucidum,29,99,9393,0.6911823202978786,0.04238716105417865
0.1,0,T1ax+T2ax+FLAIRax+SWIax,11101,4,Hyperostosis of skull,30,34,9393,0.7501461317511298,0.04156132678874592
0.1,0,T1ax+T2ax+FLAIRax+SWIax,11101,4,Watershed infarct,31,36,9393,0.8080640756177787,0.01974691855747688
0.1,0,T1ax+T2ax+FLAIRax+SWIax,11101,4,Foraminal Spinal Stenosis,33,60,9393,0.6756866316654166,0.012008609902056815
0.1,0,T1ax+T2ax+FLAIRax+SWIax,11101,4,Lipoma of brain,34,22,9393,0.6635121894432533,0.004024569543558074
0.1,0,T1ax+T2ax+FLAIRax+SWIax,11101,4,Glioma,35,66,9393,0.7889736866899941,0.06965011212627918
0.1,0,T1ax+T2ax+FLAIRax+SWIax,11101,4,Pituitary adenoma,36,25,9393,0.5043082835183603,0.003488206463005807
0.1,0,T1ax+T2ax+FLAIRax+FLAIRsag,11110,4,Cerebral infarction,0,424,9393,0.8122332268168976,0.23054597327661006
0.1,0,T1ax+T2ax+FLAIRax+FLAIRsag,11110,4,Cerebral hemorrhage,1,294,9393,0.8230914961874408,0.19421883846957927
0.1,0,T1ax+T2ax+FLAIRax+FLAIRsag,11110,4,Metastatic malignant neoplasm to brain,2,373,9393,0.8942368166065282,0.28775077005872546
0.1,0,T1ax+T2ax+FLAIRax+FLAIRsag,11110,4,Intracranial meningioma,3,181,9393,0.7537496131637093,0.0652040370274563
0.1,0,T1ax+T2ax+FLAIRax+FLAIRsag,11110,4,Demyelinating disease of central nervous system,4,250,9393,0.8469132669802035,0.271474179188903
0.1,0,T1ax+T2ax+FLAIRax+FLAIRsag,11110,4,Herniation of nucleus pulposus,5,138,9393,0.7201724097432645,0.034889567568418454
0.1,0,T1ax+T2ax+FLAIRax+FLAIRsag,11110,4,Spinal cord compression,6,74,9393,0.5774819244612142,0.010967258175292585
0.1,0,T1ax+T2ax+FLAIRax+FLAIRsag,11110,4,Lacunar infarct,7,213,9393,0.8149605695173218,0.14102657058307239
0.1,0,T1ax+T2ax+FLAIRax+FLAIRsag,11110,4,Silent micro-hemorrhage of brain,8,195,9393,0.7264845757996443,0.06937611889428141
0.1,0,T1ax+T2ax+FLAIRax+FLAIRsag,11110,4,Cavernous hemangioma,9,78,9393,0.5096811043670947,0.008388718147162426
0.1,0,T1ax+T2ax+FLAIRax+FLAIRsag,11110,4,Subdural intracranial hemorrhage,10,44,9393,0.8620440688843726,0.09405324932893376
0.1,0,T1ax+T2ax+FLAIRax+FLAIRsag,11110,4,Gliosis,11,3534,9393,0.7850367913076715,0.6817796160887943
0.1,0,T1ax+T2ax+FLAIRax+FLAIRsag,11110,4,Cerebral atrophy,12,1310,9393,0.9255873933890089,0.7327678726236591
0.1,0,T1ax+T2ax+FLAIRax+FLAIRsag,11110,4,Encephalomalacia,13,236,9393,0.761730397972839,0.14967768326092917
0.1,0,T1ax+T2ax+FLAIRax+FLAIRsag,11110,4,Arachnoid cyst,14,389,9393,0.7295335178081378,0.13305664727592698
0.1,0,T1ax+T2ax+FLAIRax+FLAIRsag,11110,4,Empty sella syndrome,15,351,9393,0.7472009381985052,0.10253497118232219
0.1,0,T1ax+T2ax+FLAIRax+FLAIRsag,11110,4,Intracranial aneurysm,16,61,9393,0.6906976172240062,0.019915799642866935
0.1,0,T1ax+T2ax+FLAIRax+FLAIRsag,11110,4,Chiari malformation,17,56,9393,0.729038846983583,0.02275397522892319
0.1,0,T1ax+T2ax+FLAIRax+FLAIRsag,11110,4,Schwannoma,18,38,9393,0.682798390953332,0.008333711134735987
0.1,0,T1ax+T2ax+FLAIRax+FLAIRsag,11110,4,Cyst of pineal gland,19,103,9393,0.599983278815304,0.01501723371396188
0.1,0,T1ax+T2ax+FLAIRax+FLAIRsag,11110,4,Hemangioma of vertebral column,20,31,9393,0.5656876460089173,0.004180506835826528
0.1,0,T1ax+T2ax+FLAIRax+FLAIRsag,11110,4,Cerebral edema,22,533,9393,0.8989655639740979,0.5008827885833612
0.1,0,T1ax+T2ax+FLAIRax+FLAIRsag,11110,4,Spinal stenosis,23,43,9393,0.5852406417112299,0.030176389654107336
0.1,0,T1ax+T2ax+FLAIRax+FLAIRsag,11110,4,Mastoiditis,24,265,9393,0.7221760124353017,0.0951931107113538
0.1,0,T1ax+T2ax+FLAIRax+FLAIRsag,11110,4,Chronic mastoiditis,25,211,9393,0.7930904376066505,0.09924684134500557
0.1,0,T1ax+T2ax+FLAIRax+FLAIRsag,11110,4,Ventriculomegaly,26,889,9393,0.9050841686886977,0.5800232566703925
0.1,0,T1ax+T2ax+FLAIRax+FLAIRsag,11110,4,Cerebellar degeneration,27,351,9393,0.8424430845355418,0.19615262690178806
0.1,0,T1ax+T2ax+FLAIRax+FLAIRsag,11110,4,Mega cisterna magna,28,104,9393,0.7425480510446599,0.039396461151459866
0.1,0,T1ax+T2ax+FLAIRax+FLAIRsag,11110,4,Structure of cave of septum pellucidum,29,99,9393,0.7056176136227781,0.036459141789351876
0.1,0,T1ax+T2ax+FLAIRax+FLAIRsag,11110,4,Hyperostosis of skull,30,34,9393,0.7612710005468155,0.07449686538079953
0.1,0,T1ax+T2ax+FLAIRax+FLAIRsag,11110,4,Watershed infarct,31,36,9393,0.8225689620367401,0.019686281629885297
0.1,0,T1ax+T2ax+FLAIRax+FLAIRsag,11110,4,Foraminal Spinal Stenosis,33,60,9393,0.7305350191078253,0.013219909959575489
0.1,0,T1ax+T2ax+FLAIRax+FLAIRsag,11110,4,Lipoma of brain,34,22,9393,0.6249308795995383,0.0034535201721485696
0.1,0,T1ax+T2ax+FLAIRax+FLAIRsag,11110,4,Glioma,35,66,9393,0.7427475137349695,0.03691172893906449
0.1,0,T1ax+T2ax+FLAIRax+FLAIRsag,11110,4,Pituitary adenoma,36,25,9393,0.5426686592655849,0.004345749165012768
0.1,0,T1ax+T2ax+FLAIRax+FLAIRsag+SWIax,11111,5,Cerebral infarction,0,424,9393,0.8114125278474915,0.2436779711901012
0.1,0,T1ax+T2ax+FLAIRax+FLAIRsag+SWIax,11111,5,Cerebral hemorrhage,1,294,9393,0.8279339211231256,0.2015319813050755
0.1,0,T1ax+T2ax+FLAIRax+FLAIRsag+SWIax,11111,5,Metastatic malignant neoplasm to brain,2,373,9393,0.8978784113943991,0.3182071622826179
0.1,0,T1ax+T2ax+FLAIRax+FLAIRsag+SWIax,11111,5,Intracranial meningioma,3,181,9393,0.7448259896411838,0.06989252298375898
0.1,0,T1ax+T2ax+FLAIRax+FLAIRsag+SWIax,11111,5,Demyelinating disease of central nervous system,4,250,9393,0.8311508257683474,0.2488159466573893
0.1,0,T1ax+T2ax+FLAIRax+FLAIRsag+SWIax,11111,5,Herniation of nucleus pulposus,5,138,9393,0.7218839796741283,0.03543501361252304
0.1,0,T1ax+T2ax+FLAIRax+FLAIRsag+SWIax,11111,5,Spinal cord compression,6,74,9393,0.5964347757995145,0.011400634298270377
0.1,0,T1ax+T2ax+FLAIRax+FLAIRsag+SWIax,11111,5,Lacunar infarct,7,213,9393,0.8233903055223132,0.15060748121571058
0.1,0,T1ax+T2ax+FLAIRax+FLAIRsag+SWIax,11111,5,Silent micro-hemorrhage of brain,8,195,9393,0.7581004231689162,0.09316112623575407
0.1,0,T1ax+T2ax+FLAIRax+FLAIRsag+SWIax,11111,5,Cavernous hemangioma,9,78,9393,0.5626959549664863,0.010641426068058093
0.1,0,T1ax+T2ax+FLAIRax+FLAIRsag+SWIax,11111,5,Subdural intracranial hemorrhage,10,44,9393,0.8708977139023133,0.08761655416120344
0.1,0,T1ax+T2ax+FLAIRax+FLAIRsag+SWIax,11111,5,Gliosis,11,3534,9393,0.7888215934293668,0.6888960237278308
0.1,0,T1ax+T2ax+FLAIRax+FLAIRsag+SWIax,11111,5,Cerebral atrophy,12,1310,9393,0.9244738037517246,0.7270509467154627
0.1,0,T1ax+T2ax+FLAIRax+FLAIRsag+SWIax,11111,5,Encephalomalacia,13,236,9393,0.7550877998308233,0.1487819951576773
0.1,0,T1ax+T2ax+FLAIRax+FLAIRsag+SWIax,11111,5,Arachnoid cyst,14,389,9393,0.7194131942501418,0.12326191401007276
0.1,0,T1ax+T2ax+FLAIRax+FLAIRsag+SWIax,11111,5,Empty sella syndrome,15,351,9393,0.7421141983185778,0.09227441796421587
0.1,0,T1ax+T2ax+FLAIRax+FLAIRsag+SWIax,11111,5,Intracranial aneurysm,16,61,9393,0.6487126966615839,0.025649528788771612
0.1,0,T1ax+T2ax+FLAIRax+FLAIRsag+SWIax,11111,5,Chiari malformation,17,56,9393,0.73806017533928,0.02637190581368779
0.1,0,T1ax+T2ax+FLAIRax+FLAIRsag+SWIax,11111,5,Schwannoma,18,38,9393,0.6868210076232806,0.009077333863635073
0.1,0,T1ax+T2ax+FLAIRax+FLAIRsag+SWIax,11111,5,Cyst of pineal gland,19,103,9393,0.6017787160220301,0.01554607442781988
0.1,0,T1ax+T2ax+FLAIRax+FLAIRsag+SWIax,11111,5,Hemangioma of vertebral column,20,31,9393,0.588315151849274,0.004658243534915323
0.1,0,T1ax+T2ax+FLAIRax+FLAIRsag+SWIax,11111,5,Cerebral edema,22,533,9393,0.896809871293712,0.5126599324884995
0.1,0,T1ax+T2ax+FLAIRax+FLAIRsag+SWIax,11111,5,Spinal stenosis,23,43,9393,0.6094988185549061,0.008248530281364323
0.1,0,T1ax+T2ax+FLAIRax+FLAIRsag+SWIax,11111,5,Mastoiditis,24,265,9393,0.7314189803714054,0.09854880964785381
0.1,0,T1ax+T2ax+FLAIRax+FLAIRsag+SWIax,11111,5,Chronic mastoiditis,25,211,9393,0.8020591493143912,0.1003321732728499
0.1,0,T1ax+T2ax+FLAIRax+FLAIRsag+SWIax,11111,5,Ventriculomegaly,26,889,9393,0.9070053184791225,0.5836802655427838
0.1,0,T1ax+T2ax+FLAIRax+FLAIRsag+SWIax,11111,5,Cerebellar degeneration,27,351,9393,0.8361007290447681,0.1852054887689407
0.1,0,T1ax+T2ax+FLAIRax+FLAIRsag+SWIax,11111,5,Mega cisterna magna,28,104,9393,0.7340775275967439,0.03322434207804073
0.1,0,T1ax+T2ax+FLAIRax+FLAIRsag+SWIax,11111,5,Structure of cave of septum pellucidum,29,99,9393,0.6947645162622569,0.0354055249973953
0.1,0,T1ax+T2ax+FLAIRax+FLAIRsag+SWIax,11111,5,Hyperostosis of skull,30,34,9393,0.75797439394606,0.07178335453154752
0.1,0,T1ax+T2ax+FLAIRax+FLAIRsag+SWIax,11111,5,Watershed infarct,31,36,9393,0.7905163098333986,0.027612549890858224
0.1,0,T1ax+T2ax+FLAIRax+FLAIRsag+SWIax,11111,5,Foraminal Spinal Stenosis,33,60,9393,0.7030608236008429,0.012694264430838717
0.1,0,T1ax+T2ax+FLAIRax+FLAIRsag+SWIax,11111,5,Lipoma of brain,34,22,9393,0.6058682007353441,0.0031227995016852475
0.1,0,T1ax+T2ax+FLAIRax+FLAIRsag+SWIax,11111,5,Glioma,35,66,9393,0.7633036703477359,0.06576102519147144
0.1,0,T1ax+T2ax+FLAIRax+FLAIRsag+SWIax,11111,5,Pituitary adenoma,36,25,9393,0.5293894107600341,0.003563204504467895
0.1,1,SWIax,00001,1,Cerebral infarction,0,424,9393,0.7688432062639237,0.18484762409175587
0.1,1,SWIax,00001,1,Cerebral hemorrhage,1,294,9393,0.8288486512310166,0.2199949010506197
0.1,1,SWIax,00001,1,Metastatic malignant neoplasm to brain,2,373,9393,0.8667013428603698,0.2746665486210481
0.1,1,SWIax,00001,1,Intracranial meningioma,3,181,9393,0.7252118903280131,0.05157519017417622
0.1,1,SWIax,00001,1,Demyelinating disease of central nervous system,4,250,9393,0.7733501039046264,0.14236795221021886
0.1,1,SWIax,00001,1,Herniation of nucleus pulposus,5,138,9393,0.6996641063584901,0.028534777167575184
0.1,1,SWIax,00001,1,Spinal cord compression,6,74,9393,0.5971641778058776,0.012962159255328912
0.1,1,SWIax,00001,1,Lacunar infarct,7,213,9393,0.7683763437560731,0.12502738629279378
0.1,1,SWIax,00001,1,Silent micro-hemorrhage of brain,8,195,9393,0.7929722737941916,0.13290862061284253
0.1,1,SWIax,00001,1,Cavernous hemangioma,9,78,9393,0.6298883796468338,0.01599965887850819
0.1,1,SWIax,00001,1,Subdural intracranial hemorrhage,10,44,9393,0.8210114839700892,0.06163687875358763
0.1,1,SWIax,00001,1,Gliosis,11,3534,9393,0.765453687017482,0.6571447987412272
0.1,1,SWIax,00001,1,Cerebral atrophy,12,1310,9393,0.9041109745927982,0.6666012163538135
0.1,1,SWIax,00001,1,Encephalomalacia,13,236,9393,0.7223005277059505,0.09687043546072635
0.1,1,SWIax,00001,1,Arachnoid cyst,14,389,9393,0.6751593693291413,0.0883157829521798
0.1,1,SWIax,00001,1,Empty sella syndrome,15,351,9393,0.6380424117650395,0.07872291459059769
0.1,1,SWIax,00001,1,Intracranial aneurysm,16,61,9393,0.6049025739040004,0.016327257855900276
0.1,1,SWIax,00001,1,Chiari malformation,17,56,9393,0.6895741213910862,0.018502421201536234
0.1,1,SWIax,00001,1,Schwannoma,18,38,9393,0.6377366451939577,0.007486396898076082
0.1,1,SWIax,00001,1,Cyst of pineal gland,19,103,9393,0.6354572721477317,0.018485918402510855
0.1,1,SWIax,00001,1,Hemangioma of vertebral column,20,31,9393,0.6052608003528333,0.004904890877427225
0.1,1,SWIax,00001,1,Cerebral edema,22,533,9393,0.8855178956373692,0.45851991433986267
0.1,1,SWIax,00001,1,Spinal stenosis,23,43,9393,0.640437756497948,0.007414152037353135
0.1,1,SWIax,00001,1,Mastoiditis,24,265,9393,0.659954029070825,0.05900195515006279
0.1,1,SWIax,00001,1,Chronic mastoiditis,25,211,9393,0.7300508619274678,0.06037901849001266
0.1,1,SWIax,00001,1,Ventriculomegaly,26,889,9393,0.8724053102252153,0.514490109314884
0.1,1,SWIax,00001,1,Cerebellar degeneration,27,351,9393,0.7579718200156157,0.12462293203346234
0.1,1,SWIax,00001,1,Mega cisterna magna,28,104,9393,0.6562901115463287,0.021485922134427494
0.1,1,SWIax,00001,1,Structure of cave of septum pellucidum,29,99,9393,0.6021425792245676,0.019624468365415836
0.1,1,SWIax,00001,1,Hyperostosis of skull,30,34,9393,0.7413530857369124,0.01190749662499874
0.1,1,SWIax,00001,1,Watershed infarct,31,36,9393,0.8053685297994372,0.019617119703995697
0.1,1,SWIax,00001,1,Foraminal Spinal Stenosis,33,60,9393,0.6776527733133326,0.012433716188572405
0.1,1,SWIax,00001,1,Lipoma of brain,34,22,9393,0.44338917938320344,0.002093887907024663
0.1,1,SWIax,00001,1,Glioma,35,66,9393,0.7748325974443697,0.048393896061320746
0.1,1,SWIax,00001,1,Pituitary adenoma,36,25,9393,0.5240862510674638,0.017073541066542852
0.1,1,FLAIRsag,00010,1,Cerebral infarction,0,424,9393,0.7950755958153557,0.1968104085357133
0.1,1,FLAIRsag,00010,1,Cerebral hemorrhage,1,294,9393,0.8000684832675788,0.17320624722378875
0.1,1,FLAIRsag,00010,1,Metastatic malignant neoplasm to brain,2,373,9393,0.8905542048352485,0.2797104972132438
0.1,1,FLAIRsag,00010,1,Intracranial meningioma,3,181,9393,0.7197883855552331,0.05851649889344197
0.1,1,FLAIRsag,00010,1,Demyelinating disease of central nervous system,4,250,9393,0.7597453789784534,0.1409127585936791
0.1,1,FLAIRsag,00010,1,Herniation of nucleus pulposus,5,138,9393,0.753215261629045,0.04111658807088561
0.1,1,FLAIRsag,00010,1,Spinal cord compression,6,74,9393,0.6221291578089518,0.013444640871696811
0.1,1,FLAIRsag,00010,1,Lacunar infarct,7,213,9393,0.8122802172512198,0.13899651681987274
0.1,1,FLAIRsag,00010,1,Silent micro-hemorrhage of brain,8,195,9393,0.725455366551257,0.056519009662598166
0.1,1,FLAIRsag,00010,1,Cavernous hemangioma,9,78,9393,0.562940941684903,0.009814163344288007
0.1,1,FLAIRsag,00010,1,Subdural intracranial hemorrhage,10,44,9393,0.8991360281605227,0.10226613057921526
0.1,1,FLAIRsag,00010,1,Gliosis,11,3534,9393,0.769786067666565,0.6594903201807515
0.1,1,FLAIRsag,00010,1,Cerebral atrophy,12,1310,9393,0.9196272829697234,0.7233358838379138
0.1,1,FLAIRsag,00010,1,Encephalomalacia,13,236,9393,0.7778489365364646,0.1292265827344365
0.1,1,FLAIRsag,00010,1,Arachnoid cyst,14,389,9393,0.6752057640191906,0.10958821811919053
0.1,1,FLAIRsag,00010,1,Empty sella syndrome,15,351,9393,0.674833367047479,0.07390257614755853
0.1,1,FLAIRsag,00010,1,Intracranial aneurysm,16,61,9393,0.6486951297492147,0.013082034754791853
0.1,1,FLAIRsag,00010,1,Chiari malformation,17,56,9393,0.6367084104713964,0.011800036126006318
0.1,1,FLAIRsag,00010,1,Schwannoma,18,38,9393,0.7078342569411236,0.008641672463229054
0.1,1,FLAIRsag,00010,1,Cyst of pineal gland,19,103,9393,0.6491142997481372,0.019281688282194016
0.1,1,FLAIRsag,00010,1,Hemangioma of vertebral column,20,31,9393,0.5316619691132994,0.004522995579752236
0.1,1,FLAIRsag,00010,1,Cerebral edema,22,533,9393,0.886470381460196,0.5035008018667161
0.1,1,FLAIRsag,00010,1,Spinal stenosis,23,43,9393,0.6045218256435767,0.008316343599084317
0.1,1,FLAIRsag,00010,1,Mastoiditis,24,265,9393,0.6820680303606568,0.06311532020274559
0.1,1,FLAIRsag,00010,1,Chronic mastoiditis,25,211,9393,0.7413453686947779,0.08090378607708554
0.1,1,FLAIRsag,00010,1,Ventriculomegaly,26,889,9393,0.8913829474279027,0.5546261567751642
0.1,1,FLAIRsag,00010,1,Cerebellar degeneration,27,351,9393,0.7987019738844556,0.15383416157035895
0.1,1,FLAIRsag,00010,1,Mega cisterna magna,28,104,9393,0.6983363283287927,0.03323244275341448
0.1,1,FLAIRsag,00010,1,Structure of cave of septum pellucidum,29,99,9393,0.6441018752187249,0.02057512032734681
0.1,1,FLAIRsag,00010,1,Hyperostosis of skull,30,34,9393,0.7750010999164064,0.017010518397701
0.1,1,FLAIRsag,00010,1,Watershed infarct,31,36,9393,0.8448131523636493,0.026530854829126482
0.1,1,FLAIRsag,00010,1,Foraminal Spinal Stenosis,33,60,9393,0.7373174041930068,0.014601324710479119
0.1,1,FLAIRsag,00010,1,Lipoma of brain,34,22,9393,0.5451780638526984,0.006080743174711194
0.1,1,FLAIRsag,00010,1,Glioma,35,66,9393,0.746361979395109,0.029847565645451792
0.1,1,FLAIRsag,00010,1,Pituitary adenoma,36,25,9393,0.6323697694278394,0.005526180072734701
0.1,1,FLAIRax,00100,1,Cerebral infarction,0,424,9393,0.8092757127800789,0.22172989359258807
0.1,1,FLAIRax,00100,1,Cerebral hemorrhage,1,294,9393,0.8278984085116626,0.20801066413105546
0.1,1,FLAIRax,00100,1,Metastatic malignant neoplasm to brain,2,373,9393,0.8906466416601773,0.29752259763341316
0.1,1,FLAIRax,00100,1,Intracranial meningioma,3,181,9393,0.7243500550567001,0.06743673043730278
0.1,1,FLAIRax,00100,1,Demyelinating disease of central nervous system,4,250,9393,0.8273013234168216,0.2652883741061035
0.1,1,FLAIRax,00100,1,Herniation of nucleus pulposus,5,138,9393,0.7005731332064923,0.031648606117468635
0.1,1,FLAIRax,00100,1,Spinal cord compression,6,74,9393,0.5954603063198407,0.01130319394692722
0.1,1,FLAIRax,00100,1,Lacunar infarct,7,213,9393,0.7971524133910214,0.11802843698351012
0.1,1,FLAIRax,00100,1,Silent micro-hemorrhage of brain,8,195,9393,0.6965031417086212,0.060148137510187494
0.1,1,FLAIRax,00100,1,Cavernous hemangioma,9,78,9393,0.47549444650893924,0.00918401451285806
0.1,1,FLAIRax,00100,1,Subdural intracranial hemorrhage,10,44,9393,0.8249910053578895,0.12065328477372493
0.1,1,FLAIRax,00100,1,Gliosis,11,3534,9393,0.781963242402843,0.684127510738286
0.1,1,FLAIRax,00100,1,Cerebral atrophy,12,1310,9393,0.9189349430951588,0.7195872777967027
0.1,1,FLAIRax,00100,1,Encephalomalacia,13,236,9393,0.7536236980877832,0.12644798333471086
0.1,1,FLAIRax,00100,1,Arachnoid cyst,14,389,9393,0.7183573938575143,0.11154982075607472
0.1,1,FLAIRax,00100,1,Empty sella syndrome,15,351,9393,0.6851417033898787,0.08252111564057599
0.1,1,FLAIRax,00100,1,Intracranial aneurysm,16,61,9393,0.6732185394166379,0.02334691709483298
0.1,1,FLAIRax,00100,1,Chiari malformation,17,56,9393,0.7804166220413409,0.022987824736468772
0.1,1,FLAIRax,00100,1,Schwannoma,18,38,9393,0.7724352302455765,0.011156778212626655
0.1,1,FLAIRax,00100,1,Cyst of pineal gland,19,103,9393,0.6302784077251873,0.016658691165053682
0.1,1,FLAIRax,00100,1,Hemangioma of vertebral column,20,31,9393,0.5468331139610367,0.004857935172456676
0.1,1,FLAIRax,00100,1,Cerebral edema,22,533,9393,0.9042332467950482,0.508234636565624
0.1,1,FLAIRax,00100,1,Spinal stenosis,23,43,9393,0.6038552418853376,0.007632042660080426
0.1,1,FLAIRax,00100,1,Mastoiditis,24,265,9393,0.6995014303904222,0.07941042732857144
0.1,1,FLAIRax,00100,1,Chronic mastoiditis,25,211,9393,0.7528964045665277,0.058539327292862944
0.1,1,FLAIRax,00100,1,Ventriculomegaly,26,889,9393,0.8943128199050376,0.5565841544922907
0.1,1,FLAIRax,00100,1,Cerebellar degeneration,27,351,9393,0.8062451201137333,0.156793570105897
0.1,1,FLAIRax,00100,1,Mega cisterna magna,28,104,9393,0.7668592710981559,0.04626553108442388
0.1,1,FLAIRax,00100,1,Structure of cave of septum pellucidum,29,99,9393,0.7170499920661315,0.03725789729297834
0.1,1,FLAIRax,00100,1,Hyperostosis of skull,30,34,9393,0.6769136974161393,0.04380625363782162
0.1,1,FLAIRax,00100,1,Watershed infarct,31,36,9393,0.7954947573415031,0.017455862481860714
0.1,1,FLAIRax,00100,1,Foraminal Spinal Stenosis,33,60,9393,0.658309225329476,0.012573139492309038
0.1,1,FLAIRax,00100,1,Lipoma of brain,34,22,9393,0.506043790805289,0.0026142830412457896
0.1,1,FLAIRax,00100,1,Glioma,35,66,9393,0.7730586664327418,0.0361813750803009
0.1,1,FLAIRax,00100,1,Pituitary adenoma,36,25,9393,0.5061016225448334,0.003208509176836638
0.1,1,T2ax,01000,1,Cerebral infarction,0,424,9393,0.8053360421746183,0.1968198608668823
0.1,1,T2ax,01000,1,Cerebral hemorrhage,1,294,9393,0.7860266097866776,0.1752776245727817
0.1,1,T2ax,01000,1,Metastatic malignant neoplasm to brain,2,373,9393,0.859355438911445,0.2007800319424071
0.1,1,T2ax,01000,1,Intracranial meningioma,3,181,9393,0.6815839536708065,0.054868252434311995
0.1,1,T2ax,01000,1,Demyelinating disease of central nervous system,4,250,9393,0.8376554741332166,0.2588725435303317
0.1,1,T2ax,01000,1,Herniation of nucleus pulposus,5,138,9393,0.6964351427743719,0.03126069390946079
0.1,1,T2ax,01000,1,Spinal cord compression,6,74,9393,0.5427533983173,0.008754334081821408
0.1,1,T2ax,01000,1,Lacunar infarct,7,213,9393,0.8096678838462875,0.12301366385280327
0.1,1,T2ax,01000,1,Silent micro-hemorrhage of brain,8,195,9393,0.7377495665166899,0.08179081812860307
0.1,1,T2ax,01000,1,Cavernous hemangioma,9,78,9393,0.473361135196884,0.007884725202758215
0.1,1,T2ax,01000,1,Subdural intracranial hemorrhage,10,44,9393,0.7840568753099504,0.04207068613174026
0.1,1,T2ax,01000,1,Gliosis,11,3534,9393,0.7783409558698456,0.6846704221484317
0.1,1,T2ax,01000,1,Cerebral atrophy,12,1310,9393,0.9194594630328661,0.7121244469195918
0.1,1,T2ax,01000,1,Encephalomalacia,13,236,9393,0.7484794442706607,0.11312639551316
0.1,1,T2ax,01000,1,Arachnoid cyst,14,389,9393,0.726478320403728,0.1591864042537852
0.1,1,T2ax,01000,1,Empty sella syndrome,15,351,9393,0.7161965276320508,0.08774729004312593
0.1,1,T2ax,01000,1,Intracranial aneurysm,16,61,9393,0.6863919670023118,0.013955500624264795
0.1,1,T2ax,01000,1,Chiari malformation,17,56,9393,0.797225707247663,0.03866047212305268
0.1,1,T2ax,01000,1,Schwannoma,18,38,9393,0.7147430307462939,0.011524713734053216
0.1,1,T2ax,01000,1,Cyst of pineal gland,19,103,9393,0.6016365859521147,0.01859411381863994
0.1,1,T2ax,01000,1,Hemangioma of vertebral column,20,31,9393,0.6259621944580356,0.00662202575611851
0.1,1,T2ax,01000,1,Cerebral edema,22,533,9393,0.8776095951617617,0.4227890675350413
0.1,1,T2ax,01000,1,Spinal stenosis,23,43,9393,0.661372963561746,0.010584127628765087
0.1,1,T2ax,01000,1,Mastoiditis,24,265,9393,0.7550630033237974,0.10532071845255557
0.1,1,T2ax,01000,1,Chronic mastoiditis,25,211,9393,0.7950347940179683,0.08255543698669929
0.1,1,T2ax,01000,1,Ventriculomegaly,26,889,9393,0.8980473160516272,0.5571642402529857
0.1,1,T2ax,01000,1,Cerebellar degeneration,27,351,9393,0.8277144140891098,0.18235577907406494
0.1,1,T2ax,01000,1,Mega cisterna magna,28,104,9393,0.751550634745812,0.05713493356875228
0.1,1,T2ax,01000,1,Structure of cave of septum pellucidum,29,99,9393,0.7111115458436311,0.041779643571485496
0.1,1,T2ax,01000,1,Hyperostosis of skull,30,34,9393,0.7581063839148225,0.05132265149869351
0.1,1,T2ax,01000,1,Watershed infarct,31,36,9393,0.850605013477729,0.02197200715397436
0.1,1,T2ax,01000,1,Foraminal Spinal Stenosis,33,60,9393,0.6670934676238437,0.014734283652392212
0.1,1,T2ax,01000,1,Lipoma of brain,34,22,9393,0.5655552429642708,0.002977569565061111
0.1,1,T2ax,01000,1,Glioma,35,66,9393,0.7626993641789396,0.039216340115669754
0.1,1,T2ax,01000,1,Pituitary adenoma,36,25,9393,0.4183176771989753,0.003959292763719116
0.1,1,T1ax,10000,1,Cerebral infarction,0,424,9393,0.7822936235292633,0.18963075005013547
0.1,1,T1ax,10000,1,Cerebral hemorrhage,1,294,9393,0.8040795392780699,0.16867299877508335
0.1,1,T1ax,10000,1,Metastatic malignant neoplasm to brain,2,373,9393,0.8496501667429542,0.23255993120743135
0.1,1,T1ax,10000,1,Intracranial meningioma,3,181,9393,0.7209153086413829,0.0537841588373447
0.1,1,T1ax,10000,1,Demyelinating disease of central nervous system,4,250,9393,0.7838893142294651,0.19684978901760367
0.1,1,T1ax,10000,1,Herniation of nucleus pulposus,5,138,9393,0.7265904054995733,0.03173425619295314
0.1,1,T1ax,10000,1,Spinal cord compression,6,74,9393,0.6156094929568479,0.013647641886275312
0.1,1,T1ax,10000,1,Lacunar infarct,7,213,9393,0.7913263166508127,0.12448593358155177
0.1,1,T1ax,10000,1,Silent micro-hemorrhage of brain,8,195,9393,0.7245008669666204,0.056679176522599045
0.1,1,T1ax,10000,1,Cavernous hemangioma,9,78,9393,0.5806488019048406,0.013647364301900507
0.1,1,T1ax,10000,1,Subdural intracranial hemorrhage,10,44,9393,0.8159866393099895,0.032180098565995206
0.1,1,T1ax,10000,1,Gliosis,11,3534,9393,0.7691402553479703,0.6581754389040191
0.1,1,T1ax,10000,1,Cerebral atrophy,12,1310,9393,0.9166768819301275,0.7034251027944265
0.1,1,T1ax,10000,1,Encephalomalacia,13,236,9393,0.7554121788832476,0.13004776048372776
0.1,1,T1ax,10000,1,Arachnoid cyst,14,389,9393,0.6924720118679045,0.1062082092792874
0.1,1,T1ax,10000,1,Empty sella syndrome,15,351,9393,0.6836803369650085,0.07406444344413714
0.1,1,T1ax,10000,1,Intracranial aneurysm,16,61,9393,0.6611746642963047,0.022800382636678225
0.1,1,T1ax,10000,1,Chiari malformation,17,56,9393,0.7319707308863352,0.02206028161497057
0.1,1,T1ax,10000,1,Schwannoma,18,38,9393,0.7535823792511744,0.009822440837387515
0.1,1,T1ax,10000,1,Cyst of pineal gland,19,103,9393,0.6165863701443247,0.016066117241441188
0.1,1,T1ax,10000,1,Hemangioma of vertebral column,20,31,9393,0.6027110281095163,0.005125884343961261
0.1,1,T1ax,10000,1,Cerebral edema,22,533,9393,0.8658735637538699,0.4314052268901095
0.1,1,T1ax,10000,1,Spinal stenosis,23,43,9393,0.6851734858848402,0.011969982077387623
0.1,1,T1ax,10000,1,Mastoiditis,24,265,9393,0.6197017677310535,0.05608742007268763
0.1,1,T1ax,10000,1,Chronic mastoiditis,25,211,9393,0.7902990706110554,0.10266111022561569
0.1,1,T1ax,10000,1,Ventriculomegaly,26,889,9393,0.8939514469204989,0.5430797844680322
0.1,1,T1ax,10000,1,Cerebellar degeneration,27,351,9393,0.8184181322867454,0.1849127050162744
0.1,1,T1ax,10000,1,Mega cisterna magna,28,104,9393,0.7096886722922895,0.033893699041336
0.1,1,T1ax,10000,1,Structure of cave of septum pellucidum,29,99,9393,0.7030646468993791,0.04191432776863833
0.1,1,T1ax,10000,1,Hyperostosis of skull,30,34,9393,0.6894967411048188,0.028860260252413686
0.1,1,T1ax,10000,1,Watershed infarct,31,36,9393,0.8411498224739649,0.021051607613376374
0.1,1,T1ax,10000,1,Foraminal Spinal Stenosis,33,60,9393,0.6943908711025394,0.014736640927103278
0.1,1,T1ax,10000,1,Lipoma of brain,34,22,9393,0.7106159234000446,0.006928316269759096
0.1,1,T1ax,10000,1,Glioma,35,66,9393,0.744802479604667,0.02490481635484851
0.1,1,T1ax,10000,1,Pituitary adenoma,36,25,9393,0.6378608027327071,0.004189443359254708
0.1,1,FLAIRsag+SWIax,00011,2,Cerebral infarction,0,424,9393,0.7910562482513144,0.20945878901184603
0.1,1,FLAIRsag+SWIax,00011,2,Cerebral hemorrhage,1,294,9393,0.8282064336889827,0.2049950122967579
0.1,1,FLAIRsag+SWIax,00011,2,Metastatic malignant neoplasm to brain,2,373,9393,0.8971555613679462,0.27964953040039175
0.1,1,FLAIRsag+SWIax,00011,2,Intracranial meningioma,3,181,9393,0.7298041468850383,0.07007751268564805
0.1,1,FLAIRsag+SWIax,00011,2,Demyelinating disease of central nervous system,4,250,9393,0.7911062014656022,0.15878937573815255
0.1,1,FLAIRsag+SWIax,00011,2,Herniation of nucleus pulposus,5,138,9393,0.7271408326090871,0.033193664980011736
0.1,1,FLAIRsag+SWIax,00011,2,Spinal cord compression,6,74,9393,0.6374799523206005,0.013961381924226109
0.1,1,FLAIRsag+SWIax,00011,2,Lacunar infarct,7,213,9393,0.7959505763703498,0.13097815410549907
0.1,1,FLAIRsag+SWIax,00011,2,Silent micro-hemorrhage of brain,8,195,9393,0.771366127530511,0.12667282791209147
0.1,1,FLAIRsag+SWIax,00011,2,Cavernous hemangioma,9,78,9393,0.6125369888654913,0.01524856907021831
0.1,1,FLAIRsag+SWIax,00011,2,Subdural intracranial hemorrhage,10,44,9393,0.8831450130786959,0.07626713363753614
0.1,1,FLAIRsag+SWIax,00011,2,Gliosis,11,3534,9393,0.7759157789645037,0.6691919047858469
0.1,1,FLAIRsag+SWIax,00011,2,Cerebral atrophy,12,1310,9393,0.9191083349939039,0.7108057436304952
0.1,1,FLAIRsag+SWIax,00011,2,Encephalomalacia,13,236,9393,0.7685553147263463,0.14378267671598832
0.1,1,FLAIRsag+SWIax,00011,2,Arachnoid cyst,14,389,9393,0.6900454982018845,0.09421991866767988
0.1,1,FLAIRsag+SWIax,00011,2,Empty sella syndrome,15,351,9393,0.6836812822214282,0.0749172309466259
0.1,1,FLAIRsag+SWIax,00011,2,Intracranial aneurysm,16,61,9393,0.6671755215616282,0.019282176138982123
0.1,1,FLAIRsag+SWIax,00011,2,Chiari malformation,17,56,9393,0.7042125032512737,0.01824716659133884
0.1,1,FLAIRsag+SWIax,00011,2,Schwannoma,18,38,9393,0.6530394666516639,0.008783288448733013
0.1,1,FLAIRsag+SWIax,00011,2,Cyst of pineal gland,19,103,9393,0.6377052264152916,0.02150097825568974
0.1,1,FLAIRsag+SWIax,00011,2,Hemangioma of vertebral column,20,31,9393,0.5917366705487523,0.0054010333947530475
0.1,1,FLAIRsag+SWIax,00011,2,Cerebral edema,22,533,9393,0.8940405049995976,0.4924864848821919
0.1,1,FLAIRsag+SWIax,00011,2,Spinal stenosis,23,43,9393,0.6247581146623554,0.00668470153338458
0.1,1,FLAIRsag+SWIax,00011,2,Mastoiditis,24,265,9393,0.6901096357051908,0.06949991531245717
0.1,1,FLAIRsag+SWIax,00011,2,Chronic mastoiditis,25,211,9393,0.7583521643933474,0.0744473098754199
0.1,1,FLAIRsag+SWIax,00011,2,Ventriculomegaly,26,889,9393,0.8959526225731661,0.554262295216498
0.1,1,FLAIRsag+SWIax,00011,2,Cerebellar degeneration,27,351,9393,0.7818108718352028,0.1351405784825753
0.1,1,FLAIRsag+SWIax,00011,2,Mega cisterna magna,28,104,9393,0.677847868032495,0.022224380055908856
0.1,1,FLAIRsag+SWIax,00011,2,Structure of cave of septum pellucidum,29,99,9393,0.6608532060436515,0.021282497769354373
0.1,1,FLAIRsag+SWIax,00011,2,Hyperostosis of skull,30,34,9393,0.7594168557475345,0.012033662949400038
0.1,1,FLAIRsag+SWIax,00011,2,Watershed infarct,31,36,9393,0.8264104116941565,0.01956453281013439
0.1,1,FLAIRsag+SWIax,00011,2,Foraminal Spinal Stenosis,33,60,9393,0.6654219793564056,0.015033559290297462
0.1,1,FLAIRsag+SWIax,00011,2,Lipoma of brain,34,22,9393,0.4890425975689021,0.0024118794491242374
0.1,1,FLAIRsag+SWIax,00011,2,Glioma,35,66,9393,0.775458021839495,0.04095358242125368
0.1,1,FLAIRsag+SWIax,00011,2,Pituitary adenoma,36,25,9393,0.558672075149445,0.0037495996872992437
0.1,1,FLAIRax+SWIax,00101,2,Cerebral infarction,0,424,9393,0.8010866043836525,0.22609875311027566
0.1,1,FLAIRax+SWIax,00101,2,Cerebral hemorrhage,1,294,9393,0.8397674708964803,0.24963678822904822
0.1,1,FLAIRax+SWIax,00101,2,Metastatic malignant neoplasm to brain,2,373,9393,0.8898946636310134,0.292466942155785
0.1,1,FLAIRax+SWIax,00101,2,Intracranial meningioma,3,181,9393,0.7366166638278681,0.06449170258014342
0.1,1,FLAIRax+SWIax,00101,2,Demyelinating disease of central nervous system,4,250,9393,0.8228060811549818,0.2329874472468828
0.1,1,FLAIRax+SWIax,00101,2,Herniation of nucleus pulposus,5,138,9393,0.6841527102467135,0.027387597275706967
0.1,1,FLAIRax+SWIax,00101,2,Spinal cord compression,6,74,9393,0.6398146187823192,0.014463170969283307
0.1,1,FLAIRax+SWIax,00101,2,Lacunar infarct,7,213,9393,0.8220718647396361,0.14497351543324213
0.1,1,FLAIRax+SWIax,00101,2,Silent micro-hemorrhage of brain,8,195,9393,0.7785404853898005,0.1267767673591943
0.1,1,FLAIRax+SWIax,00101,2,Cavernous hemangioma,9,78,9393,0.5913112294754808,0.015595823626299098
0.1,1,FLAIRax+SWIax,00101,2,Subdural intracranial hemorrhage,10,44,9393,0.8677179863670398,0.06782979127292572
0.1,1,FLAIRax+SWIax,00101,2,Gliosis,11,3534,9393,0.7847132090062517,0.6871232563748242
0.1,1,FLAIRax+SWIax,00101,2,Cerebral atrophy,12,1310,9393,0.9212733727274188,0.7172542948950937
0.1,1,FLAIRax+SWIax,00101,2,Encephalomalacia,13,236,9393,0.7515464690345257,0.13987173700346653
0.1,1,FLAIRax+SWIax,00101,2,Arachnoid cyst,14,389,9393,0.6965093491724329,0.10341561387966239
0.1,1,FLAIRax+SWIax,00101,2,Empty sella syndrome,15,351,9393,0.6744558946505419,0.07628576551942456
0.1,1,FLAIRax+SWIax,00101,2,Intracranial aneurysm,16,61,9393,0.6308647136944622,0.023416700605285987
0.1,1,FLAIRax+SWIax,00101,2,Chiari malformation,17,56,9393,0.7195508652213162,0.03707468724726602
0.1,1,FLAIRax+SWIax,00101,2,Schwannoma,18,38,9393,0.6945455568370418,0.00863776171112788
0.1,1,FLAIRax+SWIax,00101,2,Cyst of pineal gland,19,103,9393,0.6304001588512547,0.018464455306911924
0.1,1,FLAIRax+SWIax,00101,2,Hemangioma of vertebral column,20,31,9393,0.552535645126834,0.004783532490870074
0.1,1,FLAIRax+SWIax,00101,2,Cerebral edema,22,533,9393,0.9014773271104826,0.5136039613636907
0.1,1,FLAIRax+SWIax,00101,2,Spinal stenosis,23,43,9393,0.5756075115035443,0.006728577497570025
0.1,1,FLAIRax+SWIax,00101,2,Mastoiditis,24,265,9393,0.6827369239164587,0.0874075033776105
0.1,1,FLAIRax+SWIax,00101,2,Chronic mastoiditis,25,211,9393,0.7603512332494753,0.06614160547572183
0.1,1,FLAIRax+SWIax,00101,2,Ventriculomegaly,26,889,9393,0.9004711076214251,0.5575316487504902
0.1,1,FLAIRax+SWIax,00101,2,Cerebellar degeneration,27,351,9393,0.7878319976860123,0.15151378533606935
0.1,1,FLAIRax+SWIax,00101,2,Mega cisterna magna,28,104,9393,0.7113635234396348,0.030208116829567273
0.1,1,FLAIRax+SWIax,00101,2,Structure of cave of septum pellucidum,29,99,9393,0.6630866443648883,0.03586901358841497
0.1,1,FLAIRax+SWIax,00101,2,Hyperostosis of skull,30,34,9393,0.6821587273652916,0.020127024825780517
0.1,1,FLAIRax+SWIax,00101,2,Watershed infarct,31,36,9393,0.7946546257703679,0.022958401999281727
0.1,1,FLAIRax+SWIax,00101,2,Foraminal Spinal Stenosis,33,60,9393,0.6374799099967856,0.010486936373150166
0.1,1,FLAIRax+SWIax,00101,2,Lipoma of brain,34,22,9393,0.47673674100949737,0.0022825614194764777
0.1,1,FLAIRax+SWIax,00101,2,Glioma,35,66,9393,0.8230568795058985,0.06522547849967315
0.1,1,FLAIRax+SWIax,00101,2,Pituitary adenoma,36,25,9393,0.4843552519214348,0.0030647807583435074
0.1,1,FLAIRax+FLAIRsag,00110,2,Cerebral infarction,0,424,9393,0.8159138815669066,0.2301984713784655
0.1,1,FLAIRax+FLAIRsag,00110,2,Cerebral hemorrhage,1,294,9393,0.816116071662207,0.19776336918989224
0.1,1,FLAIRax+FLAIRsag,00110,2,Metastatic malignant neoplasm to brain,2,373,9393,0.8983093869447103,0.30210104181961295
0.1,1,FLAIRax+FLAIRsag,00110,2,Intracranial meningioma,3,181,9393,0.7227301406044961,0.07259488371638187
0.1,1,FLAIRax+FLAIRsag,00110,2,Demyelinating disease of central nervous system,4,250,9393,0.791020452805425,0.24959760379426268
0.1,1,FLAIRax+FLAIRsag,00110,2,Herniation of nucleus pulposus,5,138,9393,0.7475966770801525,0.03738994543645884
0.1,1,FLAIRax+FLAIRsag,00110,2,Spinal cord compression,6,74,9393,0.6100715481013796,0.013055485039188611
0.1,1,FLAIRax+FLAIRsag,00110,2,Lacunar infarct,7,213,9393,0.8020732967156606,0.1310599772339005
0.1,1,FLAIRax+FLAIRsag,00110,2,Silent micro-hemorrhage of brain,8,195,9393,0.7116385390357993,0.06457254803348679
0.1,1,FLAIRax+FLAIRsag,00110,2,Cavernous hemangioma,9,78,9393,0.4976106913304981,0.008869573777194422
0.1,1,FLAIRax+FLAIRsag,00110,2,Subdural intracranial hemorrhage,10,44,9393,0.8992478534408153,0.14707903012405055
0.1,1,FLAIRax+FLAIRsag,00110,2,Gliosis,11,3534,9393,0.784340220034033,0.6768647336642045
0.1,1,FLAIRax+FLAIRsag,00110,2,Cerebral atrophy,12,1310,9393,0.923883695211796,0.7337394872255665
0.1,1,FLAIRax+FLAIRsag,00110,2,Encephalomalacia,13,236,9393,0.7783102859163038,0.13262427625467585
0.1,1,FLAIRax+FLAIRsag,00110,2,Arachnoid cyst,14,389,9393,0.7119560686538632,0.10918107003664546
0.1,1,FLAIRax+FLAIRsag,00110,2,Empty sella syndrome,15,351,9393,0.71469420009566,0.0880996305790551
0.1,1,FLAIRax+FLAIRsag,00110,2,Intracranial aneurysm,16,61,9393,0.6656946308489035,0.03337488256121908
0.1,1,FLAIRax+FLAIRsag,00110,2,Chiari malformation,17,56,9393,0.7250971557092366,0.019053042342553207
0.1,1,FLAIRax+FLAIRsag,00110,2,Schwannoma,18,38,9393,0.753104166080621,0.00933088087232464
0.1,1,FLAIRax+FLAIRsag,00110,2,Cyst of pineal gland,19,103,9393,0.6397546166145871,0.024685546614523095
0.1,1,FLAIRax+FLAIRsag,00110,2,Hemangioma of vertebral column,20,31,9393,0.5911233469550896,0.0060763076314866125
0.1,1,FLAIRax+FLAIRsag,00110,2,Cerebral edema,22,533,9393,0.896830200026258,0.520351964657114
0.1,1,FLAIRax+FLAIRsag,00110,2,Spinal stenosis,23,43,9393,0.601164034324089,0.008529836658197508
0.1,1,FLAIRax+FLAIRsag,00110,2,Mastoiditis,24,265,9393,0.719014270831611,0.0823430036954776
0.1,1,FLAIRax+FLAIRsag,00110,2,Chronic mastoiditis,25,211,9393,0.7552067149719056,0.07086441675137631
0.1,1,FLAIRax+FLAIRsag,00110,2,Ventriculomegaly,26,889,9393,0.8988720453922564,0.5725566971840031
0.1,1,FLAIRax+FLAIRsag,00110,2,Cerebellar degeneration,27,351,9393,0.8107076756711793,0.1629192933090367
0.1,1,FLAIRax+FLAIRsag,00110,2,Mega cisterna magna,28,104,9393,0.7465229758937371,0.04266658896423298
0.1,1,FLAIRax+FLAIRsag,00110,2,Structure of cave of septum pellucidum,29,99,9393,0.693650514179888,0.03185200275438908
0.1,1,FLAIRax+FLAIRsag,00110,2,Hyperostosis of skull,30,34,9393,0.6946820613061979,0.026399654276786155
0.1,1,FLAIRax+FLAIRsag,00110,2,Watershed infarct,31,36,9393,0.814244831558073,0.022923427802855806
0.1,1,FLAIRax+FLAIRsag,00110,2,Foraminal Spinal Stenosis,33,60,9393,0.703235829851066,0.014573367321405954
0.1,1,FLAIRax+FLAIRsag,00110,2,Lipoma of brain,34,22,9393,0.5706410492719318,0.0030594940867056273
0.1,1,FLAIRax+FLAIRsag,00110,2,Glioma,35,66,9393,0.7441721817726964,0.03407268888933444
0.1,1,FLAIRax+FLAIRsag,00110,2,Pituitary adenoma,36,25,9393,0.6004526046114432,0.004085413472448463
0.1,1,T2ax+SWIax,01001,2,Cerebral infarction,0,424,9393,0.8025978369940908,0.21358908408812669
0.1,1,T2ax+SWIax,01001,2,Cerebral hemorrhage,1,294,9393,0.8300089790834456,0.21837166395211394
0.1,1,T2ax+SWIax,01001,2,Metastatic malignant neoplasm to brain,2,373,9393,0.8794397912294989,0.2687122879886497
0.1,1,T2ax+SWIax,01001,2,Intracranial meningioma,3,181,9393,0.7238924487157035,0.05756394639721686
0.1,1,T2ax+SWIax,01001,2,Demyelinating disease of central nervous system,4,250,9393,0.823896751613256,0.22232816477218487
0.1,1,T2ax+SWIax,01001,2,Herniation of nucleus pulposus,5,138,9393,0.7161573454223725,0.033903059823642424
0.1,1,T2ax+SWIax,01001,2,Spinal cord compression,6,74,9393,0.612069790576068,0.011091647234016021
0.1,1,T2ax+SWIax,01001,2,Lacunar infarct,7,213,9393,0.7890126525310175,0.12595705109787214
0.1,1,T2ax+SWIax,01001,2,Silent micro-hemorrhage of brain,8,195,9393,0.7698434999804863,0.1161131453500514
0.1,1,T2ax+SWIax,01001,2,Cavernous hemangioma,9,78,9393,0.6063476334007734,0.029121568608586508
0.1,1,T2ax+SWIax,01001,2,Subdural intracranial hemorrhage,10,44,9393,0.8086402045916432,0.04781135929590235
0.1,1,T2ax+SWIax,01001,2,Gliosis,11,3534,9393,0.7796245633932984,0.6871188865631885
0.1,1,T2ax+SWIax,01001,2,Cerebral atrophy,12,1310,9393,0.9164035724775303,0.7079638190838842
0.1,1,T2ax+SWIax,01001,2,Encephalomalacia,13,236,9393,0.7329828250315125,0.10834914497766562
0.1,1,T2ax+SWIax,01001,2,Arachnoid cyst,14,389,9393,0.7062990570314936,0.13633832131968981
0.1,1,T2ax+SWIax,01001,2,Empty sella syndrome,15,351,9393,0.6837907744233777,0.07633794391012688
0.1,1,T2ax+SWIax,01001,2,Intracranial aneurysm,16,61,9393,0.6436095086183272,0.014342215919215279
0.1,1,T2ax+SWIax,01001,2,Chiari malformation,17,56,9393,0.7716439205006196,0.0640202199023954
0.1,1,T2ax+SWIax,01001,2,Schwannoma,18,38,9393,0.69641340122085,0.009411214247628925
0.1,1,T2ax+SWIax,01001,2,Cyst of pineal gland,19,103,9393,0.6337015477546584,0.019551439540454747
0.1,1,T2ax+SWIax,01001,2,Hemangioma of vertebral column,20,31,9393,0.587753512828111,0.01414610001085787
0.1,1,T2ax+SWIax,01001,2,Cerebral edema,22,533,9393,0.8891423392441947,0.46899636023069424
0.1,1,T2ax+SWIax,01001,2,Spinal stenosis,23,43,9393,0.6431115532893918,0.007627242504764723
0.1,1,T2ax+SWIax,01001,2,Mastoiditis,24,265,9393,0.7178364724753196,0.09679378181795564
0.1,1,T2ax+SWIax,01001,2,Chronic mastoiditis,25,211,9393,0.7844773567901757,0.07078054701976959
0.1,1,T2ax+SWIax,01001,2,Ventriculomegaly,26,889,9393,0.8904440654936948,0.5523998919964486
0.1,1,T2ax+SWIax,01001,2,Cerebellar degeneration,27,351,9393,0.7945740390995866,0.1772069568431965
0.1,1,T2ax+SWIax,01001,2,Mega cisterna magna,28,104,9393,0.7408866566741473,0.061658746764003056
0.1,1,T2ax+SWIax,01001,2,Structure of cave of septum pellucidum,29,99,9393,0.6721540778997204,0.030094613563353953
0.1,1,T2ax+SWIax,01001,2,Hyperostosis of skull,30,34,9393,0.8084165603414141,0.02336624184444444
0.1,1,T2ax+SWIax,01001,2,Watershed infarct,31,36,9393,0.8345148611259543,0.02972610760523111
0.1,1,T2ax+SWIax,01001,2,Foraminal Spinal Stenosis,33,60,9393,0.6298778527804564,0.010194127221748263
0.1,1,T2ax+SWIax,01001,2,Lipoma of brain,34,22,9393,0.6078714797101309,0.0032676915069192124
0.1,1,T2ax+SWIax,01001,2,Glioma,35,66,9393,0.7999844050020957,0.07366883309157843
0.1,1,T2ax+SWIax,01001,2,Pituitary adenoma,36,25,9393,0.4325875320239112,0.005203094081153468
0.1,1,T2ax+FLAIRsag,01010,2,Cerebral infarction,0,424,9393,0.8175471277376792,0.2152014738606813
0.1,1,T2ax+FLAIRsag,01010,2,Cerebral hemorrhage,1,294,9393,0.8039075834751969,0.17279324669745658
0.1,1,T2ax+FLAIRsag,01010,2,Metastatic malignant neoplasm to brain,2,373,9393,0.8894535824471088,0.26564931319910556
0.1,1,T2ax+FLAIRsag,01010,2,Intracranial meningioma,3,181,9393,0.7216721883298987,0.06614435273324373
0.1,1,T2ax+FLAIRsag,01010,2,Demyelinating disease of central nervous system,4,250,9393,0.8376117248167998,0.23394968301181004
0.1,1,T2ax+FLAIRsag,01010,2,Herniation of nucleus pulposus,5,138,9393,0.7354097667535762,0.03285515801706815
0.1,1,T2ax+FLAIRsag,01010,2,Spinal cord compression,6,74,9393,0.576210183786104,0.010316292225110085
0.1,1,T2ax+FLAIRsag,01010,2,Lacunar infarct,7,213,9393,0.8099864985117677,0.14032042144891899
0.1,1,T2ax+FLAIRsag,01010,2,Silent micro-hemorrhage of brain,8,195,9393,0.7320799950936936,0.05990651447270805
0.1,1,T2ax+FLAIRsag,01010,2,Cavernous hemangioma,9,78,9393,0.5089888104380859,0.008883341216612762
0.1,1,T2ax+FLAIRsag,01010,2,Subdural intracranial hemorrhage,10,44,9393,0.8655009286360233,0.08552191204351242
0.1,1,T2ax+FLAIRsag,01010,2,Gliosis,11,3534,9393,0.7788524090895524,0.6782644465801059
0.1,1,T2ax+FLAIRsag,01010,2,Cerebral atrophy,12,1310,9393,0.9225383025159768,0.7303012413167768
0.1,1,T2ax+FLAIRsag,01010,2,Encephalomalacia,13,236,9393,0.7636202183010867,0.11905748105796701
0.1,1,T2ax+FLAIRsag,01010,2,Arachnoid cyst,14,389,9393,0.7340722032709827,0.12941985356914387
0.1,1,T2ax+FLAIRsag,01010,2,Empty sella syndrome,15,351,9393,0.7286641447225388,0.09638904479110008
0.1,1,T2ax+FLAIRsag,01010,2,Intracranial aneurysm,16,61,9393,0.689004166871614,0.014706267320894858
0.1,1,T2ax+FLAIRsag,01010,2,Chiari malformation,17,56,9393,0.7578260071298522,0.02478806913006564
0.1,1,T2ax+FLAIRsag,01010,2,Schwannoma,18,38,9393,0.7396607499507721,0.009706537197527834
0.1,1,T2ax+FLAIRsag,01010,2,Cyst of pineal gland,19,103,9393,0.6218326418426746,0.01819790603503561
0.1,1,T2ax+FLAIRsag,01010,2,Hemangioma of vertebral column,20,31,9393,0.5679479846462364,0.005576462155227598
0.1,1,T2ax+FLAIRsag,01010,2,Cerebral edema,22,533,9393,0.8881748186295894,0.4831868274052278
0.1,1,T2ax+FLAIRsag,01010,2,Spinal stenosis,23,43,9393,0.6056037806243005,0.010354426025832997
0.1,1,T2ax+FLAIRsag,01010,2,Mastoiditis,24,265,9393,0.7281497527822335,0.0945097860075601
0.1,1,T2ax+FLAIRsag,01010,2,Chronic mastoiditis,25,211,9393,0.7690045741668483,0.08921368962194952
0.1,1,T2ax+FLAIRsag,01010,2,Ventriculomegaly,26,889,9393,0.8951146658172902,0.5670351879208122
0.1,1,T2ax+FLAIRsag,01010,2,Cerebellar degeneration,27,351,9393,0.8197941105483685,0.1682798906332056
0.1,1,T2ax+FLAIRsag,01010,2,Mega cisterna magna,28,104,9393,0.7313416613529651,0.03510358356072143
0.1,1,T2ax+FLAIRsag,01010,2,Structure of cave of septum pellucidum,29,99,9393,0.6836647081966643,0.028000085213114315
0.1,1,T2ax+FLAIRsag,01010,2,Hyperostosis of skull,30,34,9393,0.7487602370791249,0.02563038988226329
0.1,1,T2ax+FLAIRsag,01010,2,Watershed infarct,31,36,9393,0.8836699796943465,0.031860980419702346
0.1,1,T2ax+FLAIRsag,01010,2,Foraminal Spinal Stenosis,33,60,9393,0.6671898996392728,0.010517518707930872
0.1,1,T2ax+FLAIRsag,01010,2,Lipoma of brain,34,22,9393,0.4790068004772946,0.004813076069278852
0.1,1,T2ax+FLAIRsag,01010,2,Glioma,35,66,9393,0.7434622844722556,0.03830785213112933
0.1,1,T2ax+FLAIRsag,01010,2,Pituitary adenoma,36,25,9393,0.49129803586678056,0.008059259654870761
0.1,1,T2ax+FLAIRax,01100,2,Cerebral infarction,0,424,9393,0.8202098633237755,0.22923864265832802
0.1,1,T2ax+FLAIRax,01100,2,Cerebral hemorrhage,1,294,9393,0.8191155789714502,0.19946176914579827
0.1,1,T2ax+FLAIRax,01100,2,Metastatic malignant neoplasm to brain,2,373,9393,0.8689340934354992,0.25203876950492204
0.1,1,T2ax+FLAIRax,01100,2,Intracranial meningioma,3,181,9393,0.7097420371698697,0.06395797490490102
0.1,1,T2ax+FLAIRax,01100,2,Demyelinating disease of central nervous system,4,250,9393,0.8471560756863175,0.303100220719659
0.1,1,T2ax+FLAIRax,01100,2,Herniation of nucleus pulposus,5,138,9393,0.6965604177921844,0.03134347205012806
0.1,1,T2ax+FLAIRax,01100,2,Spinal cord compression,6,74,9393,0.5690691496303687,0.009934971468242718
0.1,1,T2ax+FLAIRax,01100,2,Lacunar infarct,7,213,9393,0.8098269354690234,0.1421289967145415
0.1,1,T2ax+FLAIRax,01100,2,Silent micro-hemorrhage of brain,8,195,9393,0.7251587580354704,0.06383782512676954
0.1,1,T2ax+FLAIRax,01100,2,Cavernous hemangioma,9,78,9393,0.4873831840015415,0.008028532815146363
0.1,1,T2ax+FLAIRax,01100,2,Subdural intracranial hemorrhage,10,44,9393,0.8110882058363073,0.11229523531943211
0.1,1,T2ax+FLAIRax,01100,2,Gliosis,11,3534,9393,0.7869545235501751,0.690935894824763
0.1,1,T2ax+FLAIRax,01100,2,Cerebral atrophy,12,1310,9393,0.9220052829753898,0.7243386537167987
0.1,1,T2ax+FLAIRax,01100,2,Encephalomalacia,13,236,9393,0.7436285660872575,0.1133999539971421
0.1,1,T2ax+FLAIRax,01100,2,Arachnoid cyst,14,389,9393,0.7260820383742617,0.137900497014018
0.1,1,T2ax+FLAIRax,01100,2,Empty sella syndrome,15,351,9393,0.7181248507282569,0.08804066859982336
0.1,1,T2ax+FLAIRax,01100,2,Intracranial aneurysm,16,61,9393,0.6978245135721965,0.022361195643528353
0.1,1,T2ax+FLAIRax,01100,2,Chiari malformation,17,56,9393,0.777574626294772,0.026782696315058946
0.1,1,T2ax+FLAIRax,01100,2,Schwannoma,18,38,9393,0.73596444344426,0.010893667898328581
0.1,1,T2ax+FLAIRax,01100,2,Cyst of pineal gland,19,103,9393,0.6482866011056883,0.020442497173514165
0.1,1,T2ax+FLAIRax,01100,2,Hemangioma of vertebral column,20,31,9393,0.6127998566614522,0.005747497448848859
0.1,1,T2ax+FLAIRax,01100,2,Cerebral edema,22,533,9393,0.8986278105531533,0.4939746459807894
0.1,1,T2ax+FLAIRax,01100,2,Spinal stenosis,23,43,9393,0.5898146996642208,0.007335269316969751
0.1,1,T2ax+FLAIRax,01100,2,Mastoiditis,24,265,9393,0.7614468440461033,0.1004111775651425
0.1,1,T2ax+FLAIRax,01100,2,Chronic mastoiditis,25,211,9393,0.7815523056133936,0.06899175286997024
0.1,1,T2ax+FLAIRax,01100,2,Ventriculomegaly,26,889,9393,0.899498760326643,0.557741260668984
0.1,1,T2ax+FLAIRax,01100,2,Cerebellar degeneration,27,351,9393,0.8191985990039518,0.17668078432920528
0.1,1,T2ax+FLAIRax,01100,2,Mega cisterna magna,28,104,9393,0.747923515821029,0.05496948325711315
0.1,1,T2ax+FLAIRax,01100,2,Structure of cave of septum pellucidum,29,99,9393,0.7276009503252886,0.0443765345633037
0.1,1,T2ax+FLAIRax,01100,2,Hyperostosis of skull,30,34,9393,0.7218091425051696,0.06871899300830052
0.1,1,T2ax+FLAIRax,01100,2,Watershed infarct,31,36,9393,0.8211558785460678,0.021340638977867872
0.1,1,T2ax+FLAIRax,01100,2,Foraminal Spinal Stenosis,33,60,9393,0.6294439087110253,0.009090251366005848
0.1,1,T2ax+FLAIRax,01100,2,Lipoma of brain,34,22,9393,0.5077026804163716,0.002624187854748478
0.1,1,T2ax+FLAIRax,01100,2,Glioma,35,66,9393,0.771664863495034,0.03477046382998672
0.1,1,T2ax+FLAIRax,01100,2,Pituitary adenoma,36,25,9393,0.4686848847139197,0.006578822799534891
0.1,1,T1ax+SWIax,10001,2,Cerebral infarction,0,424,9393,0.7744316376954583,0.18487261013147827
0.1,1,T1ax+SWIax,10001,2,Cerebral hemorrhage,1,294,9393,0.8231879409638346,0.22995077057321806
0.1,1,T1ax+SWIax,10001,2,Metastatic malignant neoplasm to brain,2,373,9393,0.8674571848082605,0.2664975781788008
0.1,1,T1ax+SWIax,10001,2,Intracranial meningioma,3,181,9393,0.7528835796690841,0.059898618812109
0.1,1,T1ax+SWIax,10001,2,Demyelinating disease of central nervous system,4,250,9393,0.8006291151700754,0.18515407269490114
0.1,1,T1ax+SWIax,10001,2,Herniation of nucleus pulposus,5,138,9393,0.6919941433929172,0.02672182963339857
0.1,1,T1ax+SWIax,10001,2,Spinal cord compression,6,74,9393,0.6359819955162802,0.014427568324938845
0.1,1,T1ax+SWIax,10001,2,Lacunar infarct,7,213,9393,0.7825329610195668,0.12407749402440843
0.1,1,T1ax+SWIax,10001,2,Silent micro-hemorrhage of brain,8,195,9393,0.7786581252334677,0.1341357078723297
0.1,1,T1ax+SWIax,10001,2,Cavernous hemangioma,9,78,9393,0.6124268824751916,0.02097132847987311
0.1,1,T1ax+SWIax,10001,2,Subdural intracranial hemorrhage,10,44,9393,0.8435321230272562,0.057583733401820096
0.1,1,T1ax+SWIax,10001,2,Gliosis,11,3534,9393,0.7739305773973609,0.6670652855673675
0.1,1,T1ax+SWIax,10001,2,Cerebral atrophy,12,1310,9393,0.9189127496876396,0.6980671544302328
0.1,1,T1ax+SWIax,10001,2,Encephalomalacia,13,236,9393,0.7344168488310323,0.10639508435008727
0.1,1,T1ax+SWIax,10001,2,Arachnoid cyst,14,389,9393,0.6940965397840893,0.09903773358505503
0.1,1,T1ax+SWIax,10001,2,Empty sella syndrome,15,351,9393,0.6883927553027309,0.07663845793013235
0.1,1,T1ax+SWIax,10001,2,Intracranial aneurysm,16,61,9393,0.6066891288919495,0.015419081298832175
0.1,1,T1ax+SWIax,10001,2,Chiari malformation,17,56,9393,0.7197478541593354,0.022425325942641385
0.1,1,T1ax+SWIax,10001,2,Schwannoma,18,38,9393,0.713201496525922,0.008192663069121867
0.1,1,T1ax+SWIax,10001,2,Cyst of pineal gland,19,103,9393,0.6542759204489639,0.017744109644014617
0.1,1,T1ax+SWIax,10001,2,Hemangioma of vertebral column,20,31,9393,0.6246804170600437,0.007129386075643884
0.1,1,T1ax+SWIax,10001,2,Cerebral edema,22,533,9393,0.8790624642659,0.44338283384556354
0.1,1,T1ax+SWIax,10001,2,Spinal stenosis,23,43,9393,0.6754433528168138,0.011302473977398345
0.1,1,T1ax+SWIax,10001,2,Mastoiditis,24,265,9393,0.6352008334297949,0.061394176363717225
0.1,1,T1ax+SWIax,10001,2,Chronic mastoiditis,25,211,9393,0.7773621581891625,0.07650420113152744
0.1,1,T1ax+SWIax,10001,2,Ventriculomegaly,26,889,9393,0.8914088731617861,0.5497873788005516
0.1,1,T1ax+SWIax,10001,2,Cerebellar degeneration,27,351,9393,0.8030712641418238,0.1714138955465162
0.1,1,T1ax+SWIax,10001,2,Mega cisterna magna,28,104,9393,0.6992679513402951,0.033744119008805515
0.1,1,T1ax+SWIax,10001,2,Structure of cave of septum pellucidum,29,99,9393,0.656528704301461,0.04413807428827973
0.1,1,T1ax+SWIax,10001,2,Hyperostosis of skull,30,34,9393,0.6945123599177891,0.03355521343468701
0.1,1,T1ax+SWIax,10001,2,Watershed infarct,31,36,9393,0.8129861185327681,0.021895399070729085
0.1,1,T1ax+SWIax,10001,2,Foraminal Spinal Stenosis,33,60,9393,0.7114182649380335,0.01803623256417338
0.1,1,T1ax+SWIax,10001,2,Lipoma of brain,34,22,9393,0.5936593552643067,0.004459739273107709
0.1,1,T1ax+SWIax,10001,2,Glioma,35,66,9393,0.7642344967851561,0.04145783014777879
0.1,1,T1ax+SWIax,10001,2,Pituitary adenoma,36,25,9393,0.5963877028181042,0.003694367831770391
0.1,1,T1ax+FLAIRsag,10010,2,Cerebral infarction,0,424,9393,0.7930344982823436,0.20225873566543992
0.1,1,T1ax+FLAIRsag,10010,2,Cerebral hemorrhage,1,294,9393,0.8174532149380248,0.17932389391397363
0.1,1,T1ax+FLAIRsag,10010,2,Metastatic malignant neoplasm to brain,2,373,9393,0.8789579902867029,0.2555059316191249
0.1,1,T1ax+FLAIRsag,10010,2,Intracranial meningioma,3,181,9393,0.7440601137598568,0.06592675123970754
0.1,1,T1ax+FLAIRsag,10010,2,Demyelinating disease of central nervous system,4,250,9393,0.7856353494476649,0.21007392751917897
0.1,1,T1ax+FLAIRsag,10010,2,Herniation of nucleus pulposus,5,138,9393,0.749798385518208,0.03624957914280487
0.1,1,T1ax+FLAIRsag,10010,2,Spinal cord compression,6,74,9393,0.6044059941473827,0.013280600400657275
0.1,1,T1ax+FLAIRsag,10010,2,Lacunar infarct,7,213,9393,0.7893215502163307,0.12047338145543635
0.1,1,T1ax+FLAIRsag,10010,2,Silent micro-hemorrhage of brain,8,195,9393,0.7321954047981446,0.06955472758412794
0.1,1,T1ax+FLAIRsag,10010,2,Cavernous hemangioma,9,78,9393,0.5426607209215905,0.010821117243359452
0.1,1,T1ax+FLAIRsag,10010,2,Subdural intracranial hemorrhage,10,44,9393,0.866840401015179,0.0731117423142938
0.1,1,T1ax+FLAIRsag,10010,2,Gliosis,11,3534,9393,0.7686134923387785,0.6616645913159949
0.1,1,T1ax+FLAIRsag,10010,2,Cerebral atrophy,12,1310,9393,0.9197367861868232,0.7242690857040753
0.1,1,T1ax+FLAIRsag,10010,2,Encephalomalacia,13,236,9393,0.7635360000592305,0.11220721623563051
0.1,1,T1ax+FLAIRsag,10010,2,Arachnoid cyst,14,389,9393,0.7058687998136217,0.10682013413051758
0.1,1,T1ax+FLAIRsag,10010,2,Empty sella syndrome,15,351,9393,0.6997717520831876,0.07775605779255892
0.1,1,T1ax+FLAIRsag,10010,2,Intracranial aneurysm,16,61,9393,0.6312863195913233,0.014220720425214066
0.1,1,T1ax+FLAIRsag,10010,2,Chiari malformation,17,56,9393,0.6912102770850228,0.0202222272252563
0.1,1,T1ax+FLAIRsag,10010,2,Schwannoma,18,38,9393,0.7563110073419785,0.010097316624539061
0.1,1,T1ax+FLAIRsag,10010,2,Cyst of pineal gland,19,103,9393,0.6237942458223165,0.0174434237487274
0.1,1,T1ax+FLAIRsag,10010,2,Hemangioma of vertebral column,20,31,9393,0.5907064247369256,0.008176927776672841
0.1,1,T1ax+FLAIRsag,10010,2,Cerebral edema,22,533,9393,0.8887175534370381,0.4782515348314037
0.1,1,T1ax+FLAIRsag,10010,2,Spinal stenosis,23,43,9393,0.6679840815818928,0.009377084381804412
0.1,1,T1ax+FLAIRsag,10010,2,Mastoiditis,24,265,9393,0.6607378499495642,0.07229288175344695
0.1,1,T1ax+FLAIRsag,10010,2,Chronic mastoiditis,25,211,9393,0.7878189451647102,0.09271730058809709
0.1,1,T1ax+FLAIRsag,10010,2,Ventriculomegaly,26,889,9393,0.8993947267057282,0.5605085991681913
0.1,1,T1ax+FLAIRsag,10010,2,Cerebellar degeneration,27,351,9393,0.823345438917215,0.1760400485358865
0.1,1,T1ax+FLAIRsag,10010,2,Mega cisterna magna,28,104,9393,0.6629481106685327,0.03508987044470882
0.1,1,T1ax+FLAIRsag,10010,2,Structure of cave of septum pellucidum,29,99,9393,0.6831158583902289,0.027659058972695653
0.1,1,T1ax+FLAIRsag,10010,2,Hyperostosis of skull,30,34,9393,0.726397365228814,0.019458627067032115
0.1,1,T1ax+FLAIRsag,10010,2,Watershed infarct,31,36,9393,0.8353342120575208,0.02118364020981507
0.1,1,T1ax+FLAIRsag,10010,2,Foraminal Spinal Stenosis,33,60,9393,0.7438801385763778,0.01657349143590874
0.1,1,T1ax+FLAIRsag,10010,2,Lipoma of brain,34,22,9393,0.6055432135893133,0.004441705877013087
0.1,1,T1ax+FLAIRsag,10010,2,Glioma,35,66,9393,0.7643514592694394,0.029264142189457852
0.1,1,T1ax+FLAIRsag,10010,2,Pituitary adenoma,36,25,9393,0.6442399658411614,0.005562512411714104
0.1,1,T1ax+FLAIRax,10100,2,Cerebral infarction,0,424,9393,0.8046707527184832,0.22042184184765834
0.1,1,T1ax+FLAIRax,10100,2,Cerebral hemorrhage,1,294,9393,0.8311098700387948,0.2145372645333961
0.1,1,T1ax+FLAIRax,10100,2,Metastatic malignant neoplasm to brain,2,373,9393,0.8795467920557831,0.26856317179247896
0.1,1,T1ax+FLAIRax,10100,2,Intracranial meningioma,3,181,9393,0.7405444016092391,0.08122728483692657
0.1,1,T1ax+FLAIRax,10100,2,Demyelinating disease of central nervous system,4,250,9393,0.8295128513616974,0.2709102774118189
0.1,1,T1ax+FLAIRax,10100,2,Herniation of nucleus pulposus,5,138,9393,0.7148255153892529,0.030777681224510092
0.1,1,T1ax+FLAIRax,10100,2,Spinal cord compression,6,74,9393,0.6092116367897032,0.011630139470595715
0.1,1,T1ax+FLAIRax,10100,2,Lacunar infarct,7,213,9393,0.8040652776499227,0.1320996086335739
0.1,1,T1ax+FLAIRax,10100,2,Silent micro-hemorrhage of brain,8,195,9393,0.7281733487212939,0.0614427414268369
0.1,1,T1ax+FLAIRax,10100,2,Cavernous hemangioma,9,78,9393,0.5323286125218493,0.010162420899769575
0.1,1,T1ax+FLAIRax,10100,2,Subdural intracranial hemorrhage,10,44,9393,0.8373720086737522,0.090850049989421
0.1,1,T1ax+FLAIRax,10100,2,Gliosis,11,3534,9393,0.7799348643316002,0.6760726349242501
0.1,1,T1ax+FLAIRax,10100,2,Cerebral atrophy,12,1310,9393,0.9202797219307697,0.7211489075702384
0.1,1,T1ax+FLAIRax,10100,2,Encephalomalacia,13,236,9393,0.7614083326083777,0.13137283588818427
0.1,1,T1ax+FLAIRax,10100,2,Arachnoid cyst,14,389,9393,0.7405948684332241,0.1247811325258621
0.1,1,T1ax+FLAIRax,10100,2,Empty sella syndrome,15,351,9393,0.7170548204611464,0.0843241650158209
0.1,1,T1ax+FLAIRax,10100,2,Intracranial aneurysm,16,61,9393,0.6480433973003169,0.019151094152343045
0.1,1,T1ax+FLAIRax,10100,2,Chiari malformation,17,56,9393,0.7677672547009593,0.022795386145275653
0.1,1,T1ax+FLAIRax,10100,2,Schwannoma,18,38,9393,0.7539762018622184,0.011112794152381315
0.1,1,T1ax+FLAIRax,10100,2,Cyst of pineal gland,19,103,9393,0.6117633534335908,0.016893588318729016
0.1,1,T1ax+FLAIRax,10100,2,Hemangioma of vertebral column,20,31,9393,0.6125173143317875,0.006447170502125424
0.1,1,T1ax+FLAIRax,10100,2,Cerebral edema,22,533,9393,0.9005171121341357,0.4801922695244421
0.1,1,T1ax+FLAIRax,10100,2,Spinal stenosis,23,43,9393,0.6277453053102848,0.00991990011901727
0.1,1,T1ax+FLAIRax,10100,2,Mastoiditis,24,265,9393,0.6905445405387528,0.0734980655844139
0.1,1,T1ax+FLAIRax,10100,2,Chronic mastoiditis,25,211,9393,0.7915022282417381,0.09480770667272667
0.1,1,T1ax+FLAIRax,10100,2,Ventriculomegaly,26,889,9393,0.9016193795389875,0.5666565032660434
0.1,1,T1ax+FLAIRax,10100,2,Cerebellar degeneration,27,351,9393,0.8315499495548158,0.17833189397409877
0.1,1,T1ax+FLAIRax,10100,2,Mega cisterna magna,28,104,9393,0.7282176188543936,0.04660763305659206
0.1,1,T1ax+FLAIRax,10100,2,Structure of cave of septum pellucidum,29,99,9393,0.7475486520031388,0.05342125828577103
0.1,1,T1ax+FLAIRax,10100,2,Hyperostosis of skull,30,34,9393,0.733436830229474,0.024999219575773238
0.1,1,T1ax+FLAIRax,10100,2,Watershed infarct,31,36,9393,0.7971215845534537,0.01737016583067573
0.1,1,T1ax+FLAIRax,10100,2,Foraminal Spinal Stenosis,33,60,9393,0.7369763205828779,0.015708210868558864
0.1,1,T1ax+FLAIRax,10100,2,Lipoma of brain,34,22,9393,0.6368341401422183,0.0048969199949076316
0.1,1,T1ax+FLAIRax,10100,2,Glioma,35,66,9393,0.7784665568518897,0.03214339337832937
0.1,1,T1ax+FLAIRax,10100,2,Pituitary adenoma,36,25,9393,0.5815157984628523,0.003614915302271035
0.1,1,T1ax+T2ax,11000,2,Cerebral infarction,0,424,9393,0.8086985150108235,0.21612877465165048
0.1,1,T1ax+T2ax,11000,2,Cerebral hemorrhage,1,294,9393,0.7939726500557361,0.18016190009256441
0.1,1,T1ax+T2ax,11000,2,Metastatic malignant neoplasm to brain,2,373,9393,0.8660337765941637,0.24981528317918764
0.1,1,T1ax+T2ax,11000,2,Intracranial meningioma,3,181,9393,0.7057573235006944,0.0585508553759957
0.1,1,T1ax+T2ax,11000,2,Demyelinating disease of central nervous system,4,250,9393,0.8344849611724816,0.27998556415561754
0.1,1,T1ax+T2ax,11000,2,Herniation of nucleus pulposus,5,138,9393,0.7035648572256281,0.03502656792162769
0.1,1,T1ax+T2ax,11000,2,Spinal cord compression,6,74,9393,0.5587349878046305,0.00898177531863209
0.1,1,T1ax+T2ax,11000,2,Lacunar infarct,7,213,9393,0.8189429971258196,0.14516561722801816
0.1,1,T1ax+T2ax,11000,2,Silent micro-hemorrhage of brain,8,195,9393,0.7292170538745881,0.0659727745483184
0.1,1,T1ax+T2ax,11000,2,Cavernous hemangioma,9,78,9393,0.5513109542095049,0.011352903119465945
0.1,1,T1ax+T2ax,11000,2,Subdural intracranial hemorrhage,10,44,9393,0.8376272620309416,0.03729912193403353
0.1,1,T1ax+T2ax,11000,2,Gliosis,11,3534,9393,0.7800029132066301,0.6758610744913651
0.1,1,T1ax+T2ax,11000,2,Cerebral atrophy,12,1310,9393,0.9178180480567547,0.7127550431814876
0.1,1,T1ax+T2ax,11000,2,Encephalomalacia,13,236,9393,0.756101657896247,0.12021605662147263
0.1,1,T1ax+T2ax,11000,2,Arachnoid cyst,14,389,9393,0.7078476404088899,0.12752067162743622
0.1,1,T1ax+T2ax,11000,2,Empty sella syndrome,15,351,9393,0.7188772748383454,0.08315773983972247
0.1,1,T1ax+T2ax,11000,2,Intracranial aneurysm,16,61,9393,0.7113018487418578,0.017794660571418687
0.1,1,T1ax+T2ax,11000,2,Chiari malformation,17,56,9393,0.7737457733441453,0.03261141673962438
0.1,1,T1ax+T2ax,11000,2,Schwannoma,18,38,9393,0.7504008551576697,0.011315332686627287
0.1,1,T1ax+T2ax,11000,2,Cyst of pineal gland,19,103,9393,0.5967080167629877,0.017785547029926296
0.1,1,T1ax+T2ax,11000,2,Hemangioma of vertebral column,20,31,9393,0.6091715996719753,0.0067687366876928255
0.1,1,T1ax+T2ax,11000,2,Cerebral edema,22,533,9393,0.8801127821141034,0.4504129983308791
0.1,1,T1ax+T2ax,11000,2,Spinal stenosis,23,43,9393,0.6334908593458525,0.011150575486213721
0.1,1,T1ax+T2ax,11000,2,Mastoiditis,24,265,9393,0.7031712499793296,0.08224736313435382
0.1,1,T1ax+T2ax,11000,2,Chronic mastoiditis,25,211,9393,0.7931074707262613,0.0936882825384662
0.1,1,T1ax+T2ax,11000,2,Ventriculomegaly,26,889,9393,0.9001916123372631,0.5686313723531463
0.1,1,T1ax+T2ax,11000,2,Cerebellar degeneration,27,351,9393,0.8333342785897532,0.19756431528946655
0.1,1,T1ax+T2ax,11000,2,Mega cisterna magna,28,104,9393,0.7246463973103009,0.040776586837953994
0.1,1,T1ax+T2ax,11000,2,Structure of cave of septum pellucidum,29,99,9393,0.7519285821416228,0.046692078670149774
0.1,1,T1ax+T2ax,11000,2,Hyperostosis of skull,30,34,9393,0.7116773410935054,0.02577785993190669
0.1,1,T1ax+T2ax,11000,2,Watershed infarct,31,36,9393,0.8733360645031052,0.020622884374234506
0.1,1,T1ax+T2ax,11000,2,Foraminal Spinal Stenosis,33,60,9393,0.651528626022358,0.010417666896681074
0.1,1,T1ax+T2ax,11000,2,Lipoma of brain,34,22,9393,0.6463703301287337,0.0035423017969637
0.1,1,T1ax+T2ax,11000,2,Glioma,35,66,9393,0.7772027122300521,0.0347321678989079
0.1,1,T1ax+T2ax,11000,2,Pituitary adenoma,36,25,9393,0.5644406490179334,0.00588873074378659
0.1,1,FLAIRax+FLAIRsag+SWIax,00111,3,Cerebral infarction,0,424,9393,0.8136529492570846,0.23496677350443748
0.1,1,FLAIRax+FLAIRsag+SWIax,00111,3,Cerebral hemorrhage,1,294,9393,0.8404986568756527,0.23250361794672125
0.1,1,FLAIRax+FLAIRsag+SWIax,00111,3,Metastatic malignant neoplasm to brain,2,373,9393,0.9031199657597355,0.29748801867607194
0.1,1,FLAIRax+FLAIRsag+SWIax,00111,3,Intracranial meningioma,3,181,9393,0.7271892535079155,0.0767426504156169
0.1,1,FLAIRax+FLAIRsag+SWIax,00111,3,Demyelinating disease of central nervous system,4,250,9393,0.8064987422071528,0.23110576924127313
0.1,1,FLAIRax+FLAIRsag+SWIax,00111,3,Herniation of nucleus pulposus,5,138,9393,0.7284679648290389,0.034696445273015214
0.1,1,FLAIRax+FLAIRsag+SWIax,00111,3,Spinal cord compression,6,74,9393,0.6190578388239082,0.014912369008439102
0.1,1,FLAIRax+FLAIRsag+SWIax,00111,3,Lacunar infarct,7,213,9393,0.8206542084752524,0.14104842578546808
0.1,1,FLAIRax+FLAIRsag+SWIax,00111,3,Silent micro-hemorrhage of brain,8,195,9393,0.7587825670017451,0.11177457475188989
0.1,1,FLAIRax+FLAIRsag+SWIax,00111,3,Cavernous hemangioma,9,78,9393,0.5702960485569182,0.01409372637002099
0.1,1,FLAIRax+FLAIRsag+SWIax,00111,3,Subdural intracranial hemorrhage,10,44,9393,0.8867671797664309,0.1215603739758754
0.1,1,FLAIRax+FLAIRsag+SWIax,00111,3,Gliosis,11,3534,9393,0.7874974173785718,0.6835976459534598
0.1,1,FLAIRax+FLAIRsag+SWIax,00111,3,Cerebral atrophy,12,1310,9393,0.9245221098280908,0.7269544026156203
0.1,1,FLAIRax+FLAIRsag+SWIax,00111,3,Encephalomalacia,13,236,9393,0.7718162265415177,0.15084243937363695
0.1,1,FLAIRax+FLAIRsag+SWIax,00111,3,Arachnoid cyst,14,389,9393,0.7142278381844573,0.10244729770953638
0.1,1,FLAIRax+FLAIRsag+SWIax,00111,3,Empty sella syndrome,15,351,9393,0.7018261093686884,0.07917900111406426
0.1,1,FLAIRax+FLAIRsag+SWIax,00111,3,Intracranial aneurysm,16,61,9393,0.6523209404622206,0.022898596422928293
0.1,1,FLAIRax+FLAIRsag+SWIax,00111,3,Chiari malformation,17,56,9393,0.7130770054621399,0.022867045221438145
0.1,1,FLAIRax+FLAIRsag+SWIax,00111,3,Schwannoma,18,38,9393,0.6923879715322513,0.008383168315690592
0.1,1,FLAIRax+FLAIRsag+SWIax,00111,3,Cyst of pineal gland,19,103,9393,0.6507357321266212,0.020082518090750144
0.1,1,FLAIRax+FLAIRsag+SWIax,00111,3,Hemangioma of vertebral column,20,31,9393,0.5879671423944429,0.00523813292773994
0.1,1,FLAIRax+FLAIRsag+SWIax,00111,3,Cerebral edema,22,533,9393,0.9013200970696978,0.5238771683920049
0.1,1,FLAIRax+FLAIRsag+SWIax,00111,3,Spinal stenosis,23,43,9393,0.5972640218878248,0.006775800460436434
0.1,1,FLAIRax+FLAIRsag+SWIax,00111,3,Mastoiditis,24,265,9393,0.7188869412795794,0.08331028608939818
0.1,1,FLAIRax+FLAIRsag+SWIax,00111,3,Chronic mastoiditis,25,211,9393,0.7682349868535285,0.07358074707481682
0.1,1,FLAIRax+FLAIRsag+SWIax,00111,3,Ventriculomegaly,26,889,9393,0.9059846911186901,0.5795857529115623
0.1,1,FLAIRax+FLAIRsag+SWIax,00111,3,Cerebellar degeneration,27,351,9393,0.8004094220639233,0.15025157238694192
0.1,1,FLAIRax+FLAIRsag+SWIax,00111,3,Mega cisterna magna,28,104,9393,0.734008173439221,0.030551789414141585
0.1,1,FLAIRax+FLAIRsag+SWIax,00111,3,Structure of cave of septum pellucidum,29,99,9393,0.6891216881533214,0.02999367423719184
0.1,1,FLAIRax+FLAIRsag+SWIax,00111,3,Hyperostosis of skull,30,34,9393,0.7075196570774906,0.02648077718644948
0.1,1,FLAIRax+FLAIRsag+SWIax,00111,3,Watershed infarct,31,36,9393,0.8025987674112073,0.023256838126171346
0.1,1,FLAIRax+FLAIRsag+SWIax,00111,3,Foraminal Spinal Stenosis,33,60,9393,0.6763134397657059,0.01411747055429502
0.1,1,FLAIRax+FLAIRsag+SWIax,00111,3,Lipoma of brain,34,22,9393,0.516884779930346,0.00248918179556395
0.1,1,FLAIRax+FLAIRsag+SWIax,00111,3,Glioma,35,66,9393,0.7886877783950796,0.05383110306985121
0.1,1,FLAIRax+FLAIRsag+SWIax,00111,3,Pituitary adenoma,36,25,9393,0.5581127241673782,0.003600462204957838
0.1,1,T2ax+FLAIRsag+SWIax,01011,3,Cerebral infarction,0,424,9393,0.8038705646493057,0.2330501506142159
0.1,1,T2ax+FLAIRsag+SWIax,01011,3,Cerebral hemorrhage,1,294,9393,0.8256667212439432,0.20238618615721507
0.1,1,T2ax+FLAIRsag+SWIax,01011,3,Metastatic malignant neoplasm to brain,2,373,9393,0.8963310605565232,0.2893250349680919
0.1,1,T2ax+FLAIRsag+SWIax,01011,3,Intracranial meningioma,3,181,9393,0.7179615586683716,0.07398354175426326
0.1,1,T2ax+FLAIRsag+SWIax,01011,3,Demyelinating disease of central nervous system,4,250,9393,0.8248535491632943,0.22590335562939334
0.1,1,T2ax+FLAIRsag+SWIax,01011,3,Herniation of nucleus pulposus,5,138,9393,0.7354598767607011,0.03418918134086836
0.1,1,T2ax+FLAIRsag+SWIax,01011,3,Spinal cord compression,6,74,9393,0.6080834563504378,0.013086165258369906
0.1,1,T2ax+FLAIRsag+SWIax,01011,3,Lacunar infarct,7,213,9393,0.7981016089273476,0.14289730333913714
0.1,1,T2ax+FLAIRsag+SWIax,01011,3,Silent micro-hemorrhage of brain,8,195,9393,0.7577522426837495,0.10489499097366724
0.1,1,T2ax+FLAIRsag+SWIax,01011,3,Cavernous hemangioma,9,78,9393,0.578441168779333,0.015364755338787072
0.1,1,T2ax+FLAIRsag+SWIax,01011,3,Subdural intracranial hemorrhage,10,44,9393,0.8559301432335981,0.05978096277288087
0.1,1,T2ax+FLAIRsag+SWIax,01011,3,Gliosis,11,3534,9393,0.7825217357959202,0.6842028063633379
0.1,1,T2ax+FLAIRsag+SWIax,01011,3,Cerebral atrophy,12,1310,9393,0.9199477179982868,0.7181833177752595
0.1,1,T2ax+FLAIRsag+SWIax,01011,3,Encephalomalacia,13,236,9393,0.7680712912044688,0.13652977780057174
0.1,1,T2ax+FLAIRsag+SWIax,01011,3,Arachnoid cyst,14,389,9393,0.7222331348877791,0.12460210418203489
0.1,1,T2ax+FLAIRsag+SWIax,01011,3,Empty sella syndrome,15,351,9393,0.7100013170572781,0.08385667014323549
0.1,1,T2ax+FLAIRsag+SWIax,01011,3,Intracranial aneurysm,16,61,9393,0.6458563167103497,0.01702603381465611
0.1,1,T2ax+FLAIRsag+SWIax,01011,3,Chiari malformation,17,56,9393,0.7445349913554369,0.028031284979270082
0.1,1,T2ax+FLAIRsag+SWIax,01011,3,Schwannoma,18,38,9393,0.7052884750625896,0.00913416541778546
0.1,1,T2ax+FLAIRsag+SWIax,01011,3,Cyst of pineal gland,19,103,9393,0.6259711350549186,0.022056923710481374
0.1,1,T2ax+FLAIRsag+SWIax,01011,3,Hemangioma of vertebral column,20,31,9393,0.5862512145874538,0.008138003329641931
0.1,1,T2ax+FLAIRsag+SWIax,01011,3,Cerebral edema,22,533,9393,0.8891838437398092,0.4926694047313933
0.1,1,T2ax+FLAIRsag+SWIax,01011,3,Spinal stenosis,23,43,9393,0.607857231687601,0.006800548926606251
0.1,1,T2ax+FLAIRsag+SWIax,01011,3,Mastoiditis,24,265,9393,0.7345935376118268,0.09449497602030188
0.1,1,T2ax+FLAIRsag+SWIax,01011,3,Chronic mastoiditis,25,211,9393,0.7855535402564879,0.08018466924787993
0.1,1,T2ax+FLAIRsag+SWIax,01011,3,Ventriculomegaly,26,889,9393,0.8986108039411347,0.5717336377409002
0.1,1,T2ax+FLAIRsag+SWIax,01011,3,Cerebellar degeneration,27,351,9393,0.8026188014022565,0.16587326967214572
0.1,1,T2ax+FLAIRsag+SWIax,01011,3,Mega cisterna magna,28,104,9393,0.729169944599485,0.039639777936750636
0.1,1,T2ax+FLAIRsag+SWIax,01011,3,Structure of cave of septum pellucidum,29,99,9393,0.7059719206265366,0.02679989488247008
0.1,1,T2ax+FLAIRsag+SWIax,01011,3,Hyperostosis of skull,30,34,9393,0.7934325562685807,0.020258627918110696
0.1,1,T2ax+FLAIRsag+SWIax,01011,3,Watershed infarct,31,36,9393,0.8359695058957644,0.046245348597817704
0.1,1,T2ax+FLAIRsag+SWIax,01011,3,Foraminal Spinal Stenosis,33,60,9393,0.6257080610021786,0.009067512863107719
0.1,1,T2ax+FLAIRsag+SWIax,01011,3,Lipoma of brain,34,22,9393,0.5413170225356759,0.003061953927346508
0.1,1,T2ax+FLAIRsag+SWIax,01011,3,Glioma,35,66,9393,0.7739375095438138,0.05455219827675472
0.1,1,T2ax+FLAIRsag+SWIax,01011,3,Pituitary adenoma,36,25,9393,0.5031682322801024,0.005178484468329688
0.1,1,T2ax+FLAIRax+SWIax,01101,3,Cerebral infarction,0,424,9393,0.8167419434235743,0.24062686625195373
0.1,1,T2ax+FLAIRax+SWIax,01101,3,Cerebral hemorrhage,1,294,9393,0.8304076548742367,0.22923737790428045
0.1,1,T2ax+FLAIRax+SWIax,01101,3,Metastatic malignant neoplasm to brain,2,373,9393,0.8880096657413077,0.29607241384714084
0.1,1,T2ax+FLAIRax+SWIax,01101,3,Intracranial meningioma,3,181,9393,0.7322439143754362,0.07328840690169641
0.1,1,T2ax+FLAIRax+SWIax,01101,3,Demyelinating disease of central nervous system,4,250,9393,0.8338514710707646,0.2731782939193481
0.1,1,T2ax+FLAIRax+SWIax,01101,3,Herniation of nucleus pulposus,5,138,9393,0.7124820895872972,0.03771218828794992
0.1,1,T2ax+FLAIRax+SWIax,01101,3,Spinal cord compression,6,74,9393,0.6154688329277876,0.012436799039470212
0.1,1,T2ax+FLAIRax+SWIax,01101,3,Lacunar infarct,7,213,9393,0.8228880910736751,0.1487310058108603
0.1,1,T2ax+FLAIRax+SWIax,01101,3,Silent micro-hemorrhage of brain,8,195,9393,0.7782873645887344,0.1117017478918979
0.1,1,T2ax+FLAIRax+SWIax,01101,3,Cavernous hemangioma,9,78,9393,0.5461208142367563,0.017301255253517875
0.1,1,T2ax+FLAIRax+SWIax,01101,3,Subdural intracranial hemorrhage,10,44,9393,0.8385947938039071,0.06117441843322727
0.1,1,T2ax+FLAIRax+SWIax,01101,3,Gliosis,11,3534,9393,0.7898164399707017,0.7000613658043358
0.1,1,T2ax+FLAIRax+SWIax,01101,3,Cerebral atrophy,12,1310,9393,0.9211226464363527,0.7191843676504742
0.1,1,T2ax+FLAIRax+SWIax,01101,3,Encephalomalacia,13,236,9393,0.7372029918761789,0.12243485917587896
0.1,1,T2ax+FLAIRax+SWIax,01101,3,Arachnoid cyst,14,389,9393,0.7103669434550083,0.13136959280008825
0.1,1,T2ax+FLAIRax+SWIax,01101,3,Empty sella syndrome,15,351,9393,0.6921624379045304,0.07972521559380849
0.1,1,T2ax+FLAIRax+SWIax,01101,3,Intracranial aneurysm,16,61,9393,0.6448708129264368,0.019978260092556883
0.1,1,T2ax+FLAIRax+SWIax,01101,3,Chiari malformation,17,56,9393,0.7597193959515903,0.04424749089063688
0.1,1,T2ax+FLAIRax+SWIax,01101,3,Schwannoma,18,38,9393,0.7217840164280289,0.00980085780988444
0.1,1,T2ax+FLAIRax+SWIax,01101,3,Cyst of pineal gland,19,103,9393,0.645658239886296,0.023321059308538037
0.1,1,T2ax+FLAIRax+SWIax,01101,3,Hemangioma of vertebral column,20,31,9393,0.5625521152772703,0.010356188351767437
0.1,1,T2ax+FLAIRax+SWIax,01101,3,Cerebral edema,22,533,9393,0.9002265806648343,0.515484268980417
0.1,1,T2ax+FLAIRax+SWIax,01101,3,Spinal stenosis,23,43,9393,0.572749658002736,0.00561965867198303
0.1,1,T2ax+FLAIRax+SWIax,01101,3,Mastoiditis,24,265,9393,0.7371376482066376,0.10212732814447817
0.1,1,T2ax+FLAIRax+SWIax,01101,3,Chronic mastoiditis,25,211,9393,0.7888419646516315,0.06987270449102764
0.1,1,T2ax+FLAIRax+SWIax,01101,3,Ventriculomegaly,26,889,9393,0.9002105275410658,0.5636319380482995
0.1,1,T2ax+FLAIRax+SWIax,01101,3,Cerebellar degeneration,27,351,9393,0.8033302644008241,0.17590387584783387
0.1,1,T2ax+FLAIRax+SWIax,01101,3,Mega cisterna magna,28,104,9393,0.748724711610921,0.043234213522548526
0.1,1,T2ax+FLAIRax+SWIax,01101,3,Structure of cave of septum pellucidum,29,99,9393,0.706630540394259,0.04209115272574967
0.1,1,T2ax+FLAIRax+SWIax,01101,3,Hyperostosis of skull,30,34,9393,0.7258882610635877,0.03659053099859162
0.1,1,T2ax+FLAIRax+SWIax,01101,3,Watershed infarct,31,36,9393,0.8009155356061415,0.047863866039369894
0.1,1,T2ax+FLAIRax+SWIax,01101,3,Foraminal Spinal Stenosis,33,60,9393,0.596519518554234,0.00906295174624018
0.1,1,T2ax+FLAIRax+SWIax,01101,3,Lipoma of brain,34,22,9393,0.5294283136562509,0.002760871917687747
0.1,1,T2ax+FLAIRax+SWIax,01101,3,Glioma,35,66,9393,0.811524703451368,0.0711148428528873
0.1,1,T2ax+FLAIRax+SWIax,01101,3,Pituitary adenoma,36,25,9393,0.4541631084543125,0.004383270104897263
0.1,1,T2ax+FLAIRax+FLAIRsag,01110,3,Cerebral infarction,0,424,9393,0.8229338686502986,0.24708321973721253
0.1,1,T2ax+FLAIRax+FLAIRsag,01110,3,Cerebral hemorrhage,1,294,9393,0.8247699343502649,0.1968552766002294
0.1,1,T2ax+FLAIRax+FLAIRsag,01110,3,Metastatic malignant neoplasm to brain,2,373,9393,0.8940911765929747,0.29486993863809896
0.1,1,T2ax+FLAIRax+FLAIRsag,01110,3,Intracranial meningioma,3,181,9393,0.723854064959709,0.06367158546286149
0.1,1,T2ax+FLAIRax+FLAIRsag,01110,3,Demyelinating disease of central nervous system,4,250,9393,0.8383055889751723,0.2707407693509273
0.1,1,T2ax+FLAIRax+FLAIRsag,01110,3,Herniation of nucleus pulposus,5,138,9393,0.7355170334875782,0.037922913969625105
0.1,1,T2ax+FLAIRax+FLAIRsag,01110,3,Spinal cord compression,6,74,9393,0.5779010043416095,0.011319626098876552
0.1,1,T2ax+FLAIRax+FLAIRsag,01110,3,Lacunar infarct,7,213,9393,0.8026015935847474,0.13585387589869372
0.1,1,T2ax+FLAIRax+FLAIRsag,01110,3,Silent micro-hemorrhage of brain,8,195,9393,0.7165749521913907,0.0646062064804554
0.1,1,T2ax+FLAIRax+FLAIRsag,01110,3,Cavernous hemangioma,9,78,9393,0.4962013295346629,0.00844311073854078
0.1,1,T2ax+FLAIRax+FLAIRsag,01110,3,Subdural intracranial hemorrhage,10,44,9393,0.8720548624549053,0.13228057649919264
0.1,1,T2ax+FLAIRax+FLAIRsag,01110,3,Gliosis,11,3534,9393,0.7873767743055948,0.6873521301048645
0.1,1,T2ax+FLAIRax+FLAIRsag,01110,3,Cerebral atrophy,12,1310,9393,0.924949214872794,0.735089882613709
0.1,1,T2ax+FLAIRax+FLAIRsag,01110,3,Encephalomalacia,13,236,9393,0.7645174664931709,0.1238528465618143
0.1,1,T2ax+FLAIRax+FLAIRsag,01110,3,Arachnoid cyst,14,389,9393,0.7315351988661994,0.12411541196987787
0.1,1,T2ax+FLAIRax+FLAIRsag,01110,3,Empty sella syndrome,15,351,9393,0.7408261289039878,0.09252576136406734
0.1,1,T2ax+FLAIRax+FLAIRsag,01110,3,Intracranial aneurysm,16,61,9393,0.6873405802702495,0.022477699403445208
0.1,1,T2ax+FLAIRax+FLAIRsag,01110,3,Chiari malformation,17,56,9393,0.7489921051423676,0.02251411994540279
0.1,1,T2ax+FLAIRax+FLAIRsag,01110,3,Schwannoma,18,38,9393,0.741444203775071,0.008815931378691539
0.1,1,T2ax+FLAIRax+FLAIRsag,01110,3,Cyst of pineal gland,19,103,9393,0.646966672588753,0.01996997474063283
0.1,1,T2ax+FLAIRax+FLAIRsag,01110,3,Hemangioma of vertebral column,20,31,9393,0.5938729662120721,0.005120484666135984
0.1,1,T2ax+FLAIRax+FLAIRsag,01110,3,Cerebral edema,22,533,9393,0.8984768273624739,0.5178926945120108
0.1,1,T2ax+FLAIRax+FLAIRsag,01110,3,Spinal stenosis,23,43,9393,0.5752393980848154,0.007000118909867536
0.1,1,T2ax+FLAIRax+FLAIRsag,01110,3,Mastoiditis,24,265,9393,0.7484815537512608,0.10174583959108019
0.1,1,T2ax+FLAIRax+FLAIRsag,01110,3,Chronic mastoiditis,25,211,9393,0.7655778201942602,0.07946887096651281
0.1,1,T2ax+FLAIRax+FLAIRsag,01110,3,Ventriculomegaly,26,889,9393,0.9020788999446565,0.5717054930906504
0.1,1,T2ax+FLAIRax+FLAIRsag,01110,3,Cerebellar degeneration,27,351,9393,0.8242071976865165,0.16699353769592776
0.1,1,T2ax+FLAIRax+FLAIRsag,01110,3,Mega cisterna magna,28,104,9393,0.7415346522354813,0.04349586927701513
0.1,1,T2ax+FLAIRax+FLAIRsag,01110,3,Structure of cave of septum pellucidum,29,99,9393,0.7137395039267216,0.03712385943099042
0.1,1,T2ax+FLAIRax+FLAIRsag,01110,3,Hyperostosis of skull,30,34,9393,0.6994556985097704,0.03403966875227833
0.1,1,T2ax+FLAIRax+FLAIRsag,01110,3,Watershed infarct,31,36,9393,0.842393692185292,0.030955916917115196
0.1,1,T2ax+FLAIRax+FLAIRsag,01110,3,Foraminal Spinal Stenosis,33,60,9393,0.6441551483981571,0.009635089811845625
0.1,1,T2ax+FLAIRax+FLAIRsag,01110,3,Lipoma of brain,34,22,9393,0.5205275462985419,0.002726045722708014
0.1,1,T2ax+FLAIRax+FLAIRsag,01110,3,Glioma,35,66,9393,0.7445604322413586,0.0371752935831008
0.1,1,T2ax+FLAIRax+FLAIRsag,01110,3,Pituitary adenoma,36,25,9393,0.5340862510674638,0.0059008785654917194
0.1,1,T1ax+FLAIRsag+SWIax,10011,3,Cerebral infarction,0,424,9393,0.7942638374947671,0.2045414393760453
0.1,1,T1ax+FLAIRsag+SWIax,10011,3,Cerebral hemorrhage,1,294,9393,0.8259007306626354,0.21316272179524448
0.1,1,T1ax+FLAIRsag+SWIax,10011,3,Metastatic malignant neoplasm to brain,2,373,9393,0.8856321668261771,0.2732633422196918
0.1,1,T1ax+FLAIRsag+SWIax,10011,3,Intracranial meningioma,3,181,9393,0.750166729440101,0.0727993120586164
0.1,1,T1ax+FLAIRsag+SWIax,10011,3,Demyelinating disease of central nervous system,4,250,9393,0.8031403259324073,0.19867166459468477
0.1,1,T1ax+FLAIRsag+SWIax,10011,3,Herniation of nucleus pulposus,5,138,9393,0.7209154471926652,0.029974595136462456
0.1,1,T1ax+FLAIRsag+SWIax,10011,3,Spinal cord compression,6,74,9393,0.616433151683715,0.01545406506932346
0.1,1,T1ax+FLAIRsag+SWIax,10011,3,Lacunar infarct,7,213,9393,0.8033267871572207,0.12851254060173986
0.1,1,T1ax+FLAIRsag+SWIax,10011,3,Silent micro-hemorrhage of brain,8,195,9393,0.7783414454647333,0.13229806701649244
0.1,1,T1ax+FLAIRsag+SWIax,10011,3,Cavernous hemangioma,9,78,9393,0.6116093425272169,0.014773178250985973
0.1,1,T1ax+FLAIRsag+SWIax,10011,3,Subdural intracranial hemorrhage,10,44,9393,0.8772693238946314,0.09349865663570395
0.1,1,T1ax+FLAIRsag+SWIax,10011,3,Gliosis,11,3534,9393,0.775802911525934,0.6683396762792115
0.1,1,T1ax+FLAIRsag+SWIax,10011,3,Cerebral atrophy,12,1310,9393,0.921848370862228,0.7190358633025361
0.1,1,T1ax+FLAIRsag+SWIax,10011,3,Encephalomalacia,13,236,9393,0.7491841936242163,0.11651713647228282
0.1,1,T1ax+FLAIRsag+SWIax,10011,3,Arachnoid cyst,14,389,9393,0.7076734818800898,0.10978158803603877
0.1,1,T1ax+FLAIRsag+SWIax,10011,3,Empty sella syndrome,15,351,9393,0.6989268503867043,0.07902273500097443
0.1,1,T1ax+FLAIRsag+SWIax,10011,3,Intracranial aneurysm,16,61,9393,0.6394883109765095,0.023848583320417636
0.1,1,T1ax+FLAIRsag+SWIax,10011,3,Chiari malformation,17,56,9393,0.7151272204287091,0.01983823651969531
0.1,1,T1ax+FLAIRsag+SWIax,10011,3,Schwannoma,18,38,9393,0.7095698894483671,0.008169756071963777
0.1,1,T1ax+FLAIRsag+SWIax,10011,3,Cyst of pineal gland,19,103,9393,0.6579942938957225,0.020316642247463077
0.1,1,T1ax+FLAIRsag+SWIax,10011,3,Hemangioma of vertebral column,20,31,9393,0.6532654312905293,0.008196657703393808
0.1,1,T1ax+FLAIRsag+SWIax,10011,3,Cerebral edema,22,533,9393,0.890159834659642,0.4809126138435245
0.1,1,T1ax+FLAIRsag+SWIax,10011,3,Spinal stenosis,23,43,9393,0.6743812958587241,0.008907700043851802
0.1,1,T1ax+FLAIRsag+SWIax,10011,3,Mastoiditis,24,265,9393,0.6628350668893556,0.06680263322134955
0.1,1,T1ax+FLAIRsag+SWIax,10011,3,Chronic mastoiditis,25,211,9393,0.7839482977719646,0.07786580889840006
0.1,1,T1ax+FLAIRsag+SWIax,10011,3,Ventriculomegaly,26,889,9393,0.9008105230966543,0.5688512177729071
0.1,1,T1ax+FLAIRsag+SWIax,10011,3,Cerebellar degeneration,27,351,9393,0.8175970195434916,0.1658389503666926
0.1,1,T1ax+FLAIRsag+SWIax,10011,3,Mega cisterna magna,28,104,9393,0.669210687579188,0.03230321793453844
0.1,1,T1ax+FLAIRsag+SWIax,10011,3,Structure of cave of septum pellucidum,29,99,9393,0.6978413356721943,0.028037438164285937
0.1,1,T1ax+FLAIRsag+SWIax,10011,3,Hyperostosis of skull,30,34,9393,0.7159073053305092,0.014093179519773822
0.1,1,T1ax+FLAIRsag+SWIax,10011,3,Watershed infarct,31,36,9393,0.8305932575730587,0.023540291853651238
0.1,1,T1ax+FLAIRsag+SWIax,10011,3,Foraminal Spinal Stenosis,33,60,9393,0.7219043537269189,0.017816671710953573
0.1,1,T1ax+FLAIRsag+SWIax,10011,3,Lipoma of brain,34,22,9393,0.594828338879134,0.0033658717861882207
0.1,1,T1ax+FLAIRsag+SWIax,10011,3,Glioma,35,66,9393,0.7711076672157405,0.04591705496401584
0.1,1,T1ax+FLAIRsag+SWIax,10011,3,Pituitary adenoma,36,25,9393,0.6324978650725875,0.004497242110118595
0.1,1,T1ax+FLAIRax+SWIax,10101,3,Cerebral infarction,0,424,9393,0.8001015552521579,0.2145509696863474
0.1,1,T1ax+FLAIRax+SWIax,10101,3,Cerebral hemorrhage,1,294,9393,0.8379357677789218,0.2580680064359553
0.1,1,T1ax+FLAIRax+SWIax,10101,3,Metastatic malignant neoplasm to brain,2,373,9393,0.8823490248063581,0.2836301185382601
0.1,1,T1ax+FLAIRax+SWIax,10101,3,Intracranial meningioma,3,181,9393,0.7460710627262542,0.06903431362877678
0.1,1,T1ax+FLAIRax+SWIax,10101,3,Demyelinating disease of central nervous system,4,250,9393,0.8250946078967516,0.24599886689977246
0.1,1,T1ax+FLAIRax+SWIax,10101,3,Herniation of nucleus pulposus,5,138,9393,0.6954368574761782,0.026957321625199277
0.1,1,T1ax+FLAIRax+SWIax,10101,3,Spinal cord compression,6,74,9393,0.6449131823098987,0.0130138877790829
0.1,1,T1ax+FLAIRax+SWIax,10101,3,Lacunar infarct,7,213,9393,0.813754129716571,0.15015217066208159
0.1,1,T1ax+FLAIRax+SWIax,10101,3,Silent micro-hemorrhage of brain,8,195,9393,0.7813420977804539,0.12622766028793705
0.1,1,T1ax+FLAIRax+SWIax,10101,3,Cavernous hemangioma,9,78,9393,0.5946942483174367,0.013216496862513217
0.1,1,T1ax+FLAIRax+SWIax,10101,3,Subdural intracranial hemorrhage,10,44,9393,0.8534383842705588,0.06383060193881543
0.1,1,T1ax+FLAIRax+SWIax,10101,3,Gliosis,11,3534,9393,0.7839259863923501,0.6823665662822288
0.1,1,T1ax+FLAIRax+SWIax,10101,3,Cerebral atrophy,12,1310,9393,0.921671059702155,0.7179892242646453
0.1,1,T1ax+FLAIRax+SWIax,10101,3,Encephalomalacia,13,236,9393,0.7629413822527177,0.13712680870909516
0.1,1,T1ax+FLAIRax+SWIax,10101,3,Arachnoid cyst,14,389,9393,0.7192364661692776,0.1121247574054465
0.1,1,T1ax+FLAIRax+SWIax,10101,3,Empty sella syndrome,15,351,9393,0.6976223965275059,0.07791204207086082
0.1,1,T1ax+FLAIRax+SWIax,10101,3,Intracranial aneurysm,16,61,9393,0.6068015571311124,0.023322288033683636
0.1,1,T1ax+FLAIRax+SWIax,10101,3,Chiari malformation,17,56,9393,0.7400147646077816,0.02622646404922291
0.1,1,T1ax+FLAIRax+SWIax,10101,3,Schwannoma,18,38,9393,0.7348504880587359,0.01150088300656098
0.1,1,T1ax+FLAIRax+SWIax,10101,3,Cyst of pineal gland,19,103,9393,0.6428469907092917,0.017870437111990413
0.1,1,T1ax+FLAIRax+SWIax,10101,3,Hemangioma of vertebral column,20,31,9393,0.6074797913321526,0.006738786944102637
0.1,1,T1ax+FLAIRax+SWIax,10101,3,Cerebral edema,22,533,9393,0.8985318843464524,0.4927446573817785
0.1,1,T1ax+FLAIRax+SWIax,10101,3,Spinal stenosis,23,43,9393,0.6328715333913691,0.009406991861416492
0.1,1,T1ax+FLAIRax+SWIax,10101,3,Mastoiditis,24,265,9393,0.6839014932283829,0.08192692308277949
0.1,1,T1ax+FLAIRax+SWIax,10101,3,Chronic mastoiditis,25,211,9393,0.7971887094160117,0.08045376037653573
0.1,1,T1ax+FLAIRax+SWIax,10101,3,Ventriculomegaly,26,889,9393,0.9026935779311689,0.5640152913954026
0.1,1,T1ax+FLAIRax+SWIax,10101,3,Cerebellar degeneration,27,351,9393,0.8222848612143017,0.17456961342527974
0.1,1,T1ax+FLAIRax+SWIax,10101,3,Mega cisterna magna,28,104,9393,0.7176799274576215,0.03624022095170036
0.1,1,T1ax+FLAIRax+SWIax,10101,3,Structure of cave of septum pellucidum,29,99,9393,0.6912953507530653,0.04577481691703826
0.1,1,T1ax+FLAIRax+SWIax,10101,3,Hyperostosis of skull,30,34,9393,0.6974695637417271,0.02497612593269428
0.1,1,T1ax+FLAIRax+SWIax,10101,3,Watershed infarct,31,36,9393,0.7797192832460546,0.023138933223547507
0.1,1,T1ax+FLAIRax+SWIax,10101,3,Foraminal Spinal Stenosis,33,60,9393,0.7211686131647559,0.014620546724074613
0.1,1,T1ax+FLAIRax+SWIax,10101,3,Lipoma of brain,34,22,9393,0.5625187958983712,0.003444441172124757
0.1,1,T1ax+FLAIRax+SWIax,10101,3,Glioma,35,66,9393,0.8069404238590472,0.05726107821831787
0.1,1,T1ax+FLAIRax+SWIax,10101,3,Pituitary adenoma,36,25,9393,0.5740777113578138,0.0035123211825239626
0.1,1,T1ax+FLAIRax+FLAIRsag,10110,3,Cerebral infarction,0,424,9393,0.8067507683698779,0.22526015100268343
0.1,1,T1ax+FLAIRax+FLAIRsag,10110,3,Cerebral hemorrhage,1,294,9393,0.8272169401885384,0.20479145006089222
0.1,1,T1ax+FLAIRax+FLAIRsag,10110,3,Metastatic malignant neoplasm to brain,2,373,9393,0.8944965908347847,0.2887227059829526
0.1,1,T1ax+FLAIRax+FLAIRsag,10110,3,Intracranial meningioma,3,181,9393,0.7359989252548321,0.0693136763973194
0.1,1,T1ax+FLAIRax+FLAIRsag,10110,3,Demyelinating disease of central nervous system,4,250,9393,0.8200844361806846,0.25997460559750574
0.1,1,T1ax+FLAIRax+FLAIRsag,10110,3,Herniation of nucleus pulposus,5,138,9393,0.7525090237161268,0.035928902921883804
0.1,1,T1ax+FLAIRax+FLAIRsag,10110,3,Spinal cord compression,6,74,9393,0.5909287332186784,0.013095630743639897
0.1,1,T1ax+FLAIRax+FLAIRsag,10110,3,Lacunar infarct,7,213,9393,0.7942296480407498,0.12764861497707922
0.1,1,T1ax+FLAIRax+FLAIRsag,10110,3,Silent micro-hemorrhage of brain,8,195,9393,0.7235998907231784,0.06980950702199162
0.1,1,T1ax+FLAIRax+FLAIRsag,10110,3,Cavernous hemangioma,9,78,9393,0.5141789504108345,0.009410909329960939
0.1,1,T1ax+FLAIRax+FLAIRsag,10110,3,Subdural intracranial hemorrhage,10,44,9393,0.8677106934139772,0.1209386955348341
0.1,1,T1ax+FLAIRax+FLAIRsag,10110,3,Gliosis,11,3534,9393,0.7804553971740928,0.6747550443545229
0.1,1,T1ax+FLAIRax+FLAIRsag,10110,3,Cerebral atrophy,12,1310,9393,0.9228736590695956,0.7328931150636064
0.1,1,T1ax+FLAIRax+FLAIRsag,10110,3,Encephalomalacia,13,236,9393,0.7678686121389027,0.12534269946537166
0.1,1,T1ax+FLAIRax+FLAIRsag,10110,3,Arachnoid cyst,14,389,9393,0.7329718639759079,0.1192107363145235
0.1,1,T1ax+FLAIRax+FLAIRsag,10110,3,Empty sella syndrome,15,351,9393,0.7313568651768165,0.09150689466282613
0.1,1,T1ax+FLAIRax+FLAIRsag,10110,3,Intracranial aneurysm,16,61,9393,0.6459775284056973,0.017632233307074193
0.1,1,T1ax+FLAIRax+FLAIRsag,10110,3,Chiari malformation,17,56,9393,0.7213887911381753,0.022038984927658604
0.1,1,T1ax+FLAIRax+FLAIRsag,10110,3,Schwannoma,18,38,9393,0.7470111676840417,0.010285516510265741
0.1,1,T1ax+FLAIRax+FLAIRsag,10110,3,Cyst of pineal gland,19,103,9393,0.6255969985473471,0.0206576586993773
0.1,1,T1ax+FLAIRax+FLAIRsag,10110,3,Hemangioma of vertebral column,20,31,9393,0.590382534749261,0.00801204992704065
0.1,1,T1ax+FLAIRax+FLAIRsag,10110,3,Cerebral edema,22,533,9393,0.9013370376801528,0.5077372518335234
0.1,1,T1ax+FLAIRax+FLAIRsag,10110,3,Spinal stenosis,23,43,9393,0.634023131451312,0.008286897211286476
0.1,1,T1ax+FLAIRax+FLAIRsag,10110,3,Mastoiditis,24,265,9393,0.7010541894729879,0.08379654154902308
0.1,1,T1ax+FLAIRax+FLAIRsag,10110,3,Chronic mastoiditis,25,211,9393,0.7821200762670834,0.08828809773184514
0.1,1,T1ax+FLAIRax+FLAIRsag,10110,3,Ventriculomegaly,26,889,9393,0.9041844399036197,0.5718447819286552
0.1,1,T1ax+FLAIRax+FLAIRsag,10110,3,Cerebellar degeneration,27,351,9393,0.8264754980083446,0.17695347296495773
0.1,1,T1ax+FLAIRax+FLAIRsag,10110,3,Mega cisterna magna,28,104,9393,0.7064797485860032,0.0508334661733197
0.1,1,T1ax+FLAIRax+FLAIRsag,10110,3,Structure of cave of septum pellucidum,29,99,9393,0.7149513208260788,0.03970480585546028
0.1,1,T1ax+FLAIRax+FLAIRsag,10110,3,Hyperostosis of skull,30,34,9393,0.7157753153617468,0.030405867253324986
0.1,1,T1ax+FLAIRax+FLAIRsag,10110,3,Watershed infarct,31,36,9393,0.8019901915381236,0.020513521756128285
0.1,1,T1ax+FLAIRax+FLAIRsag,10110,3,Foraminal Spinal Stenosis,33,60,9393,0.7583395835565556,0.016455290514973644
0.1,1,T1ax+FLAIRax+FLAIRsag,10110,3,Lipoma of brain,34,22,9393,0.6034720268526693,0.0036361400660293456
0.1,1,T1ax+FLAIRax+FLAIRsag,10110,3,Glioma,35,66,9393,0.7628212001000678,0.03453906849171087
0.1,1,T1ax+FLAIRax+FLAIRsag,10110,3,Pituitary adenoma,36,25,9393,0.6233518360375747,0.004496462909329441
0.1,1,T1ax+T2ax+SWIax,11001,3,Cerebral infarction,0,424,9393,0.802103471706528,0.20932821239519583
0.1,1,T1ax+T2ax+SWIax,11001,3,Cerebral hemorrhage,1,294,9393,0.8127375139527182,0.21629134602847624
0.1,1,T1ax+T2ax+SWIax,11001,3,Metastatic malignant neoplasm to brain,2,373,9393,0.8734180225058406,0.27104558529145917
0.1,1,T1ax+T2ax+SWIax,11001,3,Intracranial meningioma,3,181,9393,0.738370321679865,0.06370873352892129
0.1,1,T1ax+T2ax+SWIax,11001,3,Demyelinating disease of central nervous system,4,250,9393,0.8265768347369573,0.23571629767553748
0.1,1,T1ax+T2ax+SWIax,11001,3,Herniation of nucleus pulposus,5,138,9393,0.7062081601014729,0.03332364517385651
0.1,1,T1ax+T2ax+SWIax,11001,3,Spinal cord compression,6,74,9393,0.6045916073816062,0.011774981826043626
0.1,1,T1ax+T2ax+SWIax,11001,3,Lacunar infarct,7,213,9393,0.8056624423373939,0.13101664951720923
0.1,1,T1ax+T2ax+SWIax,11001,3,Silent micro-hemorrhage of brain,8,195,9393,0.767888782957276,0.09901183462308918
0.1,1,T1ax+T2ax+SWIax,11001,3,Cavernous hemangioma,9,78,9393,0.6000454188859987,0.020949841166730758
0.1,1,T1ax+T2ax+SWIax,11001,3,Subdural intracranial hemorrhage,10,44,9393,0.8149777808030028,0.03925653184682442
0.1,1,T1ax+T2ax+SWIax,11001,3,Gliosis,11,3534,9393,0.7810008023875158,0.6837070922829326
0.1,1,T1ax+T2ax+SWIax,11001,3,Cerebral atrophy,12,1310,9393,0.9179455893199655,0.709737816625157
0.1,1,T1ax+T2ax+SWIax,11001,3,Encephalomalacia,13,236,9393,0.7372821200045163,0.106429322215993
0.1,1,T1ax+T2ax+SWIax,11001,3,Arachnoid cyst,14,389,9393,0.7011787962847703,0.12297150081011982
0.1,1,T1ax+T2ax+SWIax,11001,3,Empty sella syndrome,15,351,9393,0.7124482708424315,0.08271116380477576
0.1,1,T1ax+T2ax+SWIax,11001,3,Intracranial aneurysm,16,61,9393,0.6653380225278083,0.015847753915479334
0.1,1,T1ax+T2ax+SWIax,11001,3,Chiari malformation,17,56,9393,0.7605685521504307,0.0462970069247565
0.1,1,T1ax+T2ax+SWIax,11001,3,Schwannoma,18,38,9393,0.7204956538861853,0.009973957646063882
0.1,1,T1ax+T2ax+SWIax,11001,3,Cyst of pineal gland,19,103,9393,0.6471328393616689,0.019011874972711083
0.1,1,T1ax+T2ax+SWIax,11001,3,Hemangioma of vertebral column,20,31,9393,0.6124897492264542,0.021758715074055388
0.1,1,T1ax+T2ax+SWIax,11001,3,Cerebral edema,22,533,9393,0.8854412393750609,0.46625993354195433
0.1,1,T1ax+T2ax+SWIax,11001,3,Spinal stenosis,23,43,9393,0.6316801392861584,0.008772743749829306
0.1,1,T1ax+T2ax+SWIax,11001,3,Mastoiditis,24,265,9393,0.6917136573346783,0.0848659182185022
0.1,1,T1ax+T2ax+SWIax,11001,3,Chronic mastoiditis,25,211,9393,0.7895336125388535,0.0795100637068354
0.1,1,T1ax+T2ax+SWIax,11001,3,Ventriculomegaly,26,889,9393,0.896984757784863,0.5648777271355752
0.1,1,T1ax+T2ax+SWIax,11001,3,Cerebellar degeneration,27,351,9393,0.8195776468282552,0.19559443488840478
0.1,1,T1ax+T2ax+SWIax,11001,3,Mega cisterna magna,28,104,9393,0.7278304777362803,0.05461503367722413
0.1,1,T1ax+T2ax+SWIax,11001,3,Structure of cave of septum pellucidum,29,99,9393,0.6968816636344074,0.04520194330664108
0.1,1,T1ax+T2ax+SWIax,11001,3,Hyperostosis of skull,30,34,9393,0.7469783725008328,0.026296686669695687
0.1,1,T1ax+T2ax+SWIax,11001,3,Watershed infarct,31,36,9393,0.8290198662914277,0.02215086779513603
0.1,1,T1ax+T2ax+SWIax,11001,3,Foraminal Spinal Stenosis,33,60,9393,0.6640076431301117,0.010392905807000157
0.1,1,T1ax+T2ax+SWIax,11001,3,Lipoma of brain,34,22,9393,0.6198620502323415,0.0038269665999688973
0.1,1,T1ax+T2ax+SWIax,11001,3,Glioma,35,66,9393,0.787358954615307,0.05346330381052922
0.1,1,T1ax+T2ax+SWIax,11001,3,Pituitary adenoma,36,25,9393,0.5175747224594364,0.004169035678253189
0.1,1,T1ax+T2ax+FLAIRsag,11010,3,Cerebral infarction,0,424,9393,0.8121861569304754,0.22026126564082707
0.1,1,T1ax+T2ax+FLAIRsag,11010,3,Cerebral hemorrhage,1,294,9393,0.8151942390320235,0.17379104497145417
0.1,1,T1ax+T2ax+FLAIRsag,11010,3,Metastatic malignant neoplasm to brain,2,373,9393,0.8866935555780124,0.2697087269808418
0.1,1,T1ax+T2ax+FLAIRsag,11010,3,Intracranial meningioma,3,181,9393,0.7430633355963755,0.06652685287278544
0.1,1,T1ax+T2ax+FLAIRsag,11010,3,Demyelinating disease of central nervous system,4,250,9393,0.8392825112107624,0.25444331029834
0.1,1,T1ax+T2ax+FLAIRsag,11010,3,Herniation of nucleus pulposus,5,138,9393,0.7197574362467605,0.03823253296765476
0.1,1,T1ax+T2ax+FLAIRsag,11010,3,Spinal cord compression,6,74,9393,0.5702038555348996,0.011207157304536959
0.1,1,T1ax+T2ax+FLAIRsag,11010,3,Lacunar infarct,7,213,9393,0.8064275266705534,0.13484535122618724
0.1,1,T1ax+T2ax+FLAIRsag,11010,3,Silent micro-hemorrhage of brain,8,195,9393,0.732597944926712,0.06168973035983166
0.1,1,T1ax+T2ax+FLAIRsag,11010,3,Cavernous hemangioma,9,78,9393,0.5341976684971854,0.009867232657489644
0.1,1,T1ax+T2ax+FLAIRsag,11010,3,Subdural intracranial hemorrhage,10,44,9393,0.8573522690807962,0.07504417634139757
0.1,1,T1ax+T2ax+FLAIRsag,11010,3,Gliosis,11,3534,9393,0.7771658208611674,0.6731201937702533
0.1,1,T1ax+T2ax+FLAIRsag,11010,3,Cerebral atrophy,12,1310,9393,0.9213113376202812,0.7295337569248317
0.1,1,T1ax+T2ax+FLAIRsag,11010,3,Encephalomalacia,13,236,9393,0.7630806662680953,0.11187845016546905
0.1,1,T1ax+T2ax+FLAIRsag,11010,3,Arachnoid cyst,14,389,9393,0.7313139318828878,0.1319315741896715
0.1,1,T1ax+T2ax+FLAIRsag,11010,3,Empty sella syndrome,15,351,9393,0.7233114727032002,0.0879633816598977
0.1,1,T1ax+T2ax+FLAIRsag,11010,3,Intracranial aneurysm,16,61,9393,0.6809075769606431,0.016679698019425565
0.1,1,T1ax+T2ax+FLAIRsag,11010,3,Chiari malformation,17,56,9393,0.7504169280435746,0.025649265476570062
0.1,1,T1ax+T2ax+FLAIRsag,11010,3,Schwannoma,18,38,9393,0.7548988719795212,0.009746212590210648
0.1,1,T1ax+T2ax+FLAIRsag,11010,3,Cyst of pineal gland,19,103,9393,0.6101602098508679,0.017039256776992452
0.1,1,T1ax+T2ax+FLAIRsag,11010,3,Hemangioma of vertebral column,20,31,9393,0.5962814672905569,0.00653773089258725
0.1,1,T1ax+T2ax+FLAIRsag,11010,3,Cerebral edema,22,533,9393,0.8907508502068873,0.4785088695482046
0.1,1,T1ax+T2ax+FLAIRsag,11010,3,Spinal stenosis,23,43,9393,0.6300136798905608,0.00823001182424502
0.1,1,T1ax+T2ax+FLAIRsag,11010,3,Mastoiditis,24,265,9393,0.7123885866419724,0.08284827716498452
0.1,1,T1ax+T2ax+FLAIRsag,11010,3,Chronic mastoiditis,25,211,9393,0.7775786852702744,0.0894092615577656
0.1,1,T1ax+T2ax+FLAIRsag,11010,3,Ventriculomegaly,26,889,9393,0.9007373754903404,0.5726517279546192
0.1,1,T1ax+T2ax+FLAIRsag,11010,3,Cerebellar degeneration,27,351,9393,0.8360266839585573,0.1871163752927533
0.1,1,T1ax+T2ax+FLAIRsag,11010,3,Mega cisterna magna,28,104,9393,0.7065335756933346,0.032798933904144026
0.1,1,T1ax+T2ax+FLAIRsag,11010,3,Structure of cave of septum pellucidum,29,99,9393,0.7169695665499409,0.03303715981821884
0.1,1,T1ax+T2ax+FLAIRsag,11010,3,Hyperostosis of skull,30,34,9393,0.7094806508991031,0.029623495627533192
0.1,1,T1ax+T2ax+FLAIRsag,11010,3,Watershed infarct,31,36,9393,0.8750905442152637,0.024261898777887377
0.1,1,T1ax+T2ax+FLAIRsag,11010,3,Foraminal Spinal Stenosis,33,60,9393,0.6891781849351762,0.01099547135015474
0.1,1,T1ax+T2ax+FLAIRsag,11010,3,Lipoma of brain,34,22,9393,0.5914135485686014,0.003337367312417781
0.1,1,T1ax+T2ax+FLAIRsag,11010,3,Glioma,35,66,9393,0.7595088875243265,0.03603949691898779
0.1,1,T1ax+T2ax+FLAIRsag,11010,3,Pituitary adenoma,36,25,9393,0.5840350128095645,0.00653631002576472
0.1,1,T1ax+T2ax+FLAIRax,11100,3,Cerebral infarction,0,424,9393,0.8190754527649746,0.23089932313810319
0.1,1,T1ax+T2ax+FLAIRax,11100,3,Cerebral hemorrhage,1,294,9393,0.8220709758790867,0.21691861531207915
0.1,1,T1ax+T2ax+FLAIRax,11100,3,Metastatic malignant neoplasm to brain,2,373,9393,0.8773835920177384,0.25880309349439734
0.1,1,T1ax+T2ax+FLAIRax,11100,3,Intracranial meningioma,3,181,9393,0.7304278829199483,0.07015728031903169
0.1,1,T1ax+T2ax+FLAIRax,11100,3,Demyelinating disease of central nervous system,4,250,9393,0.8581060920923109,0.3200232265275187
0.1,1,T1ax+T2ax+FLAIRax,11100,3,Herniation of nucleus pulposus,5,138,9393,0.7017976965056099,0.03141691091853549
0.1,1,T1ax+T2ax+FLAIRax,11100,3,Spinal cord compression,6,74,9393,0.5691496303686454,0.0095419000144477
0.1,1,T1ax+T2ax+FLAIRax,11100,3,Lacunar infarct,7,213,9393,0.821112440803134,0.15000434568500148
0.1,1,T1ax+T2ax+FLAIRax,11100,3,Silent micro-hemorrhage of brain,8,195,9393,0.7240994419076611,0.06278790277687876
0.1,1,T1ax+T2ax+FLAIRax,11100,3,Cavernous hemangioma,9,78,9393,0.5373590982286635,0.010417451829287369
0.1,1,T1ax+T2ax+FLAIRax,11100,3,Subdural intracranial hemorrhage,10,44,9393,0.8497724598644483,0.0815353027105376
0.1,1,T1ax+T2ax+FLAIRax,11100,3,Gliosis,11,3534,9393,0.7843865840652814,0.6836407074612771
0.1,1,T1ax+T2ax+FLAIRax,11100,3,Cerebral atrophy,12,1310,9393,0.9207895092234857,0.7223564845615824
0.1,1,T1ax+T2ax+FLAIRax,11100,3,Encephalomalacia,13,236,9393,0.7627248210593729,0.11906482107118388
0.1,1,T1ax+T2ax+FLAIRax,11100,3,Arachnoid cyst,14,389,9393,0.741387717997942,0.13717585627655007
0.1,1,T1ax+T2ax+FLAIRax,11100,3,Empty sella syndrome,15,351,9393,0.7345716822602468,0.08701036877930655
0.1,1,T1ax+T2ax+FLAIRax,11100,3,Intracranial aneurysm,16,61,9393,0.7042364365869598,0.021017360010118617
0.1,1,T1ax+T2ax+FLAIRax,11100,3,Chiari malformation,17,56,9393,0.754721996970578,0.02519281272246067
0.1,1,T1ax+T2ax+FLAIRax,11100,3,Schwannoma,18,38,9393,0.7562125516892177,0.009960267839836816
0.1,1,T1ax+T2ax+FLAIRax,11100,3,Cyst of pineal gland,19,103,9393,0.61225035793786,0.018899829410118994
0.1,1,T1ax+T2ax+FLAIRax,11100,3,Hemangioma of vertebral column,20,31,9393,0.6174928158444225,0.006307808717411342
0.1,1,T1ax+T2ax+FLAIRax,11100,3,Cerebral edema,22,533,9393,0.892911201555148,0.47718042760594687
0.1,1,T1ax+T2ax+FLAIRax,11100,3,Spinal stenosis,23,43,9393,0.5969531152841685,0.007565391742816738
0.1,1,T1ax+T2ax+FLAIRax,11100,3,Mastoiditis,24,265,9393,0.7302870702627619,0.08878662241104729
0.1,1,T1ax+T2ax+FLAIRax,11100,3,Chronic mastoiditis,25,211,9393,0.7941413294711164,0.09366517914386749
0.1,1,T1ax+T2ax+FLAIRax,11100,3,Ventriculomegaly,26,889,9393,0.903454815678614,0.5722721957024616
0.1,1,T1ax+T2ax+FLAIRax,11100,3,Cerebellar degeneration,27,351,9393,0.832746329096694,0.1847534359661944
0.1,1,T1ax+T2ax+FLAIRax,11100,3,Mega cisterna magna,28,104,9393,0.7337297216724497,0.04127768810057558
0.1,1,T1ax+T2ax+FLAIRax,11100,3,Structure of cave of septum pellucidum,29,99,9393,0.7535555685975313,0.06248113915477235
0.1,1,T1ax+T2ax+FLAIRax,11100,3,Hyperostosis of skull,30,34,9393,0.7232641747798596,0.03635549670365355
0.1,1,T1ax+T2ax+FLAIRax,11100,3,Watershed infarct,31,36,9393,0.8365810504316435,0.019480730674468115
0.1,1,T1ax+T2ax+FLAIRax,11100,3,Foraminal Spinal Stenosis,33,60,9393,0.6671577556341298,0.010176399633099112
0.1,1,T1ax+T2ax+FLAIRax,11100,3,Lipoma of brain,34,22,9393,0.5781860866697063,0.0035476169835828523
0.1,1,T1ax+T2ax+FLAIRax,11100,3,Glioma,35,66,9393,0.770438381889009,0.036572511945034525
0.1,1,T1ax+T2ax+FLAIRax,11100,3,Pituitary adenoma,36,25,9393,0.5657130657557643,0.0059817709899929825
0.1,1,T2ax+FLAIRax+FLAIRsag+SWIax,01111,4,Cerebral infarction,0,424,9393,0.81840990034858,0.24726573980031802
0.1,1,T2ax+FLAIRax+FLAIRsag+SWIax,01111,4,Cerebral hemorrhage,1,294,9393,0.8369896370461581,0.22464053410417853
0.1,1,T2ax+FLAIRax+FLAIRsag+SWIax,01111,4,Metastatic malignant neoplasm to brain,2,373,9393,0.9001358316044774,0.30491515821034776
0.1,1,T2ax+FLAIRax+FLAIRsag+SWIax,01111,4,Intracranial meningioma,3,181,9393,0.7294910793752084,0.07654362827781604
0.1,1,T2ax+FLAIRax+FLAIRsag+SWIax,01111,4,Demyelinating disease of central nervous system,4,250,9393,0.8328176747238325,0.253403242435833
0.1,1,T2ax+FLAIRax+FLAIRsag+SWIax,01111,4,Herniation of nucleus pulposus,5,138,9393,0.7318182885866629,0.036858411202739666
0.1,1,T2ax+FLAIRax+FLAIRsag+SWIax,01111,4,Spinal cord compression,6,74,9393,0.5997642131884003,0.015846583948439436
0.1,1,T2ax+FLAIRax+FLAIRsag+SWIax,01111,4,Lacunar infarct,7,213,9393,0.8202445610482064,0.14870314353166286
0.1,1,T2ax+FLAIRax+FLAIRsag+SWIax,01111,4,Silent micro-hemorrhage of brain,8,195,9393,0.7590880960743975,0.10047871033220004
0.1,1,T2ax+FLAIRax+FLAIRsag+SWIax,01111,4,Cavernous hemangioma,9,78,9393,0.550478274632864,0.015639827753649395
0.1,1,T2ax+FLAIRax+FLAIRsag+SWIax,01111,4,Subdural intracranial hemorrhage,10,44,9393,0.8762385865284571,0.1141878040764413
0.1,1,T2ax+FLAIRax+FLAIRsag+SWIax,01111,4,Gliosis,11,3534,9393,0.7907934653375258,0.6954547875887399
0.1,1,T2ax+FLAIRax+FLAIRsag+SWIax,01111,4,Cerebral atrophy,12,1310,9393,0.9239727521619685,0.7264704845924913
0.1,1,T2ax+FLAIRax+FLAIRsag+SWIax,01111,4,Encephalomalacia,13,236,9393,0.7643457908463102,0.14020474077548467
0.1,1,T2ax+FLAIRax+FLAIRsag+SWIax,01111,4,Arachnoid cyst,14,389,9393,0.7257117373712226,0.12788086257987674
0.1,1,T2ax+FLAIRax+FLAIRsag+SWIax,01111,4,Empty sella syndrome,15,351,9393,0.717963211880487,0.08409969491542035
0.1,1,T2ax+FLAIRax+FLAIRsag+SWIax,01111,4,Intracranial aneurysm,16,61,9393,0.6504430375299516,0.022875065641332668
0.1,1,T2ax+FLAIRax+FLAIRsag+SWIax,01111,4,Chiari malformation,17,56,9393,0.7426482963325632,0.028962078172687686
0.1,1,T2ax+FLAIRax+FLAIRsag+SWIax,01111,4,Schwannoma,18,38,9393,0.718582801203972,0.008902082508819626
0.1,1,T2ax+FLAIRax+FLAIRsag+SWIax,01111,4,Cyst of pineal gland,19,103,9393,0.6523467137646702,0.022010398745539308
0.1,1,T2ax+FLAIRax+FLAIRsag+SWIax,01111,4,Hemangioma of vertebral column,20,31,9393,0.5818270151814817,0.005645247981050824
0.1,1,T2ax+FLAIRax+FLAIRsag+SWIax,01111,4,Cerebral edema,22,533,9393,0.8973735701065988,0.5211795720191037
0.1,1,T2ax+FLAIRax+FLAIRsag+SWIax,01111,4,Spinal stenosis,23,43,9393,0.5823678646934461,0.006145699336936585
0.1,1,T2ax+FLAIRax+FLAIRsag+SWIax,01111,4,Mastoiditis,24,265,9393,0.750097564202206,0.10035510368421784
0.1,1,T2ax+FLAIRax+FLAIRsag+SWIax,01111,4,Chronic mastoiditis,25,211,9393,0.7851937801241042,0.07766661911448017
0.1,1,T2ax+FLAIRax+FLAIRsag+SWIax,01111,4,Ventriculomegaly,26,889,9393,0.9061841605406099,0.5806249689669918
0.1,1,T2ax+FLAIRax+FLAIRsag+SWIax,01111,4,Cerebellar degeneration,27,351,9393,0.8140293067300367,0.16628655727119143
0.1,1,T2ax+FLAIRax+FLAIRsag+SWIax,01111,4,Mega cisterna magna,28,104,9393,0.7583380259529469,0.041810693761282755
0.1,1,T2ax+FLAIRax+FLAIRsag+SWIax,01111,4,Structure of cave of septum pellucidum,29,99,9393,0.7195366620802386,0.03408267777470306
0.1,1,T2ax+FLAIRax+FLAIRsag+SWIax,01111,4,Hyperostosis of skull,30,34,9393,0.7330502881780985,0.037907811299041964
0.1,1,T2ax+FLAIRax+FLAIRsag+SWIax,01111,4,Watershed infarct,31,36,9393,0.8165871065037464,0.04262581553583949
0.1,1,T2ax+FLAIRax+FLAIRsag+SWIax,01111,4,Foraminal Spinal Stenosis,33,60,9393,0.6128861745062324,0.009301438199785754
0.1,1,T2ax+FLAIRax+FLAIRsag+SWIax,01111,4,Lipoma of brain,34,22,9393,0.5161911506485191,0.0026303069078814677
0.1,1,T2ax+FLAIRax+FLAIRsag+SWIax,01111,4,Glioma,35,66,9393,0.7828412786598699,0.0680156783098374
0.1,1,T2ax+FLAIRax+FLAIRsag+SWIax,01111,4,Pituitary adenoma,36,25,9393,0.5336720751494449,0.004460186690481834
0.1,1,T1ax+FLAIRax+FLAIRsag+SWIax,10111,4,Cerebral infarction,0,424,9393,0.8082835637215818,0.22239616005465163
0.1,1,T1ax+FLAIRax+FLAIRsag+SWIax,10111,4,Cerebral hemorrhage,1,294,9393,0.8417430935447044,0.23766191885351343
0.1,1,T1ax+FLAIRax+FLAIRsag+SWIax,10111,4,Metastatic malignant neoplasm to brain,2,373,9393,0.8959601243587382,0.2912928977264436
0.1,1,T1ax+FLAIRax+FLAIRsag+SWIax,10111,4,Intracranial meningioma,3,181,9393,0.7412134184812986,0.08033910533279026
0.1,1,T1ax+FLAIRax+FLAIRsag+SWIax,10111,4,Demyelinating disease of central nervous system,4,250,9393,0.8213483539319697,0.24742422011676998
0.1,1,T1ax+FLAIRax+FLAIRsag+SWIax,10111,4,Herniation of nucleus pulposus,5,138,9393,0.7380875202593192,0.032040052104567465
0.1,1,T1ax+FLAIRax+FLAIRsag+SWIax,10111,4,Spinal cord compression,6,74,9393,0.6072844493812408,0.015225448678876962
0.1,1,T1ax+FLAIRax+FLAIRsag+SWIax,10111,4,Lacunar infarct,7,213,9393,0.8133005001687685,0.1457189063208637
0.1,1,T1ax+FLAIRax+FLAIRsag+SWIax,10111,4,Silent micro-hemorrhage of brain,8,195,9393,0.7713449412079547,0.11355593758388574
0.1,1,T1ax+FLAIRax+FLAIRsag+SWIax,10111,4,Cavernous hemangioma,9,78,9393,0.5799633896252254,0.012521261846998295
0.1,1,T1ax+FLAIRax+FLAIRsag+SWIax,10111,4,Subdural intracranial hemorrhage,10,44,9393,0.8652359513414171,0.1051950515776677
0.1,1,T1ax+FLAIRax+FLAIRsag+SWIax,10111,4,Gliosis,11,3534,9393,0.7843280253278975,0.6800279451129596
0.1,1,T1ax+FLAIRax+FLAIRsag+SWIax,10111,4,Cerebral atrophy,12,1310,9393,0.9242765657449005,0.7293063904257212
0.1,1,T1ax+FLAIRax+FLAIRsag+SWIax,10111,4,Encephalomalacia,13,236,9393,0.761345400295782,0.13557894943685692
0.1,1,T1ax+FLAIRax+FLAIRsag+SWIax,10111,4,Arachnoid cyst,14,389,9393,0.7286595846005032,0.11849127489436884
0.1,1,T1ax+FLAIRax+FLAIRsag+SWIax,10111,4,Empty sella syndrome,15,351,9393,0.7158263022009982,0.08364275036376825
0.1,1,T1ax+FLAIRax+FLAIRsag+SWIax,10111,4,Intracranial aneurysm,16,61,9393,0.6266416279609031,0.028453970706190778
0.1,1,T1ax+FLAIRax+FLAIRsag+SWIax,10111,4,Chiari malformation,17,56,9393,0.7251621811839226,0.033078199838354444
0.1,1,T1ax+FLAIRax+FLAIRsag+SWIax,10111,4,Schwannoma,18,38,9393,0.7164505330670342,0.009910407090489563
0.1,1,T1ax+FLAIRax+FLAIRsag+SWIax,10111,4,Cyst of pineal gland,19,103,9393,0.655374293268678,0.01913289095263175
0.1,1,T1ax+FLAIRax+FLAIRsag+SWIax,10111,4,Hemangioma of vertebral column,20,31,9393,0.6224786542715576,0.00823877480604854
0.1,1,T1ax+FLAIRax+FLAIRsag+SWIax,10111,4,Cerebral edema,22,533,9393,0.9011650904840355,0.5090365612741599
0.1,1,T1ax+FLAIRax+FLAIRsag+SWIax,10111,4,Spinal stenosis,23,43,9393,0.6426862330555901,0.008244618729266136
0.1,1,T1ax+FLAIRax+FLAIRsag+SWIax,10111,4,Mastoiditis,24,265,9393,0.7016730607047773,0.08152065346180493
0.1,1,T1ax+FLAIRax+FLAIRsag+SWIax,10111,4,Chronic mastoiditis,25,211,9393,0.7916704948172862,0.08084993783664973
0.1,1,T1ax+FLAIRax+FLAIRsag+SWIax,10111,4,Ventriculomegaly,26,889,9393,0.9068299890900278,0.5791457260912765
0.1,1,T1ax+FLAIRax+FLAIRsag+SWIax,10111,4,Cerebellar degeneration,27,351,9393,0.82488809739418,0.16616926446896213
0.1,1,T1ax+FLAIRax+FLAIRsag+SWIax,10111,4,Mega cisterna magna,28,104,9393,0.7084734218306186,0.03679540918718705
0.1,1,T1ax+FLAIRax+FLAIRsag+SWIax,10111,4,Structure of cave of septum pellucidum,29,99,9393,0.7063903506769872,0.0384330105938216
0.1,1,T1ax+FLAIRax+FLAIRsag+SWIax,10111,4,Hyperostosis of skull,30,34,9393,0.7047667234433039,0.021654409547134476
0.1,1,T1ax+FLAIRax+FLAIRsag+SWIax,10111,4,Watershed infarct,31,36,9393,0.7887291748304893,0.029720009179251508
0.1,1,T1ax+FLAIRax+FLAIRsag+SWIax,10111,4,Foraminal Spinal Stenosis,33,60,9393,0.7371209686060217,0.01607447169609507
0.1,1,T1ax+FLAIRax+FLAIRsag+SWIax,10111,4,Lipoma of brain,34,22,9393,0.5647743037029134,0.0028693460999420707
0.1,1,T1ax+FLAIRax+FLAIRsag+SWIax,10111,4,Glioma,35,66,9393,0.786639310441176,0.053137513853849815
0.1,1,T1ax+FLAIRax+FLAIRsag+SWIax,10111,4,Pituitary adenoma,36,25,9393,0.6078650725875321,0.004160878972602467
0.1,1,T1ax+T2ax+FLAIRsag+SWIax,11011,4,Cerebral infarction,0,424,9393,0.8073985709687665,0.2269680437454655
0.1,1,T1ax+T2ax+FLAIRsag+SWIax,11011,4,Cerebral hemorrhage,1,294,9393,0.8264057573793336,0.20199908385350712
0.1,1,T1ax+T2ax+FLAIRsag+SWIax,11011,4,Metastatic malignant neoplasm to brain,2,373,9393,0.8892865422682986,0.28924338211198203
0.1,1,T1ax+T2ax+FLAIRsag+SWIax,11011,4,Intracranial meningioma,3,181,9393,0.7434771604656909,0.07251784059124293
0.1,1,T1ax+T2ax+FLAIRsag+SWIax,11011,4,Demyelinating disease of central nervous system,4,250,9393,0.8284335557256918,0.23625007435832254
0.1,1,T1ax+T2ax+FLAIRsag+SWIax,11011,4,Herniation of nucleus pulposus,5,138,9393,0.719336981968227,0.035204922707216826
0.1,1,T1ax+T2ax+FLAIRsag+SWIax,11011,4,Spinal cord compression,6,74,9393,0.5947976090695266,0.0156757638928497
0.1,1,T1ax+T2ax+FLAIRsag+SWIax,11011,4,Lacunar infarct,7,213,9393,0.8098366524491905,0.1402293652427002
0.1,1,T1ax+T2ax+FLAIRsag+SWIax,11011,4,Silent micro-hemorrhage of brain,8,195,9393,0.7629339711531492,0.09581084588865471
0.1,1,T1ax+T2ax+FLAIRsag+SWIax,11011,4,Cavernous hemangioma,9,78,9393,0.602529694317134,0.013485244179036383
0.1,1,T1ax+T2ax+FLAIRsag+SWIax,11011,4,Subdural intracranial hemorrhage,10,44,9393,0.855098746584467,0.07493467680638206
0.1,1,T1ax+T2ax+FLAIRsag+SWIax,11011,4,Gliosis,11,3534,9393,0.7808334572122293,0.680348105302629
0.1,1,T1ax+T2ax+FLAIRsag+SWIax,11011,4,Cerebral atrophy,12,1310,9393,0.9215479099004318,0.7225589601255367
0.1,1,T1ax+T2ax+FLAIRsag+SWIax,11011,4,Encephalomalacia,13,236,9393,0.7530263038557147,0.11490326183997346
0.1,1,T1ax+T2ax+FLAIRsag+SWIax,11011,4,Arachnoid cyst,14,389,9393,0.7192544530337274,0.13331092763783303
0.1,1,T1ax+T2ax+FLAIRsag+SWIax,11011,4,Empty sella syndrome,15,351,9393,0.7141484720560146,0.0856499768823781
0.1,1,T1ax+T2ax+FLAIRsag+SWIax,11011,4,Intracranial aneurysm,16,61,9393,0.6596147224779184,0.018724876362675048
0.1,1,T1ax+T2ax+FLAIRsag+SWIax,11011,4,Chiari malformation,17,56,9393,0.7557815297051669,0.03212363372140666
0.1,1,T1ax+T2ax+FLAIRsag+SWIax,11011,4,Schwannoma,18,38,9393,0.713578441025064,0.008176474761911834
0.1,1,T1ax+T2ax+FLAIRsag+SWIax,11011,4,Cyst of pineal gland,19,103,9393,0.6401653307136812,0.018667291234959547
0.1,1,T1ax+T2ax+FLAIRsag+SWIax,11011,4,Hemangioma of vertebral column,20,31,9393,0.6258519340367029,0.0075751938522553965
0.1,1,T1ax+T2ax+FLAIRsag+SWIax,11011,4,Cerebral edema,22,533,9393,0.8898349984541695,0.48505804569985117
0.1,1,T1ax+T2ax+FLAIRsag+SWIax,11011,4,Spinal stenosis,23,43,9393,0.6300559631886581,0.007486603334973022
0.1,1,T1ax+T2ax+FLAIRsag+SWIax,11011,4,Mastoiditis,24,265,9393,0.7117126651563508,0.08602301826459435
0.1,1,T1ax+T2ax+FLAIRsag+SWIax,11011,4,Chronic mastoiditis,25,211,9393,0.7841021120036008,0.08206579961858956
0.1,1,T1ax+T2ax+FLAIRsag+SWIax,11011,4,Ventriculomegaly,26,889,9393,0.904310364896768,0.5776490025403976
0.1,1,T1ax+T2ax+FLAIRsag+SWIax,11011,4,Cerebellar degeneration,27,351,9393,0.8264584833927899,0.18265303397941396
0.1,1,T1ax+T2ax+FLAIRsag+SWIax,11011,4,Mega cisterna magna,28,104,9393,0.7074683041148754,0.03525460553199879
0.1,1,T1ax+T2ax+FLAIRsag+SWIax,11011,4,Structure of cave of septum pellucidum,29,99,9393,0.713115662760595,0.03046835030789844
0.1,1,T1ax+T2ax+FLAIRsag+SWIax,11011,4,Hyperostosis of skull,30,34,9393,0.745284501235049,0.022059603820238256
0.1,1,T1ax+T2ax+FLAIRsag+SWIax,11011,4,Watershed infarct,31,36,9393,0.8456889078883307,0.030263274591011448
0.1,1,T1ax+T2ax+FLAIRsag+SWIax,11011,4,Foraminal Spinal Stenosis,33,60,9393,0.6729383192256866,0.010343362342014238
0.1,1,T1ax+T2ax+FLAIRsag+SWIax,11011,4,Lipoma of brain,34,22,9393,0.5891968451994063,0.0031771224003490045
0.1,1,T1ax+T2ax+FLAIRsag+SWIax,11011,4,Glioma,35,66,9393,0.7712636171947848,0.05089894552787081
0.1,1,T1ax+T2ax+FLAIRsag+SWIax,11011,4,Pituitary adenoma,36,25,9393,0.5754099060631939,0.00438372206588473
0.1,1,T1ax+T2ax+FLAIRax+SWIax,11101,4,Cerebral infarction,0,424,9393,0.8147991930275562,0.2301031464882587
0.1,1,T1ax+T2ax+FLAIRax+SWIax,11101,4,Cerebral hemorrhage,1,294,9393,0.8281421371713868,0.2376942708075015
0.1,1,T1ax+T2ax+FLAIRax+SWIax,11101,4,Metastatic malignant neoplasm to brain,2,373,9393,0.8848584914072392,0.28514294929692746
0.1,1,T1ax+T2ax+FLAIRax+SWIax,11101,4,Intracranial meningioma,3,181,9393,0.743906578735879,0.0745630802332563
0.1,1,T1ax+T2ax+FLAIRax+SWIax,11101,4,Demyelinating disease of central nervous system,4,250,9393,0.8432982609646724,0.27832855172188903
0.1,1,T1ax+T2ax+FLAIRax+SWIax,11101,4,Herniation of nucleus pulposus,5,138,9393,0.7048403135007321,0.030649120453386296
0.1,1,T1ax+T2ax+FLAIRax+SWIax,11101,4,Spinal cord compression,6,74,9393,0.6082777702050156,0.011409059963210207
0.1,1,T1ax+T2ax+FLAIRax+SWIax,11101,4,Lacunar infarct,7,213,9393,0.8218872421164605,0.15425244692118048
0.1,1,T1ax+T2ax+FLAIRax+SWIax,11101,4,Silent micro-hemorrhage of brain,8,195,9393,0.7681625325460942,0.09788833419728406
0.1,1,T1ax+T2ax+FLAIRax+SWIax,11101,4,Cavernous hemangioma,9,78,9393,0.5757738414743245,0.016850793990713694
0.1,1,T1ax+T2ax+FLAIRax+SWIax,11101,4,Subdural intracranial hemorrhage,10,44,9393,0.8432817316387752,0.05891088884298373
0.1,1,T1ax+T2ax+FLAIRax+SWIax,11101,4,Gliosis,11,3534,9393,0.7875762845275596,0.6926106949953867
0.1,1,T1ax+T2ax+FLAIRax+SWIax,11101,4,Cerebral atrophy,12,1310,9393,0.9203556044964788,0.7199771169868974
0.1,1,T1ax+T2ax+FLAIRax+SWIax,11101,4,Encephalomalacia,13,236,9393,0.7535131038031477,0.12824942307511886
0.1,1,T1ax+T2ax+FLAIRax+SWIax,11101,4,Arachnoid cyst,14,389,9393,0.7247161786992128,0.13146484174637912
0.1,1,T1ax+T2ax+FLAIRax+SWIax,11101,4,Empty sella syndrome,15,351,9393,0.7196202463842366,0.08226150968998645
0.1,1,T1ax+T2ax+FLAIRax+SWIax,11101,4,Intracranial aneurysm,16,61,9393,0.6582480166955935,0.017916455860166793
0.1,1,T1ax+T2ax+FLAIRax+SWIax,11101,4,Chiari malformation,17,56,9393,0.7549266359644425,0.032618826686489806
0.1,1,T1ax+T2ax+FLAIRax+SWIax,11101,4,Schwannoma,18,38,9393,0.7365861205659794,0.010007713116532096
0.1,1,T1ax+T2ax+FLAIRax+SWIax,11101,4,Cyst of pineal gland,19,103,9393,0.6420903571018006,0.020505781356399185
0.1,1,T1ax+T2ax+FLAIRax+SWIax,11101,4,Hemangioma of vertebral column,20,31,9393,0.6094885983833065,0.008343292156116101
0.1,1,T1ax+T2ax+FLAIRax+SWIax,11101,4,Cerebral edema,22,533,9393,0.8960092156920875,0.49433777883759605
0.1,1,T1ax+T2ax+FLAIRax+SWIax,11101,4,Spinal stenosis,23,43,9393,0.5833329187911951,0.006422083641716931
0.1,1,T1ax+T2ax+FLAIRax+SWIax,11101,4,Mastoiditis,24,265,9393,0.7269525242670284,0.0943176654253162
0.1,1,T1ax+T2ax+FLAIRax+SWIax,11101,4,Chronic mastoiditis,25,211,9393,0.8007135328651462,0.08661675949916685
0.1,1,T1ax+T2ax+FLAIRax+SWIax,11101,4,Ventriculomegaly,26,889,9393,0.9033615624011251,0.5719981069392484
0.1,1,T1ax+T2ax+FLAIRax+SWIax,11101,4,Cerebellar degeneration,27,351,9393,0.8278215431500103,0.18452944426503337
0.1,1,T1ax+T2ax+FLAIRax+SWIax,11101,4,Mega cisterna magna,28,104,9393,0.7305270087862402,0.04323590119115589
0.1,1,T1ax+T2ax+FLAIRax+SWIax,11101,4,Structure of cave of septum pellucidum,29,99,9393,0.7158229595285761,0.04705416356094316
0.1,1,T1ax+T2ax+FLAIRax+SWIax,11101,4,Hyperostosis of skull,30,34,9393,0.7243028101292873,0.044413144146262726
0.1,1,T1ax+T2ax+FLAIRax+SWIax,11101,4,Watershed infarct,31,36,9393,0.8061225701495018,0.027909940900412166
0.1,1,T1ax+T2ax+FLAIRax+SWIax,11101,4,Foraminal Spinal Stenosis,33,60,9393,0.6564109432479732,0.009979011603141465
0.1,1,T1ax+T2ax+FLAIRax+SWIax,11101,4,Lipoma of brain,34,22,9393,0.5675294186125474,0.00350508239442026
0.1,1,T1ax+T2ax+FLAIRax+SWIax,11101,4,Glioma,35,66,9393,0.8026664197458665,0.06423494387440495
0.1,1,T1ax+T2ax+FLAIRax+SWIax,11101,4,Pituitary adenoma,36,25,9393,0.5260076857386848,0.004158484550371832
0.1,1,T1ax+T2ax+FLAIRax+FLAIRsag,11110,4,Cerebral infarction,0,424,9393,0.8189999831705433,0.23546828336836337
0.1,1,T1ax+T2ax+FLAIRax+FLAIRsag,11110,4,Cerebral hemorrhage,1,294,9393,0.8247706819841905,0.20622654444242944
0.1,1,T1ax+T2ax+FLAIRax+FLAIRsag,11110,4,Metastatic malignant neoplasm to brain,2,373,9393,0.8967043745504479,0.2882840349423166
0.1,1,T1ax+T2ax+FLAIRax+FLAIRsag,11110,4,Intracranial meningioma,3,181,9393,0.741289886120194,0.06852175525544871
0.1,1,T1ax+T2ax+FLAIRax+FLAIRsag,11110,4,Demyelinating disease of central nervous system,4,250,9393,0.8529952969484852,0.28697990986234423
0.1,1,T1ax+T2ax+FLAIRax+FLAIRsag,11110,4,Herniation of nucleus pulposus,5,138,9393,0.7286218182102897,0.03779091760053545
0.1,1,T1ax+T2ax+FLAIRax+FLAIRsag,11110,4,Spinal cord compression,6,74,9393,0.5645368514775103,0.012571411098831833
0.1,1,T1ax+T2ax+FLAIRax+FLAIRsag,11110,4,Lacunar infarct,7,213,9393,0.8063692247895508,0.13950091960384203
0.1,1,T1ax+T2ax+FLAIRax+FLAIRsag,11110,4,Silent micro-hemorrhage of brain,8,195,9393,0.7220365631324536,0.06983889465454603
0.1,1,T1ax+T2ax+FLAIRax+FLAIRsag,11110,4,Cavernous hemangioma,9,78,9393,0.5251441705547986,0.008956822514434158
0.1,1,T1ax+T2ax+FLAIRax+FLAIRsag,11110,4,Subdural intracranial hemorrhage,10,44,9393,0.8633470764982156,0.10958591777683313
0.1,1,T1ax+T2ax+FLAIRax+FLAIRsag,11110,4,Gliosis,11,3534,9393,0.7838714603597674,0.6811235398347573
0.1,1,T1ax+T2ax+FLAIRax+FLAIRsag,11110,4,Cerebral atrophy,12,1310,9393,0.9236311625662378,0.7336423507826817
0.1,1,T1ax+T2ax+FLAIRax+FLAIRsag,11110,4,Encephalomalacia,13,236,9393,0.7675326646466629,0.11789119871532439
0.1,1,T1ax+T2ax+FLAIRax+FLAIRsag,11110,4,Arachnoid cyst,14,389,9393,0.7464797136719583,0.13686768900178453
0.1,1,T1ax+T2ax+FLAIRax+FLAIRsag,11110,4,Empty sella syndrome,15,351,9393,0.7454654474119194,0.0935565748155612
0.1,1,T1ax+T2ax+FLAIRax+FLAIRsag,11110,4,Intracranial aneurysm,16,61,9393,0.6901864200740621,0.018128046314920068
0.1,1,T1ax+T2ax+FLAIRax+FLAIRsag,11110,4,Chiari malformation,17,56,9393,0.7392268088557047,0.023620923428365137
0.1,1,T1ax+T2ax+FLAIRax+FLAIRsag,11110,4,Schwannoma,18,38,9393,0.7463022869841627,0.009115051099490307
0.1,1,T1ax+T2ax+FLAIRax+FLAIRsag,11110,4,Cyst of pineal gland,19,103,9393,0.6229675922539112,0.018074819170659184
0.1,1,T1ax+T2ax+FLAIRax+FLAIRsag,11110,4,Hemangioma of vertebral column,20,31,9393,0.6130100405896176,0.0066962710966294685
0.1,1,T1ax+T2ax+FLAIRax+FLAIRsag,11110,4,Cerebral edema,22,533,9393,0.8987461830687068,0.5003175288732614
0.1,1,T1ax+T2ax+FLAIRax+FLAIRsag,11110,4,Spinal stenosis,23,43,9393,0.6008506404676035,0.006916150588487345
0.1,1,T1ax+T2ax+FLAIRax+FLAIRsag,11110,4,Mastoiditis,24,265,9393,0.7333801861987994,0.09567322213097228
0.1,1,T1ax+T2ax+FLAIRax+FLAIRsag,11110,4,Chronic mastoiditis,25,211,9393,0.7799166099756272,0.08976993460029294
0.1,1,T1ax+T2ax+FLAIRax+FLAIRsag,11110,4,Ventriculomegaly,26,889,9393,0.9058147188327705,0.5783791071091585
0.1,1,T1ax+T2ax+FLAIRax+FLAIRsag,11110,4,Cerebellar degeneration,27,351,9393,0.8360213275055124,0.1819791006103562
0.1,1,T1ax+T2ax+FLAIRax+FLAIRsag,11110,4,Mega cisterna magna,28,104,9393,0.7204116531546826,0.03893341827280961
0.1,1,T1ax+T2ax+FLAIRax+FLAIRsag,11110,4,Structure of cave of septum pellucidum,29,99,9393,0.7273216346812217,0.045831992935920385
0.1,1,T1ax+T2ax+FLAIRax+FLAIRsag,11110,4,Hyperostosis of skull,30,34,9393,0.7105837099237601,0.05300626311271867
0.1,1,T1ax+T2ax+FLAIRax+FLAIRsag,11110,4,Watershed infarct,31,36,9393,0.8481261800434612,0.024545265203326123
0.1,1,T1ax+T2ax+FLAIRax+FLAIRsag,11110,4,Foraminal Spinal Stenosis,33,60,9393,0.6972177577770635,0.01129890538199922
0.1,1,T1ax+T2ax+FLAIRax+FLAIRsag,11110,4,Lipoma of brain,34,22,9393,0.578719647655727,0.003046043743235074
0.1,1,T1ax+T2ax+FLAIRax+FLAIRsag,11110,4,Glioma,35,66,9393,0.7548823714793479,0.04095009769208079
0.1,1,T1ax+T2ax+FLAIRax+FLAIRsag,11110,4,Pituitary adenoma,36,25,9393,0.599730999146029,0.005351342375314511
0.1,1,T1ax+T2ax+FLAIRax+FLAIRsag+SWIax,11111,5,Cerebral infarction,0,424,9393,0.8177895770967926,0.2421706635139054
0.1,1,T1ax+T2ax+FLAIRax+FLAIRsag+SWIax,11111,5,Cerebral hemorrhage,1,294,9393,0.8355930568732605,0.2275389159638343
0.1,1,T1ax+T2ax+FLAIRax+FLAIRsag+SWIax,11111,5,Metastatic malignant neoplasm to brain,2,373,9393,0.8979262645417097,0.30031058817528256
0.1,1,T1ax+T2ax+FLAIRax+FLAIRsag+SWIax,11111,5,Intracranial meningioma,3,181,9393,0.7442928152805733,0.07662830020783966
0.1,1,T1ax+T2ax+FLAIRax+FLAIRsag+SWIax,11111,5,Demyelinating disease of central nervous system,4,250,9393,0.8433424477742536,0.2675402873527412
0.1,1,T1ax+T2ax+FLAIRax+FLAIRsag+SWIax,11111,5,Herniation of nucleus pulposus,5,138,9393,0.7293605493309531,0.03633974591636683
0.1,1,T1ax+T2ax+FLAIRax+FLAIRsag+SWIax,11111,5,Spinal cord compression,6,74,9393,0.5840842452066832,0.015661719808504563
0.1,1,T1ax+T2ax+FLAIRax+FLAIRsag+SWIax,11111,5,Lacunar infarct,7,213,9393,0.8186064827600317,0.15075643007928446
0.1,1,T1ax+T2ax+FLAIRax+FLAIRsag+SWIax,11111,5,Silent micro-hemorrhage of brain,8,195,9393,0.7600710299340436,0.09291020246827869
0.1,1,T1ax+T2ax+FLAIRax+FLAIRsag+SWIax,11111,5,Cavernous hemangioma,9,78,9393,0.5793302778810026,0.011983475334677219
0.1,1,T1ax+T2ax+FLAIRax+FLAIRsag+SWIax,11111,5,Subdural intracranial hemorrhage,10,44,9393,0.8642538336623266,0.09452059974719594
0.1,1,T1ax+T2ax+FLAIRax+FLAIRsag+SWIax,11111,5,Gliosis,11,3534,9393,0.7874245389169536,0.6891478004964391
0.1,1,T1ax+T2ax+FLAIRax+FLAIRsag+SWIax,11111,5,Cerebral atrophy,12,1310,9393,0.923577048427904,0.7290286138822701
0.1,1,T1ax+T2ax+FLAIRax+FLAIRsag+SWIax,11111,5,Encephalomalacia,13,236,9393,0.7605735539912969,0.1332009661374028
0.1,1,T1ax+T2ax+FLAIRax+FLAIRsag+SWIax,11111,5,Arachnoid cyst,14,389,9393,0.7336145374977587,0.1357047840548292
0.1,1,T1ax+T2ax+FLAIRax+FLAIRsag+SWIax,11111,5,Empty sella syndrome,15,351,9393,0.7297190508869341,0.08665736275287728
0.1,1,T1ax+T2ax+FLAIRax+FLAIRsag+SWIax,11111,5,Intracranial aneurysm,16,61,9393,0.6571167075390162,0.02909077636919985
0.1,1,T1ax+T2ax+FLAIRax+FLAIRsag+SWIax,11111,5,Chiari malformation,17,56,9393,0.750728667819275,0.03180190181038208
0.1,1,T1ax+T2ax+FLAIRax+FLAIRsag+SWIax,11111,5,Schwannoma,18,38,9393,0.7229289150187066,0.009005171308929001
0.1,1,T1ax+T2ax+FLAIRax+FLAIRsag+SWIax,11111,5,Cyst of pineal gland,19,103,9393,0.6475163815356318,0.019334621920912943
0.1,1,T1ax+T2ax+FLAIRax+FLAIRsag+SWIax,11111,5,Hemangioma of vertebral column,20,31,9393,0.6237294209260497,0.0070344184671141145
0.1,1,T1ax+T2ax+FLAIRax+FLAIRsag+SWIax,11111,5,Cerebral edema,22,533,9393,0.8970533925690012,0.5041578993789264
0.1,1,T1ax+T2ax+FLAIRax+FLAIRsag+SWIax,11111,5,Spinal stenosis,23,43,9393,0.6011068275090162,0.006498815973086016
0.1,1,T1ax+T2ax+FLAIRax+FLAIRsag+SWIax,11111,5,Mastoiditis,24,265,9393,0.7323189687959916,0.09594784617726668
0.1,1,T1ax+T2ax+FLAIRax+FLAIRsag+SWIax,11111,5,Chronic mastoiditis,25,211,9393,0.7927059020275605,0.08540111864795952
0.1,1,T1ax+T2ax+FLAIRax+FLAIRsag+SWIax,11111,5,Ventriculomegaly,26,889,9393,0.9088218394149462,0.5834714434156659
0.1,1,T1ax+T2ax+FLAIRax+FLAIRsag+SWIax,11111,5,Cerebellar degeneration,27,351,9393,0.831751604257687,0.18020788650244413
0.1,1,T1ax+T2ax+FLAIRax+FLAIRsag+SWIax,11111,5,Mega cisterna magna,28,104,9393,0.7250293978816964,0.03774047184893695
0.1,1,T1ax+T2ax+FLAIRax+FLAIRsag+SWIax,11111,5,Structure of cave of septum pellucidum,29,99,9393,0.7191877892329797,0.03850868866830152
0.1,1,T1ax+T2ax+FLAIRax+FLAIRsag+SWIax,11111,5,Hyperostosis of skull,30,34,9393,0.724169248851373,0.042914384138776684
0.1,1,T1ax+T2ax+FLAIRax+FLAIRsag+SWIax,11111,5,Watershed infarct,31,36,9393,0.8138440620806765,0.03648370091256402
0.1,1,T1ax+T2ax+FLAIRax+FLAIRsag+SWIax,11111,5,Foraminal Spinal Stenosis,33,60,9393,0.6752116147005249,0.010539251279327118
0.1,1,T1ax+T2ax+FLAIRax+FLAIRsag+SWIax,11111,5,Lipoma of brain,34,22,9393,0.550285697655242,0.0028020917333927125
0.1,1,T1ax+T2ax+FLAIRax+FLAIRsag+SWIax,11111,5,Glioma,35,66,9393,0.7796524264842052,0.060137428789507216
0.1,1,T1ax+T2ax+FLAIRax+FLAIRsag+SWIax,11111,5,Pituitary adenoma,36,25,9393,0.5822245943637916,0.0044683426350306645
0.1,2,SWIax,00001,1,Cerebral infarction,0,424,9393,0.7640249854320017,0.17697304656252533
0.1,2,SWIax,00001,1,Cerebral hemorrhage,1,294,9393,0.823718761050964,0.18866708771084975
0.1,2,SWIax,00001,1,Metastatic malignant neoplasm to brain,2,373,9393,0.8754210185289765,0.2879501019717472
0.1,2,SWIax,00001,1,Intracranial meningioma,3,181,9393,0.7106542511209256,0.04601722676497884
0.1,2,SWIax,00001,1,Demyelinating disease of central nervous system,4,250,9393,0.7782898392212622,0.1467589515301908
0.1,2,SWIax,00001,1,Herniation of nucleus pulposus,5,138,9393,0.6902598673650749,0.028180032901740357
0.1,2,SWIax,00001,1,Spinal cord compression,6,74,9393,0.6126092290380305,0.01144700546002705
0.1,2,SWIax,00001,1,Lacunar infarct,7,213,9393,0.774651978684014,0.1289224103076106
0.1,2,SWIax,00001,1,Silent micro-hemorrhage of brain,8,195,9393,0.7927275160151874,0.12581854704474854
0.1,2,SWIax,00001,1,Cavernous hemangioma,9,78,9393,0.6418913525193719,0.019960805407756306
0.1,2,SWIax,00001,1,Subdural intracranial hemorrhage,10,44,9393,0.8417064537772635,0.05264194622032014
0.1,2,SWIax,00001,1,Gliosis,11,3534,9393,0.7667000584283385,0.6593342895378255
0.1,2,SWIax,00001,1,Cerebral atrophy,12,1310,9393,0.9024342862647362,0.6617564092661677
0.1,2,SWIax,00001,1,Encephalomalacia,13,236,9393,0.7300772956874706,0.09154123018620974
0.1,2,SWIax,00001,1,Arachnoid cyst,14,389,9393,0.6578679969713546,0.0780608342592127
0.1,2,SWIax,00001,1,Empty sella syndrome,15,351,9393,0.6298788622389595,0.07058768665529547
0.1,2,SWIax,00001,1,Intracranial aneurysm,16,61,9393,0.6164932226852079,0.02570570181246757
0.1,2,SWIax,00001,1,Chiari malformation,17,56,9393,0.6348437093590783,0.029843000996551475
0.1,2,SWIax,00001,1,Schwannoma,18,38,9393,0.6858139469464682,0.007333196638928412
0.1,2,SWIax,00001,1,Cyst of pineal gland,19,103,9393,0.6392644768881877,0.020132924424060096
0.1,2,SWIax,00001,1,Hemangioma of vertebral column,20,31,9393,0.6262068347678673,0.0066291251862053025
0.1,2,SWIax,00001,1,Cerebral edema,22,533,9393,0.8766444038810939,0.4368005882276399
0.1,2,SWIax,00001,1,Spinal stenosis,23,43,9393,0.642765825146126,0.00765972194957518
0.1,2,SWIax,00001,1,Mastoiditis,24,265,9393,0.6806426008301226,0.05972733057234317
0.1,2,SWIax,00001,1,Chronic mastoiditis,25,211,9393,0.746858937897246,0.06802018660942619
0.1,2,SWIax,00001,1,Ventriculomegaly,26,889,9393,0.8784848948208849,0.5193691978644189
0.1,2,SWIax,00001,1,Cerebellar degeneration,27,351,9393,0.7635176394300482,0.13540968403093145
0.1,2,SWIax,00001,1,Mega cisterna magna,28,104,9393,0.6600248846857739,0.023997599653672402
0.1,2,SWIax,00001,1,Structure of cave of septum pellucidum,29,99,9393,0.5962160881463657,0.0260792928092186
0.1,2,SWIax,00001,1,Hyperostosis of skull,30,34,9393,0.7673802505295312,0.01940439934022573
0.1,2,SWIax,00001,1,Watershed infarct,31,36,9393,0.8031390640399938,0.01715758668920995
0.1,2,SWIax,00001,1,Foraminal Spinal Stenosis,33,60,9393,0.6840619307832423,0.010782954398971319
0.1,2,SWIax,00001,1,Lipoma of brain,34,22,9393,0.5105693580776283,0.002456868118130471
0.1,2,SWIax,00001,1,Glioma,35,66,9393,0.7714618036264869,0.050337073033159464
0.1,2,SWIax,00001,1,Pituitary adenoma,36,25,9393,0.5288556789069172,0.007672753457872215
0.1,2,FLAIRsag,00010,1,Cerebral infarction,0,424,9393,0.797279202788641,0.21592003520843606
0.1,2,FLAIRsag,00010,1,Cerebral hemorrhage,1,294,9393,0.8124257506057704,0.17944126606139627
0.1,2,FLAIRsag,00010,1,Metastatic malignant neoplasm to brain,2,373,9393,0.899500662810674,0.30122126614662814
0.1,2,FLAIRsag,00010,1,Intracranial meningioma,3,181,9393,0.7207599743788429,0.05403070454608096
0.1,2,FLAIRsag,00010,1,Demyelinating disease of central nervous system,4,250,9393,0.7686597396915673,0.15161982165274654
0.1,2,FLAIRsag,00010,1,Herniation of nucleus pulposus,5,138,9393,0.731842560621364,0.03397824321497912
0.1,2,FLAIRsag,00010,1,Spinal cord compression,6,74,9393,0.6008010371139463,0.011716271641124239
0.1,2,FLAIRsag,00010,1,Lacunar infarct,7,213,9393,0.8140645616619105,0.1247862623384384
0.1,2,FLAIRsag,00010,1,Silent micro-hemorrhage of brain,8,195,9393,0.7289458131923886,0.0650821195408501
0.1,2,FLAIRsag,00010,1,Cavernous hemangioma,9,78,9393,0.5641479829885627,0.010410789965208979
0.1,2,FLAIRsag,00010,1,Subdural intracranial hemorrhage,10,44,9393,0.8829651202364861,0.10374280424190771
0.1,2,FLAIRsag,00010,1,Gliosis,11,3534,9393,0.7743615697045055,0.6633251413602922
0.1,2,FLAIRsag,00010,1,Cerebral atrophy,12,1310,9393,0.918212854610515,0.7182993936913143
0.1,2,FLAIRsag,00010,1,Encephalomalacia,13,236,9393,0.7646965459415137,0.1163118888536043
0.1,2,FLAIRsag,00010,1,Arachnoid cyst,14,389,9393,0.6789398941801359,0.10386682842536785
0.1,2,FLAIRsag,00010,1,Empty sella syndrome,15,351,9393,0.682941146444796,0.08276423715311595
0.1,2,FLAIRsag,00010,1,Intracranial aneurysm,16,61,9393,0.6245160315642281,0.01149251636686286
0.1,2,FLAIRsag,00010,1,Chiari malformation,17,56,9393,0.6538139353417279,0.009962430641879532
0.1,2,FLAIRsag,00010,1,Schwannoma,18,38,9393,0.7680131649272834,0.013362910328752456
0.1,2,FLAIRsag,00010,1,Cyst of pineal gland,19,103,9393,0.6503882450071589,0.01979966961082804
0.1,2,FLAIRsag,00010,1,Hemangioma of vertebral column,20,31,9393,0.5610291432076135,0.004265046236488901
0.1,2,FLAIRsag,00010,1,Cerebral edema,22,533,9393,0.8946535433404343,0.48531876262302454
0.1,2,FLAIRsag,00010,1,Spinal stenosis,23,43,9393,0.6314886208183061,0.011290114853602248
0.1,2,FLAIRsag,00010,1,Mastoiditis,24,265,9393,0.6855952243149837,0.0603219427858327
0.1,2,FLAIRsag,00010,1,Chronic mastoiditis,25,211,9393,0.7407383702504693,0.07963130055232967
0.1,2,FLAIRsag,00010,1,Ventriculomegaly,26,889,9393,0.8933457635763544,0.5580318420676851
0.1,2,FLAIRsag,00010,1,Cerebellar degeneration,27,351,9393,0.7992555790609318,0.157435971270399
0.1,2,FLAIRsag,00010,1,Mega cisterna magna,28,104,9393,0.697133499507275,0.029697262647252934
0.1,2,FLAIRsag,00010,1,Structure of cave of septum pellucidum,29,99,9393,0.641791271875197,0.02645875719082872
0.1,2,FLAIRsag,00010,1,Hyperostosis of skull,30,34,9393,0.7652401274645985,0.014432526986384602
0.1,2,FLAIRsag,00010,1,Watershed infarct,31,36,9393,0.8400098559604812,0.023030447122918664
0.1,2,FLAIRsag,00010,1,Foraminal Spinal Stenosis,33,60,9393,0.7298135647701705,0.015032806901589455
0.1,2,FLAIRsag,00010,1,Lipoma of brain,34,22,9393,0.5601614264510434,0.0044102718122784376
0.1,2,FLAIRsag,00010,1,Glioma,35,66,9393,0.7713367187474618,0.038104009385667395
0.1,2,FLAIRsag,00010,1,Pituitary adenoma,36,25,9393,0.6157685738684884,0.0044607504952842054
0.1,2,FLAIRax,00100,1,Cerebral infarction,0,424,9393,0.8065769516384529,0.22432456723237193
0.1,2,FLAIRax,00100,1,Cerebral hemorrhage,1,294,9393,0.829684132142801,0.1986046027780523
0.1,2,FLAIRax,00100,1,Metastatic malignant neoplasm to brain,2,373,9393,0.8864850525790171,0.2944595505599484
0.1,2,FLAIRax,00100,1,Intracranial meningioma,3,181,9393,0.738935882334596,0.06903917751251304
0.1,2,FLAIRax,00100,1,Demyelinating disease of central nervous system,4,250,9393,0.8277580662802142,0.26404245405099713
0.1,2,FLAIRax,00100,1,Herniation of nucleus pulposus,5,138,9393,0.691016215285118,0.027782085688287148
0.1,2,FLAIRax,00100,1,Spinal cord compression,6,74,9393,0.572400762174343,0.009514634227807314
0.1,2,FLAIRax,00100,1,Lacunar infarct,7,213,9393,0.8122311209303752,0.1317801429760763
0.1,2,FLAIRax,00100,1,Silent micro-hemorrhage of brain,8,195,9393,0.7263279085196893,0.06099925888266374
0.1,2,FLAIRax,00100,1,Cavernous hemangioma,9,78,9393,0.5008602061742158,0.008938307569318021
0.1,2,FLAIRax,00100,1,Subdural intracranial hemorrhage,10,44,9393,0.7938671126712629,0.09077910371068833
0.1,2,FLAIRax,00100,1,Gliosis,11,3534,9393,0.7815270341421828,0.6855797235004959
0.1,2,FLAIRax,00100,1,Cerebral atrophy,12,1310,9393,0.9199032367432167,0.7133099185179799
0.1,2,FLAIRax,00100,1,Encephalomalacia,13,236,9393,0.772610746988041,0.133126194003109
0.1,2,FLAIRax,00100,1,Arachnoid cyst,14,389,9393,0.7288528720168927,0.1131799740597204
0.1,2,FLAIRax,00100,1,Empty sella syndrome,15,351,9393,0.6898777531380939,0.08481824642424698
0.1,2,FLAIRax,00100,1,Intracranial aneurysm,16,61,9393,0.6451290465382643,0.01683271251174446
0.1,2,FLAIRax,00100,1,Chiari malformation,17,56,9393,0.7312038127878333,0.021225507141222195
0.1,2,FLAIRax,00100,1,Schwannoma,18,38,9393,0.7838898421896539,0.01594276006656222
0.1,2,FLAIRax,00100,1,Cyst of pineal gland,19,103,9393,0.6345940409878039,0.016897466748497434
0.1,2,FLAIRax,00100,1,Hemangioma of vertebral column,20,31,9393,0.523537154316351,0.0040460435509591455
0.1,2,FLAIRax,00100,1,Cerebral edema,22,533,9393,0.9034916715723851,0.5144941532461885
0.1,2,FLAIRax,00100,1,Spinal stenosis,23,43,9393,0.5881457530157941,0.011480118960704638
0.1,2,FLAIRax,00100,1,Mastoiditis,24,265,9393,0.6986088833032924,0.07494227799088841
0.1,2,FLAIRax,00100,1,Chronic mastoiditis,25,211,9393,0.7545026793613303,0.061341286605091645
0.1,2,FLAIRax,00100,1,Ventriculomegaly,26,889,9393,0.8937823344165705,0.5541314371614939
0.1,2,FLAIRax,00100,1,Cerebellar degeneration,27,351,9393,0.8147785799853927,0.16800792689591976
0.1,2,FLAIRax,00100,1,Mega cisterna magna,28,104,9393,0.7286917114535804,0.04327766540480994
0.1,2,FLAIRax,00100,1,Structure of cave of septum pellucidum,29,99,9393,0.6832723620974105,0.03799822613798048
0.1,2,FLAIRax,00100,1,Hyperostosis of skull,30,34,9393,0.6857036008120526,0.013569033790705681
0.1,2,FLAIRax,00100,1,Watershed infarct,31,36,9393,0.8214943061047583,0.016191337593644713
0.1,2,FLAIRax,00100,1,Foraminal Spinal Stenosis,33,60,9393,0.6760723597271331,0.016552237004965283
0.1,2,FLAIRax,00100,1,Lipoma of brain,34,22,9393,0.42193517719075285,0.001980167888379755
0.1,2,FLAIRax,00100,1,Glioma,35,66,9393,0.770631694883866,0.04075264278013517
0.1,2,FLAIRax,00100,1,Pituitary adenoma,36,25,9393,0.45444064901793335,0.003932610299621504
0.1,2,T2ax,01000,1,Cerebral infarction,0,424,9393,0.8016745835235413,0.20142784485232965
0.1,2,T2ax,01000,1,Cerebral hemorrhage,1,294,9393,0.7858619434145787,0.1718688547783459
0.1,2,T2ax,01000,1,Metastatic malignant neoplasm to brain,2,373,9393,0.8580678623018256,0.20245911678058512
0.1,2,T2ax,01000,1,Intracranial meningioma,3,181,9393,0.7103309879259097,0.05101577026526896
0.1,2,T2ax,01000,1,Demyelinating disease of central nervous system,4,250,9393,0.8218615334135404,0.2403796303446003
0.1,2,T2ax,01000,1,Herniation of nucleus pulposus,5,138,9393,0.7164760137489332,0.03248199927958326
0.1,2,T2ax,01000,1,Spinal cord compression,6,74,9393,0.6263011052688057,0.011628753643060987
0.1,2,T2ax,01000,1,Lacunar infarct,7,213,9393,0.8076687430319023,0.11529077788698974
0.1,2,T2ax,01000,1,Silent micro-hemorrhage of brain,8,195,9393,0.7399122440218331,0.08283960073804204
0.1,2,T2ax,01000,1,Cavernous hemangioma,9,78,9393,0.449894710764276,0.007498772776732915
0.1,2,T2ax,01000,1,Subdural intracranial hemorrhage,10,44,9393,0.7935559466739271,0.02297933545251986
0.1,2,T2ax,01000,1,Gliosis,11,3534,9393,0.7765014146342076,0.6833648204195015
0.1,2,T2ax,01000,1,Cerebral atrophy,12,1310,9393,0.9165671426129479,0.7059762115517263
0.1,2,T2ax,01000,1,Encephalomalacia,13,236,9393,0.7354450517618272,0.10007847372386885
0.1,2,T2ax,01000,1,Arachnoid cyst,14,389,9393,0.7177906648744518,0.1351073258976095
0.1,2,T2ax,01000,1,Empty sella syndrome,15,351,9393,0.7124381881072879,0.08518428910606182
0.1,2,T2ax,01000,1,Intracranial aneurysm,16,61,9393,0.691099899517261,0.017346182313212916
0.1,2,T2ax,01000,1,Chiari malformation,17,56,9393,0.7675492281093651,0.03392637858711977
0.1,2,T2ax,01000,1,Schwannoma,18,38,9393,0.6886550957832851,0.007033336447099706
0.1,2,T2ax,01000,1,Cyst of pineal gland,19,103,9393,0.6367740654425367,0.017736718240632804
0.1,2,T2ax,01000,1,Hemangioma of vertebral column,20,31,9393,0.6833269014754223,0.005786822580084959
0.1,2,T2ax,01000,1,Cerebral edema,22,533,9393,0.8715689969888065,0.43149148629720413
0.1,2,T2ax,01000,1,Spinal stenosis,23,43,9393,0.6522372839199104,0.014792076841908546
0.1,2,T2ax,01000,1,Mastoiditis,24,265,9393,0.7490305590924876,0.09388685773058901
0.1,2,T2ax,01000,1,Chronic mastoiditis,25,211,9393,0.7951658974234568,0.08782352611341324
0.1,2,T2ax,01000,1,Ventriculomegaly,26,889,9393,0.8934845191622919,0.5530322032434182
0.1,2,T2ax,01000,1,Cerebellar degeneration,27,351,9393,0.8360418080612728,0.19209564478523922
0.1,2,T2ax,01000,1,Mega cisterna magna,28,104,9393,0.7874264017820912,0.06274541954811644
0.1,2,T2ax,01000,1,Structure of cave of septum pellucidum,29,99,9393,0.6931636137575453,0.03655826830846201
0.1,2,T2ax,01000,1,Hyperostosis of skull,30,34,9393,0.7517960063606594,0.05481293733165582
0.1,2,T2ax,01000,1,Watershed infarct,31,36,9393,0.8453386056784582,0.029078943678743432
0.1,2,T2ax,01000,1,Foraminal Spinal Stenosis,33,60,9393,0.6709311046823101,0.014446745846226605
0.1,2,T2ax,01000,1,Lipoma of brain,34,22,9393,0.6275307767677845,0.0033867540195119295
0.1,2,T2ax,01000,1,Glioma,35,66,9393,0.7615313638150563,0.05893072753118629
0.1,2,T2ax,01000,1,Pituitary adenoma,36,25,9393,0.4081511528608028,0.003108333479577758
0.1,2,T1ax,10000,1,Cerebral infarction,0,424,9393,0.7884305900617853,0.19994971166817294
0.1,2,T1ax,10000,1,Cerebral hemorrhage,1,294,9393,0.802072889821936,0.17414910058216804
0.1,2,T1ax,10000,1,Metastatic malignant neoplasm to brain,2,373,9393,0.85139264547654,0.22320893756553128
0.1,2,T1ax,10000,1,Intracranial meningioma,3,181,9393,0.7180107378557394,0.05210031112895232
0.1,2,T1ax,10000,1,Demyelinating disease of central nervous system,4,250,9393,0.783958438149404,0.1933373278890856
0.1,2,T1ax,10000,1,Herniation of nucleus pulposus,5,138,9393,0.7241859081264338,0.03336127373416661
0.1,2,T1ax,10000,1,Spinal cord compression,6,74,9393,0.6269942546903594,0.013372350828833198
0.1,2,T1ax,10000,1,Lacunar infarct,7,213,9393,0.7855692616117913,0.11272889606285336
0.1,2,T1ax,10000,1,Silent micro-hemorrhage of brain,8,195,9393,0.7097886385557619,0.06649363980354737
0.1,2,T1ax,10000,1,Cavernous hemangioma,9,78,9393,0.5481357611792395,0.011473542063289266
0.1,2,T1ax,10000,1,Subdural intracranial hemorrhage,10,44,9393,0.7927828936492965,0.027092053266608126
0.1,2,T1ax,10000,1,Gliosis,11,3534,9393,0.7741368007446835,0.6652706630074695
0.1,2,T1ax,10000,1,Cerebral atrophy,12,1310,9393,0.9163252816910055,0.7052983270489007
0.1,2,T1ax,10000,1,Encephalomalacia,13,236,9393,0.7546491245930222,0.12361258493533596
0.1,2,T1ax,10000,1,Arachnoid cyst,14,389,9393,0.6886319590607544,0.09162453997826842
0.1,2,T1ax,10000,1,Empty sella syndrome,15,351,9393,0.6928215967145408,0.08000291789862378
0.1,2,T1ax,10000,1,Intracranial aneurysm,16,61,9393,0.6669805288343299,0.01734895635594761
0.1,2,T1ax,10000,1,Chiari malformation,17,56,9393,0.6928120075276549,0.01892261238314414
0.1,2,T1ax,10000,1,Schwannoma,18,38,9393,0.7491181186531266,0.009741310193491833
0.1,2,T1ax,10000,1,Cyst of pineal gland,19,103,9393,0.6263693082654906,0.018035104039357715
0.1,2,T1ax,10000,1,Hemangioma of vertebral column,20,31,9393,0.594427713956902,0.004221317509465902
0.1,2,T1ax,10000,1,Cerebral edema,22,533,9393,0.8697815508281841,0.4316491958725046
0.1,2,T1ax,10000,1,Spinal stenosis,23,43,9393,0.7434100236289019,0.013710670866847664
0.1,2,T1ax,10000,1,Mastoiditis,24,265,9393,0.6080296165230764,0.04977113372991378
0.1,2,T1ax,10000,1,Chronic mastoiditis,25,211,9393,0.8006195926297176,0.10949890068497777
0.1,2,T1ax,10000,1,Ventriculomegaly,26,889,9393,0.8963448154352297,0.5476051849799358
0.1,2,T1ax,10000,1,Cerebellar degeneration,27,351,9393,0.8082646604544416,0.18235945430978434
0.1,2,T1ax,10000,1,Mega cisterna magna,28,104,9393,0.7224156777660923,0.03229874213337888
0.1,2,T1ax,10000,1,Structure of cave of septum pellucidum,29,99,9393,0.6629953505356994,0.02861336086690921
0.1,2,T1ax,10000,1,Hyperostosis of skull,30,34,9393,0.7277801172825151,0.019155993191951298
0.1,2,T1ax,10000,1,Watershed infarct,31,36,9393,0.8601166090746084,0.0239920922048412
0.1,2,T1ax,10000,1,Foraminal Spinal Stenosis,33,60,9393,0.6792974749098181,0.011432036366742972
0.1,2,T1ax,10000,1,Lipoma of brain,34,22,9393,0.6489605261881433,0.006697594493212866
0.1,2,T1ax,10000,1,Glioma,35,66,9393,0.7480368171908861,0.030352014740222463
0.1,2,T1ax,10000,1,Pituitary adenoma,36,25,9393,0.58600341588386,0.003441173048014847
0.1,2,FLAIRsag+SWIax,00011,2,Cerebral infarction,0,424,9393,0.7882037868381027,0.22780858523000808
0.1,2,FLAIRsag+SWIax,00011,2,Cerebral hemorrhage,1,294,9393,0.8364707791018375,0.21249901601212887
0.1,2,FLAIRsag+SWIax,00011,2,Metastatic malignant neoplasm to brain,2,373,9393,0.9064245079448114,0.30168876551023527
0.1,2,FLAIRsag+SWIax,00011,2,Intracranial meningioma,3,181,9393,0.7234198487200216,0.06244266064727666
0.1,2,FLAIRsag+SWIax,00011,2,Demyelinating disease of central nervous system,4,250,9393,0.7935688504867111,0.18929086386936425
0.1,2,FLAIRsag+SWIax,00011,2,Herniation of nucleus pulposus,5,138,9393,0.7079627933197097,0.03149103696463121
0.1,2,FLAIRsag+SWIax,00011,2,Spinal cord compression,6,74,9393,0.6246929406066652,0.01191777423568578
0.1,2,FLAIRsag+SWIax,00011,2,Lacunar infarct,7,213,9393,0.8072580727648389,0.12507146128565305
0.1,2,FLAIRsag+SWIax,00011,2,Silent micro-hemorrhage of brain,8,195,9393,0.7761263596880035,0.14655677128606243
0.1,2,FLAIRsag+SWIax,00011,2,Cavernous hemangioma,9,78,9393,0.5972528455620243,0.026476187006016318
0.1,2,FLAIRsag+SWIax,00011,2,Subdural intracranial hemorrhage,10,44,9393,0.872684487402639,0.07626418645548586
0.1,2,FLAIRsag+SWIax,00011,2,Gliosis,11,3534,9393,0.7780021362227398,0.6682164468362781
0.1,2,FLAIRsag+SWIax,00011,2,Cerebral atrophy,12,1310,9393,0.9171225916611341,0.7115708741655391
0.1,2,FLAIRsag+SWIax,00011,2,Encephalomalacia,13,236,9393,0.7619714842585925,0.1278945001918848
0.1,2,FLAIRsag+SWIax,00011,2,Arachnoid cyst,14,389,9393,0.6774329946473375,0.08704829035512665
0.1,2,FLAIRsag+SWIax,00011,2,Empty sella syndrome,15,351,9393,0.689816626556286,0.08084365761156811
0.1,2,FLAIRsag+SWIax,00011,2,Intracranial aneurysm,16,61,9393,0.6673265970080036,0.0340687962818962
0.1,2,FLAIRsag+SWIax,00011,2,Chiari malformation,17,56,9393,0.6585244572285378,0.017441827709383902
0.1,2,FLAIRsag+SWIax,00011,2,Schwannoma,18,38,9393,0.7165039804213902,0.010292553366522135
0.1,2,FLAIRsag+SWIax,00011,2,Cyst of pineal gland,19,103,9393,0.63420422836958,0.02006074476616601
0.1,2,FLAIRsag+SWIax,00011,2,Hemangioma of vertebral column,20,31,9393,0.5981455575387117,0.015538802034131707
0.1,2,FLAIRsag+SWIax,00011,2,Cerebral edema,22,533,9393,0.8978152965242103,0.4863199949250249
0.1,2,FLAIRsag+SWIax,00011,2,Spinal stenosis,23,43,9393,0.6743613978360901,0.010354912534657597
0.1,2,FLAIRsag+SWIax,00011,2,Mastoiditis,24,265,9393,0.686262877647876,0.06851314806229476
0.1,2,FLAIRsag+SWIax,00011,2,Chronic mastoiditis,25,211,9393,0.7533082963680228,0.07120087944256617
0.1,2,FLAIRsag+SWIax,00011,2,Ventriculomegaly,26,889,9393,0.8962384670166463,0.5498365883405558
0.1,2,FLAIRsag+SWIax,00011,2,Cerebellar degeneration,27,351,9393,0.7725741411872797,0.14003679400449132
0.1,2,FLAIRsag+SWIax,00011,2,Mega cisterna magna,28,104,9393,0.6481083912319783,0.023600559786729085
0.1,2,FLAIRsag+SWIax,00011,2,Structure of cave of septum pellucidum,29,99,9393,0.6711824507176347,0.0251973850710283
0.1,2,FLAIRsag+SWIax,00011,2,Hyperostosis of skull,30,34,9393,0.7538324230215646,0.011916158678963212
0.1,2,FLAIRsag+SWIax,00011,2,Watershed infarct,31,36,9393,0.8045937088098039,0.01613876445289947
0.1,2,FLAIRsag+SWIax,00011,2,Foraminal Spinal Stenosis,33,60,9393,0.646896317725633,0.01380207624530424
0.1,2,FLAIRsag+SWIax,00011,2,Lipoma of brain,34,22,9393,0.5254508590331874,0.002636536433547875
0.1,2,FLAIRsag+SWIax,00011,2,Glioma,35,66,9393,0.7811290778482802,0.04961787037552091
0.1,2,FLAIRsag+SWIax,00011,2,Pituitary adenoma,36,25,9393,0.6071776259607173,0.005284215244471277
0.1,2,FLAIRax+SWIax,00101,2,Cerebral infarction,0,424,9393,0.804310760123444,0.23354671789438458
0.1,2,FLAIRax+SWIax,00101,2,Cerebral hemorrhage,1,294,9393,0.8283974541569568,0.2203763342963445
0.1,2,FLAIRax+SWIax,00101,2,Metastatic malignant neoplasm to brain,2,373,9393,0.8923533048394097,0.3013942941403056
0.1,2,FLAIRax+SWIax,00101,2,Intracranial meningioma,3,181,9393,0.7447714127381293,0.06037212856898562
0.1,2,FLAIRax+SWIax,00101,2,Demyelinating disease of central nervous system,4,250,9393,0.8260509679536256,0.24322157209243506
0.1,2,FLAIRax+SWIax,00101,2,Herniation of nucleus pulposus,5,138,9393,0.6871608766119373,0.02833554700899595
0.1,2,FLAIRax+SWIax,00101,2,Spinal cord compression,6,74,9393,0.6083198232033944,0.012175267514670657
0.1,2,FLAIRax+SWIax,00101,2,Lacunar infarct,7,213,9393,0.8226252211891536,0.14205584457465795
0.1,2,FLAIRax+SWIax,00101,2,Silent micro-hemorrhage of brain,8,195,9393,0.7900184544020161,0.13668116612736325
0.1,2,FLAIRax+SWIax,00101,2,Cavernous hemangioma,9,78,9393,0.6196023782980304,0.013612880744006566
0.1,2,FLAIRax+SWIax,00101,2,Subdural intracranial hemorrhage,10,44,9393,0.880198660041424,0.08971966051222832
0.1,2,FLAIRax+SWIax,00101,2,Gliosis,11,3534,9393,0.7860865019526503,0.6870436069648147
0.1,2,FLAIRax+SWIax,00101,2,Cerebral atrophy,12,1310,9393,0.919666475583002,0.7111798355199865
0.1,2,FLAIRax+SWIax,00101,2,Encephalomalacia,13,236,9393,0.7577230904207766,0.1253708943826671
0.1,2,FLAIRax+SWIax,00101,2,Arachnoid cyst,14,389,9393,0.7001598261383972,0.10333609597902012
0.1,2,FLAIRax+SWIax,00101,2,Empty sella syndrome,15,351,9393,0.6731344261757886,0.07807570329173248
0.1,2,FLAIRax+SWIax,00101,2,Intracranial aneurysm,16,61,9393,0.6085810853541138,0.03150271000828906
0.1,2,FLAIRax+SWIax,00101,2,Chiari malformation,17,56,9393,0.6874474058660628,0.025759320952125853
0.1,2,FLAIRax+SWIax,00101,2,Schwannoma,18,38,9393,0.7210835747841008,0.010869354658365558
0.1,2,FLAIRax+SWIax,00101,2,Cyst of pineal gland,19,103,9393,0.6255823675107381,0.01835669757438562
0.1,2,FLAIRax+SWIax,00101,2,Hemangioma of vertebral column,20,31,9393,0.5307385380846387,0.0038976107598227613
0.1,2,FLAIRax+SWIax,00101,2,Cerebral edema,22,533,9393,0.9005198649833346,0.5173616496137419
0.1,2,FLAIRax+SWIax,00101,2,Spinal stenosis,23,43,9393,0.5953687352319362,0.008637582923742863
0.1,2,FLAIRax+SWIax,00101,2,Mastoiditis,24,265,9393,0.67947431084947,0.07827379114397533
0.1,2,FLAIRax+SWIax,00101,2,Chronic mastoiditis,25,211,9393,0.7703543198572109,0.06644167147550054
0.1,2,FLAIRax+SWIax,00101,2,Ventriculomegaly,26,889,9393,0.901285255029857,0.5608787941076028
0.1,2,FLAIRax+SWIax,00101,2,Cerebellar degeneration,27,351,9393,0.7858373490976898,0.1519317090016852
0.1,2,FLAIRax+SWIax,00101,2,Mega cisterna magna,28,104,9393,0.6908284819927624,0.027377301330460128
0.1,2,FLAIRax+SWIax,00101,2,Structure of cave of septum pellucidum,29,99,9393,0.6542452717404299,0.03394492877371394
0.1,2,FLAIRax+SWIax,00101,2,Hyperostosis of skull,30,34,9393,0.68942446088383,0.016370739481080733
0.1,2,FLAIRax+SWIax,00101,2,Watershed infarct,31,36,9393,0.8061997553821857,0.017917524052767825
0.1,2,FLAIRax+SWIax,00101,2,Foraminal Spinal Stenosis,33,60,9393,0.6473999071395408,0.01178274801240418
0.1,2,FLAIRax+SWIax,00101,2,Lipoma of brain,34,22,9393,0.45639351577885345,0.002152996507765276
0.1,2,FLAIRax+SWIax,00101,2,Glioma,35,66,9393,0.82151362450494,0.10287776879609123
0.1,2,FLAIRax+SWIax,00101,2,Pituitary adenoma,36,25,9393,0.5039197267292912,0.004369163291305039
0.1,2,FLAIRax+FLAIRsag,00110,2,Cerebral infarction,0,424,9393,0.8136976525011728,0.24942468751213392
0.1,2,FLAIRax+FLAIRsag,00110,2,Cerebral hemorrhage,1,294,9393,0.8278557933779074,0.19470055090113542
0.1,2,FLAIRax+FLAIRsag,00110,2,Metastatic malignant neoplasm to brain,2,373,9393,0.9085671994911516,0.31302985604811856
0.1,2,FLAIRax+FLAIRsag,00110,2,Intracranial meningioma,3,181,9393,0.726804216455596,0.06559790807716426
0.1,2,FLAIRax+FLAIRsag,00110,2,Demyelinating disease of central nervous system,4,250,9393,0.8047822377775347,0.2545043256994518
0.1,2,FLAIRax+FLAIRsag,00110,2,Herniation of nucleus pulposus,5,138,9393,0.7249759237075142,0.03260794701790795
0.1,2,FLAIRax+FLAIRsag,00110,2,Spinal cord compression,6,74,9393,0.5793801098018289,0.010163350259268955
0.1,2,FLAIRax+FLAIRsag,00110,2,Lacunar infarct,7,213,9393,0.8153789110845173,0.14076023271716834
0.1,2,FLAIRax+FLAIRsag,00110,2,Silent micro-hemorrhage of brain,8,195,9393,0.718662920032783,0.06873076060452074
0.1,2,FLAIRax+FLAIRsag,00110,2,Cavernous hemangioma,9,78,9393,0.49853558500901496,0.00859178718224368
0.1,2,FLAIRax+FLAIRsag,00110,2,Subdural intracranial hemorrhage,10,44,9393,0.8671296881533271,0.11285297955330498
0.1,2,FLAIRax+FLAIRsag,00110,2,Gliosis,11,3534,9393,0.7875145624109605,0.6823113518907526
0.1,2,FLAIRax+FLAIRsag,00110,2,Cerebral atrophy,12,1310,9393,0.9232575577996606,0.7245781484841628
0.1,2,FLAIRax+FLAIRsag,00110,2,Encephalomalacia,13,236,9393,0.7820341666928885,0.13940555551266048
0.1,2,FLAIRax+FLAIRsag,00110,2,Arachnoid cyst,14,389,9393,0.7228332680476771,0.11462993700504542
0.1,2,FLAIRax+FLAIRsag,00110,2,Empty sella syndrome,15,351,9393,0.7198644376259948,0.09169646608137266
0.1,2,FLAIRax+FLAIRsag,00110,2,Intracranial aneurysm,16,61,9393,0.6403332794614687,0.014279844051006877
0.1,2,FLAIRax+FLAIRsag,00110,2,Chiari malformation,17,56,9393,0.687915971786594,0.013467364750892906
0.1,2,FLAIRax+FLAIRsag,00110,2,Schwannoma,18,38,9393,0.7915468789558074,0.013695103143446213
0.1,2,FLAIRax+FLAIRsag,00110,2,Cyst of pineal gland,19,103,9393,0.6535443686185167,0.023741636635773493
0.1,2,FLAIRax+FLAIRsag,00110,2,Hemangioma of vertebral column,20,31,9393,0.5853450117496262,0.004662721858734196
0.1,2,FLAIRax+FLAIRsag,00110,2,Cerebral edema,22,533,9393,0.9047924986976904,0.5344144952889051
0.1,2,FLAIRax+FLAIRsag,00110,2,Spinal stenosis,23,43,9393,0.604112672553165,0.03240028223972856
0.1,2,FLAIRax+FLAIRsag,00110,2,Mastoiditis,24,265,9393,0.7177062490698328,0.07796540695274601
0.1,2,FLAIRax+FLAIRsag,00110,2,Chronic mastoiditis,25,211,9393,0.754495969344514,0.07755270646551025
0.1,2,FLAIRax+FLAIRsag,00110,2,Ventriculomegaly,26,889,9393,0.8974631933943347,0.5692275378605303
0.1,2,FLAIRax+FLAIRsag,00110,2,Cerebellar degeneration,27,351,9393,0.8171497557142325,0.16156336374470398
0.1,2,FLAIRax+FLAIRsag,00110,2,Mega cisterna magna,28,104,9393,0.740420845168396,0.038348091427409206
0.1,2,FLAIRax+FLAIRsag,00110,2,Structure of cave of septum pellucidum,29,99,9393,0.7084064227382496,0.040921047859847216
0.1,2,FLAIRax+FLAIRsag,00110,2,Hyperostosis of skull,30,34,9393,0.7306179016109061,0.026573171098684234
0.1,2,FLAIRax+FLAIRsag,00110,2,Watershed infarct,31,36,9393,0.8427677436975288,0.02493146361531505
0.1,2,FLAIRax+FLAIRsag,00110,2,Foraminal Spinal Stenosis,33,60,9393,0.7229026036644166,0.016897873755956066
0.1,2,FLAIRax+FLAIRsag,00110,2,Lipoma of brain,34,22,9393,0.5435482775681261,0.0026295421240157364
0.1,2,FLAIRax+FLAIRsag,00110,2,Glioma,35,66,9393,0.7487272207439463,0.04105861694932522
0.1,2,FLAIRax+FLAIRsag,00110,2,Pituitary adenoma,36,25,9393,0.5152263023057216,0.004689591693658018
0.1,2,T2ax+SWIax,01001,2,Cerebral infarction,0,424,9393,0.8001438918539119,0.20916338958518846
0.1,2,T2ax+SWIax,01001,2,Cerebral hemorrhage,1,294,9393,0.8165354942944317,0.19862633846046668
0.1,2,T2ax+SWIax,01001,2,Metastatic malignant neoplasm to brain,2,373,9393,0.8818398792079561,0.2704873370876321
0.1,2,T2ax+SWIax,01001,2,Intracranial meningioma,3,181,9393,0.7203347543319667,0.05056153619540529
0.1,2,T2ax+SWIax,01001,2,Demyelinating disease of central nervous system,4,250,9393,0.8238425024608991,0.21091397434174147
0.1,2,T2ax+SWIax,01001,2,Herniation of nucleus pulposus,5,138,9393,0.7062324321361739,0.03374221557180761
0.1,2,T2ax+SWIax,01001,2,Spinal cord compression,6,74,9393,0.6310545441890005,0.01134322498212759
0.1,2,T2ax+SWIax,01001,2,Lacunar infarct,7,213,9393,0.7933939877463766,0.1251890533305794
0.1,2,T2ax+SWIax,01001,2,Silent micro-hemorrhage of brain,8,195,9393,0.7583226007883541,0.11175372434542505
0.1,2,T2ax+SWIax,01001,2,Cavernous hemangioma,9,78,9393,0.6090135843759032,0.01860082710129659
0.1,2,T2ax+SWIax,01001,2,Subdural intracranial hemorrhage,10,44,9393,0.8436804130728615,0.03785631459278675
0.1,2,T2ax+SWIax,01001,2,Gliosis,11,3534,9393,0.7777007941675594,0.6836676423704569
0.1,2,T2ax+SWIax,01001,2,Cerebral atrophy,12,1310,9393,0.9185528387257018,0.7073896343110372
0.1,2,T2ax+SWIax,01001,2,Encephalomalacia,13,236,9393,0.7336366732498801,0.1016876358097438
0.1,2,T2ax+SWIax,01001,2,Arachnoid cyst,14,389,9393,0.6928674373800162,0.11550782465126733
0.1,2,T2ax+SWIax,01001,2,Empty sella syndrome,15,351,9393,0.6784584254170629,0.08038617576974261
0.1,2,T2ax+SWIax,01001,2,Intracranial aneurysm,16,61,9393,0.6785869878366699,0.018667376874831942
0.1,2,T2ax+SWIax,01001,2,Chiari malformation,17,56,9393,0.7359583224957543,0.032432665869845306
0.1,2,T2ax+SWIax,01001,2,Schwannoma,18,38,9393,0.6914793665082,0.007969629127326263
0.1,2,T2ax+SWIax,01001,2,Cyst of pineal gland,19,103,9393,0.6369893506954968,0.01717009802489223
0.1,2,T2ax+SWIax,01001,2,Hemangioma of vertebral column,20,31,9393,0.6505537140533797,0.011808126613798757
0.1,2,T2ax+SWIax,01001,2,Cerebral edema,22,533,9393,0.8818320423176448,0.45020565612550284
0.1,2,T2ax+SWIax,01001,2,Spinal stenosis,23,43,9393,0.6254993160054719,0.009972304679898299
0.1,2,T2ax+SWIax,01001,2,Mastoiditis,24,265,9393,0.7283709258677427,0.09298343169079984
0.1,2,T2ax+SWIax,01001,2,Chronic mastoiditis,25,211,9393,0.771866138261445,0.07295933774574337
0.1,2,T2ax+SWIax,01001,2,Ventriculomegaly,26,889,9393,0.8929367718969278,0.5529595432406295
0.1,2,T2ax+SWIax,01001,2,Cerebellar degeneration,27,351,9393,0.8122777465843158,0.18453609101268376
0.1,2,T2ax+SWIax,01001,2,Mega cisterna magna,28,104,9393,0.7657672019013392,0.0660255918464236
0.1,2,T2ax+SWIax,01001,2,Structure of cave of septum pellucidum,29,99,9393,0.6617128896018503,0.03576704399171062
0.1,2,T2ax+SWIax,01001,2,Hyperostosis of skull,30,34,9393,0.8001546168205502,0.05048849844076035
0.1,2,T2ax+SWIax,01001,2,Watershed infarct,31,36,9393,0.8214913374419626,0.0565205017593385
0.1,2,T2ax+SWIax,01001,2,Foraminal Spinal Stenosis,33,60,9393,0.6412782599378549,0.011250158715419309
0.1,2,T2ax+SWIax,01001,2,Lipoma of brain,34,22,9393,0.6432368719744667,0.003777749261574345
0.1,2,T2ax+SWIax,01001,2,Glioma,35,66,9393,0.8032788483094047,0.08136091012530906
0.1,2,T2ax+SWIax,01001,2,Pituitary adenoma,36,25,9393,0.4557771135781384,0.0036525952632578927
0.1,2,T2ax+FLAIRsag,01010,2,Cerebral infarction,0,424,9393,0.8075414898697189,0.2222620850651465
0.1,2,T2ax+FLAIRsag,01010,2,Cerebral hemorrhage,1,294,9393,0.8067310229949767,0.17698942419786567
0.1,2,T2ax+FLAIRsag,01010,2,Metastatic malignant neoplasm to brain,2,373,9393,0.890675175213853,0.27986607625407023
0.1,2,T2ax+FLAIRsag,01010,2,Intracranial meningioma,3,181,9393,0.7314234615910546,0.06636462547080225
0.1,2,T2ax+FLAIRsag,01010,2,Demyelinating disease of central nervous system,4,250,9393,0.818555397571913,0.23349053715605023
0.1,2,T2ax+FLAIRsag,01010,2,Herniation of nucleus pulposus,5,138,9393,0.7139697304238211,0.030874968959083336
0.1,2,T2ax+FLAIRsag,01010,2,Spinal cord compression,6,74,9393,0.5728212921581308,0.011231363240410679
0.1,2,T2ax+FLAIRsag,01010,2,Lacunar infarct,7,213,9393,0.8167699735084435,0.13870941066876402
0.1,2,T2ax+FLAIRsag,01010,2,Silent micro-hemorrhage of brain,8,195,9393,0.7217538929867697,0.060046834809871656
0.1,2,T2ax+FLAIRsag,01010,2,Cavernous hemangioma,9,78,9393,0.5076868023727927,0.008788595136754403
0.1,2,T2ax+FLAIRsag,01010,2,Subdural intracranial hemorrhage,10,44,9393,0.8634345919349663,0.07466459069595771
0.1,2,T2ax+FLAIRsag,01010,2,Gliosis,11,3534,9393,0.7804518232800176,0.6783858855416869
0.1,2,T2ax+FLAIRsag,01010,2,Cerebral atrophy,12,1310,9393,0.9224528342870202,0.7312134239963857
0.1,2,T2ax+FLAIRsag,01010,2,Encephalomalacia,13,236,9393,0.7562432555995877,0.11745068132919308
0.1,2,T2ax+FLAIRsag,01010,2,Arachnoid cyst,14,389,9393,0.7270881607603132,0.1306175708350314
0.1,2,T2ax+FLAIRsag,01010,2,Empty sella syndrome,15,351,9393,0.7346296579873223,0.09535426292723499
0.1,2,T2ax+FLAIRsag,01010,2,Intracranial aneurysm,16,61,9393,0.6685879013161131,0.014156020025955304
0.1,2,T2ax+FLAIRsag,01010,2,Chiari malformation,17,56,9393,0.7354476812680733,0.026203462398823277
0.1,2,T2ax+FLAIRsag,01010,2,Schwannoma,18,38,9393,0.7585164139638245,0.01210452621972316
0.1,2,T2ax+FLAIRsag,01010,2,Cyst of pineal gland,19,103,9393,0.6500266493881092,0.018450367057796117
0.1,2,T2ax+FLAIRsag,01010,2,Hemangioma of vertebral column,20,31,9393,0.6524005761107016,0.005632895913314893
0.1,2,T2ax+FLAIRsag,01010,2,Cerebral edema,22,533,9393,0.8892676997615608,0.4739941189581105
0.1,2,T2ax+FLAIRsag,01010,2,Spinal stenosis,23,43,9393,0.6283621440119388,0.014890510320701138
0.1,2,T2ax+FLAIRsag,01010,2,Mastoiditis,24,265,9393,0.728457328063764,0.09305706388688872
0.1,2,T2ax+FLAIRsag,01010,2,Chronic mastoiditis,25,211,9393,0.761413480527015,0.0861323230891301
0.1,2,T2ax+FLAIRsag,01010,2,Ventriculomegaly,26,889,9393,0.8961280180993368,0.5696264137706002
0.1,2,T2ax+FLAIRsag,01010,2,Cerebellar degeneration,27,351,9393,0.8236750183222203,0.18477326857256107
0.1,2,T2ax+FLAIRsag,01010,2,Mega cisterna magna,28,104,9393,0.7284619111107431,0.03640483502015659
0.1,2,T2ax+FLAIRsag,01010,2,Structure of cave of septum pellucidum,29,99,9393,0.6846906769437433,0.03385824288861147
0.1,2,T2ax+FLAIRsag,01010,2,Hyperostosis of skull,30,34,9393,0.742044461763763,0.032306973668455634
0.1,2,T2ax+FLAIRsag,01010,2,Watershed infarct,31,36,9393,0.8508781304549179,0.024977811141232903
0.1,2,T2ax+FLAIRsag,01010,2,Foraminal Spinal Stenosis,33,60,9393,0.667016679167113,0.010481433229128378
0.1,2,T2ax+FLAIRsag,01010,2,Lipoma of brain,34,22,9393,0.5329352645007324,0.003573972728640325
0.1,2,T2ax+FLAIRsag,01010,2,Glioma,35,66,9393,0.7590848985188001,0.04440663091667928
0.1,2,T2ax+FLAIRsag,01010,2,Pituitary adenoma,36,25,9393,0.5053714773697695,0.004368612396368701
0.1,2,T2ax+FLAIRax,01100,2,Cerebral infarction,0,424,9393,0.818566624663148,0.22955585452871308
0.1,2,T2ax+FLAIRax,01100,2,Cerebral hemorrhage,1,294,9393,0.8137748560243968,0.20828968456700342
0.1,2,T2ax+FLAIRax,01100,2,Metastatic malignant neoplasm to brain,2,373,9393,0.869514572918091,0.2464984540015228
0.1,2,T2ax+FLAIRax,01100,2,Intracranial meningioma,3,181,9393,0.7268857819370843,0.06265768391080849
0.1,2,T2ax+FLAIRax,01100,2,Demyelinating disease of central nervous system,4,250,9393,0.8529532976047249,0.29212862821037433
0.1,2,T2ax+FLAIRax,01100,2,Herniation of nucleus pulposus,5,138,9393,0.7025313383286746,0.02756463712039955
0.1,2,T2ax+FLAIRax,01100,2,Spinal cord compression,6,74,9393,0.5800732592233826,0.009881871461690632
0.1,2,T2ax+FLAIRax,01100,2,Lacunar infarct,7,213,9393,0.8119851279061442,0.14218019308528168
0.1,2,T2ax+FLAIRax,01100,2,Silent micro-hemorrhage of brain,8,195,9393,0.7319450716710991,0.07106465952356177
0.1,2,T2ax+FLAIRax,01100,2,Cavernous hemangioma,9,78,9393,0.4865229778273256,0.007747618037589254
0.1,2,T2ax+FLAIRax,01100,2,Subdural intracranial hemorrhage,10,44,9393,0.8070600647614231,0.08311857247694956
0.1,2,T2ax+FLAIRax,01100,2,Gliosis,11,3534,9393,0.7813925060077642,0.6861680283066085
0.1,2,T2ax+FLAIRax,01100,2,Cerebral atrophy,12,1310,9393,0.9223888039453267,0.7187705848513277
0.1,2,T2ax+FLAIRax,01100,2,Encephalomalacia,13,236,9393,0.7481222108491606,0.11725467296253389
0.1,2,T2ax+FLAIRax,01100,2,Arachnoid cyst,14,389,9393,0.7315437640397469,0.13909718526776876
0.1,2,T2ax+FLAIRax,01100,2,Empty sella syndrome,15,351,9393,0.7128481143079684,0.09489167912692664
0.1,2,T2ax+FLAIRax,01100,2,Intracranial aneurysm,16,61,9393,0.666757429047241,0.01903427458581383
0.1,2,T2ax+FLAIRax,01100,2,Chiari malformation,17,56,9393,0.7461768845912575,0.0352000403087
0.1,2,T2ax+FLAIRax,01100,2,Schwannoma,18,38,9393,0.7512616388646657,0.01093584032680746
0.1,2,T2ax+FLAIRax,01100,2,Cyst of pineal gland,19,103,9393,0.6645218263713984,0.01908621823784361
0.1,2,T2ax+FLAIRax,01100,2,Hemangioma of vertebral column,20,31,9393,0.5926601015774131,0.004955900161131327
0.1,2,T2ax+FLAIRax,01100,2,Cerebral edema,22,533,9393,0.8942052524362717,0.5097865149420278
0.1,2,T2ax+FLAIRax,01100,2,Spinal stenosis,23,43,9393,0.5653600298470339,0.030050551046117632
0.1,2,T2ax+FLAIRax,01100,2,Mastoiditis,24,265,9393,0.7616097266548708,0.10817813588792538
0.1,2,T2ax+FLAIRax,01100,2,Chronic mastoiditis,25,211,9393,0.7809453071690852,0.0755737748591702
0.1,2,T2ax+FLAIRax,01100,2,Ventriculomegaly,26,889,9393,0.8940260495424903,0.5554565669641075
0.1,2,T2ax+FLAIRax,01100,2,Cerebellar degeneration,27,351,9393,0.8292466747454581,0.17846325869114932
0.1,2,T2ax+FLAIRax,01100,2,Mega cisterna magna,28,104,9393,0.7342638521990446,0.052672518893804886
0.1,2,T2ax+FLAIRax,01100,2,Structure of cave of septum pellucidum,29,99,9393,0.7103529375963205,0.046732170925752194
0.1,2,T2ax+FLAIRax,01100,2,Hyperostosis of skull,30,34,9393,0.7353538273948322,0.058889986173833175
0.1,2,T2ax+FLAIRax,01100,2,Watershed infarct,31,36,9393,0.8337311341479344,0.022928210333568982
0.1,2,T2ax+FLAIRax,01100,2,Foraminal Spinal Stenosis,33,60,9393,0.6135701275045538,0.00896174261585749
0.1,2,T2ax+FLAIRax,01100,2,Lipoma of brain,34,22,9393,0.5151676836662431,0.0023892548728461716
0.1,2,T2ax+FLAIRax,01100,2,Glioma,35,66,9393,0.7693321117251641,0.04728985295748506
0.1,2,T2ax+FLAIRax,01100,2,Pituitary adenoma,36,25,9393,0.47251067463706237,0.003993877395717615
0.1,2,T1ax+SWIax,10001,2,Cerebral infarction,0,424,9393,0.7796955761669649,0.19241009398103046
0.1,2,T1ax+SWIax,10001,2,Cerebral hemorrhage,1,294,9393,0.8309020278074961,0.21851656145590495
0.1,2,T1ax+SWIax,10001,2,Metastatic malignant neoplasm to brain,2,373,9393,0.8776079965284176,0.2687851072927727
0.1,2,T1ax+SWIax,10001,2,Intracranial meningioma,3,181,9393,0.7417157059132574,0.05103525940693149
0.1,2,T1ax+SWIax,10001,2,Demyelinating disease of central nervous system,4,250,9393,0.8077278792518868,0.18734614359537505
0.1,2,T1ax+SWIax,10001,2,Herniation of nucleus pulposus,5,138,9393,0.7007195483835608,0.030214475489902543
0.1,2,T1ax+SWIax,10001,2,Spinal cord compression,6,74,9393,0.6392766304237492,0.015375111761309086
0.1,2,T1ax+SWIax,10001,2,Lacunar infarct,7,213,9393,0.7796424151298496,0.1226332105981959
0.1,2,T1ax+SWIax,10001,2,Silent micro-hemorrhage of brain,8,195,9393,0.7769986228890338,0.13119278093428455
0.1,2,T1ax+SWIax,10001,2,Cavernous hemangioma,9,78,9393,0.6050772809226915,0.01972835982986679
0.1,2,T1ax+SWIax,10001,2,Subdural intracranial hemorrhage,10,44,9393,0.8689918221686325,0.06057074374681194
0.1,2,T1ax+SWIax,10001,2,Gliosis,11,3534,9393,0.7775418041770708,0.6710060647038221
0.1,2,T1ax+SWIax,10001,2,Cerebral atrophy,12,1310,9393,0.9194399139462427,0.6981990905913458
0.1,2,T1ax+SWIax,10001,2,Encephalomalacia,13,236,9393,0.7324999583536167,0.09908485321561661
0.1,2,T1ax+SWIax,10001,2,Arachnoid cyst,14,389,9393,0.6798149694109102,0.08979242584804524
0.1,2,T1ax+SWIax,10001,2,Empty sella syndrome,15,351,9393,0.6842106258164653,0.07756227527178805
0.1,2,T1ax+SWIax,10001,2,Intracranial aneurysm,16,61,9393,0.6063430607182759,0.014961936113547002
0.1,2,T1ax+SWIax,10001,2,Chiari malformation,17,56,9393,0.6650040545295981,0.015401565177087788
0.1,2,T1ax+SWIax,10001,2,Schwannoma,18,38,9393,0.7128358041013813,0.008118865702187722
0.1,2,T1ax+SWIax,10001,2,Cyst of pineal gland,19,103,9393,0.6655919821919383,0.02224860374556922
0.1,2,T1ax+SWIax,10001,2,Hemangioma of vertebral column,20,31,9393,0.5963090323958901,0.006457407144125892
0.1,2,T1ax+SWIax,10001,2,Cerebral edema,22,533,9393,0.8753821166445733,0.44258211057145797
0.1,2,T1ax+SWIax,10001,2,Spinal stenosis,23,43,9393,0.6979629399328442,0.009825655101777062
0.1,2,T1ax+SWIax,10001,2,Mastoiditis,24,265,9393,0.6444648851553587,0.05763178689481307
0.1,2,T1ax+SWIax,10001,2,Chronic mastoiditis,25,211,9393,0.7874808635481949,0.07541634158211766
0.1,2,T1ax+SWIax,10001,2,Ventriculomegaly,26,889,9393,0.8918849278365133,0.5519421917380322
0.1,2,T1ax+SWIax,10001,2,Cerebellar degeneration,27,351,9393,0.8031887910233407,0.1818115360907727
0.1,2,T1ax+SWIax,10001,2,Mega cisterna magna,28,104,9393,0.6980268224616378,0.03312712848167379
0.1,2,T1ax+SWIax,10001,2,Structure of cave of septum pellucidum,29,99,9393,0.6282265304214949,0.05347358024882143
0.1,2,T1ax+SWIax,10001,2,Hyperostosis of skull,30,34,9393,0.7439614589291214,0.042930262825910594
0.1,2,T1ax+SWIax,10001,2,Watershed infarct,31,36,9393,0.8360555971168346,0.024778380795267795
0.1,2,T1ax+SWIax,10001,2,Foraminal Spinal Stenosis,33,60,9393,0.6958248508875318,0.012613374463078444
0.1,2,T1ax+SWIax,10001,2,Lipoma of brain,34,22,9393,0.6349133205925437,0.003922356880497604
0.1,2,T1ax+SWIax,10001,2,Glioma,35,66,9393,0.781455598116904,0.05047137542336797
0.1,2,T1ax+SWIax,10001,2,Pituitary adenoma,36,25,9393,0.590196413321947,0.003490868645526535
0.1,2,T1ax+FLAIRsag,10010,2,Cerebral infarction,0,424,9393,0.7930986605856232,0.205357954442889
0.1,2,T1ax+FLAIRsag,10010,2,Cerebral hemorrhage,1,294,9393,0.8199604053073036,0.1918616795715142
0.1,2,T1ax+FLAIRsag,10010,2,Metastatic malignant neoplasm to brain,2,373,9393,0.8905102156066649,0.25757209794121394
0.1,2,T1ax+FLAIRsag,10010,2,Intracranial meningioma,3,181,9393,0.7447354279668845,0.07380664106332832
0.1,2,T1ax+FLAIRsag,10010,2,Demyelinating disease of central nervous system,4,250,9393,0.78549841408728,0.2103284650936153
0.1,2,T1ax+FLAIRsag,10010,2,Herniation of nucleus pulposus,5,138,9393,0.7342760278423728,0.033217790589057106
0.1,2,T1ax+FLAIRsag,10010,2,Spinal cord compression,6,74,9393,0.6084358314747841,0.011800020981801895
0.1,2,T1ax+FLAIRsag,10010,2,Lacunar infarct,7,213,9393,0.7954872298423803,0.11545502299721225
0.1,2,T1ax+FLAIRsag,10010,2,Silent micro-hemorrhage of brain,8,195,9393,0.7241434871571858,0.06659182078068786
0.1,2,T1ax+FLAIRsag,10010,2,Cavernous hemangioma,9,78,9393,0.5144363240981599,0.010001709052982248
0.1,2,T1ax+FLAIRsag,10010,2,Subdural intracranial hemorrhage,10,44,9393,0.8628657415960871,0.06746399027712706
0.1,2,T1ax+FLAIRsag,10010,2,Gliosis,11,3534,9393,0.775874196223978,0.6675596657019137
0.1,2,T1ax+FLAIRsag,10010,2,Cerebral atrophy,12,1310,9393,0.9180820551662002,0.7185473387075626
0.1,2,T1ax+FLAIRsag,10010,2,Encephalomalacia,13,236,9393,0.7629659073451264,0.13238187260750714
0.1,2,T1ax+FLAIRsag,10010,2,Arachnoid cyst,14,389,9393,0.7153964133621276,0.11319042928728411
0.1,2,T1ax+FLAIRsag,10010,2,Empty sella syndrome,15,351,9393,0.7054215497037881,0.07704743853059869
0.1,2,T1ax+FLAIRsag,10010,2,Intracranial aneurysm,16,61,9393,0.6313355069459572,0.023269930544821557
0.1,2,T1ax+FLAIRsag,10010,2,Chiari malformation,17,56,9393,0.6878796340213283,0.015276728792391427
0.1,2,T1ax+FLAIRsag,10010,2,Schwannoma,18,38,9393,0.7531829306028298,0.011260136334402149
0.1,2,T1ax+FLAIRsag,10010,2,Cyst of pineal gland,19,103,9393,0.6351468851568132,0.01765500722575995
0.1,2,T1ax+FLAIRsag,10010,2,Hemangioma of vertebral column,20,31,9393,0.5995031389763699,0.0047786539718688015
0.1,2,T1ax+FLAIRsag,10010,2,Cerebral edema,22,533,9393,0.8941728535187764,0.4811194418057604
0.1,2,T1ax+FLAIRsag,10010,2,Spinal stenosis,23,43,9393,0.6690511130456411,0.010085551609456588
0.1,2,T1ax+FLAIRsag,10010,2,Mastoiditis,24,265,9393,0.6562296396739041,0.06259617952662677
0.1,2,T1ax+FLAIRsag,10010,2,Chronic mastoiditis,25,211,9393,0.7795171058974852,0.09703769610845675
0.1,2,T1ax+FLAIRsag,10010,2,Ventriculomegaly,26,889,9393,0.9025314098202445,0.5756674163016259
0.1,2,T1ax+FLAIRsag,10010,2,Cerebellar degeneration,27,351,9393,0.8243596990555627,0.17807387875153038
0.1,2,T1ax+FLAIRsag,10010,2,Mega cisterna magna,28,104,9393,0.6676569474233378,0.03414281082087013
0.1,2,T1ax+FLAIRsag,10010,2,Structure of cave of septum pellucidum,29,99,9393,0.6805139842583355,0.0416048253083436
0.1,2,T1ax+FLAIRsag,10010,2,Hyperostosis of skull,30,34,9393,0.7293985657090061,0.01798416923713841
0.1,2,T1ax+FLAIRsag,10010,2,Watershed infarct,31,36,9393,0.8618889007635401,0.024634587578132368
0.1,2,T1ax+FLAIRsag,10010,2,Foraminal Spinal Stenosis,33,60,9393,0.7450426800957176,0.013740092829225283
0.1,2,T1ax+FLAIRsag,10010,2,Lipoma of brain,34,22,9393,0.5694453876078036,0.003665072103529723
0.1,2,T1ax+FLAIRsag,10010,2,Glioma,35,66,9393,0.7616613221309265,0.035057594728268145
0.1,2,T1ax+FLAIRsag,10010,2,Pituitary adenoma,36,25,9393,0.5802433817250213,0.004120871494222505
0.1,2,T1ax+FLAIRax,10100,2,Cerebral infarction,0,424,9393,0.8051112111528809,0.2185557652202303
0.1,2,T1ax+FLAIRax,10100,2,Cerebral hemorrhage,1,294,9393,0.8220306036471079,0.20086010769860854
0.1,2,T1ax+FLAIRax,10100,2,Metastatic malignant neoplasm to brain,2,373,9393,0.8850023480736879,0.26976624193605314
0.1,2,T1ax+FLAIRax,10100,2,Intracranial meningioma,3,181,9393,0.7535115139273059,0.08223095216008014
0.1,2,T1ax+FLAIRax,10100,2,Demyelinating disease of central nervous system,4,250,9393,0.8283915563819316,0.2890704600900262
0.1,2,T1ax+FLAIRax,10100,2,Herniation of nucleus pulposus,5,138,9393,0.7136338367823112,0.03128738558102112
0.1,2,T1ax+FLAIRax,10100,2,Spinal cord compression,6,74,9393,0.6099961427249763,0.01104896322509272
0.1,2,T1ax+FLAIRax,10100,2,Lacunar infarct,7,213,9393,0.8054251434533124,0.13215469345129438
0.1,2,T1ax+FLAIRax,10100,2,Silent micro-hemorrhage of brain,8,195,9393,0.72946961714085,0.06356249851787109
0.1,2,T1ax+FLAIRax,10100,2,Cavernous hemangioma,9,78,9393,0.5495547572842259,0.010537926004944081
0.1,2,T1ax+FLAIRax,10100,2,Subdural intracranial hemorrhage,10,44,9393,0.7987631151605908,0.08874902761101229
0.1,2,T1ax+FLAIRax,10100,2,Gliosis,11,3534,9393,0.7831083856788076,0.6797386121636583
0.1,2,T1ax+FLAIRax,10100,2,Cerebral atrophy,12,1310,9393,0.9222766091873152,0.7214854349603033
0.1,2,T1ax+FLAIRax,10100,2,Encephalomalacia,13,236,9393,0.7656581146589716,0.1334610751550499
0.1,2,T1ax+FLAIRax,10100,2,Arachnoid cyst,14,389,9393,0.7305119461330526,0.10913164845506709
0.1,2,T1ax+FLAIRax,10100,2,Empty sella syndrome,15,351,9393,0.7079113551133015,0.08832908880784507
0.1,2,T1ax+FLAIRax,10100,2,Intracranial aneurysm,16,61,9393,0.6491184923373128,0.016218954261595142
0.1,2,T1ax+FLAIRax,10100,2,Chiari malformation,17,56,9393,0.7484929389984546,0.02160686513303324
0.1,2,T1ax+FLAIRax,10100,2,Schwannoma,18,38,9393,0.7341950547132128,0.00895920065177859
0.1,2,T1ax+FLAIRax,10100,2,Cyst of pineal gland,19,103,9393,0.5919874173085162,0.015792261804399632
0.1,2,T1ax+FLAIRax,10100,2,Hemangioma of vertebral column,20,31,9393,0.5599644410141202,0.003935566000772911
0.1,2,T1ax+FLAIRax,10100,2,Cerebral edema,22,533,9393,0.9012758397248843,0.4915974323117788
0.1,2,T1ax+FLAIRax,10100,2,Spinal stenosis,23,43,9393,0.6346150976246735,0.014746344843848343
0.1,2,T1ax+FLAIRax,10100,2,Mastoiditis,24,265,9393,0.6756957650521721,0.06057024568969834
0.1,2,T1ax+FLAIRax,10100,2,Chronic mastoiditis,25,211,9393,0.7977420277257895,0.10256347529184615
0.1,2,T1ax+FLAIRax,10100,2,Ventriculomegaly,26,889,9393,0.9010269236100895,0.5690224822469381
0.1,2,T1ax+FLAIRax,10100,2,Cerebellar degeneration,27,351,9393,0.8295018939787796,0.18524709792163102
0.1,2,T1ax+FLAIRax,10100,2,Mega cisterna magna,28,104,9393,0.707914448023717,0.04155595934334005
0.1,2,T1ax+FLAIRax,10100,2,Structure of cave of septum pellucidum,29,99,9393,0.7070185391683131,0.0450240417977045
0.1,2,T1ax+FLAIRax,10100,2,Hyperostosis of skull,30,34,9393,0.7563150914816188,0.035324394109885464
0.1,2,T1ax+FLAIRax,10100,2,Watershed infarct,31,36,9393,0.8435752199779131,0.020608717018774373
0.1,2,T1ax+FLAIRax,10100,2,Foraminal Spinal Stenosis,33,60,9393,0.7242205078752812,0.01406532670758731
0.1,2,T1ax+FLAIRax,10100,2,Lipoma of brain,34,22,9393,0.582808665030413,0.0030496287948615255
0.1,2,T1ax+FLAIRax,10100,2,Glioma,35,66,9393,0.7644895399800514,0.030642153682975175
0.1,2,T1ax+FLAIRax,10100,2,Pituitary adenoma,36,25,9393,0.5085567890691717,0.0028485238866145933
0.1,2,T1ax+T2ax,11000,2,Cerebral infarction,0,424,9393,0.8094334889356841,0.22595587212488646
0.1,2,T1ax+T2ax,11000,2,Cerebral hemorrhage,1,294,9393,0.7948746703868931,0.18987831383818016
0.1,2,T1ax+T2ax,11000,2,Metastatic malignant neoplasm to brain,2,373,9393,0.8647667084762486,0.2481217878172236
0.1,2,T1ax+T2ax,11000,2,Intracranial meningioma,3,181,9393,0.7265397283869466,0.05765487304558595
0.1,2,T1ax+T2ax,11000,2,Demyelinating disease of central nervous system,4,250,9393,0.8253116045061795,0.2608919381794125
0.1,2,T1ax+T2ax,11000,2,Herniation of nucleus pulposus,5,138,9393,0.6981122620753373,0.034200939763509394
0.1,2,T1ax+T2ax,11000,2,Spinal cord compression,6,74,9393,0.5972649599916474,0.011507684103237265
0.1,2,T1ax+T2ax,11000,2,Lacunar infarct,7,213,9393,0.8141867910440127,0.13502333186203466
0.1,2,T1ax+T2ax,11000,2,Silent micro-hemorrhage of brain,8,195,9393,0.7235764742614057,0.06436782613944994
0.1,2,T1ax+T2ax,11000,2,Cavernous hemangioma,9,78,9393,0.5297989182047154,0.009374511541388013
0.1,2,T1ax+T2ax,11000,2,Subdural intracranial hemorrhage,10,44,9393,0.8188406149418023,0.030762285998264745
0.1,2,T1ax+T2ax,11000,2,Gliosis,11,3534,9393,0.7804687268330768,0.6778257672039139
0.1,2,T1ax+T2ax,11000,2,Cerebral atrophy,12,1310,9393,0.9162910943994228,0.7075945213862125
0.1,2,T1ax+T2ax,11000,2,Encephalomalacia,13,236,9393,0.7448247427641722,0.09898001200091008
0.1,2,T1ax+T2ax,11000,2,Arachnoid cyst,14,389,9393,0.6954321358459364,0.11559296447815502
0.1,2,T1ax+T2ax,11000,2,Empty sella syndrome,15,351,9393,0.7127828916150084,0.08402246755847456
0.1,2,T1ax+T2ax,11000,2,Intracranial aneurysm,16,61,9393,0.7207036602418613,0.017827559713255777
0.1,2,T1ax+T2ax,11000,2,Chiari malformation,17,56,9393,0.7308939855260944,0.026091134713177214
0.1,2,T1ax+T2ax,11000,2,Schwannoma,18,38,9393,0.7260147964781005,0.011110630286109507
0.1,2,T1ax+T2ax,11000,2,Cyst of pineal gland,19,103,9393,0.6262898826381849,0.01891487331221834
0.1,2,T1ax+T2ax,11000,2,Hemangioma of vertebral column,20,31,9393,0.6237569860313829,0.006081817373334169
0.1,2,T1ax+T2ax,11000,2,Cerebral edema,22,533,9393,0.882707871878163,0.45687353003551734
0.1,2,T1ax+T2ax,11000,2,Spinal stenosis,23,43,9393,0.6580077104837707,0.01817333694876439
0.1,2,T1ax+T2ax,11000,2,Mastoiditis,24,265,9393,0.6898301721429398,0.07371532077235934
0.1,2,T1ax+T2ax,11000,2,Chronic mastoiditis,25,211,9393,0.8088615579007351,0.10789568359631908
0.1,2,T1ax+T2ax,11000,2,Ventriculomegaly,26,889,9393,0.8962503716903683,0.5649624163361788
0.1,2,T1ax+T2ax,11000,2,Cerebellar degeneration,27,351,9393,0.8233189717374633,0.19504655911974
0.1,2,T1ax+T2ax,11000,2,Mega cisterna magna,28,104,9393,0.7493582152587427,0.053117664642961124
0.1,2,T1ax+T2ax,11000,2,Structure of cave of septum pellucidum,29,99,9393,0.7442055589247326,0.03713095947437436
0.1,2,T1ax+T2ax,11000,2,Hyperostosis of skull,30,34,9393,0.7444077107282704,0.05533740958958797
0.1,2,T1ax+T2ax,11000,2,Watershed infarct,31,36,9393,0.8629041834396115,0.031011681809653417
0.1,2,T1ax+T2ax,11000,2,Foraminal Spinal Stenosis,33,60,9393,0.6273366905960926,0.009897783345476682
0.1,2,T1ax+T2ax,11000,2,Lipoma of brain,34,22,9393,0.6326820655600935,0.003281777792316834
0.1,2,T1ax+T2ax,11000,2,Glioma,35,66,9393,0.7858823032512321,0.03958485735511187
0.1,2,T1ax+T2ax,11000,2,Pituitary adenoma,36,25,9393,0.5466951323654996,0.0033861763547290303
0.1,2,FLAIRax+FLAIRsag+SWIax,00111,3,Cerebral infarction,0,424,9393,0.8111485157471122,0.2568947713521359
0.1,2,FLAIRax+FLAIRsag+SWIax,00111,3,Cerebral hemorrhage,1,294,9393,0.8426204419563188,0.22489980074628668
0.1,2,FLAIRax+FLAIRsag+SWIax,00111,3,Metastatic malignant neoplasm to brain,2,373,9393,0.9142938242689763,0.32789724629404593
0.1,2,FLAIRax+FLAIRsag+SWIax,00111,3,Intracranial meningioma,3,181,9393,0.7302965385049048,0.0645437088401786
0.1,2,FLAIRax+FLAIRsag+SWIax,00111,3,Demyelinating disease of central nervous system,4,250,9393,0.8157073170731708,0.2534667940086197
0.1,2,FLAIRax+FLAIRsag+SWIax,00111,3,Herniation of nucleus pulposus,5,138,9393,0.7029157760395869,0.034413331041198834
0.1,2,FLAIRax+FLAIRsag+SWIax,00111,3,Spinal cord compression,6,74,9393,0.596389822594351,0.010961738928259801
0.1,2,FLAIRax+FLAIRsag+SWIax,00111,3,Lacunar infarct,7,213,9393,0.8312037804167051,0.14080579146938174
0.1,2,FLAIRax+FLAIRsag+SWIax,00111,3,Silent micro-hemorrhage of brain,8,195,9393,0.7625509447427256,0.14459917759477672
0.1,2,FLAIRax+FLAIRsag+SWIax,00111,3,Cavernous hemangioma,9,78,9393,0.5707268398089654,0.017742356033104086
0.1,2,FLAIRax+FLAIRsag+SWIax,00111,3,Subdural intracranial hemorrhage,10,44,9393,0.8818225575900194,0.11484935314996896
0.1,2,FLAIRax+FLAIRsag+SWIax,00111,3,Gliosis,11,3534,9393,0.7894646045877403,0.6836432320685674
0.1,2,FLAIRax+FLAIRsag+SWIax,00111,3,Cerebral atrophy,12,1310,9393,0.9215933355558221,0.71986733960842
0.1,2,FLAIRax+FLAIRsag+SWIax,00111,3,Encephalomalacia,13,236,9393,0.7752895349117004,0.15055136735224428
0.1,2,FLAIRax+FLAIRsag+SWIax,00111,3,Arachnoid cyst,14,389,9393,0.7083455624977874,0.11059291123854281
0.1,2,FLAIRax+FLAIRsag+SWIax,00111,3,Empty sella syndrome,15,351,9393,0.7078833125061835,0.08462251556369373
0.1,2,FLAIRax+FLAIRsag+SWIax,00111,3,Intracranial aneurysm,16,61,9393,0.6293434190832882,0.03151954916279753
0.1,2,FLAIRax+FLAIRsag+SWIax,00111,3,Chiari malformation,17,56,9393,0.663693982466072,0.018934395993835354
0.1,2,FLAIRax+FLAIRsag+SWIax,00111,3,Schwannoma,18,38,9393,0.7507609215449098,0.01140023962204268
0.1,2,FLAIRax+FLAIRsag+SWIax,00111,3,Cyst of pineal gland,19,103,9393,0.6459304816746265,0.01995954106554497
0.1,2,FLAIRax+FLAIRsag+SWIax,00111,3,Hemangioma of vertebral column,20,31,9393,0.5633962966280985,0.004703373822954283
0.1,2,FLAIRax+FLAIRsag+SWIax,00111,3,Cerebral edema,22,533,9393,0.9054150661319079,0.5331687828033181
0.1,2,FLAIRax+FLAIRsag+SWIax,00111,3,Spinal stenosis,23,43,9393,0.6332694938440493,0.012259670275373526
0.1,2,FLAIRax+FLAIRsag+SWIax,00111,3,Mastoiditis,24,265,9393,0.7215474261240554,0.07845081871611212
0.1,2,FLAIRax+FLAIRsag+SWIax,00111,3,Chronic mastoiditis,25,211,9393,0.7642445914683685,0.07072188321025762
0.1,2,FLAIRax+FLAIRsag+SWIax,00111,3,Ventriculomegaly,26,889,9393,0.904538273261468,0.5721128926043497
0.1,2,FLAIRax+FLAIRsag+SWIax,00111,3,Cerebellar degeneration,27,351,9393,0.7993875998742178,0.15379350809693676
0.1,2,FLAIRax+FLAIRsag+SWIax,00111,3,Mega cisterna magna,28,104,9393,0.7174501271147843,0.03274115712436941
0.1,2,FLAIRax+FLAIRsag+SWIax,00111,3,Structure of cave of septum pellucidum,29,99,9393,0.6969349183681011,0.044500095999338476
0.1,2,FLAIRax+FLAIRsag+SWIax,00111,3,Hyperostosis of skull,30,34,9393,0.7206369458778276,0.01182704899587413
0.1,2,FLAIRax+FLAIRsag+SWIax,00111,3,Watershed infarct,31,36,9393,0.8044155890420719,0.019088689408266947
0.1,2,FLAIRax+FLAIRsag+SWIax,00111,3,Foraminal Spinal Stenosis,33,60,9393,0.6674452659023536,0.014631496062932127
0.1,2,FLAIRax+FLAIRsag+SWIax,00111,3,Lipoma of brain,34,22,9393,0.49619231478157955,0.002412253935197084
0.1,2,FLAIRax+FLAIRsag+SWIax,00111,3,Glioma,35,66,9393,0.7845469815556658,0.0745338132241696
0.1,2,FLAIRax+FLAIRsag+SWIax,00111,3,Pituitary adenoma,36,25,9393,0.5591204099060632,0.0047306197755434785
0.1,2,T2ax+FLAIRsag+SWIax,01011,3,Cerebral infarction,0,424,9393,0.8033243961906525,0.24824113787894794
0.1,2,T2ax+FLAIRsag+SWIax,01011,3,Cerebral hemorrhage,1,294,9393,0.8173885446034662,0.20167689469807176
0.1,2,T2ax+FLAIRsag+SWIax,01011,3,Metastatic malignant neoplasm to brain,2,373,9393,0.9024818247207574,0.31805838053857044
0.1,2,T2ax+FLAIRsag+SWIax,01011,3,Intracranial meningioma,3,181,9393,0.7137531396712911,0.05826851034948258
0.1,2,T2ax+FLAIRsag+SWIax,01011,3,Demyelinating disease of central nervous system,4,250,9393,0.8133964781800285,0.22660288401985482
0.1,2,T2ax+FLAIRsag+SWIax,01011,3,Herniation of nucleus pulposus,5,138,9393,0.7079025047173876,0.03247465155469661
0.1,2,T2ax+FLAIRsag+SWIax,01011,3,Spinal cord compression,6,74,9393,0.6082067151387893,0.01082006460870719
0.1,2,T2ax+FLAIRsag+SWIax,01011,3,Lacunar infarct,7,213,9393,0.8068826904783823,0.1396467279224173
0.1,2,T2ax+FLAIRsag+SWIax,01011,3,Silent micro-hemorrhage of brain,8,195,9393,0.7455394427997168,0.10907054278690848
0.1,2,T2ax+FLAIRsag+SWIax,01011,3,Cavernous hemangioma,9,78,9393,0.5664354432470373,0.017321401125985167
0.1,2,T2ax+FLAIRsag+SWIax,01011,3,Subdural intracranial hemorrhage,10,44,9393,0.8641736111786384,0.06702543687273019
0.1,2,T2ax+FLAIRsag+SWIax,01011,3,Gliosis,11,3534,9393,0.7827422064236786,0.6821919947107415
0.1,2,T2ax+FLAIRsag+SWIax,01011,3,Cerebral atrophy,12,1310,9393,0.9205358905175598,0.7192379999908144
0.1,2,T2ax+FLAIRsag+SWIax,01011,3,Encephalomalacia,13,236,9393,0.7662238113659459,0.13074350214159242
0.1,2,T2ax+FLAIRsag+SWIax,01011,3,Arachnoid cyst,14,389,9393,0.7072949012092882,0.11316643644348834
0.1,2,T2ax+FLAIRsag+SWIax,01011,3,Empty sella syndrome,15,351,9393,0.7099772130185755,0.09296271288973772
0.1,2,T2ax+FLAIRsag+SWIax,01011,3,Intracranial aneurysm,16,61,9393,0.6428998053586109,0.02238501462884652
0.1,2,T2ax+FLAIRsag+SWIax,01011,3,Chiari malformation,17,56,9393,0.6951835248397313,0.02687507327671803
0.1,2,T2ax+FLAIRsag+SWIax,01011,3,Schwannoma,18,38,9393,0.7376916368955526,0.010778466865556655
0.1,2,T2ax+FLAIRsag+SWIax,01011,3,Cyst of pineal gland,19,103,9393,0.6256711988044352,0.01739744529336913
0.1,2,T2ax+FLAIRsag+SWIax,01011,3,Hemangioma of vertebral column,20,31,9393,0.6544541764580217,0.006360196200529428
0.1,2,T2ax+FLAIRsag+SWIax,01011,3,Cerebral edema,22,533,9393,0.8924074301517454,0.48582452796949266
0.1,2,T2ax+FLAIRsag+SWIax,01011,3,Spinal stenosis,23,43,9393,0.6497276458151972,0.010617143064632531
0.1,2,T2ax+FLAIRsag+SWIax,01011,3,Mastoiditis,24,265,9393,0.7339709457113093,0.09697508137143941
0.1,2,T2ax+FLAIRsag+SWIax,01011,3,Chronic mastoiditis,25,211,9393,0.7619291195115934,0.07232406139820947
0.1,2,T2ax+FLAIRsag+SWIax,01011,3,Ventriculomegaly,26,889,9393,0.8980957283914298,0.5642118236512579
0.1,2,T2ax+FLAIRsag+SWIax,01011,3,Cerebellar degeneration,27,351,9393,0.8060708778470336,0.16548295460893497
0.1,2,T2ax+FLAIRsag+SWIax,01011,3,Mega cisterna magna,28,104,9393,0.7216672739468519,0.04341868794220433
0.1,2,T2ax+FLAIRsag+SWIax,01011,3,Structure of cave of septum pellucidum,29,99,9393,0.7074869634585581,0.031530319179568264
0.1,2,T2ax+FLAIRsag+SWIax,01011,3,Hyperostosis of skull,30,34,9393,0.7625594740514007,0.022851865509511127
0.1,2,T2ax+FLAIRsag+SWIax,01011,3,Watershed infarct,31,36,9393,0.80462933276335,0.07302891562729304
0.1,2,T2ax+FLAIRsag+SWIax,01011,3,Foraminal Spinal Stenosis,33,60,9393,0.6286349512482589,0.010203326809975894
0.1,2,T2ax+FLAIRsag+SWIax,01011,3,Lipoma of brain,34,22,9393,0.5978453837273601,0.003386903538997281
0.1,2,T2ax+FLAIRsag+SWIax,01011,3,Glioma,35,66,9393,0.7867059140780595,0.06334075729868376
0.1,2,T2ax+FLAIRsag+SWIax,01011,3,Pituitary adenoma,36,25,9393,0.5467036720751495,0.0045545780395928066
0.1,2,T2ax+FLAIRax+SWIax,01101,3,Cerebral infarction,0,424,9393,0.8184653849633011,0.23423853734766475
0.1,2,T2ax+FLAIRax+SWIax,01101,3,Cerebral hemorrhage,1,294,9393,0.8164768050312772,0.21751035040336072
0.1,2,T2ax+FLAIRax+SWIax,01101,3,Metastatic malignant neoplasm to brain,2,373,9393,0.8885827146109628,0.28696875171807146
0.1,2,T2ax+FLAIRax+SWIax,01101,3,Intracranial meningioma,3,181,9393,0.7418152637803682,0.06149727967859786
0.1,2,T2ax+FLAIRax+SWIax,01101,3,Demyelinating disease of central nervous system,4,250,9393,0.84413956031937,0.2776394771607537
0.1,2,T2ax+FLAIRax+SWIax,01101,3,Herniation of nucleus pulposus,5,138,9393,0.7023160218918094,0.02981678178636781
0.1,2,T2ax+FLAIRax+SWIax,01101,3,Spinal cord compression,6,74,9393,0.602473006325351,0.011330475572727023
0.1,2,T2ax+FLAIRax+SWIax,01101,3,Lacunar infarct,7,213,9393,0.8205248192130269,0.140015613207531
0.1,2,T2ax+FLAIRax+SWIax,01101,3,Silent micro-hemorrhage of brain,8,195,9393,0.7841757684223439,0.1142559276241317
0.1,2,T2ax+FLAIRax+SWIax,01101,3,Cavernous hemangioma,9,78,9393,0.5686843662689074,0.0126294128576291
0.1,2,T2ax+FLAIRax+SWIax,01101,3,Subdural intracranial hemorrhage,10,44,9393,0.8606681317399041,0.0660724442220767
0.1,2,T2ax+FLAIRax+SWIax,01101,3,Gliosis,11,3534,9393,0.7867758771422718,0.6930855553582688
0.1,2,T2ax+FLAIRax+SWIax,01101,3,Cerebral atrophy,12,1310,9393,0.9227147164957459,0.717126439601579
0.1,2,T2ax+FLAIRax+SWIax,01101,3,Encephalomalacia,13,236,9393,0.7387684331520019,0.12124458897541346
0.1,2,T2ax+FLAIRax+SWIax,01101,3,Arachnoid cyst,14,389,9393,0.710224476068334,0.124199894026779
0.1,2,T2ax+FLAIRax+SWIax,01101,3,Empty sella syndrome,15,351,9393,0.6927147827391136,0.08959333708677161
0.1,2,T2ax+FLAIRax+SWIax,01101,3,Intracranial aneurysm,16,61,9393,0.6242946884683759,0.020146601287502227
0.1,2,T2ax+FLAIRax+SWIax,01101,3,Chiari malformation,17,56,9393,0.7156091739469699,0.03078039869328543
0.1,2,T2ax+FLAIRax+SWIax,01101,3,Schwannoma,18,38,9393,0.73838645250218,0.010994104886321018
0.1,2,T2ax+FLAIRax+SWIax,01101,3,Cyst of pineal gland,19,103,9393,0.6360393783899589,0.018744082481391082
0.1,2,T2ax+FLAIRax+SWIax,01101,3,Hemangioma of vertebral column,20,31,9393,0.5590823576434591,0.006305747035705307
0.1,2,T2ax+FLAIRax+SWIax,01101,3,Cerebral edema,22,533,9393,0.8944847725087774,0.5159628084573216
0.1,2,T2ax+FLAIRax+SWIax,01101,3,Spinal stenosis,23,43,9393,0.5650192762094267,0.009696199757077856
0.1,2,T2ax+FLAIRax+SWIax,01101,3,Mastoiditis,24,265,9393,0.7430258131728208,0.10750854569763205
0.1,2,T2ax+FLAIRax+SWIax,01101,3,Chronic mastoiditis,25,211,9393,0.7850941621821389,0.08273074401218798
0.1,2,T2ax+FLAIRax+SWIax,01101,3,Ventriculomegaly,26,889,9393,0.9004778536032009,0.5622251900710766
0.1,2,T2ax+FLAIRax+SWIax,01101,3,Cerebellar degeneration,27,351,9393,0.8151425037069806,0.17424895395634307
0.1,2,T2ax+FLAIRax+SWIax,01101,3,Mega cisterna magna,28,104,9393,0.7407500186324603,0.04394651636790975
0.1,2,T2ax+FLAIRax+SWIax,01101,3,Structure of cave of septum pellucidum,29,99,9393,0.6927310549001963,0.046682188311468927
0.1,2,T2ax+FLAIRax+SWIax,01101,3,Hyperostosis of skull,30,34,9393,0.7368182875244339,0.03811747196230369
0.1,2,T2ax+FLAIRax+SWIax,01101,3,Watershed infarct,31,36,9393,0.7966347238549867,0.03121867134611765
0.1,2,T2ax+FLAIRax+SWIax,01101,3,Foraminal Spinal Stenosis,33,60,9393,0.5981713632629736,0.009398847782925357
0.1,2,T2ax+FLAIRax+SWIax,01101,3,Lipoma of brain,34,22,9393,0.5274492874535559,0.00251730951239792
0.1,2,T2ax+FLAIRax+SWIax,01101,3,Glioma,35,66,9393,0.8084755564652638,0.11952804539438602
0.1,2,T2ax+FLAIRax+SWIax,01101,3,Pituitary adenoma,36,25,9393,0.47903928266438944,0.0038885174273517393
0.1,2,T2ax+FLAIRax+FLAIRsag,01110,3,Cerebral infarction,0,424,9393,0.817955242060178,0.25138435080346666
0.1,2,T2ax+FLAIRax+FLAIRsag,01110,3,Cerebral hemorrhage,1,294,9393,0.822195830744651,0.20014610408942668
0.1,2,T2ax+FLAIRax+FLAIRsag,01110,3,Metastatic malignant neoplasm to brain,2,373,9393,0.8990482870951059,0.3003698793490376
0.1,2,T2ax+FLAIRax+FLAIRsag,01110,3,Intracranial meningioma,3,181,9393,0.7353242107939918,0.0613170594701258
0.1,2,T2ax+FLAIRax+FLAIRsag,01110,3,Demyelinating disease of central nervous system,4,250,9393,0.8386980203434321,0.27653662478767027
0.1,2,T2ax+FLAIRax+FLAIRsag,01110,3,Herniation of nucleus pulposus,5,138,9393,0.7159177569508061,0.03182915359870846
0.1,2,T2ax+FLAIRax+FLAIRsag,01110,3,Spinal cord compression,6,74,9393,0.5604403093940598,0.009655597031183587
0.1,2,T2ax+FLAIRax+FLAIRsag,01110,3,Lacunar infarct,7,213,9393,0.8147590700338561,0.1407037314069428
0.1,2,T2ax+FLAIRax+FLAIRsag,01110,3,Silent micro-hemorrhage of brain,8,195,9393,0.715301542698803,0.0674946094283107
0.1,2,T2ax+FLAIRax+FLAIRsag,01110,3,Cavernous hemangioma,9,78,9393,0.49613939469011936,0.00834411370434383
0.1,2,T2ax+FLAIRax+FLAIRsag,01110,3,Subdural intracranial hemorrhage,10,44,9393,0.8551036085531754,0.09821086588736881
0.1,2,T2ax+FLAIRax+FLAIRsag,01110,3,Gliosis,11,3534,9393,0.7873657145523074,0.6874041844509453
0.1,2,T2ax+FLAIRax+FLAIRsag,01110,3,Cerebral atrophy,12,1310,9393,0.9249871325456405,0.7326263152499961
0.1,2,T2ax+FLAIRax+FLAIRsag,01110,3,Encephalomalacia,13,236,9393,0.7615337344959767,0.1295660101104221
0.1,2,T2ax+FLAIRax+FLAIRsag,01110,3,Arachnoid cyst,14,389,9393,0.7370760096341072,0.13720972494139028
0.1,2,T2ax+FLAIRax+FLAIRsag,01110,3,Empty sella syndrome,15,351,9393,0.7422884405852775,0.09755361372524023
0.1,2,T2ax+FLAIRax+FLAIRsag,01110,3,Intracranial aneurysm,16,61,9393,0.6642787377119448,0.018701159517605176
0.1,2,T2ax+FLAIRax+FLAIRsag,01110,3,Chiari malformation,17,56,9393,0.7177416270138772,0.025855467539830944
0.1,2,T2ax+FLAIRax+FLAIRsag,01110,3,Schwannoma,18,38,9393,0.7827618217108778,0.013790786315112106
0.1,2,T2ax+FLAIRax+FLAIRsag,01110,3,Cyst of pineal gland,19,103,9393,0.6694974238924829,0.020285130052386174
0.1,2,T2ax+FLAIRax+FLAIRsag,01110,3,Hemangioma of vertebral column,20,31,9393,0.6000854518265327,0.00480912636086815
0.1,2,T2ax+FLAIRax+FLAIRsag,01110,3,Cerebral edema,22,533,9393,0.9011951600675931,0.5262151636173722
0.1,2,T2ax+FLAIRax+FLAIRsag,01110,3,Spinal stenosis,23,43,9393,0.5751896530282302,0.03323896340954315
0.1,2,T2ax+FLAIRax+FLAIRsag,01110,3,Mastoiditis,24,265,9393,0.7639777255965472,0.09895958447543055
0.1,2,T2ax+FLAIRax+FLAIRsag,01110,3,Chronic mastoiditis,25,211,9393,0.7675944383251386,0.08909723098364651
0.1,2,T2ax+FLAIRax+FLAIRsag,01110,3,Ventriculomegaly,26,889,9393,0.899910066803738,0.5675573937042273
0.1,2,T2ax+FLAIRax+FLAIRsag,01110,3,Cerebellar degeneration,27,351,9393,0.8368005338808259,0.18150104019305197
0.1,2,T2ax+FLAIRax+FLAIRsag,01110,3,Mega cisterna magna,28,104,9393,0.7490725175352153,0.04286087533585094
0.1,2,T2ax+FLAIRax+FLAIRsag,01110,3,Structure of cave of septum pellucidum,29,99,9393,0.7126428911451508,0.04094743720265399
0.1,2,T2ax+FLAIRax+FLAIRsag,01110,3,Hyperostosis of skull,30,34,9393,0.7422675876633376,0.039437384120554274
0.1,2,T2ax+FLAIRax+FLAIRsag,01110,3,Watershed infarct,31,36,9393,0.8524812083645044,0.029474006863533804
0.1,2,T2ax+FLAIRax+FLAIRsag,01110,3,Foraminal Spinal Stenosis,33,60,9393,0.6555841280045717,0.010271559339300101
0.1,2,T2ax+FLAIRax+FLAIRsag,01110,3,Lipoma of brain,34,22,9393,0.5151773847750798,0.002458494953677235
0.1,2,T2ax+FLAIRax+FLAIRsag,01110,3,Glioma,35,66,9393,0.7460240877738465,0.04444405432288293
0.1,2,T2ax+FLAIRax+FLAIRsag,01110,3,Pituitary adenoma,36,25,9393,0.5092228864218616,0.004202035834116655
0.1,2,T1ax+FLAIRsag+SWIax,10011,3,Cerebral infarction,0,424,9393,0.7959822827895665,0.22992828209110544
0.1,2,T1ax+FLAIRsag+SWIax,10011,3,Cerebral hemorrhage,1,294,9393,0.8318066648573926,0.22202786176821762
0.1,2,T1ax+FLAIRsag+SWIax,10011,3,Metastatic malignant neoplasm to brain,2,373,9393,0.8995187935062388,0.2921742771924708
0.1,2,T1ax+FLAIRsag+SWIax,10011,3,Intracranial meningioma,3,181,9393,0.7403230952660833,0.06850128708960668
0.1,2,T1ax+FLAIRsag+SWIax,10011,3,Demyelinating disease of central nervous system,4,250,9393,0.8010386087717379,0.19713669975953418
0.1,2,T1ax+FLAIRsag+SWIax,10011,3,Herniation of nucleus pulposus,5,138,9393,0.7066748095428246,0.031419160465309556
0.1,2,T1ax+FLAIRsag+SWIax,10011,3,Spinal cord compression,6,74,9393,0.6264403151944734,0.0131066487381278
0.1,2,T1ax+FLAIRsag+SWIax,10011,3,Lacunar infarct,7,213,9393,0.8106411161230272,0.1347819243503086
0.1,2,T1ax+FLAIRsag+SWIax,10011,3,Silent micro-hemorrhage of brain,8,195,9393,0.7750229983106696,0.1304968835478169
0.1,2,T1ax+FLAIRsag+SWIax,10011,3,Cavernous hemangioma,9,78,9393,0.5818641011877728,0.0194065917555619
0.1,2,T1ax+FLAIRsag+SWIax,10011,3,Subdural intracranial hemorrhage,10,44,9393,0.8816232168729762,0.1012723494266401
0.1,2,T1ax+FLAIRsag+SWIax,10011,3,Gliosis,11,3534,9393,0.7811742328419036,0.6720279222856058
0.1,2,T1ax+FLAIRsag+SWIax,10011,3,Cerebral atrophy,12,1310,9393,0.9197984083077008,0.7130421459287154
0.1,2,T1ax+FLAIRsag+SWIax,10011,3,Encephalomalacia,13,236,9393,0.7451616157315973,0.11965631087115271
0.1,2,T1ax+FLAIRsag+SWIax,10011,3,Arachnoid cyst,14,389,9393,0.6923335415622192,0.09927315382136212
0.1,2,T1ax+FLAIRsag+SWIax,10011,3,Empty sella syndrome,15,351,9393,0.7072203726704943,0.08279961744324175
0.1,2,T1ax+FLAIRsag+SWIax,10011,3,Intracranial aneurysm,16,61,9393,0.6323737114669777,0.021703974706704703
0.1,2,T1ax+FLAIRsag+SWIax,10011,3,Chiari malformation,17,56,9393,0.67123119998776,0.016561487440838824
0.1,2,T1ax+FLAIRsag+SWIax,10011,3,Schwannoma,18,38,9393,0.7202143520211539,0.00893968349888499
0.1,2,T1ax+FLAIRsag+SWIax,10011,3,Cyst of pineal gland,19,103,9393,0.6641727716408707,0.020335653810135294
0.1,2,T1ax+FLAIRsag+SWIax,10011,3,Hemangioma of vertebral column,20,31,9393,0.6138611132167788,0.012731059206763817
0.1,2,T1ax+FLAIRsag+SWIax,10011,3,Cerebral edema,22,533,9393,0.8962194910193588,0.49037031716199564
0.1,2,T1ax+FLAIRsag+SWIax,10011,3,Spinal stenosis,23,43,9393,0.6844049247606019,0.009275055323253355
0.1,2,T1ax+FLAIRsag+SWIax,10011,3,Mastoiditis,24,265,9393,0.6728998892067535,0.0709276739272035
0.1,2,T1ax+FLAIRsag+SWIax,10011,3,Chronic mastoiditis,25,211,9393,0.7803863111527705,0.07285695935359006
0.1,2,T1ax+FLAIRsag+SWIax,10011,3,Ventriculomegaly,26,889,9393,0.900651926387847,0.5663845292208307
0.1,2,T1ax+FLAIRsag+SWIax,10011,3,Cerebellar degeneration,27,351,9393,0.8077852579069124,0.16536084463326584
0.1,2,T1ax+FLAIRsag+SWIax,10011,3,Mega cisterna magna,28,104,9393,0.6528648442740379,0.03129502176058506
0.1,2,T1ax+FLAIRsag+SWIax,10011,3,Structure of cave of septum pellucidum,29,99,9393,0.6977565628308041,0.04634342556051141
0.1,2,T1ax+FLAIRsag+SWIax,10011,3,Hyperostosis of skull,30,34,9393,0.7261271000546816,0.017251760184833285
0.1,2,T1ax+FLAIRsag+SWIax,10011,3,Watershed infarct,31,36,9393,0.8378457007825395,0.028653652972418016
0.1,2,T1ax+FLAIRsag+SWIax,10011,3,Foraminal Spinal Stenosis,33,60,9393,0.7007839565698775,0.013884241104528423
0.1,2,T1ax+FLAIRsag+SWIax,10011,3,Lipoma of brain,34,22,9393,0.5880909187920179,0.003055971762553168
0.1,2,T1ax+FLAIRsag+SWIax,10011,3,Glioma,35,66,9393,0.7705488464574987,0.05748948599196535
0.1,2,T1ax+FLAIRsag+SWIax,10011,3,Pituitary adenoma,36,25,9393,0.615128095644748,0.0046062916588685675
0.1,2,T1ax+FLAIRax+SWIax,10101,3,Cerebral infarction,0,424,9393,0.8085383722128843,0.22358673301946175
0.1,2,T1ax+FLAIRax+SWIax,10101,3,Cerebral hemorrhage,1,294,9393,0.8364184447270502,0.23600642240618594
0.1,2,T1ax+FLAIRax+SWIax,10101,3,Metastatic malignant neoplasm to brain,2,373,9393,0.8896979010004578,0.2960786467680073
0.1,2,T1ax+FLAIRax+SWIax,10101,3,Intracranial meningioma,3,181,9393,0.7595113747861905,0.06556201817400192
0.1,2,T1ax+FLAIRax+SWIax,10101,3,Demyelinating disease of central nervous system,4,250,9393,0.8312037624412117,0.27075620571141323
0.1,2,T1ax+FLAIRax+SWIax,10101,3,Herniation of nucleus pulposus,5,138,9393,0.6996641063584901,0.030804322546116578
0.1,2,T1ax+FLAIRax+SWIax,10101,3,Spinal cord compression,6,74,9393,0.6213968555958039,0.012922953747883213
0.1,2,T1ax+FLAIRax+SWIax,10101,3,Lacunar infarct,7,213,9393,0.8062398355273253,0.1393943624359084
0.1,2,T1ax+FLAIRax+SWIax,10101,3,Silent micro-hemorrhage of brain,8,195,9393,0.7851305467743823,0.1294406859114577
0.1,2,T1ax+FLAIRax+SWIax,10101,3,Cavernous hemangioma,9,78,9393,0.6014602860013488,0.016109811624871802
0.1,2,T1ax+FLAIRax+SWIax,10101,3,Subdural intracranial hemorrhage,10,44,9393,0.852414939857447,0.0805073882252921
0.1,2,T1ax+FLAIRax+SWIax,10101,3,Gliosis,11,3534,9393,0.7872529920013353,0.6842765199474311
0.1,2,T1ax+FLAIRax+SWIax,10101,3,Cerebral atrophy,12,1310,9393,0.9218209360329331,0.7153720008820702
0.1,2,T1ax+FLAIRax+SWIax,10101,3,Encephalomalacia,13,236,9393,0.7641421863055585,0.12355160875851609
0.1,2,T1ax+FLAIRax+SWIax,10101,3,Arachnoid cyst,14,389,9393,0.70933084296154,0.10295101544074364
0.1,2,T1ax+FLAIRax+SWIax,10101,3,Empty sella syndrome,15,351,9393,0.7003329193110215,0.0833652731890305
0.1,2,T1ax+FLAIRax+SWIax,10101,3,Intracranial aneurysm,16,61,9393,0.5940391952948783,0.022709995548945566
0.1,2,T1ax+FLAIRax+SWIax,10101,3,Chiari malformation,17,56,9393,0.7076397282700164,0.021156329346653582
0.1,2,T1ax+FLAIRax+SWIax,10101,3,Schwannoma,18,38,9393,0.7257785029114743,0.009278737280692098
0.1,2,T1ax+FLAIRax+SWIax,10101,3,Cyst of pineal gland,19,103,9393,0.6211272168633147,0.017079711599517128
0.1,2,T1ax+FLAIRax+SWIax,10101,3,Hemangioma of vertebral column,20,31,9393,0.5385497998084225,0.004129568767971981
0.1,2,T1ax+FLAIRax+SWIax,10101,3,Cerebral edema,22,533,9393,0.8959213362753526,0.49866752505855666
0.1,2,T1ax+FLAIRax+SWIax,10101,3,Spinal stenosis,23,43,9393,0.6411913941052109,0.01174726111285298
0.1,2,T1ax+FLAIRax+SWIax,10101,3,Mastoiditis,24,265,9393,0.678082780745126,0.06692829317934257
0.1,2,T1ax+FLAIRax+SWIax,10101,3,Chronic mastoiditis,25,211,9393,0.8052252449414214,0.086257038443141
0.1,2,T1ax+FLAIRax+SWIax,10101,3,Ventriculomegaly,26,889,9393,0.9018257272168353,0.5629755946280136
0.1,2,T1ax+FLAIRax+SWIax,10101,3,Cerebellar degeneration,27,351,9393,0.8223916751897288,0.1785513110327751
0.1,2,T1ax+FLAIRax+SWIax,10101,3,Mega cisterna magna,28,104,9393,0.6940943382164181,0.030607143647546582
0.1,2,T1ax+FLAIRax+SWIax,10101,3,Structure of cave of septum pellucidum,29,99,9393,0.6629747007410015,0.048799882366570076
0.1,2,T1ax+FLAIRax+SWIax,10101,3,Hyperostosis of skull,30,34,9393,0.7160078691162328,0.048747189200622126
0.1,2,T1ax+FLAIRax+SWIax,10101,3,Watershed infarct,31,36,9393,0.8158152541769086,0.023847320558678685
0.1,2,T1ax+FLAIRax+SWIax,10101,3,Foraminal Spinal Stenosis,33,60,9393,0.7061252187578129,0.013136029187628817
0.1,2,T1ax+FLAIRax+SWIax,10101,3,Lipoma of brain,34,22,9393,0.56389150279877,0.0031366291705351287
0.1,2,T1ax+FLAIRax+SWIax,10101,3,Glioma,35,66,9393,0.7944319359565419,0.09003768429786976
0.1,2,T1ax+FLAIRax+SWIax,10101,3,Pituitary adenoma,36,25,9393,0.5449103330486763,0.0038961572787144416
0.1,2,T1ax+FLAIRax+FLAIRsag,10110,3,Cerebral infarction,0,424,9393,0.8053626011608118,0.23503638674170813
0.1,2,T1ax+FLAIRax+FLAIRsag,10110,3,Cerebral hemorrhage,1,294,9393,0.8275055268837945,0.2024727618696555
0.1,2,T1ax+FLAIRax+FLAIRsag,10110,3,Metastatic malignant neoplasm to brain,2,373,9393,0.9049259019277983,0.29368894218483066
0.1,2,T1ax+FLAIRax+FLAIRsag,10110,3,Intracranial meningioma,3,181,9393,0.7431970789961689,0.08216782711412458
0.1,2,T1ax+FLAIRax+FLAIRsag,10110,3,Demyelinating disease of central nervous system,4,250,9393,0.8243228699551569,0.2702171258670861
0.1,2,T1ax+FLAIRax+FLAIRsag,10110,3,Herniation of nucleus pulposus,5,138,9393,0.7280482935193667,0.032879420083704564
0.1,2,T1ax+FLAIRax+FLAIRsag,10110,3,Spinal cord compression,6,74,9393,0.5914710718874256,0.011105194082060158
0.1,2,T1ax+FLAIRax+FLAIRsag,10110,3,Lacunar infarct,7,213,9393,0.8000721102212404,0.13384220165755423
0.1,2,T1ax+FLAIRax+FLAIRsag,10110,3,Silent micro-hemorrhage of brain,8,195,9393,0.7224619621879895,0.06935930633095741
0.1,2,T1ax+FLAIRax+FLAIRsag,10110,3,Cavernous hemangioma,9,78,9393,0.4923820141211446,0.009045810531261264
0.1,2,T1ax+FLAIRax+FLAIRsag,10110,3,Subdural intracranial hemorrhage,10,44,9393,0.8293157265239841,0.10035805250666344
0.1,2,T1ax+FLAIRax+FLAIRsag,10110,3,Gliosis,11,3534,9393,0.7853412001503354,0.6801820797385586
0.1,2,T1ax+FLAIRax+FLAIRsag,10110,3,Cerebral atrophy,12,1310,9393,0.9227271825799693,0.7260873787542074
0.1,2,T1ax+FLAIRax+FLAIRsag,10110,3,Encephalomalacia,13,236,9393,0.7691217055397093,0.1433610894787094
0.1,2,T1ax+FLAIRax+FLAIRsag,10110,3,Arachnoid cyst,14,389,9393,0.740473242968849,0.11575834276903268
0.1,2,T1ax+FLAIRax+FLAIRsag,10110,3,Empty sella syndrome,15,351,9393,0.7260870606369391,0.08968410330666077
0.1,2,T1ax+FLAIRax+FLAIRsag,10110,3,Intracranial aneurysm,16,61,9393,0.6518519039019626,0.018150592574614266
0.1,2,T1ax+FLAIRax+FLAIRsag,10110,3,Chiari malformation,17,56,9393,0.6865179240808458,0.017277914432943457
0.1,2,T1ax+FLAIRax+FLAIRsag,10110,3,Schwannoma,18,38,9393,0.7438774649075923,0.010808625108961963
0.1,2,T1ax+FLAIRax+FLAIRsag,10110,3,Cyst of pineal gland,19,103,9393,0.6268071942897154,0.018427542730413866
0.1,2,T1ax+FLAIRax+FLAIRsag,10110,3,Hemangioma of vertebral column,20,31,9393,0.5620972910392734,0.004573638175942083
0.1,2,T1ax+FLAIRax+FLAIRsag,10110,3,Cerebral edema,22,533,9393,0.9057644662225404,0.5206140159257069
0.1,2,T1ax+FLAIRax+FLAIRsag,10110,3,Spinal stenosis,23,43,9393,0.62792687476682,0.0320718914328431
0.1,2,T1ax+FLAIRax+FLAIRsag,10110,3,Mastoiditis,24,265,9393,0.6957042812494831,0.07126925917931257
0.1,2,T1ax+FLAIRax+FLAIRsag,10110,3,Chronic mastoiditis,25,211,9393,0.784928992537429,0.09542863832638712
0.1,2,T1ax+FLAIRax+FLAIRsag,10110,3,Ventriculomegaly,26,889,9393,0.9046660500927507,0.5741955692425517
0.1,2,T1ax+FLAIRax+FLAIRsag,10110,3,Cerebellar degeneration,27,351,9393,0.8313126901934689,0.18047283850586454
0.1,2,T1ax+FLAIRax+FLAIRsag,10110,3,Mega cisterna magna,28,104,9393,0.7075904502430501,0.043453855523984466
0.1,2,T1ax+FLAIRax+FLAIRsag,10110,3,Structure of cave of septum pellucidum,29,99,9393,0.7023049518207686,0.05188246915645224
0.1,2,T1ax+FLAIRax+FLAIRsag,10110,3,Hyperostosis of skull,30,34,9393,0.7466798237619655,0.03692634391286853
0.1,2,T1ax+FLAIRax+FLAIRsag,10110,3,Watershed infarct,31,36,9393,0.8514896749907972,0.024300596882410208
0.1,2,T1ax+FLAIRax+FLAIRsag,10110,3,Foraminal Spinal Stenosis,33,60,9393,0.7650612521875781,0.016418907535722504
0.1,2,T1ax+FLAIRax+FLAIRsag,10110,3,Lipoma of brain,34,22,9393,0.5797188618659113,0.002826960194682639
0.1,2,T1ax+FLAIRax+FLAIRsag,10110,3,Glioma,35,66,9393,0.7426744121822925,0.03553020465241167
0.1,2,T1ax+FLAIRax+FLAIRsag,10110,3,Pituitary adenoma,36,25,9393,0.5161101622544833,0.00370497527393656
0.1,2,T1ax+T2ax+SWIax,11001,3,Cerebral infarction,0,424,9393,0.8051122629939182,0.2153161849195833
0.1,2,T1ax+T2ax+SWIax,11001,3,Cerebral hemorrhage,1,294,9393,0.8160413082696536,0.20359788449476335
0.1,2,T1ax+T2ax+SWIax,11001,3,Metastatic malignant neoplasm to brain,2,373,9393,0.8787326941024712,0.27178037374330793
0.1,2,T1ax+T2ax+SWIax,11001,3,Intracranial meningioma,3,181,9393,0.7349793567362293,0.05532161947029556
0.1,2,T1ax+T2ax+SWIax,11001,3,Demyelinating disease of central nervous system,4,250,9393,0.8215675380072186,0.22180624356028383
0.1,2,T1ax+T2ax+SWIax,11001,3,Herniation of nucleus pulposus,5,138,9393,0.7048841597569665,0.031024383353388058
0.1,2,T1ax+T2ax+SWIax,11001,3,Spinal cord compression,6,74,9393,0.6259849827292686,0.013454729485425705
0.1,2,T1ax+T2ax+SWIax,11001,3,Lacunar infarct,7,213,9393,0.7969652336678021,0.1250285923713213
0.1,2,T1ax+T2ax+SWIax,11001,3,Silent micro-hemorrhage of brain,8,195,9393,0.7628497833977286,0.10320555044567653
0.1,2,T1ax+T2ax+SWIax,11001,3,Cavernous hemangioma,9,78,9393,0.5764454904551524,0.018842344715643635
0.1,2,T1ax+T2ax+SWIax,11001,3,Subdural intracranial hemorrhage,10,44,9393,0.8412178259220724,0.05221620904163196
0.1,2,T1ax+T2ax+SWIax,11001,3,Gliosis,11,3534,9393,0.7813319671398792,0.6833861177955641
0.1,2,T1ax+T2ax+SWIax,11001,3,Cerebral atrophy,12,1310,9393,0.9187545626340456,0.7069061998771049
0.1,2,T1ax+T2ax+SWIax,11001,3,Encephalomalacia,13,236,9393,0.7392797581918436,0.09584869745938981
0.1,2,T1ax+T2ax+SWIax,11001,3,Arachnoid cyst,14,389,9393,0.690948267493796,0.11207689937221807
0.1,2,T1ax+T2ax+SWIax,11001,3,Empty sella syndrome,15,351,9393,0.7051222185042136,0.08353620162279264
0.1,2,T1ax+T2ax+SWIax,11001,3,Intracranial aneurysm,16,61,9393,0.6648830394974459,0.015868269548754758
0.1,2,T1ax+T2ax+SWIax,11001,3,Chiari malformation,17,56,9393,0.7036808243700179,0.027782327810727085
0.1,2,T1ax+T2ax+SWIax,11001,3,Schwannoma,18,38,9393,0.7027258150721539,0.008532326060728054
0.1,2,T1ax+T2ax+SWIax,11001,3,Cyst of pineal gland,19,103,9393,0.6516684607104413,0.0196102883268316
0.1,2,T1ax+T2ax+SWIax,11001,3,Hemangioma of vertebral column,20,31,9393,0.6248268566821261,0.016640768996221272
0.1,2,T1ax+T2ax+SWIax,11001,3,Cerebral edema,22,533,9393,0.8835254680902426,0.4659364690310366
0.1,2,T1ax+T2ax+SWIax,11001,3,Spinal stenosis,23,43,9393,0.642318119636861,0.009371817229247785
0.1,2,T1ax+T2ax+SWIax,11001,3,Mastoiditis,24,265,9393,0.6977055876176145,0.08107936972585846
0.1,2,T1ax+T2ax+SWIax,11001,3,Chronic mastoiditis,25,211,9393,0.7949362083862822,0.09640941071086835
0.1,2,T1ax+T2ax+SWIax,11001,3,Ventriculomegaly,26,889,9393,0.8936630231310455,0.557593189391361
0.1,2,T1ax+T2ax+SWIax,11001,3,Cerebellar degeneration,27,351,9393,0.8219288146295446,0.19084661297096028
0.1,2,T1ax+T2ax+SWIax,11001,3,Mega cisterna magna,28,104,9393,0.7318840729729954,0.05157796628820095
0.1,2,T1ax+T2ax+SWIax,11001,3,Structure of cave of septum pellucidum,29,99,9393,0.6888532408222531,0.05444306188866894
0.1,2,T1ax+T2ax+SWIax,11001,3,Hyperostosis of skull,30,34,9393,0.7810663532428679,0.060182231650718176
0.1,2,T1ax+T2ax+SWIax,11001,3,Watershed infarct,31,36,9393,0.8284647263486634,0.032777784368890533
0.1,2,T1ax+T2ax+SWIax,11001,3,Foraminal Spinal Stenosis,33,60,9393,0.6470820386442373,0.012338931595124739
0.1,2,T1ax+T2ax+SWIax,11001,3,Lipoma of brain,34,22,9393,0.6433435841716708,0.003707551055236645
0.1,2,T1ax+T2ax+SWIax,11001,3,Glioma,35,66,9393,0.796339074241937,0.07371277967075172
0.1,2,T1ax+T2ax+SWIax,11001,3,Pituitary adenoma,36,25,9393,0.5093552519214346,0.00303385007445447
0.1,2,T1ax+T2ax+FLAIRsag,11010,3,Cerebral infarction,0,424,9393,0.8038079801075823,0.23122793876931352
0.1,2,T1ax+T2ax+FLAIRsag,11010,3,Cerebral hemorrhage,1,294,9393,0.809898374120502,0.1906674929804863
0.1,2,T1ax+T2ax+FLAIRsag,11010,3,Metastatic malignant neoplasm to brain,2,373,9393,0.8902337968054308,0.2737910364153716
0.1,2,T1ax+T2ax+FLAIRsag,11010,3,Intracranial meningioma,3,181,9393,0.7541784316877097,0.07612256741617607
0.1,2,T1ax+T2ax+FLAIRsag,11010,3,Demyelinating disease of central nervous system,4,250,9393,0.8258851580444055,0.24487828903590686
0.1,2,T1ax+T2ax+FLAIRsag,11010,3,Herniation of nucleus pulposus,5,138,9393,0.7122863473719651,0.03216761457664963
0.1,2,T1ax+T2ax+FLAIRsag,11010,3,Spinal cord compression,6,74,9393,0.5759897680704634,0.010775152676961795
0.1,2,T1ax+T2ax+FLAIRsag,11010,3,Lacunar infarct,7,213,9393,0.8157553162109914,0.1473576873997236
0.1,2,T1ax+T2ax+FLAIRsag,11010,3,Silent micro-hemorrhage of brain,8,195,9393,0.7178369322204938,0.06490133743459735
0.1,2,T1ax+T2ax+FLAIRsag,11010,3,Cavernous hemangioma,9,78,9393,0.5083901069408316,0.009158992219803526
0.1,2,T1ax+T2ax+FLAIRsag,11010,3,Subdural intracranial hemorrhage,10,44,9393,0.8488438238411498,0.06180562221205295
0.1,2,T1ax+T2ax+FLAIRsag,11010,3,Gliosis,11,3534,9393,0.780155141775895,0.6748641938405782
0.1,2,T1ax+T2ax+FLAIRsag,11010,3,Cerebral atrophy,12,1310,9393,0.9187067759778557,0.7184471971042439
0.1,2,T1ax+T2ax+FLAIRsag,11010,3,Encephalomalacia,13,236,9393,0.7549975660002629,0.11600262538434059
0.1,2,T1ax+T2ax+FLAIRsag,11010,3,Arachnoid cyst,14,389,9393,0.7305687617842511,0.12673013235004438
0.1,2,T1ax+T2ax+FLAIRsag,11010,3,Empty sella syndrome,15,351,9393,0.715254106981601,0.08303275508224342
0.1,2,T1ax+T2ax+FLAIRsag,11010,3,Intracranial aneurysm,16,61,9393,0.6916989312290515,0.015920282017676018
0.1,2,T1ax+T2ax+FLAIRsag,11010,3,Chiari malformation,17,56,9393,0.7237182331431019,0.02303442865037969
0.1,2,T1ax+T2ax+FLAIRsag,11010,3,Schwannoma,18,38,9393,0.7331739289431489,0.011083327246867853
0.1,2,T1ax+T2ax+FLAIRsag,11010,3,Cyst of pineal gland,19,103,9393,0.6401768265281597,0.017570495284031165
0.1,2,T1ax+T2ax+FLAIRsag,11010,3,Hemangioma of vertebral column,20,31,9393,0.6319576048679976,0.005283749857949029
0.1,2,T1ax+T2ax+FLAIRsag,11010,3,Cerebral edema,22,533,9393,0.8960602492810829,0.48772243051275177
0.1,2,T1ax+T2ax+FLAIRsag,11010,3,Spinal stenosis,23,43,9393,0.6320855614973262,0.02138441462715584
0.1,2,T1ax+T2ax+FLAIRsag,11010,3,Mastoiditis,24,265,9393,0.7132641840160071,0.08223841774596702
0.1,2,T1ax+T2ax+FLAIRsag,11010,3,Chronic mastoiditis,25,211,9393,0.7816323096600498,0.09330866677084655
0.1,2,T1ax+T2ax+FLAIRsag,11010,3,Ventriculomegaly,26,889,9393,0.9024709605325676,0.5787735532855419
0.1,2,T1ax+T2ax+FLAIRsag,11010,3,Cerebellar degeneration,27,351,9393,0.8352052561298303,0.19374454960737594
0.1,2,T1ax+T2ax+FLAIRsag,11010,3,Mega cisterna magna,28,104,9393,0.7179614846344312,0.032391236749639826
0.1,2,T1ax+T2ax+FLAIRsag,11010,3,Structure of cave of septum pellucidum,29,99,9393,0.7085227136873361,0.043587011148099056
0.1,2,T1ax+T2ax+FLAIRsag,11010,3,Hyperostosis of skull,30,34,9393,0.7294079935639177,0.030106635297343774
0.1,2,T1ax+T2ax+FLAIRsag,11010,3,Watershed infarct,31,36,9393,0.8648427202450928,0.02734993140625308
0.1,2,T1ax+T2ax+FLAIRsag,11010,3,Foraminal Spinal Stenosis,33,60,9393,0.6778902817957784,0.010181922286122904
0.1,2,T1ax+T2ax+FLAIRsag,11010,3,Lipoma of brain,34,22,9393,0.5675003152860372,0.0028581807135842916
0.1,2,T1ax+T2ax+FLAIRsag,11010,3,Glioma,35,66,9393,0.7581605699971733,0.04051757251766845
0.1,2,T1ax+T2ax+FLAIRsag,11010,3,Pituitary adenoma,36,25,9393,0.5359692570452603,0.0040696199747760385
0.1,2,T1ax+T2ax+FLAIRax,11100,3,Cerebral infarction,0,424,9393,0.8154045275445613,0.23183958790140208
0.1,2,T1ax+T2ax+FLAIRax,11100,3,Cerebral hemorrhage,1,294,9393,0.8113274763691606,0.21247872401567708
0.1,2,T1ax+T2ax+FLAIRax,11100,3,Metastatic malignant neoplasm to brain,2,373,9393,0.8767496121220046,0.2589968419376121
0.1,2,T1ax+T2ax+FLAIRax,11100,3,Intracranial meningioma,3,181,9393,0.755577039796758,0.0705688295480695
0.1,2,T1ax+T2ax+FLAIRax,11100,3,Demyelinating disease of central nervous system,4,250,9393,0.8600433118232529,0.3153504268186661
0.1,2,T1ax+T2ax+FLAIRax,11100,3,Herniation of nucleus pulposus,5,138,9393,0.7036306266099797,0.029995080264892292
0.1,2,T1ax+T2ax+FLAIRax,11100,3,Spinal cord compression,6,74,9393,0.5882786692691189,0.010183685583344405
0.1,2,T1ax+T2ax+FLAIRax,11100,3,Lacunar infarct,7,213,9393,0.8222994466435505,0.14684740306888247
0.1,2,T1ax+T2ax+FLAIRax,11100,3,Silent micro-hemorrhage of brain,8,195,9393,0.7300500108719288,0.06533719550750823
0.1,2,T1ax+T2ax+FLAIRax,11100,3,Cavernous hemangioma,9,78,9393,0.5423813259562053,0.009445661250668032
0.1,2,T1ax+T2ax+FLAIRax,11100,3,Subdural intracranial hemorrhage,10,44,9393,0.819679304543996,0.08763646743671145
0.1,2,T1ax+T2ax+FLAIRax,11100,3,Gliosis,11,3534,9393,0.7837039702968833,0.6846560066847109
0.1,2,T1ax+T2ax+FLAIRax,11100,3,Cerebral atrophy,12,1310,9393,0.9217541669303118,0.7178055905653107
0.1,2,T1ax+T2ax+FLAIRax,11100,3,Encephalomalacia,13,236,9393,0.7624680016954706,0.1140338673652865
0.1,2,T1ax+T2ax+FLAIRax,11100,3,Arachnoid cyst,14,389,9393,0.7322966427945764,0.12531353772188114
0.1,2,T1ax+T2ax+FLAIRax,11100,3,Empty sella syndrome,15,351,9393,0.7223038293597905,0.09057257017453926
0.1,2,T1ax+T2ax+FLAIRax,11100,3,Intracranial aneurysm,16,61,9393,0.691082332604892,0.017345826307887384
0.1,2,T1ax+T2ax+FLAIRax,11100,3,Chiari malformation,17,56,9393,0.7213601034287551,0.022922301868792305
0.1,2,T1ax+T2ax+FLAIRax,11100,3,Schwannoma,18,38,9393,0.7255000140650932,0.00936399174437948
0.1,2,T1ax+T2ax+FLAIRax,11100,3,Cyst of pineal gland,19,103,9393,0.6204395581426944,0.01730168318520159
0.1,2,T1ax+T2ax+FLAIRax,11100,3,Hemangioma of vertebral column,20,31,9393,0.5967983130155536,0.004708974285037837
0.1,2,T1ax+T2ax+FLAIRax,11100,3,Cerebral edema,22,533,9393,0.8930554085016452,0.4912742512037188
0.1,2,T1ax+T2ax+FLAIRax,11100,3,Spinal stenosis,23,43,9393,0.5813356547693073,0.025988298330824097
0.1,2,T1ax+T2ax+FLAIRax,11100,3,Mastoiditis,24,265,9393,0.7198997899889208,0.09041789010611206
0.1,2,T1ax+T2ax+FLAIRax,11100,3,Chronic mastoiditis,25,211,9393,0.8075778800682564,0.10604588788743402
0.1,2,T1ax+T2ax+FLAIRax,11100,3,Ventriculomegaly,26,889,9393,0.8987334220804714,0.5683131719400687
0.1,2,T1ax+T2ax+FLAIRax,11100,3,Cerebellar degeneration,27,351,9393,0.8336975721403945,0.19102469686842322
0.1,2,T1ax+T2ax+FLAIRax,11100,3,Mega cisterna magna,28,104,9393,0.7233928467914903,0.041354385678349426
0.1,2,T1ax+T2ax+FLAIRax,11100,3,Structure of cave of septum pellucidum,29,99,9393,0.7355978550297466,0.04816359846941956
0.1,2,T1ax+T2ax+FLAIRax,11100,3,Hyperostosis of skull,30,34,9393,0.7470569379584295,0.06938028278659954
0.1,2,T1ax+T2ax+FLAIRax,11100,3,Watershed infarct,31,36,9393,0.8637413463479511,0.02724691184844686
0.1,2,T1ax+T2ax+FLAIRax,11100,3,Foraminal Spinal Stenosis,33,60,9393,0.6384299439265688,0.00962162692902517
0.1,2,T1ax+T2ax+FLAIRax,11100,3,Lipoma of brain,34,22,9393,0.5745772741824391,0.0027899783530845896
0.1,2,T1ax+T2ax+FLAIRax,11100,3,Glioma,35,66,9393,0.7688463925195993,0.04464781800121909
0.1,2,T1ax+T2ax+FLAIRax,11100,3,Pituitary adenoma,36,25,9393,0.546468830059778,0.003501703963433379
0.1,2,T2ax+FLAIRax+FLAIRsag+SWIax,01111,4,Cerebral infarction,0,424,9393,0.8175160984270768,0.26646918353674753
0.1,2,T2ax+FLAIRax+FLAIRsag+SWIax,01111,4,Cerebral hemorrhage,1,294,9393,0.8277152381999068,0.2135194122779661
0.1,2,T2ax+FLAIRax+FLAIRsag+SWIax,01111,4,Metastatic malignant neoplasm to brain,2,373,9393,0.9079751282523794,0.32957366798885035
0.1,2,T2ax+FLAIRax+FLAIRsag+SWIax,01111,4,Intracranial meningioma,3,181,9393,0.7312045542326486,0.06389276210203457
0.1,2,T2ax+FLAIRax+FLAIRsag+SWIax,01111,4,Demyelinating disease of central nervous system,4,250,9393,0.8292411681067483,0.27427729718765204
0.1,2,T2ax+FLAIRax+FLAIRsag+SWIax,01111,4,Herniation of nucleus pulposus,5,138,9393,0.7029102952575577,0.03385907142254219
0.1,2,T2ax+FLAIRax+FLAIRsag+SWIax,01111,4,Spinal cord compression,6,74,9393,0.5746585731562661,0.009838574070469787
0.1,2,T2ax+FLAIRax+FLAIRsag+SWIax,01111,4,Lacunar infarct,7,213,9393,0.8300945104176256,0.1461253446524939
0.1,2,T2ax+FLAIRax+FLAIRsag+SWIax,01111,4,Silent micro-hemorrhage of brain,8,195,9393,0.7542684864602673,0.10657190587669851
0.1,2,T2ax+FLAIRax+FLAIRsag+SWIax,01111,4,Cavernous hemangioma,9,78,9393,0.5491349766712086,0.016508119436105653
0.1,2,T2ax+FLAIRax+FLAIRsag+SWIax,01111,4,Subdural intracranial hemorrhage,10,44,9393,0.8692324896196969,0.10572961451862736
0.1,2,T2ax+FLAIRax+FLAIRsag+SWIax,01111,4,Gliosis,11,3534,9393,0.7899583090767347,0.6916319719989108
0.1,2,T2ax+FLAIRax+FLAIRsag+SWIax,01111,4,Cerebral atrophy,12,1310,9393,0.9230217410397659,0.7244706815988539
0.1,2,T2ax+FLAIRax+FLAIRsag+SWIax,01111,4,Encephalomalacia,13,236,9393,0.7606110357362987,0.14274586288154742
0.1,2,T2ax+FLAIRax+FLAIRsag+SWIax,01111,4,Arachnoid cyst,14,389,9393,0.7205083944410882,0.12984260697501834
0.1,2,T2ax+FLAIRax+FLAIRsag+SWIax,01111,4,Empty sella syndrome,15,351,9393,0.7210031565262709,0.09344724987934605
0.1,2,T2ax+FLAIRax+FLAIRsag+SWIax,01111,4,Intracranial aneurysm,16,61,9393,0.6258985475676853,0.027915084818267946
0.1,2,T2ax+FLAIRax+FLAIRsag+SWIax,01111,4,Chiari malformation,17,56,9393,0.6862128781040102,0.02612727326424004
0.1,2,T2ax+FLAIRax+FLAIRsag+SWIax,01111,4,Schwannoma,18,38,9393,0.7599566795127852,0.012068631710926696
0.1,2,T2ax+FLAIRax+FLAIRsag+SWIax,01111,4,Cyst of pineal gland,19,103,9393,0.648644016428564,0.020104483967810824
0.1,2,T2ax+FLAIRax+FLAIRsag+SWIax,01111,4,Hemangioma of vertebral column,20,31,9393,0.5906478488880926,0.005110104387553839
0.1,2,T2ax+FLAIRax+FLAIRsag+SWIax,01111,4,Cerebral edema,22,533,9393,0.899553191399252,0.5268793528959572
0.1,2,T2ax+FLAIRax+FLAIRsag+SWIax,01111,4,Spinal stenosis,23,43,9393,0.5953687352319362,0.01356353941770256
0.1,2,T2ax+FLAIRax+FLAIRsag+SWIax,01111,4,Mastoiditis,24,265,9393,0.7641459825045889,0.10442062100768992
0.1,2,T2ax+FLAIRax+FLAIRsag+SWIax,01111,4,Chronic mastoiditis,25,211,9393,0.771758003759674,0.07446053978361677
0.1,2,T2ax+FLAIRax+FLAIRsag+SWIax,01111,4,Ventriculomegaly,26,889,9393,0.9042751799722119,0.567763717193156
0.1,2,T2ax+FLAIRax+FLAIRsag+SWIax,01111,4,Cerebellar degeneration,27,351,9393,0.8249911303439285,0.16960640853482262
0.1,2,T2ax+FLAIRax+FLAIRsag+SWIax,01111,4,Mega cisterna magna,28,104,9393,0.7509461149250147,0.04404393999992333
0.1,2,T2ax+FLAIRax+FLAIRsag+SWIax,01111,4,Structure of cave of septum pellucidum,29,99,9393,0.7149024134175845,0.042941036587735015
0.1,2,T2ax+FLAIRax+FLAIRsag+SWIax,01111,4,Hyperostosis of skull,30,34,9393,0.7454353469136346,0.030508312920823004
0.1,2,T2ax+FLAIRax+FLAIRsag+SWIax,01111,4,Watershed infarct,31,36,9393,0.799692446534383,0.04034332933268618
0.1,2,T2ax+FLAIRax+FLAIRsag+SWIax,01111,4,Foraminal Spinal Stenosis,33,60,9393,0.6254009071752562,0.011064791769790175
0.1,2,T2ax+FLAIRax+FLAIRsag+SWIax,01111,4,Lipoma of brain,34,22,9393,0.509594396639536,0.0025758890649013044
0.1,2,T2ax+FLAIRax+FLAIRsag+SWIax,01111,4,Glioma,35,66,9393,0.7788141953468424,0.08654501186220731
0.1,2,T2ax+FLAIRax+FLAIRsag+SWIax,01111,4,Pituitary adenoma,36,25,9393,0.5405251921434672,0.004337465842109287
0.1,2,T1ax+FLAIRax+FLAIRsag+SWIax,10111,4,Cerebral infarction,0,424,9393,0.8112663219432974,0.2417382856547562
0.1,2,T1ax+FLAIRax+FLAIRsag+SWIax,10111,4,Cerebral hemorrhage,1,294,9393,0.8435146121312574,0.22978188353537327
0.1,2,T1ax+FLAIRax+FLAIRsag+SWIax,10111,4,Metastatic malignant neoplasm to brain,2,373,9393,0.9075875474816166,0.31834166374003514
0.1,2,T1ax+FLAIRax+FLAIRsag+SWIax,10111,4,Intracranial meningioma,3,181,9393,0.7420314722809307,0.0719378594503169
0.1,2,T1ax+FLAIRax+FLAIRsag+SWIax,10111,4,Demyelinating disease of central nervous system,4,250,9393,0.8286982390900143,0.2652421153647663
0.1,2,T1ax+FLAIRax+FLAIRsag+SWIax,10111,4,Herniation of nucleus pulposus,5,138,9393,0.7133590147119849,0.032415425384494365
0.1,2,T1ax+FLAIRax+FLAIRsag+SWIax,10111,4,Spinal cord compression,6,74,9393,0.6029848928228583,0.011812528377508015
0.1,2,T1ax+FLAIRax+FLAIRsag+SWIax,10111,4,Lacunar infarct,7,213,9393,0.8212960405862918,0.14865074169850262
0.1,2,T1ax+FLAIRax+FLAIRsag+SWIax,10111,4,Silent micro-hemorrhage of brain,8,195,9393,0.7645268480884919,0.1210213542457402
0.1,2,T1ax+FLAIRax+FLAIRsag+SWIax,10111,4,Cavernous hemangioma,9,78,9393,0.5618371251221492,0.014058454140357928
0.1,2,T1ax+FLAIRax+FLAIRsag+SWIax,10111,4,Subdural intracranial hemorrhage,10,44,9393,0.8626566769416272,0.11516622790235426
0.1,2,T1ax+FLAIRax+FLAIRsag+SWIax,10111,4,Gliosis,11,3534,9393,0.7886557454259228,0.6830298709359127
0.1,2,T1ax+FLAIRax+FLAIRsag+SWIax,10111,4,Cerebral atrophy,12,1310,9393,0.922312496399474,0.722243551963704
0.1,2,T1ax+FLAIRax+FLAIRsag+SWIax,10111,4,Encephalomalacia,13,236,9393,0.7616633010219097,0.14099704910048863
0.1,2,T1ax+FLAIRax+FLAIRsag+SWIax,10111,4,Arachnoid cyst,14,389,9393,0.7156320983875775,0.1140102948855244
0.1,2,T1ax+FLAIRax+FLAIRsag+SWIax,10111,4,Empty sella syndrome,15,351,9393,0.7236315995440084,0.0884232410085948
0.1,2,T1ax+FLAIRax+FLAIRsag+SWIax,10111,4,Intracranial aneurysm,16,61,9393,0.615442721325529,0.03192024352258843
0.1,2,T1ax+FLAIRax+FLAIRsag+SWIax,10111,4,Chiari malformation,17,56,9393,0.6797227619761623,0.02071047848063953
0.1,2,T1ax+FLAIRax+FLAIRsag+SWIax,10111,4,Schwannoma,18,38,9393,0.7316070775549242,0.009440351896850153
0.1,2,T1ax+FLAIRax+FLAIRsag+SWIax,10111,4,Cyst of pineal gland,19,103,9393,0.640847764064084,0.01947407615260025
0.1,2,T1ax+FLAIRax+FLAIRsag+SWIax,10111,4,Hemangioma of vertebral column,20,31,9393,0.565039866033588,0.005859190197600451
0.1,2,T1ax+FLAIRax+FLAIRsag+SWIax,10111,4,Cerebral edema,22,533,9393,0.9042421406155371,0.52466143023283
0.1,2,T1ax+FLAIRax+FLAIRsag+SWIax,10111,4,Spinal stenosis,23,43,9393,0.6574605148613357,0.01279476703259064
0.1,2,T1ax+FLAIRax+FLAIRsag+SWIax,10111,4,Mastoiditis,24,265,9393,0.7023051609809337,0.0768671782250373
0.1,2,T1ax+FLAIRax+FLAIRsag+SWIax,10111,4,Chronic mastoiditis,25,211,9393,0.7928653939657335,0.07661536038931929
0.1,2,T1ax+FLAIRax+FLAIRsag+SWIax,10111,4,Ventriculomegaly,26,889,9393,0.9062106153711031,0.5699129848702625
0.1,2,T1ax+FLAIRax+FLAIRsag+SWIax,10111,4,Cerebellar degeneration,27,351,9393,0.8249797872668919,0.17440842416694285
0.1,2,T1ax+FLAIRax+FLAIRsag+SWIax,10111,4,Mega cisterna magna,28,104,9393,0.6990971537881862,0.035595561312904776
0.1,2,T1ax+FLAIRax+FLAIRsag+SWIax,10111,4,Structure of cave of septum pellucidum,29,99,9393,0.6958442831586795,0.06093765579619058
0.1,2,T1ax+FLAIRax+FLAIRsag+SWIax,10111,4,Hyperostosis of skull,30,34,9393,0.7236884282508815,0.025436106455020445
0.1,2,T1ax+FLAIRax+FLAIRsag+SWIax,10111,4,Watershed infarct,31,36,9393,0.8157469749326114,0.03223006415051789
0.1,2,T1ax+FLAIRax+FLAIRsag+SWIax,10111,4,Foraminal Spinal Stenosis,33,60,9393,0.7171898996392728,0.015627391953944775
0.1,2,T1ax+FLAIRax+FLAIRsag+SWIax,10111,4,Lipoma of brain,34,22,9393,0.5312230187910478,0.0024941637222694727
0.1,2,T1ax+FLAIRax+FLAIRsag+SWIax,10111,4,Glioma,35,66,9393,0.7696310158516656,0.0801900191762239
0.1,2,T1ax+FLAIRax+FLAIRsag+SWIax,10111,4,Pituitary adenoma,36,25,9393,0.5648377455166524,0.004262856508205086
0.1,2,T1ax+T2ax+FLAIRsag+SWIax,11011,4,Cerebral infarction,0,424,9393,0.8096254499250037,0.2425656149085535
0.1,2,T1ax+T2ax+FLAIRsag+SWIax,11011,4,Cerebral hemorrhage,1,294,9393,0.8226821666132109,0.20707037373280546
0.1,2,T1ax+T2ax+FLAIRsag+SWIax,11011,4,Metastatic malignant neoplasm to brain,2,373,9393,0.898010081855632,0.30704777034429354
0.1,2,T1ax+T2ax+FLAIRsag+SWIax,11011,4,Intracranial meningioma,3,181,9393,0.7390624287801403,0.06998545393607108
0.1,2,T1ax+T2ax+FLAIRsag+SWIax,11011,4,Demyelinating disease of central nervous system,4,250,9393,0.8189981406540522,0.2320345479958909
0.1,2,T1ax+T2ax+FLAIRsag+SWIax,11011,4,Herniation of nucleus pulposus,5,138,9393,0.7043752299971031,0.03301986862674742
0.1,2,T1ax+T2ax+FLAIRsag+SWIax,11011,4,Spinal cord compression,6,74,9393,0.610899557138424,0.01164902602361257
0.1,2,T1ax+T2ax+FLAIRsag+SWIax,11011,4,Lacunar infarct,7,213,9393,0.8096597011261469,0.1476947032516149
0.1,2,T1ax+T2ax+FLAIRsag+SWIax,11011,4,Silent micro-hemorrhage of brain,8,195,9393,0.7455455756825621,0.0974690999734169
0.1,2,T1ax+T2ax+FLAIRsag+SWIax,11011,4,Cavernous hemangioma,9,78,9393,0.5735276711122121,0.017828436741301665
0.1,2,T1ax+T2ax+FLAIRsag+SWIax,11011,4,Subdural intracranial hemorrhage,10,44,9393,0.8671223952002645,0.08886278001226237
0.1,2,T1ax+T2ax+FLAIRsag+SWIax,11011,4,Gliosis,11,3534,9393,0.7833129186708243,0.6809651310097371
0.1,2,T1ax+T2ax+FLAIRsag+SWIax,11011,4,Cerebral atrophy,12,1310,9393,0.9193301746290633,0.7140495839642427
0.1,2,T1ax+T2ax+FLAIRsag+SWIax,11011,4,Encephalomalacia,13,236,9393,0.7534663673062932,0.11963933078035113
0.1,2,T1ax+T2ax+FLAIRsag+SWIax,11011,4,Arachnoid cyst,14,389,9393,0.7070522212921078,0.11724816535526872
0.1,2,T1ax+T2ax+FLAIRsag+SWIax,11011,4,Empty sella syndrome,15,351,9393,0.7148870324052805,0.0865209529649281
0.1,2,T1ax+T2ax+FLAIRsag+SWIax,11011,4,Intracranial aneurysm,16,61,9393,0.6503077723047086,0.016904190837333154
0.1,2,T1ax+T2ax+FLAIRsag+SWIax,11011,4,Chiari malformation,17,56,9393,0.6996951452745606,0.023123446665994474
0.1,2,T1ax+T2ax+FLAIRsag+SWIax,11011,4,Schwannoma,18,38,9393,0.7175869926017608,0.00908397665632989
0.1,2,T1ax+T2ax+FLAIRsag+SWIax,11011,4,Cyst of pineal gland,19,103,9393,0.645013429201459,0.019153802290003526
0.1,2,T1ax+T2ax+FLAIRsag+SWIax,11011,4,Hemangioma of vertebral column,20,31,9393,0.6403684076327777,0.007042677990269931
0.1,2,T1ax+T2ax+FLAIRsag+SWIax,11011,4,Cerebral edema,22,533,9393,0.8986250577039544,0.49455774664276564
0.1,2,T1ax+T2ax+FLAIRsag+SWIax,11011,4,Spinal stenosis,23,43,9393,0.6406516602412634,0.009418075845044825
0.1,2,T1ax+T2ax+FLAIRsag+SWIax,11011,4,Mastoiditis,24,265,9393,0.7220036214508955,0.08378872104571491
0.1,2,T1ax+T2ax+FLAIRsag+SWIax,11011,4,Chronic mastoiditis,25,211,9393,0.7793191604014036,0.08104969452885677
0.1,2,T1ax+T2ax+FLAIRsag+SWIax,11011,4,Ventriculomegaly,26,889,9393,0.903465265336659,0.5729154474737277
0.1,2,T1ax+T2ax+FLAIRsag+SWIax,11011,4,Cerebellar degeneration,27,351,9393,0.8262877070662961,0.1788621651481716
0.1,2,T1ax+T2ax+FLAIRsag+SWIax,11011,4,Mega cisterna magna,28,104,9393,0.7103470192204179,0.03572438051825304
0.1,2,T1ax+T2ax+FLAIRsag+SWIax,11011,4,Structure of cave of septum pellucidum,29,99,9393,0.7109604762929489,0.0474528808896868
0.1,2,T1ax+T2ax+FLAIRsag+SWIax,11011,4,Hyperostosis of skull,30,34,9393,0.7384650195156597,0.031087718456747848
0.1,2,T1ax+T2ax+FLAIRsag+SWIax,11011,4,Watershed infarct,31,36,9393,0.8374746179330983,0.05578831401044793
0.1,2,T1ax+T2ax+FLAIRsag+SWIax,11011,4,Foraminal Spinal Stenosis,33,60,9393,0.657007393121183,0.010134665634188215
0.1,2,T1ax+T2ax+FLAIRsag+SWIax,11011,4,Lipoma of brain,34,22,9393,0.5844627040870771,0.002999151512417321
0.1,2,T1ax+T2ax+FLAIRsag+SWIax,11011,4,Glioma,35,66,9393,0.7801543904792538,0.07497056258801699
0.1,2,T1ax+T2ax+FLAIRsag+SWIax,11011,4,Pituitary adenoma,36,25,9393,0.5645602049530316,0.004125251652589105
0.1,2,T1ax+T2ax+FLAIRax+SWIax,11101,4,Cerebral infarction,0,424,9393,0.8198488188876991,0.23401372306904442
0.1,2,T1ax+T2ax+FLAIRax+SWIax,11101,4,Cerebral hemorrhage,1,294,9393,0.8219186454667592,0.22552708808438549
0.1,2,T1ax+T2ax+FLAIRax+SWIax,11101,4,Metastatic malignant neoplasm to brain,2,373,9393,0.8854435778698514,0.2872570871931758
0.1,2,T1ax+T2ax+FLAIRax+SWIax,11101,4,Intracranial meningioma,3,181,9393,0.7558121403022241,0.0638188450045061
0.1,2,T1ax+T2ax+FLAIRax+SWIax,11101,4,Demyelinating disease of central nervous system,4,250,9393,0.8512930110467024,0.28149224439106824
0.1,2,T1ax+T2ax+FLAIRax+SWIax,11101,4,Herniation of nucleus pulposus,5,138,9393,0.7061838880667715,0.030604904873216245
0.1,2,T1ax+T2ax+FLAIRax+SWIax,11101,4,Spinal cord compression,6,74,9393,0.6108154511416664,0.012011648161395445
0.1,2,T1ax+T2ax+FLAIRax+SWIax,11101,4,Lacunar infarct,7,213,9393,0.8162447451594097,0.1430156904770609
0.1,2,T1ax+T2ax+FLAIRax+SWIax,11101,4,Silent micro-hemorrhage of brain,8,195,9393,0.7738449272695848,0.09708047337945591
0.1,2,T1ax+T2ax+FLAIRax+SWIax,11101,4,Cavernous hemangioma,9,78,9393,0.5775947259039046,0.01524515081162403
0.1,2,T1ax+T2ax+FLAIRax+SWIax,11101,4,Subdural intracranial hemorrhage,10,44,9393,0.8489216153404836,0.0706700425116873
0.1,2,T1ax+T2ax+FLAIRax+SWIax,11101,4,Gliosis,11,3534,9393,0.7876931846709307,0.6908637525466131
0.1,2,T1ax+T2ax+FLAIRax+SWIax,11101,4,Cerebral atrophy,12,1310,9393,0.9213741402415586,0.7142572030725202
0.1,2,T1ax+T2ax+FLAIRax+SWIax,11101,4,Encephalomalacia,13,236,9393,0.7529471757273772,0.12278391732937893
0.1,2,T1ax+T2ax+FLAIRax+SWIax,11101,4,Arachnoid cyst,14,389,9393,0.7162934725383406,0.12303796428423087
0.1,2,T1ax+T2ax+FLAIRax+SWIax,11101,4,Empty sella syndrome,15,351,9393,0.7126867905456714,0.08681831234607124
0.1,2,T1ax+T2ax+FLAIRax+SWIax,11101,4,Intracranial aneurysm,16,61,9393,0.6389788705178022,0.01626347757754801
0.1,2,T1ax+T2ax+FLAIRax+SWIax,11101,4,Chiari malformation,17,56,9393,0.7045950060435441,0.026898768384121592
0.1,2,T1ax+T2ax+FLAIRax+SWIax,11101,4,Schwannoma,18,38,9393,0.7203212467298657,0.011309192311895547
0.1,2,T1ax+T2ax+FLAIRax+SWIax,11101,4,Cyst of pineal gland,19,103,9393,0.6273757145693772,0.01846996742811897
0.1,2,T1ax+T2ax+FLAIRax+SWIax,11101,4,Hemangioma of vertebral column,20,31,9393,0.5768928613268464,0.005885874017433299
0.1,2,T1ax+T2ax+FLAIRax+SWIax,11101,4,Cerebral edema,22,533,9393,0.8929853167258882,0.5004542500197823
0.1,2,T1ax+T2ax+FLAIRax+SWIax,11101,4,Spinal stenosis,23,43,9393,0.5822932471085687,0.009987838035412951
0.1,2,T1ax+T2ax+FLAIRax+SWIax,11101,4,Mastoiditis,24,265,9393,0.7257763795412829,0.09222448669689762
0.1,2,T1ax+T2ax+FLAIRax+SWIax,11101,4,Chronic mastoiditis,25,211,9393,0.8064567911047887,0.10053408761521779
0.1,2,T1ax+T2ax+FLAIRax+SWIax,11101,4,Ventriculomegaly,26,889,9393,0.9005692550425553,0.5653119885892907
0.1,2,T1ax+T2ax+FLAIRax+SWIax,11101,4,Cerebellar degeneration,27,351,9393,0.8311403384396086,0.18468186444064028
0.1,2,T1ax+T2ax+FLAIRax+SWIax,11101,4,Mega cisterna magna,28,104,9393,0.7106637710443287,0.037872615361492945
0.1,2,T1ax+T2ax+FLAIRax+SWIax,11101,4,Structure of cave of septum pellucidum,29,99,9393,0.6960632796656039,0.05438323921190073
0.1,2,T1ax+T2ax+FLAIRax+SWIax,11101,4,Hyperostosis of skull,30,34,9393,0.7309164503497735,0.06668721632994383
0.1,2,T1ax+T2ax+FLAIRax+SWIax,11101,4,Watershed infarct,31,36,9393,0.8210104140690867,0.03079255413571732
0.1,2,T1ax+T2ax+FLAIRax+SWIax,11101,4,Foraminal Spinal Stenosis,33,60,9393,0.6401853637629915,0.010190487793977101
0.1,2,T1ax+T2ax+FLAIRax+SWIax,11101,4,Lipoma of brain,34,22,9393,0.5724866852281216,0.00298027842086954
0.1,2,T1ax+T2ax+FLAIRax+SWIax,11101,4,Glioma,35,66,9393,0.7960417945943838,0.11117791053175509
0.1,2,T1ax+T2ax+FLAIRax+SWIax,11101,4,Pituitary adenoma,36,25,9393,0.5101921434671222,0.003497048520958537
0.1,2,T1ax+T2ax+FLAIRax+FLAIRsag,11110,4,Cerebral infarction,0,424,9393,0.8133460746344326,0.2474887145082948
0.1,2,T1ax+T2ax+FLAIRax+FLAIRsag,11110,4,Cerebral hemorrhage,1,294,9393,0.8218672456343784,0.21145890226409791
0.1,2,T1ax+T2ax+FLAIRax+FLAIRsag,11110,4,Metastatic malignant neoplasm to brain,2,373,9393,0.8997556814466511,0.2882318551951664
0.1,2,T1ax+T2ax+FLAIRax+FLAIRsag,11110,4,Intracranial meningioma,3,181,9393,0.7535546956527998,0.07414363618563397
0.1,2,T1ax+T2ax+FLAIRax+FLAIRsag,11110,4,Demyelinating disease of central nervous system,4,250,9393,0.8523841189981407,0.2955373818317108
0.1,2,T1ax+T2ax+FLAIRax+FLAIRsag,11110,4,Herniation of nucleus pulposus,5,138,9393,0.7150149938536943,0.03191652739776421
0.1,2,T1ax+T2ax+FLAIRax+FLAIRsag,11110,4,Spinal cord compression,6,74,9393,0.5693627955673238,0.009862686645535565
0.1,2,T1ax+T2ax+FLAIRax+FLAIRsag,11110,4,Lacunar infarct,7,213,9393,0.8179308969284114,0.14714709238669824
0.1,2,T1ax+T2ax+FLAIRax+FLAIRsag,11110,4,Silent micro-hemorrhage of brain,8,195,9393,0.7219406671461466,0.07177439549832136
0.1,2,T1ax+T2ax+FLAIRax+FLAIRsag,11110,4,Cavernous hemangioma,9,78,9393,0.5095778796261888,0.008967286042144052
0.1,2,T1ax+T2ax+FLAIRax+FLAIRsag,11110,4,Subdural intracranial hemorrhage,10,44,9393,0.8346833399780238,0.09420928960094213
0.1,2,T1ax+T2ax+FLAIRax+FLAIRsag,11110,4,Gliosis,11,3534,9393,0.7858766081195202,0.6837735565751268
0.1,2,T1ax+T2ax+FLAIRax+FLAIRsag,11110,4,Cerebral atrophy,12,1310,9393,0.9222406275351245,0.7237686952181384
0.1,2,T1ax+T2ax+FLAIRax+FLAIRsag,11110,4,Encephalomalacia,13,236,9393,0.7628691951882693,0.12759983117359963
0.1,2,T1ax+T2ax+FLAIRax+FLAIRsag,11110,4,Arachnoid cyst,14,389,9393,0.7467646484453069,0.1336582839586833
0.1,2,T1ax+T2ax+FLAIRax+FLAIRsag,11110,4,Empty sella syndrome,15,351,9393,0.7345329267470386,0.09099518719767145
0.1,2,T1ax+T2ax+FLAIRax+FLAIRsag,11110,4,Intracranial aneurysm,16,61,9393,0.6858315824977339,0.016302188707102535
0.1,2,T1ax+T2ax+FLAIRax+FLAIRsag,11110,4,Chiari malformation,17,56,9393,0.7019232240395354,0.022680234337284312
0.1,2,T1ax+T2ax+FLAIRax+FLAIRsag,11110,4,Schwannoma,18,38,9393,0.7349348786182452,0.010906966999096226
0.1,2,T1ax+T2ax+FLAIRax+FLAIRsag,11110,4,Cyst of pineal gland,19,103,9393,0.633835317232226,0.01832204205369143
0.1,2,T1ax+T2ax+FLAIRax+FLAIRsag,11110,4,Hemangioma of vertebral column,20,31,9393,0.6012156211451923,0.004851165397895812
0.1,2,T1ax+T2ax+FLAIRax+FLAIRsag,11110,4,Cerebral edema,22,533,9393,0.9035255527932948,0.5185963711280531
0.1,2,T1ax+T2ax+FLAIRax+FLAIRsag,11110,4,Spinal stenosis,23,43,9393,0.5882253451063301,0.03346692719597746
0.1,2,T1ax+T2ax+FLAIRax+FLAIRsag,11110,4,Mastoiditis,24,265,9393,0.7372560894944852,0.09058312241391073
0.1,2,T1ax+T2ax+FLAIRax+FLAIRsag,11110,4,Chronic mastoiditis,25,211,9393,0.7874767343070772,0.09673748511882874
0.1,2,T1ax+T2ax+FLAIRax+FLAIRsag,11110,4,Ventriculomegaly,26,889,9393,0.9046595686592798,0.5747100714419787
0.1,2,T1ax+T2ax+FLAIRax+FLAIRsag,11110,4,Cerebellar degeneration,27,351,9393,0.8434192193316282,0.18983572101865884
0.1,2,T1ax+T2ax+FLAIRax+FLAIRsag,11110,4,Mega cisterna magna,28,104,9393,0.7233524764609919,0.0369580176772691
0.1,2,T1ax+T2ax+FLAIRax+FLAIRsag,11110,4,Structure of cave of septum pellucidum,29,99,9393,0.7163000784692198,0.056221449374268095
0.1,2,T1ax+T2ax+FLAIRax+FLAIRsag,11110,4,Hyperostosis of skull,30,34,9393,0.7508029389766377,0.05884193531892505
0.1,2,T1ax+T2ax+FLAIRax+FLAIRsag,11110,4,Watershed infarct,31,36,9393,0.8600334865163336,0.028182106016624527
0.1,2,T1ax+T2ax+FLAIRax+FLAIRsag,11110,4,Foraminal Spinal Stenosis,33,60,9393,0.6839315689846066,0.011045177887650439
0.1,2,T1ax+T2ax+FLAIRax+FLAIRsag,11110,4,Lipoma of brain,34,22,9393,0.5529001464867433,0.0025881746670116377
0.1,2,T1ax+T2ax+FLAIRax+FLAIRsag,11110,4,Glioma,35,66,9393,0.7415616441026541,0.043736507167039765
0.1,2,T1ax+T2ax+FLAIRax+FLAIRsag,11110,4,Pituitary adenoma,36,25,9393,0.5315670367207515,0.0036371936104222786
0.1,2,T1ax+T2ax+FLAIRax+FLAIRsag+SWIax,11111,5,Cerebral infarction,0,424,9393,0.819701824102727,0.2550406455025767
0.1,2,T1ax+T2ax+FLAIRax+FLAIRsag+SWIax,11111,5,Cerebral hemorrhage,1,294,9393,0.8322518808600481,0.22379248920863848
0.1,2,T1ax+T2ax+FLAIRax+FLAIRsag+SWIax,11111,5,Metastatic malignant neoplasm to brain,2,373,9393,0.9026732373099993,0.31655495616566925
0.1,2,T1ax+T2ax+FLAIRax+FLAIRsag+SWIax,11111,5,Intracranial meningioma,3,181,9393,0.7463793322665848,0.07201752522023744
0.1,2,T1ax+T2ax+FLAIRax+FLAIRsag+SWIax,11111,5,Demyelinating disease of central nervous system,4,250,9393,0.8447914251339822,0.2816387853508947
0.1,2,T1ax+T2ax+FLAIRax+FLAIRsag+SWIax,11111,5,Herniation of nucleus pulposus,5,138,9393,0.7089407214275089,0.03288807499058664
0.1,2,T1ax+T2ax+FLAIRax+FLAIRsag+SWIax,11111,5,Spinal cord compression,6,74,9393,0.5878081107182942,0.010857995101470272
0.1,2,T1ax+T2ax+FLAIRax+FLAIRsag+SWIax,11111,5,Lacunar infarct,7,213,9393,0.8249805660396657,0.15077265269540588
0.1,2,T1ax+T2ax+FLAIRax+FLAIRsag+SWIax,11111,5,Silent micro-hemorrhage of brain,8,195,9393,0.7496183674265866,0.09148574932189536
0.1,2,T1ax+T2ax+FLAIRax+FLAIRsag+SWIax,11111,5,Cavernous hemangioma,9,78,9393,0.5611971317285327,0.013864069000420736
0.1,2,T1ax+T2ax+FLAIRax+FLAIRsag+SWIax,11111,5,Subdural intracranial hemorrhage,10,44,9393,0.8598440280438355,0.10630529552751564
0.1,2,T1ax+T2ax+FLAIRax+FLAIRsag+SWIax,11111,5,Gliosis,11,3534,9393,0.7888373378816447,0.6888177968815977
0.1,2,T1ax+T2ax+FLAIRax+FLAIRsag+SWIax,11111,5,Cerebral atrophy,12,1310,9393,0.9215373326168483,0.7196847197852191
0.1,2,T1ax+T2ax+FLAIRax+FLAIRsag+SWIax,11111,5,Encephalomalacia,13,236,9393,0.7587253800463848,0.13770010152476217
0.1,2,T1ax+T2ax+FLAIRax+FLAIRsag+SWIax,11111,5,Arachnoid cyst,14,389,9393,0.7255521396374535,0.12772779368733597
0.1,2,T1ax+T2ax+FLAIRax+FLAIRsag+SWIax,11111,5,Empty sella syndrome,15,351,9393,0.7284741481821774,0.09133957309620677
0.1,2,T1ax+T2ax+FLAIRax+FLAIRsag+SWIax,11111,5,Intracranial aneurysm,16,61,9393,0.6366688215412506,0.022931564922730775
0.1,2,T1ax+T2ax+FLAIRax+FLAIRsag+SWIax,11111,5,Chiari malformation,17,56,9393,0.6905303783717621,0.02443315536122761
0.1,2,T1ax+T2ax+FLAIRax+FLAIRsag+SWIax,11111,5,Schwannoma,18,38,9393,0.7264761315367521,0.00955319467467974
0.1,2,T1ax+T2ax+FLAIRax+FLAIRsag+SWIax,11111,5,Cyst of pineal gland,19,103,9393,0.6377877872647277,0.019008780379414864
0.1,2,T1ax+T2ax+FLAIRax+FLAIRsag+SWIax,11111,5,Hemangioma of vertebral column,20,31,9393,0.6029901248010144,0.005417655319784661
0.1,2,T1ax+T2ax+FLAIRax+FLAIRsag+SWIax,11111,5,Cerebral edema,22,533,9393,0.9016343453936363,0.5192402054097707
0.1,2,T1ax+T2ax+FLAIRax+FLAIRsag+SWIax,11111,5,Spinal stenosis,23,43,9393,0.6049197860962567,0.01302357107634428
0.1,2,T1ax+T2ax+FLAIRax+FLAIRsag+SWIax,11111,5,Mastoiditis,24,265,9393,0.743259388487424,0.0964891861874504
0.1,2,T1ax+T2ax+FLAIRax+FLAIRsag+SWIax,11111,5,Chronic mastoiditis,25,211,9393,0.7905101780631999,0.08320413622452286
0.1,2,T1ax+T2ax+FLAIRax+FLAIRsag+SWIax,11111,5,Ventriculomegaly,26,889,9393,0.906814446877113,0.5714402903405971
0.1,2,T1ax+T2ax+FLAIRax+FLAIRsag+SWIax,11111,5,Cerebellar degeneration,27,351,9393,0.8384260598372522,0.18239125825536853
0.1,2,T1ax+T2ax+FLAIRax+FLAIRsag+SWIax,11111,5,Mega cisterna magna,28,104,9393,0.7234332171219888,0.036109623104835675
0.1,2,T1ax+T2ax+FLAIRax+FLAIRsag+SWIax,11111,5,Structure of cave of septum pellucidum,29,99,9393,0.7080684182039896,0.053720881006934014
0.1,2,T1ax+T2ax+FLAIRax+FLAIRsag+SWIax,11111,5,Hyperostosis of skull,30,34,9393,0.7320587921032287,0.0651186801292901
0.1,2,T1ax+T2ax+FLAIRax+FLAIRsag+SWIax,11111,5,Watershed infarct,31,36,9393,0.8250388894826214,0.038813148732149284
0.1,2,T1ax+T2ax+FLAIRax+FLAIRsag+SWIax,11111,5,Foraminal Spinal Stenosis,33,60,9393,0.6601450051787563,0.011138828455247874
0.1,2,T1ax+T2ax+FLAIRax+FLAIRsag+SWIax,11111,5,Lipoma of brain,34,22,9393,0.5260086727913,0.0025439523412624622
0.1,2,T1ax+T2ax+FLAIRax+FLAIRsag+SWIax,11111,5,Glioma,35,66,9393,0.7697479783359487,0.09598186805304047
0.1,2,T1ax+T2ax+FLAIRax+FLAIRsag+SWIax,11111,5,Pituitary adenoma,36,25,9393,0.5486165670367209,0.004013066917087213
