C,seed,subset,subset_bits,k,finding,finding_idx,n_pos,n,auroc,auprc
0.1,0,FLAIRsag,0001,1,Cerebral infarction,0,424,9393,0.7916678938145436,0.20442592133066423
0.1,0,FLAIRsag,0001,1,Cerebral hemorrhage,1,294,9393,0.8012131108075717,0.16992604726479496
0.1,0,FLAIRsag,0001,1,Metastatic malignant neoplasm to brain,2,373,9393,0.8932119864703398,0.27922898942308333
0.1,0,FLAIRsag,0001,1,Intracranial meningioma,3,181,9393,0.7076333295749239,0.04414497842462173
0.1,0,FLAIRsag,0001,1,Demyelinating disease of central nervous system,4,250,9393,0.7763911188887674,0.1626821154572727
0.1,0,FLAIRsag,0001,1,Herniation of nucleus pulposus,5,138,9393,0.743036666431776,0.038437962549865465
0.1,0,FLAIRsag,0001,1,Spinal cord compression,6,74,9393,0.6459413056150903,0.014496515701930307
0.1,0,FLAIRsag,0001,1,Lacunar infarct,7,213,9393,0.8140594474618225,0.11198144159913773
0.1,0,FLAIRsag,0001,1,Silent micro-hemorrhage of brain,8,195,9393,0.7428281510473291,0.06499216696501393
0.1,0,FLAIRsag,0001,1,Cavernous hemangioma,9,78,9393,0.5440852223460919,0.009683325282961373
0.1,0,FLAIRsag,0001,1,Subdural intracranial hemorrhage,10,44,9393,0.8998094108266319,0.07687634540538334
0.1,0,FLAIRsag,0001,1,Gliosis,11,3534,9393,0.7736523932098718,0.6624242720721233
0.1,0,FLAIRsag,0001,1,Cerebral atrophy,12,1310,9393,0.9190195613638272,0.7201764557028709
0.1,0,FLAIRsag,0001,1,Encephalomalacia,13,236,9393,0.7850662547685108,0.12868186508983387
0.1,0,FLAIRsag,0001,1,Arachnoid cyst,14,389,9393,0.6734002254353678,0.09256181835290177
0.1,0,FLAIRsag,0001,1,Empty sella syndrome,15,351,9393,0.6822933307118223,0.07888040769188231
0.1,0,FLAIRsag,0001,1,Intracranial aneurysm,16,61,9393,0.6298915067492077,0.012724155800306804
0.1,0,FLAIRsag,0001,1,Chiari malformation,17,56,9393,0.6506391621658838,0.012006740359008724
0.1,0,FLAIRsag,0001,1,Schwannoma,18,38,9393,0.6920672874061155,0.007813707582490493
0.1,0,FLAIRsag,0001,1,Cyst of pineal gland,19,103,9393,0.6233114216142214,0.01762834817392597
0.1,0,FLAIRsag,0001,1,Hemangioma of vertebral column,20,31,9393,0.5109467924554305,0.0037534996414192593
0.1,0,FLAIRsag,0001,1,Cerebral edema,22,533,9393,0.883454952799224,0.4690881767014418
0.1,0,FLAIRsag,0001,1,Spinal stenosis,23,43,9393,0.6294018156945653,0.01216894985807732
0.1,0,FLAIRsag,0001,1,Mastoiditis,24,265,9393,0.6868871231789394,0.06714492622964888
0.1,0,FLAIRsag,0001,1,Chronic mastoiditis,25,211,9393,0.7173880278847652,0.06629270846986042
0.1,0,FLAIRsag,0001,1,Ventriculomegaly,26,889,9393,0.8957547404410761,0.5655984450640313
0.1,0,FLAIRsag,0001,1,Cerebellar degeneration,27,351,9393,0.7973886976320066,0.16490476246553282
0.1,0,FLAIRsag,0001,1,Mega cisterna magna,28,104,9393,0.7137577945791963,0.03780047446946144
0.1,0,FLAIRsag,0001,1,Structure of cave of septum pellucidum,29,99,9393,0.6279330859705295,0.019829332574098087
0.1,0,FLAIRsag,0001,1,Hyperostosis of skull,30,34,9393,0.8060658818501223,0.021075514326688465
0.1,0,FLAIRsag,0001,1,Watershed infarct,31,36,9393,0.8331077149608731,0.019135580706299428
0.1,0,FLAIRsag,0001,1,Foraminal Spinal Stenosis,33,60,9393,0.7379888567448838,0.013799111450330772
0.1,0,FLAIRsag,0001,1,Lipoma of brain,34,22,9393,0.5907587237221215,0.011373340732412505
0.1,0,FLAIRsag,0001,1,Glioma,35,66,9393,0.7626977396999912,0.030711460182802918
0.1,0,FLAIRsag,0001,1,Pituitary adenoma,36,25,9393,0.5932365499573015,0.0039375259633407204
0.1,0,FLAIRax,0010,1,Cerebral infarction,0,424,9393,0.813349493117804,0.22401229341945977
0.1,0,FLAIRax,0010,1,Cerebral hemorrhage,1,294,9393,0.822779732840493,0.1848151813003521
0.1,0,FLAIRax,0010,1,Metastatic malignant neoplasm to brain,2,373,9393,0.8869045849854064,0.29321569421928656
0.1,0,FLAIRax,0010,1,Intracranial meningioma,3,181,9393,0.719248613986561,0.06328693764114507
0.1,0,FLAIRax,0010,1,Demyelinating disease of central nervous system,4,250,9393,0.8251234824455869,0.2572476645976045
0.1,0,FLAIRax,0010,1,Herniation of nucleus pulposus,5,138,9393,0.6924905456509994,0.028473344246769474
0.1,0,FLAIRax,0010,1,Spinal cord compression,6,74,9393,0.5665365440555911,0.01024204199344874
0.1,0,FLAIRax,0010,1,Lacunar infarct,7,213,9393,0.813995008540714,0.14317509798707204
0.1,0,FLAIRax,0010,1,Silent micro-hemorrhage of brain,8,195,9393,0.7081199368870603,0.05745041758609307
0.1,0,FLAIRax,0010,1,Cavernous hemangioma,9,78,9393,0.46054612769588615,0.00800179010422417
0.1,0,FLAIRax,0010,1,Subdural intracranial hemorrhage,10,44,9393,0.7986926166143195,0.08779005714907442
0.1,0,FLAIRax,0010,1,Gliosis,11,3534,9393,0.7801364512757981,0.6834619887012534
0.1,0,FLAIRax,0010,1,Cerebral atrophy,12,1310,9393,0.9203327500087357,0.7179981390105653
0.1,0,FLAIRax,0010,1,Encephalomalacia,13,236,9393,0.763328693617738,0.1260180014447704
0.1,0,FLAIRax,0010,1,Arachnoid cyst,14,389,9393,0.7248286679784706,0.11237461444138927
0.1,0,FLAIRax,0010,1,Empty sella syndrome,15,351,9393,0.708066692251607,0.09708158392502131
0.1,0,FLAIRax,0010,1,Intracranial aneurysm,16,61,9393,0.6396903304687555,0.01915549719464079
0.1,0,FLAIRax,0010,1,Chiari malformation,17,56,9393,0.76536322465154,0.022745177642086
0.1,0,FLAIRax,0010,1,Schwannoma,18,38,9393,0.7514951194126418,0.010864124553077913
0.1,0,FLAIRax,0010,1,Cyst of pineal gland,19,103,9393,0.5956242749798822,0.01445713694516752
0.1,0,FLAIRax,0010,1,Hemangioma of vertebral column,20,31,9393,0.519588452977376,0.003660927614796852
0.1,0,FLAIRax,0010,1,Cerebral edema,22,533,9393,0.9022863471385191,0.5190992326657192
0.1,0,FLAIRax,0010,1,Spinal stenosis,23,43,9393,0.6297923143887577,0.01062629446730631
0.1,0,FLAIRax,0010,1,Mastoiditis,24,265,9393,0.6899856134142509,0.07569333097376496
0.1,0,FLAIRax,0010,1,Chronic mastoiditis,25,211,9393,0.7490691142055186,0.05740417006115464
0.1,0,FLAIRax,0010,1,Ventriculomegaly,26,889,9393,0.8941538263737729,0.5511085673270424
0.1,0,FLAIRax,0010,1,Cerebellar degeneration,27,351,9393,0.8203064395278507,0.16622761025205773
0.1,0,FLAIRax,0010,1,Mega cisterna magna,28,104,9393,0.7531343938653661,0.039477681115950805
0.1,0,FLAIRax,0010,1,Structure of cave of septum pellucidum,29,99,9393,0.6617270184087485,0.02592342548728572
0.1,0,FLAIRax,0010,1,Hyperostosis of skull,30,34,9393,0.7058823529411765,0.041222325340040084
0.1,0,FLAIRax,0010,1,Watershed infarct,31,36,9393,0.8108486813199862,0.018921607375698424
0.1,0,FLAIRax,0010,1,Foraminal Spinal Stenosis,33,60,9393,0.6600592878317082,0.013187499562088856
0.1,0,FLAIRax,0010,1,Lipoma of brain,34,22,9393,0.5196010904046333,0.003028869017364472
0.1,0,FLAIRax,0010,1,Glioma,35,66,9393,0.744880454594189,0.046719428977221186
0.1,0,FLAIRax,0010,1,Pituitary adenoma,36,25,9393,0.5243766011955594,0.003503434201911736
0.1,0,T2ax,0100,1,Cerebral infarction,0,424,9393,0.7959147020029158,0.19062142615130867
0.1,0,T2ax,0100,1,Cerebral hemorrhage,1,294,9393,0.7912045354464458,0.17353207783911698
0.1,0,T2ax,0100,1,Metastatic malignant neoplasm to brain,2,373,9393,0.8563490129173776,0.21458246000485603
0.1,0,T2ax,0100,1,Intracranial meningioma,3,181,9393,0.7113007775109573,0.05559965173797597
0.1,0,T2ax,0100,1,Demyelinating disease of central nervous system,4,250,9393,0.8338906267089576,0.2631963400686182
0.1,0,T2ax,0100,1,Herniation of nucleus pulposus,5,138,9393,0.7018662062809762,0.03086050202179293
0.1,0,T2ax,0100,1,Spinal cord compression,6,74,9393,0.5624284011450016,0.008902200889508624
0.1,0,T2ax,0100,1,Lacunar infarct,7,213,9393,0.8010591508382173,0.11789591672520894
0.1,0,T2ax,0100,1,Silent micro-hemorrhage of brain,8,195,9393,0.7320738622108486,0.07462345932909299
0.1,0,T2ax,0100,1,Cavernous hemangioma,9,78,9393,0.4566490496442187,0.008067610660349337
0.1,0,T2ax,0100,1,Subdural intracranial hemorrhage,10,44,9393,0.7765366252102802,0.02977686482011468
0.1,0,T2ax,0100,1,Gliosis,11,3534,9393,0.7755518454671384,0.6804667904393832
0.1,0,T2ax,0100,1,Cerebral atrophy,12,1310,9393,0.9169853230746275,0.7065963094712981
0.1,0,T2ax,0100,1,Encephalomalacia,13,236,9393,0.7435411086822529,0.12420577939837049
0.1,0,T2ax,0100,1,Arachnoid cyst,14,389,9393,0.723438254805919,0.14650954317313503
0.1,0,T2ax,0100,1,Empty sella syndrome,15,351,9393,0.7279460649290334,0.10012162629456009
0.1,0,T2ax,0100,1,Intracranial aneurysm,16,61,9393,0.689715626822567,0.01441258900375237
0.1,0,T2ax,0100,1,Chiari malformation,17,56,9393,0.811275034807754,0.035799082240769296
0.1,0,T2ax,0100,1,Schwannoma,18,38,9393,0.6280036006638724,0.005767337191460248
0.1,0,T2ax,0100,1,Cyst of pineal gland,19,103,9393,0.6189816798520176,0.016624410867272506
0.1,0,T2ax,0100,1,Hemangioma of vertebral column,20,31,9393,0.626520387841032,0.007012415943490049
0.1,0,T2ax,0100,1,Cerebral edema,22,533,9393,0.8778817037171935,0.432505419654158
0.1,0,T2ax,0100,1,Spinal stenosis,23,43,9393,0.6014003233428677,0.008279619422939538
0.1,0,T2ax,0100,1,Mastoiditis,24,265,9393,0.7455517338316273,0.09628389326814485
0.1,0,T2ax,0100,1,Chronic mastoiditis,25,211,9393,0.8012544634515707,0.08593320364235166
0.1,0,T2ax,0100,1,Ventriculomegaly,26,889,9393,0.8919312237898767,0.5468418365153928
0.1,0,T2ax,0100,1,Cerebellar degeneration,27,351,9393,0.8308365960434088,0.19261817699300057
0.1,0,T2ax,0100,1,Mega cisterna magna,28,104,9393,0.7479659564248863,0.05325866975726904
0.1,0,T2ax,0100,1,Structure of cave of septum pellucidum,29,99,9393,0.6942624002017159,0.03990438963660797
0.1,0,T2ax,0100,1,Hyperostosis of skull,30,34,9393,0.7510700615324665,0.020300247834459342
0.1,0,T2ax,0100,1,Watershed infarct,31,36,9393,0.8585224371534086,0.024824674724322884
0.1,0,T2ax,0100,1,Foraminal Spinal Stenosis,33,60,9393,0.7340101432194007,0.01769903670255082
0.1,0,T2ax,0100,1,Lipoma of brain,34,22,9393,0.6061786362181197,0.00384224750486788
0.1,0,T2ax,0100,1,Glioma,35,66,9393,0.736010799536049,0.04256059655402857
0.1,0,T2ax,0100,1,Pituitary adenoma,36,25,9393,0.4920409906063194,0.003717057430673265
0.1,0,T1ax,1000,1,Cerebral infarction,0,424,9393,0.7869453905170218,0.18917847403884375
0.1,0,T1ax,1000,1,Cerebral hemorrhage,1,294,9393,0.7984128479394835,0.1827468298187195
0.1,0,T1ax,1000,1,Metastatic malignant neoplasm to brain,2,373,9393,0.850330513663411,0.23330528737026718
0.1,0,T1ax,1000,1,Intracranial meningioma,3,181,9393,0.7112420023845909,0.04974426498973108
0.1,0,T1ax,1000,1,Demyelinating disease of central nervous system,4,250,9393,0.7820240621240291,0.19642507949435703
0.1,0,T1ax,1000,1,Herniation of nucleus pulposus,5,138,9393,0.7107117969918335,0.02941619310923678
0.1,0,T1ax,1000,1,Spinal cord compression,6,74,9393,0.6164882556126252,0.012558882520376284
0.1,0,T1ax,1000,1,Lacunar infarct,7,213,9393,0.7916935162171284,0.11195798061471882
0.1,0,T1ax,1000,1,Silent micro-hemorrhage of brain,8,195,9393,0.7179581960403878,0.07090206633344281
0.1,0,T1ax,1000,1,Cavernous hemangioma,9,78,9393,0.5530465061866028,0.017034961576996716
0.1,0,T1ax,1000,1,Subdural intracranial hemorrhage,10,44,9393,0.7892044846799366,0.03367506720403574
0.1,0,T1ax,1000,1,Gliosis,11,3534,9393,0.7701468860805809,0.6579470274459248
0.1,0,T1ax,1000,1,Cerebral atrophy,12,1310,9393,0.9169907061564513,0.7053051430771744
0.1,0,T1ax,1000,1,Encephalomalacia,13,236,9393,0.7553237960030578,0.1331984184970401
0.1,0,T1ax,1000,1,Arachnoid cyst,14,389,9393,0.6798937690075477,0.09670507383086022
0.1,0,T1ax,1000,1,Empty sella syndrome,15,351,9393,0.6958895839674428,0.0794602265100812
0.1,0,T1ax,1000,1,Intracranial aneurysm,16,61,9393,0.6531623955647059,0.01813128123564914
0.1,0,T1ax,1000,1,Chiari malformation,17,56,9393,0.7459339953181658,0.02712504990682236
0.1,0,T1ax,1000,1,Schwannoma,18,38,9393,0.6990463866775436,0.00917634035078575
0.1,0,T1ax,1000,1,Cyst of pineal gland,19,103,9393,0.5876033316960506,0.013918846660620033
0.1,0,T1ax,1000,1,Hemangioma of vertebral column,20,31,9393,0.5905720448484263,0.004058048835526668
0.1,0,T1ax,1000,1,Cerebral edema,22,533,9393,0.8736533273476509,0.4438246447131318
0.1,0,T1ax,1000,1,Spinal stenosis,23,43,9393,0.698915557766447,0.011745496282972123
0.1,0,T1ax,1000,1,Mastoiditis,24,265,9393,0.6300088469234204,0.05179977953362213
0.1,0,T1ax,1000,1,Chronic mastoiditis,25,211,9393,0.798001137605928,0.11326003657869327
0.1,0,T1ax,1000,1,Ventriculomegaly,26,889,9393,0.895926762976359,0.5480599299156862
0.1,0,T1ax,1000,1,Cerebellar degeneration,27,351,9393,0.8098216553204387,0.1815720786969589
0.1,0,T1ax,1000,1,Mega cisterna magna,28,104,9393,0.7464639731030084,0.03860764057354032
0.1,0,T1ax,1000,1,Structure of cave of septum pellucidum,29,99,9393,0.6969229632238025,0.03259529774023366
0.1,0,T1ax,1000,1,Hyperostosis of skull,30,34,9393,0.7305707623363482,0.014978605020691132
0.1,0,T1ax,1000,1,Watershed infarct,31,36,9393,0.8381752223528434,0.024145620057698037
0.1,0,T1ax,1000,1,Foraminal Spinal Stenosis,33,60,9393,0.6591413979070682,0.011640874198035401
0.1,0,T1ax,1000,1,Lipoma of brain,34,22,9393,0.6814252869102939,0.006864966526834749
0.1,0,T1ax,1000,1,Glioma,35,66,9393,0.7310057798960983,0.021749481988147273
0.1,0,T1ax,1000,1,Pituitary adenoma,36,25,9393,0.5785567890691716,0.003775449206096816
0.1,0,FLAIRax+FLAIRsag,0011,2,Cerebral infarction,0,424,9393,0.8140899892081109,0.2506270026831599
0.1,0,FLAIRax+FLAIRsag,0011,2,Cerebral hemorrhage,1,294,9393,0.8159557041851799,0.19173316774795493
0.1,0,FLAIRax+FLAIRsag,0011,2,Metastatic malignant neoplasm to brain,2,373,9393,0.8992456441746967,0.2964830120061808
0.1,0,FLAIRax+FLAIRsag,0011,2,Intracranial meningioma,3,181,9393,0.7226047936513267,0.061424430699879955
0.1,0,FLAIRax+FLAIRsag,0011,2,Demyelinating disease of central nervous system,4,250,9393,0.8124112435743192,0.25541047159319774
0.1,0,FLAIRax+FLAIRsag,0011,2,Herniation of nucleus pulposus,5,138,9393,0.7407034192250174,0.03576551921473607
0.1,0,FLAIRax+FLAIRsag,0011,2,Spinal cord compression,6,74,9393,0.5978616775376084,0.011063491759971114
0.1,0,FLAIRax+FLAIRsag,0011,2,Lacunar infarct,7,213,9393,0.8150853559994682,0.12487688318853479
0.1,0,FLAIRax+FLAIRsag,0011,2,Silent micro-hemorrhage of brain,8,195,9393,0.7242170817513284,0.06565552999550964
0.1,0,FLAIRax+FLAIRsag,0011,2,Cavernous hemangioma,9,78,9393,0.46967945277124024,0.007725462559177921
0.1,0,FLAIRax+FLAIRsag,0011,2,Subdural intracranial hemorrhage,10,44,9393,0.9150541137117241,0.11094864260970755
0.1,0,FLAIRax+FLAIRsag,0011,2,Gliosis,11,3534,9393,0.7869576144855916,0.6802609030057158
0.1,0,FLAIRax+FLAIRsag,0011,2,Cerebral atrophy,12,1310,9393,0.9266645763939586,0.7320653795856886
0.1,0,FLAIRax+FLAIRsag,0011,2,Encephalomalacia,13,236,9393,0.7938874214965673,0.1495458890329654
0.1,0,FLAIRax+FLAIRsag,0011,2,Arachnoid cyst,14,389,9393,0.7209503573961417,0.10969390535430312
0.1,0,FLAIRax+FLAIRsag,0011,2,Empty sella syndrome,15,351,9393,0.7261218775817316,0.09436014082211944
0.1,0,FLAIRax+FLAIRsag,0011,2,Intracranial aneurysm,16,61,9393,0.6427364330735772,0.02011550467619371
0.1,0,FLAIRax+FLAIRsag,0011,2,Chiari malformation,17,56,9393,0.7122794871402561,0.018221669211197968
0.1,0,FLAIRax+FLAIRsag,0011,2,Schwannoma,18,38,9393,0.7364989169878196,0.010370385763233403
0.1,0,FLAIRax+FLAIRsag,0011,2,Cyst of pineal gland,19,103,9393,0.6004937974855518,0.01625542471598109
0.1,0,FLAIRax+FLAIRsag,0011,2,Hemangioma of vertebral column,20,31,9393,0.5741432420698637,0.004161470950310608
0.1,0,FLAIRax+FLAIRsag,0011,2,Cerebral edema,22,533,9393,0.8986049407290391,0.5289633387570549
0.1,0,FLAIRax+FLAIRsag,0011,2,Spinal stenosis,23,43,9393,0.6351349334659869,0.015340145488110682
0.1,0,FLAIRax+FLAIRsag,0011,2,Mastoiditis,24,265,9393,0.7167574785441437,0.07890613297022851
0.1,0,FLAIRax+FLAIRsag,0011,2,Chronic mastoiditis,25,211,9393,0.7486118007517285,0.06679386285967959
0.1,0,FLAIRax+FLAIRsag,0011,2,Ventriculomegaly,26,889,9393,0.8971748357419576,0.5658843599009409
0.1,0,FLAIRax+FLAIRsag,0011,2,Cerebellar degeneration,27,351,9393,0.8203644152549262,0.17229525963079026
0.1,0,FLAIRax+FLAIRsag,0011,2,Mega cisterna magna,28,104,9393,0.7510118461041595,0.0545840746272299
0.1,0,FLAIRax+FLAIRsag,0011,2,Structure of cave of septum pellucidum,29,99,9393,0.6696706683795128,0.028070618717500703
0.1,0,FLAIRax+FLAIRsag,0011,2,Hyperostosis of skull,30,34,9393,0.7462335719628165,0.04006976542125974
0.1,0,FLAIRax+FLAIRsag,0011,2,Watershed infarct,31,36,9393,0.8000546233954378,0.019701756408209873
0.1,0,FLAIRax+FLAIRsag,0011,2,Foraminal Spinal Stenosis,33,60,9393,0.7357727061680774,0.015010197568977299
0.1,0,FLAIRax+FLAIRsag,0011,2,Lipoma of brain,34,22,9393,0.6154286434939513,0.004106199880642672
0.1,0,FLAIRax+FLAIRsag,0011,2,Glioma,35,66,9393,0.7397568479910068,0.036484767771727634
0.1,0,FLAIRax+FLAIRsag,0011,2,Pituitary adenoma,36,25,9393,0.5561528608027327,0.005040143550206176
0.1,0,T2ax+FLAIRsag,0101,2,Cerebral infarction,0,424,9393,0.8107979897214095,0.21644212035779342
0.1,0,T2ax+FLAIRsag,0101,2,Cerebral hemorrhage,1,294,9393,0.8103641500561098,0.18026701795386368
0.1,0,T2ax+FLAIRsag,0101,2,Metastatic malignant neoplasm to brain,2,373,9393,0.8822601546756388,0.26882376661578405
0.1,0,T2ax+FLAIRsag,0101,2,Intracranial meningioma,3,181,9393,0.7318564783383672,0.06051534560059005
0.1,0,T2ax+FLAIRsag,0101,2,Demyelinating disease of central nervous system,4,250,9393,0.8320087498632834,0.24572602573576255
0.1,0,T2ax+FLAIRsag,0101,2,Herniation of nucleus pulposus,5,138,9393,0.7271181265121087,0.03350072776501433
0.1,0,T2ax+FLAIRsag,0101,2,Spinal cord compression,6,74,9393,0.6112432316424161,0.011358515083684252
0.1,0,T2ax+FLAIRsag,0101,2,Lacunar infarct,7,213,9393,0.8138584593983654,0.1303787322030946
0.1,0,T2ax+FLAIRsag,0101,2,Silent micro-hemorrhage of brain,8,195,9393,0.7469366250188167,0.0651086057869913
0.1,0,T2ax+FLAIRsag,0101,2,Cavernous hemangioma,9,78,9393,0.5078781122259384,0.009081670993488965
0.1,0,T2ax+FLAIRsag,0101,2,Subdural intracranial hemorrhage,10,44,9393,0.8514498390688356,0.066268909045252
0.1,0,T2ax+FLAIRsag,0101,2,Gliosis,11,3534,9393,0.7796204582446984,0.6760003352093438
0.1,0,T2ax+FLAIRsag,0101,2,Cerebral atrophy,12,1310,9393,0.9238863395326917,0.7348969823017514
0.1,0,T2ax+FLAIRsag,0101,2,Encephalomalacia,13,236,9393,0.7673938433688778,0.13251711506575242
0.1,0,T2ax+FLAIRsag,0101,2,Arachnoid cyst,14,389,9393,0.7213329351479318,0.12217191861623262
0.1,0,T2ax+FLAIRsag,0101,2,Empty sella syndrome,15,351,9393,0.7334666775056069,0.10484607166217276
0.1,0,T2ax+FLAIRsag,0101,2,Intracranial aneurysm,16,61,9393,0.7109022014854581,0.018472774382901527
0.1,0,T2ax+FLAIRsag,0101,2,Chiari malformation,17,56,9393,0.737614559586285,0.022651233739332463
0.1,0,T2ax+FLAIRsag,0101,2,Schwannoma,18,38,9393,0.6723845959098709,0.006801747921150799
0.1,0,T2ax+FLAIRsag,0101,2,Cyst of pineal gland,19,103,9393,0.5851285963610522,0.01544230399934585
0.1,0,T2ax+FLAIRsag,0101,2,Hemangioma of vertebral column,20,31,9393,0.5978595695708802,0.004793178081254498
0.1,0,T2ax+FLAIRsag,0101,2,Cerebral edema,22,533,9393,0.8831282107750752,0.46024683630244784
0.1,0,T2ax+FLAIRsag,0101,2,Spinal stenosis,23,43,9393,0.6024499440368113,0.016474083039882098
0.1,0,T2ax+FLAIRsag,0101,2,Mastoiditis,24,265,9393,0.72150009094968,0.09578771394400769
0.1,0,T2ax+FLAIRsag,0101,2,Chronic mastoiditis,25,211,9393,0.7718656221063053,0.0922060329943956
0.1,0,T2ax+FLAIRsag,0101,2,Ventriculomegaly,26,889,9393,0.8956534184402867,0.5688317294661008
0.1,0,T2ax+FLAIRsag,0101,2,Cerebellar degeneration,27,351,9393,0.8204337340590382,0.1832781797445036
0.1,0,T2ax+FLAIRsag,0101,2,Mega cisterna magna,28,104,9393,0.7396993549028215,0.042660331136726695
0.1,0,T2ax+FLAIRsag,0101,2,Structure of cave of septum pellucidum,29,99,9393,0.6601402447109355,0.024258222049212977
0.1,0,T2ax+FLAIRsag,0101,2,Hyperostosis of skull,30,34,9393,0.7732412336662413,0.027775052631871754
0.1,0,T2ax+FLAIRsag,0101,2,Watershed infarct,31,36,9393,0.8393834681106243,0.01885856120129379
0.1,0,T2ax+FLAIRsag,0101,2,Foraminal Spinal Stenosis,33,60,9393,0.7156059144969462,0.012795179852633346
0.1,0,T2ax+FLAIRsag,0101,2,Lipoma of brain,34,22,9393,0.5318875447463646,0.006722141120762065
0.1,0,T2ax+FLAIRsag,0101,2,Glioma,35,66,9393,0.7364672781205428,0.03913933582029495
0.1,0,T2ax+FLAIRsag,0101,2,Pituitary adenoma,36,25,9393,0.5021050384286935,0.004542939546252763
0.1,0,T2ax+FLAIRax,0110,2,Cerebral infarction,0,424,9393,0.8102970504273629,0.21490912422958475
0.1,0,T2ax+FLAIRax,0110,2,Cerebral hemorrhage,1,294,9393,0.813460102141747,0.1869058554649239
0.1,0,T2ax+FLAIRax,0110,2,Metastatic malignant neoplasm to brain,2,373,9393,0.8691008363897921,0.28428875940236503
0.1,0,T2ax+FLAIRax,0110,2,Intracranial meningioma,3,181,9393,0.7307775349472103,0.061024157516226266
0.1,0,T2ax+FLAIRax,0110,2,Demyelinating disease of central nervous system,4,250,9393,0.84430427649568,0.29754352994251804
0.1,0,T2ax+FLAIRax,0110,2,Herniation of nucleus pulposus,5,138,9393,0.6901886171986941,0.029211000795254998
0.1,0,T2ax+FLAIRax,0110,2,Spinal cord compression,6,74,9393,0.5498400535958214,0.010228105743944036
0.1,0,T2ax+FLAIRax,0110,2,Lacunar infarct,7,213,9393,0.8079842891773299,0.14870057304327527
0.1,0,T2ax+FLAIRax,0110,2,Silent micro-hemorrhage of brain,8,195,9393,0.7297929873272339,0.06900614149062781
0.1,0,T2ax+FLAIRax,0110,2,Cavernous hemangioma,9,78,9393,0.49397442779085293,0.007977718073615015
0.1,0,T2ax+FLAIRax,0110,2,Subdural intracranial hemorrhage,10,44,9393,0.8025676056748898,0.08488983048673232
0.1,0,T2ax+FLAIRax,0110,2,Gliosis,11,3534,9393,0.7808284827380434,0.683223868340662
0.1,0,T2ax+FLAIRax,0110,2,Cerebral atrophy,12,1310,9393,0.9220168046592936,0.7221647285460903
0.1,0,T2ax+FLAIRax,0110,2,Encephalomalacia,13,236,9393,0.752757916051997,0.1292541060428914
0.1,0,T2ax+FLAIRax,0110,2,Arachnoid cyst,14,389,9393,0.7275726640773196,0.1407275517941391
0.1,0,T2ax+FLAIRax,0110,2,Empty sella syndrome,15,351,9393,0.7411166377103118,0.10861857304605199
0.1,0,T2ax+FLAIRax,0110,2,Intracranial aneurysm,16,61,9393,0.682295363037811,0.022539497247478897
0.1,0,T2ax+FLAIRax,0110,2,Chiari malformation,17,56,9393,0.7905185207852017,0.04221400523134998
0.1,0,T2ax+FLAIRax,0110,2,Schwannoma,18,38,9393,0.6758952431854623,0.0072160155880028175
0.1,0,T2ax+FLAIRax,0110,2,Cyst of pineal gland,19,103,9393,0.6370238381389323,0.0172724970356724
0.1,0,T2ax+FLAIRax,0110,2,Hemangioma of vertebral column,20,31,9393,0.5817460426845656,0.004847564636620585
0.1,0,T2ax+FLAIRax,0110,2,Cerebral edema,22,533,9393,0.893650235686243,0.5014152597528884
0.1,0,T2ax+FLAIRax,0110,2,Spinal stenosis,23,43,9393,0.5791418977739087,0.008727736318158019
0.1,0,T2ax+FLAIRax,0110,2,Mastoiditis,24,265,9393,0.7375250111620063,0.09646753979889286
0.1,0,T2ax+FLAIRax,0110,2,Chronic mastoiditis,25,211,9393,0.7868341211581282,0.08320904493927914
0.1,0,T2ax+FLAIRax,0110,2,Ventriculomegaly,26,889,9393,0.8949350375182407,0.5597445007124702
0.1,0,T2ax+FLAIRax,0110,2,Cerebellar degeneration,27,351,9393,0.824567970553372,0.17678539792838557
0.1,0,T2ax+FLAIRax,0110,2,Mega cisterna magna,28,104,9393,0.7371032321107679,0.04902597474897273
0.1,0,T2ax+FLAIRax,0110,2,Structure of cave of septum pellucidum,29,99,9393,0.702334296265865,0.047009385428939544
0.1,0,T2ax+FLAIRax,0110,2,Hyperostosis of skull,30,34,9393,0.7546023645060118,0.05076789599317814
0.1,0,T2ax+FLAIRax,0110,2,Watershed infarct,31,36,9393,0.8385403678766936,0.01903697862909693
0.1,0,T2ax+FLAIRax,0110,2,Foraminal Spinal Stenosis,33,60,9393,0.6866638094217651,0.011822543424470497
0.1,0,T2ax+FLAIRax,0110,2,Lipoma of brain,34,22,9393,0.5991307806482282,0.0032318402490963544
0.1,0,T2ax+FLAIRax,0110,2,Glioma,35,66,9393,0.7816164215327934,0.03942744515050489
0.1,0,T2ax+FLAIRax,0110,2,Pituitary adenoma,36,25,9393,0.507267292912041,0.004418817879008911
0.1,0,T1ax+FLAIRsag,1001,2,Cerebral infarction,0,424,9393,0.7927483975201796,0.19531593563982963
0.1,0,T1ax+FLAIRsag,1001,2,Cerebral hemorrhage,1,294,9393,0.827690940097327,0.18491246442045003
0.1,0,T1ax+FLAIRsag,1001,2,Metastatic malignant neoplasm to brain,2,373,9393,0.8766503391331745,0.24159673091115885
0.1,0,T1ax+FLAIRsag,1001,2,Intracranial meningioma,3,181,9393,0.7358879722101608,0.04960794094124314
0.1,0,T1ax+FLAIRsag,1001,2,Demyelinating disease of central nervous system,4,250,9393,0.7814892267308322,0.23302548511314894
0.1,0,T1ax+FLAIRsag,1001,2,Herniation of nucleus pulposus,5,138,9393,0.7377837283411238,0.034413807556141006
0.1,0,T1ax+FLAIRsag,1001,2,Spinal cord compression,6,74,9393,0.6196255543020217,0.01267865519784754
0.1,0,T1ax+FLAIRsag,1001,2,Lacunar infarct,7,213,9393,0.8021188130964435,0.1258821793237325
0.1,0,T1ax+FLAIRsag,1001,2,Silent micro-hemorrhage of brain,8,195,9393,0.7442582278198716,0.0784481004547342
0.1,0,T1ax+FLAIRsag,1001,2,Cavernous hemangioma,9,78,9393,0.515581430557276,0.00995260388221406
0.1,0,T1ax+FLAIRsag,1001,2,Subdural intracranial hemorrhage,10,44,9393,0.8768536255700659,0.0826114110645797
0.1,0,T1ax+FLAIRsag,1001,2,Gliosis,11,3534,9393,0.7743734021916471,0.6671604241178989
0.1,0,T1ax+FLAIRsag,1001,2,Cerebral atrophy,12,1310,9393,0.9207452640684953,0.7235707620470566
0.1,0,T1ax+FLAIRsag,1001,2,Encephalomalacia,13,236,9393,0.7613037539124463,0.14278679263099828
0.1,0,T1ax+FLAIRsag,1001,2,Arachnoid cyst,14,389,9393,0.6962903662354007,0.10100160081922899
0.1,0,T1ax+FLAIRsag,1001,2,Empty sella syndrome,15,351,9393,0.7065955581770667,0.08153359352709201
0.1,0,T1ax+FLAIRsag,1001,2,Intracranial aneurysm,16,61,9393,0.6139389936267241,0.014893254508729342
0.1,0,T1ax+FLAIRsag,1001,2,Chiari malformation,17,56,9393,0.7204267966156153,0.01534710973210458
0.1,0,T1ax+FLAIRsag,1001,2,Schwannoma,18,38,9393,0.6954569748797435,0.00959215819444005
0.1,0,T1ax+FLAIRsag,1001,2,Cyst of pineal gland,19,103,9393,0.5886212338144158,0.01516893383512392
0.1,0,T1ax+FLAIRsag,1001,2,Hemangioma of vertebral column,20,31,9393,0.5645919330719242,0.004397156027801056
0.1,0,T1ax+FLAIRsag,1001,2,Cerebral edema,22,533,9393,0.8898326691202318,0.4741385879027084
0.1,0,T1ax+FLAIRsag,1001,2,Spinal stenosis,23,43,9393,0.6391816938191766,0.009580598797340207
0.1,0,T1ax+FLAIRsag,1001,2,Mastoiditis,24,265,9393,0.6616700841697948,0.07417445251348509
0.1,0,T1ax+FLAIRsag,1001,2,Chronic mastoiditis,25,211,9393,0.776797484466311,0.0995197403270182
0.1,0,T1ax+FLAIRsag,1001,2,Ventriculomegaly,26,889,9393,0.9035329897027219,0.5768358568093418
0.1,0,T1ax+FLAIRsag,1001,2,Cerebellar degeneration,27,351,9393,0.8235918357572859,0.17471244321656224
0.1,0,T1ax+FLAIRsag,1001,2,Mega cisterna magna,28,104,9393,0.6982348849342068,0.04732225351967157
0.1,0,T1ax+FLAIRsag,1001,2,Structure of cave of septum pellucidum,29,99,9393,0.675899298559079,0.023794595390938908
0.1,0,T1ax+FLAIRsag,1001,2,Hyperostosis of skull,30,34,9393,0.7592408691225181,0.04232718985806957
0.1,0,T1ax+FLAIRsag,1001,2,Watershed infarct,31,36,9393,0.818403928134611,0.018845119421748463
0.1,0,T1ax+FLAIRsag,1001,2,Foraminal Spinal Stenosis,33,60,9393,0.7377317047037394,0.015116433620512763
0.1,0,T1ax+FLAIRsag,1001,2,Lipoma of brain,34,22,9393,0.6171602914213095,0.006257625803471776
0.1,0,T1ax+FLAIRsag,1001,2,Glioma,35,66,9393,0.7606070352934297,0.03216396523258646
0.1,0,T1ax+FLAIRsag,1001,2,Pituitary adenoma,36,25,9393,0.5746157130657558,0.003603174654935413
0.1,0,T1ax+FLAIRax,1010,2,Cerebral infarction,0,424,9393,0.8048364176818685,0.2162112213261324
0.1,0,T1ax+FLAIRax,1010,2,Cerebral hemorrhage,1,294,9393,0.8208211188640749,0.19691430690328032
0.1,0,T1ax+FLAIRax,1010,2,Metastatic malignant neoplasm to brain,2,373,9393,0.88172842001391,0.26729447094588427
0.1,0,T1ax+FLAIRax,1010,2,Intracranial meningioma,3,181,9393,0.7398840810568967,0.07415403875589166
0.1,0,T1ax+FLAIRax,1010,2,Demyelinating disease of central nervous system,4,250,9393,0.825971344197747,0.2731450446693353
0.1,0,T1ax+FLAIRax,1010,2,Herniation of nucleus pulposus,5,138,9393,0.6944573634306564,0.029083773120915393
0.1,0,T1ax+FLAIRax,1010,2,Spinal cord compression,6,74,9393,0.6071785918335978,0.012031678769598524
0.1,0,T1ax+FLAIRax,1010,2,Lacunar infarct,7,213,9393,0.8095282661838863,0.14012279766084954
0.1,0,T1ax+FLAIRax,1010,2,Silent micro-hemorrhage of brain,8,195,9393,0.7307268581241184,0.06433005009376505
0.1,0,T1ax+FLAIRax,1010,2,Cavernous hemangioma,9,78,9393,0.50297287253809,0.00890345203603422
0.1,0,T1ax+FLAIRax,1010,2,Subdural intracranial hemorrhage,10,44,9393,0.803240988340999,0.09376404137253583
0.1,0,T1ax+FLAIRax,1010,2,Gliosis,11,3534,9393,0.7803302142897227,0.6746097196731548
0.1,0,T1ax+FLAIRax,1010,2,Cerebral atrophy,12,1310,9393,0.9225428356375127,0.7207426421326941
0.1,0,T1ax+FLAIRax,1010,2,Encephalomalacia,13,236,9393,0.7654651530828503,0.13666767226172297
0.1,0,T1ax+FLAIRax,1010,2,Arachnoid cyst,14,389,9393,0.7209195227713704,0.11003705844518019
0.1,0,T1ax+FLAIRax,1010,2,Empty sella syndrome,15,351,9393,0.7227770877405915,0.0987842226992351
0.1,0,T1ax+FLAIRax,1010,2,Intracranial aneurysm,16,61,9393,0.6403420629176533,0.0168045537535838
0.1,0,T1ax+FLAIRax,1010,2,Chiari malformation,17,56,9393,0.7801756452822106,0.029682699217469632
0.1,0,T1ax+FLAIRax,1010,2,Schwannoma,18,38,9393,0.7129905201271484,0.008625355456442944
0.1,0,T1ax+FLAIRax,1010,2,Cyst of pineal gland,19,103,9393,0.5757229299695883,0.013615608525752313
0.1,0,T1ax+FLAIRax,1010,2,Hemangioma of vertebral column,20,31,9393,0.5386531689534217,0.0036428014951743718
0.1,0,T1ax+FLAIRax,1010,2,Cerebral edema,22,533,9393,0.9016678030992846,0.4931657039715054
0.1,0,T1ax+FLAIRax,1010,2,Spinal stenosis,23,43,9393,0.6330033577913196,0.010704087564426625
0.1,0,T1ax+FLAIRax,1010,2,Mastoiditis,24,265,9393,0.6744638102955037,0.06308519461694931
0.1,0,T1ax+FLAIRax,1010,2,Chronic mastoiditis,25,211,9393,0.7937240180406544,0.09877818164378199
0.1,0,T1ax+FLAIRax,1010,2,Ventriculomegaly,26,889,9393,0.8988528656401485,0.5634315677774158
0.1,0,T1ax+FLAIRax,1010,2,Cerebellar degeneration,27,351,9393,0.8356106135911489,0.1963610266870374
0.1,0,T1ax+FLAIRax,1010,2,Mega cisterna magna,28,104,9393,0.7311201421035634,0.038622387275567
0.1,0,T1ax+FLAIRax,1010,2,Structure of cave of septum pellucidum,29,99,9393,0.7185574270790539,0.04834880797245998
0.1,0,T1ax+FLAIRax,1010,2,Hyperostosis of skull,30,34,9393,0.7630497225068037,0.04060481058575466
0.1,0,T1ax+FLAIRax,1010,2,Watershed infarct,31,36,9393,0.8199832567418333,0.02096067078012563
0.1,0,T1ax+FLAIRax,1010,2,Foraminal Spinal Stenosis,33,60,9393,0.720102503660845,0.01509592942810658
0.1,0,T1ax+FLAIRax,1010,2,Lipoma of brain,34,22,9393,0.6755270127375559,0.005124691181034068
0.1,0,T1ax+FLAIRax,1010,2,Glioma,35,66,9393,0.7396886198751751,0.03056706297576919
0.1,0,T1ax+FLAIRax,1010,2,Pituitary adenoma,36,25,9393,0.5178757472245943,0.0031548739300208536
0.1,0,T1ax+T2ax,1100,2,Cerebral infarction,0,424,9393,0.8063997164236564,0.20610145334465735
0.1,0,T1ax+T2ax,1100,2,Cerebral hemorrhage,1,294,9393,0.8022829749550111,0.19442252196587623
0.1,0,T1ax+T2ax,1100,2,Metastatic malignant neoplasm to brain,2,373,9393,0.8671008126118308,0.2667968016377343
0.1,0,T1ax+T2ax,1100,2,Intracranial meningioma,3,181,9393,0.7321023742752067,0.05872488820795152
0.1,0,T1ax+T2ax,1100,2,Demyelinating disease of central nervous system,4,250,9393,0.8266748332057312,0.26034747186831564
0.1,0,T1ax+T2ax,1100,2,Herniation of nucleus pulposus,5,138,9393,0.6970756113029386,0.03378542114016697
0.1,0,T1ax+T2ax,1100,2,Spinal cord compression,6,74,9393,0.5793801098018289,0.010061365479307196
0.1,0,T1ax+T2ax,1100,2,Lacunar infarct,7,213,9393,0.8129997852035963,0.12547173129730638
0.1,0,T1ax+T2ax,1100,2,Silent micro-hemorrhage of brain,8,195,9393,0.7259493423876986,0.061950910777674124
0.1,0,T1ax+T2ax,1100,2,Cavernous hemangioma,9,78,9393,0.5514664794858031,0.011070065939526488
0.1,0,T1ax+T2ax,1100,2,Subdural intracranial hemorrhage,10,44,9393,0.8138157702817025,0.03408714301537252
0.1,0,T1ax+T2ax,1100,2,Gliosis,11,3534,9393,0.7789104365724115,0.674402947760598
0.1,0,T1ax+T2ax,1100,2,Cerebral atrophy,12,1310,9393,0.9181947221243719,0.7118812892631372
0.1,0,T1ax+T2ax,1100,2,Encephalomalacia,13,236,9393,0.7500689479012999,0.12165403781546343
0.1,0,T1ax+T2ax,1100,2,Arachnoid cyst,14,389,9393,0.6945978879424055,0.12190578587424634
0.1,0,T1ax+T2ax,1100,2,Empty sella syndrome,15,351,9393,0.7248670496845679,0.09581089784073071
0.1,0,T1ax+T2ax,1100,2,Intracranial aneurysm,16,61,9393,0.721111212608827,0.017085829624416272
0.1,0,T1ax+T2ax,1100,2,Chiari malformation,17,56,9393,0.7937850946311907,0.03846978420774442
0.1,0,T1ax+T2ax,1100,2,Schwannoma,18,38,9393,0.6768263523587161,0.007147351375855208
0.1,0,T1ax+T2ax,1100,2,Cyst of pineal gland,19,103,9393,0.6005747907239228,0.016337015556662185
0.1,0,T1ax+T2ax,1100,2,Hemangioma of vertebral column,20,31,9393,0.6103396710104678,0.004788681691571444
0.1,0,T1ax+T2ax,1100,2,Cerebral edema,22,533,9393,0.8831220698037854,0.4574350877873503
0.1,0,T1ax+T2ax,1100,2,Spinal stenosis,23,43,9393,0.5962168884467106,0.012808953768104946
0.1,0,T1ax+T2ax,1100,2,Mastoiditis,24,265,9393,0.7012261670497577,0.07807319361858754
0.1,0,T1ax+T2ax,1100,2,Chronic mastoiditis,25,211,9393,0.8108926283755256,0.10190540193557215
0.1,0,T1ax+T2ax,1100,2,Ventriculomegaly,26,889,9393,0.8978171590263353,0.5697325414134
0.1,0,T1ax+T2ax,1100,2,Cerebellar degeneration,27,351,9393,0.8245503257668707,0.19787173891541024
0.1,0,T1ax+T2ax,1100,2,Mega cisterna magna,28,104,9393,0.7671708472386694,0.04423608303035814
0.1,0,T1ax+T2ax,1100,2,Structure of cave of septum pellucidum,29,99,9393,0.7516710031235532,0.03833514706132339
0.1,0,T1ax+T2ax,1100,2,Hyperostosis of skull,30,34,9393,0.7495458916550913,0.018954687991695994
0.1,0,T1ax+T2ax,1100,2,Watershed infarct,31,36,9393,0.8628507475092919,0.02082765672712586
0.1,0,T1ax+T2ax,1100,2,Foraminal Spinal Stenosis,33,60,9393,0.6655701989356763,0.010581850061605256
0.1,0,T1ax+T2ax,1100,2,Lipoma of brain,34,22,9393,0.6697645540885324,0.0038459392310836167
0.1,0,T1ax+T2ax,1100,2,Glioma,35,66,9393,0.7538508273471284,0.02550796850701817
0.1,0,T1ax+T2ax,1100,2,Pituitary adenoma,36,25,9393,0.5546242527754056,0.0049233282912072625
0.1,0,T2ax+FLAIRax+FLAIRsag,0111,3,Cerebral infarction,0,424,9393,0.8144836407163458,0.24190778449024658
0.1,0,T2ax+FLAIRax+FLAIRsag,0111,3,Cerebral hemorrhage,1,294,9393,0.8205603815325448,0.18843747043039458
0.1,0,T2ax+FLAIRax+FLAIRsag,0111,3,Metastatic malignant neoplasm to brain,2,373,9393,0.8925809788197809,0.2992220575725185
0.1,0,T2ax+FLAIRax+FLAIRsag,0111,3,Intracranial meningioma,3,181,9393,0.7326247532044439,0.06033863969180968
0.1,0,T2ax+FLAIRax+FLAIRsag,0111,3,Demyelinating disease of central nervous system,4,250,9393,0.8431547632068249,0.27567746288039646
0.1,0,T2ax+FLAIRax+FLAIRsag,0111,3,Herniation of nucleus pulposus,5,138,9393,0.7225393246110602,0.03408691772371922
0.1,0,T2ax+FLAIRax+FLAIRsag,0111,3,Spinal cord compression,6,74,9393,0.571371188765759,0.010367354922688221
0.1,0,T2ax+FLAIRax+FLAIRsag,0111,3,Lacunar infarct,7,213,9393,0.8129317663424264,0.13237151720713525
0.1,0,T2ax+FLAIRax+FLAIRsag,0111,3,Silent micro-hemorrhage of brain,8,195,9393,0.7256092461571914,0.07077588576368306
0.1,0,T2ax+FLAIRax+FLAIRsag,0111,3,Cavernous hemangioma,9,78,9393,0.48393960664492064,0.008104398393515429
0.1,0,T2ax+FLAIRax+FLAIRsag,0111,3,Subdural intracranial hemorrhage,10,44,9393,0.8795836209998152,0.10365783218021883
0.1,0,T2ax+FLAIRax+FLAIRsag,0111,3,Gliosis,11,3534,9393,0.7865141376971159,0.6849048078345965
0.1,0,T2ax+FLAIRax+FLAIRsag,0111,3,Cerebral atrophy,12,1310,9393,0.9275369189695082,0.7392657232038755
0.1,0,T2ax+FLAIRax+FLAIRsag,0111,3,Encephalomalacia,13,236,9393,0.7709342486899899,0.15470679710122073
0.1,0,T2ax+FLAIRax+FLAIRsag,0111,3,Arachnoid cyst,14,389,9393,0.7267344190927997,0.12741134652296118
0.1,0,T2ax+FLAIRax+FLAIRsag,0111,3,Empty sella syndrome,15,351,9393,0.7508855477225307,0.10707551267958325
0.1,0,T2ax+FLAIRax+FLAIRsag,0111,3,Intracranial aneurysm,16,61,9393,0.6813344529312151,0.029580308417071276
0.1,0,T2ax+FLAIRax+FLAIRsag,0111,3,Chiari malformation,17,56,9393,0.7260419376061445,0.023511314996493088
0.1,0,T2ax+FLAIRax+FLAIRsag,0111,3,Schwannoma,18,38,9393,0.6885566401305241,0.008034353026523462
0.1,0,T2ax+FLAIRax+FLAIRsag,0111,3,Cyst of pineal gland,19,103,9393,0.6110704693427529,0.015701716002921095
0.1,0,T2ax+FLAIRax+FLAIRsag,0111,3,Hemangioma of vertebral column,20,31,9393,0.5757178987120204,0.004205720378290296
0.1,0,T2ax+FLAIRax+FLAIRsag,0111,3,Cerebral edema,22,533,9393,0.8956678623914214,0.5094902609876001
0.1,0,T2ax+FLAIRax+FLAIRsag,0111,3,Spinal stenosis,23,43,9393,0.5903793060564605,0.0311707111905657
0.1,0,T2ax+FLAIRax+FLAIRsag,0111,3,Mastoiditis,24,265,9393,0.7355170902716914,0.09396750749742408
0.1,0,T2ax+FLAIRax+FLAIRsag,0111,3,Chronic mastoiditis,25,211,9393,0.7748484826587357,0.08457402373218464
0.1,0,T2ax+FLAIRax+FLAIRsag,0111,3,Ventriculomegaly,26,889,9393,0.9004726949112546,0.5694577213505314
0.1,0,T2ax+FLAIRax+FLAIRsag,0111,3,Cerebellar degeneration,27,351,9393,0.8331874487592249,0.17904340646804284
0.1,0,T2ax+FLAIRax+FLAIRsag,0111,3,Mega cisterna magna,28,104,9393,0.7515930753496691,0.048385870753670825
0.1,0,T2ax+FLAIRax+FLAIRsag,0111,3,Structure of cave of septum pellucidum,29,99,9393,0.7040721395143603,0.033833700920364064
0.1,0,T2ax+FLAIRax+FLAIRsag,0111,3,Hyperostosis of skull,30,34,9393,0.7489959334519146,0.054573111643283594
0.1,0,T2ax+FLAIRax+FLAIRsag,0111,3,Watershed infarct,31,36,9393,0.8225155261064206,0.018473427161144744
0.1,0,T2ax+FLAIRax+FLAIRsag,0111,3,Foraminal Spinal Stenosis,33,60,9393,0.7063716561305761,0.012474048524735767
0.1,0,T2ax+FLAIRax+FLAIRsag,0111,3,Lipoma of brain,34,22,9393,0.5841522686043015,0.0035043323624324506
0.1,0,T2ax+FLAIRax+FLAIRsag,0111,3,Glioma,35,66,9393,0.7526438394884842,0.040380994383164795
0.1,0,T2ax+FLAIRax+FLAIRsag,0111,3,Pituitary adenoma,36,25,9393,0.5191417591801879,0.004401056062382046
0.1,0,T1ax+FLAIRax+FLAIRsag,1011,3,Cerebral infarction,0,424,9393,0.80928728303149,0.23091190988633603
0.1,0,T1ax+FLAIRax+FLAIRsag,1011,3,Cerebral hemorrhage,1,294,9393,0.8248704911132493,0.19244064771904956
0.1,0,T1ax+FLAIRax+FLAIRsag,1011,3,Metastatic malignant neoplasm to brain,2,373,9393,0.892008821623678,0.2785390965273601
0.1,0,T1ax+FLAIRax+FLAIRsag,1011,3,Intracranial meningioma,3,181,9393,0.738349930309493,0.06444241814617957
0.1,0,T1ax+FLAIRax+FLAIRsag,1011,3,Demyelinating disease of central nervous system,4,250,9393,0.817795909438915,0.2554947151519338
0.1,0,T1ax+FLAIRax+FLAIRsag,1011,3,Herniation of nucleus pulposus,5,138,9393,0.7389346925672765,0.03499835431149667
0.1,0,T1ax+FLAIRax+FLAIRsag,1011,3,Spinal cord compression,6,74,9393,0.6048685771295493,0.011633560448803846
0.1,0,T1ax+FLAIRax+FLAIRsag,1011,3,Lacunar infarct,7,213,9393,0.8070161711006781,0.13610219545931865
0.1,0,T1ax+FLAIRax+FLAIRsag,1011,3,Silent micro-hemorrhage of brain,8,195,9393,0.7322868405060187,0.07175176563752081
0.1,0,T1ax+FLAIRax+FLAIRsag,1011,3,Cavernous hemangioma,9,78,9393,0.4791018071211307,0.007844964490022168
0.1,0,T1ax+FLAIRax+FLAIRsag,1011,3,Subdural intracranial hemorrhage,10,44,9393,0.8786914497418294,0.11172426642870484
0.1,0,T1ax+FLAIRax+FLAIRsag,1011,3,Gliosis,11,3534,9393,0.7850191633166239,0.6802204697904266
0.1,0,T1ax+FLAIRax+FLAIRsag,1011,3,Cerebral atrophy,12,1310,9393,0.9258479534372865,0.7302972705386301
0.1,0,T1ax+FLAIRax+FLAIRsag,1011,3,Encephalomalacia,13,236,9393,0.7697649107934468,0.15655247590631094
0.1,0,T1ax+FLAIRax+FLAIRsag,1011,3,Arachnoid cyst,14,389,9393,0.7255310122093694,0.11563326985055129
0.1,0,T1ax+FLAIRax+FLAIRsag,1011,3,Empty sella syndrome,15,351,9393,0.7315936519099536,0.09461050002428917
0.1,0,T1ax+FLAIRax+FLAIRsag,1011,3,Intracranial aneurysm,16,61,9393,0.6431633090441491,0.016439340982191852
0.1,0,T1ax+FLAIRax+FLAIRsag,1011,3,Chiari malformation,17,56,9393,0.735522269312566,0.02009746266479908
0.1,0,T1ax+FLAIRax+FLAIRsag,1011,3,Schwannoma,18,38,9393,0.7102028186446876,0.010048159252274967
0.1,0,T1ax+FLAIRax+FLAIRsag,1011,3,Cyst of pineal gland,19,103,9393,0.5801446382476199,0.014991428408726666
0.1,0,T1ax+FLAIRax+FLAIRsag,1011,3,Hemangioma of vertebral column,20,31,9393,0.544045592684221,0.00404595303954145
0.1,0,T1ax+FLAIRax+FLAIRsag,1011,3,Cerebral edema,22,533,9393,0.9046679852108469,0.5090316232552742
0.1,0,T1ax+FLAIRax+FLAIRsag,1011,3,Spinal stenosis,23,43,9393,0.6392264643701032,0.012667690269760947
0.1,0,T1ax+FLAIRax+FLAIRsag,1011,3,Mastoiditis,24,265,9393,0.6955959684487292,0.08182470679575324
0.1,0,T1ax+FLAIRax+FLAIRsag,1011,3,Chronic mastoiditis,25,211,9393,0.780376504205116,0.08829232337592063
0.1,0,T1ax+FLAIRax+FLAIRsag,1011,3,Ventriculomegaly,26,889,9393,0.9042676403455212,0.5756887753248798
0.1,0,T1ax+FLAIRax+FLAIRsag,1011,3,Cerebellar degeneration,27,351,9393,0.8358571679739564,0.19266035489676386
0.1,0,T1ax+FLAIRax+FLAIRsag,1011,3,Mega cisterna magna,28,104,9393,0.7270706874135661,0.056414044008347874
0.1,0,T1ax+FLAIRax+FLAIRsag,1011,3,Structure of cave of septum pellucidum,29,99,9393,0.6883272144731152,0.03346482140240385
0.1,0,T1ax+FLAIRax+FLAIRsag,1011,3,Hyperostosis of skull,30,34,9393,0.7602653626895786,0.0520064807967326
0.1,0,T1ax+FLAIRax+FLAIRsag,1011,3,Watershed infarct,31,36,9393,0.7982288957761865,0.02387080875137252
0.1,0,T1ax+FLAIRax+FLAIRsag,1011,3,Foraminal Spinal Stenosis,33,60,9393,0.771623986570949,0.016186072652687764
0.1,0,T1ax+FLAIRax+FLAIRsag,1011,3,Lipoma of brain,34,22,9393,0.6384542253179539,0.004455909205561264
0.1,0,T1ax+FLAIRax+FLAIRsag,1011,3,Glioma,35,66,9393,0.7409264728338385,0.03725168877669044
0.1,0,T1ax+FLAIRax+FLAIRsag,1011,3,Pituitary adenoma,36,25,9393,0.5323057216054654,0.0036319082945801885
0.1,0,T1ax+T2ax+FLAIRsag,1101,3,Cerebral infarction,0,424,9393,0.8051396108608898,0.21175715026522793
0.1,0,T1ax+T2ax+FLAIRsag,1101,3,Cerebral hemorrhage,1,294,9393,0.8225950672608862,0.18569482516946706
0.1,0,T1ax+T2ax+FLAIRsag,1101,3,Metastatic malignant neoplasm to brain,2,373,9393,0.8815266045665575,0.2670104628999282
0.1,0,T1ax+T2ax+FLAIRsag,1101,3,Intracranial meningioma,3,181,9393,0.7638919209390586,0.061527621291825374
0.1,0,T1ax+T2ax+FLAIRsag,1101,3,Demyelinating disease of central nervous system,4,250,9393,0.8228087061139671,0.24698350667381375
0.1,0,T1ax+T2ax+FLAIRsag,1101,3,Herniation of nucleus pulposus,5,138,9393,0.7193784793178775,0.03307976800943673
0.1,0,T1ax+T2ax+FLAIRsag,1101,3,Spinal cord compression,6,74,9393,0.5956560702778108,0.011347246717994704
0.1,0,T1ax+T2ax+FLAIRsag,1101,3,Lacunar infarct,7,213,9393,0.8161930917385212,0.1379381418660729
0.1,0,T1ax+T2ax+FLAIRsag,1101,3,Silent micro-hemorrhage of brain,8,195,9393,0.737411142890595,0.06713520619140739
0.1,0,T1ax+T2ax+FLAIRsag,1101,3,Cavernous hemangioma,9,78,9393,0.5239233659523514,0.009510639631613905
0.1,0,T1ax+T2ax+FLAIRsag,1101,3,Subdural intracranial hemorrhage,10,44,9393,0.8403475335232743,0.0666991999253122
0.1,0,T1ax+T2ax+FLAIRsag,1101,3,Gliosis,11,3534,9393,0.7781332112027477,0.672436043890733
0.1,0,T1ax+T2ax+FLAIRsag,1101,3,Cerebral atrophy,12,1310,9393,0.9225638013246159,0.7297739916147478
0.1,0,T1ax+T2ax+FLAIRsag,1101,3,Encephalomalacia,13,236,9393,0.7545727728902405,0.13295840168864909
0.1,0,T1ax+T2ax+FLAIRsag,1101,3,Arachnoid cyst,14,389,9393,0.7168610580387579,0.1264699445979053
0.1,0,T1ax+T2ax+FLAIRsag,1101,3,Empty sella syndrome,15,351,9393,0.7244319166460286,0.09407040137038591
0.1,0,T1ax+T2ax+FLAIRsag,1101,3,Intracranial aneurysm,16,61,9393,0.6892799673958107,0.015543514250731619
0.1,0,T1ax+T2ax+FLAIRsag,1101,3,Chiari malformation,17,56,9393,0.7400090270658977,0.021396883951470637
0.1,0,T1ax+T2ax+FLAIRsag,1101,3,Schwannoma,18,38,9393,0.6649497876170919,0.00779056935678688
0.1,0,T1ax+T2ax+FLAIRsag,1101,3,Cyst of pineal gland,19,103,9393,0.5898345647789145,0.014861176968782041
0.1,0,T1ax+T2ax+FLAIRsag,1101,3,Hemangioma of vertebral column,20,31,9393,0.5891972352199351,0.004565350936335922
0.1,0,T1ax+T2ax+FLAIRsag,1101,3,Cerebral edema,22,533,9393,0.8913488537559451,0.477855371725461
0.1,0,T1ax+T2ax+FLAIRsag,1101,3,Spinal stenosis,23,43,9393,0.5921552045765452,0.032298468941478954
0.1,0,T1ax+T2ax+FLAIRsag,1101,3,Mastoiditis,24,265,9393,0.7095943644270997,0.08352675088586028
0.1,0,T1ax+T2ax+FLAIRsag,1101,3,Chronic mastoiditis,25,211,9393,0.7910567863561615,0.10183398142307665
0.1,0,T1ax+T2ax+FLAIRsag,1101,3,Ventriculomegaly,26,889,9393,0.90334251492317,0.5811424422429831
0.1,0,T1ax+T2ax+FLAIRsag,1101,3,Cerebellar degeneration,27,351,9393,0.833347512179629,0.19727373959010075
0.1,0,T1ax+T2ax+FLAIRsag,1101,3,Mega cisterna magna,28,104,9393,0.7473645420141275,0.03853437553348725
0.1,0,T1ax+T2ax+FLAIRsag,1101,3,Structure of cave of septum pellucidum,29,99,9393,0.7004160390215911,0.02577763800980093
0.1,0,T1ax+T2ax+FLAIRsag,1101,3,Hyperostosis of skull,30,34,9393,0.7632131386586047,0.045315452349935094
0.1,0,T1ax+T2ax+FLAIRsag,1101,3,Watershed infarct,31,36,9393,0.8396179924714712,0.01795060679454046
0.1,0,T1ax+T2ax+FLAIRsag,1101,3,Foraminal Spinal Stenosis,33,60,9393,0.70715382692239,0.011891472214215755
0.1,0,T1ax+T2ax+FLAIRsag,1101,3,Lipoma of brain,34,22,9393,0.6182565167198611,0.00345218349775077
0.1,0,T1ax+T2ax+FLAIRsag,1101,3,Glioma,35,66,9393,0.7375800462001814,0.032089480753319806
0.1,0,T1ax+T2ax+FLAIRsag,1101,3,Pituitary adenoma,36,25,9393,0.5591033304867635,0.004089110630058305
0.1,0,T1ax+T2ax+FLAIRax,1110,3,Cerebral infarction,0,424,9393,0.8117856684554977,0.21686114135294468
0.1,0,T1ax+T2ax+FLAIRax,1110,3,Cerebral hemorrhage,1,294,9393,0.8149467722026715,0.19929073154727597
0.1,0,T1ax+T2ax+FLAIRax,1110,3,Metastatic malignant neoplasm to brain,2,373,9393,0.8787820333723689,0.2833913142764923
0.1,0,T1ax+T2ax+FLAIRax,1110,3,Intracranial meningioma,3,181,9393,0.7462341936892307,0.07332350355772682
0.1,0,T1ax+T2ax+FLAIRax,1110,3,Demyelinating disease of central nervous system,4,250,9393,0.8493767909876409,0.30432190973236695
0.1,0,T1ax+T2ax+FLAIRax,1110,3,Herniation of nucleus pulposus,5,138,9393,0.692864021797853,0.029474629559346453
0.1,0,T1ax+T2ax+FLAIRax,1110,3,Spinal cord compression,6,74,9393,0.5755373358120434,0.010572750388670903
0.1,0,T1ax+T2ax+FLAIRax,1110,3,Lacunar infarct,7,213,9393,0.811138727791586,0.15025831330671247
0.1,0,T1ax+T2ax+FLAIRax,1110,3,Silent micro-hemorrhage of brain,8,195,9393,0.7296572276024331,0.06394167323326329
0.1,0,T1ax+T2ax+FLAIRax,1110,3,Cavernous hemangioma,9,78,9393,0.5427446770441939,0.009880564391390966
0.1,0,T1ax+T2ax+FLAIRax,1110,3,Subdural intracranial hemorrhage,10,44,9393,0.8147055105553341,0.07888366595017128
0.1,0,T1ax+T2ax+FLAIRax,1110,3,Gliosis,11,3534,9393,0.7817446553138542,0.6797868008214712
0.1,0,T1ax+T2ax+FLAIRax,1110,3,Cerebral atrophy,12,1310,9393,0.9216845646267307,0.7211176571495409
0.1,0,T1ax+T2ax+FLAIRax,1110,3,Encephalomalacia,13,236,9393,0.7606425018925967,0.13078286794924956
0.1,0,T1ax+T2ax+FLAIRax,1110,3,Arachnoid cyst,14,389,9393,0.7246076865009438,0.13269302393855548
0.1,0,T1ax+T2ax+FLAIRax,1110,3,Empty sella syndrome,15,351,9393,0.7413718569436331,0.10363197832284882
0.1,0,T1ax+T2ax+FLAIRax,1110,3,Intracranial aneurysm,16,61,9393,0.6905096512616556,0.019286267247659448
0.1,0,T1ax+T2ax+FLAIRax,1110,3,Chiari malformation,17,56,9393,0.7789458988050613,0.0434919924119738
0.1,0,T1ax+T2ax+FLAIRax,1110,3,Schwannoma,18,38,9393,0.6782834960195786,0.007906623645865606
0.1,0,T1ax+T2ax+FLAIRax,1110,3,Cyst of pineal gland,19,103,9393,0.6037904835557599,0.015387643525241274
0.1,0,T1ax+T2ax+FLAIRax,1110,3,Hemangioma of vertebral column,20,31,9393,0.5687370357863979,0.003934718231730653
0.1,0,T1ax+T2ax+FLAIRax,1110,3,Cerebral edema,22,533,9393,0.8945914983546432,0.49072191636592655
0.1,0,T1ax+T2ax+FLAIRax,1110,3,Spinal stenosis,23,43,9393,0.5567031463748289,0.009358839593589725
0.1,0,T1ax+T2ax+FLAIRax,1110,3,Mastoiditis,24,265,9393,0.7133979213864039,0.08621648553805503
0.1,0,T1ax+T2ax+FLAIRax,1110,3,Chronic mastoiditis,25,211,9393,0.8066152507326823,0.1039554846762974
0.1,0,T1ax+T2ax+FLAIRax,1110,3,Ventriculomegaly,26,889,9393,0.898210806904076,0.5700771215833742
0.1,0,T1ax+T2ax+FLAIRax,1110,3,Cerebellar degeneration,27,351,9393,0.836871428112304,0.19669862425796472
0.1,0,T1ax+T2ax+FLAIRax,1110,3,Mega cisterna magna,28,104,9393,0.7380638389492948,0.037811796961419064
0.1,0,T1ax+T2ax+FLAIRax,1110,3,Structure of cave of septum pellucidum,29,99,9393,0.7333948479849062,0.05522078346751939
0.1,0,T1ax+T2ax+FLAIRax,1110,3,Hyperostosis of skull,30,34,9393,0.7649855753819852,0.04482642656720924
0.1,0,T1ax+T2ax+FLAIRax,1110,3,Watershed infarct,31,36,9393,0.8345148611259543,0.01869610773899713
0.1,0,T1ax+T2ax+FLAIRax,1110,3,Foraminal Spinal Stenosis,33,60,9393,0.6933283331547555,0.01279477201422701
0.1,0,T1ax+T2ax+FLAIRax,1110,3,Lipoma of brain,34,22,9393,0.6603641796257312,0.004118626584033086
0.1,0,T1ax+T2ax+FLAIRax,1110,3,Glioma,35,66,9393,0.7591222615346128,0.03479263397049433
0.1,0,T1ax+T2ax+FLAIRax,1110,3,Pituitary adenoma,36,25,9393,0.5520879590093937,0.004682913248150331
0.1,0,T1ax+T2ax+FLAIRax+FLAIRsag,1111,4,Cerebral infarction,0,424,9393,0.8122332268168976,0.23054597327661006
0.1,0,T1ax+T2ax+FLAIRax+FLAIRsag,1111,4,Cerebral hemorrhage,1,294,9393,0.8230914961874408,0.19421883846957927
0.1,0,T1ax+T2ax+FLAIRax+FLAIRsag,1111,4,Metastatic malignant neoplasm to brain,2,373,9393,0.8942368166065282,0.28775077005872546
0.1,0,T1ax+T2ax+FLAIRax+FLAIRsag,1111,4,Intracranial meningioma,3,181,9393,0.7537496131637093,0.0652040370274563
0.1,0,T1ax+T2ax+FLAIRax+FLAIRsag,1111,4,Demyelinating disease of central nervous system,4,250,9393,0.8469132669802035,0.271474179188903
0.1,0,T1ax+T2ax+FLAIRax+FLAIRsag,1111,4,Herniation of nucleus pulposus,5,138,9393,0.7201724097432645,0.034889567568418454
0.1,0,T1ax+T2ax+FLAIRax+FLAIRsag,1111,4,Spinal cord compression,6,74,9393,0.5774819244612142,0.010967258175292585
0.1,0,T1ax+T2ax+FLAIRax+FLAIRsag,1111,4,Lacunar infarct,7,213,9393,0.8149605695173218,0.14102657058307239
0.1,0,T1ax+T2ax+FLAIRax+FLAIRsag,1111,4,Silent micro-hemorrhage of brain,8,195,9393,0.7264845757996443,0.06937611889428141
0.1,0,T1ax+T2ax+FLAIRax+FLAIRsag,1111,4,Cavernous hemangioma,9,78,9393,0.5096811043670947,0.008388718147162426
0.1,0,T1ax+T2ax+FLAIRax+FLAIRsag,1111,4,Subdural intracranial hemorrhage,10,44,9393,0.8620440688843726,0.09405324932893376
0.1,0,T1ax+T2ax+FLAIRax+FLAIRsag,1111,4,Gliosis,11,3534,9393,0.7850367913076715,0.6817796160887943
0.1,0,T1ax+T2ax+FLAIRax+FLAIRsag,1111,4,Cerebral atrophy,12,1310,9393,0.9255873933890089,0.7327678726236591
0.1,0,T1ax+T2ax+FLAIRax+FLAIRsag,1111,4,Encephalomalacia,13,236,9393,0.761730397972839,0.14967768326092917
0.1,0,T1ax+T2ax+FLAIRax+FLAIRsag,1111,4,Arachnoid cyst,14,389,9393,0.7295335178081378,0.13305664727592698
0.1,0,T1ax+T2ax+FLAIRax+FLAIRsag,1111,4,Empty sella syndrome,15,351,9393,0.7472009381985052,0.10253497118232219
0.1,0,T1ax+T2ax+FLAIRax+FLAIRsag,1111,4,Intracranial aneurysm,16,61,9393,0.6906976172240062,0.019915799642866935
0.1,0,T1ax+T2ax+FLAIRax+FLAIRsag,1111,4,Chiari malformation,17,56,9393,0.729038846983583,0.02275397522892319
0.1,0,T1ax+T2ax+FLAIRax+FLAIRsag,1111,4,Schwannoma,18,38,9393,0.682798390953332,0.008333711134735987
0.1,0,T1ax+T2ax+FLAIRax+FLAIRsag,1111,4,Cyst of pineal gland,19,103,9393,0.599983278815304,0.01501723371396188
0.1,0,T1ax+T2ax+FLAIRax+FLAIRsag,1111,4,Hemangioma of vertebral column,20,31,9393,0.5656876460089173,0.004180506835826528
0.1,0,T1ax+T2ax+FLAIRax+FLAIRsag,1111,4,Cerebral edema,22,533,9393,0.8989655639740979,0.5008827885833612
0.1,0,T1ax+T2ax+FLAIRax+FLAIRsag,1111,4,Spinal stenosis,23,43,9393,0.5852406417112299,0.030176389654107336
0.1,0,T1ax+T2ax+FLAIRax+FLAIRsag,1111,4,Mastoiditis,24,265,9393,0.7221760124353017,0.0951931107113538
0.1,0,T1ax+T2ax+FLAIRax+FLAIRsag,1111,4,Chronic mastoiditis,25,211,9393,0.7930904376066505,0.09924684134500557
0.1,0,T1ax+T2ax+FLAIRax+FLAIRsag,1111,4,Ventriculomegaly,26,889,9393,0.9050841686886977,0.5800232566703925
0.1,0,T1ax+T2ax+FLAIRax+FLAIRsag,1111,4,Cerebellar degeneration,27,351,9393,0.8424430845355418,0.19615262690178806
0.1,0,T1ax+T2ax+FLAIRax+FLAIRsag,1111,4,Mega cisterna magna,28,104,9393,0.7425480510446599,0.039396461151459866
0.1,0,T1ax+T2ax+FLAIRax+FLAIRsag,1111,4,Structure of cave of septum pellucidum,29,99,9393,0.7056176136227781,0.036459141789351876
0.1,0,T1ax+T2ax+FLAIRax+FLAIRsag,1111,4,Hyperostosis of skull,30,34,9393,0.7612710005468155,0.07449686538079953
0.1,0,T1ax+T2ax+FLAIRax+FLAIRsag,1111,4,Watershed infarct,31,36,9393,0.8225689620367401,0.019686281629885297
0.1,0,T1ax+T2ax+FLAIRax+FLAIRsag,1111,4,Foraminal Spinal Stenosis,33,60,9393,0.7305350191078253,0.013219909959575489
0.1,0,T1ax+T2ax+FLAIRax+FLAIRsag,1111,4,Lipoma of brain,34,22,9393,0.6249308795995383,0.0034535201721485696
0.1,0,T1ax+T2ax+FLAIRax+FLAIRsag,1111,4,Glioma,35,66,9393,0.7427475137349695,0.03691172893906449
0.1,0,T1ax+T2ax+FLAIRax+FLAIRsag,1111,4,Pituitary adenoma,36,25,9393,0.5426686592655849,0.004345749165012768
0.1,1,FLAIRsag,0001,1,Cerebral infarction,0,424,9393,0.7950755958153557,0.1968104085357133
0.1,1,FLAIRsag,0001,1,Cerebral hemorrhage,1,294,9393,0.8000684832675788,0.17320624722378875
0.1,1,FLAIRsag,0001,1,Metastatic malignant neoplasm to brain,2,373,9393,0.8905542048352485,0.2797104972132438
0.1,1,FLAIRsag,0001,1,Intracranial meningioma,3,181,9393,0.7197883855552331,0.05851649889344197
0.1,1,FLAIRsag,0001,1,Demyelinating disease of central nervous system,4,250,9393,0.7597453789784534,0.1409127585936791
0.1,1,FLAIRsag,0001,1,Herniation of nucleus pulposus,5,138,9393,0.753215261629045,0.04111658807088561
0.1,1,FLAIRsag,0001,1,Spinal cord compression,6,74,9393,0.6221291578089518,0.013444640871696811
0.1,1,FLAIRsag,0001,1,Lacunar infarct,7,213,9393,0.8122802172512198,0.13899651681987274
0.1,1,FLAIRsag,0001,1,Silent micro-hemorrhage of brain,8,195,9393,0.725455366551257,0.056519009662598166
0.1,1,FLAIRsag,0001,1,Cavernous hemangioma,9,78,9393,0.562940941684903,0.009814163344288007
0.1,1,FLAIRsag,0001,1,Subdural intracranial hemorrhage,10,44,9393,0.8991360281605227,0.10226613057921526
0.1,1,FLAIRsag,0001,1,Gliosis,11,3534,9393,0.769786067666565,0.6594903201807515
0.1,1,FLAIRsag,0001,1,Cerebral atrophy,12,1310,9393,0.9196272829697234,0.7233358838379138
0.1,1,FLAIRsag,0001,1,Encephalomalacia,13,236,9393,0.7778489365364646,0.1292265827344365
0.1,1,FLAIRsag,0001,1,Arachnoid cyst,14,389,9393,0.6752057640191906,0.10958821811919053
0.1,1,FLAIRsag,0001,1,Empty sella syndrome,15,351,9393,0.674833367047479,0.07390257614755853
0.1,1,FLAIRsag,0001,1,Intracranial aneurysm,16,61,9393,0.6486951297492147,0.013082034754791853
0.1,1,FLAIRsag,0001,1,Chiari malformation,17,56,9393,0.6367084104713964,0.011800036126006318
0.1,1,FLAIRsag,0001,1,Schwannoma,18,38,9393,0.7078342569411236,0.008641672463229054
0.1,1,FLAIRsag,0001,1,Cyst of pineal gland,19,103,9393,0.6491142997481372,0.019281688282194016
0.1,1,FLAIRsag,0001,1,Hemangioma of vertebral column,20,31,9393,0.5316619691132994,0.004522995579752236
0.1,1,FLAIRsag,0001,1,Cerebral edema,22,533,9393,0.886470381460196,0.5035008018667161
0.1,1,FLAIRsag,0001,1,Spinal stenosis,23,43,9393,0.6045218256435767,0.008316343599084317
0.1,1,FLAIRsag,0001,1,Mastoiditis,24,265,9393,0.6820680303606568,0.06311532020274559
0.1,1,FLAIRsag,0001,1,Chronic mastoiditis,25,211,9393,0.7413453686947779,0.08090378607708554
0.1,1,FLAIRsag,0001,1,Ventriculomegaly,26,889,9393,0.8913829474279027,0.5546261567751642
0.1,1,FLAIRsag,0001,1,Cerebellar degeneration,27,351,9393,0.7987019738844556,0.15383416157035895
0.1,1,FLAIRsag,0001,1,Mega cisterna magna,28,104,9393,0.6983363283287927,0.03323244275341448
0.1,1,FLAIRsag,0001,1,Structure of cave of septum pellucidum,29,99,9393,0.6441018752187249,0.02057512032734681
0.1,1,FLAIRsag,0001,1,Hyperostosis of skull,30,34,9393,0.7750010999164064,0.017010518397701
0.1,1,FLAIRsag,0001,1,Watershed infarct,31,36,9393,0.8448131523636493,0.026530854829126482
0.1,1,FLAIRsag,0001,1,Foraminal Spinal Stenosis,33,60,9393,0.7373174041930068,0.014601324710479119
0.1,1,FLAIRsag,0001,1,Lipoma of brain,34,22,9393,0.5451780638526984,0.006080743174711194
0.1,1,FLAIRsag,0001,1,Glioma,35,66,9393,0.746361979395109,0.029847565645451792
0.1,1,FLAIRsag,0001,1,Pituitary adenoma,36,25,9393,0.6323697694278394,0.005526180072734701
0.1,1,FLAIRax,0010,1,Cerebral infarction,0,424,9393,0.8092757127800789,0.22172989359258807
0.1,1,FLAIRax,0010,1,Cerebral hemorrhage,1,294,9393,0.8278984085116626,0.20801066413105546
0.1,1,FLAIRax,0010,1,Metastatic malignant neoplasm to brain,2,373,9393,0.8906466416601773,0.29752259763341316
0.1,1,FLAIRax,0010,1,Intracranial meningioma,3,181,9393,0.7243500550567001,0.06743673043730278
0.1,1,FLAIRax,0010,1,Demyelinating disease of central nervous system,4,250,9393,0.8273013234168216,0.2652883741061035
0.1,1,FLAIRax,0010,1,Herniation of nucleus pulposus,5,138,9393,0.7005731332064923,0.031648606117468635
0.1,1,FLAIRax,0010,1,Spinal cord compression,6,74,9393,0.5954603063198407,0.01130319394692722
0.1,1,FLAIRax,0010,1,Lacunar infarct,7,213,9393,0.7971524133910214,0.11802843698351012
0.1,1,FLAIRax,0010,1,Silent micro-hemorrhage of brain,8,195,9393,0.6965031417086212,0.060148137510187494
0.1,1,FLAIRax,0010,1,Cavernous hemangioma,9,78,9393,0.47549444650893924,0.00918401451285806
0.1,1,FLAIRax,0010,1,Subdural intracranial hemorrhage,10,44,9393,0.8249910053578895,0.12065328477372493
0.1,1,FLAIRax,0010,1,Gliosis,11,3534,9393,0.781963242402843,0.684127510738286
0.1,1,FLAIRax,0010,1,Cerebral atrophy,12,1310,9393,0.9189349430951588,0.7195872777967027
0.1,1,FLAIRax,0010,1,Encephalomalacia,13,236,9393,0.7536236980877832,0.12644798333471086
0.1,1,FLAIRax,0010,1,Arachnoid cyst,14,389,9393,0.7183573938575143,0.11154982075607472
0.1,1,FLAIRax,0010,1,Empty sella syndrome,15,351,9393,0.6851417033898787,0.08252111564057599
0.1,1,FLAIRax,0010,1,Intracranial aneurysm,16,61,9393,0.6732185394166379,0.02334691709483298
0.1,1,FLAIRax,0010,1,Chiari malformation,17,56,9393,0.7804166220413409,0.022987824736468772
0.1,1,FLAIRax,0010,1,Schwannoma,18,38,9393,0.7724352302455765,0.011156778212626655
0.1,1,FLAIRax,0010,1,Cyst of pineal gland,19,103,9393,0.6302784077251873,0.016658691165053682
0.1,1,FLAIRax,0010,1,Hemangioma of vertebral column,20,31,9393,0.5468331139610367,0.004857935172456676
0.1,1,FLAIRax,0010,1,Cerebral edema,22,533,9393,0.9042332467950482,0.508234636565624
0.1,1,FLAIRax,0010,1,Spinal stenosis,23,43,9393,0.6038552418853376,0.007632042660080426
0.1,1,FLAIRax,0010,1,Mastoiditis,24,265,9393,0.6995014303904222,0.07941042732857144
0.1,1,FLAIRax,0010,1,Chronic mastoiditis,25,211,9393,0.7528964045665277,0.058539327292862944
0.1,1,FLAIRax,0010,1,Ventriculomegaly,26,889,9393,0.8943128199050376,0.5565841544922907
0.1,1,FLAIRax,0010,1,Cerebellar degeneration,27,351,9393,0.8062451201137333,0.156793570105897
0.1,1,FLAIRax,0010,1,Mega cisterna magna,28,104,9393,0.7668592710981559,0.04626553108442388
0.1,1,FLAIRax,0010,1,Structure of cave of septum pellucidum,29,99,9393,0.7170499920661315,0.03725789729297834
0.1,1,FLAIRax,0010,1,Hyperostosis of skull,30,34,9393,0.6769136974161393,0.04380625363782162
0.1,1,FLAIRax,0010,1,Watershed infarct,31,36,9393,0.7954947573415031,0.017455862481860714
0.1,1,FLAIRax,0010,1,Foraminal Spinal Stenosis,33,60,9393,0.658309225329476,0.012573139492309038
0.1,1,FLAIRax,0010,1,Lipoma of brain,34,22,9393,0.506043790805289,0.0026142830412457896
0.1,1,FLAIRax,0010,1,Glioma,35,66,9393,0.7730586664327418,0.0361813750803009
0.1,1,FLAIRax,0010,1,Pituitary adenoma,36,25,9393,0.5061016225448334,0.003208509176836638
0.1,1,T2ax,0100,1,Cerebral infarction,0,424,9393,0.8053360421746183,0.1968198608668823
0.1,1,T2ax,0100,1,Cerebral hemorrhage,1,294,9393,0.7860266097866776,0.1752776245727817
0.1,1,T2ax,0100,1,Metastatic malignant neoplasm to brain,2,373,9393,0.859355438911445,0.2007800319424071
0.1,1,T2ax,0100,1,Intracranial meningioma,3,181,9393,0.6815839536708065,0.054868252434311995
0.1,1,T2ax,0100,1,Demyelinating disease of central nervous system,4,250,9393,0.8376554741332166,0.2588725435303317
0.1,1,T2ax,0100,1,Herniation of nucleus pulposus,5,138,9393,0.6964351427743719,0.03126069390946079
0.1,1,T2ax,0100,1,Spinal cord compression,6,74,9393,0.5427533983173,0.008754334081821408
0.1,1,T2ax,0100,1,Lacunar infarct,7,213,9393,0.8096678838462875,0.12301366385280327
0.1,1,T2ax,0100,1,Silent micro-hemorrhage of brain,8,195,9393,0.7377495665166899,0.08179081812860307
0.1,1,T2ax,0100,1,Cavernous hemangioma,9,78,9393,0.473361135196884,0.007884725202758215
0.1,1,T2ax,0100,1,Subdural intracranial hemorrhage,10,44,9393,0.7840568753099504,0.04207068613174026
0.1,1,T2ax,0100,1,Gliosis,11,3534,9393,0.7783409558698456,0.6846704221484317
0.1,1,T2ax,0100,1,Cerebral atrophy,12,1310,9393,0.9194594630328661,0.7121244469195918
0.1,1,T2ax,0100,1,Encephalomalacia,13,236,9393,0.7484794442706607,0.11312639551316
0.1,1,T2ax,0100,1,Arachnoid cyst,14,389,9393,0.726478320403728,0.1591864042537852
0.1,1,T2ax,0100,1,Empty sella syndrome,15,351,9393,0.7161965276320508,0.08774729004312593
0.1,1,T2ax,0100,1,Intracranial aneurysm,16,61,9393,0.6863919670023118,0.013955500624264795
0.1,1,T2ax,0100,1,Chiari malformation,17,56,9393,0.797225707247663,0.03866047212305268
0.1,1,T2ax,0100,1,Schwannoma,18,38,9393,0.7147430307462939,0.011524713734053216
0.1,1,T2ax,0100,1,Cyst of pineal gland,19,103,9393,0.6016365859521147,0.01859411381863994
0.1,1,T2ax,0100,1,Hemangioma of vertebral column,20,31,9393,0.6259621944580356,0.00662202575611851
0.1,1,T2ax,0100,1,Cerebral edema,22,533,9393,0.8776095951617617,0.4227890675350413
0.1,1,T2ax,0100,1,Spinal stenosis,23,43,9393,0.661372963561746,0.010584127628765087
0.1,1,T2ax,0100,1,Mastoiditis,24,265,9393,0.7550630033237974,0.10532071845255557
0.1,1,T2ax,0100,1,Chronic mastoiditis,25,211,9393,0.7950347940179683,0.08255543698669929
0.1,1,T2ax,0100,1,Ventriculomegaly,26,889,9393,0.8980473160516272,0.5571642402529857
0.1,1,T2ax,0100,1,Cerebellar degeneration,27,351,9393,0.8277144140891098,0.18235577907406494
0.1,1,T2ax,0100,1,Mega cisterna magna,28,104,9393,0.751550634745812,0.05713493356875228
0.1,1,T2ax,0100,1,Structure of cave of septum pellucidum,29,99,9393,0.7111115458436311,0.041779643571485496
0.1,1,T2ax,0100,1,Hyperostosis of skull,30,34,9393,0.7581063839148225,0.05132265149869351
0.1,1,T2ax,0100,1,Watershed infarct,31,36,9393,0.850605013477729,0.02197200715397436
0.1,1,T2ax,0100,1,Foraminal Spinal Stenosis,33,60,9393,0.6670934676238437,0.014734283652392212
0.1,1,T2ax,0100,1,Lipoma of brain,34,22,9393,0.5655552429642708,0.002977569565061111
0.1,1,T2ax,0100,1,Glioma,35,66,9393,0.7626993641789396,0.039216340115669754
0.1,1,T2ax,0100,1,Pituitary adenoma,36,25,9393,0.4183176771989753,0.003959292763719116
0.1,1,T1ax,1000,1,Cerebral infarction,0,424,9393,0.7822936235292633,0.18963075005013547
0.1,1,T1ax,1000,1,Cerebral hemorrhage,1,294,9393,0.8040795392780699,0.16867299877508335
0.1,1,T1ax,1000,1,Metastatic malignant neoplasm to brain,2,373,9393,0.8496501667429542,0.23255993120743135
0.1,1,T1ax,1000,1,Intracranial meningioma,3,181,9393,0.7209153086413829,0.0537841588373447
0.1,1,T1ax,1000,1,Demyelinating disease of central nervous system,4,250,9393,0.7838893142294651,0.19684978901760367
0.1,1,T1ax,1000,1,Herniation of nucleus pulposus,5,138,9393,0.7265904054995733,0.03173425619295314
0.1,1,T1ax,1000,1,Spinal cord compression,6,74,9393,0.6156094929568479,0.013647641886275312
0.1,1,T1ax,1000,1,Lacunar infarct,7,213,9393,0.7913263166508127,0.12448593358155177
0.1,1,T1ax,1000,1,Silent micro-hemorrhage of brain,8,195,9393,0.7245008669666204,0.056679176522599045
0.1,1,T1ax,1000,1,Cavernous hemangioma,9,78,9393,0.5806488019048406,0.013647364301900507
0.1,1,T1ax,1000,1,Subdural intracranial hemorrhage,10,44,9393,0.8159866393099895,0.032180098565995206
0.1,1,T1ax,1000,1,Gliosis,11,3534,9393,0.7691402553479703,0.6581754389040191
0.1,1,T1ax,1000,1,Cerebral atrophy,12,1310,9393,0.9166768819301275,0.7034251027944265
0.1,1,T1ax,1000,1,Encephalomalacia,13,236,9393,0.7554121788832476,0.13004776048372776
0.1,1,T1ax,1000,1,Arachnoid cyst,14,389,9393,0.6924720118679045,0.1062082092792874
0.1,1,T1ax,1000,1,Empty sella syndrome,15,351,9393,0.6836803369650085,0.07406444344413714
0.1,1,T1ax,1000,1,Intracranial aneurysm,16,61,9393,0.6611746642963047,0.022800382636678225
0.1,1,T1ax,1000,1,Chiari malformation,17,56,9393,0.7319707308863352,0.02206028161497057
0.1,1,T1ax,1000,1,Schwannoma,18,38,9393,0.7535823792511744,0.009822440837387515
0.1,1,T1ax,1000,1,Cyst of pineal gland,19,103,9393,0.6165863701443247,0.016066117241441188
0.1,1,T1ax,1000,1,Hemangioma of vertebral column,20,31,9393,0.6027110281095163,0.005125884343961261
0.1,1,T1ax,1000,1,Cerebral edema,22,533,9393,0.8658735637538699,0.4314052268901095
0.1,1,T1ax,1000,1,Spinal stenosis,23,43,9393,0.6851734858848402,0.011969982077387623
0.1,1,T1ax,1000,1,Mastoiditis,24,265,9393,0.6197017677310535,0.05608742007268763
0.1,1,T1ax,1000,1,Chronic mastoiditis,25,211,9393,0.7902990706110554,0.10266111022561569
0.1,1,T1ax,1000,1,Ventriculomegaly,26,889,9393,0.8939514469204989,0.5430797844680322
0.1,1,T1ax,1000,1,Cerebellar degeneration,27,351,9393,0.8184181322867454,0.1849127050162744
0.1,1,T1ax,1000,1,Mega cisterna magna,28,104,9393,0.7096886722922895,0.033893699041336
0.1,1,T1ax,1000,1,Structure of cave of septum pellucidum,29,99,9393,0.7030646468993791,0.04191432776863833
0.1,1,T1ax,1000,1,Hyperostosis of skull,30,34,9393,0.6894967411048188,0.028860260252413686
0.1,1,T1ax,1000,1,Watershed infarct,31,36,9393,0.8411498224739649,0.021051607613376374
0.1,1,T1ax,1000,1,Foraminal Spinal Stenosis,33,60,9393,0.6943908711025394,0.014736640927103278
0.1,1,T1ax,1000,1,Lipoma of brain,34,22,9393,0.7106159234000446,0.006928316269759096
0.1,1,T1ax,1000,1,Glioma,35,66,9393,0.744802479604667,0.02490481635484851
0.1,1,T1ax,1000,1,Pituitary adenoma,36,25,9393,0.6378608027327071,0.004189443359254708
0.1,1,FLAIRax+FLAIRsag,0011,2,Cerebral infarction,0,424,9393,0.8159138815669066,0.2301984713784655
0.1,1,FLAIRax+FLAIRsag,0011,2,Cerebral hemorrhage,1,294,9393,0.816116071662207,0.19776336918989224
0.1,1,FLAIRax+FLAIRsag,0011,2,Metastatic malignant neoplasm to brain,2,373,9393,0.8983093869447103,0.30210104181961295
0.1,1,FLAIRax+FLAIRsag,0011,2,Intracranial meningioma,3,181,9393,0.7227301406044961,0.07259488371638187
0.1,1,FLAIRax+FLAIRsag,0011,2,Demyelinating disease of central nervous system,4,250,9393,0.791020452805425,0.24959760379426268
0.1,1,FLAIRax+FLAIRsag,0011,2,Herniation of nucleus pulposus,5,138,9393,0.7475966770801525,0.03738994543645884
0.1,1,FLAIRax+FLAIRsag,0011,2,Spinal cord compression,6,74,9393,0.6100715481013796,0.013055485039188611
0.1,1,FLAIRax+FLAIRsag,0011,2,Lacunar infarct,7,213,9393,0.8020732967156606,0.1310599772339005
0.1,1,FLAIRax+FLAIRsag,0011,2,Silent micro-hemorrhage of brain,8,195,9393,0.7116385390357993,0.06457254803348679
0.1,1,FLAIRax+FLAIRsag,0011,2,Cavernous hemangioma,9,78,9393,0.4976106913304981,0.008869573777194422
0.1,1,FLAIRax+FLAIRsag,0011,2,Subdural intracranial hemorrhage,10,44,9393,0.8992478534408153,0.14707903012405055
0.1,1,FLAIRax+FLAIRsag,0011,2,Gliosis,11,3534,9393,0.784340220034033,0.6768647336642045
0.1,1,FLAIRax+FLAIRsag,0011,2,Cerebral atrophy,12,1310,9393,0.923883695211796,0.7337394872255665
0.1,1,FLAIRax+FLAIRsag,0011,2,Encephalomalacia,13,236,9393,0.7783102859163038,0.13262427625467585
0.1,1,FLAIRax+FLAIRsag,0011,2,Arachnoid cyst,14,389,9393,0.7119560686538632,0.10918107003664546
0.1,1,FLAIRax+FLAIRsag,0011,2,Empty sella syndrome,15,351,9393,0.71469420009566,0.0880996305790551
0.1,1,FLAIRax+FLAIRsag,0011,2,Intracranial aneurysm,16,61,9393,0.6656946308489035,0.03337488256121908
0.1,1,FLAIRax+FLAIRsag,0011,2,Chiari malformation,17,56,9393,0.7250971557092366,0.019053042342553207
0.1,1,FLAIRax+FLAIRsag,0011,2,Schwannoma,18,38,9393,0.753104166080621,0.00933088087232464
0.1,1,FLAIRax+FLAIRsag,0011,2,Cyst of pineal gland,19,103,9393,0.6397546166145871,0.024685546614523095
0.1,1,FLAIRax+FLAIRsag,0011,2,Hemangioma of vertebral column,20,31,9393,0.5911233469550896,0.0060763076314866125
0.1,1,FLAIRax+FLAIRsag,0011,2,Cerebral edema,22,533,9393,0.896830200026258,0.520351964657114
0.1,1,FLAIRax+FLAIRsag,0011,2,Spinal stenosis,23,43,9393,0.601164034324089,0.008529836658197508
0.1,1,FLAIRax+FLAIRsag,0011,2,Mastoiditis,24,265,9393,0.719014270831611,0.0823430036954776
0.1,1,FLAIRax+FLAIRsag,0011,2,Chronic mastoiditis,25,211,9393,0.7552067149719056,0.07086441675137631
0.1,1,FLAIRax+FLAIRsag,0011,2,Ventriculomegaly,26,889,9393,0.8988720453922564,0.5725566971840031
0.1,1,FLAIRax+FLAIRsag,0011,2,Cerebellar degeneration,27,351,9393,0.8107076756711793,0.1629192933090367
0.1,1,FLAIRax+FLAIRsag,0011,2,Mega cisterna magna,28,104,9393,0.7465229758937371,0.04266658896423298
0.1,1,FLAIRax+FLAIRsag,0011,2,Structure of cave of septum pellucidum,29,99,9393,0.693650514179888,0.03185200275438908
0.1,1,FLAIRax+FLAIRsag,0011,2,Hyperostosis of skull,30,34,9393,0.6946820613061979,0.026399654276786155
0.1,1,FLAIRax+FLAIRsag,0011,2,Watershed infarct,31,36,9393,0.814244831558073,0.022923427802855806
0.1,1,FLAIRax+FLAIRsag,0011,2,Foraminal Spinal Stenosis,33,60,9393,0.703235829851066,0.014573367321405954
0.1,1,FLAIRax+FLAIRsag,0011,2,Lipoma of brain,34,22,9393,0.5706410492719318,0.0030594940867056273
0.1,1,FLAIRax+FLAIRsag,0011,2,Glioma,35,66,9393,0.7441721817726964,0.03407268888933444
0.1,1,FLAIRax+FLAIRsag,0011,2,Pituitary adenoma,36,25,9393,0.6004526046114432,0.004085413472448463
0.1,1,T2ax+FLAIRsag,0101,2,Cerebral infarction,0,424,9393,0.8175471277376792,0.2152014738606813
0.1,1,T2ax+FLAIRsag,0101,2,Cerebral hemorrhage,1,294,9393,0.8039075834751969,0.17279324669745658
0.1,1,T2ax+FLAIRsag,0101,2,Metastatic malignant neoplasm to brain,2,373,9393,0.8894535824471088,0.26564931319910556
0.1,1,T2ax+FLAIRsag,0101,2,Intracranial meningioma,3,181,9393,0.7216721883298987,0.06614435273324373
0.1,1,T2ax+FLAIRsag,0101,2,Demyelinating disease of central nervous system,4,250,9393,0.8376117248167998,0.23394968301181004
0.1,1,T2ax+FLAIRsag,0101,2,Herniation of nucleus pulposus,5,138,9393,0.7354097667535762,0.03285515801706815
0.1,1,T2ax+FLAIRsag,0101,2,Spinal cord compression,6,74,9393,0.576210183786104,0.010316292225110085
0.1,1,T2ax+FLAIRsag,0101,2,Lacunar infarct,7,213,9393,0.8099864985117677,0.14032042144891899
0.1,1,T2ax+FLAIRsag,0101,2,Silent micro-hemorrhage of brain,8,195,9393,0.7320799950936936,0.05990651447270805
0.1,1,T2ax+FLAIRsag,0101,2,Cavernous hemangioma,9,78,9393,0.5089888104380859,0.008883341216612762
0.1,1,T2ax+FLAIRsag,0101,2,Subdural intracranial hemorrhage,10,44,9393,0.8655009286360233,0.08552191204351242
0.1,1,T2ax+FLAIRsag,0101,2,Gliosis,11,3534,9393,0.7788524090895524,0.6782644465801059
0.1,1,T2ax+FLAIRsag,0101,2,Cerebral atrophy,12,1310,9393,0.9225383025159768,0.7303012413167768
0.1,1,T2ax+FLAIRsag,0101,2,Encephalomalacia,13,236,9393,0.7636202183010867,0.11905748105796701
0.1,1,T2ax+FLAIRsag,0101,2,Arachnoid cyst,14,389,9393,0.7340722032709827,0.12941985356914387
0.1,1,T2ax+FLAIRsag,0101,2,Empty sella syndrome,15,351,9393,0.7286641447225388,0.09638904479110008
0.1,1,T2ax+FLAIRsag,0101,2,Intracranial aneurysm,16,61,9393,0.689004166871614,0.014706267320894858
0.1,1,T2ax+FLAIRsag,0101,2,Chiari malformation,17,56,9393,0.7578260071298522,0.02478806913006564
0.1,1,T2ax+FLAIRsag,0101,2,Schwannoma,18,38,9393,0.7396607499507721,0.009706537197527834
0.1,1,T2ax+FLAIRsag,0101,2,Cyst of pineal gland,19,103,9393,0.6218326418426746,0.01819790603503561
0.1,1,T2ax+FLAIRsag,0101,2,Hemangioma of vertebral column,20,31,9393,0.5679479846462364,0.005576462155227598
0.1,1,T2ax+FLAIRsag,0101,2,Cerebral edema,22,533,9393,0.8881748186295894,0.4831868274052278
0.1,1,T2ax+FLAIRsag,0101,2,Spinal stenosis,23,43,9393,0.6056037806243005,0.010354426025832997
0.1,1,T2ax+FLAIRsag,0101,2,Mastoiditis,24,265,9393,0.7281497527822335,0.0945097860075601
0.1,1,T2ax+FLAIRsag,0101,2,Chronic mastoiditis,25,211,9393,0.7690045741668483,0.08921368962194952
0.1,1,T2ax+FLAIRsag,0101,2,Ventriculomegaly,26,889,9393,0.8951146658172902,0.5670351879208122
0.1,1,T2ax+FLAIRsag,0101,2,Cerebellar degeneration,27,351,9393,0.8197941105483685,0.1682798906332056
0.1,1,T2ax+FLAIRsag,0101,2,Mega cisterna magna,28,104,9393,0.7313416613529651,0.03510358356072143
0.1,1,T2ax+FLAIRsag,0101,2,Structure of cave of septum pellucidum,29,99,9393,0.6836647081966643,0.028000085213114315
0.1,1,T2ax+FLAIRsag,0101,2,Hyperostosis of skull,30,34,9393,0.7487602370791249,0.02563038988226329
0.1,1,T2ax+FLAIRsag,0101,2,Watershed infarct,31,36,9393,0.8836699796943465,0.031860980419702346
0.1,1,T2ax+FLAIRsag,0101,2,Foraminal Spinal Stenosis,33,60,9393,0.6671898996392728,0.010517518707930872
0.1,1,T2ax+FLAIRsag,0101,2,Lipoma of brain,34,22,9393,0.4790068004772946,0.004813076069278852
0.1,1,T2ax+FLAIRsag,0101,2,Glioma,35,66,9393,0.7434622844722556,0.03830785213112933
0.1,1,T2ax+FLAIRsag,0101,2,Pituitary adenoma,36,25,9393,0.49129803586678056,0.008059259654870761
0.1,1,T2ax+FLAIRax,0110,2,Cerebral infarction,0,424,9393,0.8202098633237755,0.22923864265832802
0.1,1,T2ax+FLAIRax,0110,2,Cerebral hemorrhage,1,294,9393,0.8191155789714502,0.19946176914579827
0.1,1,T2ax+FLAIRax,0110,2,Metastatic malignant neoplasm to brain,2,373,9393,0.8689340934354992,0.25203876950492204
0.1,1,T2ax+FLAIRax,0110,2,Intracranial meningioma,3,181,9393,0.7097420371698697,0.06395797490490102
0.1,1,T2ax+FLAIRax,0110,2,Demyelinating disease of central nervous system,4,250,9393,0.8471560756863175,0.303100220719659
0.1,1,T2ax+FLAIRax,0110,2,Herniation of nucleus pulposus,5,138,9393,0.6965604177921844,0.03134347205012806
0.1,1,T2ax+FLAIRax,0110,2,Spinal cord compression,6,74,9393,0.5690691496303687,0.009934971468242718
0.1,1,T2ax+FLAIRax,0110,2,Lacunar infarct,7,213,9393,0.8098269354690234,0.1421289967145415
0.1,1,T2ax+FLAIRax,0110,2,Silent micro-hemorrhage of brain,8,195,9393,0.7251587580354704,0.06383782512676954
0.1,1,T2ax+FLAIRax,0110,2,Cavernous hemangioma,9,78,9393,0.4873831840015415,0.008028532815146363
0.1,1,T2ax+FLAIRax,0110,2,Subdural intracranial hemorrhage,10,44,9393,0.8110882058363073,0.11229523531943211
0.1,1,T2ax+FLAIRax,0110,2,Gliosis,11,3534,9393,0.7869545235501751,0.690935894824763
0.1,1,T2ax+FLAIRax,0110,2,Cerebral atrophy,12,1310,9393,0.9220052829753898,0.7243386537167987
0.1,1,T2ax+FLAIRax,0110,2,Encephalomalacia,13,236,9393,0.7436285660872575,0.1133999539971421
0.1,1,T2ax+FLAIRax,0110,2,Arachnoid cyst,14,389,9393,0.7260820383742617,0.137900497014018
0.1,1,T2ax+FLAIRax,0110,2,Empty sella syndrome,15,351,9393,0.7181248507282569,0.08804066859982336
0.1,1,T2ax+FLAIRax,0110,2,Intracranial aneurysm,16,61,9393,0.6978245135721965,0.022361195643528353
0.1,1,T2ax+FLAIRax,0110,2,Chiari malformation,17,56,9393,0.777574626294772,0.026782696315058946
0.1,1,T2ax+FLAIRax,0110,2,Schwannoma,18,38,9393,0.73596444344426,0.010893667898328581
0.1,1,T2ax+FLAIRax,0110,2,Cyst of pineal gland,19,103,9393,0.6482866011056883,0.020442497173514165
0.1,1,T2ax+FLAIRax,0110,2,Hemangioma of vertebral column,20,31,9393,0.6127998566614522,0.005747497448848859
0.1,1,T2ax+FLAIRax,0110,2,Cerebral edema,22,533,9393,0.8986278105531533,0.4939746459807894
0.1,1,T2ax+FLAIRax,0110,2,Spinal stenosis,23,43,9393,0.5898146996642208,0.007335269316969751
0.1,1,T2ax+FLAIRax,0110,2,Mastoiditis,24,265,9393,0.7614468440461033,0.1004111775651425
0.1,1,T2ax+FLAIRax,0110,2,Chronic mastoiditis,25,211,9393,0.7815523056133936,0.06899175286997024
0.1,1,T2ax+FLAIRax,0110,2,Ventriculomegaly,26,889,9393,0.899498760326643,0.557741260668984
0.1,1,T2ax+FLAIRax,0110,2,Cerebellar degeneration,27,351,9393,0.8191985990039518,0.17668078432920528
0.1,1,T2ax+FLAIRax,0110,2,Mega cisterna magna,28,104,9393,0.747923515821029,0.05496948325711315
0.1,1,T2ax+FLAIRax,0110,2,Structure of cave of septum pellucidum,29,99,9393,0.7276009503252886,0.0443765345633037
0.1,1,T2ax+FLAIRax,0110,2,Hyperostosis of skull,30,34,9393,0.7218091425051696,0.06871899300830052
0.1,1,T2ax+FLAIRax,0110,2,Watershed infarct,31,36,9393,0.8211558785460678,0.021340638977867872
0.1,1,T2ax+FLAIRax,0110,2,Foraminal Spinal Stenosis,33,60,9393,0.6294439087110253,0.009090251366005848
0.1,1,T2ax+FLAIRax,0110,2,Lipoma of brain,34,22,9393,0.5077026804163716,0.002624187854748478
0.1,1,T2ax+FLAIRax,0110,2,Glioma,35,66,9393,0.771664863495034,0.03477046382998672
0.1,1,T2ax+FLAIRax,0110,2,Pituitary adenoma,36,25,9393,0.4686848847139197,0.006578822799534891
0.1,1,T1ax+FLAIRsag,1001,2,Cerebral infarction,0,424,9393,0.7930344982823436,0.20225873566543992
0.1,1,T1ax+FLAIRsag,1001,2,Cerebral hemorrhage,1,294,9393,0.8174532149380248,0.17932389391397363
0.1,1,T1ax+FLAIRsag,1001,2,Metastatic malignant neoplasm to brain,2,373,9393,0.8789579902867029,0.2555059316191249
0.1,1,T1ax+FLAIRsag,1001,2,Intracranial meningioma,3,181,9393,0.7440601137598568,0.06592675123970754
0.1,1,T1ax+FLAIRsag,1001,2,Demyelinating disease of central nervous system,4,250,9393,0.7856353494476649,0.21007392751917897
0.1,1,T1ax+FLAIRsag,1001,2,Herniation of nucleus pulposus,5,138,9393,0.749798385518208,0.03624957914280487
0.1,1,T1ax+FLAIRsag,1001,2,Spinal cord compression,6,74,9393,0.6044059941473827,0.013280600400657275
0.1,1,T1ax+FLAIRsag,1001,2,Lacunar infarct,7,213,9393,0.7893215502163307,0.12047338145543635
0.1,1,T1ax+FLAIRsag,1001,2,Silent micro-hemorrhage of brain,8,195,9393,0.7321954047981446,0.06955472758412794
0.1,1,T1ax+FLAIRsag,1001,2,Cavernous hemangioma,9,78,9393,0.5426607209215905,0.010821117243359452
0.1,1,T1ax+FLAIRsag,1001,2,Subdural intracranial hemorrhage,10,44,9393,0.866840401015179,0.0731117423142938
0.1,1,T1ax+FLAIRsag,1001,2,Gliosis,11,3534,9393,0.7686134923387785,0.6616645913159949
0.1,1,T1ax+FLAIRsag,1001,2,Cerebral atrophy,12,1310,9393,0.9197367861868232,0.7242690857040753
0.1,1,T1ax+FLAIRsag,1001,2,Encephalomalacia,13,236,9393,0.7635360000592305,0.11220721623563051
0.1,1,T1ax+FLAIRsag,1001,2,Arachnoid cyst,14,389,9393,0.7058687998136217,0.10682013413051758
0.1,1,T1ax+FLAIRsag,1001,2,Empty sella syndrome,15,351,9393,0.6997717520831876,0.07775605779255892
0.1,1,T1ax+FLAIRsag,1001,2,Intracranial aneurysm,16,61,9393,0.6312863195913233,0.014220720425214066
0.1,1,T1ax+FLAIRsag,1001,2,Chiari malformation,17,56,9393,0.6912102770850228,0.0202222272252563
0.1,1,T1ax+FLAIRsag,1001,2,Schwannoma,18,38,9393,0.7563110073419785,0.010097316624539061
0.1,1,T1ax+FLAIRsag,1001,2,Cyst of pineal gland,19,103,9393,0.6237942458223165,0.0174434237487274
0.1,1,T1ax+FLAIRsag,1001,2,Hemangioma of vertebral column,20,31,9393,0.5907064247369256,0.008176927776672841
0.1,1,T1ax+FLAIRsag,1001,2,Cerebral edema,22,533,9393,0.8887175534370381,0.4782515348314037
0.1,1,T1ax+FLAIRsag,1001,2,Spinal stenosis,23,43,9393,0.6679840815818928,0.009377084381804412
0.1,1,T1ax+FLAIRsag,1001,2,Mastoiditis,24,265,9393,0.6607378499495642,0.07229288175344695
0.1,1,T1ax+FLAIRsag,1001,2,Chronic mastoiditis,25,211,9393,0.7878189451647102,0.09271730058809709
0.1,1,T1ax+FLAIRsag,1001,2,Ventriculomegaly,26,889,9393,0.8993947267057282,0.5605085991681913
0.1,1,T1ax+FLAIRsag,1001,2,Cerebellar degeneration,27,351,9393,0.823345438917215,0.1760400485358865
0.1,1,T1ax+FLAIRsag,1001,2,Mega cisterna magna,28,104,9393,0.6629481106685327,0.03508987044470882
0.1,1,T1ax+FLAIRsag,1001,2,Structure of cave of septum pellucidum,29,99,9393,0.6831158583902289,0.027659058972695653
0.1,1,T1ax+FLAIRsag,1001,2,Hyperostosis of skull,30,34,9393,0.726397365228814,0.019458627067032115
0.1,1,T1ax+FLAIRsag,1001,2,Watershed infarct,31,36,9393,0.8353342120575208,0.02118364020981507
0.1,1,T1ax+FLAIRsag,1001,2,Foraminal Spinal Stenosis,33,60,9393,0.7438801385763778,0.01657349143590874
0.1,1,T1ax+FLAIRsag,1001,2,Lipoma of brain,34,22,9393,0.6055432135893133,0.004441705877013087
0.1,1,T1ax+FLAIRsag,1001,2,Glioma,35,66,9393,0.7643514592694394,0.029264142189457852
0.1,1,T1ax+FLAIRsag,1001,2,Pituitary adenoma,36,25,9393,0.6442399658411614,0.005562512411714104
0.1,1,T1ax+FLAIRax,1010,2,Cerebral infarction,0,424,9393,0.8046707527184832,0.22042184184765834
0.1,1,T1ax+FLAIRax,1010,2,Cerebral hemorrhage,1,294,9393,0.8311098700387948,0.2145372645333961
0.1,1,T1ax+FLAIRax,1010,2,Metastatic malignant neoplasm to brain,2,373,9393,0.8795467920557831,0.26856317179247896
0.1,1,T1ax+FLAIRax,1010,2,Intracranial meningioma,3,181,9393,0.7405444016092391,0.08122728483692657
0.1,1,T1ax+FLAIRax,1010,2,Demyelinating disease of central nervous system,4,250,9393,0.8295128513616974,0.2709102774118189
0.1,1,T1ax+FLAIRax,1010,2,Herniation of nucleus pulposus,5,138,9393,0.7148255153892529,0.030777681224510092
0.1,1,T1ax+FLAIRax,1010,2,Spinal cord compression,6,74,9393,0.6092116367897032,0.011630139470595715
0.1,1,T1ax+FLAIRax,1010,2,Lacunar infarct,7,213,9393,0.8040652776499227,0.1320996086335739
0.1,1,T1ax+FLAIRax,1010,2,Silent micro-hemorrhage of brain,8,195,9393,0.7281733487212939,0.0614427414268369
0.1,1,T1ax+FLAIRax,1010,2,Cavernous hemangioma,9,78,9393,0.5323286125218493,0.010162420899769575
0.1,1,T1ax+FLAIRax,1010,2,Subdural intracranial hemorrhage,10,44,9393,0.8373720086737522,0.090850049989421
0.1,1,T1ax+FLAIRax,1010,2,Gliosis,11,3534,9393,0.7799348643316002,0.6760726349242501
0.1,1,T1ax+FLAIRax,1010,2,Cerebral atrophy,12,1310,9393,0.9202797219307697,0.7211489075702384
0.1,1,T1ax+FLAIRax,1010,2,Encephalomalacia,13,236,9393,0.7614083326083777,0.13137283588818427
0.1,1,T1ax+FLAIRax,1010,2,Arachnoid cyst,14,389,9393,0.7405948684332241,0.1247811325258621
0.1,1,T1ax+FLAIRax,1010,2,Empty sella syndrome,15,351,9393,0.7170548204611464,0.0843241650158209
0.1,1,T1ax+FLAIRax,1010,2,Intracranial aneurysm,16,61,9393,0.6480433973003169,0.019151094152343045
0.1,1,T1ax+FLAIRax,1010,2,Chiari malformation,17,56,9393,0.7677672547009593,0.022795386145275653
0.1,1,T1ax+FLAIRax,1010,2,Schwannoma,18,38,9393,0.7539762018622184,0.011112794152381315
0.1,1,T1ax+FLAIRax,1010,2,Cyst of pineal gland,19,103,9393,0.6117633534335908,0.016893588318729016
0.1,1,T1ax+FLAIRax,1010,2,Hemangioma of vertebral column,20,31,9393,0.6125173143317875,0.006447170502125424
0.1,1,T1ax+FLAIRax,1010,2,Cerebral edema,22,533,9393,0.9005171121341357,0.4801922695244421
0.1,1,T1ax+FLAIRax,1010,2,Spinal stenosis,23,43,9393,0.6277453053102848,0.00991990011901727
0.1,1,T1ax+FLAIRax,1010,2,Mastoiditis,24,265,9393,0.6905445405387528,0.0734980655844139
0.1,1,T1ax+FLAIRax,1010,2,Chronic mastoiditis,25,211,9393,0.7915022282417381,0.09480770667272667
0.1,1,T1ax+FLAIRax,1010,2,Ventriculomegaly,26,889,9393,0.9016193795389875,0.5666565032660434
0.1,1,T1ax+FLAIRax,1010,2,Cerebellar degeneration,27,351,9393,0.8315499495548158,0.17833189397409877
0.1,1,T1ax+FLAIRax,1010,2,Mega cisterna magna,28,104,9393,0.7282176188543936,0.04660763305659206
0.1,1,T1ax+FLAIRax,1010,2,Structure of cave of septum pellucidum,29,99,9393,0.7475486520031388,0.05342125828577103
0.1,1,T1ax+FLAIRax,1010,2,Hyperostosis of skull,30,34,9393,0.733436830229474,0.024999219575773238
0.1,1,T1ax+FLAIRax,1010,2,Watershed infarct,31,36,9393,0.7971215845534537,0.01737016583067573
0.1,1,T1ax+FLAIRax,1010,2,Foraminal Spinal Stenosis,33,60,9393,0.7369763205828779,0.015708210868558864
0.1,1,T1ax+FLAIRax,1010,2,Lipoma of brain,34,22,9393,0.6368341401422183,0.0048969199949076316
0.1,1,T1ax+FLAIRax,1010,2,Glioma,35,66,9393,0.7784665568518897,0.03214339337832937
0.1,1,T1ax+FLAIRax,1010,2,Pituitary adenoma,36,25,9393,0.5815157984628523,0.003614915302271035
0.1,1,T1ax+T2ax,1100,2,Cerebral infarction,0,424,9393,0.8086985150108235,0.21612877465165048
0.1,1,T1ax+T2ax,1100,2,Cerebral hemorrhage,1,294,9393,0.7939726500557361,0.18016190009256441
0.1,1,T1ax+T2ax,1100,2,Metastatic malignant neoplasm to brain,2,373,9393,0.8660337765941637,0.24981528317918764
0.1,1,T1ax+T2ax,1100,2,Intracranial meningioma,3,181,9393,0.7057573235006944,0.0585508553759957
0.1,1,T1ax+T2ax,1100,2,Demyelinating disease of central nervous system,4,250,9393,0.8344849611724816,0.27998556415561754
0.1,1,T1ax+T2ax,1100,2,Herniation of nucleus pulposus,5,138,9393,0.7035648572256281,0.03502656792162769
0.1,1,T1ax+T2ax,1100,2,Spinal cord compression,6,74,9393,0.5587349878046305,0.00898177531863209
0.1,1,T1ax+T2ax,1100,2,Lacunar infarct,7,213,9393,0.8189429971258196,0.14516561722801816
0.1,1,T1ax+T2ax,1100,2,Silent micro-hemorrhage of brain,8,195,9393,0.7292170538745881,0.0659727745483184
0.1,1,T1ax+T2ax,1100,2,Cavernous hemangioma,9,78,9393,0.5513109542095049,0.011352903119465945
0.1,1,T1ax+T2ax,1100,2,Subdural intracranial hemorrhage,10,44,9393,0.8376272620309416,0.03729912193403353
0.1,1,T1ax+T2ax,1100,2,Gliosis,11,3534,9393,0.7800029132066301,0.6758610744913651
0.1,1,T1ax+T2ax,1100,2,Cerebral atrophy,12,1310,9393,0.9178180480567547,0.7127550431814876
0.1,1,T1ax+T2ax,1100,2,Encephalomalacia,13,236,9393,0.756101657896247,0.12021605662147263
0.1,1,T1ax+T2ax,1100,2,Arachnoid cyst,14,389,9393,0.7078476404088899,0.12752067162743622
0.1,1,T1ax+T2ax,1100,2,Empty sella syndrome,15,351,9393,0.7188772748383454,0.08315773983972247
0.1,1,T1ax+T2ax,1100,2,Intracranial aneurysm,16,61,9393,0.7113018487418578,0.017794660571418687
0.1,1,T1ax+T2ax,1100,2,Chiari malformation,17,56,9393,0.7737457733441453,0.03261141673962438
0.1,1,T1ax+T2ax,1100,2,Schwannoma,18,38,9393,0.7504008551576697,0.011315332686627287
0.1,1,T1ax+T2ax,1100,2,Cyst of pineal gland,19,103,9393,0.5967080167629877,0.017785547029926296
0.1,1,T1ax+T2ax,1100,2,Hemangioma of vertebral column,20,31,9393,0.6091715996719753,0.0067687366876928255
0.1,1,T1ax+T2ax,1100,2,Cerebral edema,22,533,9393,0.8801127821141034,0.4504129983308791
0.1,1,T1ax+T2ax,1100,2,Spinal stenosis,23,43,9393,0.6334908593458525,0.011150575486213721
0.1,1,T1ax+T2ax,1100,2,Mastoiditis,24,265,9393,0.7031712499793296,0.08224736313435382
0.1,1,T1ax+T2ax,1100,2,Chronic mastoiditis,25,211,9393,0.7931074707262613,0.0936882825384662
0.1,1,T1ax+T2ax,1100,2,Ventriculomegaly,26,889,9393,0.9001916123372631,0.5686313723531463
0.1,1,T1ax+T2ax,1100,2,Cerebellar degeneration,27,351,9393,0.8333342785897532,0.19756431528946655
0.1,1,T1ax+T2ax,1100,2,Mega cisterna magna,28,104,9393,0.7246463973103009,0.040776586837953994
0.1,1,T1ax+T2ax,1100,2,Structure of cave of septum pellucidum,29,99,9393,0.7519285821416228,0.046692078670149774
0.1,1,T1ax+T2ax,1100,2,Hyperostosis of skull,30,34,9393,0.7116773410935054,0.02577785993190669
0.1,1,T1ax+T2ax,1100,2,Watershed infarct,31,36,9393,0.8733360645031052,0.020622884374234506
0.1,1,T1ax+T2ax,1100,2,Foraminal Spinal Stenosis,33,60,9393,0.651528626022358,0.010417666896681074
0.1,1,T1ax+T2ax,1100,2,Lipoma of brain,34,22,9393,0.6463703301287337,0.0035423017969637
0.1,1,T1ax+T2ax,1100,2,Glioma,35,66,9393,0.7772027122300521,0.0347321678989079
0.1,1,T1ax+T2ax,1100,2,Pituitary adenoma,36,25,9393,0.5644406490179334,0.00588873074378659
0.1,1,T2ax+FLAIRax+FLAIRsag,0111,3,Cerebral infarction,0,424,9393,0.8229338686502986,0.24708321973721253
0.1,1,T2ax+FLAIRax+FLAIRsag,0111,3,Cerebral hemorrhage,1,294,9393,0.8247699343502649,0.1968552766002294
0.1,1,T2ax+FLAIRax+FLAIRsag,0111,3,Metastatic malignant neoplasm to brain,2,373,9393,0.8940911765929747,0.29486993863809896
0.1,1,T2ax+FLAIRax+FLAIRsag,0111,3,Intracranial meningioma,3,181,9393,0.723854064959709,0.06367158546286149
0.1,1,T2ax+FLAIRax+FLAIRsag,0111,3,Demyelinating disease of central nervous system,4,250,9393,0.8383055889751723,0.2707407693509273
0.1,1,T2ax+FLAIRax+FLAIRsag,0111,3,Herniation of nucleus pulposus,5,138,9393,0.7355170334875782,0.037922913969625105
0.1,1,T2ax+FLAIRax+FLAIRsag,0111,3,Spinal cord compression,6,74,9393,0.5779010043416095,0.011319626098876552
0.1,1,T2ax+FLAIRax+FLAIRsag,0111,3,Lacunar infarct,7,213,9393,0.8026015935847474,0.13585387589869372
0.1,1,T2ax+FLAIRax+FLAIRsag,0111,3,Silent micro-hemorrhage of brain,8,195,9393,0.7165749521913907,0.0646062064804554
0.1,1,T2ax+FLAIRax+FLAIRsag,0111,3,Cavernous hemangioma,9,78,9393,0.4962013295346629,0.00844311073854078
0.1,1,T2ax+FLAIRax+FLAIRsag,0111,3,Subdural intracranial hemorrhage,10,44,9393,0.8720548624549053,0.13228057649919264
0.1,1,T2ax+FLAIRax+FLAIRsag,0111,3,Gliosis,11,3534,9393,0.7873767743055948,0.6873521301048645
0.1,1,T2ax+FLAIRax+FLAIRsag,0111,3,Cerebral atrophy,12,1310,9393,0.924949214872794,0.735089882613709
0.1,1,T2ax+FLAIRax+FLAIRsag,0111,3,Encephalomalacia,13,236,9393,0.7645174664931709,0.1238528465618143
0.1,1,T2ax+FLAIRax+FLAIRsag,0111,3,Arachnoid cyst,14,389,9393,0.7315351988661994,0.12411541196987787
0.1,1,T2ax+FLAIRax+FLAIRsag,0111,3,Empty sella syndrome,15,351,9393,0.7408261289039878,0.09252576136406734
0.1,1,T2ax+FLAIRax+FLAIRsag,0111,3,Intracranial aneurysm,16,61,9393,0.6873405802702495,0.022477699403445208
0.1,1,T2ax+FLAIRax+FLAIRsag,0111,3,Chiari malformation,17,56,9393,0.7489921051423676,0.02251411994540279
0.1,1,T2ax+FLAIRax+FLAIRsag,0111,3,Schwannoma,18,38,9393,0.741444203775071,0.008815931378691539
0.1,1,T2ax+FLAIRax+FLAIRsag,0111,3,Cyst of pineal gland,19,103,9393,0.646966672588753,0.01996997474063283
0.1,1,T2ax+FLAIRax+FLAIRsag,0111,3,Hemangioma of vertebral column,20,31,9393,0.5938729662120721,0.005120484666135984
0.1,1,T2ax+FLAIRax+FLAIRsag,0111,3,Cerebral edema,22,533,9393,0.8984768273624739,0.5178926945120108
0.1,1,T2ax+FLAIRax+FLAIRsag,0111,3,Spinal stenosis,23,43,9393,0.5752393980848154,0.007000118909867536
0.1,1,T2ax+FLAIRax+FLAIRsag,0111,3,Mastoiditis,24,265,9393,0.7484815537512608,0.10174583959108019
0.1,1,T2ax+FLAIRax+FLAIRsag,0111,3,Chronic mastoiditis,25,211,9393,0.7655778201942602,0.07946887096651281
0.1,1,T2ax+FLAIRax+FLAIRsag,0111,3,Ventriculomegaly,26,889,9393,0.9020788999446565,0.5717054930906504
0.1,1,T2ax+FLAIRax+FLAIRsag,0111,3,Cerebellar degeneration,27,351,9393,0.8242071976865165,0.16699353769592776
0.1,1,T2ax+FLAIRax+FLAIRsag,0111,3,Mega cisterna magna,28,104,9393,0.7415346522354813,0.04349586927701513
0.1,1,T2ax+FLAIRax+FLAIRsag,0111,3,Structure of cave of septum pellucidum,29,99,9393,0.7137395039267216,0.03712385943099042
0.1,1,T2ax+FLAIRax+FLAIRsag,0111,3,Hyperostosis of skull,30,34,9393,0.6994556985097704,0.03403966875227833
0.1,1,T2ax+FLAIRax+FLAIRsag,0111,3,Watershed infarct,31,36,9393,0.842393692185292,0.030955916917115196
0.1,1,T2ax+FLAIRax+FLAIRsag,0111,3,Foraminal Spinal Stenosis,33,60,9393,0.6441551483981571,0.009635089811845625
0.1,1,T2ax+FLAIRax+FLAIRsag,0111,3,Lipoma of brain,34,22,9393,0.5205275462985419,0.002726045722708014
0.1,1,T2ax+FLAIRax+FLAIRsag,0111,3,Glioma,35,66,9393,0.7445604322413586,0.0371752935831008
0.1,1,T2ax+FLAIRax+FLAIRsag,0111,3,Pituitary adenoma,36,25,9393,0.5340862510674638,0.0059008785654917194
0.1,1,T1ax+FLAIRax+FLAIRsag,1011,3,Cerebral infarction,0,424,9393,0.8067507683698779,0.22526015100268343
0.1,1,T1ax+FLAIRax+FLAIRsag,1011,3,Cerebral hemorrhage,1,294,9393,0.8272169401885384,0.20479145006089222
0.1,1,T1ax+FLAIRax+FLAIRsag,1011,3,Metastatic malignant neoplasm to brain,2,373,9393,0.8944965908347847,0.2887227059829526
0.1,1,T1ax+FLAIRax+FLAIRsag,1011,3,Intracranial meningioma,3,181,9393,0.7359989252548321,0.0693136763973194
0.1,1,T1ax+FLAIRax+FLAIRsag,1011,3,Demyelinating disease of central nervous system,4,250,9393,0.8200844361806846,0.25997460559750574
0.1,1,T1ax+FLAIRax+FLAIRsag,1011,3,Herniation of nucleus pulposus,5,138,9393,0.7525090237161268,0.035928902921883804
0.1,1,T1ax+FLAIRax+FLAIRsag,1011,3,Spinal cord compression,6,74,9393,0.5909287332186784,0.013095630743639897
0.1,1,T1ax+FLAIRax+FLAIRsag,1011,3,Lacunar infarct,7,213,9393,0.7942296480407498,0.12764861497707922
0.1,1,T1ax+FLAIRax+FLAIRsag,1011,3,Silent micro-hemorrhage of brain,8,195,9393,0.7235998907231784,0.06980950702199162
0.1,1,T1ax+FLAIRax+FLAIRsag,1011,3,Cavernous hemangioma,9,78,9393,0.5141789504108345,0.009410909329960939
0.1,1,T1ax+FLAIRax+FLAIRsag,1011,3,Subdural intracranial hemorrhage,10,44,9393,0.8677106934139772,0.1209386955348341
0.1,1,T1ax+FLAIRax+FLAIRsag,1011,3,Gliosis,11,3534,9393,0.7804553971740928,0.6747550443545229
0.1,1,T1ax+FLAIRax+FLAIRsag,1011,3,Cerebral atrophy,12,1310,9393,0.9228736590695956,0.7328931150636064
0.1,1,T1ax+FLAIRax+FLAIRsag,1011,3,Encephalomalacia,13,236,9393,0.7678686121389027,0.12534269946537166
0.1,1,T1ax+FLAIRax+FLAIRsag,1011,3,Arachnoid cyst,14,389,9393,0.7329718639759079,0.1192107363145235
0.1,1,T1ax+FLAIRax+FLAIRsag,1011,3,Empty sella syndrome,15,351,9393,0.7313568651768165,0.09150689466282613
0.1,1,T1ax+FLAIRax+FLAIRsag,1011,3,Intracranial aneurysm,16,61,9393,0.6459775284056973,0.017632233307074193
0.1,1,T1ax+FLAIRax+FLAIRsag,1011,3,Chiari malformation,17,56,9393,0.7213887911381753,0.022038984927658604
0.1,1,T1ax+FLAIRax+FLAIRsag,1011,3,Schwannoma,18,38,9393,0.7470111676840417,0.010285516510265741
0.1,1,T1ax+FLAIRax+FLAIRsag,1011,3,Cyst of pineal gland,19,103,9393,0.6255969985473471,0.0206576586993773
0.1,1,T1ax+FLAIRax+FLAIRsag,1011,3,Hemangioma of vertebral column,20,31,9393,0.590382534749261,0.00801204992704065
0.1,1,T1ax+FLAIRax+FLAIRsag,1011,3,Cerebral edema,22,533,9393,0.9013370376801528,0.5077372518335234
0.1,1,T1ax+FLAIRax+FLAIRsag,1011,3,Spinal stenosis,23,43,9393,0.634023131451312,0.008286897211286476
0.1,1,T1ax+FLAIRax+FLAIRsag,1011,3,Mastoiditis,24,265,9393,0.7010541894729879,0.08379654154902308
0.1,1,T1ax+FLAIRax+FLAIRsag,1011,3,Chronic mastoiditis,25,211,9393,0.7821200762670834,0.08828809773184514
0.1,1,T1ax+FLAIRax+FLAIRsag,1011,3,Ventriculomegaly,26,889,9393,0.9041844399036197,0.5718447819286552
0.1,1,T1ax+FLAIRax+FLAIRsag,1011,3,Cerebellar degeneration,27,351,9393,0.8264754980083446,0.17695347296495773
0.1,1,T1ax+FLAIRax+FLAIRsag,1011,3,Mega cisterna magna,28,104,9393,0.7064797485860032,0.0508334661733197
0.1,1,T1ax+FLAIRax+FLAIRsag,1011,3,Structure of cave of septum pellucidum,29,99,9393,0.7149513208260788,0.03970480585546028
0.1,1,T1ax+FLAIRax+FLAIRsag,1011,3,Hyperostosis of skull,30,34,9393,0.7157753153617468,0.030405867253324986
0.1,1,T1ax+FLAIRax+FLAIRsag,1011,3,Watershed infarct,31,36,9393,0.8019901915381236,0.020513521756128285
0.1,1,T1ax+FLAIRax+FLAIRsag,1011,3,Foraminal Spinal Stenosis,33,60,9393,0.7583395835565556,0.016455290514973644
0.1,1,T1ax+FLAIRax+FLAIRsag,1011,3,Lipoma of brain,34,22,9393,0.6034720268526693,0.0036361400660293456
0.1,1,T1ax+FLAIRax+FLAIRsag,1011,3,Glioma,35,66,9393,0.7628212001000678,0.03453906849171087
0.1,1,T1ax+FLAIRax+FLAIRsag,1011,3,Pituitary adenoma,36,25,9393,0.6233518360375747,0.004496462909329441
0.1,1,T1ax+T2ax+FLAIRsag,1101,3,Cerebral infarction,0,424,9393,0.8121861569304754,0.22026126564082707
0.1,1,T1ax+T2ax+FLAIRsag,1101,3,Cerebral hemorrhage,1,294,9393,0.8151942390320235,0.17379104497145417
0.1,1,T1ax+T2ax+FLAIRsag,1101,3,Metastatic malignant neoplasm to brain,2,373,9393,0.8866935555780124,0.2697087269808418
0.1,1,T1ax+T2ax+FLAIRsag,1101,3,Intracranial meningioma,3,181,9393,0.7430633355963755,0.06652685287278544
0.1,1,T1ax+T2ax+FLAIRsag,1101,3,Demyelinating disease of central nervous system,4,250,9393,0.8392825112107624,0.25444331029834
0.1,1,T1ax+T2ax+FLAIRsag,1101,3,Herniation of nucleus pulposus,5,138,9393,0.7197574362467605,0.03823253296765476
0.1,1,T1ax+T2ax+FLAIRsag,1101,3,Spinal cord compression,6,74,9393,0.5702038555348996,0.011207157304536959
0.1,1,T1ax+T2ax+FLAIRsag,1101,3,Lacunar infarct,7,213,9393,0.8064275266705534,0.13484535122618724
0.1,1,T1ax+T2ax+FLAIRsag,1101,3,Silent micro-hemorrhage of brain,8,195,9393,0.732597944926712,0.06168973035983166
0.1,1,T1ax+T2ax+FLAIRsag,1101,3,Cavernous hemangioma,9,78,9393,0.5341976684971854,0.009867232657489644
0.1,1,T1ax+T2ax+FLAIRsag,1101,3,Subdural intracranial hemorrhage,10,44,9393,0.8573522690807962,0.07504417634139757
0.1,1,T1ax+T2ax+FLAIRsag,1101,3,Gliosis,11,3534,9393,0.7771658208611674,0.6731201937702533
0.1,1,T1ax+T2ax+FLAIRsag,1101,3,Cerebral atrophy,12,1310,9393,0.9213113376202812,0.7295337569248317
0.1,1,T1ax+T2ax+FLAIRsag,1101,3,Encephalomalacia,13,236,9393,0.7630806662680953,0.11187845016546905
0.1,1,T1ax+T2ax+FLAIRsag,1101,3,Arachnoid cyst,14,389,9393,0.7313139318828878,0.1319315741896715
0.1,1,T1ax+T2ax+FLAIRsag,1101,3,Empty sella syndrome,15,351,9393,0.7233114727032002,0.0879633816598977
0.1,1,T1ax+T2ax+FLAIRsag,1101,3,Intracranial aneurysm,16,61,9393,0.6809075769606431,0.016679698019425565
0.1,1,T1ax+T2ax+FLAIRsag,1101,3,Chiari malformation,17,56,9393,0.7504169280435746,0.025649265476570062
0.1,1,T1ax+T2ax+FLAIRsag,1101,3,Schwannoma,18,38,9393,0.7548988719795212,0.009746212590210648
0.1,1,T1ax+T2ax+FLAIRsag,1101,3,Cyst of pineal gland,19,103,9393,0.6101602098508679,0.017039256776992452
0.1,1,T1ax+T2ax+FLAIRsag,1101,3,Hemangioma of vertebral column,20,31,9393,0.5962814672905569,0.00653773089258725
0.1,1,T1ax+T2ax+FLAIRsag,1101,3,Cerebral edema,22,533,9393,0.8907508502068873,0.4785088695482046
0.1,1,T1ax+T2ax+FLAIRsag,1101,3,Spinal stenosis,23,43,9393,0.6300136798905608,0.00823001182424502
0.1,1,T1ax+T2ax+FLAIRsag,1101,3,Mastoiditis,24,265,9393,0.7123885866419724,0.08284827716498452
0.1,1,T1ax+T2ax+FLAIRsag,1101,3,Chronic mastoiditis,25,211,9393,0.7775786852702744,0.0894092615577656
0.1,1,T1ax+T2ax+FLAIRsag,1101,3,Ventriculomegaly,26,889,9393,0.9007373754903404,0.5726517279546192
0.1,1,T1ax+T2ax+FLAIRsag,1101,3,Cerebellar degeneration,27,351,9393,0.8360266839585573,0.1871163752927533
0.1,1,T1ax+T2ax+FLAIRsag,1101,3,Mega cisterna magna,28,104,9393,0.7065335756933346,0.032798933904144026
0.1,1,T1ax+T2ax+FLAIRsag,1101,3,Structure of cave of septum pellucidum,29,99,9393,0.7169695665499409,0.03303715981821884
0.1,1,T1ax+T2ax+FLAIRsag,1101,3,Hyperostosis of skull,30,34,9393,0.7094806508991031,0.029623495627533192
0.1,1,T1ax+T2ax+FLAIRsag,1101,3,Watershed infarct,31,36,9393,0.8750905442152637,0.024261898777887377
0.1,1,T1ax+T2ax+FLAIRsag,1101,3,Foraminal Spinal Stenosis,33,60,9393,0.6891781849351762,0.01099547135015474
0.1,1,T1ax+T2ax+FLAIRsag,1101,3,Lipoma of brain,34,22,9393,0.5914135485686014,0.003337367312417781
0.1,1,T1ax+T2ax+FLAIRsag,1101,3,Glioma,35,66,9393,0.7595088875243265,0.03603949691898779
0.1,1,T1ax+T2ax+FLAIRsag,1101,3,Pituitary adenoma,36,25,9393,0.5840350128095645,0.00653631002576472
0.1,1,T1ax+T2ax+FLAIRax,1110,3,Cerebral infarction,0,424,9393,0.8190754527649746,0.23089932313810319
0.1,1,T1ax+T2ax+FLAIRax,1110,3,Cerebral hemorrhage,1,294,9393,0.8220709758790867,0.21691861531207915
0.1,1,T1ax+T2ax+FLAIRax,1110,3,Metastatic malignant neoplasm to brain,2,373,9393,0.8773835920177384,0.25880309349439734
0.1,1,T1ax+T2ax+FLAIRax,1110,3,Intracranial meningioma,3,181,9393,0.7304278829199483,0.07015728031903169
0.1,1,T1ax+T2ax+FLAIRax,1110,3,Demyelinating disease of central nervous system,4,250,9393,0.8581060920923109,0.3200232265275187
0.1,1,T1ax+T2ax+FLAIRax,1110,3,Herniation of nucleus pulposus,5,138,9393,0.7017976965056099,0.03141691091853549
0.1,1,T1ax+T2ax+FLAIRax,1110,3,Spinal cord compression,6,74,9393,0.5691496303686454,0.0095419000144477
0.1,1,T1ax+T2ax+FLAIRax,1110,3,Lacunar infarct,7,213,9393,0.821112440803134,0.15000434568500148
0.1,1,T1ax+T2ax+FLAIRax,1110,3,Silent micro-hemorrhage of brain,8,195,9393,0.7240994419076611,0.06278790277687876
0.1,1,T1ax+T2ax+FLAIRax,1110,3,Cavernous hemangioma,9,78,9393,0.5373590982286635,0.010417451829287369
0.1,1,T1ax+T2ax+FLAIRax,1110,3,Subdural intracranial hemorrhage,10,44,9393,0.8497724598644483,0.0815353027105376
0.1,1,T1ax+T2ax+FLAIRax,1110,3,Gliosis,11,3534,9393,0.7843865840652814,0.6836407074612771
0.1,1,T1ax+T2ax+FLAIRax,1110,3,Cerebral atrophy,12,1310,9393,0.9207895092234857,0.7223564845615824
0.1,1,T1ax+T2ax+FLAIRax,1110,3,Encephalomalacia,13,236,9393,0.7627248210593729,0.11906482107118388
0.1,1,T1ax+T2ax+FLAIRax,1110,3,Arachnoid cyst,14,389,9393,0.741387717997942,0.13717585627655007
0.1,1,T1ax+T2ax+FLAIRax,1110,3,Empty sella syndrome,15,351,9393,0.7345716822602468,0.08701036877930655
0.1,1,T1ax+T2ax+FLAIRax,1110,3,Intracranial aneurysm,16,61,9393,0.7042364365869598,0.021017360010118617
0.1,1,T1ax+T2ax+FLAIRax,1110,3,Chiari malformation,17,56,9393,0.754721996970578,0.02519281272246067
0.1,1,T1ax+T2ax+FLAIRax,1110,3,Schwannoma,18,38,9393,0.7562125516892177,0.009960267839836816
0.1,1,T1ax+T2ax+FLAIRax,1110,3,Cyst of pineal gland,19,103,9393,0.61225035793786,0.018899829410118994
0.1,1,T1ax+T2ax+FLAIRax,1110,3,Hemangioma of vertebral column,20,31,9393,0.6174928158444225,0.006307808717411342
0.1,1,T1ax+T2ax+FLAIRax,1110,3,Cerebral edema,22,533,9393,0.892911201555148,0.47718042760594687
0.1,1,T1ax+T2ax+FLAIRax,1110,3,Spinal stenosis,23,43,9393,0.5969531152841685,0.007565391742816738
0.1,1,T1ax+T2ax+FLAIRax,1110,3,Mastoiditis,24,265,9393,0.7302870702627619,0.08878662241104729
0.1,1,T1ax+T2ax+FLAIRax,1110,3,Chronic mastoiditis,25,211,9393,0.7941413294711164,0.09366517914386749
0.1,1,T1ax+T2ax+FLAIRax,1110,3,Ventriculomegaly,26,889,9393,0.903454815678614,0.5722721957024616
0.1,1,T1ax+T2ax+FLAIRax,1110,3,Cerebellar degeneration,27,351,9393,0.832746329096694,0.1847534359661944
0.1,1,T1ax+T2ax+FLAIRax,1110,3,Mega cisterna magna,28,104,9393,0.7337297216724497,0.04127768810057558
0.1,1,T1ax+T2ax+FLAIRax,1110,3,Structure of cave of septum pellucidum,29,99,9393,0.7535555685975313,0.06248113915477235
0.1,1,T1ax+T2ax+FLAIRax,1110,3,Hyperostosis of skull,30,34,9393,0.7232641747798596,0.03635549670365355
0.1,1,T1ax+T2ax+FLAIRax,1110,3,Watershed infarct,31,36,9393,0.8365810504316435,0.019480730674468115
0.1,1,T1ax+T2ax+FLAIRax,1110,3,Foraminal Spinal Stenosis,33,60,9393,0.6671577556341298,0.010176399633099112
0.1,1,T1ax+T2ax+FLAIRax,1110,3,Lipoma of brain,34,22,9393,0.5781860866697063,0.0035476169835828523
0.1,1,T1ax+T2ax+FLAIRax,1110,3,Glioma,35,66,9393,0.770438381889009,0.036572511945034525
0.1,1,T1ax+T2ax+FLAIRax,1110,3,Pituitary adenoma,36,25,9393,0.5657130657557643,0.0059817709899929825
0.1,1,T1ax+T2ax+FLAIRax+FLAIRsag,1111,4,Cerebral infarction,0,424,9393,0.8189999831705433,0.23546828336836337
0.1,1,T1ax+T2ax+FLAIRax+FLAIRsag,1111,4,Cerebral hemorrhage,1,294,9393,0.8247706819841905,0.20622654444242944
0.1,1,T1ax+T2ax+FLAIRax+FLAIRsag,1111,4,Metastatic malignant neoplasm to brain,2,373,9393,0.8967043745504479,0.2882840349423166
0.1,1,T1ax+T2ax+FLAIRax+FLAIRsag,1111,4,Intracranial meningioma,3,181,9393,0.741289886120194,0.06852175525544871
0.1,1,T1ax+T2ax+FLAIRax+FLAIRsag,1111,4,Demyelinating disease of central nervous system,4,250,9393,0.8529952969484852,0.28697990986234423
0.1,1,T1ax+T2ax+FLAIRax+FLAIRsag,1111,4,Herniation of nucleus pulposus,5,138,9393,0.7286218182102897,0.03779091760053545
0.1,1,T1ax+T2ax+FLAIRax+FLAIRsag,1111,4,Spinal cord compression,6,74,9393,0.5645368514775103,0.012571411098831833
0.1,1,T1ax+T2ax+FLAIRax+FLAIRsag,1111,4,Lacunar infarct,7,213,9393,0.8063692247895508,0.13950091960384203
0.1,1,T1ax+T2ax+FLAIRax+FLAIRsag,1111,4,Silent micro-hemorrhage of brain,8,195,9393,0.7220365631324536,0.06983889465454603
0.1,1,T1ax+T2ax+FLAIRax+FLAIRsag,1111,4,Cavernous hemangioma,9,78,9393,0.5251441705547986,0.008956822514434158
0.1,1,T1ax+T2ax+FLAIRax+FLAIRsag,1111,4,Subdural intracranial hemorrhage,10,44,9393,0.8633470764982156,0.10958591777683313
0.1,1,T1ax+T2ax+FLAIRax+FLAIRsag,1111,4,Gliosis,11,3534,9393,0.7838714603597674,0.6811235398347573
0.1,1,T1ax+T2ax+FLAIRax+FLAIRsag,1111,4,Cerebral atrophy,12,1310,9393,0.9236311625662378,0.7336423507826817
0.1,1,T1ax+T2ax+FLAIRax+FLAIRsag,1111,4,Encephalomalacia,13,236,9393,0.7675326646466629,0.11789119871532439
0.1,1,T1ax+T2ax+FLAIRax+FLAIRsag,1111,4,Arachnoid cyst,14,389,9393,0.7464797136719583,0.13686768900178453
0.1,1,T1ax+T2ax+FLAIRax+FLAIRsag,1111,4,Empty sella syndrome,15,351,9393,0.7454654474119194,0.0935565748155612
0.1,1,T1ax+T2ax+FLAIRax+FLAIRsag,1111,4,Intracranial aneurysm,16,61,9393,0.6901864200740621,0.018128046314920068
0.1,1,T1ax+T2ax+FLAIRax+FLAIRsag,1111,4,Chiari malformation,17,56,9393,0.7392268088557047,0.023620923428365137
0.1,1,T1ax+T2ax+FLAIRax+FLAIRsag,1111,4,Schwannoma,18,38,9393,0.7463022869841627,0.009115051099490307
0.1,1,T1ax+T2ax+FLAIRax+FLAIRsag,1111,4,Cyst of pineal gland,19,103,9393,0.6229675922539112,0.018074819170659184
0.1,1,T1ax+T2ax+FLAIRax+FLAIRsag,1111,4,Hemangioma of vertebral column,20,31,9393,0.6130100405896176,0.0066962710966294685
0.1,1,T1ax+T2ax+FLAIRax+FLAIRsag,1111,4,Cerebral edema,22,533,9393,0.8987461830687068,0.5003175288732614
0.1,1,T1ax+T2ax+FLAIRax+FLAIRsag,1111,4,Spinal stenosis,23,43,9393,0.6008506404676035,0.006916150588487345
0.1,1,T1ax+T2ax+FLAIRax+FLAIRsag,1111,4,Mastoiditis,24,265,9393,0.7333801861987994,0.09567322213097228
0.1,1,T1ax+T2ax+FLAIRax+FLAIRsag,1111,4,Chronic mastoiditis,25,211,9393,0.7799166099756272,0.08976993460029294
0.1,1,T1ax+T2ax+FLAIRax+FLAIRsag,1111,4,Ventriculomegaly,26,889,9393,0.9058147188327705,0.5783791071091585
0.1,1,T1ax+T2ax+FLAIRax+FLAIRsag,1111,4,Cerebellar degeneration,27,351,9393,0.8360213275055124,0.1819791006103562
0.1,1,T1ax+T2ax+FLAIRax+FLAIRsag,1111,4,Mega cisterna magna,28,104,9393,0.7204116531546826,0.03893341827280961
0.1,1,T1ax+T2ax+FLAIRax+FLAIRsag,1111,4,Structure of cave of septum pellucidum,29,99,9393,0.7273216346812217,0.045831992935920385
0.1,1,T1ax+T2ax+FLAIRax+FLAIRsag,1111,4,Hyperostosis of skull,30,34,9393,0.7105837099237601,0.05300626311271867
0.1,1,T1ax+T2ax+FLAIRax+FLAIRsag,1111,4,Watershed infarct,31,36,9393,0.8481261800434612,0.024545265203326123
0.1,1,T1ax+T2ax+FLAIRax+FLAIRsag,1111,4,Foraminal Spinal Stenosis,33,60,9393,0.6972177577770635,0.01129890538199922
0.1,1,T1ax+T2ax+FLAIRax+FLAIRsag,1111,4,Lipoma of brain,34,22,9393,0.578719647655727,0.003046043743235074
0.1,1,T1ax+T2ax+FLAIRax+FLAIRsag,1111,4,Glioma,35,66,9393,0.7548823714793479,0.04095009769208079
0.1,1,T1ax+T2ax+FLAIRax+FLAIRsag,1111,4,Pituitary adenoma,36,25,9393,0.599730999146029,0.005351342375314511
0.1,2,FLAIRsag,0001,1,Cerebral infarction,0,424,9393,0.797279202788641,0.21592003520843606
0.1,2,FLAIRsag,0001,1,Cerebral hemorrhage,1,294,9393,0.8124257506057704,0.17944126606139627
0.1,2,FLAIRsag,0001,1,Metastatic malignant neoplasm to brain,2,373,9393,0.899500662810674,0.30122126614662814
0.1,2,FLAIRsag,0001,1,Intracranial meningioma,3,181,9393,0.7207599743788429,0.05403070454608096
0.1,2,FLAIRsag,0001,1,Demyelinating disease of central nervous system,4,250,9393,0.7686597396915673,0.15161982165274654
0.1,2,FLAIRsag,0001,1,Herniation of nucleus pulposus,5,138,9393,0.731842560621364,0.03397824321497912
0.1,2,FLAIRsag,0001,1,Spinal cord compression,6,74,9393,0.6008010371139463,0.011716271641124239
0.1,2,FLAIRsag,0001,1,Lacunar infarct,7,213,9393,0.8140645616619105,0.1247862623384384
0.1,2,FLAIRsag,0001,1,Silent micro-hemorrhage of brain,8,195,9393,0.7289458131923886,0.0650821195408501
0.1,2,FLAIRsag,0001,1,Cavernous hemangioma,9,78,9393,0.5641479829885627,0.010410789965208979
0.1,2,FLAIRsag,0001,1,Subdural intracranial hemorrhage,10,44,9393,0.8829651202364861,0.10374280424190771
0.1,2,FLAIRsag,0001,1,Gliosis,11,3534,9393,0.7743615697045055,0.6633251413602922
0.1,2,FLAIRsag,0001,1,Cerebral atrophy,12,1310,9393,0.918212854610515,0.7182993936913143
0.1,2,FLAIRsag,0001,1,Encephalomalacia,13,236,9393,0.7646965459415137,0.1163118888536043
0.1,2,FLAIRsag,0001,1,Arachnoid cyst,14,389,9393,0.6789398941801359,0.10386682842536785
0.1,2,FLAIRsag,0001,1,Empty sella syndrome,15,351,9393,0.682941146444796,0.08276423715311595
0.1,2,FLAIRsag,0001,1,Intracranial aneurysm,16,61,9393,0.6245160315642281,0.01149251636686286
0.1,2,FLAIRsag,0001,1,Chiari malformation,17,56,9393,0.6538139353417279,0.009962430641879532
0.1,2,FLAIRsag,0001,1,Schwannoma,18,38,9393,0.7680131649272834,0.013362910328752456
0.1,2,FLAIRsag,0001,1,Cyst of pineal gland,19,103,9393,0.6503882450071589,0.01979966961082804
0.1,2,FLAIRsag,0001,1,Hemangioma of vertebral column,20,31,9393,0.5610291432076135,0.004265046236488901
0.1,2,FLAIRsag,0001,1,Cerebral edema,22,533,9393,0.8946535433404343,0.48531876262302454
0.1,2,FLAIRsag,0001,1,Spinal stenosis,23,43,9393,0.6314886208183061,0.011290114853602248
0.1,2,FLAIRsag,0001,1,Mastoiditis,24,265,9393,0.6855952243149837,0.0603219427858327
0.1,2,FLAIRsag,0001,1,Chronic mastoiditis,25,211,9393,0.7407383702504693,0.07963130055232967
0.1,2,FLAIRsag,0001,1,Ventriculomegaly,26,889,9393,0.8933457635763544,0.5580318420676851
0.1,2,FLAIRsag,0001,1,Cerebellar degeneration,27,351,9393,0.7992555790609318,0.157435971270399
0.1,2,FLAIRsag,0001,1,Mega cisterna magna,28,104,9393,0.697133499507275,0.029697262647252934
0.1,2,FLAIRsag,0001,1,Structure of cave of septum pellucidum,29,99,9393,0.641791271875197,0.02645875719082872
0.1,2,FLAIRsag,0001,1,Hyperostosis of skull,30,34,9393,0.7652401274645985,0.014432526986384602
0.1,2,FLAIRsag,0001,1,Watershed infarct,31,36,9393,0.8400098559604812,0.023030447122918664
0.1,2,FLAIRsag,0001,1,Foraminal Spinal Stenosis,33,60,9393,0.7298135647701705,0.015032806901589455
0.1,2,FLAIRsag,0001,1,Lipoma of brain,34,22,9393,0.5601614264510434,0.0044102718122784376
0.1,2,FLAIRsag,0001,1,Glioma,35,66,9393,0.7713367187474618,0.038104009385667395
0.1,2,FLAIRsag,0001,1,Pituitary adenoma,36,25,9393,0.6157685738684884,0.0044607504952842054
0.1,2,FLAIRax,0010,1,Cerebral infarction,0,424,9393,0.8065769516384529,0.22432456723237193
0.1,2,FLAIRax,0010,1,Cerebral hemorrhage,1,294,9393,0.829684132142801,0.1986046027780523
0.1,2,FLAIRax,0010,1,Metastatic malignant neoplasm to brain,2,373,9393,0.8864850525790171,0.2944595505599484
0.1,2,FLAIRax,0010,1,Intracranial meningioma,3,181,9393,0.738935882334596,0.06903917751251304
0.1,2,FLAIRax,0010,1,Demyelinating disease of central nervous system,4,250,9393,0.8277580662802142,0.26404245405099713
0.1,2,FLAIRax,0010,1,Herniation of nucleus pulposus,5,138,9393,0.691016215285118,0.027782085688287148
0.1,2,FLAIRax,0010,1,Spinal cord compression,6,74,9393,0.572400762174343,0.009514634227807314
0.1,2,FLAIRax,0010,1,Lacunar infarct,7,213,9393,0.8122311209303752,0.1317801429760763
0.1,2,FLAIRax,0010,1,Silent micro-hemorrhage of brain,8,195,9393,0.7263279085196893,0.06099925888266374
0.1,2,FLAIRax,0010,1,Cavernous hemangioma,9,78,9393,0.5008602061742158,0.008938307569318021
0.1,2,FLAIRax,0010,1,Subdural intracranial hemorrhage,10,44,9393,0.7938671126712629,0.09077910371068833
0.1,2,FLAIRax,0010,1,Gliosis,11,3534,9393,0.7815270341421828,0.6855797235004959
0.1,2,FLAIRax,0010,1,Cerebral atrophy,12,1310,9393,0.9199032367432167,0.7133099185179799
0.1,2,FLAIRax,0010,1,Encephalomalacia,13,236,9393,0.772610746988041,0.133126194003109
0.1,2,FLAIRax,0010,1,Arachnoid cyst,14,389,9393,0.7288528720168927,0.1131799740597204
0.1,2,FLAIRax,0010,1,Empty sella syndrome,15,351,9393,0.6898777531380939,0.08481824642424698
0.1,2,FLAIRax,0010,1,Intracranial aneurysm,16,61,9393,0.6451290465382643,0.01683271251174446
0.1,2,FLAIRax,0010,1,Chiari malformation,17,56,9393,0.7312038127878333,0.021225507141222195
0.1,2,FLAIRax,0010,1,Schwannoma,18,38,9393,0.7838898421896539,0.01594276006656222
0.1,2,FLAIRax,0010,1,Cyst of pineal gland,19,103,9393,0.6345940409878039,0.016897466748497434
0.1,2,FLAIRax,0010,1,Hemangioma of vertebral column,20,31,9393,0.523537154316351,0.0040460435509591455
0.1,2,FLAIRax,0010,1,Cerebral edema,22,533,9393,0.9034916715723851,0.5144941532461885
0.1,2,FLAIRax,0010,1,Spinal stenosis,23,43,9393,0.5881457530157941,0.011480118960704638
0.1,2,FLAIRax,0010,1,Mastoiditis,24,265,9393,0.6986088833032924,0.07494227799088841
0.1,2,FLAIRax,0010,1,Chronic mastoiditis,25,211,9393,0.7545026793613303,0.061341286605091645
0.1,2,FLAIRax,0010,1,Ventriculomegaly,26,889,9393,0.8937823344165705,0.5541314371614939
0.1,2,FLAIRax,0010,1,Cerebellar degeneration,27,351,9393,0.8147785799853927,0.16800792689591976
0.1,2,FLAIRax,0010,1,Mega cisterna magna,28,104,9393,0.7286917114535804,0.04327766540480994
0.1,2,FLAIRax,0010,1,Structure of cave of septum pellucidum,29,99,9393,0.6832723620974105,0.03799822613798048
0.1,2,FLAIRax,0010,1,Hyperostosis of skull,30,34,9393,0.6857036008120526,0.013569033790705681
0.1,2,FLAIRax,0010,1,Watershed infarct,31,36,9393,0.8214943061047583,0.016191337593644713
0.1,2,FLAIRax,0010,1,Foraminal Spinal Stenosis,33,60,9393,0.6760723597271331,0.016552237004965283
0.1,2,FLAIRax,0010,1,Lipoma of brain,34,22,9393,0.42193517719075285,0.001980167888379755
0.1,2,FLAIRax,0010,1,Glioma,35,66,9393,0.770631694883866,0.04075264278013517
0.1,2,FLAIRax,0010,1,Pituitary adenoma,36,25,9393,0.45444064901793335,0.003932610299621504
0.1,2,T2ax,0100,1,Cerebral infarction,0,424,9393,0.8016745835235413,0.20142784485232965
0.1,2,T2ax,0100,1,Cerebral hemorrhage,1,294,9393,0.7858619434145787,0.1718688547783459
0.1,2,T2ax,0100,1,Metastatic malignant neoplasm to brain,2,373,9393,0.8580678623018256,0.20245911678058512
0.1,2,T2ax,0100,1,Intracranial meningioma,3,181,9393,0.7103309879259097,0.05101577026526896
0.1,2,T2ax,0100,1,Demyelinating disease of central nervous system,4,250,9393,0.8218615334135404,0.2403796303446003
0.1,2,T2ax,0100,1,Herniation of nucleus pulposus,5,138,9393,0.7164760137489332,0.03248199927958326
0.1,2,T2ax,0100,1,Spinal cord compression,6,74,9393,0.6263011052688057,0.011628753643060987
0.1,2,T2ax,0100,1,Lacunar infarct,7,213,9393,0.8076687430319023,0.11529077788698974
0.1,2,T2ax,0100,1,Silent micro-hemorrhage of brain,8,195,9393,0.7399122440218331,0.08283960073804204
0.1,2,T2ax,0100,1,Cavernous hemangioma,9,78,9393,0.449894710764276,0.007498772776732915
0.1,2,T2ax,0100,1,Subdural intracranial hemorrhage,10,44,9393,0.7935559466739271,0.02297933545251986
0.1,2,T2ax,0100,1,Gliosis,11,3534,9393,0.7765014146342076,0.6833648204195015
0.1,2,T2ax,0100,1,Cerebral atrophy,12,1310,9393,0.9165671426129479,0.7059762115517263
0.1,2,T2ax,0100,1,Encephalomalacia,13,236,9393,0.7354450517618272,0.10007847372386885
0.1,2,T2ax,0100,1,Arachnoid cyst,14,389,9393,0.7177906648744518,0.1351073258976095
0.1,2,T2ax,0100,1,Empty sella syndrome,15,351,9393,0.7124381881072879,0.08518428910606182
0.1,2,T2ax,0100,1,Intracranial aneurysm,16,61,9393,0.691099899517261,0.017346182313212916
0.1,2,T2ax,0100,1,Chiari malformation,17,56,9393,0.7675492281093651,0.03392637858711977
0.1,2,T2ax,0100,1,Schwannoma,18,38,9393,0.6886550957832851,0.007033336447099706
0.1,2,T2ax,0100,1,Cyst of pineal gland,19,103,9393,0.6367740654425367,0.017736718240632804
0.1,2,T2ax,0100,1,Hemangioma of vertebral column,20,31,9393,0.6833269014754223,0.005786822580084959
0.1,2,T2ax,0100,1,Cerebral edema,22,533,9393,0.8715689969888065,0.43149148629720413
0.1,2,T2ax,0100,1,Spinal stenosis,23,43,9393,0.6522372839199104,0.014792076841908546
0.1,2,T2ax,0100,1,Mastoiditis,24,265,9393,0.7490305590924876,0.09388685773058901
0.1,2,T2ax,0100,1,Chronic mastoiditis,25,211,9393,0.7951658974234568,0.08782352611341324
0.1,2,T2ax,0100,1,Ventriculomegaly,26,889,9393,0.8934845191622919,0.5530322032434182
0.1,2,T2ax,0100,1,Cerebellar degeneration,27,351,9393,0.8360418080612728,0.19209564478523922
0.1,2,T2ax,0100,1,Mega cisterna magna,28,104,9393,0.7874264017820912,0.06274541954811644
0.1,2,T2ax,0100,1,Structure of cave of septum pellucidum,29,99,9393,0.6931636137575453,0.03655826830846201
0.1,2,T2ax,0100,1,Hyperostosis of skull,30,34,9393,0.7517960063606594,0.05481293733165582
0.1,2,T2ax,0100,1,Watershed infarct,31,36,9393,0.8453386056784582,0.029078943678743432
0.1,2,T2ax,0100,1,Foraminal Spinal Stenosis,33,60,9393,0.6709311046823101,0.014446745846226605
0.1,2,T2ax,0100,1,Lipoma of brain,34,22,9393,0.6275307767677845,0.0033867540195119295
0.1,2,T2ax,0100,1,Glioma,35,66,9393,0.7615313638150563,0.05893072753118629
0.1,2,T2ax,0100,1,Pituitary adenoma,36,25,9393,0.4081511528608028,0.003108333479577758
0.1,2,T1ax,1000,1,Cerebral infarction,0,424,9393,0.7884305900617853,0.19994971166817294
0.1,2,T1ax,1000,1,Cerebral hemorrhage,1,294,9393,0.802072889821936,0.17414910058216804
0.1,2,T1ax,1000,1,Metastatic malignant neoplasm to brain,2,373,9393,0.85139264547654,0.22320893756553128
0.1,2,T1ax,1000,1,Intracranial meningioma,3,181,9393,0.7180107378557394,0.05210031112895232
0.1,2,T1ax,1000,1,Demyelinating disease of central nervous system,4,250,9393,0.783958438149404,0.1933373278890856
0.1,2,T1ax,1000,1,Herniation of nucleus pulposus,5,138,9393,0.7241859081264338,0.03336127373416661
0.1,2,T1ax,1000,1,Spinal cord compression,6,74,9393,0.6269942546903594,0.013372350828833198
0.1,2,T1ax,1000,1,Lacunar infarct,7,213,9393,0.7855692616117913,0.11272889606285336
0.1,2,T1ax,1000,1,Silent micro-hemorrhage of brain,8,195,9393,0.7097886385557619,0.06649363980354737
0.1,2,T1ax,1000,1,Cavernous hemangioma,9,78,9393,0.5481357611792395,0.011473542063289266
0.1,2,T1ax,1000,1,Subdural intracranial hemorrhage,10,44,9393,0.7927828936492965,0.027092053266608126
0.1,2,T1ax,1000,1,Gliosis,11,3534,9393,0.7741368007446835,0.6652706630074695
0.1,2,T1ax,1000,1,Cerebral atrophy,12,1310,9393,0.9163252816910055,0.7052983270489007
0.1,2,T1ax,1000,1,Encephalomalacia,13,236,9393,0.7546491245930222,0.12361258493533596
0.1,2,T1ax,1000,1,Arachnoid cyst,14,389,9393,0.6886319590607544,0.09162453997826842
0.1,2,T1ax,1000,1,Empty sella syndrome,15,351,9393,0.6928215967145408,0.08000291789862378
0.1,2,T1ax,1000,1,Intracranial aneurysm,16,61,9393,0.6669805288343299,0.01734895635594761
0.1,2,T1ax,1000,1,Chiari malformation,17,56,9393,0.6928120075276549,0.01892261238314414
0.1,2,T1ax,1000,1,Schwannoma,18,38,9393,0.7491181186531266,0.009741310193491833
0.1,2,T1ax,1000,1,Cyst of pineal gland,19,103,9393,0.6263693082654906,0.018035104039357715
0.1,2,T1ax,1000,1,Hemangioma of vertebral column,20,31,9393,0.594427713956902,0.004221317509465902
0.1,2,T1ax,1000,1,Cerebral edema,22,533,9393,0.8697815508281841,0.4316491958725046
0.1,2,T1ax,1000,1,Spinal stenosis,23,43,9393,0.7434100236289019,0.013710670866847664
0.1,2,T1ax,1000,1,Mastoiditis,24,265,9393,0.6080296165230764,0.04977113372991378
0.1,2,T1ax,1000,1,Chronic mastoiditis,25,211,9393,0.8006195926297176,0.10949890068497777
0.1,2,T1ax,1000,1,Ventriculomegaly,26,889,9393,0.8963448154352297,0.5476051849799358
0.1,2,T1ax,1000,1,Cerebellar degeneration,27,351,9393,0.8082646604544416,0.18235945430978434
0.1,2,T1ax,1000,1,Mega cisterna magna,28,104,9393,0.7224156777660923,0.03229874213337888
0.1,2,T1ax,1000,1,Structure of cave of septum pellucidum,29,99,9393,0.6629953505356994,0.02861336086690921
0.1,2,T1ax,1000,1,Hyperostosis of skull,30,34,9393,0.7277801172825151,0.019155993191951298
0.1,2,T1ax,1000,1,Watershed infarct,31,36,9393,0.8601166090746084,0.0239920922048412
0.1,2,T1ax,1000,1,Foraminal Spinal Stenosis,33,60,9393,0.6792974749098181,0.011432036366742972
0.1,2,T1ax,1000,1,Lipoma of brain,34,22,9393,0.6489605261881433,0.006697594493212866
0.1,2,T1ax,1000,1,Glioma,35,66,9393,0.7480368171908861,0.030352014740222463
0.1,2,T1ax,1000,1,Pituitary adenoma,36,25,9393,0.58600341588386,0.003441173048014847
0.1,2,FLAIRax+FLAIRsag,0011,2,Cerebral infarction,0,424,9393,0.8136976525011728,0.24942468751213392
0.1,2,FLAIRax+FLAIRsag,0011,2,Cerebral hemorrhage,1,294,9393,0.8278557933779074,0.19470055090113542
0.1,2,FLAIRax+FLAIRsag,0011,2,Metastatic malignant neoplasm to brain,2,373,9393,0.9085671994911516,0.31302985604811856
0.1,2,FLAIRax+FLAIRsag,0011,2,Intracranial meningioma,3,181,9393,0.726804216455596,0.06559790807716426
0.1,2,FLAIRax+FLAIRsag,0011,2,Demyelinating disease of central nervous system,4,250,9393,0.8047822377775347,0.2545043256994518
0.1,2,FLAIRax+FLAIRsag,0011,2,Herniation of nucleus pulposus,5,138,9393,0.7249759237075142,0.03260794701790795
0.1,2,FLAIRax+FLAIRsag,0011,2,Spinal cord compression,6,74,9393,0.5793801098018289,0.010163350259268955
0.1,2,FLAIRax+FLAIRsag,0011,2,Lacunar infarct,7,213,9393,0.8153789110845173,0.14076023271716834
0.1,2,FLAIRax+FLAIRsag,0011,2,Silent micro-hemorrhage of brain,8,195,9393,0.718662920032783,0.06873076060452074
0.1,2,FLAIRax+FLAIRsag,0011,2,Cavernous hemangioma,9,78,9393,0.49853558500901496,0.00859178718224368
0.1,2,FLAIRax+FLAIRsag,0011,2,Subdural intracranial hemorrhage,10,44,9393,0.8671296881533271,0.11285297955330498
0.1,2,FLAIRax+FLAIRsag,0011,2,Gliosis,11,3534,9393,0.7875145624109605,0.6823113518907526
0.1,2,FLAIRax+FLAIRsag,0011,2,Cerebral atrophy,12,1310,9393,0.9232575577996606,0.7245781484841628
0.1,2,FLAIRax+FLAIRsag,0011,2,Encephalomalacia,13,236,9393,0.7820341666928885,0.13940555551266048
0.1,2,FLAIRax+FLAIRsag,0011,2,Arachnoid cyst,14,389,9393,0.7228332680476771,0.11462993700504542
0.1,2,FLAIRax+FLAIRsag,0011,2,Empty sella syndrome,15,351,9393,0.7198644376259948,0.09169646608137266
0.1,2,FLAIRax+FLAIRsag,0011,2,Intracranial aneurysm,16,61,9393,0.6403332794614687,0.014279844051006877
0.1,2,FLAIRax+FLAIRsag,0011,2,Chiari malformation,17,56,9393,0.687915971786594,0.013467364750892906
0.1,2,FLAIRax+FLAIRsag,0011,2,Schwannoma,18,38,9393,0.7915468789558074,0.013695103143446213
0.1,2,FLAIRax+FLAIRsag,0011,2,Cyst of pineal gland,19,103,9393,0.6535443686185167,0.023741636635773493
0.1,2,FLAIRax+FLAIRsag,0011,2,Hemangioma of vertebral column,20,31,9393,0.5853450117496262,0.004662721858734196
0.1,2,FLAIRax+FLAIRsag,0011,2,Cerebral edema,22,533,9393,0.9047924986976904,0.5344144952889051
0.1,2,FLAIRax+FLAIRsag,0011,2,Spinal stenosis,23,43,9393,0.604112672553165,0.03240028223972856
0.1,2,FLAIRax+FLAIRsag,0011,2,Mastoiditis,24,265,9393,0.7177062490698328,0.07796540695274601
0.1,2,FLAIRax+FLAIRsag,0011,2,Chronic mastoiditis,25,211,9393,0.754495969344514,0.07755270646551025
0.1,2,FLAIRax+FLAIRsag,0011,2,Ventriculomegaly,26,889,9393,0.8974631933943347,0.5692275378605303
0.1,2,FLAIRax+FLAIRsag,0011,2,Cerebellar degeneration,27,351,9393,0.8171497557142325,0.16156336374470398
0.1,2,FLAIRax+FLAIRsag,0011,2,Mega cisterna magna,28,104,9393,0.740420845168396,0.038348091427409206
0.1,2,FLAIRax+FLAIRsag,0011,2,Structure of cave of septum pellucidum,29,99,9393,0.7084064227382496,0.040921047859847216
0.1,2,FLAIRax+FLAIRsag,0011,2,Hyperostosis of skull,30,34,9393,0.7306179016109061,0.026573171098684234
0.1,2,FLAIRax+FLAIRsag,0011,2,Watershed infarct,31,36,9393,0.8427677436975288,0.02493146361531505
0.1,2,FLAIRax+FLAIRsag,0011,2,Foraminal Spinal Stenosis,33,60,9393,0.7229026036644166,0.016897873755956066
0.1,2,FLAIRax+FLAIRsag,0011,2,Lipoma of brain,34,22,9393,0.5435482775681261,0.0026295421240157364
0.1,2,FLAIRax+FLAIRsag,0011,2,Glioma,35,66,9393,0.7487272207439463,0.04105861694932522
0.1,2,FLAIRax+FLAIRsag,0011,2,Pituitary adenoma,36,25,9393,0.5152263023057216,0.004689591693658018
0.1,2,T2ax+FLAIRsag,0101,2,Cerebral infarction,0,424,9393,0.8075414898697189,0.2222620850651465
0.1,2,T2ax+FLAIRsag,0101,2,Cerebral hemorrhage,1,294,9393,0.8067310229949767,0.17698942419786567
0.1,2,T2ax+FLAIRsag,0101,2,Metastatic malignant neoplasm to brain,2,373,9393,0.890675175213853,0.27986607625407023
0.1,2,T2ax+FLAIRsag,0101,2,Intracranial meningioma,3,181,9393,0.7314234615910546,0.06636462547080225
0.1,2,T2ax+FLAIRsag,0101,2,Demyelinating disease of central nervous system,4,250,9393,0.818555397571913,0.23349053715605023
0.1,2,T2ax+FLAIRsag,0101,2,Herniation of nucleus pulposus,5,138,9393,0.7139697304238211,0.030874968959083336
0.1,2,T2ax+FLAIRsag,0101,2,Spinal cord compression,6,74,9393,0.5728212921581308,0.011231363240410679
0.1,2,T2ax+FLAIRsag,0101,2,Lacunar infarct,7,213,9393,0.8167699735084435,0.13870941066876402
0.1,2,T2ax+FLAIRsag,0101,2,Silent micro-hemorrhage of brain,8,195,9393,0.7217538929867697,0.060046834809871656
0.1,2,T2ax+FLAIRsag,0101,2,Cavernous hemangioma,9,78,9393,0.5076868023727927,0.008788595136754403
0.1,2,T2ax+FLAIRsag,0101,2,Subdural intracranial hemorrhage,10,44,9393,0.8634345919349663,0.07466459069595771
0.1,2,T2ax+FLAIRsag,0101,2,Gliosis,11,3534,9393,0.7804518232800176,0.6783858855416869
0.1,2,T2ax+FLAIRsag,0101,2,Cerebral atrophy,12,1310,9393,0.9224528342870202,0.7312134239963857
0.1,2,T2ax+FLAIRsag,0101,2,Encephalomalacia,13,236,9393,0.7562432555995877,0.11745068132919308
0.1,2,T2ax+FLAIRsag,0101,2,Arachnoid cyst,14,389,9393,0.7270881607603132,0.1306175708350314
0.1,2,T2ax+FLAIRsag,0101,2,Empty sella syndrome,15,351,9393,0.7346296579873223,0.09535426292723499
0.1,2,T2ax+FLAIRsag,0101,2,Intracranial aneurysm,16,61,9393,0.6685879013161131,0.014156020025955304
0.1,2,T2ax+FLAIRsag,0101,2,Chiari malformation,17,56,9393,0.7354476812680733,0.026203462398823277
0.1,2,T2ax+FLAIRsag,0101,2,Schwannoma,18,38,9393,0.7585164139638245,0.01210452621972316
0.1,2,T2ax+FLAIRsag,0101,2,Cyst of pineal gland,19,103,9393,0.6500266493881092,0.018450367057796117
0.1,2,T2ax+FLAIRsag,0101,2,Hemangioma of vertebral column,20,31,9393,0.6524005761107016,0.005632895913314893
0.1,2,T2ax+FLAIRsag,0101,2,Cerebral edema,22,533,9393,0.8892676997615608,0.4739941189581105
0.1,2,T2ax+FLAIRsag,0101,2,Spinal stenosis,23,43,9393,0.6283621440119388,0.014890510320701138
0.1,2,T2ax+FLAIRsag,0101,2,Mastoiditis,24,265,9393,0.728457328063764,0.09305706388688872
0.1,2,T2ax+FLAIRsag,0101,2,Chronic mastoiditis,25,211,9393,0.761413480527015,0.0861323230891301
0.1,2,T2ax+FLAIRsag,0101,2,Ventriculomegaly,26,889,9393,0.8961280180993368,0.5696264137706002
0.1,2,T2ax+FLAIRsag,0101,2,Cerebellar degeneration,27,351,9393,0.8236750183222203,0.18477326857256107
0.1,2,T2ax+FLAIRsag,0101,2,Mega cisterna magna,28,104,9393,0.7284619111107431,0.03640483502015659
0.1,2,T2ax+FLAIRsag,0101,2,Structure of cave of septum pellucidum,29,99,9393,0.6846906769437433,0.03385824288861147
0.1,2,T2ax+FLAIRsag,0101,2,Hyperostosis of skull,30,34,9393,0.742044461763763,0.032306973668455634
0.1,2,T2ax+FLAIRsag,0101,2,Watershed infarct,31,36,9393,0.8508781304549179,0.024977811141232903
0.1,2,T2ax+FLAIRsag,0101,2,Foraminal Spinal Stenosis,33,60,9393,0.667016679167113,0.010481433229128378
0.1,2,T2ax+FLAIRsag,0101,2,Lipoma of brain,34,22,9393,0.5329352645007324,0.003573972728640325
0.1,2,T2ax+FLAIRsag,0101,2,Glioma,35,66,9393,0.7590848985188001,0.04440663091667928
0.1,2,T2ax+FLAIRsag,0101,2,Pituitary adenoma,36,25,9393,0.5053714773697695,0.004368612396368701
0.1,2,T2ax+FLAIRax,0110,2,Cerebral infarction,0,424,9393,0.818566624663148,0.22955585452871308
0.1,2,T2ax+FLAIRax,0110,2,Cerebral hemorrhage,1,294,9393,0.8137748560243968,0.20828968456700342
0.1,2,T2ax+FLAIRax,0110,2,Metastatic malignant neoplasm to brain,2,373,9393,0.869514572918091,0.2464984540015228
0.1,2,T2ax+FLAIRax,0110,2,Intracranial meningioma,3,181,9393,0.7268857819370843,0.06265768391080849
0.1,2,T2ax+FLAIRax,0110,2,Demyelinating disease of central nervous system,4,250,9393,0.8529532976047249,0.29212862821037433
0.1,2,T2ax+FLAIRax,0110,2,Herniation of nucleus pulposus,5,138,9393,0.7025313383286746,0.02756463712039955
0.1,2,T2ax+FLAIRax,0110,2,Spinal cord compression,6,74,9393,0.5800732592233826,0.009881871461690632
0.1,2,T2ax+FLAIRax,0110,2,Lacunar infarct,7,213,9393,0.8119851279061442,0.14218019308528168
0.1,2,T2ax+FLAIRax,0110,2,Silent micro-hemorrhage of brain,8,195,9393,0.7319450716710991,0.07106465952356177
0.1,2,T2ax+FLAIRax,0110,2,Cavernous hemangioma,9,78,9393,0.4865229778273256,0.007747618037589254
0.1,2,T2ax+FLAIRax,0110,2,Subdural intracranial hemorrhage,10,44,9393,0.8070600647614231,0.08311857247694956
0.1,2,T2ax+FLAIRax,0110,2,Gliosis,11,3534,9393,0.7813925060077642,0.6861680283066085
0.1,2,T2ax+FLAIRax,0110,2,Cerebral atrophy,12,1310,9393,0.9223888039453267,0.7187705848513277
0.1,2,T2ax+FLAIRax,0110,2,Encephalomalacia,13,236,9393,0.7481222108491606,0.11725467296253389
0.1,2,T2ax+FLAIRax,0110,2,Arachnoid cyst,14,389,9393,0.7315437640397469,0.13909718526776876
0.1,2,T2ax+FLAIRax,0110,2,Empty sella syndrome,15,351,9393,0.7128481143079684,0.09489167912692664
0.1,2,T2ax+FLAIRax,0110,2,Intracranial aneurysm,16,61,9393,0.666757429047241,0.01903427458581383
0.1,2,T2ax+FLAIRax,0110,2,Chiari malformation,17,56,9393,0.7461768845912575,0.0352000403087
0.1,2,T2ax+FLAIRax,0110,2,Schwannoma,18,38,9393,0.7512616388646657,0.01093584032680746
0.1,2,T2ax+FLAIRax,0110,2,Cyst of pineal gland,19,103,9393,0.6645218263713984,0.01908621823784361
0.1,2,T2ax+FLAIRax,0110,2,Hemangioma of vertebral column,20,31,9393,0.5926601015774131,0.004955900161131327
0.1,2,T2ax+FLAIRax,0110,2,Cerebral edema,22,533,9393,0.8942052524362717,0.5097865149420278
0.1,2,T2ax+FLAIRax,0110,2,Spinal stenosis,23,43,9393,0.5653600298470339,0.030050551046117632
0.1,2,T2ax+FLAIRax,0110,2,Mastoiditis,24,265,9393,0.7616097266548708,0.10817813588792538
0.1,2,T2ax+FLAIRax,0110,2,Chronic mastoiditis,25,211,9393,0.7809453071690852,0.0755737748591702
0.1,2,T2ax+FLAIRax,0110,2,Ventriculomegaly,26,889,9393,0.8940260495424903,0.5554565669641075
0.1,2,T2ax+FLAIRax,0110,2,Cerebellar degeneration,27,351,9393,0.8292466747454581,0.17846325869114932
0.1,2,T2ax+FLAIRax,0110,2,Mega cisterna magna,28,104,9393,0.7342638521990446,0.052672518893804886
0.1,2,T2ax+FLAIRax,0110,2,Structure of cave of septum pellucidum,29,99,9393,0.7103529375963205,0.046732170925752194
0.1,2,T2ax+FLAIRax,0110,2,Hyperostosis of skull,30,34,9393,0.7353538273948322,0.058889986173833175
0.1,2,T2ax+FLAIRax,0110,2,Watershed infarct,31,36,9393,0.8337311341479344,0.022928210333568982
0.1,2,T2ax+FLAIRax,0110,2,Foraminal Spinal Stenosis,33,60,9393,0.6135701275045538,0.00896174261585749
0.1,2,T2ax+FLAIRax,0110,2,Lipoma of brain,34,22,9393,0.5151676836662431,0.0023892548728461716
0.1,2,T2ax+FLAIRax,0110,2,Glioma,35,66,9393,0.7693321117251641,0.04728985295748506
0.1,2,T2ax+FLAIRax,0110,2,Pituitary adenoma,36,25,9393,0.47251067463706237,0.003993877395717615
0.1,2,T1ax+FLAIRsag,1001,2,Cerebral infarction,0,424,9393,0.7930986605856232,0.205357954442889
0.1,2,T1ax+FLAIRsag,1001,2,Cerebral hemorrhage,1,294,9393,0.8199604053073036,0.1918616795715142
0.1,2,T1ax+FLAIRsag,1001,2,Metastatic malignant neoplasm to brain,2,373,9393,0.8905102156066649,0.25757209794121394
0.1,2,T1ax+FLAIRsag,1001,2,Intracranial meningioma,3,181,9393,0.7447354279668845,0.07380664106332832
0.1,2,T1ax+FLAIRsag,1001,2,Demyelinating disease of central nervous system,4,250,9393,0.78549841408728,0.2103284650936153
0.1,2,T1ax+FLAIRsag,1001,2,Herniation of nucleus pulposus,5,138,9393,0.7342760278423728,0.033217790589057106
0.1,2,T1ax+FLAIRsag,1001,2,Spinal cord compression,6,74,9393,0.6084358314747841,0.011800020981801895
0.1,2,T1ax+FLAIRsag,1001,2,Lacunar infarct,7,213,9393,0.7954872298423803,0.11545502299721225
0.1,2,T1ax+FLAIRsag,1001,2,Silent micro-hemorrhage of brain,8,195,9393,0.7241434871571858,0.06659182078068786
0.1,2,T1ax+FLAIRsag,1001,2,Cavernous hemangioma,9,78,9393,0.5144363240981599,0.010001709052982248
0.1,2,T1ax+FLAIRsag,1001,2,Subdural intracranial hemorrhage,10,44,9393,0.8628657415960871,0.06746399027712706
0.1,2,T1ax+FLAIRsag,1001,2,Gliosis,11,3534,9393,0.775874196223978,0.6675596657019137
0.1,2,T1ax+FLAIRsag,1001,2,Cerebral atrophy,12,1310,9393,0.9180820551662002,0.7185473387075626
0.1,2,T1ax+FLAIRsag,1001,2,Encephalomalacia,13,236,9393,0.7629659073451264,0.13238187260750714
0.1,2,T1ax+FLAIRsag,1001,2,Arachnoid cyst,14,389,9393,0.7153964133621276,0.11319042928728411
0.1,2,T1ax+FLAIRsag,1001,2,Empty sella syndrome,15,351,9393,0.7054215497037881,0.07704743853059869
0.1,2,T1ax+FLAIRsag,1001,2,Intracranial aneurysm,16,61,9393,0.6313355069459572,0.023269930544821557
0.1,2,T1ax+FLAIRsag,1001,2,Chiari malformation,17,56,9393,0.6878796340213283,0.015276728792391427
0.1,2,T1ax+FLAIRsag,1001,2,Schwannoma,18,38,9393,0.7531829306028298,0.011260136334402149
0.1,2,T1ax+FLAIRsag,1001,2,Cyst of pineal gland,19,103,9393,0.6351468851568132,0.01765500722575995
0.1,2,T1ax+FLAIRsag,1001,2,Hemangioma of vertebral column,20,31,9393,0.5995031389763699,0.0047786539718688015
0.1,2,T1ax+FLAIRsag,1001,2,Cerebral edema,22,533,9393,0.8941728535187764,0.4811194418057604
0.1,2,T1ax+FLAIRsag,1001,2,Spinal stenosis,23,43,9393,0.6690511130456411,0.010085551609456588
0.1,2,T1ax+FLAIRsag,1001,2,Mastoiditis,24,265,9393,0.6562296396739041,0.06259617952662677
0.1,2,T1ax+FLAIRsag,1001,2,Chronic mastoiditis,25,211,9393,0.7795171058974852,0.09703769610845675
0.1,2,T1ax+FLAIRsag,1001,2,Ventriculomegaly,26,889,9393,0.9025314098202445,0.5756674163016259
0.1,2,T1ax+FLAIRsag,1001,2,Cerebellar degeneration,27,351,9393,0.8243596990555627,0.17807387875153038
0.1,2,T1ax+FLAIRsag,1001,2,Mega cisterna magna,28,104,9393,0.6676569474233378,0.03414281082087013
0.1,2,T1ax+FLAIRsag,1001,2,Structure of cave of septum pellucidum,29,99,9393,0.6805139842583355,0.0416048253083436
0.1,2,T1ax+FLAIRsag,1001,2,Hyperostosis of skull,30,34,9393,0.7293985657090061,0.01798416923713841
0.1,2,T1ax+FLAIRsag,1001,2,Watershed infarct,31,36,9393,0.8618889007635401,0.024634587578132368
0.1,2,T1ax+FLAIRsag,1001,2,Foraminal Spinal Stenosis,33,60,9393,0.7450426800957176,0.013740092829225283
0.1,2,T1ax+FLAIRsag,1001,2,Lipoma of brain,34,22,9393,0.5694453876078036,0.003665072103529723
0.1,2,T1ax+FLAIRsag,1001,2,Glioma,35,66,9393,0.7616613221309265,0.035057594728268145
0.1,2,T1ax+FLAIRsag,1001,2,Pituitary adenoma,36,25,9393,0.5802433817250213,0.004120871494222505
0.1,2,T1ax+FLAIRax,1010,2,Cerebral infarction,0,424,9393,0.8051112111528809,0.2185557652202303
0.1,2,T1ax+FLAIRax,1010,2,Cerebral hemorrhage,1,294,9393,0.8220306036471079,0.20086010769860854
0.1,2,T1ax+FLAIRax,1010,2,Metastatic malignant neoplasm to brain,2,373,9393,0.8850023480736879,0.26976624193605314
0.1,2,T1ax+FLAIRax,1010,2,Intracranial meningioma,3,181,9393,0.7535115139273059,0.08223095216008014
0.1,2,T1ax+FLAIRax,1010,2,Demyelinating disease of central nervous system,4,250,9393,0.8283915563819316,0.2890704600900262
0.1,2,T1ax+FLAIRax,1010,2,Herniation of nucleus pulposus,5,138,9393,0.7136338367823112,0.03128738558102112
0.1,2,T1ax+FLAIRax,1010,2,Spinal cord compression,6,74,9393,0.6099961427249763,0.01104896322509272
0.1,2,T1ax+FLAIRax,1010,2,Lacunar infarct,7,213,9393,0.8054251434533124,0.13215469345129438
0.1,2,T1ax+FLAIRax,1010,2,Silent micro-hemorrhage of brain,8,195,9393,0.72946961714085,0.06356249851787109
0.1,2,T1ax+FLAIRax,1010,2,Cavernous hemangioma,9,78,9393,0.5495547572842259,0.010537926004944081
0.1,2,T1ax+FLAIRax,1010,2,Subdural intracranial hemorrhage,10,44,9393,0.7987631151605908,0.08874902761101229
0.1,2,T1ax+FLAIRax,1010,2,Gliosis,11,3534,9393,0.7831083856788076,0.6797386121636583
0.1,2,T1ax+FLAIRax,1010,2,Cerebral atrophy,12,1310,9393,0.9222766091873152,0.7214854349603033
0.1,2,T1ax+FLAIRax,1010,2,Encephalomalacia,13,236,9393,0.7656581146589716,0.1334610751550499
0.1,2,T1ax+FLAIRax,1010,2,Arachnoid cyst,14,389,9393,0.7305119461330526,0.10913164845506709
0.1,2,T1ax+FLAIRax,1010,2,Empty sella syndrome,15,351,9393,0.7079113551133015,0.08832908880784507
0.1,2,T1ax+FLAIRax,1010,2,Intracranial aneurysm,16,61,9393,0.6491184923373128,0.016218954261595142
0.1,2,T1ax+FLAIRax,1010,2,Chiari malformation,17,56,9393,0.7484929389984546,0.02160686513303324
0.1,2,T1ax+FLAIRax,1010,2,Schwannoma,18,38,9393,0.7341950547132128,0.00895920065177859
0.1,2,T1ax+FLAIRax,1010,2,Cyst of pineal gland,19,103,9393,0.5919874173085162,0.015792261804399632
0.1,2,T1ax+FLAIRax,1010,2,Hemangioma of vertebral column,20,31,9393,0.5599644410141202,0.003935566000772911
0.1,2,T1ax+FLAIRax,1010,2,Cerebral edema,22,533,9393,0.9012758397248843,0.4915974323117788
0.1,2,T1ax+FLAIRax,1010,2,Spinal stenosis,23,43,9393,0.6346150976246735,0.014746344843848343
0.1,2,T1ax+FLAIRax,1010,2,Mastoiditis,24,265,9393,0.6756957650521721,0.06057024568969834
0.1,2,T1ax+FLAIRax,1010,2,Chronic mastoiditis,25,211,9393,0.7977420277257895,0.10256347529184615
0.1,2,T1ax+FLAIRax,1010,2,Ventriculomegaly,26,889,9393,0.9010269236100895,0.5690224822469381
0.1,2,T1ax+FLAIRax,1010,2,Cerebellar degeneration,27,351,9393,0.8295018939787796,0.18524709792163102
0.1,2,T1ax+FLAIRax,1010,2,Mega cisterna magna,28,104,9393,0.707914448023717,0.04155595934334005
0.1,2,T1ax+FLAIRax,1010,2,Structure of cave of septum pellucidum,29,99,9393,0.7070185391683131,0.0450240417977045
0.1,2,T1ax+FLAIRax,1010,2,Hyperostosis of skull,30,34,9393,0.7563150914816188,0.035324394109885464
0.1,2,T1ax+FLAIRax,1010,2,Watershed infarct,31,36,9393,0.8435752199779131,0.020608717018774373
0.1,2,T1ax+FLAIRax,1010,2,Foraminal Spinal Stenosis,33,60,9393,0.7242205078752812,0.01406532670758731
0.1,2,T1ax+FLAIRax,1010,2,Lipoma of brain,34,22,9393,0.582808665030413,0.0030496287948615255
0.1,2,T1ax+FLAIRax,1010,2,Glioma,35,66,9393,0.7644895399800514,0.030642153682975175
0.1,2,T1ax+FLAIRax,1010,2,Pituitary adenoma,36,25,9393,0.5085567890691717,0.0028485238866145933
0.1,2,T1ax+T2ax,1100,2,Cerebral infarction,0,424,9393,0.8094334889356841,0.22595587212488646
0.1,2,T1ax+T2ax,1100,2,Cerebral hemorrhage,1,294,9393,0.7948746703868931,0.18987831383818016
0.1,2,T1ax+T2ax,1100,2,Metastatic malignant neoplasm to brain,2,373,9393,0.8647667084762486,0.2481217878172236
0.1,2,T1ax+T2ax,1100,2,Intracranial meningioma,3,181,9393,0.7265397283869466,0.05765487304558595
0.1,2,T1ax+T2ax,1100,2,Demyelinating disease of central nervous system,4,250,9393,0.8253116045061795,0.2608919381794125
0.1,2,T1ax+T2ax,1100,2,Herniation of nucleus pulposus,5,138,9393,0.6981122620753373,0.034200939763509394
0.1,2,T1ax+T2ax,1100,2,Spinal cord compression,6,74,9393,0.5972649599916474,0.011507684103237265
0.1,2,T1ax+T2ax,1100,2,Lacunar infarct,7,213,9393,0.8141867910440127,0.13502333186203466
0.1,2,T1ax+T2ax,1100,2,Silent micro-hemorrhage of brain,8,195,9393,0.7235764742614057,0.06436782613944994
0.1,2,T1ax+T2ax,1100,2,Cavernous hemangioma,9,78,9393,0.5297989182047154,0.009374511541388013
0.1,2,T1ax+T2ax,1100,2,Subdural intracranial hemorrhage,10,44,9393,0.8188406149418023,0.030762285998264745
0.1,2,T1ax+T2ax,1100,2,Gliosis,11,3534,9393,0.7804687268330768,0.6778257672039139
0.1,2,T1ax+T2ax,1100,2,Cerebral atrophy,12,1310,9393,0.9162910943994228,0.7075945213862125
0.1,2,T1ax+T2ax,1100,2,Encephalomalacia,13,236,9393,0.7448247427641722,0.09898001200091008
0.1,2,T1ax+T2ax,1100,2,Arachnoid cyst,14,389,9393,0.6954321358459364,0.11559296447815502
0.1,2,T1ax+T2ax,1100,2,Empty sella syndrome,15,351,9393,0.7127828916150084,0.08402246755847456
0.1,2,T1ax+T2ax,1100,2,Intracranial aneurysm,16,61,9393,0.7207036602418613,0.017827559713255777
0.1,2,T1ax+T2ax,1100,2,Chiari malformation,17,56,9393,0.7308939855260944,0.026091134713177214
0.1,2,T1ax+T2ax,1100,2,Schwannoma,18,38,9393,0.7260147964781005,0.011110630286109507
0.1,2,T1ax+T2ax,1100,2,Cyst of pineal gland,19,103,9393,0.6262898826381849,0.01891487331221834
0.1,2,T1ax+T2ax,1100,2,Hemangioma of vertebral column,20,31,9393,0.6237569860313829,0.006081817373334169
0.1,2,T1ax+T2ax,1100,2,Cerebral edema,22,533,9393,0.882707871878163,0.45687353003551734
0.1,2,T1ax+T2ax,1100,2,Spinal stenosis,23,43,9393,0.6580077104837707,0.01817333694876439
0.1,2,T1ax+T2ax,1100,2,Mastoiditis,24,265,9393,0.6898301721429398,0.07371532077235934
0.1,2,T1ax+T2ax,1100,2,Chronic mastoiditis,25,211,9393,0.8088615579007351,0.10789568359631908
0.1,2,T1ax+T2ax,1100,2,Ventriculomegaly,26,889,9393,0.8962503716903683,0.5649624163361788
0.1,2,T1ax+T2ax,1100,2,Cerebellar degeneration,27,351,9393,0.8233189717374633,0.19504655911974
0.1,2,T1ax+T2ax,1100,2,Mega cisterna magna,28,104,9393,0.7493582152587427,0.053117664642961124
0.1,2,T1ax+T2ax,1100,2,Structure of cave of septum pellucidum,29,99,9393,0.7442055589247326,0.03713095947437436
0.1,2,T1ax+T2ax,1100,2,Hyperostosis of skull,30,34,9393,0.7444077107282704,0.05533740958958797
0.1,2,T1ax+T2ax,1100,2,Watershed infarct,31,36,9393,0.8629041834396115,0.031011681809653417
0.1,2,T1ax+T2ax,1100,2,Foraminal Spinal Stenosis,33,60,9393,0.6273366905960926,0.009897783345476682
0.1,2,T1ax+T2ax,1100,2,Lipoma of brain,34,22,9393,0.6326820655600935,0.003281777792316834
0.1,2,T1ax+T2ax,1100,2,Glioma,35,66,9393,0.7858823032512321,0.03958485735511187
0.1,2,T1ax+T2ax,1100,2,Pituitary adenoma,36,25,9393,0.5466951323654996,0.0033861763547290303
0.1,2,T2ax+FLAIRax+FLAIRsag,0111,3,Cerebral infarction,0,424,9393,0.817955242060178,0.25138435080346666
0.1,2,T2ax+FLAIRax+FLAIRsag,0111,3,Cerebral hemorrhage,1,294,9393,0.822195830744651,0.20014610408942668
0.1,2,T2ax+FLAIRax+FLAIRsag,0111,3,Metastatic malignant neoplasm to brain,2,373,9393,0.8990482870951059,0.3003698793490376
0.1,2,T2ax+FLAIRax+FLAIRsag,0111,3,Intracranial meningioma,3,181,9393,0.7353242107939918,0.0613170594701258
0.1,2,T2ax+FLAIRax+FLAIRsag,0111,3,Demyelinating disease of central nervous system,4,250,9393,0.8386980203434321,0.27653662478767027
0.1,2,T2ax+FLAIRax+FLAIRsag,0111,3,Herniation of nucleus pulposus,5,138,9393,0.7159177569508061,0.03182915359870846
0.1,2,T2ax+FLAIRax+FLAIRsag,0111,3,Spinal cord compression,6,74,9393,0.5604403093940598,0.009655597031183587
0.1,2,T2ax+FLAIRax+FLAIRsag,0111,3,Lacunar infarct,7,213,9393,0.8147590700338561,0.1407037314069428
0.1,2,T2ax+FLAIRax+FLAIRsag,0111,3,Silent micro-hemorrhage of brain,8,195,9393,0.715301542698803,0.0674946094283107
0.1,2,T2ax+FLAIRax+FLAIRsag,0111,3,Cavernous hemangioma,9,78,9393,0.49613939469011936,0.00834411370434383
0.1,2,T2ax+FLAIRax+FLAIRsag,0111,3,Subdural intracranial hemorrhage,10,44,9393,0.8551036085531754,0.09821086588736881
0.1,2,T2ax+FLAIRax+FLAIRsag,0111,3,Gliosis,11,3534,9393,0.7873657145523074,0.6874041844509453
0.1,2,T2ax+FLAIRax+FLAIRsag,0111,3,Cerebral atrophy,12,1310,9393,0.9249871325456405,0.7326263152499961
0.1,2,T2ax+FLAIRax+FLAIRsag,0111,3,Encephalomalacia,13,236,9393,0.7615337344959767,0.1295660101104221
0.1,2,T2ax+FLAIRax+FLAIRsag,0111,3,Arachnoid cyst,14,389,9393,0.7370760096341072,0.13720972494139028
0.1,2,T2ax+FLAIRax+FLAIRsag,0111,3,Empty sella syndrome,15,351,9393,0.7422884405852775,0.09755361372524023
0.1,2,T2ax+FLAIRax+FLAIRsag,0111,3,Intracranial aneurysm,16,61,9393,0.6642787377119448,0.018701159517605176
0.1,2,T2ax+FLAIRax+FLAIRsag,0111,3,Chiari malformation,17,56,9393,0.7177416270138772,0.025855467539830944
0.1,2,T2ax+FLAIRax+FLAIRsag,0111,3,Schwannoma,18,38,9393,0.7827618217108778,0.013790786315112106
0.1,2,T2ax+FLAIRax+FLAIRsag,0111,3,Cyst of pineal gland,19,103,9393,0.6694974238924829,0.020285130052386174
0.1,2,T2ax+FLAIRax+FLAIRsag,0111,3,Hemangioma of vertebral column,20,31,9393,0.6000854518265327,0.00480912636086815
0.1,2,T2ax+FLAIRax+FLAIRsag,0111,3,Cerebral edema,22,533,9393,0.9011951600675931,0.5262151636173722
0.1,2,T2ax+FLAIRax+FLAIRsag,0111,3,Spinal stenosis,23,43,9393,0.5751896530282302,0.03323896340954315
0.1,2,T2ax+FLAIRax+FLAIRsag,0111,3,Mastoiditis,24,265,9393,0.7639777255965472,0.09895958447543055
0.1,2,T2ax+FLAIRax+FLAIRsag,0111,3,Chronic mastoiditis,25,211,9393,0.7675944383251386,0.08909723098364651
0.1,2,T2ax+FLAIRax+FLAIRsag,0111,3,Ventriculomegaly,26,889,9393,0.899910066803738,0.5675573937042273
0.1,2,T2ax+FLAIRax+FLAIRsag,0111,3,Cerebellar degeneration,27,351,9393,0.8368005338808259,0.18150104019305197
0.1,2,T2ax+FLAIRax+FLAIRsag,0111,3,Mega cisterna magna,28,104,9393,0.7490725175352153,0.04286087533585094
0.1,2,T2ax+FLAIRax+FLAIRsag,0111,3,Structure of cave of septum pellucidum,29,99,9393,0.7126428911451508,0.04094743720265399
0.1,2,T2ax+FLAIRax+FLAIRsag,0111,3,Hyperostosis of skull,30,34,9393,0.7422675876633376,0.039437384120554274
0.1,2,T2ax+FLAIRax+FLAIRsag,0111,3,Watershed infarct,31,36,9393,0.8524812083645044,0.029474006863533804
0.1,2,T2ax+FLAIRax+FLAIRsag,0111,3,Foraminal Spinal Stenosis,33,60,9393,0.6555841280045717,0.010271559339300101
0.1,2,T2ax+FLAIRax+FLAIRsag,0111,3,Lipoma of brain,34,22,9393,0.5151773847750798,0.002458494953677235
0.1,2,T2ax+FLAIRax+FLAIRsag,0111,3,Glioma,35,66,9393,0.7460240877738465,0.04444405432288293
0.1,2,T2ax+FLAIRax+FLAIRsag,0111,3,Pituitary adenoma,36,25,9393,0.5092228864218616,0.004202035834116655
0.1,2,T1ax+FLAIRax+FLAIRsag,1011,3,Cerebral infarction,0,424,9393,0.8053626011608118,0.23503638674170813
0.1,2,T1ax+FLAIRax+FLAIRsag,1011,3,Cerebral hemorrhage,1,294,9393,0.8275055268837945,0.2024727618696555
0.1,2,T1ax+FLAIRax+FLAIRsag,1011,3,Metastatic malignant neoplasm to brain,2,373,9393,0.9049259019277983,0.29368894218483066
0.1,2,T1ax+FLAIRax+FLAIRsag,1011,3,Intracranial meningioma,3,181,9393,0.7431970789961689,0.08216782711412458
0.1,2,T1ax+FLAIRax+FLAIRsag,1011,3,Demyelinating disease of central nervous system,4,250,9393,0.8243228699551569,0.2702171258670861
0.1,2,T1ax+FLAIRax+FLAIRsag,1011,3,Herniation of nucleus pulposus,5,138,9393,0.7280482935193667,0.032879420083704564
0.1,2,T1ax+FLAIRax+FLAIRsag,1011,3,Spinal cord compression,6,74,9393,0.5914710718874256,0.011105194082060158
0.1,2,T1ax+FLAIRax+FLAIRsag,1011,3,Lacunar infarct,7,213,9393,0.8000721102212404,0.13384220165755423
0.1,2,T1ax+FLAIRax+FLAIRsag,1011,3,Silent micro-hemorrhage of brain,8,195,9393,0.7224619621879895,0.06935930633095741
0.1,2,T1ax+FLAIRax+FLAIRsag,1011,3,Cavernous hemangioma,9,78,9393,0.4923820141211446,0.009045810531261264
0.1,2,T1ax+FLAIRax+FLAIRsag,1011,3,Subdural intracranial hemorrhage,10,44,9393,0.8293157265239841,0.10035805250666344
0.1,2,T1ax+FLAIRax+FLAIRsag,1011,3,Gliosis,11,3534,9393,0.7853412001503354,0.6801820797385586
0.1,2,T1ax+FLAIRax+FLAIRsag,1011,3,Cerebral atrophy,12,1310,9393,0.9227271825799693,0.7260873787542074
0.1,2,T1ax+FLAIRax+FLAIRsag,1011,3,Encephalomalacia,13,236,9393,0.7691217055397093,0.1433610894787094
0.1,2,T1ax+FLAIRax+FLAIRsag,1011,3,Arachnoid cyst,14,389,9393,0.740473242968849,0.11575834276903268
0.1,2,T1ax+FLAIRax+FLAIRsag,1011,3,Empty sella syndrome,15,351,9393,0.7260870606369391,0.08968410330666077
0.1,2,T1ax+FLAIRax+FLAIRsag,1011,3,Intracranial aneurysm,16,61,9393,0.6518519039019626,0.018150592574614266
0.1,2,T1ax+FLAIRax+FLAIRsag,1011,3,Chiari malformation,17,56,9393,0.6865179240808458,0.017277914432943457
0.1,2,T1ax+FLAIRax+FLAIRsag,1011,3,Schwannoma,18,38,9393,0.7438774649075923,0.010808625108961963
0.1,2,T1ax+FLAIRax+FLAIRsag,1011,3,Cyst of pineal gland,19,103,9393,0.6268071942897154,0.018427542730413866
0.1,2,T1ax+FLAIRax+FLAIRsag,1011,3,Hemangioma of vertebral column,20,31,9393,0.5620972910392734,0.004573638175942083
0.1,2,T1ax+FLAIRax+FLAIRsag,1011,3,Cerebral edema,22,533,9393,0.9057644662225404,0.5206140159257069
0.1,2,T1ax+FLAIRax+FLAIRsag,1011,3,Spinal stenosis,23,43,9393,0.62792687476682,0.0320718914328431
0.1,2,T1ax+FLAIRax+FLAIRsag,1011,3,Mastoiditis,24,265,9393,0.6957042812494831,0.07126925917931257
0.1,2,T1ax+FLAIRax+FLAIRsag,1011,3,Chronic mastoiditis,25,211,9393,0.784928992537429,0.09542863832638712
0.1,2,T1ax+FLAIRax+FLAIRsag,1011,3,Ventriculomegaly,26,889,9393,0.9046660500927507,0.5741955692425517
0.1,2,T1ax+FLAIRax+FLAIRsag,1011,3,Cerebellar degeneration,27,351,9393,0.8313126901934689,0.18047283850586454
0.1,2,T1ax+FLAIRax+FLAIRsag,1011,3,Mega cisterna magna,28,104,9393,0.7075904502430501,0.043453855523984466
0.1,2,T1ax+FLAIRax+FLAIRsag,1011,3,Structure of cave of septum pellucidum,29,99,9393,0.7023049518207686,0.05188246915645224
0.1,2,T1ax+FLAIRax+FLAIRsag,1011,3,Hyperostosis of skull,30,34,9393,0.7466798237619655,0.03692634391286853
0.1,2,T1ax+FLAIRax+FLAIRsag,1011,3,Watershed infarct,31,36,9393,0.8514896749907972,0.024300596882410208
0.1,2,T1ax+FLAIRax+FLAIRsag,1011,3,Foraminal Spinal Stenosis,33,60,9393,0.7650612521875781,0.016418907535722504
0.1,2,T1ax+FLAIRax+FLAIRsag,1011,3,Lipoma of brain,34,22,9393,0.5797188618659113,0.002826960194682639
0.1,2,T1ax+FLAIRax+FLAIRsag,1011,3,Glioma,35,66,9393,0.7426744121822925,0.03553020465241167
0.1,2,T1ax+FLAIRax+FLAIRsag,1011,3,Pituitary adenoma,36,25,9393,0.5161101622544833,0.00370497527393656
0.1,2,T1ax+T2ax+FLAIRsag,1101,3,Cerebral infarction,0,424,9393,0.8038079801075823,0.23122793876931352
0.1,2,T1ax+T2ax+FLAIRsag,1101,3,Cerebral hemorrhage,1,294,9393,0.809898374120502,0.1906674929804863
0.1,2,T1ax+T2ax+FLAIRsag,1101,3,Metastatic malignant neoplasm to brain,2,373,9393,0.8902337968054308,0.2737910364153716
0.1,2,T1ax+T2ax+FLAIRsag,1101,3,Intracranial meningioma,3,181,9393,0.7541784316877097,0.07612256741617607
0.1,2,T1ax+T2ax+FLAIRsag,1101,3,Demyelinating disease of central nervous system,4,250,9393,0.8258851580444055,0.24487828903590686
0.1,2,T1ax+T2ax+FLAIRsag,1101,3,Herniation of nucleus pulposus,5,138,9393,0.7122863473719651,0.03216761457664963
0.1,2,T1ax+T2ax+FLAIRsag,1101,3,Spinal cord compression,6,74,9393,0.5759897680704634,0.010775152676961795
0.1,2,T1ax+T2ax+FLAIRsag,1101,3,Lacunar infarct,7,213,9393,0.8157553162109914,0.1473576873997236
0.1,2,T1ax+T2ax+FLAIRsag,1101,3,Silent micro-hemorrhage of brain,8,195,9393,0.7178369322204938,0.06490133743459735
0.1,2,T1ax+T2ax+FLAIRsag,1101,3,Cavernous hemangioma,9,78,9393,0.5083901069408316,0.009158992219803526
0.1,2,T1ax+T2ax+FLAIRsag,1101,3,Subdural intracranial hemorrhage,10,44,9393,0.8488438238411498,0.06180562221205295
0.1,2,T1ax+T2ax+FLAIRsag,1101,3,Gliosis,11,3534,9393,0.780155141775895,0.6748641938405782
0.1,2,T1ax+T2ax+FLAIRsag,1101,3,Cerebral atrophy,12,1310,9393,0.9187067759778557,0.7184471971042439
0.1,2,T1ax+T2ax+FLAIRsag,1101,3,Encephalomalacia,13,236,9393,0.7549975660002629,0.11600262538434059
0.1,2,T1ax+T2ax+FLAIRsag,1101,3,Arachnoid cyst,14,389,9393,0.7305687617842511,0.12673013235004438
0.1,2,T1ax+T2ax+FLAIRsag,1101,3,Empty sella syndrome,15,351,9393,0.715254106981601,0.08303275508224342
0.1,2,T1ax+T2ax+FLAIRsag,1101,3,Intracranial aneurysm,16,61,9393,0.6916989312290515,0.015920282017676018
0.1,2,T1ax+T2ax+FLAIRsag,1101,3,Chiari malformation,17,56,9393,0.7237182331431019,0.02303442865037969
0.1,2,T1ax+T2ax+FLAIRsag,1101,3,Schwannoma,18,38,9393,0.7331739289431489,0.011083327246867853
0.1,2,T1ax+T2ax+FLAIRsag,1101,3,Cyst of pineal gland,19,103,9393,0.6401768265281597,0.017570495284031165
0.1,2,T1ax+T2ax+FLAIRsag,1101,3,Hemangioma of vertebral column,20,31,9393,0.6319576048679976,0.005283749857949029
0.1,2,T1ax+T2ax+FLAIRsag,1101,3,Cerebral edema,22,533,9393,0.8960602492810829,0.48772243051275177
0.1,2,T1ax+T2ax+FLAIRsag,1101,3,Spinal stenosis,23,43,9393,0.6320855614973262,0.02138441462715584
0.1,2,T1ax+T2ax+FLAIRsag,1101,3,Mastoiditis,24,265,9393,0.7132641840160071,0.08223841774596702
0.1,2,T1ax+T2ax+FLAIRsag,1101,3,Chronic mastoiditis,25,211,9393,0.7816323096600498,0.09330866677084655
0.1,2,T1ax+T2ax+FLAIRsag,1101,3,Ventriculomegaly,26,889,9393,0.9024709605325676,0.5787735532855419
0.1,2,T1ax+T2ax+FLAIRsag,1101,3,Cerebellar degeneration,27,351,9393,0.8352052561298303,0.19374454960737594
0.1,2,T1ax+T2ax+FLAIRsag,1101,3,Mega cisterna magna,28,104,9393,0.7179614846344312,0.032391236749639826
0.1,2,T1ax+T2ax+FLAIRsag,1101,3,Structure of cave of septum pellucidum,29,99,9393,0.7085227136873361,0.043587011148099056
0.1,2,T1ax+T2ax+FLAIRsag,1101,3,Hyperostosis of skull,30,34,9393,0.7294079935639177,0.030106635297343774
0.1,2,T1ax+T2ax+FLAIRsag,1101,3,Watershed infarct,31,36,9393,0.8648427202450928,0.02734993140625308
0.1,2,T1ax+T2ax+FLAIRsag,1101,3,Foraminal Spinal Stenosis,33,60,9393,0.6778902817957784,0.010181922286122904
0.1,2,T1ax+T2ax+FLAIRsag,1101,3,Lipoma of brain,34,22,9393,0.5675003152860372,0.0028581807135842916
0.1,2,T1ax+T2ax+FLAIRsag,1101,3,Glioma,35,66,9393,0.7581605699971733,0.04051757251766845
0.1,2,T1ax+T2ax+FLAIRsag,1101,3,Pituitary adenoma,36,25,9393,0.5359692570452603,0.0040696199747760385
0.1,2,T1ax+T2ax+FLAIRax,1110,3,Cerebral infarction,0,424,9393,0.8154045275445613,0.23183958790140208
0.1,2,T1ax+T2ax+FLAIRax,1110,3,Cerebral hemorrhage,1,294,9393,0.8113274763691606,0.21247872401567708
0.1,2,T1ax+T2ax+FLAIRax,1110,3,Metastatic malignant neoplasm to brain,2,373,9393,0.8767496121220046,0.2589968419376121
0.1,2,T1ax+T2ax+FLAIRax,1110,3,Intracranial meningioma,3,181,9393,0.755577039796758,0.0705688295480695
0.1,2,T1ax+T2ax+FLAIRax,1110,3,Demyelinating disease of central nervous system,4,250,9393,0.8600433118232529,0.3153504268186661
0.1,2,T1ax+T2ax+FLAIRax,1110,3,Herniation of nucleus pulposus,5,138,9393,0.7036306266099797,0.029995080264892292
0.1,2,T1ax+T2ax+FLAIRax,1110,3,Spinal cord compression,6,74,9393,0.5882786692691189,0.010183685583344405
0.1,2,T1ax+T2ax+FLAIRax,1110,3,Lacunar infarct,7,213,9393,0.8222994466435505,0.14684740306888247
0.1,2,T1ax+T2ax+FLAIRax,1110,3,Silent micro-hemorrhage of brain,8,195,9393,0.7300500108719288,0.06533719550750823
0.1,2,T1ax+T2ax+FLAIRax,1110,3,Cavernous hemangioma,9,78,9393,0.5423813259562053,0.009445661250668032
0.1,2,T1ax+T2ax+FLAIRax,1110,3,Subdural intracranial hemorrhage,10,44,9393,0.819679304543996,0.08763646743671145
0.1,2,T1ax+T2ax+FLAIRax,1110,3,Gliosis,11,3534,9393,0.7837039702968833,0.6846560066847109
0.1,2,T1ax+T2ax+FLAIRax,1110,3,Cerebral atrophy,12,1310,9393,0.9217541669303118,0.7178055905653107
0.1,2,T1ax+T2ax+FLAIRax,1110,3,Encephalomalacia,13,236,9393,0.7624680016954706,0.1140338673652865
0.1,2,T1ax+T2ax+FLAIRax,1110,3,Arachnoid cyst,14,389,9393,0.7322966427945764,0.12531353772188114
0.1,2,T1ax+T2ax+FLAIRax,1110,3,Empty sella syndrome,15,351,9393,0.7223038293597905,0.09057257017453926
0.1,2,T1ax+T2ax+FLAIRax,1110,3,Intracranial aneurysm,16,61,9393,0.691082332604892,0.017345826307887384
0.1,2,T1ax+T2ax+FLAIRax,1110,3,Chiari malformation,17,56,9393,0.7213601034287551,0.022922301868792305
0.1,2,T1ax+T2ax+FLAIRax,1110,3,Schwannoma,18,38,9393,0.7255000140650932,0.00936399174437948
0.1,2,T1ax+T2ax+FLAIRax,1110,3,Cyst of pineal gland,19,103,9393,0.6204395581426944,0.01730168318520159
0.1,2,T1ax+T2ax+FLAIRax,1110,3,Hemangioma of vertebral column,20,31,9393,0.5967983130155536,0.004708974285037837
0.1,2,T1ax+T2ax+FLAIRax,1110,3,Cerebral edema,22,533,9393,0.8930554085016452,0.4912742512037188
0.1,2,T1ax+T2ax+FLAIRax,1110,3,Spinal stenosis,23,43,9393,0.5813356547693073,0.025988298330824097
0.1,2,T1ax+T2ax+FLAIRax,1110,3,Mastoiditis,24,265,9393,0.7198997899889208,0.09041789010611206
0.1,2,T1ax+T2ax+FLAIRax,1110,3,Chronic mastoiditis,25,211,9393,0.8075778800682564,0.10604588788743402
0.1,2,T1ax+T2ax+FLAIRax,1110,3,Ventriculomegaly,26,889,9393,0.8987334220804714,0.5683131719400687
0.1,2,T1ax+T2ax+FLAIRax,1110,3,Cerebellar degeneration,27,351,9393,0.8336975721403945,0.19102469686842322
0.1,2,T1ax+T2ax+FLAIRax,1110,3,Mega cisterna magna,28,104,9393,0.7233928467914903,0.041354385678349426
0.1,2,T1ax+T2ax+FLAIRax,1110,3,Structure of cave of septum pellucidum,29,99,9393,0.7355978550297466,0.04816359846941956
0.1,2,T1ax+T2ax+FLAIRax,1110,3,Hyperostosis of skull,30,34,9393,0.7470569379584295,0.06938028278659954
0.1,2,T1ax+T2ax+FLAIRax,1110,3,Watershed infarct,31,36,9393,0.8637413463479511,0.02724691184844686
0.1,2,T1ax+T2ax+FLAIRax,1110,3,Foraminal Spinal Stenosis,33,60,9393,0.6384299439265688,0.00962162692902517
0.1,2,T1ax+T2ax+FLAIRax,1110,3,Lipoma of brain,34,22,9393,0.5745772741824391,0.0027899783530845896
0.1,2,T1ax+T2ax+FLAIRax,1110,3,Glioma,35,66,9393,0.7688463925195993,0.04464781800121909
0.1,2,T1ax+T2ax+FLAIRax,1110,3,Pituitary adenoma,36,25,9393,0.546468830059778,0.003501703963433379
0.1,2,T1ax+T2ax+FLAIRax+FLAIRsag,1111,4,Cerebral infarction,0,424,9393,0.8133460746344326,0.2474887145082948
0.1,2,T1ax+T2ax+FLAIRax+FLAIRsag,1111,4,Cerebral hemorrhage,1,294,9393,0.8218672456343784,0.21145890226409791
0.1,2,T1ax+T2ax+FLAIRax+FLAIRsag,1111,4,Metastatic malignant neoplasm to brain,2,373,9393,0.8997556814466511,0.2882318551951664
0.1,2,T1ax+T2ax+FLAIRax+FLAIRsag,1111,4,Intracranial meningioma,3,181,9393,0.7535546956527998,0.07414363618563397
0.1,2,T1ax+T2ax+FLAIRax+FLAIRsag,1111,4,Demyelinating disease of central nervous system,4,250,9393,0.8523841189981407,0.2955373818317108
0.1,2,T1ax+T2ax+FLAIRax+FLAIRsag,1111,4,Herniation of nucleus pulposus,5,138,9393,0.7150149938536943,0.03191652739776421
0.1,2,T1ax+T2ax+FLAIRax+FLAIRsag,1111,4,Spinal cord compression,6,74,9393,0.5693627955673238,0.009862686645535565
0.1,2,T1ax+T2ax+FLAIRax+FLAIRsag,1111,4,Lacunar infarct,7,213,9393,0.8179308969284114,0.14714709238669824
0.1,2,T1ax+T2ax+FLAIRax+FLAIRsag,1111,4,Silent micro-hemorrhage of brain,8,195,9393,0.7219406671461466,0.07177439549832136
0.1,2,T1ax+T2ax+FLAIRax+FLAIRsag,1111,4,Cavernous hemangioma,9,78,9393,0.5095778796261888,0.008967286042144052
0.1,2,T1ax+T2ax+FLAIRax+FLAIRsag,1111,4,Subdural intracranial hemorrhage,10,44,9393,0.8346833399780238,0.09420928960094213
0.1,2,T1ax+T2ax+FLAIRax+FLAIRsag,1111,4,Gliosis,11,3534,9393,0.7858766081195202,0.6837735565751268
0.1,2,T1ax+T2ax+FLAIRax+FLAIRsag,1111,4,Cerebral atrophy,12,1310,9393,0.9222406275351245,0.7237686952181384
0.1,2,T1ax+T2ax+FLAIRax+FLAIRsag,1111,4,Encephalomalacia,13,236,9393,0.7628691951882693,0.12759983117359963
0.1,2,T1ax+T2ax+FLAIRax+FLAIRsag,1111,4,Arachnoid cyst,14,389,9393,0.7467646484453069,0.1336582839586833
0.1,2,T1ax+T2ax+FLAIRax+FLAIRsag,1111,4,Empty sella syndrome,15,351,9393,0.7345329267470386,0.09099518719767145
0.1,2,T1ax+T2ax+FLAIRax+FLAIRsag,1111,4,Intracranial aneurysm,16,61,9393,0.6858315824977339,0.016302188707102535
0.1,2,T1ax+T2ax+FLAIRax+FLAIRsag,1111,4,Chiari malformation,17,56,9393,0.7019232240395354,0.022680234337284312
0.1,2,T1ax+T2ax+FLAIRax+FLAIRsag,1111,4,Schwannoma,18,38,9393,0.7349348786182452,0.010906966999096226
0.1,2,T1ax+T2ax+FLAIRax+FLAIRsag,1111,4,Cyst of pineal gland,19,103,9393,0.633835317232226,0.01832204205369143
0.1,2,T1ax+T2ax+FLAIRax+FLAIRsag,1111,4,Hemangioma of vertebral column,20,31,9393,0.6012156211451923,0.004851165397895812
0.1,2,T1ax+T2ax+FLAIRax+FLAIRsag,1111,4,Cerebral edema,22,533,9393,0.9035255527932948,0.5185963711280531
0.1,2,T1ax+T2ax+FLAIRax+FLAIRsag,1111,4,Spinal stenosis,23,43,9393,0.5882253451063301,0.03346692719597746
0.1,2,T1ax+T2ax+FLAIRax+FLAIRsag,1111,4,Mastoiditis,24,265,9393,0.7372560894944852,0.09058312241391073
0.1,2,T1ax+T2ax+FLAIRax+FLAIRsag,1111,4,Chronic mastoiditis,25,211,9393,0.7874767343070772,0.09673748511882874
0.1,2,T1ax+T2ax+FLAIRax+FLAIRsag,1111,4,Ventriculomegaly,26,889,9393,0.9046595686592798,0.5747100714419787
0.1,2,T1ax+T2ax+FLAIRax+FLAIRsag,1111,4,Cerebellar degeneration,27,351,9393,0.8434192193316282,0.18983572101865884
0.1,2,T1ax+T2ax+FLAIRax+FLAIRsag,1111,4,Mega cisterna magna,28,104,9393,0.7233524764609919,0.0369580176772691
0.1,2,T1ax+T2ax+FLAIRax+FLAIRsag,1111,4,Structure of cave of septum pellucidum,29,99,9393,0.7163000784692198,0.056221449374268095
0.1,2,T1ax+T2ax+FLAIRax+FLAIRsag,1111,4,Hyperostosis of skull,30,34,9393,0.7508029389766377,0.05884193531892505
0.1,2,T1ax+T2ax+FLAIRax+FLAIRsag,1111,4,Watershed infarct,31,36,9393,0.8600334865163336,0.028182106016624527
0.1,2,T1ax+T2ax+FLAIRax+FLAIRsag,1111,4,Foraminal Spinal Stenosis,33,60,9393,0.6839315689846066,0.011045177887650439
0.1,2,T1ax+T2ax+FLAIRax+FLAIRsag,1111,4,Lipoma of brain,34,22,9393,0.5529001464867433,0.0025881746670116377
0.1,2,T1ax+T2ax+FLAIRax+FLAIRsag,1111,4,Glioma,35,66,9393,0.7415616441026541,0.043736507167039765
0.1,2,T1ax+T2ax+FLAIRax+FLAIRsag,1111,4,Pituitary adenoma,36,25,9393,0.5315670367207515,0.0036371936104222786
