C,seed,subset,subset_bits,k,finding,finding_idx,n_pos,n,auroc,auprc
0.1,0,FLAIRcor,0000001,1,Cerebral infarction,0,161,2512,0.75431097114747,0.2096816135239845
0.1,0,FLAIRcor,0000001,1,Cerebral hemorrhage,1,127,2512,0.7822413707720497,0.2325160463134541
0.1,0,FLAIRcor,0000001,1,Metastatic malignant neoplasm to brain,2,144,2512,0.7709535707582582,0.22898587685013255
0.1,0,FLAIRcor,0000001,1,Intracranial meningioma,3,62,2512,0.6758986175115207,0.06372738584823573
0.1,0,FLAIRcor,0000001,1,Demyelinating disease of central nervous system,4,66,2512,0.6847543298892441,0.06366444193016407
0.1,0,FLAIRcor,0000001,1,Herniation of nucleus pulposus,5,42,2512,0.6335068440331598,0.028401623743405567
0.1,0,FLAIRcor,0000001,1,Spinal cord compression,6,23,2512,0.6162418991388194,0.014840172228717927
0.1,0,FLAIRcor,0000001,1,Lacunar infarct,7,86,2512,0.8315535190475278,0.16025779273727156
0.1,0,FLAIRcor,0000001,1,Silent micro-hemorrhage of brain,8,77,2512,0.6570735219605855,0.06977652068504486
0.1,0,FLAIRcor,0000001,1,Gliosis,11,1027,2512,0.7254223507388065,0.6554299191729522
0.1,0,FLAIRcor,0000001,1,Cerebral atrophy,12,324,2512,0.8841774437447808,0.602098549459296
0.1,0,FLAIRcor,0000001,1,Encephalomalacia,13,84,2512,0.6549286106534871,0.1416257472001502
0.1,0,FLAIRcor,0000001,1,Arachnoid cyst,14,69,2512,0.6393481523667148,0.06422448323357573
0.1,0,FLAIRcor,0000001,1,Empty sella syndrome,15,72,2512,0.714042577413479,0.06317937134984498
0.1,0,FLAIRcor,0000001,1,Cyst of pineal gland,19,27,2512,0.6252477829942619,0.02068071706320768
0.1,0,FLAIRcor,0000001,1,Cerebral edema,22,197,2512,0.8282356294745153,0.41348245151493684
0.1,0,FLAIRcor,0000001,1,Mastoiditis,24,62,2512,0.6272481895984201,0.05247227173135263
0.1,0,FLAIRcor,0000001,1,Chronic mastoiditis,25,25,2512,0.6503578608765581,0.018424413935544316
0.1,0,FLAIRcor,0000001,1,Ventriculomegaly,26,304,2512,0.8645773741418764,0.4964640889051664
0.1,0,FLAIRcor,0000001,1,Cerebellar degeneration,27,94,2512,0.7469730566847931,0.12187321843231042
0.1,0,FLAIRcor,0000001,1,Mega cisterna magna,28,20,2512,0.6174157303370786,0.010904646337189596
0.1,0,FLAIRcor,0000001,1,Foraminal Spinal Stenosis,33,25,2512,0.6528990751909932,0.023656932261715873
0.1,0,T1sag,0000010,1,Cerebral infarction,0,161,2512,0.6949679137462319,0.15422263289457713
0.1,0,T1sag,0000010,1,Cerebral hemorrhage,1,127,2512,0.7310817279915482,0.1822471291181686
0.1,0,T1sag,0000010,1,Metastatic malignant neoplasm to brain,2,144,2512,0.7123774164789789,0.13461275353369884
0.1,0,T1sag,0000010,1,Intracranial meningioma,3,62,2512,0.5494009216589862,0.031965354303242294
0.1,0,T1sag,0000010,1,Demyelinating disease of central nervous system,4,66,2512,0.7726591342699275,0.11986859926455536
0.1,0,T1sag,0000010,1,Herniation of nucleus pulposus,5,42,2512,0.648582995951417,0.029022723626515527
0.1,0,T1sag,0000010,1,Spinal cord compression,6,23,2512,0.6935909305291107,0.022267773843035125
0.1,0,T1sag,0000010,1,Lacunar infarct,7,86,2512,0.7407254740313272,0.12180567496460681
0.1,0,T1sag,0000010,1,Silent micro-hemorrhage of brain,8,77,2512,0.5995413211018961,0.040476906043044436
0.1,0,T1sag,0000010,1,Gliosis,11,1027,2512,0.7025306620243329,0.6201135444905186
0.1,0,T1sag,0000010,1,Cerebral atrophy,12,324,2512,0.8482576116640711,0.5300643128344299
0.1,0,T1sag,0000010,1,Encephalomalacia,13,84,2512,0.7047197379775633,0.11619860610403245
0.1,0,T1sag,0000010,1,Arachnoid cyst,14,69,2512,0.627542757479222,0.048474105224627514
0.1,0,T1sag,0000010,1,Empty sella syndrome,15,72,2512,0.5680840163934426,0.03387126394510141
0.1,0,T1sag,0000010,1,Cyst of pineal gland,19,27,2512,0.6437439451523959,0.02636223386644572
0.1,0,T1sag,0000010,1,Cerebral edema,22,197,2512,0.7931302145574546,0.3611808199752523
0.1,0,T1sag,0000010,1,Mastoiditis,24,62,2512,0.5239236339697169,0.06276510579870306
0.1,0,T1sag,0000010,1,Chronic mastoiditis,25,25,2512,0.6381986328910334,0.025782091568941668
0.1,0,T1sag,0000010,1,Ventriculomegaly,26,304,2512,0.8569943030129671,0.4560073635267692
0.1,0,T1sag,0000010,1,Cerebellar degeneration,27,94,2512,0.7264575963958257,0.10767206697771793
0.1,0,T1sag,0000010,1,Mega cisterna magna,28,20,2512,0.6041131621187801,0.013416780963373185
0.1,0,T1sag,0000010,1,Foraminal Spinal Stenosis,33,25,2512,0.551363088057901,0.012011447882241847
0.1,0,SWIax,0000100,1,Cerebral infarction,0,161,2512,0.762070322923244,0.20834053364425692
0.1,0,SWIax,0000100,1,Cerebral hemorrhage,1,127,2512,0.7980389243797356,0.2842025236406747
0.1,0,SWIax,0000100,1,Metastatic malignant neoplasm to brain,2,144,2512,0.782203101539039,0.1872111003900556
0.1,0,SWIax,0000100,1,Intracranial meningioma,3,62,2512,0.6436076366030283,0.04023776611270821
0.1,0,SWIax,0000100,1,Demyelinating disease of central nervous system,4,66,2512,0.6344309819371143,0.04871773058209917
0.1,0,SWIax,0000100,1,Herniation of nucleus pulposus,5,42,2512,0.691372662425294,0.03618486790882055
0.1,0,SWIax,0000100,1,Spinal cord compression,6,23,2512,0.4980522996838262,0.010506152912891399
0.1,0,SWIax,0000100,1,Lacunar infarct,7,86,2512,0.8097547882436398,0.1328738658334712
0.1,0,SWIax,0000100,1,Silent micro-hemorrhage of brain,8,77,2512,0.697847942611803,0.10843072745018986
0.1,0,SWIax,0000100,1,Gliosis,11,1027,2512,0.7119320435776133,0.6410264183933537
0.1,0,SWIax,0000100,1,Cerebral atrophy,12,324,2512,0.8879254406752883,0.5777859513088834
0.1,0,SWIax,0000100,1,Encephalomalacia,13,84,2512,0.6549139013101122,0.09330275450913961
0.1,0,SWIax,0000100,1,Arachnoid cyst,14,69,2512,0.6202459556140881,0.05481340471150033
0.1,0,SWIax,0000100,1,Empty sella syndrome,15,72,2512,0.5644637978142076,0.04259624540503709
0.1,0,SWIax,0000100,1,Cyst of pineal gland,19,27,2512,0.6697071316789627,0.01803393176325932
0.1,0,SWIax,0000100,1,Cerebral edema,22,197,2512,0.8075056736577826,0.3704899286873256
0.1,0,SWIax,0000100,1,Mastoiditis,24,62,2512,0.6095194206714944,0.07461812148074917
0.1,0,SWIax,0000100,1,Chronic mastoiditis,25,25,2512,0.6916606353035786,0.037569200669438425
0.1,0,SWIax,0000100,1,Ventriculomegaly,26,304,2512,0.864818721395881,0.5012554891691161
0.1,0,SWIax,0000100,1,Cerebellar degeneration,27,94,2512,0.7518566425567111,0.11819893044185466
0.1,0,SWIax,0000100,1,Mega cisterna magna,28,20,2512,0.7037520064205458,0.02404962616794739
0.1,0,SWIax,0000100,1,Foraminal Spinal Stenosis,33,25,2512,0.6194129473260956,0.013313204274296515
0.1,0,FLAIRsag,0001000,1,Cerebral infarction,0,161,2512,0.7486123256655686,0.19696023456301912
0.1,0,FLAIRsag,0001000,1,Cerebral hemorrhage,1,127,2512,0.7858036613347861,0.2277471152799641
0.1,0,FLAIRsag,0001000,1,Metastatic malignant neoplasm to brain,2,144,2512,0.7644108952702702,0.18851551385215554
0.1,0,FLAIRsag,0001000,1,Intracranial meningioma,3,62,2512,0.6311784068466096,0.045052952473739236
0.1,0,FLAIRsag,0001000,1,Demyelinating disease of central nervous system,4,66,2512,0.6935627741024306,0.08117318616318221
0.1,0,FLAIRsag,0001000,1,Herniation of nucleus pulposus,5,42,2512,0.6783689994216311,0.03220074285075554
0.1,0,FLAIRsag,0001000,1,Spinal cord compression,6,23,2512,0.49055845721173164,0.012039350522117605
0.1,0,FLAIRsag,0001000,1,Lacunar infarct,7,86,2512,0.7841264211353747,0.1322801994046441
0.1,0,FLAIRsag,0001000,1,Silent micro-hemorrhage of brain,8,77,2512,0.5627510066935117,0.049484892918712706
0.1,0,FLAIRsag,0001000,1,Gliosis,11,1027,2512,0.700464561224055,0.5987139976721179
0.1,0,FLAIRsag,0001000,1,Cerebral atrophy,12,324,2512,0.88175824361839,0.5768347918376366
0.1,0,FLAIRsag,0001000,1,Encephalomalacia,13,84,2512,0.701179689338668,0.12548060503129685
0.1,0,FLAIRsag,0001000,1,Arachnoid cyst,14,69,2512,0.6555612901694876,0.06344900164437992
0.1,0,FLAIRsag,0001000,1,Empty sella syndrome,15,72,2512,0.5898280965391622,0.04054132046498454
0.1,0,FLAIRsag,0001000,1,Cyst of pineal gland,19,27,2512,0.5376406587674194,0.019204070699395157
0.1,0,FLAIRsag,0001000,1,Cerebral edema,22,197,2512,0.8196094769271249,0.4670620805576276
0.1,0,FLAIRsag,0001000,1,Mastoiditis,24,62,2512,0.7094535878867676,0.056937496044755204
0.1,0,FLAIRsag,0001000,1,Chronic mastoiditis,25,25,2512,0.7347004422999598,0.07271656403171266
0.1,0,FLAIRsag,0001000,1,Ventriculomegaly,26,304,2512,0.8592885917238748,0.490503200070716
0.1,0,FLAIRsag,0001000,1,Cerebellar degeneration,27,94,2512,0.7854169966386849,0.13255861729797452
0.1,0,FLAIRsag,0001000,1,Mega cisterna magna,28,20,2512,0.5813402889245586,0.009783770896254085
0.1,0,FLAIRsag,0001000,1,Foraminal Spinal Stenosis,33,25,2512,0.5941616405307599,0.021800548092252743
0.1,0,FLAIRax,0010000,1,Cerebral infarction,0,161,2512,0.7554707789205597,0.25587901362594134
0.1,0,FLAIRax,0010000,1,Cerebral hemorrhage,1,127,2512,0.7601016854025322,0.23129457265910994
0.1,0,FLAIRax,0010000,1,Metastatic malignant neoplasm to brain,2,144,2512,0.8161364489489489,0.23161442651622197
0.1,0,FLAIRax,0010000,1,Intracranial meningioma,3,62,2512,0.6635154707044107,0.062247903191165466
0.1,0,FLAIRax,0010000,1,Demyelinating disease of central nervous system,4,66,2512,0.7607101266136426,0.1159424867970136
0.1,0,FLAIRax,0010000,1,Herniation of nucleus pulposus,5,42,2512,0.6786581839213418,0.03531399279275262
0.1,0,FLAIRax,0010000,1,Spinal cord compression,6,23,2512,0.6889618669973971,0.023531647406651344
0.1,0,FLAIRax,0010000,1,Lacunar infarct,7,86,2512,0.8096445484000844,0.16073477343797854
0.1,0,FLAIRax,0010000,1,Silent micro-hemorrhage of brain,8,77,2512,0.600704018773834,0.048140398374339005
0.1,0,FLAIRax,0010000,1,Gliosis,11,1027,2512,0.7157075460872928,0.6349360508682954
0.1,0,FLAIRax,0010000,1,Cerebral atrophy,12,324,2512,0.8937766605728215,0.6494529601745841
0.1,0,FLAIRax,0010000,1,Encephalomalacia,13,84,2512,0.6627539813289401,0.13134262455028284
0.1,0,FLAIRax,0010000,1,Arachnoid cyst,14,69,2512,0.6677997472814964,0.07527877900907291
0.1,0,FLAIRax,0010000,1,Empty sella syndrome,15,72,2512,0.6411828324225864,0.05067429230833834
0.1,0,FLAIRax,0010000,1,Cyst of pineal gland,19,27,2512,0.5774647887323944,0.013067633756028926
0.1,0,FLAIRax,0010000,1,Cerebral edema,22,197,2512,0.8312725438817686,0.45896791855305336
0.1,0,FLAIRax,0010000,1,Mastoiditis,24,62,2512,0.6567149440421329,0.06948475357605029
0.1,0,FLAIRax,0010000,1,Chronic mastoiditis,25,25,2512,0.7199999999999999,0.09784597705101339
0.1,0,FLAIRax,0010000,1,Ventriculomegaly,26,304,2512,0.8870181993707094,0.5520411098984097
0.1,0,FLAIRax,0010000,1,Cerebellar degeneration,27,94,2512,0.7481037608010842,0.13597772849584097
0.1,0,FLAIRax,0010000,1,Mega cisterna magna,28,20,2512,0.6740569823434992,0.01861479836917018
0.1,0,FLAIRax,0010000,1,Foraminal Spinal Stenosis,33,25,2512,0.5614957780458384,0.013643356038734334
0.1,0,T2ax,0100000,1,Cerebral infarction,0,161,2512,0.769008034112615,0.22742068034977672
0.1,0,T2ax,0100000,1,Cerebral hemorrhage,1,127,2512,0.7931890589148054,0.21451860288793725
0.1,0,T2ax,0100000,1,Metastatic malignant neoplasm to brain,2,144,2512,0.7203013560435435,0.15003622210383788
0.1,0,T2ax,0100000,1,Intracranial meningioma,3,62,2512,0.6152797893350889,0.04353008592053377
0.1,0,T2ax,0100000,1,Demyelinating disease of central nervous system,4,66,2512,0.710684110111747,0.07684347700262358
0.1,0,T2ax,0100000,1,Herniation of nucleus pulposus,5,42,2512,0.695122421438211,0.033007037635542635
0.1,0,T2ax,0100000,1,Spinal cord compression,6,23,2512,0.4423812601533705,0.008626036901690547
0.1,0,T2ax,0100000,1,Lacunar infarct,7,86,2512,0.8528921183304894,0.19285420413355545
0.1,0,T2ax,0100000,1,Silent micro-hemorrhage of brain,8,77,2512,0.668977839409051,0.0791250664042113
0.1,0,T2ax,0100000,1,Gliosis,11,1027,2512,0.7397099852796055,0.6642852430525541
0.1,0,T2ax,0100000,1,Cerebral atrophy,12,324,2512,0.8860422732299639,0.6179586936156863
0.1,0,T2ax,0100000,1,Encephalomalacia,13,84,2512,0.6382335059229622,0.08983648803485976
0.1,0,T2ax,0100000,1,Arachnoid cyst,14,69,2512,0.6080312279390391,0.042034887409351476
0.1,0,T2ax,0100000,1,Empty sella syndrome,15,72,2512,0.6800204918032786,0.06539940627498163
0.1,0,T2ax,0100000,1,Cyst of pineal gland,19,27,2512,0.4970415083091139,0.010590028337972433
0.1,0,T2ax,0100000,1,Cerebral edema,22,197,2512,0.7748144412406399,0.32771690996012837
0.1,0,T2ax,0100000,1,Mastoiditis,24,62,2512,0.6584990125082291,0.04532697860603785
0.1,0,T2ax,0100000,1,Chronic mastoiditis,25,25,2512,0.7209489344591878,0.03088835879003405
0.1,0,T2ax,0100000,1,Ventriculomegaly,26,304,2512,0.8861988105453852,0.548617874211667
0.1,0,T2ax,0100000,1,Cerebellar degeneration,27,94,2512,0.7690371856466574,0.13121040862511038
0.1,0,T2ax,0100000,1,Mega cisterna magna,28,20,2512,0.6704654895666131,0.014439161204757998
0.1,0,T2ax,0100000,1,Foraminal Spinal Stenosis,33,25,2512,0.5629272215520708,0.011151717906836311
0.1,0,T1ax,1000000,1,Cerebral infarction,0,161,2512,0.7058553119988586,0.164060829755442
0.1,0,T1ax,1000000,1,Cerebral hemorrhage,1,127,2512,0.7665329569652849,0.19204482161232628
0.1,0,T1ax,1000000,1,Metastatic malignant neoplasm to brain,2,144,2512,0.725245753566066,0.1569914368253201
0.1,0,T1ax,1000000,1,Intracranial meningioma,3,62,2512,0.6672152732060567,0.04524258830745209
0.1,0,T1ax,1000000,1,Demyelinating disease of central nervous system,4,66,2512,0.7798632275328923,0.11557835038123294
0.1,0,T1ax,1000000,1,Herniation of nucleus pulposus,5,42,2512,0.6568440331598226,0.03449971789521093
0.1,0,T1ax,1000000,1,Spinal cord compression,6,23,2512,0.46437367897007703,0.008845961972482181
0.1,0,T1ax,1000000,1,Lacunar infarct,7,86,2512,0.7633869514369525,0.12936200776964366
0.1,0,T1ax,1000000,1,Silent micro-hemorrhage of brain,8,77,2512,0.6080535480946159,0.04268439688952495
0.1,0,T1ax,1000000,1,Gliosis,11,1027,2512,0.7308075890354371,0.6420940210139099
0.1,0,T1ax,1000000,1,Cerebral atrophy,12,324,2512,0.8943973299930034,0.6202451993933193
0.1,0,T1ax,1000000,1,Encephalomalacia,13,84,2512,0.6853034047226799,0.11158926042680523
0.1,0,T1ax,1000000,1,Arachnoid cyst,14,69,2512,0.6326030599108962,0.051004254531320695
0.1,0,T1ax,1000000,1,Empty sella syndrome,15,72,2512,0.6561247723132969,0.04507004726477436
0.1,0,T1ax,1000000,1,Cyst of pineal gland,19,27,2512,0.6289440345778374,0.017401312573412417
0.1,0,T1ax,1000000,1,Cerebral edema,22,197,2512,0.7999166767166241,0.39831412685221024
0.1,0,T1ax,1000000,1,Mastoiditis,24,62,2512,0.5913364055299539,0.04121698843324488
0.1,0,T1ax,1000000,1,Chronic mastoiditis,25,25,2512,0.7160595094491354,0.03370462719923352
0.1,0,T1ax,1000000,1,Ventriculomegaly,26,304,2512,0.8831045003813883,0.537801615381195
0.1,0,T1ax,1000000,1,Cerebellar degeneration,27,94,2512,0.7104429544374635,0.13367621774989616
0.1,0,T1ax,1000000,1,Mega cisterna magna,28,20,2512,0.6984349919743178,0.01729645627930898
0.1,0,T1ax,1000000,1,Foraminal Spinal Stenosis,33,25,2512,0.6620667470848411,0.014701927282913613
0.1,0,T1sag+FLAIRcor,0000011,2,Cerebral infarction,0,161,2512,0.7286842390313624,0.16026073082110684
0.1,0,T1sag+FLAIRcor,0000011,2,Cerebral hemorrhage,1,127,2512,0.7605969065187607,0.23120491425898376
0.1,0,T1sag+FLAIRcor,0000011,2,Metastatic malignant neoplasm to brain,2,144,2512,0.7321579391891891,0.1790363629145446
0.1,0,T1sag+FLAIRcor,0000011,2,Intracranial meningioma,3,62,2512,0.6155497037524688,0.03466621768259707
0.1,0,T1sag+FLAIRcor,0000011,2,Demyelinating disease of central nervous system,4,66,2512,0.725563071433881,0.08815919982224674
0.1,0,T1sag+FLAIRcor,0000011,2,Herniation of nucleus pulposus,5,42,2512,0.6464815885868518,0.030851280546049752
0.1,0,T1sag+FLAIRcor,0000011,2,Spinal cord compression,6,23,2512,0.6079445211102765,0.01621686700305997
0.1,0,T1sag+FLAIRcor,0000011,2,Lacunar infarct,7,86,2512,0.8067735194309708,0.12451539762363993
0.1,0,T1sag+FLAIRcor,0000011,2,Silent micro-hemorrhage of brain,8,77,2512,0.6504973465959092,0.06226945471830651
0.1,0,T1sag+FLAIRcor,0000011,2,Gliosis,11,1027,2512,0.7154131381979484,0.6407773768641216
0.1,0,T1sag+FLAIRcor,0000011,2,Cerebral atrophy,12,324,2512,0.874644525695714,0.6001488999257446
0.1,0,T1sag+FLAIRcor,0000011,2,Encephalomalacia,13,84,2512,0.6409939593629873,0.1333769833832937
0.1,0,T1sag+FLAIRcor,0000011,2,Arachnoid cyst,14,69,2512,0.6539773502524218,0.06889019960674235
0.1,0,T1sag+FLAIRcor,0000011,2,Empty sella syndrome,15,72,2512,0.6468579234972678,0.04393953598132647
0.1,0,T1sag+FLAIRcor,0000011,2,Cyst of pineal gland,19,27,2512,0.6449362843729041,0.025414654489812356
0.1,0,T1sag+FLAIRcor,0000011,2,Cerebral edema,22,197,2512,0.8340265976691407,0.44764587872008227
0.1,0,T1sag+FLAIRcor,0000011,2,Mastoiditis,24,62,2512,0.5739763001974983,0.05583925307773861
0.1,0,T1sag+FLAIRcor,0000011,2,Chronic mastoiditis,25,25,2512,0.6424768797748291,0.021745049319142902
0.1,0,T1sag+FLAIRcor,0000011,2,Ventriculomegaly,26,304,2512,0.8730453852021357,0.5124867679941959
0.1,0,T1sag+FLAIRcor,0000011,2,Cerebellar degeneration,27,94,2512,0.7822800626506872,0.12646129532997433
0.1,0,T1sag+FLAIRcor,0000011,2,Mega cisterna magna,28,20,2512,0.5707865168539326,0.009812649386349032
0.1,0,T1sag+FLAIRcor,0000011,2,Foraminal Spinal Stenosis,33,25,2512,0.6311700844390833,0.022641952963333364
0.1,0,SWIax+FLAIRcor,0000101,2,Cerebral infarction,0,161,2512,0.7972740554435669,0.2541010507465962
0.1,0,SWIax+FLAIRcor,0000101,2,Cerebral hemorrhage,1,127,2512,0.819079218871226,0.30970817237079606
0.1,0,SWIax+FLAIRcor,0000101,2,Metastatic malignant neoplasm to brain,2,144,2512,0.7569679054054054,0.19547861913013131
0.1,0,SWIax+FLAIRcor,0000101,2,Intracranial meningioma,3,62,2512,0.7050757077024359,0.05007339403400272
0.1,0,SWIax+FLAIRcor,0000101,2,Demyelinating disease of central nervous system,4,66,2512,0.6615872543918333,0.049889054168585335
0.1,0,SWIax+FLAIRcor,0000101,2,Herniation of nucleus pulposus,5,42,2512,0.6396182764603817,0.02818638319521498
0.1,0,SWIax+FLAIRcor,0000101,2,Spinal cord compression,6,23,2512,0.5634181703844743,0.011324287557683919
0.1,0,SWIax+FLAIRcor,0000101,2,Lacunar infarct,7,86,2512,0.8367587568780077,0.17353110156767237
0.1,0,SWIax+FLAIRcor,0000101,2,Silent micro-hemorrhage of brain,8,77,2512,0.7404464119043175,0.0946555057815992
0.1,0,SWIax+FLAIRcor,0000101,2,Gliosis,11,1027,2512,0.7211131109865287,0.6499775393903295
0.1,0,SWIax+FLAIRcor,0000101,2,Cerebral atrophy,12,324,2512,0.8935171079061999,0.5771392628625792
0.1,0,SWIax+FLAIRcor,0000101,2,Encephalomalacia,13,84,2512,0.650780575821762,0.13128313688826737
0.1,0,SWIax+FLAIRcor,0000101,2,Arachnoid cyst,14,69,2512,0.6018141154555756,0.05471883300908278
0.1,0,SWIax+FLAIRcor,0000101,2,Empty sella syndrome,15,72,2512,0.694398907103825,0.06307851868087794
0.1,0,SWIax+FLAIRcor,0000101,2,Cyst of pineal gland,19,27,2512,0.6531485207541545,0.023508540300496247
0.1,0,SWIax+FLAIRcor,0000101,2,Cerebral edema,22,197,2512,0.8393461314972974,0.4174639728014232
0.1,0,SWIax+FLAIRcor,0000101,2,Mastoiditis,24,62,2512,0.6485648452929559,0.05714897449398168
0.1,0,SWIax+FLAIRcor,0000101,2,Chronic mastoiditis,25,25,2512,0.6592038600723764,0.022155217342627535
0.1,0,SWIax+FLAIRcor,0000101,2,Ventriculomegaly,26,304,2512,0.8726699561403509,0.481060004973581
0.1,0,SWIax+FLAIRcor,0000101,2,Cerebellar degeneration,27,94,2512,0.735943192017317,0.10648504659580427
0.1,0,SWIax+FLAIRcor,0000101,2,Mega cisterna magna,28,20,2512,0.6589887640449439,0.01274511444654927
0.1,0,SWIax+FLAIRcor,0000101,2,Foraminal Spinal Stenosis,33,25,2512,0.7173783675110574,0.019017930344303654
0.1,0,SWIax+T1sag,0000110,2,Cerebral infarction,0,161,2512,0.7314820441149663,0.16661950578182133
0.1,0,SWIax+T1sag,0000110,2,Cerebral hemorrhage,1,127,2512,0.7808943693359084,0.2444881022393463
0.1,0,SWIax+T1sag,0000110,2,Metastatic malignant neoplasm to brain,2,144,2512,0.7558153856981983,0.17632692281832898
0.1,0,SWIax+T1sag,0000110,2,Intracranial meningioma,3,62,2512,0.6193153390388414,0.03675021737263408
0.1,0,SWIax+T1sag,0000110,2,Demyelinating disease of central nervous system,4,66,2512,0.7017270001734435,0.05753596970045819
0.1,0,SWIax+T1sag,0000110,2,Herniation of nucleus pulposus,5,42,2512,0.6842683632157316,0.032026094264016855
0.1,0,SWIax+T1sag,0000110,2,Spinal cord compression,6,23,2512,0.5545967474278128,0.013805283488954826
0.1,0,SWIax+T1sag,0000110,2,Lacunar infarct,7,86,2512,0.8071042389616365,0.13648453651687162
0.1,0,SWIax+T1sag,0000110,2,Silent micro-hemorrhage of brain,8,77,2512,0.6898957305528147,0.06868496207545631
0.1,0,SWIax+T1sag,0000110,2,Gliosis,11,1027,2512,0.7173894085286491,0.6355367358595261
0.1,0,SWIax+T1sag,0000110,2,Cerebral atrophy,12,324,2512,0.8830052249080281,0.5717921649176585
0.1,0,SWIax+T1sag,0000110,2,Encephalomalacia,13,84,2512,0.7250872754373578,0.13498915453924484
0.1,0,SWIax+T1sag,0000110,2,Arachnoid cyst,14,69,2512,0.662763174286782,0.06415631288436327
0.1,0,SWIax+T1sag,0000110,2,Empty sella syndrome,15,72,2512,0.5711520947176685,0.03452872833100945
0.1,0,SWIax+T1sag,0000110,2,Cyst of pineal gland,19,27,2512,0.6630598405246293,0.026221848005818817
0.1,0,SWIax+T1sag,0000110,2,Cerebral edema,22,197,2512,0.8134852155989957,0.3687266734213612
0.1,0,SWIax+T1sag,0000110,2,Mastoiditis,24,62,2512,0.5453324555628702,0.05779865206784386
0.1,0,SWIax+T1sag,0000110,2,Chronic mastoiditis,25,25,2512,0.657177322074789,0.018021368290039107
0.1,0,SWIax+T1sag,0000110,2,Ventriculomegaly,26,304,2512,0.8806269665331808,0.5149316915469846
0.1,0,SWIax+T1sag,0000110,2,Cerebellar degeneration,27,94,2512,0.789354662724601,0.1464111657201113
0.1,0,SWIax+T1sag,0000110,2,Mega cisterna magna,28,20,2512,0.5848113964686998,0.011786538062321569
0.1,0,SWIax+T1sag,0000110,2,Foraminal Spinal Stenosis,33,25,2512,0.6013510253317249,0.01484370687068814
0.1,0,FLAIRsag+FLAIRcor,0001001,2,Cerebral infarction,0,161,2512,0.7432888344063978,0.21442263508103226
0.1,0,FLAIRsag+FLAIRcor,0001001,2,Cerebral hemorrhage,1,127,2512,0.7849452780666567,0.22514672097739646
0.1,0,FLAIRsag+FLAIRcor,0001001,2,Metastatic malignant neoplasm to brain,2,144,2512,0.771457981418919,0.21581915193847723
0.1,0,FLAIRsag+FLAIRcor,0001001,2,Intracranial meningioma,3,62,2512,0.6979328505595787,0.05711287687784977
0.1,0,FLAIRsag+FLAIRcor,0001001,2,Demyelinating disease of central nervous system,4,66,2512,0.6598466265269208,0.07036438491453971
0.1,0,FLAIRsag+FLAIRcor,0001001,2,Herniation of nucleus pulposus,5,42,2512,0.6650665124349334,0.029400587752348675
0.1,0,FLAIRsag+FLAIRcor,0001001,2,Spinal cord compression,6,23,2512,0.49871608992610966,0.010585133426284522
0.1,0,FLAIRsag+FLAIRcor,0001001,2,Lacunar infarct,7,86,2512,0.7988985601717824,0.13094842989486521
0.1,0,FLAIRsag+FLAIRcor,0001001,2,Silent micro-hemorrhage of brain,8,77,2512,0.646433238219686,0.08372908492844201
0.1,0,FLAIRsag+FLAIRcor,0001001,2,Gliosis,11,1027,2512,0.7204390546162699,0.6329716031519723
0.1,0,FLAIRsag+FLAIRcor,0001001,2,Cerebral atrophy,12,324,2512,0.8843199155889587,0.598333115616132
0.1,0,FLAIRsag+FLAIRcor,0001001,2,Encephalomalacia,13,84,2512,0.6735947673962501,0.1271443575439936
0.1,0,FLAIRsag+FLAIRcor,0001001,2,Arachnoid cyst,14,69,2512,0.6534849644355064,0.07218401650424067
0.1,0,FLAIRsag+FLAIRcor,0001001,2,Empty sella syndrome,15,72,2512,0.6889230418943533,0.05452063652359628
0.1,0,FLAIRsag+FLAIRcor,0001001,2,Cyst of pineal gland,19,27,2512,0.5912661152097772,0.019006885537573896
0.1,0,FLAIRsag+FLAIRcor,0001001,2,Cerebral edema,22,197,2512,0.8359474186227539,0.4719856565697157
0.1,0,FLAIRsag+FLAIRcor,0001001,2,Mastoiditis,24,62,2512,0.672547728768927,0.07182787347812826
0.1,0,FLAIRsag+FLAIRcor,0001001,2,Chronic mastoiditis,25,25,2512,0.6869963811821472,0.03174495853230572
0.1,0,FLAIRsag+FLAIRcor,0001001,2,Ventriculomegaly,26,304,2512,0.8653163138825324,0.49741857152780394
0.1,0,FLAIRsag+FLAIRcor,0001001,2,Cerebellar degeneration,27,94,2512,0.7560714851380603,0.12591343279874126
0.1,0,FLAIRsag+FLAIRcor,0001001,2,Mega cisterna magna,28,20,2512,0.6288121990369181,0.012371226343089903
0.1,0,FLAIRsag+FLAIRcor,0001001,2,Foraminal Spinal Stenosis,33,25,2512,0.5913952553277041,0.024583551867167923
0.1,0,FLAIRsag+T1sag,0001010,2,Cerebral infarction,0,161,2512,0.7288321871755378,0.1756302026510261
0.1,0,FLAIRsag+T1sag,0001010,2,Cerebral hemorrhage,1,127,2512,0.755410290694795,0.21685596271185417
0.1,0,FLAIRsag+T1sag,0001010,2,Metastatic malignant neoplasm to brain,2,144,2512,0.7236533408408408,0.1570510659521123
0.1,0,FLAIRsag+T1sag,0001010,2,Intracranial meningioma,3,62,2512,0.6277682685977617,0.03765512349088475
0.1,0,FLAIRsag+T1sag,0001010,2,Demyelinating disease of central nervous system,4,66,2512,0.7618622859833,0.09238995918154476
0.1,0,FLAIRsag+T1sag,0001010,2,Herniation of nucleus pulposus,5,42,2512,0.6442741469057258,0.03209912145743136
0.1,0,FLAIRsag+T1sag,0001010,2,Spinal cord compression,6,23,2512,0.6309500934546788,0.013966908551669788
0.1,0,FLAIRsag+T1sag,0001010,2,Lacunar infarct,7,86,2512,0.7776030982189074,0.12933403428225448
0.1,0,FLAIRsag+T1sag,0001010,2,Silent micro-hemorrhage of brain,8,77,2512,0.5584042241126429,0.047226770851180266
0.1,0,FLAIRsag+T1sag,0001010,2,Gliosis,11,1027,2512,0.7215648861218482,0.6356156361395007
0.1,0,FLAIRsag+T1sag,0001010,2,Cerebral atrophy,12,324,2512,0.8809273929627374,0.6040280657399661
0.1,0,FLAIRsag+T1sag,0001010,2,Encephalomalacia,13,84,2512,0.6886228132109516,0.159332126902512
0.1,0,FLAIRsag+T1sag,0001010,2,Arachnoid cyst,14,69,2512,0.6659073246839536,0.0623905564475384
0.1,0,FLAIRsag+T1sag,0001010,2,Empty sella syndrome,15,72,2512,0.6054189435336976,0.03698440953389919
0.1,0,FLAIRsag+T1sag,0001010,2,Cyst of pineal gland,19,27,2512,0.6171994932558313,0.02259934431261408
0.1,0,FLAIRsag+T1sag,0001010,2,Cerebral edema,22,197,2512,0.8282597493723344,0.43312780504782894
0.1,0,FLAIRsag+T1sag,0001010,2,Mastoiditis,24,62,2512,0.569795918367347,0.04255375306399172
0.1,0,FLAIRsag+T1sag,0001010,2,Chronic mastoiditis,25,25,2512,0.6622758343385605,0.060332576192652206
0.1,0,FLAIRsag+T1sag,0001010,2,Ventriculomegaly,26,304,2512,0.8686877264492754,0.5066451473733399
0.1,0,FLAIRsag+T1sag,0001010,2,Cerebellar degeneration,27,94,2512,0.7709642222339546,0.1123285149505497
0.1,0,FLAIRsag+T1sag,0001010,2,Mega cisterna magna,28,20,2512,0.6086878009630818,0.011579657924386531
0.1,0,FLAIRsag+T1sag,0001010,2,Foraminal Spinal Stenosis,33,25,2512,0.6103256936067551,0.01666075337140893
0.1,0,FLAIRsag+SWIax,0001100,2,Cerebral infarction,0,161,2512,0.7760804837904314,0.23763212117687454
0.1,0,FLAIRsag+SWIax,0001100,2,Cerebral hemorrhage,1,127,2512,0.7983426599976889,0.25698991812575417
0.1,0,FLAIRsag+SWIax,0001100,2,Metastatic malignant neoplasm to brain,2,144,2512,0.7836723442192192,0.20170653668756625
0.1,0,FLAIRsag+SWIax,0001100,2,Intracranial meningioma,3,62,2512,0.6764976958525345,0.046256921683738086
0.1,0,FLAIRsag+SWIax,0001100,2,Demyelinating disease of central nervous system,4,66,2512,0.6506603235957282,0.0685137363296563
0.1,0,FLAIRsag+SWIax,0001100,2,Herniation of nucleus pulposus,5,42,2512,0.7166184692500481,0.042179615937125485
0.1,0,FLAIRsag+SWIax,0001100,2,Spinal cord compression,6,23,2512,0.45930791133159815,0.011560246897785504
0.1,0,FLAIRsag+SWIax,0001100,2,Lacunar infarct,7,86,2512,0.8145478249199563,0.15240373498957235
0.1,0,FLAIRsag+SWIax,0001100,2,Silent micro-hemorrhage of brain,8,77,2512,0.6771487239659724,0.08815610354652212
0.1,0,FLAIRsag+SWIax,0001100,2,Gliosis,11,1027,2512,0.7242978306269445,0.6382783349602799
0.1,0,FLAIRsag+SWIax,0001100,2,Cerebral atrophy,12,324,2512,0.892896438486018,0.6012531353039923
0.1,0,FLAIRsag+SWIax,0001100,2,Encephalomalacia,13,84,2512,0.7229740331058289,0.1631406944986727
0.1,0,FLAIRsag+SWIax,0001100,2,Arachnoid cyst,14,69,2512,0.651100156021048,0.05858287834972972
0.1,0,FLAIRsag+SWIax,0001100,2,Empty sella syndrome,15,72,2512,0.6394581056466302,0.046081691226464445
0.1,0,FLAIRsag+SWIax,0001100,2,Cyst of pineal gland,19,27,2512,0.6629406066025785,0.05597827074912965
0.1,0,FLAIRsag+SWIax,0001100,2,Cerebral edema,22,197,2512,0.8255166591748803,0.43532471660513894
0.1,0,FLAIRsag+SWIax,0001100,2,Mastoiditis,24,62,2512,0.6602896642527979,0.06720293779783695
0.1,0,FLAIRsag+SWIax,0001100,2,Chronic mastoiditis,25,25,2512,0.6759308403699236,0.030552075451805737
0.1,0,FLAIRsag+SWIax,0001100,2,Ventriculomegaly,26,304,2512,0.8736249165713196,0.51114521667523
0.1,0,FLAIRsag+SWIax,0001100,2,Cerebellar degeneration,27,94,2512,0.7502991746299914,0.11969533124194703
0.1,0,FLAIRsag+SWIax,0001100,2,Mega cisterna magna,28,20,2512,0.6521869983948635,0.017027674409421698
0.1,0,FLAIRsag+SWIax,0001100,2,Foraminal Spinal Stenosis,33,25,2512,0.5994370727784479,0.016538684730028383
0.1,0,FLAIRax+FLAIRcor,0010001,2,Cerebral infarction,0,161,2512,0.7541313198295427,0.23875835252100863
0.1,0,FLAIRax+FLAIRcor,0010001,2,Cerebral hemorrhage,1,127,2512,0.7813961934003533,0.2722599876810551
0.1,0,FLAIRax+FLAIRcor,0010001,2,Metastatic malignant neoplasm to brain,2,144,2512,0.8066347597597598,0.22335832200780315
0.1,0,FLAIRax+FLAIRcor,0010001,2,Intracranial meningioma,3,62,2512,0.6665437788018433,0.06562198430716311
0.1,0,FLAIRax+FLAIRcor,0010001,2,Demyelinating disease of central nervous system,4,66,2512,0.7223605639386507,0.08999658816294923
0.1,0,FLAIRax+FLAIRcor,0010001,2,Herniation of nucleus pulposus,5,42,2512,0.6991420859841913,0.039792190340073134
0.1,0,FLAIRax+FLAIRcor,0010001,2,Spinal cord compression,6,23,2512,0.6489597708176847,0.01711913414550023
0.1,0,FLAIRax+FLAIRcor,0010001,2,Lacunar infarct,7,86,2512,0.8215648306140839,0.17123279483159903
0.1,0,FLAIRax+FLAIRcor,0010001,2,Silent micro-hemorrhage of brain,8,77,2512,0.6758846902584068,0.06990958109217078
0.1,0,FLAIRax+FLAIRcor,0010001,2,Gliosis,11,1027,2512,0.7274143577941046,0.656413756941356
0.1,0,FLAIRax+FLAIRcor,0010001,2,Cerebral atrophy,12,324,2512,0.8958728304782541,0.6381919822951384
0.1,0,FLAIRax+FLAIRcor,0010001,2,Encephalomalacia,13,84,2512,0.6699958813838549,0.11991343910050119
0.1,0,FLAIRax+FLAIRcor,0010001,2,Arachnoid cyst,14,69,2512,0.6685946834196491,0.09228527135036615
0.1,0,FLAIRax+FLAIRcor,0010001,2,Empty sella syndrome,15,72,2512,0.705026183970856,0.07049386995731217
0.1,0,FLAIRax+FLAIRcor,0010001,2,Cyst of pineal gland,19,27,2512,0.6345778373947388,0.01778368777950999
0.1,0,FLAIRax+FLAIRcor,0010001,2,Cerebral edema,22,197,2512,0.8431658462246879,0.48364824478926044
0.1,0,FLAIRax+FLAIRcor,0010001,2,Mastoiditis,24,62,2512,0.6365701119157341,0.06517312955690353
0.1,0,FLAIRax+FLAIRcor,0010001,2,Chronic mastoiditis,25,25,2512,0.6775070365902695,0.03571554183133604
0.1,0,FLAIRax+FLAIRcor,0010001,2,Ventriculomegaly,26,304,2512,0.8821495399504196,0.552669898671968
0.1,0,FLAIRax+FLAIRcor,0010001,2,Cerebellar degeneration,27,94,2512,0.7359651901518752,0.13838813162580366
0.1,0,FLAIRax+FLAIRcor,0010001,2,Mega cisterna magna,28,20,2512,0.668599518459069,0.01511885076309282
0.1,0,FLAIRax+FLAIRcor,0010001,2,Foraminal Spinal Stenosis,33,25,2512,0.6531403297145155,0.0212492479913424
0.1,0,FLAIRax+T1sag,0010010,2,Cerebral infarction,0,161,2512,0.7138894246138158,0.1661515292996741
0.1,0,FLAIRax+T1sag,0010010,2,Cerebral hemorrhage,1,127,2512,0.7553673715313887,0.2462582100403905
0.1,0,FLAIRax+T1sag,0010010,2,Metastatic malignant neoplasm to brain,2,144,2512,0.7799860407282282,0.19836642071084737
0.1,0,FLAIRax+T1sag,0010010,2,Intracranial meningioma,3,62,2512,0.6442067149440421,0.0405976173608421
0.1,0,FLAIRax+T1sag,0010010,2,Demyelinating disease of central nervous system,4,66,2512,0.7654922074382419,0.12965226617680822
0.1,0,FLAIRax+T1sag,0010010,2,Herniation of nucleus pulposus,5,42,2512,0.6981299402352034,0.03541483988990289
0.1,0,FLAIRax+T1sag,0010010,2,Spinal cord compression,6,23,2512,0.7064300312680141,0.01808769568670243
0.1,0,FLAIRax+T1sag,0010010,2,Lacunar infarct,7,86,2512,0.8090502118522211,0.15498147902895892
0.1,0,FLAIRax+T1sag,0010010,2,Silent micro-hemorrhage of brain,8,77,2512,0.6240219739193045,0.06085751261608292
0.1,0,FLAIRax+T1sag,0010010,2,Gliosis,11,1027,2512,0.7204639710968825,0.6378793657651349
0.1,0,FLAIRax+T1sag,0010010,2,Cerebral atrophy,12,324,2512,0.8818513440314171,0.6132943338967485
0.1,0,FLAIRax+T1sag,0010010,2,Encephalomalacia,13,84,2512,0.6528742056954577,0.12515151699828103
0.1,0,FLAIRax+T1sag,0010010,2,Arachnoid cyst,14,69,2512,0.7003446700718409,0.06596403525692936
0.1,0,FLAIRax+T1sag,0010010,2,Empty sella syndrome,15,72,2512,0.5919455828779598,0.03644433213976184
0.1,0,FLAIRax+T1sag,0010010,2,Cyst of pineal gland,19,27,2512,0.6446978165288024,0.01794372912933958
0.1,0,FLAIRax+T1sag,0010010,2,Cerebral edema,22,197,2512,0.8363311442698799,0.46597695297008485
0.1,0,FLAIRax+T1sag,0010010,2,Mastoiditis,24,62,2512,0.6038117182356814,0.05906248987422676
0.1,0,FLAIRax+T1sag,0010010,2,Chronic mastoiditis,25,25,2512,0.7625894652191396,0.045076563588170256
0.1,0,FLAIRax+T1sag,0010010,2,Ventriculomegaly,26,304,2512,0.8819111722921433,0.5094509991062376
0.1,0,FLAIRax+T1sag,0010010,2,Cerebellar degeneration,27,94,2512,0.8043881878816677,0.14970113474194804
0.1,0,FLAIRax+T1sag,0010010,2,Mega cisterna magna,28,20,2512,0.6209069020866773,0.01233978853081999
0.1,0,FLAIRax+T1sag,0010010,2,Foraminal Spinal Stenosis,33,25,2512,0.5608202653799759,0.012597765658008273
0.1,0,FLAIRax+SWIax,0010100,2,Cerebral infarction,0,161,2512,0.7967113241094711,0.2721523347393376
0.1,0,FLAIRax+SWIax,0010100,2,Cerebral hemorrhage,1,127,2512,0.7945756780402451,0.28403391762863117
0.1,0,FLAIRax+SWIax,0010100,2,Metastatic malignant neoplasm to brain,2,144,2512,0.8054147897897899,0.22684910426380092
0.1,0,FLAIRax+SWIax,0010100,2,Intracranial meningioma,3,62,2512,0.6702764976958526,0.06190136191742368
0.1,0,FLAIRax+SWIax,0010100,2,Demyelinating disease of central nervous system,4,66,2512,0.7373572189598355,0.07375359966128267
0.1,0,FLAIRax+SWIax,0010100,2,Herniation of nucleus pulposus,5,42,2512,0.6982938114517062,0.04175108650924289
0.1,0,FLAIRax+SWIax,0010100,2,Spinal cord compression,6,23,2512,0.6135343336768739,0.013907283815999368
0.1,0,FLAIRax+SWIax,0010100,2,Lacunar infarct,7,86,2512,0.846876857301712,0.19368583503885936
0.1,0,FLAIRax+SWIax,0010100,2,Silent micro-hemorrhage of brain,8,77,2512,0.6896183898237286,0.08153912989950639
0.1,0,FLAIRax+SWIax,0010100,2,Gliosis,11,1027,2512,0.7157626246233841,0.636204187765295
0.1,0,FLAIRax+SWIax,0010100,2,Cerebral atrophy,12,324,2512,0.9025661859299885,0.6219792394849993
0.1,0,FLAIRax+SWIax,0010100,2,Encephalomalacia,13,84,2512,0.6591158704008786,0.13784156260861966
0.1,0,FLAIRax+SWIax,0010100,2,Arachnoid cyst,14,69,2512,0.6509340499623295,0.05126328862337959
0.1,0,FLAIRax+SWIax,0010100,2,Empty sella syndrome,15,72,2512,0.6492600182149363,0.04658525944264254
0.1,0,FLAIRax+SWIax,0010100,2,Cyst of pineal gland,19,27,2512,0.6249944109099038,0.017039560185040173
0.1,0,FLAIRax+SWIax,0010100,2,Cerebral edema,22,197,2512,0.8279001436230279,0.4399719663642778
0.1,0,FLAIRax+SWIax,0010100,2,Mastoiditis,24,62,2512,0.6785385121790651,0.10374178509564401
0.1,0,FLAIRax+SWIax,0010100,2,Chronic mastoiditis,25,25,2512,0.730615199034982,0.03854652687395794
0.1,0,FLAIRax+SWIax,0010100,2,Ventriculomegaly,26,304,2512,0.8737247330282227,0.5128018015837864
0.1,0,FLAIRax+SWIax,0010100,2,Cerebellar degeneration,27,94,2512,0.7187362511659012,0.11018255087957232
0.1,0,FLAIRax+SWIax,0010100,2,Mega cisterna magna,28,20,2512,0.7101324237560193,0.028838974897714545
0.1,0,FLAIRax+SWIax,0010100,2,Foraminal Spinal Stenosis,33,25,2512,0.5344270205066345,0.01114209959217465
0.1,0,FLAIRax+FLAIRsag,0011000,2,Cerebral infarction,0,161,2512,0.7584931481515729,0.21596997922774544
0.1,0,FLAIRax+FLAIRsag,0011000,2,Cerebral hemorrhage,1,127,2512,0.776249195265686,0.23356803296481188
0.1,0,FLAIRax+FLAIRsag,0011000,2,Metastatic malignant neoplasm to brain,2,144,2512,0.8106759102852853,0.24912285741010243
0.1,0,FLAIRax+FLAIRsag,0011000,2,Intracranial meningioma,3,62,2512,0.6617182356813693,0.060097086875007456
0.1,0,FLAIRax+FLAIRsag,0011000,2,Demyelinating disease of central nervous system,4,66,2512,0.7006553680715578,0.09680389338565339
0.1,0,FLAIRax+FLAIRsag,0011000,2,Herniation of nucleus pulposus,5,42,2512,0.700125313283208,0.04175979002714309
0.1,0,FLAIRax+FLAIRsag,0011000,2,Spinal cord compression,6,23,2512,0.6032106485929394,0.01290630974735798
0.1,0,FLAIRax+FLAIRsag,0011000,2,Lacunar infarct,7,86,2512,0.8138049042351272,0.14803878669232745
0.1,0,FLAIRax+FLAIRsag,0011000,2,Silent micro-hemorrhage of brain,8,77,2512,0.621072561934985,0.06403938388650765
0.1,0,FLAIRax+FLAIRsag,0011000,2,Gliosis,11,1027,2512,0.7194417396949043,0.6264020179229601
0.1,0,FLAIRax+FLAIRsag,0011000,2,Cerebral atrophy,12,324,2512,0.8993669171914143,0.6319464255090835
0.1,0,FLAIRax+FLAIRsag,0011000,2,Encephalomalacia,13,84,2512,0.6839746607044794,0.13573931633619019
0.1,0,FLAIRax+FLAIRsag,0011000,2,Arachnoid cyst,14,69,2512,0.7090830352322816,0.08564885484889767
0.1,0,FLAIRax+FLAIRsag,0011000,2,Empty sella syndrome,15,72,2512,0.6120844717668488,0.04579837477399645
0.1,0,FLAIRax+FLAIRsag,0011000,2,Cyst of pineal gland,19,27,2512,0.5964080780982189,0.014726184473513055
0.1,0,FLAIRax+FLAIRsag,0011000,2,Cerebral edema,22,197,2512,0.831597066143338,0.489559066154349
0.1,0,FLAIRax+FLAIRsag,0011000,2,Mastoiditis,24,62,2512,0.6895852534562211,0.08099778966325598
0.1,0,FLAIRax+FLAIRsag,0011000,2,Chronic mastoiditis,25,25,2512,0.7057981503819863,0.11032322125683146
0.1,0,FLAIRax+FLAIRsag,0011000,2,Ventriculomegaly,26,304,2512,0.8802947416094585,0.5334689886766992
0.1,0,FLAIRax+FLAIRsag,0011000,2,Cerebellar degeneration,27,94,2512,0.7760017950477799,0.14325304083058116
0.1,0,FLAIRax+FLAIRsag,0011000,2,Mega cisterna magna,28,20,2512,0.6099117174959872,0.01211793848433879
0.1,0,FLAIRax+FLAIRsag,0011000,2,Foraminal Spinal Stenosis,33,25,2512,0.556799356654604,0.013009876269683356
0.1,0,T2ax+FLAIRcor,0100001,2,Cerebral infarction,0,161,2512,0.7670424373399981,0.22133190990891383
0.1,0,T2ax+FLAIRcor,0100001,2,Cerebral hemorrhage,1,127,2512,0.8110764456329752,0.2707526295645277
0.1,0,T2ax+FLAIRcor,0100001,2,Metastatic malignant neoplasm to brain,2,144,2512,0.7558945664414415,0.21125386991689055
0.1,0,T2ax+FLAIRcor,0100001,2,Intracranial meningioma,3,62,2512,0.6079789335088874,0.04264810525774197
0.1,0,T2ax+FLAIRcor,0100001,2,Demyelinating disease of central nervous system,4,66,2512,0.7496159468767808,0.08930295145276372
0.1,0,T2ax+FLAIRcor,0100001,2,Herniation of nucleus pulposus,5,42,2512,0.6532292269134375,0.028137816423753625
0.1,0,T2ax+FLAIRcor,0100001,2,Spinal cord compression,6,23,2512,0.47387636033329256,0.00861413547743415
0.1,0,T2ax+FLAIRcor,0100001,2,Lacunar infarct,7,86,2512,0.8616921336682068,0.1617021893284398
0.1,0,T2ax+FLAIRcor,0100001,2,Silent micro-hemorrhage of brain,8,77,2512,0.682012853676098,0.07838385764159575
0.1,0,T2ax+FLAIRcor,0100001,2,Gliosis,11,1027,2512,0.7368596710368862,0.6775752281091704
0.1,0,T2ax+FLAIRcor,0100001,2,Cerebral atrophy,12,324,2512,0.884287471505631,0.6015439448720785
0.1,0,T2ax+FLAIRcor,0100001,2,Encephalomalacia,13,84,2512,0.6234555189456343,0.12168777772237334
0.1,0,T2ax+FLAIRcor,0100001,2,Arachnoid cyst,14,69,2512,0.629731798038762,0.05675813308976082
0.1,0,T2ax+FLAIRcor,0100001,2,Empty sella syndrome,15,72,2512,0.6898053278688525,0.05935384571415043
0.1,0,T2ax+FLAIRcor,0100001,2,Cyst of pineal gland,19,27,2512,0.6042477084730605,0.01625985768254596
0.1,0,T2ax+FLAIRcor,0100001,2,Cerebral edema,22,197,2512,0.8344059378802996,0.44140201565692405
0.1,0,T2ax+FLAIRcor,0100001,2,Mastoiditis,24,62,2512,0.6670309414088216,0.040311843920894985
0.1,0,T2ax+FLAIRcor,0100001,2,Chronic mastoiditis,25,25,2512,0.7033534378769603,0.02654974381950194
0.1,0,T2ax+FLAIRcor,0100001,2,Ventriculomegaly,26,304,2512,0.8738945699847446,0.5270864732754034
0.1,0,T2ax+FLAIRcor,0100001,2,Cerebellar degeneration,27,94,2512,0.7683992397444698,0.13351341842719286
0.1,0,T2ax+FLAIRcor,0100001,2,Mega cisterna magna,28,20,2512,0.5757223113964687,0.010353845385279016
0.1,0,T2ax+FLAIRcor,0100001,2,Foraminal Spinal Stenosis,33,25,2512,0.6260554885404102,0.015276808518847837
0.1,0,T2ax+T1sag,0100010,2,Cerebral infarction,0,161,2512,0.7549688120028215,0.21949941170559184
0.1,0,T2ax+T1sag,0100010,2,Cerebral hemorrhage,1,127,2512,0.7754700473761534,0.188534363289032
0.1,0,T2ax+T1sag,0100010,2,Metastatic malignant neoplasm to brain,2,144,2512,0.7567978134384384,0.16577776134887817
0.1,0,T2ax+T1sag,0100010,2,Intracranial meningioma,3,62,2512,0.6394667544437129,0.046588588277736244
0.1,0,T2ax+T1sag,0100010,2,Demyelinating disease of central nervous system,4,66,2512,0.7657152060259174,0.10822684448022857
0.1,0,T2ax+T1sag,0100010,2,Herniation of nucleus pulposus,5,42,2512,0.6889338731443995,0.03368301495392105
0.1,0,T2ax+T1sag,0100010,2,Spinal cord compression,6,23,2512,0.5192761192726256,0.010817832311582324
0.1,0,T2ax+T1sag,0100010,2,Lacunar infarct,7,86,2512,0.8212436971567706,0.14261753276232497
0.1,0,T2ax+T1sag,0100010,2,Silent micro-hemorrhage of brain,8,77,2512,0.6153604096109229,0.04958537947400802
0.1,0,T2ax+T1sag,0100010,2,Gliosis,11,1027,2512,0.7293558761913193,0.6650505110391058
0.1,0,T2ax+T1sag,0100010,2,Cerebral atrophy,12,324,2512,0.8864076218204797,0.5926541451258025
0.1,0,T2ax+T1sag,0100010,2,Encephalomalacia,13,84,2512,0.7086128108574568,0.1264771984072959
0.1,0,T2ax+T1sag,0100010,2,Arachnoid cyst,14,69,2512,0.613874601790386,0.04697155619689916
0.1,0,T2ax+T1sag,0100010,2,Empty sella syndrome,15,72,2512,0.607473816029144,0.04128150140138215
0.1,0,T2ax+T1sag,0100010,2,Cyst of pineal gland,19,27,2512,0.5670318205529473,0.014032357222520353
0.1,0,T2ax+T1sag,0100010,2,Cerebral edema,22,197,2512,0.8175483220225631,0.4066239708447891
0.1,0,T2ax+T1sag,0100010,2,Mastoiditis,24,62,2512,0.5749374588545094,0.0407209208619327
0.1,0,T2ax+T1sag,0100010,2,Chronic mastoiditis,25,25,2512,0.7098994772818658,0.03245125947994711
0.1,0,T2ax+T1sag,0100010,2,Ventriculomegaly,26,304,2512,0.8906294693935926,0.5501568691317691
0.1,0,T2ax+T1sag,0100010,2,Cerebellar degeneration,27,94,2512,0.7947354064375342,0.12904913130434195
0.1,0,T2ax+T1sag,0100010,2,Mega cisterna magna,28,20,2512,0.6046548956661316,0.013298536219205351
0.1,0,T2ax+T1sag,0100010,2,Foraminal Spinal Stenosis,33,25,2512,0.5461037394451145,0.01168832810175215
0.1,0,T2ax+SWIax,0100100,2,Cerebral infarction,0,161,2512,0.7981934474823718,0.25790695791064655
0.1,0,T2ax+SWIax,0100100,2,Cerebral hemorrhage,1,127,2512,0.8219019792337278,0.2823092401104388
0.1,0,T2ax+SWIax,0100100,2,Metastatic malignant neoplasm to brain,2,144,2512,0.7387915259009009,0.162538838456598
0.1,0,T2ax+SWIax,0100100,2,Intracranial meningioma,3,62,2512,0.6655431204739961,0.044659163566578064
0.1,0,T2ax+SWIax,0100100,2,Demyelinating disease of central nervous system,4,66,2512,0.7256435987016526,0.06230228390054242
0.1,0,T2ax+SWIax,0100100,2,Herniation of nucleus pulposus,5,42,2512,0.7440620782726045,0.058433242241790605
0.1,0,T2ax+SWIax,0100100,2,Spinal cord compression,6,23,2512,0.36415882054954846,0.007097610694280935
0.1,0,T2ax+SWIax,0100100,2,Lacunar infarct,7,86,2512,0.8282990471443088,0.15692444406633224
0.1,0,T2ax+SWIax,0100100,2,Silent micro-hemorrhage of brain,8,77,2512,0.6721939251713379,0.07873392473197308
0.1,0,T2ax+SWIax,0100100,2,Gliosis,11,1027,2512,0.7335562702651309,0.661734386775316
0.1,0,T2ax+SWIax,0100100,2,Cerebral atrophy,12,324,2512,0.8955723700543932,0.5932020981565391
0.1,0,T2ax+SWIax,0100100,2,Encephalomalacia,13,84,2512,0.6530262022436651,0.11608673044666601
0.1,0,T2ax+SWIax,0100100,2,Arachnoid cyst,14,69,2512,0.6624309621693452,0.04922537496068339
0.1,0,T2ax+SWIax,0100100,2,Empty sella syndrome,15,72,2512,0.6299920309653917,0.06712950838074022
0.1,0,T2ax+SWIax,0100100,2,Cyst of pineal gland,19,27,2512,0.6510768313585216,0.017954558730949338
0.1,0,T2ax+SWIax,0100100,2,Cerebral edema,22,197,2512,0.7983357270504654,0.38940039326050646
0.1,0,T2ax+SWIax,0100100,2,Mastoiditis,24,62,2512,0.6874851876234364,0.09949765209944819
0.1,0,T2ax+SWIax,0100100,2,Chronic mastoiditis,25,25,2512,0.6708805790108564,0.04575058868680855
0.1,0,T2ax+SWIax,0100100,2,Ventriculomegaly,26,304,2512,0.8799029247711669,0.5440871196202176
0.1,0,T2ax+SWIax,0100100,2,Cerebellar degeneration,27,94,2512,0.790106998926491,0.14896742351391584
0.1,0,T2ax+SWIax,0100100,2,Mega cisterna magna,28,20,2512,0.7674357945425361,0.030260218474135403
0.1,0,T2ax+SWIax,0100100,2,Foraminal Spinal Stenosis,33,25,2512,0.5557217531162042,0.012843328396867191
0.1,0,T2ax+FLAIRsag,0101000,2,Cerebral infarction,0,161,2512,0.7863734475352102,0.22206563669271281
0.1,0,T2ax+FLAIRsag,0101000,2,Cerebral hemorrhage,1,127,2512,0.8172502022152892,0.23353809502352463
0.1,0,T2ax+FLAIRsag,0101000,2,Metastatic malignant neoplasm to brain,2,144,2512,0.7500615850225225,0.186938650914473
0.1,0,T2ax+FLAIRsag,0101000,2,Intracranial meningioma,3,62,2512,0.6497498354180382,0.06734854932956681
0.1,0,T2ax+FLAIRsag,0101000,2,Demyelinating disease of central nervous system,4,66,2512,0.7057719467776704,0.07775294580050707
0.1,0,T2ax+FLAIRsag,0101000,2,Herniation of nucleus pulposus,5,42,2512,0.7250819356082514,0.03479415668526613
0.1,0,T2ax+FLAIRsag,0101000,2,Spinal cord compression,6,23,2512,0.3817841982986008,0.007004119345499253
0.1,0,T2ax+FLAIRsag,0101000,2,Lacunar infarct,7,86,2512,0.842275542092448,0.14638323990234656
0.1,0,T2ax+FLAIRsag,0101000,2,Silent micro-hemorrhage of brain,8,77,2512,0.6190405077468732,0.055048841452952385
0.1,0,T2ax+FLAIRsag,0101000,2,Gliosis,11,1027,2512,0.7401309426625883,0.6642325595609393
0.1,0,T2ax+FLAIRsag,0101000,2,Cerebral atrophy,12,324,2512,0.8965809578621888,0.6405400678077867
0.1,0,T2ax+FLAIRsag,0101000,2,Encephalomalacia,13,84,2512,0.6593021887502942,0.14138866866602812
0.1,0,T2ax+FLAIRsag,0101000,2,Arachnoid cyst,14,69,2512,0.6424982351231261,0.04827535258763897
0.1,0,T2ax+FLAIRsag,0101000,2,Empty sella syndrome,15,72,2512,0.6659551457194899,0.05601186643996751
0.1,0,T2ax+FLAIRsag,0101000,2,Cyst of pineal gland,19,27,2512,0.6087189805499664,0.01778908773120047
0.1,0,T2ax+FLAIRsag,0101000,2,Cerebral edema,22,197,2512,0.8187872076832838,0.44220910761785925
0.1,0,T2ax+FLAIRsag,0101000,2,Mastoiditis,24,62,2512,0.689486504279131,0.04807681139180946
0.1,0,T2ax+FLAIRsag,0101000,2,Chronic mastoiditis,25,25,2512,0.765243264977885,0.04794993281634508
0.1,0,T2ax+FLAIRsag,0101000,2,Ventriculomegaly,26,304,2512,0.8728099971395882,0.5287174604859389
0.1,0,T2ax+FLAIRsag,0101000,2,Cerebellar degeneration,27,94,2512,0.7814881298065925,0.1491064911518158
0.1,0,T2ax+FLAIRsag,0101000,2,Mega cisterna magna,28,20,2512,0.6270465489566613,0.015335110611976522
0.1,0,T2ax+FLAIRsag,0101000,2,Foraminal Spinal Stenosis,33,25,2512,0.5485002010454363,0.013291635533795487
0.1,0,T2ax+FLAIRax,0110000,2,Cerebral infarction,0,161,2512,0.7890682173041207,0.2556917842312891
0.1,0,T2ax+FLAIRax,0110000,2,Cerebral hemorrhage,1,127,2512,0.806992522161145,0.2533814011326521
0.1,0,T2ax+FLAIRax,0110000,2,Metastatic malignant neoplasm to brain,2,144,2512,0.7726046358858859,0.20468739557967408
0.1,0,T2ax+FLAIRax,0110000,2,Intracranial meningioma,3,62,2512,0.6465832784726794,0.0487299698517135
0.1,0,T2ax+FLAIRax,0110000,2,Demyelinating disease of central nervous system,4,66,2512,0.7694380435590575,0.09758989604971616
0.1,0,T2ax+FLAIRax,0110000,2,Herniation of nucleus pulposus,5,42,2512,0.7436186620397147,0.06625493055243886
0.1,0,T2ax+FLAIRax,0110000,2,Spinal cord compression,6,23,2512,0.5380893321920799,0.009904148020347095
0.1,0,T2ax+FLAIRax,0110000,2,Lacunar infarct,7,86,2512,0.8422276117256849,0.16275955668553493
0.1,0,T2ax+FLAIRax,0110000,2,Silent micro-hemorrhage of brain,8,77,2512,0.6544227846075894,0.07077187929763047
0.1,0,T2ax+FLAIRax,0110000,2,Gliosis,11,1027,2512,0.7277231910143303,0.6517274633295895
0.1,0,T2ax+FLAIRax,0110000,2,Cerebral atrophy,12,324,2512,0.898361150608256,0.6468929103300948
0.1,0,T2ax+FLAIRax,0110000,2,Encephalomalacia,13,84,2512,0.6559141366596062,0.11004945981536461
0.1,0,T2ax+FLAIRax,0110000,2,Arachnoid cyst,14,69,2512,0.6110211369959719,0.053352324959131954
0.1,0,T2ax+FLAIRax,0110000,2,Empty sella syndrome,15,72,2512,0.6868454007285976,0.05565693912898232
0.1,0,T2ax+FLAIRax,0110000,2,Cyst of pineal gland,19,27,2512,0.6156047395484016,0.01389681442283063
0.1,0,T2ax+FLAIRax,0110000,2,Cerebral edema,22,197,2512,0.8093629057898717,0.4338085194721073
0.1,0,T2ax+FLAIRax,0110000,2,Mastoiditis,24,62,2512,0.6482422646477946,0.07157041412666237
0.1,0,T2ax+FLAIRax,0110000,2,Chronic mastoiditis,25,25,2512,0.7534539605950945,0.04763198211242437
0.1,0,T2ax+FLAIRax,0110000,2,Ventriculomegaly,26,304,2512,0.8874830163043479,0.5470406066418232
0.1,0,T2ax+FLAIRax,0110000,2,Cerebellar degeneration,27,94,2512,0.7768377241609911,0.1621295733523101
0.1,0,T2ax+FLAIRax,0110000,2,Mega cisterna magna,28,20,2512,0.6873796147672553,0.022190609343313662
0.1,0,T2ax+FLAIRax,0110000,2,Foraminal Spinal Stenosis,33,25,2512,0.5157539203860072,0.01003149833986424
0.1,0,T1ax+FLAIRcor,1000001,2,Cerebral infarction,0,161,2512,0.757090282713052,0.19605795327373776
0.1,0,T1ax+FLAIRcor,1000001,2,Cerebral hemorrhage,1,127,2512,0.7858861981874907,0.25721133842523664
0.1,0,T1ax+FLAIRcor,1000001,2,Metastatic malignant neoplasm to brain,2,144,2512,0.7414807385510511,0.1789313788811691
0.1,0,T1ax+FLAIRcor,1000001,2,Intracranial meningioma,3,62,2512,0.7115931533903883,0.06475164074102012
0.1,0,T1ax+FLAIRcor,1000001,2,Demyelinating disease of central nervous system,4,66,2512,0.7680071359548056,0.08939323881052627
0.1,0,T1ax+FLAIRcor,1000001,2,Herniation of nucleus pulposus,5,42,2512,0.6574127626759205,0.028398699016881815
0.1,0,T1ax+FLAIRcor,1000001,2,Spinal cord compression,6,23,2512,0.5644138557478995,0.012036071995508914
0.1,0,T1ax+FLAIRcor,1000001,2,Lacunar infarct,7,86,2512,0.8300532985678407,0.1374611450825342
0.1,0,T1ax+FLAIRcor,1000001,2,Silent micro-hemorrhage of brain,8,77,2512,0.6481452838742366,0.06119812845680353
0.1,0,T1ax+FLAIRcor,1000001,2,Gliosis,11,1027,2512,0.7280169432068166,0.6452197841170231
0.1,0,T1ax+FLAIRcor,1000001,2,Cerebral atrophy,12,324,2512,0.898308957952468,0.6342768826770502
0.1,0,T1ax+FLAIRcor,1000001,2,Encephalomalacia,13,84,2512,0.7148348631050443,0.1326079373625445
0.1,0,T1ax+FLAIRcor,1000001,2,Arachnoid cyst,14,69,2512,0.6882545219408307,0.06880089029785486
0.1,0,T1ax+FLAIRcor,1000001,2,Empty sella syndrome,15,72,2512,0.7246470856102004,0.0645447821926424
0.1,0,T1ax+FLAIRcor,1000001,2,Cyst of pineal gland,19,27,2512,0.6518518518518518,0.026095624916882346
0.1,0,T1ax+FLAIRcor,1000001,2,Cerebral edema,22,197,2512,0.8269682384800079,0.4367908347364052
0.1,0,T1ax+FLAIRcor,1000001,2,Mastoiditis,24,62,2512,0.5753851217906518,0.04265780525363574
0.1,0,T1ax+FLAIRcor,1000001,2,Chronic mastoiditis,25,25,2512,0.7369360675512666,0.026607698182677435
0.1,0,T1ax+FLAIRcor,1000001,2,Ventriculomegaly,26,304,2512,0.8747772752192983,0.506337040826216
0.1,0,T1ax+FLAIRcor,1000001,2,Cerebellar degeneration,27,94,2512,0.749621632085599,0.11533231463007379
0.1,0,T1ax+FLAIRcor,1000001,2,Mega cisterna magna,28,20,2512,0.5561998394863563,0.009267976336596527
0.1,0,T1ax+FLAIRcor,1000001,2,Foraminal Spinal Stenosis,33,25,2512,0.7166224366706876,0.020225391710997354
0.1,0,T1ax+T1sag,1000010,2,Cerebral infarction,0,161,2512,0.7047958976093164,0.15890453538449645
0.1,0,T1ax+T1sag,1000010,2,Cerebral hemorrhage,1,127,2512,0.7755789960217236,0.24319176433162099
0.1,0,T1ax+T1sag,1000010,2,Metastatic malignant neoplasm to brain,2,144,2512,0.7294804570195196,0.14882575058366912
0.1,0,T1ax+T1sag,1000010,2,Intracranial meningioma,3,62,2512,0.6439894667544437,0.04130367223387102
0.1,0,T1ax+T1sag,1000010,2,Demyelinating disease of central nervous system,4,66,2512,0.7450568646398572,0.13141264105914063
0.1,0,T1ax+T1sag,1000010,2,Herniation of nucleus pulposus,5,42,2512,0.6729130518604203,0.03287027324010472
0.1,0,T1ax+T1sag,1000010,2,Spinal cord compression,6,23,2512,0.6088004611595368,0.013223214784371114
0.1,0,T1ax+T1sag,1000010,2,Lacunar infarct,7,86,2512,0.7919007266243601,0.1498371468098583
0.1,0,T1ax+T1sag,1000010,2,Silent micro-hemorrhage of brain,8,77,2512,0.6306301501373371,0.044769605322398244
0.1,0,T1ax+T1sag,1000010,2,Gliosis,11,1027,2512,0.7255751281067737,0.6423703144864731
0.1,0,T1ax+T1sag,1000010,2,Cerebral atrophy,12,324,2512,0.8779270205610852,0.5863639989464203
0.1,0,T1ax+T1sag,1000010,2,Encephalomalacia,13,84,2512,0.6955263983682436,0.11245137042675102
0.1,0,T1ax+T1sag,1000010,2,Arachnoid cyst,14,69,2512,0.6755296113711461,0.059913575740555905
0.1,0,T1ax+T1sag,1000010,2,Empty sella syndrome,15,72,2512,0.6227743624772313,0.03916438196001371
0.1,0,T1ax+T1sag,1000010,2,Cyst of pineal gland,19,27,2512,0.6689768239064013,0.020436373653568807
0.1,0,T1ax+T1sag,1000010,2,Cerebral edema,22,197,2512,0.8270274418655645,0.403862034056375
0.1,0,T1ax+T1sag,1000010,2,Mastoiditis,24,62,2512,0.5730875576036867,0.06601455202018233
0.1,0,T1ax+T1sag,1000010,2,Chronic mastoiditis,25,25,2512,0.6656855649376758,0.03175867560303614
0.1,0,T1ax+T1sag,1000010,2,Ventriculomegaly,26,304,2512,0.8827827040427156,0.5284150222092014
0.1,0,T1ax+T1sag,1000010,2,Cerebellar degeneration,27,94,2512,0.7825528395192088,0.12497591716606979
0.1,0,T1ax+T1sag,1000010,2,Mega cisterna magna,28,20,2512,0.6898073836276083,0.014009365847339026
0.1,0,T1ax+T1sag,1000010,2,Foraminal Spinal Stenosis,33,25,2512,0.5947245677523121,0.012731973788574553
0.1,0,T1ax+SWIax,1000100,2,Cerebral infarction,0,161,2512,0.7257675470461888,0.1974574651123528
0.1,0,T1ax+SWIax,1000100,2,Cerebral hemorrhage,1,127,2512,0.8047376153452516,0.2511936475159905
0.1,0,T1ax+SWIax,1000100,2,Metastatic malignant neoplasm to brain,2,144,2512,0.7435101116741741,0.17828305053749596
0.1,0,T1ax+SWIax,1000100,2,Intracranial meningioma,3,62,2512,0.6587820934825542,0.041154603753300725
0.1,0,T1ax+SWIax,1000100,2,Demyelinating disease of central nervous system,4,66,2512,0.7348360960380584,0.07518713823757794
0.1,0,T1ax+SWIax,1000100,2,Herniation of nucleus pulposus,5,42,2512,0.6665027954501639,0.03965919513225051
0.1,0,T1ax+SWIax,1000100,2,Spinal cord compression,6,23,2512,0.48339650986077876,0.009041980045395366
0.1,0,T1ax+SWIax,1000100,2,Lacunar infarct,7,86,2512,0.7810349124791501,0.12686907054384003
0.1,0,T1ax+SWIax,1000100,2,Silent micro-hemorrhage of brain,8,77,2512,0.6820768553828102,0.07352249270758511
0.1,0,T1ax+SWIax,1000100,2,Gliosis,11,1027,2512,0.7309924955494574,0.6476664805795774
0.1,0,T1ax+SWIax,1000100,2,Cerebral atrophy,12,324,2512,0.8925861037759272,0.5991071127655403
0.1,0,T1ax+SWIax,1000100,2,Encephalomalacia,13,84,2512,0.6885933945242018,0.10835264872588975
0.1,0,T1ax+SWIax,1000100,2,Arachnoid cyst,14,69,2512,0.6752270610499089,0.052824776662550144
0.1,0,T1ax+SWIax,1000100,2,Empty sella syndrome,15,72,2512,0.610132058287796,0.04020463055316956
0.1,0,T1ax+SWIax,1000100,2,Cyst of pineal gland,19,27,2512,0.661316044414636,0.03972465301132047
0.1,0,T1ax+SWIax,1000100,2,Cerebral edema,22,197,2512,0.8075604916073721,0.3870744400565451
0.1,0,T1ax+SWIax,1000100,2,Mastoiditis,24,62,2512,0.5800658327847268,0.05625711273505887
0.1,0,T1ax+SWIax,1000100,2,Chronic mastoiditis,25,25,2512,0.7564133494169683,0.02498762450014545
0.1,0,T1ax+SWIax,1000100,2,Ventriculomegaly,26,304,2512,0.8789822296910755,0.5256815588232321
0.1,0,T1ax+SWIax,1000100,2,Cerebellar degeneration,27,94,2512,0.7446808510638299,0.14314355185956734
0.1,0,T1ax+SWIax,1000100,2,Mega cisterna magna,28,20,2512,0.6717696629213483,0.02946213752273901
0.1,0,T1ax+SWIax,1000100,2,Foraminal Spinal Stenosis,33,25,2512,0.6323602734217934,0.013736753716344786
0.1,0,T1ax+FLAIRsag,1001000,2,Cerebral infarction,0,161,2512,0.7342349363690883,0.1746026466916186
0.1,0,T1ax+FLAIRsag,1001000,2,Cerebral hemorrhage,1,127,2512,0.7832516218491556,0.22278848149108585
0.1,0,T1ax+FLAIRsag,1001000,2,Metastatic malignant neoplasm to brain,2,144,2512,0.7501583614864864,0.1990055803804582
0.1,0,T1ax+FLAIRsag,1001000,2,Intracranial meningioma,3,62,2512,0.6859381171823569,0.04760766876387947
0.1,0,T1ax+FLAIRsag,1001000,2,Demyelinating disease of central nervous system,4,66,2512,0.730661066924354,0.09007024817827822
0.1,0,T1ax+FLAIRsag,1001000,2,Herniation of nucleus pulposus,5,42,2512,0.6625216888374783,0.03023265203079584
0.1,0,T1ax+FLAIRsag,1001000,2,Spinal cord compression,6,23,2512,0.49677712369207117,0.009356161460769083
0.1,0,T1ax+FLAIRsag,1001000,2,Lacunar infarct,7,86,2512,0.7717651795471538,0.12965481403413798
0.1,0,T1ax+FLAIRsag,1001000,2,Silent micro-hemorrhage of brain,8,77,2512,0.5941758446891918,0.06532191100200826
0.1,0,T1ax+FLAIRsag,1001000,2,Gliosis,11,1027,2512,0.7234742753730095,0.6373753135655206
0.1,0,T1ax+FLAIRsag,1001000,2,Cerebral atrophy,12,324,2512,0.9002682984629967,0.630004937141275
0.1,0,T1ax+FLAIRsag,1001000,2,Encephalomalacia,13,84,2512,0.7416622538636543,0.14299281632127334
0.1,0,T1ax+FLAIRsag,1001000,2,Arachnoid cyst,14,69,2512,0.6860892108182503,0.07025659660566867
0.1,0,T1ax+FLAIRsag,1001000,2,Empty sella syndrome,15,72,2512,0.6389913479052823,0.04512097971834096
0.1,0,T1ax+FLAIRsag,1001000,2,Cyst of pineal gland,19,27,2512,0.6166480363663462,0.018642522961961325
0.1,0,T1ax+FLAIRsag,1001000,2,Cerebral edema,22,197,2512,0.825828025128548,0.4397860080503374
0.1,0,T1ax+FLAIRsag,1001000,2,Mastoiditis,24,62,2512,0.6188676761026991,0.04085915597264531
0.1,0,T1ax+FLAIRsag,1001000,2,Chronic mastoiditis,25,25,2512,0.7577965420184962,0.04684663079466899
0.1,0,T1ax+FLAIRsag,1001000,2,Ventriculomegaly,26,304,2512,0.8840818077803203,0.5272629223324602
0.1,0,T1ax+FLAIRsag,1001000,2,Cerebellar degeneration,27,94,2512,0.7893282649631312,0.16549326035232403
0.1,0,T1ax+FLAIRsag,1001000,2,Mega cisterna magna,28,20,2512,0.6069020866773676,0.011932901703491865
0.1,0,T1ax+FLAIRsag,1001000,2,Foraminal Spinal Stenosis,33,25,2512,0.6515319662243666,0.014985807891854457
0.1,0,T1ax+FLAIRax,1010000,2,Cerebral infarction,0,161,2512,0.7402558974508007,0.19524592792796117
0.1,0,T1ax+FLAIRax,1010000,2,Cerebral hemorrhage,1,127,2512,0.7932121692335627,0.2635761969695572
0.1,0,T1ax+FLAIRax,1010000,2,Metastatic malignant neoplasm to brain,2,144,2512,0.7793027402402402,0.18664370712916273
0.1,0,T1ax+FLAIRax,1010000,2,Intracranial meningioma,3,62,2512,0.6917840684660961,0.06806307912317189
0.1,0,T1ax+FLAIRax,1010000,2,Demyelinating disease of central nervous system,4,66,2512,0.8239550038405312,0.13891670414216284
0.1,0,T1ax+FLAIRax,1010000,2,Herniation of nucleus pulposus,5,42,2512,0.6785810680547522,0.036623843760704856
0.1,0,T1ax+FLAIRax,1010000,2,Spinal cord compression,6,23,2512,0.585725016158052,0.01262365631678002
0.1,0,T1ax+FLAIRax,1010000,2,Lacunar infarct,7,86,2512,0.7938275273682392,0.15720136958173786
0.1,0,T1ax+FLAIRax,1010000,2,Silent micro-hemorrhage of brain,8,77,2512,0.6899063975039333,0.06484893980891293
0.1,0,T1ax+FLAIRax,1010000,2,Gliosis,11,1027,2512,0.7249699199066287,0.6370730017975668
0.1,0,T1ax+FLAIRax,1010000,2,Cerebral atrophy,12,324,2512,0.8967981921592525,0.64466184439458
0.1,0,T1ax+FLAIRax,1010000,2,Encephalomalacia,13,84,2512,0.675237310739782,0.1509950096793909
0.1,0,T1ax+FLAIRax,1010000,2,Arachnoid cyst,14,69,2512,0.6567121678620371,0.05586499573883728
0.1,0,T1ax+FLAIRax,1010000,2,Empty sella syndrome,15,72,2512,0.6815175318761384,0.06992091283722793
0.1,0,T1ax+FLAIRax,1010000,2,Cyst of pineal gland,19,27,2512,0.585095759743647,0.013492896849375113
0.1,0,T1ax+FLAIRax,1010000,2,Cerebral edema,22,197,2512,0.8387562903597153,0.4625714153491503
0.1,0,T1ax+FLAIRax,1010000,2,Mastoiditis,24,62,2512,0.6302896642527979,0.044905126708792535
0.1,0,T1ax+FLAIRax,1010000,2,Chronic mastoiditis,25,25,2512,0.7544189786891837,0.0509691646322417
0.1,0,T1ax+FLAIRax,1010000,2,Ventriculomegaly,26,304,2512,0.8909318983600306,0.5599776555142794
0.1,0,T1ax+FLAIRax,1010000,2,Cerebellar degeneration,27,94,2512,0.7664898016648188,0.16287192738166967
0.1,0,T1ax+FLAIRax,1010000,2,Mega cisterna magna,28,20,2512,0.6366573033707865,0.019414482783564058
0.1,0,T1ax+FLAIRax,1010000,2,Foraminal Spinal Stenosis,33,25,2512,0.6818174507438681,0.01685727459438927
0.1,0,T1ax+T2ax,1100000,2,Cerebral infarction,0,161,2512,0.7614943819334181,0.24425761396308598
0.1,0,T1ax+T2ax,1100000,2,Cerebral hemorrhage,1,127,2512,0.7940540451311512,0.22123410976852978
0.1,0,T1ax+T2ax,1100000,2,Metastatic malignant neoplasm to brain,2,144,2512,0.7456245307807807,0.18267519019076187
0.1,0,T1ax+T2ax,1100000,2,Intracranial meningioma,3,62,2512,0.6838314680710993,0.0488712436540322
0.1,0,T1ax+T2ax,1100000,2,Demyelinating disease of central nervous system,4,66,2512,0.7966067048242028,0.10284521837055328
0.1,0,T1ax+T2ax,1100000,2,Herniation of nucleus pulposus,5,42,2512,0.6578561789088104,0.0281801651328535
0.1,0,T1ax+T2ax,1100000,2,Spinal cord compression,6,23,2512,0.41025730605970623,0.0074527073147596995
0.1,0,T1ax+T2ax,1100000,2,Lacunar infarct,7,86,2512,0.8147874767537722,0.16046256555161806
0.1,0,T1ax+T2ax,1100000,2,Silent micro-hemorrhage of brain,8,77,2512,0.6320328542094457,0.05329369647629251
0.1,0,T1ax+T2ax,1100000,2,Gliosis,11,1027,2512,0.7454138922493354,0.6615651355670116
0.1,0,T1ax+T2ax,1100000,2,Cerebral atrophy,12,324,2512,0.8967135554201368,0.6330351698713628
0.1,0,T1ax+T2ax,1100000,2,Encephalomalacia,13,84,2512,0.6343012081274025,0.09338872881649053
0.1,0,T1ax+T2ax,1100000,2,Arachnoid cyst,14,69,2512,0.5974360343364954,0.04503866823426875
0.1,0,T1ax+T2ax,1100000,2,Empty sella syndrome,15,72,2512,0.6438866120218579,0.04738246564708528
0.1,0,T1ax+T2ax,1100000,2,Cyst of pineal gland,19,27,2512,0.585855875996721,0.015750356444561513
0.1,0,T1ax+T2ax,1100000,2,Cerebral edema,22,197,2512,0.8190130576355921,0.41618469702845495
0.1,0,T1ax+T2ax,1100000,2,Mastoiditis,24,62,2512,0.5837129690585913,0.05090644392481172
0.1,0,T1ax+T2ax,1100000,2,Chronic mastoiditis,25,25,2512,0.7520546843586651,0.03959716021575823
0.1,0,T1ax+T2ax,1100000,2,Ventriculomegaly,26,304,2512,0.8923427369374524,0.5724659080551117
0.1,0,T1ax+T2ax,1100000,2,Cerebellar degeneration,27,94,2512,0.7485833201344525,0.12165557714686996
0.1,0,T1ax+T2ax,1100000,2,Mega cisterna magna,28,20,2512,0.6662520064205457,0.015840902611641
0.1,0,T1ax+T2ax,1100000,2,Foraminal Spinal Stenosis,33,25,2512,0.5860394049055087,0.012654664518109777
0.1,0,SWIax+T1sag+FLAIRcor,0000111,3,Cerebral infarction,0,161,2512,0.7683607609818474,0.19190510891743587
0.1,0,SWIax+T1sag+FLAIRcor,0000111,3,Cerebral hemorrhage,1,127,2512,0.7956189438584328,0.305171642340597
0.1,0,SWIax+T1sag+FLAIRcor,0000111,3,Metastatic malignant neoplasm to brain,2,144,2512,0.7322605808933933,0.17799003691782075
0.1,0,SWIax+T1sag+FLAIRcor,0000111,3,Intracranial meningioma,3,62,2512,0.6563923633969717,0.03967718888333682
0.1,0,SWIax+T1sag+FLAIRcor,0000111,3,Demyelinating disease of central nervous system,4,66,2512,0.6843207215243192,0.06412889343849859
0.1,0,SWIax+T1sag+FLAIRcor,0000111,3,Herniation of nucleus pulposus,5,42,2512,0.6775110854058222,0.039354925621439024
0.1,0,SWIax+T1sag+FLAIRcor,0000111,3,Spinal cord compression,6,23,2512,0.547015564134365,0.011867468004723112
0.1,0,SWIax+T1sag+FLAIRcor,0000111,3,Lacunar infarct,7,86,2512,0.8432005981709771,0.14589530888264898
0.1,0,SWIax+T1sag+FLAIRcor,0000111,3,Silent micro-hemorrhage of brain,8,77,2512,0.7245046534574255,0.07560536128978965
0.1,0,SWIax+T1sag+FLAIRcor,0000111,3,Gliosis,11,1027,2512,0.7258951081735892,0.6487216365978794
0.1,0,SWIax+T1sag+FLAIRcor,0000111,3,Cerebral atrophy,12,324,2512,0.8897930913851084,0.5872233263591394
0.1,0,SWIax+T1sag+FLAIRcor,0000111,3,Encephalomalacia,13,84,2512,0.6653281164195496,0.12437768807090333
0.1,0,SWIax+T1sag+FLAIRcor,0000111,3,Arachnoid cyst,14,69,2512,0.6416202459556141,0.0638347087108892
0.1,0,SWIax+T1sag+FLAIRcor,0000111,3,Empty sella syndrome,15,72,2512,0.6237420309653916,0.0402283683038272
0.1,0,SWIax+T1sag+FLAIRcor,0000111,3,Cyst of pineal gland,19,27,2512,0.6688128772635815,0.02762541861905736
0.1,0,SWIax+T1sag+FLAIRcor,0000111,3,Cerebral edema,22,197,2512,0.8363201806799619,0.42018151094104184
0.1,0,SWIax+T1sag+FLAIRcor,0000111,3,Mastoiditis,24,62,2512,0.6051415404871626,0.055931396070221615
0.1,0,SWIax+T1sag+FLAIRcor,0000111,3,Chronic mastoiditis,25,25,2512,0.6195898673100121,0.01964464117331314
0.1,0,SWIax+T1sag+FLAIRcor,0000111,3,Ventriculomegaly,26,304,2512,0.8795409038901603,0.5004347195579868
0.1,0,SWIax+T1sag+FLAIRcor,0000111,3,Cerebellar degeneration,27,94,2512,0.7864157119476268,0.14276742432729522
0.1,0,SWIax+T1sag+FLAIRcor,0000111,3,Mega cisterna magna,28,20,2512,0.5392656500802568,0.009394292317491199
0.1,0,SWIax+T1sag+FLAIRcor,0000111,3,Foraminal Spinal Stenosis,33,25,2512,0.6878488138319261,0.017962283954069527
0.1,0,FLAIRsag+T1sag+FLAIRcor,0001011,3,Cerebral infarction,0,161,2512,0.7374607342983428,0.17625885599053584
0.1,0,FLAIRsag+T1sag+FLAIRcor,0001011,3,Cerebral hemorrhage,1,127,2512,0.7472193334323776,0.22444910882510513
0.1,0,FLAIRsag+T1sag+FLAIRcor,0001011,3,Metastatic malignant neoplasm to brain,2,144,2512,0.7443869650900901,0.1858081825357005
0.1,0,FLAIRsag+T1sag+FLAIRcor,0001011,3,Intracranial meningioma,3,62,2512,0.6588084265964451,0.042106268386305545
0.1,0,FLAIRsag+T1sag+FLAIRcor,0001011,3,Demyelinating disease of central nervous system,4,66,2512,0.7192509725216185,0.08089687383692108
0.1,0,FLAIRsag+T1sag+FLAIRcor,0001011,3,Herniation of nucleus pulposus,5,42,2512,0.6446790052053211,0.028212928393494197
0.1,0,FLAIRsag+T1sag+FLAIRcor,0001011,3,Spinal cord compression,6,23,2512,0.5663353538176672,0.012558816784327461
0.1,0,FLAIRsag+T1sag+FLAIRcor,0001011,3,Lacunar infarct,7,86,2512,0.808139534883721,0.130578516534048
0.1,0,FLAIRsag+T1sag+FLAIRcor,0001011,3,Silent micro-hemorrhage of brain,8,77,2512,0.6140003733432892,0.06891564670822481
0.1,0,FLAIRsag+T1sag+FLAIRcor,0001011,3,Gliosis,11,1027,2512,0.721828476258856,0.6405428917710025
0.1,0,FLAIRsag+T1sag+FLAIRcor,0001011,3,Cerebral atrophy,12,324,2512,0.8841280723136299,0.6148249201357732
0.1,0,FLAIRsag+T1sag+FLAIRcor,0001011,3,Encephalomalacia,13,84,2512,0.656894759551267,0.1392782734669407
0.1,0,FLAIRsag+T1sag+FLAIRcor,0001011,3,Arachnoid cyst,14,69,2512,0.6857214045453737,0.07513564853455323
0.1,0,FLAIRsag+T1sag+FLAIRcor,0001011,3,Empty sella syndrome,15,72,2512,0.6607980418943534,0.04451836210309055
0.1,0,FLAIRsag+T1sag+FLAIRcor,0001011,3,Cyst of pineal gland,19,27,2512,0.6432968179447053,0.024469654201154375
0.1,0,FLAIRsag+T1sag+FLAIRcor,0001011,3,Cerebral edema,22,197,2512,0.8442293144467226,0.47286246848376606
0.1,0,FLAIRsag+T1sag+FLAIRcor,0001011,3,Mastoiditis,24,62,2512,0.5946412113232389,0.06505582028173149
0.1,0,FLAIRsag+T1sag+FLAIRcor,0001011,3,Chronic mastoiditis,25,25,2512,0.6643988741455569,0.023087077440127265
0.1,0,FLAIRsag+T1sag+FLAIRcor,0001011,3,Ventriculomegaly,26,304,2512,0.8739809782608695,0.5176783451047987
0.1,0,FLAIRsag+T1sag+FLAIRcor,0001011,3,Cerebellar degeneration,27,94,2512,0.7703834714816183,0.1354657847022035
0.1,0,FLAIRsag+T1sag+FLAIRcor,0001011,3,Mega cisterna magna,28,20,2512,0.5730738362760834,0.010994030011090554
0.1,0,FLAIRsag+T1sag+FLAIRcor,0001011,3,Foraminal Spinal Stenosis,33,25,2512,0.6341455568958585,0.02161070649939411
0.1,0,FLAIRsag+SWIax+FLAIRcor,0001101,3,Cerebral infarction,0,161,2512,0.7849864336835652,0.2417500219246673
0.1,0,FLAIRsag+SWIax+FLAIRcor,0001101,3,Cerebral hemorrhage,1,127,2512,0.8032288416778091,0.2669556753797891
0.1,0,FLAIRsag+SWIax+FLAIRcor,0001101,3,Metastatic malignant neoplasm to brain,2,144,2512,0.7657012481231231,0.20632439738972796
0.1,0,FLAIRsag+SWIax+FLAIRcor,0001101,3,Intracranial meningioma,3,62,2512,0.731171823568137,0.05533573392371713
0.1,0,FLAIRsag+SWIax+FLAIRcor,0001101,3,Demyelinating disease of central nervous system,4,66,2512,0.6568671176193662,0.053660511643800396
0.1,0,FLAIRsag+SWIax+FLAIRcor,0001101,3,Herniation of nucleus pulposus,5,42,2512,0.7046847888953152,0.031625655085165384
0.1,0,FLAIRsag+SWIax+FLAIRcor,0001101,3,Spinal cord compression,6,23,2512,0.4950477754292802,0.009559636057633578
0.1,0,FLAIRsag+SWIax+FLAIRcor,0001101,3,Lacunar infarct,7,86,2512,0.8249678866542687,0.15979637641941796
0.1,0,FLAIRsag+SWIax+FLAIRcor,0001101,3,Silent micro-hemorrhage of brain,8,77,2512,0.710973625963359,0.0935165310688333
0.1,0,FLAIRsag+SWIax+FLAIRcor,0001101,3,Gliosis,11,1027,2512,0.7294299699362992,0.6487885141324781
0.1,0,FLAIRsag+SWIax+FLAIRcor,0001101,3,Cerebral atrophy,12,324,2512,0.8907593608233464,0.5907996279846914
0.1,0,FLAIRsag+SWIax+FLAIRcor,0001101,3,Encephalomalacia,13,84,2512,0.6911184984702282,0.15553321175334378
0.1,0,FLAIRsag+SWIax+FLAIRcor,0001101,3,Arachnoid cyst,14,69,2512,0.6296724744463625,0.06713361601417486
0.1,0,FLAIRsag+SWIax+FLAIRcor,0001101,3,Empty sella syndrome,15,72,2512,0.6929815573770491,0.05550416740987044
0.1,0,FLAIRsag+SWIax+FLAIRcor,0001101,3,Cyst of pineal gland,19,27,2512,0.6562038900067069,0.01952960659971935
0.1,0,FLAIRsag+SWIax+FLAIRcor,0001101,3,Cerebral edema,22,197,2512,0.836065825393867,0.43951523239142704
0.1,0,FLAIRsag+SWIax+FLAIRcor,0001101,3,Mastoiditis,24,62,2512,0.6812442396313364,0.06585364816976863
0.1,0,FLAIRsag+SWIax+FLAIRcor,0001101,3,Chronic mastoiditis,25,25,2512,0.6619219943707277,0.02814094226709076
0.1,0,FLAIRsag+SWIax+FLAIRcor,0001101,3,Ventriculomegaly,26,304,2512,0.8755601639969488,0.49904277474529907
0.1,0,FLAIRsag+SWIax+FLAIRcor,0001101,3,Cerebellar degeneration,27,94,2512,0.7352920472343946,0.11504488829545181
0.1,0,FLAIRsag+SWIax+FLAIRcor,0001101,3,Mega cisterna magna,28,20,2512,0.6175963081861958,0.011643164950449238
0.1,0,FLAIRsag+SWIax+FLAIRcor,0001101,3,Foraminal Spinal Stenosis,33,25,2512,0.6345798150381986,0.01859822470729691
0.1,0,FLAIRsag+SWIax+T1sag,0001110,3,Cerebral infarction,0,161,2512,0.7625432285983762,0.19846378604888132
0.1,0,FLAIRsag+SWIax+T1sag,0001110,3,Cerebral hemorrhage,1,127,2512,0.7729510226316051,0.2593690134191567
0.1,0,FLAIRsag+SWIax+T1sag,0001110,3,Metastatic malignant neoplasm to brain,2,144,2512,0.7590793918918919,0.19479306494776624
0.1,0,FLAIRsag+SWIax+T1sag,0001110,3,Intracranial meningioma,3,62,2512,0.6464581961816985,0.042498820711888624
0.1,0,FLAIRsag+SWIax+T1sag,0001110,3,Demyelinating disease of central nervous system,4,66,2512,0.7062179439530216,0.05734998493297736
0.1,0,FLAIRsag+SWIax+T1sag,0001110,3,Herniation of nucleus pulposus,5,42,2512,0.6877674956622324,0.03648807807576557
0.1,0,FLAIRsag+SWIax+T1sag,0001110,3,Spinal cord compression,6,23,2512,0.5346481038307684,0.010372871844203078
0.1,0,FLAIRsag+SWIax+T1sag,0001110,3,Lacunar infarct,7,86,2512,0.8216127609808469,0.14619128189251726
0.1,0,FLAIRsag+SWIax+T1sag,0001110,3,Silent micro-hemorrhage of brain,8,77,2512,0.6726952718739166,0.06852377435151952
0.1,0,FLAIRsag+SWIax+T1sag,0001110,3,Gliosis,11,1027,2512,0.7285093715473463,0.6415562504638326
0.1,0,FLAIRsag+SWIax+T1sag,0001110,3,Cerebral atrophy,12,324,2512,0.8944269528516938,0.6055195507911744
0.1,0,FLAIRsag+SWIax+T1sag,0001110,3,Encephalomalacia,13,84,2512,0.7234545383227425,0.16967703022565991
0.1,0,FLAIRsag+SWIax+T1sag,0001110,3,Arachnoid cyst,14,69,2512,0.661790267371431,0.06374532208262161
0.1,0,FLAIRsag+SWIax+T1sag,0001110,3,Empty sella syndrome,15,72,2512,0.6022711748633879,0.03937396427460335
0.1,0,FLAIRsag+SWIax+T1sag,0001110,3,Cyst of pineal gland,19,27,2512,0.6459944854311052,0.026431578484415293
0.1,0,FLAIRsag+SWIax+T1sag,0001110,3,Cerebral edema,22,197,2512,0.8333183497604456,0.424764209214755
0.1,0,FLAIRsag+SWIax+T1sag,0001110,3,Mastoiditis,24,62,2512,0.5829822251481237,0.05604649245398306
0.1,0,FLAIRsag+SWIax+T1sag,0001110,3,Chronic mastoiditis,25,25,2512,0.6317008443908323,0.020606326298018222
0.1,0,FLAIRsag+SWIax+T1sag,0001110,3,Ventriculomegaly,26,304,2512,0.8812571510297482,0.5207544892957328
0.1,0,FLAIRsag+SWIax+T1sag,0001110,3,Cerebellar degeneration,27,94,2512,0.7781400137268358,0.13012873609199224
0.1,0,FLAIRsag+SWIax+T1sag,0001110,3,Mega cisterna magna,28,20,2512,0.5832865168539326,0.011418328107325692
0.1,0,FLAIRsag+SWIax+T1sag,0001110,3,Foraminal Spinal Stenosis,33,25,2512,0.6415279453156413,0.016668465194995444
0.1,0,FLAIRax+T1sag+FLAIRcor,0010011,3,Cerebral infarction,0,161,2512,0.7240819949750469,0.17496731485887174
0.1,0,FLAIRax+T1sag+FLAIRcor,0010011,3,Cerebral hemorrhage,1,127,2512,0.759190478548672,0.24416018258731526
0.1,0,FLAIRax+T1sag+FLAIRcor,0010011,3,Metastatic malignant neoplasm to brain,2,144,2512,0.7839949324324325,0.21548357830439094
0.1,0,FLAIRax+T1sag+FLAIRcor,0010011,3,Intracranial meningioma,3,62,2512,0.6559907834101383,0.043473643737483664
0.1,0,FLAIRax+T1sag+FLAIRcor,0010011,3,Demyelinating disease of central nervous system,4,66,2512,0.7344210708887733,0.10798649618240558
0.1,0,FLAIRax+T1sag+FLAIRcor,0010011,3,Herniation of nucleus pulposus,5,42,2512,0.6999421631000579,0.03908768739181496
0.1,0,FLAIRax+T1sag+FLAIRcor,0010011,3,Spinal cord compression,6,23,2512,0.6780792006568029,0.01736464276689633
0.1,0,FLAIRax+T1sag+FLAIRcor,0010011,3,Lacunar infarct,7,86,2512,0.8118349661611611,0.13699925127221807
0.1,0,FLAIRax+T1sag+FLAIRcor,0010011,3,Silent micro-hemorrhage of brain,8,77,2512,0.6532280860822957,0.07641699802059505
0.1,0,FLAIRax+T1sag+FLAIRcor,0010011,3,Gliosis,11,1027,2512,0.7267488254830027,0.649309399241561
0.1,0,FLAIRax+T1sag+FLAIRcor,0010011,3,Cerebral atrophy,12,324,2512,0.8870960006319544,0.6239910611573896
0.1,0,FLAIRax+T1sag+FLAIRcor,0010011,3,Encephalomalacia,13,84,2512,0.6462353887189143,0.11582641398383031
0.1,0,FLAIRax+T1sag+FLAIRcor,0010011,3,Arachnoid cyst,14,69,2512,0.71034662775039,0.09455455817585029
0.1,0,FLAIRax+T1sag+FLAIRcor,0010011,3,Empty sella syndrome,15,72,2512,0.6604337431693988,0.0492695681847815
0.1,0,FLAIRax+T1sag+FLAIRcor,0010011,3,Cyst of pineal gland,19,27,2512,0.6415679260749683,0.018556829338826714
0.1,0,FLAIRax+T1sag+FLAIRcor,0010011,3,Cerebral edema,22,197,2512,0.8493251910405542,0.4895747203794221
0.1,0,FLAIRax+T1sag+FLAIRcor,0010011,3,Mastoiditis,24,62,2512,0.6007636603028308,0.059641806383241375
0.1,0,FLAIRax+T1sag+FLAIRcor,0010011,3,Chronic mastoiditis,25,25,2512,0.7027744270205066,0.025751176518929723
0.1,0,FLAIRax+T1sag+FLAIRcor,0010011,3,Ventriculomegaly,26,304,2512,0.8873623426773455,0.5364742006221134
0.1,0,FLAIRax+T1sag+FLAIRcor,0010011,3,Cerebellar degeneration,27,94,2512,0.7834811607975644,0.16102179007214776
0.1,0,FLAIRax+T1sag+FLAIRcor,0010011,3,Mega cisterna magna,28,20,2512,0.5785714285714286,0.012245311165239622
0.1,0,FLAIRax+T1sag+FLAIRcor,0010011,3,Foraminal Spinal Stenosis,33,25,2512,0.6186891837555288,0.018416144043939625
0.1,0,FLAIRax+SWIax+FLAIRcor,0010101,3,Cerebral infarction,0,161,2512,0.8012290263691146,0.2785199432979484
0.1,0,FLAIRax+SWIax+FLAIRcor,0010101,3,Cerebral hemorrhage,1,127,2512,0.8149226629690157,0.2952179623973247
0.1,0,FLAIRax+SWIax+FLAIRcor,0010101,3,Metastatic malignant neoplasm to brain,2,144,2512,0.7940450215840841,0.22166429767534487
0.1,0,FLAIRax+SWIax+FLAIRcor,0010101,3,Intracranial meningioma,3,62,2512,0.6961224489795919,0.0629868578299013
0.1,0,FLAIRax+SWIax+FLAIRcor,0010101,3,Demyelinating disease of central nervous system,4,66,2512,0.7368616665427786,0.08260967135242676
0.1,0,FLAIRax+SWIax+FLAIRcor,0010101,3,Herniation of nucleus pulposus,5,42,2512,0.7205224599961442,0.034526833239167096
0.1,0,FLAIRax+SWIax+FLAIRcor,0010101,3,Spinal cord compression,6,23,2512,0.6076824986462173,0.013426368988248883
0.1,0,FLAIRax+SWIax+FLAIRcor,0010101,3,Lacunar infarct,7,86,2512,0.8459326290764776,0.19650788642813427
0.1,0,FLAIRax+SWIax+FLAIRcor,0010101,3,Silent micro-hemorrhage of brain,8,77,2512,0.7262273660630951,0.08757574423380496
0.1,0,FLAIRax+SWIax+FLAIRcor,0010101,3,Gliosis,11,1027,2512,0.7303348316006544,0.6551344292513593
0.1,0,FLAIRax+SWIax+FLAIRcor,0010101,3,Cerebral atrophy,12,324,2512,0.8977080371047463,0.6091838506284464
0.1,0,FLAIRax+SWIax+FLAIRcor,0010101,3,Encephalomalacia,13,84,2512,0.6613909155095319,0.1503091750789008
0.1,0,FLAIRax+SWIax+FLAIRcor,0010101,3,Arachnoid cyst,14,69,2512,0.6337954641181253,0.06635889669452669
0.1,0,FLAIRax+SWIax+FLAIRcor,0010101,3,Empty sella syndrome,15,72,2512,0.7028119307832422,0.06895935545811997
0.1,0,FLAIRax+SWIax+FLAIRcor,0010101,3,Cyst of pineal gland,19,27,2512,0.6629107981220658,0.018579886243385434
0.1,0,FLAIRax+SWIax+FLAIRcor,0010101,3,Cerebral edema,22,197,2512,0.8408086743923431,0.46614155238143923
0.1,0,FLAIRax+SWIax+FLAIRcor,0010101,3,Mastoiditis,24,62,2512,0.6714483212639893,0.07579993855116685
0.1,0,FLAIRax+SWIax+FLAIRcor,0010101,3,Chronic mastoiditis,25,25,2512,0.6493606755126659,0.026512700367511608
0.1,0,FLAIRax+SWIax+FLAIRcor,0010101,3,Ventriculomegaly,26,304,2512,0.8806314359267735,0.5155650749739182
0.1,0,FLAIRax+SWIax+FLAIRcor,0010101,3,Cerebellar degeneration,27,94,2512,0.7364579483659786,0.1149502884426592
0.1,0,FLAIRax+SWIax+FLAIRcor,0010101,3,Mega cisterna magna,28,20,2512,0.665569823434992,0.020251333673584122
0.1,0,FLAIRax+SWIax+FLAIRcor,0010101,3,Foraminal Spinal Stenosis,33,25,2512,0.6403860072376357,0.01584119351334493
0.1,0,FLAIRax+SWIax+T1sag,0010110,3,Cerebral infarction,0,161,2512,0.7663211901371425,0.20103073865259008
0.1,0,FLAIRax+SWIax+T1sag,0010110,3,Cerebral hemorrhage,1,127,2512,0.7903266808630053,0.30927751581995827
0.1,0,FLAIRax+SWIax+T1sag,0010110,3,Metastatic malignant neoplasm to brain,2,144,2512,0.7888513513513513,0.21461112292363993
0.1,0,FLAIRax+SWIax+T1sag,0010110,3,Intracranial meningioma,3,62,2512,0.6574193548387096,0.04489156593204691
0.1,0,FLAIRax+SWIax+T1sag,0010110,3,Demyelinating disease of central nervous system,4,66,2512,0.7263064000594663,0.09228861392679702
0.1,0,FLAIRax+SWIax+T1sag,0010110,3,Herniation of nucleus pulposus,5,42,2512,0.7263447079236554,0.03909089279103847
0.1,0,FLAIRax+SWIax+T1sag,0010110,3,Spinal cord compression,6,23,2512,0.5979876674760249,0.012264924300899788
0.1,0,FLAIRax+SWIax+T1sag,0010110,3,Lacunar infarct,7,86,2512,0.8249247493241819,0.16754131515136245
0.1,0,FLAIRax+SWIax+T1sag,0010110,3,Silent micro-hemorrhage of brain,8,77,2512,0.6948238619696526,0.07165513519199618
0.1,0,FLAIRax+SWIax+T1sag,0010110,3,Gliosis,11,1027,2512,0.7272084689806209,0.6339247331589106
0.1,0,FLAIRax+SWIax+T1sag,0010110,3,Cerebral atrophy,12,324,2512,0.8961098133477781,0.6094684264345316
0.1,0,FLAIRax+SWIax+T1sag,0010110,3,Encephalomalacia,13,84,2512,0.6810671138307053,0.13643756999371603
0.1,0,FLAIRax+SWIax+T1sag,0010110,3,Arachnoid cyst,14,69,2512,0.6862493845177289,0.060136609593841844
0.1,0,FLAIRax+SWIax+T1sag,0010110,3,Empty sella syndrome,15,72,2512,0.5831967213114754,0.035820111961310415
0.1,0,FLAIRax+SWIax+T1sag,0010110,3,Cyst of pineal gland,19,27,2512,0.6724793203666443,0.02070843522014044
0.1,0,FLAIRax+SWIax+T1sag,0010110,3,Cerebral edema,22,197,2512,0.8361535341132099,0.4508100927788336
0.1,0,FLAIRax+SWIax+T1sag,0010110,3,Mastoiditis,24,62,2512,0.6250230414746544,0.0632760162586022
0.1,0,FLAIRax+SWIax+T1sag,0010110,3,Chronic mastoiditis,25,25,2512,0.6967752312022517,0.023496431093299824
0.1,0,FLAIRax+SWIax+T1sag,0010110,3,Ventriculomegaly,26,304,2512,0.8817934782608696,0.5166888832394428
0.1,0,FLAIRax+SWIax+T1sag,0010110,3,Cerebellar degeneration,27,94,2512,0.7843214895376872,0.14410464762406733
0.1,0,FLAIRax+SWIax+T1sag,0010110,3,Mega cisterna magna,28,20,2512,0.6302568218298555,0.013704782118332
0.1,0,FLAIRax+SWIax+T1sag,0010110,3,Foraminal Spinal Stenosis,33,25,2512,0.5948049859268194,0.013171694393177388
0.1,0,FLAIRax+FLAIRsag+FLAIRcor,0011001,3,Cerebral infarction,0,161,2512,0.751835481663677,0.22766912720656074
0.1,0,FLAIRax+FLAIRsag+FLAIRcor,0011001,3,Cerebral hemorrhage,1,127,2512,0.7863616104590698,0.2466084541680505
0.1,0,FLAIRax+FLAIRsag+FLAIRcor,0011001,3,Metastatic malignant neoplasm to brain,2,144,2512,0.8013120542417419,0.24434703906738608
0.1,0,FLAIRax+FLAIRsag+FLAIRcor,0011001,3,Intracranial meningioma,3,62,2512,0.6793745885450955,0.06193966129787861
0.1,0,FLAIRax+FLAIRsag+FLAIRcor,0011001,3,Demyelinating disease of central nervous system,4,66,2512,0.6733875963230012,0.08099399155663066
0.1,0,FLAIRax+FLAIRsag+FLAIRcor,0011001,3,Herniation of nucleus pulposus,5,42,2512,0.6955465587044535,0.036625725168488873
0.1,0,FLAIRax+FLAIRsag+FLAIRcor,0011001,3,Spinal cord compression,6,23,2512,0.5838209862525547,0.011874277126049132
0.1,0,FLAIRax+FLAIRsag+FLAIRcor,0011001,3,Lacunar infarct,7,86,2512,0.804022316378765,0.15019087524927252
0.1,0,FLAIRax+FLAIRsag+FLAIRcor,0011001,3,Silent micro-hemorrhage of brain,8,77,2512,0.6685031600842689,0.07908814924361898
0.1,0,FLAIRax+FLAIRsag+FLAIRcor,0011001,3,Gliosis,11,1027,2512,0.7276930289588518,0.6458664896471977
0.1,0,FLAIRax+FLAIRsag+FLAIRcor,0011001,3,Cerebral atrophy,12,324,2512,0.8968800076737311,0.6283079575221947
0.1,0,FLAIRax+FLAIRsag+FLAIRcor,0011001,3,Encephalomalacia,13,84,2512,0.6725749195889228,0.1296055623631251
0.1,0,FLAIRax+FLAIRsag+FLAIRcor,0011001,3,Arachnoid cyst,14,69,2512,0.6807144933468592,0.07930844818755681
0.1,0,FLAIRax+FLAIRsag+FLAIRcor,0011001,3,Empty sella syndrome,15,72,2512,0.6811133879781421,0.057878644770743275
0.1,0,FLAIRax+FLAIRsag+FLAIRcor,0011001,3,Cyst of pineal gland,19,27,2512,0.6250391236306729,0.016510949321501798
0.1,0,FLAIRax+FLAIRsag+FLAIRcor,0011001,3,Cerebral edema,22,197,2512,0.8377761454210567,0.49982788158018715
0.1,0,FLAIRax+FLAIRsag+FLAIRcor,0011001,3,Mastoiditis,24,62,2512,0.6625148123765635,0.07130803738374483
0.1,0,FLAIRax+FLAIRsag+FLAIRcor,0011001,3,Chronic mastoiditis,25,25,2512,0.6852754322476879,0.0506632052531155
0.1,0,FLAIRax+FLAIRsag+FLAIRcor,0011001,3,Ventriculomegaly,26,304,2512,0.878107718344775,0.5362160107375373
0.1,0,FLAIRax+FLAIRsag+FLAIRcor,0011001,3,Cerebellar degeneration,27,94,2512,0.754690002287806,0.1336132570874893
0.1,0,FLAIRax+FLAIRsag+FLAIRcor,0011001,3,Mega cisterna magna,28,20,2512,0.655357142857143,0.014298967789837094
0.1,0,FLAIRax+FLAIRsag+FLAIRcor,0011001,3,Foraminal Spinal Stenosis,33,25,2512,0.6102291917973461,0.01873457179483491
0.1,0,FLAIRax+FLAIRsag+T1sag,0011010,3,Cerebral infarction,0,161,2512,0.735442298902806,0.1960440798383463
0.1,0,FLAIRax+FLAIRsag+T1sag,0011010,3,Cerebral hemorrhage,1,127,2512,0.764073358754684,0.23619193898588334
0.1,0,FLAIRax+FLAIRsag+T1sag,0011010,3,Metastatic malignant neoplasm to brain,2,144,2512,0.7934848911411411,0.21478499773922344
0.1,0,FLAIRax+FLAIRsag+T1sag,0011010,3,Intracranial meningioma,3,62,2512,0.6479328505595786,0.04208764613295757
0.1,0,FLAIRax+FLAIRsag+T1sag,0011010,3,Demyelinating disease of central nervous system,4,66,2512,0.741061473277336,0.1015446130454751
0.1,0,FLAIRax+FLAIRsag+T1sag,0011010,3,Herniation of nucleus pulposus,5,42,2512,0.6864950838635049,0.04049895977707326
0.1,0,FLAIRax+FLAIRsag+T1sag,0011010,3,Spinal cord compression,6,23,2512,0.6770485789648366,0.015287081277194275
0.1,0,FLAIRax+FLAIRsag+T1sag,0011010,3,Lacunar infarct,7,86,2512,0.8015826607105198,0.14542150876370397
0.1,0,FLAIRax+FLAIRsag+T1sag,0011010,3,Silent micro-hemorrhage of brain,8,77,2512,0.6086722312595001,0.06512914113515264
0.1,0,FLAIRax+FLAIRsag+T1sag,0011010,3,Gliosis,11,1027,2512,0.7298620741658717,0.648124700715778
0.1,0,FLAIRax+FLAIRsag+T1sag,0011010,3,Cerebral atrophy,12,324,2512,0.8936849707721128,0.630059322528847
0.1,0,FLAIRax+FLAIRsag+T1sag,0011010,3,Encephalomalacia,13,84,2512,0.6685200439319056,0.14942997762738164
0.1,0,FLAIRax+FLAIRsag+T1sag,0011010,3,Arachnoid cyst,14,69,2512,0.7203189236327395,0.07818567380489504
0.1,0,FLAIRax+FLAIRsag+T1sag,0011010,3,Empty sella syndrome,15,72,2512,0.6063979963570129,0.03762990066058901
0.1,0,FLAIRax+FLAIRsag+T1sag,0011010,3,Cyst of pineal gland,19,27,2512,0.6265444518965646,0.01850736415492953
0.1,0,FLAIRax+FLAIRsag+T1sag,0011010,3,Cerebral edema,22,197,2512,0.8376687022398615,0.4796806184575969
0.1,0,FLAIRax+FLAIRsag+T1sag,0011010,3,Mastoiditis,24,62,2512,0.6249308755760368,0.06094621317283701
0.1,0,FLAIRax+FLAIRsag+T1sag,0011010,3,Chronic mastoiditis,25,25,2512,0.714692400482509,0.060922880627811725
0.1,0,FLAIRax+FLAIRsag+T1sag,0011010,3,Ventriculomegaly,26,304,2512,0.882225519641495,0.5235557401411205
0.1,0,FLAIRax+FLAIRsag+T1sag,0011010,3,Cerebellar degeneration,27,94,2512,0.7938334829206484,0.1435490317657782
0.1,0,FLAIRax+FLAIRsag+T1sag,0011010,3,Mega cisterna magna,28,20,2512,0.5876605136436597,0.010850934367168875
0.1,0,FLAIRax+FLAIRsag+T1sag,0011010,3,Foraminal Spinal Stenosis,33,25,2512,0.6090550864495375,0.01457385256908793
0.1,0,FLAIRax+FLAIRsag+SWIax,0011100,3,Cerebral infarction,0,161,2512,0.7988724237868913,0.2777537682817787
0.1,0,FLAIRax+FLAIRsag+SWIax,0011100,3,Cerebral hemorrhage,1,127,2512,0.8035589890886282,0.2624099561087589
0.1,0,FLAIRax+FLAIRsag+SWIax,0011100,3,Metastatic malignant neoplasm to brain,2,144,2512,0.8047021631006006,0.25325664531175657
0.1,0,FLAIRax+FLAIRsag+SWIax,0011100,3,Intracranial meningioma,3,62,2512,0.6867610269914417,0.06040956110989161
0.1,0,FLAIRax+FLAIRsag+SWIax,0011100,3,Demyelinating disease of central nervous system,4,66,2512,0.6925035308109715,0.0660189488667789
0.1,0,FLAIRax+FLAIRsag+SWIax,0011100,3,Herniation of nucleus pulposus,5,42,2512,0.7462887989203778,0.044874165212356903
0.1,0,FLAIRax+FLAIRsag+SWIax,0011100,3,Spinal cord compression,6,23,2512,0.5710517581707338,0.011792431835509376
0.1,0,FLAIRax+FLAIRsag+SWIax,0011100,3,Lacunar infarct,7,86,2512,0.8355269464521943,0.18042838007761916
0.1,0,FLAIRax+FLAIRsag+SWIax,0011100,3,Silent micro-hemorrhage of brain,8,77,2512,0.6721619243179818,0.08896575423748854
0.1,0,FLAIRax+FLAIRsag+SWIax,0011100,3,Gliosis,11,1027,2512,0.7273487881082819,0.6366791843400849
0.1,0,FLAIRax+FLAIRsag+SWIax,0011100,3,Cerebral atrophy,12,324,2512,0.9037948292594851,0.6189799968353399
0.1,0,FLAIRax+FLAIRsag+SWIax,0011100,3,Encephalomalacia,13,84,2512,0.6813465913548286,0.17473697914620126
0.1,0,FLAIRax+FLAIRsag+SWIax,0011100,3,Arachnoid cyst,14,69,2512,0.6752982493607883,0.05906813570738792
0.1,0,FLAIRax+FLAIRsag+SWIax,0011100,3,Empty sella syndrome,15,72,2512,0.6371755464480874,0.04565214673637086
0.1,0,FLAIRax+FLAIRsag+SWIax,0011100,3,Cyst of pineal gland,19,27,2512,0.6355764214919144,0.02257949972910766
0.1,0,FLAIRax+FLAIRsag+SWIax,0011100,3,Cerebral edema,22,197,2512,0.8355461512317593,0.4690798793524993
0.1,0,FLAIRax+FLAIRsag+SWIax,0011100,3,Mastoiditis,24,62,2512,0.6862738643844635,0.0962932063511179
0.1,0,FLAIRax+FLAIRsag+SWIax,0011100,3,Chronic mastoiditis,25,25,2512,0.7156091676718939,0.03840852432562748
0.1,0,FLAIRax+FLAIRsag+SWIax,0011100,3,Ventriculomegaly,26,304,2512,0.879479822177727,0.5182302253564744
0.1,0,FLAIRax+FLAIRsag+SWIax,0011100,3,Cerebellar degeneration,27,94,2512,0.7412711402073103,0.11888476524653313
0.1,0,FLAIRax+FLAIRsag+SWIax,0011100,3,Mega cisterna magna,28,20,2512,0.6578451043338684,0.01607078326207312
0.1,0,FLAIRax+FLAIRsag+SWIax,0011100,3,Foraminal Spinal Stenosis,33,25,2512,0.5428387615601126,0.014037155008140147
0.1,0,T2ax+T1sag+FLAIRcor,0100011,3,Cerebral infarction,0,161,2512,0.7618827458118786,0.19700940042297121
0.1,0,T2ax+T1sag+FLAIRcor,0100011,3,Cerebral hemorrhage,1,127,2512,0.7919741164429918,0.25645903726430247
0.1,0,T2ax+T1sag+FLAIRcor,0100011,3,Metastatic malignant neoplasm to brain,2,144,2512,0.7475952515015015,0.19648449727514536
0.1,0,T2ax+T1sag+FLAIRcor,0100011,3,Intracranial meningioma,3,62,2512,0.6127583936800527,0.03372744544742123
0.1,0,T2ax+T1sag+FLAIRcor,0100011,3,Demyelinating disease of central nervous system,4,66,2512,0.7706149805495677,0.10992356434049522
0.1,0,T2ax+T1sag+FLAIRcor,0100011,3,Herniation of nucleus pulposus,5,42,2512,0.684384037015616,0.033171537312689944
0.1,0,T2ax+T1sag+FLAIRcor,0100011,3,Spinal cord compression,6,23,2512,0.47974566352821985,0.009373943778066472
0.1,0,T2ax+T1sag+FLAIRcor,0100011,3,Lacunar infarct,7,86,2512,0.8410101804099006,0.13627944489672048
0.1,0,T2ax+T1sag+FLAIRcor,0100011,3,Silent micro-hemorrhage of brain,8,77,2512,0.627200725352676,0.054546492386637946
0.1,0,T2ax+T1sag+FLAIRcor,0100011,3,Gliosis,11,1027,2512,0.7329910595733381,0.6727156790806705
0.1,0,T2ax+T1sag+FLAIRcor,0100011,3,Cerebral atrophy,12,324,2512,0.8852241180851784,0.5982583193172081
0.1,0,T2ax+T1sag+FLAIRcor,0100011,3,Encephalomalacia,13,84,2512,0.6484515964540678,0.1343433163437105
0.1,0,T2ax+T1sag+FLAIRcor,0100011,3,Arachnoid cyst,14,69,2512,0.643821151233634,0.049293828294475255
0.1,0,T2ax+T1sag+FLAIRcor,0100011,3,Empty sella syndrome,15,72,2512,0.6512067395264117,0.047324913735486765
0.1,0,T2ax+T1sag+FLAIRcor,0100011,3,Cyst of pineal gland,19,27,2512,0.6274536105522022,0.017098470183257167
0.1,0,T2ax+T1sag+FLAIRcor,0100011,3,Cerebral edema,22,197,2512,0.8368683601758561,0.4667299451717844
0.1,0,T2ax+T1sag+FLAIRcor,0100011,3,Mastoiditis,24,62,2512,0.5796971691902567,0.03374302738591593
0.1,0,T2ax+T1sag+FLAIRcor,0100011,3,Chronic mastoiditis,25,25,2512,0.692496984318456,0.02382954591420591
0.1,0,T2ax+T1sag+FLAIRcor,0100011,3,Ventriculomegaly,26,304,2512,0.883643807208238,0.555009694011688
0.1,0,T2ax+T1sag+FLAIRcor,0100011,3,Cerebellar degeneration,27,94,2512,0.8099449166710663,0.14163885205457477
0.1,0,T2ax+T1sag+FLAIRcor,0100011,3,Mega cisterna magna,28,20,2512,0.6004012841091493,0.010652922220651784
0.1,0,T2ax+T1sag+FLAIRcor,0100011,3,Foraminal Spinal Stenosis,33,25,2512,0.6253638922396462,0.015853432765739164
0.1,0,T2ax+SWIax+FLAIRcor,0100101,3,Cerebral infarction,0,161,2512,0.8004390889564637,0.25187031006113564
0.1,0,T2ax+SWIax+FLAIRcor,0100101,3,Cerebral hemorrhage,1,127,2512,0.8267947638620643,0.3029488562172196
0.1,0,T2ax+SWIax+FLAIRcor,0100101,3,Metastatic malignant neoplasm to brain,2,144,2512,0.7525044575825826,0.1736083739416798
0.1,0,T2ax+SWIax+FLAIRcor,0100101,3,Intracranial meningioma,3,62,2512,0.6591902567478605,0.04188443460733972
0.1,0,T2ax+SWIax+FLAIRcor,0100101,3,Demyelinating disease of central nervous system,4,66,2512,0.7525954557843356,0.08003745280239179
0.1,0,T2ax+SWIax+FLAIRcor,0100101,3,Herniation of nucleus pulposus,5,42,2512,0.6925968768074031,0.03629492731344042
0.1,0,T2ax+SWIax+FLAIRcor,0100101,3,Spinal cord compression,6,23,2512,0.40073715653222003,0.0073024541791485995
0.1,0,T2ax+SWIax+FLAIRcor,0100101,3,Lacunar infarct,7,86,2512,0.8464502770375198,0.16750553321932718
0.1,0,T2ax+SWIax+FLAIRcor,0100101,3,Silent micro-hemorrhage of brain,8,77,2512,0.7115603082748874,0.09461527343441127
0.1,0,T2ax+SWIax+FLAIRcor,0100101,3,Gliosis,11,1027,2512,0.7305105583586597,0.663536356904372
0.1,0,T2ax+SWIax+FLAIRcor,0100101,3,Cerebral atrophy,12,324,2512,0.8933689936127474,0.5841105279913625
0.1,0,T2ax+SWIax+FLAIRcor,0100101,3,Encephalomalacia,13,84,2512,0.6322811249705813,0.12576851062957783
0.1,0,T2ax+SWIax+FLAIRcor,0100101,3,Arachnoid cyst,14,69,2512,0.6389388195791584,0.04458410611365923
0.1,0,T2ax+SWIax+FLAIRcor,0100101,3,Empty sella syndrome,15,72,2512,0.7037397540983605,0.06406328775474494
0.1,0,T2ax+SWIax+FLAIRcor,0100101,3,Cyst of pineal gland,19,27,2512,0.6276026529547656,0.020238190895452812
0.1,0,T2ax+SWIax+FLAIRcor,0100101,3,Cerebral edema,22,197,2512,0.8439925009044962,0.4341223404748588
0.1,0,T2ax+SWIax+FLAIRcor,0100101,3,Mastoiditis,24,62,2512,0.6578341013824885,0.057689230057899485
0.1,0,T2ax+SWIax+FLAIRcor,0100101,3,Chronic mastoiditis,25,25,2512,0.6874467229593889,0.03968003346357562
0.1,0,T2ax+SWIax+FLAIRcor,0100101,3,Ventriculomegaly,26,304,2512,0.8781285755148741,0.5089307047241934
0.1,0,T2ax+SWIax+FLAIRcor,0100101,3,Cerebellar degeneration,27,94,2512,0.7684300371328512,0.12821893642003915
0.1,0,T2ax+SWIax+FLAIRcor,0100101,3,Mega cisterna magna,28,20,2512,0.6792536115569823,0.01574343771526012
0.1,0,T2ax+SWIax+FLAIRcor,0100101,3,Foraminal Spinal Stenosis,33,25,2512,0.6685162846803376,0.015539741034084825
0.1,0,T2ax+SWIax+T1sag,0100110,3,Cerebral infarction,0,161,2512,0.7686223121653004,0.2167631111894947
0.1,0,T2ax+SWIax+T1sag,0100110,3,Cerebral hemorrhage,1,127,2512,0.8108948645570248,0.25596224028875814
0.1,0,T2ax+SWIax+T1sag,0100110,3,Metastatic malignant neoplasm to brain,2,144,2512,0.7626630536786787,0.17406549466192403
0.1,0,T2ax+SWIax+T1sag,0100110,3,Intracranial meningioma,3,62,2512,0.6514680710994075,0.05551671020773913
0.1,0,T2ax+SWIax+T1sag,0100110,3,Demyelinating disease of central nervous system,4,66,2512,0.7621410342178945,0.07691562029708038
0.1,0,T2ax+SWIax+T1sag,0100110,3,Herniation of nucleus pulposus,5,42,2512,0.7019278966647388,0.04084914486271455
0.1,0,T2ax+SWIax+T1sag,0100110,3,Spinal cord compression,6,23,2512,0.44430275822313836,0.008062337380745153
0.1,0,T2ax+SWIax+T1sag,0100110,3,Lacunar infarct,7,86,2512,0.8262620065568742,0.14294779811071445
0.1,0,T2ax+SWIax+T1sag,0100110,3,Silent micro-hemorrhage of brain,8,77,2512,0.6425078002080055,0.05914382749246087
0.1,0,T2ax+SWIax+T1sag,0100110,3,Gliosis,11,1027,2512,0.7325982971552591,0.668097349363114
0.1,0,T2ax+SWIax+T1sag,0100110,3,Cerebral atrophy,12,324,2512,0.8906803665335047,0.5827732844826311
0.1,0,T2ax+SWIax+T1sag,0100110,3,Encephalomalacia,13,84,2512,0.7147564132737114,0.13521368999479494
0.1,0,T2ax+SWIax+T1sag,0100110,3,Arachnoid cyst,14,69,2512,0.6435779245047962,0.05393861337603968
0.1,0,T2ax+SWIax+T1sag,0100110,3,Empty sella syndrome,15,72,2512,0.6070525956284153,0.0431227987562261
0.1,0,T2ax+SWIax+T1sag,0100110,3,Cyst of pineal gland,19,27,2512,0.6239064013711901,0.05170354374258598
0.1,0,T2ax+SWIax+T1sag,0100110,3,Cerebral edema,22,197,2512,0.8199208428807929,0.4118698642509326
0.1,0,T2ax+SWIax+T1sag,0100110,3,Mastoiditis,24,62,2512,0.6000987491770902,0.054596268075810514
0.1,0,T2ax+SWIax+T1sag,0100110,3,Chronic mastoiditis,25,25,2512,0.6994129473260957,0.02966744923375904
0.1,0,T2ax+SWIax+T1sag,0100110,3,Ventriculomegaly,26,304,2512,0.8916946748665142,0.5509856364965394
0.1,0,T2ax+SWIax+T1sag,0100110,3,Cerebellar degeneration,27,94,2512,0.827420234764092,0.16511356504667307
0.1,0,T2ax+SWIax+T1sag,0100110,3,Mega cisterna magna,28,20,2512,0.6396268057784912,0.015565193155021768
0.1,0,T2ax+SWIax+T1sag,0100110,3,Foraminal Spinal Stenosis,33,25,2512,0.5567511057498995,0.015060733563474512
0.1,0,T2ax+FLAIRsag+FLAIRcor,0101001,3,Cerebral infarction,0,161,2512,0.768957837420841,0.22014006643407147
0.1,0,T2ax+FLAIRsag+FLAIRcor,0101001,3,Cerebral hemorrhage,1,127,2512,0.8051767114016409,0.23735344399775432
0.1,0,T2ax+FLAIRsag+FLAIRcor,0101001,3,Metastatic malignant neoplasm to brain,2,144,2512,0.7725987706456457,0.23047119645755365
0.1,0,T2ax+FLAIRsag+FLAIRcor,0101001,3,Intracranial meningioma,3,62,2512,0.6490585911784068,0.05164029228569417
0.1,0,T2ax+FLAIRsag+FLAIRcor,0101001,3,Demyelinating disease of central nervous system,4,66,2512,0.7253276840357789,0.08730787946919838
0.1,0,T2ax+FLAIRsag+FLAIRcor,0101001,3,Herniation of nucleus pulposus,5,42,2512,0.6800366300366301,0.03224335960623446
0.1,0,T2ax+FLAIRsag+FLAIRcor,0101001,3,Spinal cord compression,6,23,2512,0.43820636889269304,0.007899175654582712
0.1,0,T2ax+FLAIRsag+FLAIRcor,0101001,3,Lacunar infarct,7,86,2512,0.8332167027742096,0.13866760079033325
0.1,0,T2ax+FLAIRsag+FLAIRcor,0101001,3,Silent micro-hemorrhage of brain,8,77,2512,0.6541721112563003,0.0699434754768197
0.1,0,T2ax+FLAIRsag+FLAIRcor,0101001,3,Gliosis,11,1027,2512,0.7380523836220039,0.6706286014493784
0.1,0,T2ax+FLAIRsag+FLAIRcor,0101001,3,Cerebral atrophy,12,324,2512,0.88955046606631,0.6108529364358846
0.1,0,T2ax+FLAIRsag+FLAIRcor,0101001,3,Encephalomalacia,13,84,2512,0.6527908527496666,0.133046261464947
0.1,0,T2ax+FLAIRsag+FLAIRcor,0101001,3,Arachnoid cyst,14,69,2512,0.6450076230816233,0.052154802586138166
0.1,0,T2ax+FLAIRsag+FLAIRcor,0101001,3,Empty sella syndrome,15,72,2512,0.6865607923497268,0.05536169839433701
0.1,0,T2ax+FLAIRsag+FLAIRcor,0101001,3,Cyst of pineal gland,19,27,2512,0.631880169908339,0.019348201580105414
0.1,0,T2ax+FLAIRsag+FLAIRcor,0101001,3,Cerebral edema,22,197,2512,0.8386685816403723,0.45873444361357524
0.1,0,T2ax+FLAIRsag+FLAIRcor,0101001,3,Mastoiditis,24,62,2512,0.6766359447004608,0.050817442751794874
0.1,0,T2ax+FLAIRsag+FLAIRcor,0101001,3,Chronic mastoiditis,25,25,2512,0.7222356252513067,0.04104743974828608
0.1,0,T2ax+FLAIRsag+FLAIRcor,0101001,3,Ventriculomegaly,26,304,2512,0.8698810545385203,0.5178000463467006
0.1,0,T2ax+FLAIRsag+FLAIRcor,0101001,3,Cerebellar degeneration,27,94,2512,0.7633616669306443,0.15025960196405483
0.1,0,T2ax+FLAIRsag+FLAIRcor,0101001,3,Mega cisterna magna,28,20,2512,0.6310393258426966,0.015927195034762
0.1,0,T2ax+FLAIRsag+FLAIRcor,0101001,3,Foraminal Spinal Stenosis,33,25,2512,0.576952151186168,0.018670171275820806
0.1,0,T2ax+FLAIRsag+T1sag,0101010,3,Cerebral infarction,0,161,2512,0.7825822763407141,0.21524583774160952
0.1,0,T2ax+FLAIRsag+T1sag,0101010,3,Cerebral hemorrhage,1,127,2512,0.7860545733670085,0.22613397495100407
0.1,0,T2ax+FLAIRsag+T1sag,0101010,3,Metastatic malignant neoplasm to brain,2,144,2512,0.7368970533033032,0.19119059523365384
0.1,0,T2ax+FLAIRsag+T1sag,0101010,3,Intracranial meningioma,3,62,2512,0.6262080315997367,0.059903242138574966
0.1,0,T2ax+FLAIRsag+T1sag,0101010,3,Demyelinating disease of central nervous system,4,66,2512,0.7579164498624842,0.09218263786761385
0.1,0,T2ax+FLAIRsag+T1sag,0101010,3,Herniation of nucleus pulposus,5,42,2512,0.6859938307306728,0.033439782972505515
0.1,0,T2ax+FLAIRsag+T1sag,0101010,3,Spinal cord compression,6,23,2512,0.4938075357660664,0.009122535773708175
0.1,0,T2ax+FLAIRsag+T1sag,0101010,3,Lacunar infarct,7,86,2512,0.8263386951436952,0.14803645338935023
0.1,0,T2ax+FLAIRsag+T1sag,0101010,3,Silent micro-hemorrhage of brain,8,77,2512,0.5654870796554574,0.047051486209124735
0.1,0,T2ax+FLAIRsag+T1sag,0101010,3,Gliosis,11,1027,2512,0.7389447870460528,0.6627800694439334
0.1,0,T2ax+FLAIRsag+T1sag,0101010,3,Cerebral atrophy,12,324,2512,0.8935763536235809,0.6198062603317458
0.1,0,T2ax+FLAIRsag+T1sag,0101010,3,Encephalomalacia,13,84,2512,0.691648034831725,0.1645377149754835
0.1,0,T2ax+FLAIRsag+T1sag,0101010,3,Arachnoid cyst,14,69,2512,0.6553239957998895,0.04799683146071187
0.1,0,T2ax+FLAIRsag+T1sag,0101010,3,Empty sella syndrome,15,72,2512,0.6323144353369763,0.04313931524834342
0.1,0,T2ax+FLAIRsag+T1sag,0101010,3,Cyst of pineal gland,19,27,2512,0.6248751769878531,0.018220932134325418
0.1,0,T2ax+FLAIRsag+T1sag,0101010,3,Cerebral edema,22,197,2512,0.8313558671651443,0.4502785372519416
0.1,0,T2ax+FLAIRsag+T1sag,0101010,3,Mastoiditis,24,62,2512,0.5901579986833443,0.04216106163370336
0.1,0,T2ax+FLAIRsag+T1sag,0101010,3,Chronic mastoiditis,25,25,2512,0.6886208283071975,0.04242128515658163
0.1,0,T2ax+FLAIRsag+T1sag,0101010,3,Ventriculomegaly,26,304,2512,0.8779855549199086,0.541444559531197
0.1,0,T2ax+FLAIRsag+T1sag,0101010,3,Cerebellar degeneration,27,94,2512,0.8007540960526547,0.1353890424271682
0.1,0,T2ax+FLAIRsag+T1sag,0101010,3,Mega cisterna magna,28,20,2512,0.624137239165329,0.014039647978050442
0.1,0,T2ax+FLAIRsag+T1sag,0101010,3,Foraminal Spinal Stenosis,33,25,2512,0.5674788902291918,0.014063906114964324
0.1,0,T2ax+FLAIRsag+SWIax,0101100,3,Cerebral infarction,0,161,2512,0.8052051327438303,0.2686022423679989
0.1,0,T2ax+FLAIRsag+SWIax,0101100,3,Cerebral hemorrhage,1,127,2512,0.8159527228907707,0.258365274279453
0.1,0,T2ax+FLAIRsag+SWIax,0101100,3,Metastatic malignant neoplasm to brain,2,144,2512,0.7727307385510511,0.18517845267062774
0.1,0,T2ax+FLAIRsag+SWIax,0101100,3,Intracranial meningioma,3,62,2512,0.685009874917709,0.04951332031461258
0.1,0,T2ax+FLAIRsag+SWIax,0101100,3,Demyelinating disease of central nervous system,4,66,2512,0.717274957258604,0.06680968948521099
0.1,0,T2ax+FLAIRsag+SWIax,0101100,3,Herniation of nucleus pulposus,5,42,2512,0.7448428764218238,0.04222576827861422
0.1,0,T2ax+FLAIRsag+SWIax,0101100,3,Spinal cord compression,6,23,2512,0.35074327038971476,0.006742192673474213
0.1,0,T2ax+FLAIRsag+SWIax,0101100,3,Lacunar infarct,7,86,2512,0.8520101995820473,0.16357991666438257
0.1,0,T2ax+FLAIRsag+SWIax,0101100,3,Silent micro-hemorrhage of brain,8,77,2512,0.6539214379050107,0.07980791584381386
0.1,0,T2ax+FLAIRsag+SWIax,0101100,3,Gliosis,11,1027,2512,0.7421878637068511,0.6644100813697502
0.1,0,T2ax+FLAIRsag+SWIax,0101100,3,Cerebral atrophy,12,324,2512,0.8925367323447762,0.6195490693200615
0.1,0,T2ax+FLAIRsag+SWIax,0101100,3,Encephalomalacia,13,84,2512,0.6821163803247823,0.16906810566031225
0.1,0,T2ax+FLAIRsag+SWIax,0101100,3,Arachnoid cyst,14,69,2512,0.6543214270883387,0.04674112412170413
0.1,0,T2ax+FLAIRsag+SWIax,0101100,3,Empty sella syndrome,15,72,2512,0.6472905282331513,0.0562265733154582
0.1,0,T2ax+FLAIRsag+SWIax,0101100,3,Cyst of pineal gland,19,27,2512,0.6533422758774872,0.03571286793197894
0.1,0,T2ax+FLAIRsag+SWIax,0101100,3,Cerebral edema,22,197,2512,0.8291697273355186,0.43391774329423055
0.1,0,T2ax+FLAIRsag+SWIax,0101100,3,Mastoiditis,24,62,2512,0.6874851876234365,0.07846459209546296
0.1,0,T2ax+FLAIRsag+SWIax,0101100,3,Chronic mastoiditis,25,25,2512,0.7017772416566145,0.03934291779382591
0.1,0,T2ax+FLAIRsag+SWIax,0101100,3,Ventriculomegaly,26,304,2512,0.8851052989130433,0.5497100475069875
0.1,0,T2ax+FLAIRsag+SWIax,0101100,3,Cerebellar degeneration,27,94,2512,0.7733664185277088,0.15692334902009725
0.1,0,T2ax+FLAIRsag+SWIax,0101100,3,Mega cisterna magna,28,20,2512,0.6890650080256822,0.06649793250541944
0.1,0,T2ax+FLAIRsag+SWIax,0101100,3,Foraminal Spinal Stenosis,33,25,2512,0.5663208685162847,0.01399465728516559
0.1,0,T2ax+FLAIRax+FLAIRcor,0110001,3,Cerebral infarction,0,161,2512,0.7689102826602132,0.25555573221294825
0.1,0,T2ax+FLAIRax+FLAIRcor,0110001,3,Cerebral hemorrhage,1,127,2512,0.8170620181911223,0.28318793470967524
0.1,0,T2ax+FLAIRax+FLAIRcor,0110001,3,Metastatic malignant neoplasm to brain,2,144,2512,0.7762322869744744,0.22027441089206629
0.1,0,T2ax+FLAIRax+FLAIRcor,0110001,3,Intracranial meningioma,3,62,2512,0.6291310072416063,0.046435834646994134
0.1,0,T2ax+FLAIRax+FLAIRcor,0110001,3,Demyelinating disease of central nervous system,4,66,2512,0.7663718129785179,0.1101107992490371
0.1,0,T2ax+FLAIRax+FLAIRcor,0110001,3,Herniation of nucleus pulposus,5,42,2512,0.7172739541160594,0.042687767190575085
0.1,0,T2ax+FLAIRax+FLAIRcor,0110001,3,Spinal cord compression,6,23,2512,0.5688333013083655,0.01122062011162071
0.1,0,T2ax+FLAIRax+FLAIRcor,0110001,3,Lacunar infarct,7,86,2512,0.8444515807434958,0.16383194326489825
0.1,0,T2ax+FLAIRax+FLAIRcor,0110001,3,Silent micro-hemorrhage of brain,8,77,2512,0.6790101069361849,0.07572864771045407
0.1,0,T2ax+FLAIRax+FLAIRcor,0110001,3,Gliosis,11,1027,2512,0.7331471154255965,0.6698837110350095
0.1,0,T2ax+FLAIRax+FLAIRcor,0110001,3,Cerebral atrophy,12,324,2512,0.897057744825874,0.6339142829692144
0.1,0,T2ax+FLAIRax+FLAIRcor,0110001,3,Encephalomalacia,13,84,2512,0.660880991605868,0.1289388947929186
0.1,0,T2ax+FLAIRax+FLAIRcor,0110001,3,Arachnoid cyst,14,69,2512,0.6523637485391565,0.062292322636018596
0.1,0,T2ax+FLAIRax+FLAIRcor,0110001,3,Empty sella syndrome,15,72,2512,0.7070981329690346,0.06344194750869342
0.1,0,T2ax+FLAIRax+FLAIRcor,0110001,3,Cyst of pineal gland,19,27,2512,0.6444444444444445,0.016141782541889062
0.1,0,T2ax+FLAIRax+FLAIRcor,0110001,3,Cerebral edema,22,197,2512,0.8344804902917411,0.4705574904588748
0.1,0,T2ax+FLAIRax+FLAIRcor,0110001,3,Mastoiditis,24,62,2512,0.6825148123765635,0.05577544414378374
0.1,0,T2ax+FLAIRax+FLAIRcor,0110001,3,Chronic mastoiditis,25,25,2512,0.722010454362686,0.03729282315178087
0.1,0,T2ax+FLAIRax+FLAIRcor,0110001,3,Ventriculomegaly,26,304,2512,0.882594989511823,0.5437993716220507
0.1,0,T2ax+FLAIRax+FLAIRcor,0110001,3,Cerebellar degeneration,27,94,2512,0.7704890625274976,0.1579007850804592
0.1,0,T2ax+FLAIRax+FLAIRcor,0110001,3,Mega cisterna magna,28,20,2512,0.6579052969502407,0.01951124156139226
0.1,0,T2ax+FLAIRax+FLAIRcor,0110001,3,Foraminal Spinal Stenosis,33,25,2512,0.6096180136710897,0.014591937642911411
0.1,0,T2ax+FLAIRax+T1sag,0110010,3,Cerebral infarction,0,161,2512,0.7621892098248134,0.20434728300640612
0.1,0,T2ax+FLAIRax+T1sag,0110010,3,Cerebral hemorrhage,1,127,2512,0.7899338054441307,0.25553930514422557
0.1,0,T2ax+FLAIRax+T1sag,0110010,3,Metastatic malignant neoplasm to brain,2,144,2512,0.7756545608108109,0.19885101502070884
0.1,0,T2ax+FLAIRax+T1sag,0110010,3,Intracranial meningioma,3,62,2512,0.6585516787360106,0.04247494546000951
0.1,0,T2ax+FLAIRax+T1sag,0110010,3,Demyelinating disease of central nervous system,4,66,2512,0.7695929036893878,0.1214739343462541
0.1,0,T2ax+FLAIRax+T1sag,0110010,3,Herniation of nucleus pulposus,5,42,2512,0.7271640640061693,0.04068845753334164
0.1,0,T2ax+FLAIRax+T1sag,0110010,3,Spinal cord compression,6,23,2512,0.5547364927419777,0.010831297638307123
0.1,0,T2ax+FLAIRax+T1sag,0110010,3,Lacunar infarct,7,86,2512,0.8303792250618302,0.15442942443053584
0.1,0,T2ax+FLAIRax+T1sag,0110010,3,Silent micro-hemorrhage of brain,8,77,2512,0.6011146963919037,0.05540450196391442
0.1,0,T2ax+FLAIRax+T1sag,0110010,3,Gliosis,11,1027,2512,0.7300423908018845,0.6572604697882909
0.1,0,T2ax+FLAIRax+T1sag,0110010,3,Cerebral atrophy,12,324,2512,0.8906563861240888,0.6229164495861987
0.1,0,T2ax+FLAIRax+T1sag,0110010,3,Encephalomalacia,13,84,2512,0.6566054757982271,0.12171539821262153
0.1,0,T2ax+FLAIRax+T1sag,0110010,3,Arachnoid cyst,14,69,2512,0.6601232744250061,0.05476242414202115
0.1,0,T2ax+FLAIRax+T1sag,0110010,3,Empty sella syndrome,15,72,2512,0.6267190346083789,0.04380024929318545
0.1,0,T2ax+FLAIRax+T1sag,0110010,3,Cyst of pineal gland,19,27,2512,0.6309412027721887,0.01847229752223718
0.1,0,T2ax+FLAIRax+T1sag,0110010,3,Cerebral edema,22,197,2512,0.8299634912455736,0.4764792399941542
0.1,0,T2ax+FLAIRax+T1sag,0110010,3,Mastoiditis,24,62,2512,0.6017379855167874,0.06469357724587742
0.1,0,T2ax+FLAIRax+T1sag,0110010,3,Chronic mastoiditis,25,25,2512,0.7644551668677121,0.0409952378951553
0.1,0,T2ax+FLAIRax+T1sag,0110010,3,Ventriculomegaly,26,304,2512,0.8920864917048056,0.5433413362397544
0.1,0,T2ax+FLAIRax+T1sag,0110010,3,Cerebellar degeneration,27,94,2512,0.8313007057001567,0.16245121107999266
0.1,0,T2ax+FLAIRax+T1sag,0110010,3,Mega cisterna magna,28,20,2512,0.6672953451043339,0.014662822105374798
0.1,0,T2ax+FLAIRax+T1sag,0110010,3,Foraminal Spinal Stenosis,33,25,2512,0.5342340168878167,0.010631008565452914
0.1,0,T2ax+FLAIRax+SWIax,0110100,3,Cerebral infarction,0,161,2512,0.8101534697802705,0.2707645585087996
0.1,0,T2ax+FLAIRax+SWIax,0110100,3,Cerebral hemorrhage,1,127,2512,0.8206507205467242,0.28665485921563455
0.1,0,T2ax+FLAIRax+SWIax,0110100,3,Metastatic malignant neoplasm to brain,2,144,2512,0.7833086993243242,0.2026199028612162
0.1,0,T2ax+FLAIRax+SWIax,0110100,3,Intracranial meningioma,3,62,2512,0.6689664252797892,0.04967875436707287
0.1,0,T2ax+FLAIRax+SWIax,0110100,3,Demyelinating disease of central nervous system,4,66,2512,0.7699955400282464,0.0801645137037428
0.1,0,T2ax+FLAIRax+SWIax,0110100,3,Herniation of nucleus pulposus,5,42,2512,0.7473780605359552,0.06274520526175338
0.1,0,T2ax+FLAIRax+SWIax,0110100,3,Spinal cord compression,6,23,2512,0.45799779901130194,0.008389966501438997
0.1,0,T2ax+FLAIRax+SWIax,0110100,3,Lacunar infarct,7,86,2512,0.8593723039168695,0.1821209389777307
0.1,0,T2ax+FLAIRax+SWIax,0110100,3,Silent micro-hemorrhage of brain,8,77,2512,0.672855276140697,0.09653893376553718
0.1,0,T2ax+FLAIRax+SWIax,0110100,3,Gliosis,11,1027,2512,0.7320730839718181,0.6555122073716746
0.1,0,T2ax+FLAIRax+SWIax,0110100,3,Cerebral atrophy,12,324,2512,0.8982468910104497,0.6088540376220924
0.1,0,T2ax+FLAIRax+SWIax,0110100,3,Encephalomalacia,13,84,2512,0.6281919275123559,0.13002453964865895
0.1,0,T2ax+FLAIRax+SWIax,0110100,3,Arachnoid cyst,14,69,2512,0.6413414250713365,0.05335929593040682
0.1,0,T2ax+FLAIRax+SWIax,0110100,3,Empty sella syndrome,15,72,2512,0.6843579234972678,0.05446807644213797
0.1,0,T2ax+FLAIRax+SWIax,0110100,3,Cyst of pineal gland,19,27,2512,0.6368134734331917,0.033518084659219766
0.1,0,T2ax+FLAIRax+SWIax,0110100,3,Cerebral edema,22,197,2512,0.8204054335551632,0.43797490589172433
0.1,0,T2ax+FLAIRax+SWIax,0110100,3,Mastoiditis,24,62,2512,0.6783475971033575,0.1154995000656959
0.1,0,T2ax+FLAIRax+SWIax,0110100,3,Chronic mastoiditis,25,25,2512,0.7366143948532369,0.046204411940410424
0.1,0,T2ax+FLAIRax+SWIax,0110100,3,Ventriculomegaly,26,304,2512,0.8805986603737606,0.5349056834897958
0.1,0,T2ax+FLAIRax+SWIax,0110100,3,Cerebellar degeneration,27,94,2512,0.7725876845643489,0.15677504438742498
0.1,0,T2ax+FLAIRax+SWIax,0110100,3,Mega cisterna magna,28,20,2512,0.7490168539325843,0.03463767211173183
0.1,0,T2ax+FLAIRax+SWIax,0110100,3,Foraminal Spinal Stenosis,33,25,2512,0.5465540812223563,0.01141068171305867
0.1,0,T2ax+FLAIRax+FLAIRsag,0111000,3,Cerebral infarction,0,161,2512,0.7874249361313146,0.235124182533515
0.1,0,T2ax+FLAIRax+FLAIRsag,0111000,3,Cerebral hemorrhage,1,127,2512,0.8071774047112037,0.2435811721563793
0.1,0,T2ax+FLAIRax+FLAIRsag,0111000,3,Metastatic malignant neoplasm to brain,2,144,2512,0.7856254692192192,0.23249355208715464
0.1,0,T2ax+FLAIRax+FLAIRsag,0111000,3,Intracranial meningioma,3,62,2512,0.674456879526004,0.0665801455761495
0.1,0,T2ax+FLAIRax+FLAIRsag,0111000,3,Demyelinating disease of central nervous system,4,66,2512,0.7130441784979807,0.08819982379605429
0.1,0,T2ax+FLAIRax+FLAIRsag,0111000,3,Herniation of nucleus pulposus,5,42,2512,0.7485155195681511,0.04868911277173062
0.1,0,T2ax+FLAIRax+FLAIRsag,0111000,3,Spinal cord compression,6,23,2512,0.5349275944590983,0.009583056026228807
0.1,0,T2ax+FLAIRax+FLAIRsag,0111000,3,Lacunar infarct,7,86,2512,0.8322053720355068,0.14624847665632823
0.1,0,T2ax+FLAIRax+FLAIRsag,0111000,3,Silent micro-hemorrhage of brain,8,77,2512,0.641611776314035,0.0763508410658455
0.1,0,T2ax+FLAIRax+FLAIRsag,0111000,3,Gliosis,11,1027,2512,0.7397067067953144,0.6654912699658085
0.1,0,T2ax+FLAIRax+FLAIRsag,0111000,3,Cerebral atrophy,12,324,2512,0.9020343850858781,0.6512834039719313
0.1,0,T2ax+FLAIRax+FLAIRsag,0111000,3,Encephalomalacia,13,84,2512,0.6596159880756256,0.1324393876450344
0.1,0,T2ax+FLAIRax+FLAIRsag,0111000,3,Arachnoid cyst,14,69,2512,0.6620750206149483,0.0588051024125902
0.1,0,T2ax+FLAIRax+FLAIRsag,0111000,3,Empty sella syndrome,15,72,2512,0.6771630236794172,0.0505738885342102
0.1,0,T2ax+FLAIRax+FLAIRsag,0111000,3,Cyst of pineal gland,19,27,2512,0.6467396974439228,0.016541612618510233
0.1,0,T2ax+FLAIRax+FLAIRsag,0111000,3,Cerebral edema,22,197,2512,0.8199932025742509,0.4614475199062573
0.1,0,T2ax+FLAIRax+FLAIRsag,0111000,3,Mastoiditis,24,62,2512,0.6662672811059908,0.07264378177392714
0.1,0,T2ax+FLAIRax+FLAIRsag,0111000,3,Chronic mastoiditis,25,25,2512,0.7615440289505429,0.06106667126816642
0.1,0,T2ax+FLAIRax+FLAIRsag,0111000,3,Ventriculomegaly,26,304,2512,0.8798463124523264,0.5409100975211178
0.1,0,T2ax+FLAIRax+FLAIRsag,0111000,3,Cerebellar degeneration,27,94,2512,0.7966888407863012,0.17095204702501696
0.1,0,T2ax+FLAIRax+FLAIRsag,0111000,3,Mega cisterna magna,28,20,2512,0.6648475120385233,0.016996111110272685
0.1,0,T2ax+FLAIRax+FLAIRsag,0111000,3,Foraminal Spinal Stenosis,33,25,2512,0.518584640128669,0.010786690633599993
0.1,0,T1ax+T1sag+FLAIRcor,1000011,3,Cerebral infarction,0,161,2512,0.7442055845140564,0.17789026212723977
0.1,0,T1ax+T1sag+FLAIRcor,1000011,3,Cerebral hemorrhage,1,127,2512,0.7791809042737582,0.25657332122077214
0.1,0,T1ax+T1sag+FLAIRcor,1000011,3,Metastatic malignant neoplasm to brain,2,144,2512,0.7445160003753755,0.18414345980791563
0.1,0,T1ax+T1sag+FLAIRcor,1000011,3,Intracranial meningioma,3,62,2512,0.6799934167215274,0.04364227294427988
0.1,0,T1ax+T1sag+FLAIRcor,1000011,3,Demyelinating disease of central nervous system,4,66,2512,0.7706769246016998,0.10956849830187065
0.1,0,T1ax+T1sag+FLAIRcor,1000011,3,Herniation of nucleus pulposus,5,42,2512,0.6682957393483709,0.03125094721794432
0.1,0,T1ax+T1sag+FLAIRcor,1000011,3,Spinal cord compression,6,23,2512,0.6096039967159851,0.013558268884776728
0.1,0,T1ax+T1sag+FLAIRcor,1000011,3,Lacunar infarct,7,86,2512,0.8121321344350927,0.134154029793461
0.1,0,T1ax+T1sag+FLAIRcor,1000011,3,Silent micro-hemorrhage of brain,8,77,2512,0.6467692471799248,0.05447683615238382
0.1,0,T1ax+T1sag+FLAIRcor,1000011,3,Gliosis,11,1027,2512,0.7300686186762136,0.6491453825090536
0.1,0,T1ax+T1sag+FLAIRcor,1000011,3,Cerebral atrophy,12,324,2512,0.8852551515561875,0.6015894419946798
0.1,0,T1ax+T1sag+FLAIRcor,1000011,3,Encephalomalacia,13,84,2512,0.6905644465364399,0.12812413068830228
0.1,0,T1ax+T1sag+FLAIRcor,1000011,3,Arachnoid cyst,14,69,2512,0.6825416599927624,0.0736977317047176
0.1,0,T1ax+T1sag+FLAIRcor,1000011,3,Empty sella syndrome,15,72,2512,0.6818419854280511,0.04850338498480648
0.1,0,T1ax+T1sag+FLAIRcor,1000011,3,Cyst of pineal gland,19,27,2512,0.6547879871823534,0.026637391469507315
0.1,0,T1ax+T1sag+FLAIRcor,1000011,3,Cerebral edema,22,197,2512,0.8388176864632556,0.44582427939039804
0.1,0,T1ax+T1sag+FLAIRcor,1000011,3,Mastoiditis,24,62,2512,0.5758722843976299,0.048720684078517706
0.1,0,T1ax+T1sag+FLAIRcor,1000011,3,Chronic mastoiditis,25,25,2512,0.6436509851226377,0.019830085191748413
0.1,0,T1ax+T1sag+FLAIRcor,1000011,3,Ventriculomegaly,26,304,2512,0.8814701921243325,0.5264872071974198
0.1,0,T1ax+T1sag+FLAIRcor,1000011,3,Cerebellar degeneration,27,94,2512,0.7951533709941397,0.1352898079935461
0.1,0,T1ax+T1sag+FLAIRcor,1000011,3,Mega cisterna magna,28,20,2512,0.5735152487961477,0.009612441201187684
0.1,0,T1ax+T1sag+FLAIRcor,1000011,3,Foraminal Spinal Stenosis,33,25,2512,0.6667310012062726,0.018988346148159887
0.1,0,T1ax+SWIax+FLAIRcor,1000101,3,Cerebral infarction,0,161,2512,0.7725587895728262,0.2235554672326755
0.1,0,T1ax+SWIax+FLAIRcor,1000101,3,Cerebral hemorrhage,1,127,2512,0.8137638455570413,0.30922152355176263
0.1,0,T1ax+SWIax+FLAIRcor,1000101,3,Metastatic malignant neoplasm to brain,2,144,2512,0.7548740146396397,0.18823175862163885
0.1,0,T1ax+SWIax+FLAIRcor,1000101,3,Intracranial meningioma,3,62,2512,0.7075839368005267,0.052458462500100174
0.1,0,T1ax+SWIax+FLAIRcor,1000101,3,Demyelinating disease of central nervous system,4,66,2512,0.7534812557298247,0.07861526243900185
0.1,0,T1ax+SWIax+FLAIRcor,1000101,3,Herniation of nucleus pulposus,5,42,2512,0.651889338731444,0.028579626797316203
0.1,0,T1ax+SWIax+FLAIRcor,1000101,3,Spinal cord compression,6,23,2512,0.4923402099673345,0.009550070045531135
0.1,0,T1ax+SWIax+FLAIRcor,1000101,3,Lacunar infarct,7,86,2512,0.8261421806399664,0.14831294807735754
0.1,0,T1ax+SWIax+FLAIRcor,1000101,3,Silent micro-hemorrhage of brain,8,77,2512,0.7189258380223472,0.08835067197343487
0.1,0,T1ax+SWIax+FLAIRcor,1000101,3,Gliosis,11,1027,2512,0.7355633583481686,0.6561623632767632
0.1,0,T1ax+SWIax+FLAIRcor,1000101,3,Cerebral atrophy,12,324,2512,0.9008226691042047,0.621282425031258
0.1,0,T1ax+SWIax+FLAIRcor,1000101,3,Encephalomalacia,13,84,2512,0.7018170942182473,0.13078785784283178
0.1,0,T1ax+SWIax+FLAIRcor,1000101,3,Arachnoid cyst,14,69,2512,0.6639318490570514,0.057770850966512785
0.1,0,T1ax+SWIax+FLAIRcor,1000101,3,Empty sella syndrome,15,72,2512,0.7195298269581056,0.06589370233558531
0.1,0,T1ax+SWIax+FLAIRcor,1000101,3,Cyst of pineal gland,19,27,2512,0.6716446829122886,0.0358046927015769
0.1,0,T1ax+SWIax+FLAIRcor,1000101,3,Cerebral edema,22,197,2512,0.8328798061637304,0.42763652538098634
0.1,0,T1ax+SWIax+FLAIRcor,1000101,3,Mastoiditis,24,62,2512,0.5929295589203423,0.047838595504906614
0.1,0,T1ax+SWIax+FLAIRcor,1000101,3,Chronic mastoiditis,25,25,2512,0.7133574587856856,0.025558169748001073
0.1,0,T1ax+SWIax+FLAIRcor,1000101,3,Ventriculomegaly,26,304,2512,0.878101759153318,0.49960444591310094
0.1,0,T1ax+SWIax+FLAIRcor,1000101,3,Cerebellar degeneration,27,94,2512,0.7547647959453038,0.11588794737925975
0.1,0,T1ax+SWIax+FLAIRcor,1000101,3,Mega cisterna magna,28,20,2512,0.5759831460674157,0.0103526568224987
0.1,0,T1ax+SWIax+FLAIRcor,1000101,3,Foraminal Spinal Stenosis,33,25,2512,0.7055729794933654,0.017623328563621633
0.1,0,T1ax+SWIax+T1sag,1000110,3,Cerebral infarction,0,161,2512,0.7119700616362536,0.1731235664635855
0.1,0,T1ax+SWIax+T1sag,1000110,3,Cerebral hemorrhage,1,127,2512,0.7950015682002013,0.285168165724701
0.1,0,T1ax+SWIax+T1sag,1000110,3,Metastatic malignant neoplasm to brain,2,144,2512,0.7468855574324323,0.17844830763888672
0.1,0,T1ax+SWIax+T1sag,1000110,3,Intracranial meningioma,3,62,2512,0.6534957208689928,0.04417499161106204
0.1,0,T1ax+SWIax+T1sag,1000110,3,Demyelinating disease of central nervous system,4,66,2512,0.7091602864292972,0.07356355371946521
0.1,0,T1ax+SWIax+T1sag,1000110,3,Herniation of nucleus pulposus,5,42,2512,0.6892230576441103,0.04092014265963175
0.1,0,T1ax+SWIax+T1sag,1000110,3,Spinal cord compression,6,23,2512,0.5294949953709365,0.012012198399877784
0.1,0,T1ax+SWIax+T1sag,1000110,3,Lacunar infarct,7,86,2512,0.7921068272014417,0.13444533915543969
0.1,0,T1ax+SWIax+T1sag,1000110,3,Silent micro-hemorrhage of brain,8,77,2512,0.6791594442518468,0.06281213624801638
0.1,0,T1ax+SWIax+T1sag,1000110,3,Gliosis,11,1027,2512,0.7296489726869473,0.6485832959947817
0.1,0,T1ax+SWIax+T1sag,1000110,3,Cerebral atrophy,12,324,2512,0.8820671677161622,0.571477783734426
0.1,0,T1ax+SWIax+T1sag,1000110,3,Encephalomalacia,13,84,2512,0.7182278183101906,0.11932321400444089
0.1,0,T1ax+SWIax+T1sag,1000110,3,Arachnoid cyst,14,69,2512,0.6912444309977636,0.06589099537569414
0.1,0,T1ax+SWIax+T1sag,1000110,3,Empty sella syndrome,15,72,2512,0.5931238615664844,0.03694120775476663
0.1,0,T1ax+SWIax+T1sag,1000110,3,Cyst of pineal gland,19,27,2512,0.6618824055443774,0.02563822893557971
0.1,0,T1ax+SWIax+T1sag,1000110,3,Cerebral edema,22,197,2512,0.8248741928056923,0.4124584070038302
0.1,0,T1ax+SWIax+T1sag,1000110,3,Mastoiditis,24,62,2512,0.5633179723502305,0.05019526226422827
0.1,0,T1ax+SWIax+T1sag,1000110,3,Chronic mastoiditis,25,25,2512,0.6774427020506634,0.020434140240106632
0.1,0,T1ax+SWIax+T1sag,1000110,3,Ventriculomegaly,26,304,2512,0.8885571605644547,0.5380563342946817
0.1,0,T1ax+SWIax+T1sag,1000110,3,Cerebellar degeneration,27,94,2512,0.7938818788166764,0.15700230021151415
0.1,0,T1ax+SWIax+T1sag,1000110,3,Mega cisterna magna,28,20,2512,0.6432584269662921,0.016732376151752156
0.1,0,T1ax+SWIax+T1sag,1000110,3,Foraminal Spinal Stenosis,33,25,2512,0.5749416968234822,0.012143784312308798
0.1,0,T1ax+FLAIRsag+FLAIRcor,1001001,3,Cerebral infarction,0,161,2512,0.7405359421522757,0.1897079002804047
0.1,0,T1ax+FLAIRsag+FLAIRcor,1001001,3,Cerebral hemorrhage,1,127,2512,0.7745423331517522,0.23062565648334601
0.1,0,T1ax+FLAIRsag+FLAIRcor,1001001,3,Metastatic malignant neoplasm to brain,2,144,2512,0.7594430367867868,0.21284801348888088
0.1,0,T1ax+FLAIRsag+FLAIRcor,1001001,3,Intracranial meningioma,3,62,2512,0.7162146148782094,0.05518901091575329
0.1,0,T1ax+FLAIRsag+FLAIRcor,1001001,3,Demyelinating disease of central nervous system,4,66,2512,0.7365705294977577,0.07781230710571704
0.1,0,T1ax+FLAIRsag+FLAIRcor,1001001,3,Herniation of nucleus pulposus,5,42,2512,0.6581260844418739,0.03036318861731735
0.1,0,T1ax+FLAIRsag+FLAIRcor,1001001,3,Spinal cord compression,6,23,2512,0.5016332733593027,0.009958904765234575
0.1,0,T1ax+FLAIRsag+FLAIRcor,1001001,3,Lacunar infarct,7,86,2512,0.7956057439751528,0.13292972344081833
0.1,0,T1ax+FLAIRsag+FLAIRcor,1001001,3,Silent micro-hemorrhage of brain,8,77,2512,0.6423957972212593,0.09244963755688378
0.1,0,T1ax+FLAIRsag+FLAIRcor,1001001,3,Gliosis,11,1027,2512,0.7293316154075647,0.6462623152387676
0.1,0,T1ax+FLAIRsag+FLAIRcor,1001001,3,Cerebral atrophy,12,324,2512,0.8982271424379895,0.6297004460361656
0.1,0,T1ax+FLAIRsag+FLAIRcor,1001001,3,Encephalomalacia,13,84,2512,0.7379530477759473,0.15695145645646946
0.1,0,T1ax+FLAIRsag+FLAIRcor,1001001,3,Arachnoid cyst,14,69,2512,0.697906470424223,0.0748372055687379
0.1,0,T1ax+FLAIRsag+FLAIRcor,1001001,3,Empty sella syndrome,15,72,2512,0.7093920765027322,0.061176487753851774
0.1,0,T1ax+FLAIRsag+FLAIRcor,1001001,3,Cyst of pineal gland,19,27,2512,0.6339667635442283,0.03637390860448254
0.1,0,T1ax+FLAIRsag+FLAIRcor,1001001,3,Cerebral edema,22,197,2512,0.8351207639429455,0.46967072405340016
0.1,0,T1ax+FLAIRsag+FLAIRcor,1001001,3,Mastoiditis,24,62,2512,0.6078604344963792,0.058602198554226395
0.1,0,T1ax+FLAIRsag+FLAIRcor,1001001,3,Chronic mastoiditis,25,25,2512,0.7291515882589465,0.04063588085186797
0.1,0,T1ax+FLAIRsag+FLAIRcor,1001001,3,Ventriculomegaly,26,304,2512,0.8748078160755148,0.4967926045123804
0.1,0,T1ax+FLAIRsag+FLAIRcor,1001001,3,Cerebellar degeneration,27,94,2512,0.7737843830843143,0.14406606365369692
0.1,0,T1ax+FLAIRsag+FLAIRcor,1001001,3,Mega cisterna magna,28,20,2512,0.5752207062600321,0.010672446657671801
0.1,0,T1ax+FLAIRsag+FLAIRcor,1001001,3,Foraminal Spinal Stenosis,33,25,2512,0.6719742661841576,0.020098622159695937
0.1,0,T1ax+FLAIRsag+T1sag,1001010,3,Cerebral infarction,0,161,2512,0.7364039618399465,0.1764054752718632
0.1,0,T1ax+FLAIRsag+T1sag,1001010,3,Cerebral hemorrhage,1,127,2512,0.768956238960696,0.22385030515190435
0.1,0,T1ax+FLAIRsag+T1sag,1001010,3,Metastatic malignant neoplasm to brain,2,144,2512,0.7359410191441441,0.1720313380488413
0.1,0,T1ax+FLAIRsag+T1sag,1001010,3,Intracranial meningioma,3,62,2512,0.6692495062541145,0.043402515654383675
0.1,0,T1ax+FLAIRsag+T1sag,1001010,3,Demyelinating disease of central nervous system,4,66,2512,0.742820684357888,0.11044493869567477
0.1,0,T1ax+FLAIRsag+T1sag,1001010,3,Herniation of nucleus pulposus,5,42,2512,0.6478407557354926,0.034085030236237365
0.1,0,T1ax+FLAIRsag+T1sag,1001010,3,Spinal cord compression,6,23,2512,0.5852009712299334,0.011143430044780814
0.1,0,T1ax+FLAIRsag+T1sag,1001010,3,Lacunar infarct,7,86,2512,0.8042092448091414,0.15142258922202487
0.1,0,T1ax+FLAIRsag+T1sag,1001010,3,Silent micro-hemorrhage of brain,8,77,2512,0.5999946665244406,0.05114043820930338
0.1,0,T1ax+FLAIRsag+T1sag,1001010,3,Gliosis,11,1027,2512,0.7307820168579662,0.64654815470407
0.1,0,T1ax+FLAIRsag+T1sag,1001010,3,Cerebral atrophy,12,324,2512,0.8883937639650621,0.6119894119189385
0.1,0,T1ax+FLAIRsag+T1sag,1001010,3,Encephalomalacia,13,84,2512,0.7128294892915981,0.14575135554956084
0.1,0,T1ax+FLAIRsag+T1sag,1001010,3,Arachnoid cyst,14,69,2512,0.6936826306453814,0.07052912712537487
0.1,0,T1ax+FLAIRsag+T1sag,1001010,3,Empty sella syndrome,15,72,2512,0.6348531420765028,0.04013880406459648
0.1,0,T1ax+FLAIRsag+T1sag,1001010,3,Cyst of pineal gland,19,27,2512,0.6452790818988001,0.019770455868068776
0.1,0,T1ax+FLAIRsag+T1sag,1001010,3,Cerebral edema,22,197,2512,0.8391750994945786,0.4393145545246012
0.1,0,T1ax+FLAIRsag+T1sag,1001010,3,Mastoiditis,24,62,2512,0.5933903884134298,0.051981942315078807
0.1,0,T1ax+FLAIRsag+T1sag,1001010,3,Chronic mastoiditis,25,25,2512,0.659815038198633,0.032894539544881425
0.1,0,T1ax+FLAIRsag+T1sag,1001010,3,Ventriculomegaly,26,304,2512,0.8819424580472922,0.5296420430874396
0.1,0,T1ax+FLAIRsag+T1sag,1001010,3,Cerebellar degeneration,27,94,2512,0.8035918554106612,0.13743193953234675
0.1,0,T1ax+FLAIRsag+T1sag,1001010,3,Mega cisterna magna,28,20,2512,0.6230337078651685,0.011744208112120133
0.1,0,T1ax+FLAIRsag+T1sag,1001010,3,Foraminal Spinal Stenosis,33,25,2512,0.6337273823884197,0.01467781330408624
0.1,0,T1ax+FLAIRsag+SWIax,1001100,3,Cerebral infarction,0,161,2512,0.7502688164941046,0.2106036804016747
0.1,0,T1ax+FLAIRsag+SWIax,1001100,3,Cerebral hemorrhage,1,127,2512,0.8034401360207332,0.26349758060028483
0.1,0,T1ax+FLAIRsag+SWIax,1001100,3,Metastatic malignant neoplasm to brain,2,144,2512,0.7713230808933933,0.20707439364690994
0.1,0,T1ax+FLAIRsag+SWIax,1001100,3,Intracranial meningioma,3,62,2512,0.6680842659644504,0.046015861012553345
0.1,0,T1ax+FLAIRsag+SWIax,1001100,3,Demyelinating disease of central nervous system,4,66,2512,0.6957865655739736,0.06258482545925578
0.1,0,T1ax+FLAIRsag+SWIax,1001100,3,Herniation of nucleus pulposus,5,42,2512,0.6884808174281858,0.03373490702330814
0.1,0,T1ax+FLAIRsag+SWIax,1001100,3,Spinal cord compression,6,23,2512,0.4434293500096075,0.008990851472853778
0.1,0,T1ax+FLAIRsag+SWIax,1001100,3,Lacunar infarct,7,86,2512,0.8028144711363331,0.13286719926157736
0.1,0,T1ax+FLAIRsag+SWIax,1001100,3,Silent micro-hemorrhage of brain,8,77,2512,0.678658097549268,0.07545478988070314
0.1,0,T1ax+FLAIRsag+SWIax,1001100,3,Gliosis,11,1027,2512,0.7300463249830338,0.6466304805350107
0.1,0,T1ax+FLAIRsag+SWIax,1001100,3,Cerebral atrophy,12,324,2512,0.900801509919426,0.6305233413640727
0.1,0,T1ax+FLAIRsag+SWIax,1001100,3,Encephalomalacia,13,84,2512,0.7367763003059544,0.15991337835998654
0.1,0,T1ax+FLAIRsag+SWIax,1001100,3,Arachnoid cyst,14,69,2512,0.6829984516542383,0.056322384060628346
0.1,0,T1ax+FLAIRsag+SWIax,1001100,3,Empty sella syndrome,15,72,2512,0.6290471311475411,0.04510199150258498
0.1,0,T1ax+FLAIRsag+SWIax,1001100,3,Cyst of pineal gland,19,27,2512,0.6526864893062077,0.029029860698771472
0.1,0,T1ax+FLAIRsag+SWIax,1001100,3,Cerebral edema,22,197,2512,0.830224424685619,0.4281688364327469
0.1,0,T1ax+FLAIRsag+SWIax,1001100,3,Mastoiditis,24,62,2512,0.6176563528637261,0.06024212898640506
0.1,0,T1ax+FLAIRsag+SWIax,1001100,3,Chronic mastoiditis,25,25,2512,0.7291998391636509,0.027151301834592204
0.1,0,T1ax+FLAIRsag+SWIax,1001100,3,Ventriculomegaly,26,304,2512,0.8873966080282227,0.5409425924127315
0.1,0,T1ax+FLAIRsag+SWIax,1001100,3,Cerebellar degeneration,27,94,2512,0.7753638491455924,0.13508763947200672
0.1,0,T1ax+FLAIRsag+SWIax,1001100,3,Mega cisterna magna,28,20,2512,0.6231741573033708,0.014664971447758687
0.1,0,T1ax+FLAIRsag+SWIax,1001100,3,Foraminal Spinal Stenosis,33,25,2512,0.6385685564937675,0.014518272376151345
0.1,0,T1ax+FLAIRax+FLAIRcor,1010001,3,Cerebral infarction,0,161,2512,0.7522079939552615,0.2099174287073617
0.1,0,T1ax+FLAIRax+FLAIRcor,1010001,3,Cerebral hemorrhage,1,127,2512,0.8050050347480151,0.29279997646439154
0.1,0,T1ax+FLAIRax+FLAIRcor,1010001,3,Metastatic malignant neoplasm to brain,2,144,2512,0.7832441816816818,0.19936569702491283
0.1,0,T1ax+FLAIRax+FLAIRcor,1010001,3,Intracranial meningioma,3,62,2512,0.7079328505595788,0.07120893591520407
0.1,0,T1ax+FLAIRax+FLAIRcor,1010001,3,Demyelinating disease of central nervous system,4,66,2512,0.7864045194380436,0.10062800303216181
0.1,0,T1ax+FLAIRax+FLAIRcor,1010001,3,Herniation of nucleus pulposus,5,42,2512,0.6866107576633892,0.03259500752427298
0.1,0,T1ax+FLAIRax+FLAIRcor,1010001,3,Spinal cord compression,6,23,2512,0.6081017345887121,0.0137320761859347
0.1,0,T1ax+FLAIRax+FLAIRcor,1010001,3,Lacunar infarct,7,86,2512,0.8138720067485956,0.1627158711443932
0.1,0,T1ax+FLAIRax+FLAIRcor,1010001,3,Silent micro-hemorrhage of brain,8,77,2512,0.7012400330675485,0.08930089442094927
0.1,0,T1ax+FLAIRax+FLAIRcor,1010001,3,Gliosis,11,1027,2512,0.7267127621558,0.6473608372333383
0.1,0,T1ax+FLAIRax+FLAIRcor,1010001,3,Cerebral atrophy,12,324,2512,0.9013431850497663,0.6527826483759306
0.1,0,T1ax+FLAIRax+FLAIRcor,1010001,3,Encephalomalacia,13,84,2512,0.6906821212834394,0.1511060520943815
0.1,0,T1ax+FLAIRax+FLAIRcor,1010001,3,Arachnoid cyst,14,69,2512,0.692496158797392,0.07194462728732937
0.1,0,T1ax+FLAIRax+FLAIRcor,1010001,3,Empty sella syndrome,15,72,2512,0.7279826958105646,0.08745609285802132
0.1,0,T1ax+FLAIRax+FLAIRcor,1010001,3,Cyst of pineal gland,19,27,2512,0.6207914151576124,0.01775469057146889
0.1,0,T1ax+FLAIRax+FLAIRcor,1010001,3,Cerebral edema,22,197,2512,0.8460141868853538,0.4824458227400552
0.1,0,T1ax+FLAIRax+FLAIRcor,1010001,3,Mastoiditis,24,62,2512,0.6082685977616853,0.058965407297602766
0.1,0,T1ax+FLAIRax+FLAIRcor,1010001,3,Chronic mastoiditis,25,25,2512,0.7284599919581826,0.037046681268197726
0.1,0,T1ax+FLAIRax+FLAIRcor,1010001,3,Ventriculomegaly,26,304,2512,0.8841607670671243,0.5377525176573694
0.1,0,T1ax+FLAIRax+FLAIRcor,1010001,3,Cerebellar degeneration,27,94,2512,0.7620373792302412,0.1443438416725286
0.1,0,T1ax+FLAIRax+FLAIRcor,1010001,3,Mega cisterna magna,28,20,2512,0.6181581059390048,0.013300690214912734
0.1,0,T1ax+FLAIRax+FLAIRcor,1010001,3,Foraminal Spinal Stenosis,33,25,2512,0.7057177322074789,0.01954231139723074
0.1,0,T1ax+FLAIRax+T1sag,1010010,3,Cerebral infarction,0,161,2512,0.7217623794288672,0.17383312988777508
0.1,0,T1ax+FLAIRax+T1sag,1010010,3,Cerebral hemorrhage,1,127,2512,0.7927202495914425,0.28147319281223243
0.1,0,T1ax+FLAIRax+T1sag,1010010,3,Metastatic malignant neoplasm to brain,2,144,2512,0.7608770880255257,0.1821922867997867
0.1,0,T1ax+FLAIRax+T1sag,1010010,3,Intracranial meningioma,3,62,2512,0.7048847926267281,0.05742950723751867
0.1,0,T1ax+FLAIRax+T1sag,1010010,3,Demyelinating disease of central nervous system,4,66,2512,0.7781721549096856,0.13989405110387115
0.1,0,T1ax+FLAIRax+T1sag,1010010,3,Herniation of nucleus pulposus,5,42,2512,0.6881530749951803,0.03591805149538204
0.1,0,T1ax+FLAIRax+T1sag,1010010,3,Spinal cord compression,6,23,2512,0.6517197407724422,0.013419657703297658
0.1,0,T1ax+FLAIRax+T1sag,1010010,3,Lacunar infarct,7,86,2512,0.8112070783565636,0.16596107379103983
0.1,0,T1ax+FLAIRax+T1sag,1010010,3,Silent micro-hemorrhage of brain,8,77,2512,0.6733832902210726,0.05390363789601542
0.1,0,T1ax+FLAIRax+T1sag,1010010,3,Gliosis,11,1027,2512,0.7269330763001649,0.6407746557130668
0.1,0,T1ax+FLAIRax+T1sag,1010010,3,Cerebral atrophy,12,324,2512,0.8899186358814634,0.6139142136459471
0.1,0,T1ax+FLAIRax+T1sag,1010010,3,Encephalomalacia,13,84,2512,0.6758403938181533,0.14033075662740102
0.1,0,T1ax+FLAIRax+T1sag,1010010,3,Arachnoid cyst,14,69,2512,0.7064787295259451,0.06491818662625165
0.1,0,T1ax+FLAIRax+T1sag,1010010,3,Empty sella syndrome,15,72,2512,0.6413877504553734,0.04256341776630582
0.1,0,T1ax+FLAIRax+T1sag,1010010,3,Cyst of pineal gland,19,27,2512,0.6499888218198079,0.01673393299219895
0.1,0,T1ax+FLAIRax+T1sag,1010010,3,Cerebral edema,22,197,2512,0.84228437359529,0.46807864343072864
0.1,0,T1ax+FLAIRax+T1sag,1010010,3,Mastoiditis,24,62,2512,0.6013298222514812,0.07121618024747907
0.1,0,T1ax+FLAIRax+T1sag,1010010,3,Chronic mastoiditis,25,25,2512,0.7334459187776436,0.029512988613346294
0.1,0,T1ax+FLAIRax+T1sag,1010010,3,Ventriculomegaly,26,304,2512,0.8885482217772691,0.5328140202972014
0.1,0,T1ax+FLAIRax+T1sag,1010010,3,Cerebellar degeneration,27,94,2512,0.8167203421149887,0.15162604500794694
0.1,0,T1ax+FLAIRax+T1sag,1010010,3,Mega cisterna magna,28,20,2512,0.6533507223113965,0.013531518180770311
0.1,0,T1ax+FLAIRax+T1sag,1010010,3,Foraminal Spinal Stenosis,33,25,2512,0.6140731805388018,0.014460161436841631
0.1,0,T1ax+FLAIRax+SWIax,1010100,3,Cerebral infarction,0,161,2512,0.7644507028857813,0.234159598265679
0.1,0,T1ax+FLAIRax+SWIax,1010100,3,Cerebral hemorrhage,1,127,2512,0.8114957328447151,0.2907713340450175
0.1,0,T1ax+FLAIRax+SWIax,1010100,3,Metastatic malignant neoplasm to brain,2,144,2512,0.7729242914789789,0.20269481923931365
0.1,0,T1ax+FLAIRax+SWIax,1010100,3,Intracranial meningioma,3,62,2512,0.692218564845293,0.068623270014933
0.1,0,T1ax+FLAIRax+SWIax,1010100,3,Demyelinating disease of central nervous system,4,66,2512,0.7761403899997523,0.10334848769257525
0.1,0,T1ax+FLAIRax+SWIax,1010100,3,Herniation of nucleus pulposus,5,42,2512,0.6744457297088876,0.04293222411302171
0.1,0,T1ax+FLAIRax+SWIax,1010100,3,Spinal cord compression,6,23,2512,0.5136688385417576,0.010491674505335318
0.1,0,T1ax+FLAIRax+SWIax,1010100,3,Lacunar infarct,7,86,2512,0.8075739565559155,0.16653490403679708
0.1,0,T1ax+FLAIRax+SWIax,1010100,3,Silent micro-hemorrhage of brain,8,77,2512,0.7153577428731432,0.0773662523289529
0.1,0,T1ax+FLAIRax+SWIax,1010100,3,Gliosis,11,1027,2512,0.7317183519715166,0.6441249222953832
0.1,0,T1ax+FLAIRax+SWIax,1010100,3,Cerebral atrophy,12,324,2512,0.8950998149276638,0.6158579177430886
0.1,0,T1ax+FLAIRax+SWIax,1010100,3,Encephalomalacia,13,84,2512,0.6712952067153056,0.14347862625024874
0.1,0,T1ax+FLAIRax+SWIax,1010100,3,Arachnoid cyst,14,69,2512,0.6612504226805959,0.05217199852373815
0.1,0,T1ax+FLAIRax+SWIax,1010100,3,Empty sella syndrome,15,72,2512,0.6648622495446266,0.049606029750182315
0.1,0,T1ax+FLAIRax+SWIax,1010100,3,Cyst of pineal gland,19,27,2512,0.623101572397347,0.02374492578843201
0.1,0,T1ax+FLAIRax+SWIax,1010100,3,Cerebral edema,22,197,2512,0.8190525265592966,0.4500077918344014
0.1,0,T1ax+FLAIRax+SWIax,1010100,3,Mastoiditis,24,62,2512,0.6474588545095458,0.06902467187628564
0.1,0,T1ax+FLAIRax+SWIax,1010100,3,Chronic mastoiditis,25,25,2512,0.7231202251708886,0.026538421182693547
0.1,0,T1ax+FLAIRax+SWIax,1010100,3,Ventriculomegaly,26,304,2512,0.8865027293096873,0.5384265982967974
0.1,0,T1ax+FLAIRax+SWIax,1010100,3,Cerebellar degeneration,27,94,2512,0.7543776287770797,0.13873747154494714
0.1,0,T1ax+FLAIRax+SWIax,1010100,3,Mega cisterna magna,28,20,2512,0.6362760834670947,0.019152310032347835
0.1,0,T1ax+FLAIRax+SWIax,1010100,3,Foraminal Spinal Stenosis,33,25,2512,0.6523361479694412,0.015405095499317486
0.1,0,T1ax+FLAIRax+FLAIRsag,1011000,3,Cerebral infarction,0,161,2512,0.7484379582099332,0.19762922440844904
0.1,0,T1ax+FLAIRax+FLAIRsag,1011000,3,Cerebral hemorrhage,1,127,2512,0.7954637745753479,0.25095887915395054
0.1,0,T1ax+FLAIRax+FLAIRsag,1011000,3,Metastatic malignant neoplasm to brain,2,144,2512,0.7848424596471472,0.21913043671699206
0.1,0,T1ax+FLAIRax+FLAIRsag,1011000,3,Intracranial meningioma,3,62,2512,0.6773732718894009,0.06062104190909931
0.1,0,T1ax+FLAIRax+FLAIRsag,1011000,3,Demyelinating disease of central nervous system,4,66,2512,0.7322654178745758,0.09310122491518111
0.1,0,T1ax+FLAIRax+FLAIRsag,1011000,3,Herniation of nucleus pulposus,5,42,2512,0.6910931174089068,0.03840367441961733
0.1,0,T1ax+FLAIRax+FLAIRsag,1011000,3,Spinal cord compression,6,23,2512,0.5864761472216885,0.011795404466471853
0.1,0,T1ax+FLAIRax+FLAIRsag,1011000,3,Lacunar infarct,7,86,2512,0.7890872140953622,0.13885722686054072
0.1,0,T1ax+FLAIRax+FLAIRsag,1011000,3,Silent micro-hemorrhage of brain,8,77,2512,0.6656070828555428,0.07499165558268911
0.1,0,T1ax+FLAIRax+FLAIRsag,1011000,3,Gliosis,11,1027,2512,0.7274491097275908,0.6374195511880472
0.1,0,T1ax+FLAIRax+FLAIRsag,1011000,3,Cerebral atrophy,12,324,2512,0.9014983524048118,0.6436662895798371
0.1,0,T1ax+FLAIRax+FLAIRsag,1011000,3,Encephalomalacia,13,84,2512,0.701248332941084,0.18214717727123134
0.1,0,T1ax+FLAIRax+FLAIRsag,1011000,3,Arachnoid cyst,14,69,2512,0.6936470364899416,0.06700587215256659
0.1,0,T1ax+FLAIRax+FLAIRsag,1011000,3,Empty sella syndrome,15,72,2512,0.669478597449909,0.05723838774337793
0.1,0,T1ax+FLAIRax+FLAIRsag,1011000,3,Cyst of pineal gland,19,27,2512,0.6127878381399509,0.015499526462503096
0.1,0,T1ax+FLAIRax+FLAIRsag,1011000,3,Cerebral edema,22,197,2512,0.8377476400872701,0.4800634747068056
0.1,0,T1ax+FLAIRax+FLAIRsag,1011000,3,Mastoiditis,24,62,2512,0.6591902567478605,0.049980539931710075
0.1,0,T1ax+FLAIRax+FLAIRsag,1011000,3,Chronic mastoiditis,25,25,2512,0.7682991556091676,0.05768246809734382
0.1,0,T1ax+FLAIRax+FLAIRsag,1011000,3,Ventriculomegaly,26,304,2512,0.8860796267162471,0.5505548188457261
0.1,0,T1ax+FLAIRax+FLAIRsag,1011000,3,Cerebellar degeneration,27,94,2512,0.7941238582968164,0.1771809353666839
0.1,0,T1ax+FLAIRax+FLAIRsag,1011000,3,Mega cisterna magna,28,20,2512,0.6020866773675762,0.013708828230076183
0.1,0,T1ax+FLAIRax+FLAIRsag,1011000,3,Foraminal Spinal Stenosis,33,25,2512,0.6738560514676317,0.01598856054310585
0.1,0,T1ax+T2ax+FLAIRcor,1100001,3,Cerebral infarction,0,161,2512,0.7750527725746412,0.2117742302289796
0.1,0,T1ax+T2ax+FLAIRcor,1100001,3,Cerebral hemorrhage,1,127,2512,0.8254048432625167,0.2868693017785409
0.1,0,T1ax+T2ax+FLAIRcor,1100001,3,Metastatic malignant neoplasm to brain,2,144,2512,0.7456069350600603,0.18838447719942047
0.1,0,T1ax+T2ax+FLAIRcor,1100001,3,Intracranial meningioma,3,62,2512,0.6743054641211323,0.047904474788528564
0.1,0,T1ax+T2ax+FLAIRcor,1100001,3,Demyelinating disease of central nervous system,4,66,2512,0.8062823657672391,0.10941659550647193
0.1,0,T1ax+T2ax+FLAIRcor,1100001,3,Herniation of nucleus pulposus,5,42,2512,0.6724599961442066,0.03259874635587364
0.1,0,T1ax+T2ax+FLAIRcor,1100001,3,Spinal cord compression,6,23,2512,0.45618110992715777,0.008279900193677876
0.1,0,T1ax+T2ax+FLAIRcor,1100001,3,Lacunar infarct,7,86,2512,0.8438620372323088,0.14146693908147534
0.1,0,T1ax+T2ax+FLAIRcor,1100001,3,Silent micro-hemorrhage of brain,8,77,2512,0.6637296994586521,0.06261928078317061
0.1,0,T1ax+T2ax+FLAIRcor,1100001,3,Gliosis,11,1027,2512,0.7403610922598265,0.6608751132391104
0.1,0,T1ax+T2ax+FLAIRcor,1100001,3,Cerebral atrophy,12,324,2512,0.899598257611664,0.6425831355437803
0.1,0,T1ax+T2ax+FLAIRcor,1100001,3,Encephalomalacia,13,84,2512,0.6582235035694675,0.12675365856969587
0.1,0,T1ax+T2ax+FLAIRcor,1100001,3,Arachnoid cyst,14,69,2512,0.6596486856858104,0.05699962117218976
0.1,0,T1ax+T2ax+FLAIRcor,1100001,3,Empty sella syndrome,15,72,2512,0.7118055555555555,0.0676090026465937
0.1,0,T1ax+T2ax+FLAIRcor,1100001,3,Cyst of pineal gland,19,27,2512,0.6391683433936954,0.022193790444543747
0.1,0,T1ax+T2ax+FLAIRcor,1100001,3,Cerebral edema,22,197,2512,0.830540176075254,0.44783850542991815
0.1,0,T1ax+T2ax+FLAIRcor,1100001,3,Mastoiditis,24,62,2512,0.5951086240947991,0.03806543200373241
0.1,0,T1ax+T2ax+FLAIRcor,1100001,3,Chronic mastoiditis,25,25,2512,0.7481463610776036,0.03397748066651574
0.1,0,T1ax+T2ax+FLAIRcor,1100001,3,Ventriculomegaly,26,304,2512,0.8816802536231885,0.5414484086844709
0.1,0,T1ax+T2ax+FLAIRcor,1100001,3,Cerebellar degeneration,27,94,2512,0.7650335251570666,0.1260628369937508
0.1,0,T1ax+T2ax+FLAIRcor,1100001,3,Mega cisterna magna,28,20,2512,0.5779695024077046,0.010889753847989623
0.1,0,T1ax+T2ax+FLAIRcor,1100001,3,Foraminal Spinal Stenosis,33,25,2512,0.6593486127864897,0.0154797745640178
0.1,0,T1ax+T2ax+T1sag,1100010,3,Cerebral infarction,0,161,2512,0.7560599295661156,0.2192654054617078
0.1,0,T1ax+T2ax+T1sag,1100010,3,Cerebral hemorrhage,1,127,2512,0.7917595206259596,0.2241073109945627
0.1,0,T1ax+T2ax+T1sag,1100010,3,Metastatic malignant neoplasm to brain,2,144,2512,0.7519237987987989,0.1671662449146193
0.1,0,T1ax+T2ax+T1sag,1100010,3,Intracranial meningioma,3,62,2512,0.671540487162607,0.049370571926818554
0.1,0,T1ax+T2ax+T1sag,1100010,3,Demyelinating disease of central nervous system,4,66,2512,0.7851842216110411,0.13955039790701138
0.1,0,T1ax+T2ax+T1sag,1100010,3,Herniation of nucleus pulposus,5,42,2512,0.666464237516869,0.03286836980856152
0.1,0,T1ax+T2ax+T1sag,1100010,3,Spinal cord compression,6,23,2512,0.48175450241934076,0.008591413788885227
0.1,0,T1ax+T2ax+T1sag,1100010,3,Lacunar infarct,7,86,2512,0.82677486148124,0.15158374964413848
0.1,0,T1ax+T2ax+T1sag,1100010,3,Silent micro-hemorrhage of brain,8,77,2512,0.6230672817941811,0.04610376986536085
0.1,0,T1ax+T2ax+T1sag,1100010,3,Gliosis,11,1027,2512,0.7361108652247893,0.659136666292269
0.1,0,T1ax+T2ax+T1sag,1100010,3,Cerebral atrophy,12,324,2512,0.8908341232762317,0.6150901011863942
0.1,0,T1ax+T2ax+T1sag,1100010,3,Encephalomalacia,13,84,2512,0.6746685494626187,0.11583407956373756
0.1,0,T1ax+T2ax+T1sag,1100010,3,Arachnoid cyst,14,69,2512,0.6223341460665492,0.0474381381400855
0.1,0,T1ax+T2ax+T1sag,1100010,3,Empty sella syndrome,15,72,2512,0.6345628415300547,0.04201536675363934
0.1,0,T1ax+T2ax+T1sag,1100010,3,Cyst of pineal gland,19,27,2512,0.6249198897086221,0.02216354318193897
0.1,0,T1ax+T2ax+T1sag,1100010,3,Cerebral edema,22,197,2512,0.8314282268586025,0.41833885796092785
0.1,0,T1ax+T2ax+T1sag,1100010,3,Mastoiditis,24,62,2512,0.571705069124424,0.05186889582153703
0.1,0,T1ax+T2ax+T1sag,1100010,3,Chronic mastoiditis,25,25,2512,0.7032086851628468,0.02779959446669715
0.1,0,T1ax+T2ax+T1sag,1100010,3,Ventriculomegaly,26,304,2512,0.8970266614225783,0.5651302179531914
0.1,0,T1ax+T2ax+T1sag,1100010,3,Cerebellar degeneration,27,94,2512,0.7999225665663551,0.1344958933612651
0.1,0,T1ax+T2ax+T1sag,1100010,3,Mega cisterna magna,28,20,2512,0.6335272873194222,0.012721919250823329
0.1,0,T1ax+T2ax+T1sag,1100010,3,Foraminal Spinal Stenosis,33,25,2512,0.5755689585846401,0.012157698057532355
0.1,0,T1ax+T2ax+SWIax,1100100,3,Cerebral infarction,0,161,2512,0.7792006044738461,0.23937176156353138
0.1,0,T1ax+T2ax+SWIax,1100100,3,Cerebral hemorrhage,1,127,2512,0.8280097063338782,0.26797922993719653
0.1,0,T1ax+T2ax+SWIax,1100100,3,Metastatic malignant neoplasm to brain,2,144,2512,0.7458327468093092,0.1828889898937295
0.1,0,T1ax+T2ax+SWIax,1100100,3,Intracranial meningioma,3,62,2512,0.6987162606978274,0.05032365858229264
0.1,0,T1ax+T2ax+SWIax,1100100,3,Demyelinating disease of central nervous system,4,66,2512,0.7835488986347531,0.0806937001188955
0.1,0,T1ax+T2ax+SWIax,1100100,3,Herniation of nucleus pulposus,5,42,2512,0.7175149411991517,0.04487955893523174
0.1,0,T1ax+T2ax+SWIax,1100100,3,Spinal cord compression,6,23,2512,0.36690132234003525,0.007015616309503612
0.1,0,T1ax+T2ax+SWIax,1100100,3,Lacunar infarct,7,86,2512,0.8060210126727891,0.13870363359904225
0.1,0,T1ax+T2ax+SWIax,1100100,3,Silent micro-hemorrhage of brain,8,77,2512,0.6711112296327904,0.07673704358843214
0.1,0,T1ax+T2ax+SWIax,1100100,3,Gliosis,11,1027,2512,0.7447352460010688,0.6645188757411492
0.1,0,T1ax+T2ax+SWIax,1100100,3,Cerebral atrophy,12,324,2512,0.8953833480037015,0.6007639456723541
0.1,0,T1ax+T2ax+SWIax,1100100,3,Encephalomalacia,13,84,2512,0.6446958107790068,0.11043693987753828
0.1,0,T1ax+T2ax+SWIax,1100100,3,Arachnoid cyst,14,69,2512,0.6460991771817733,0.047131658813143504
0.1,0,T1ax+T2ax+SWIax,1100100,3,Empty sella syndrome,15,72,2512,0.6293943533697631,0.0557747932006817
0.1,0,T1ax+T2ax+SWIax,1100100,3,Cyst of pineal gland,19,27,2512,0.6138013264773827,0.05176799429809891
0.1,0,T1ax+T2ax+SWIax,1100100,3,Cerebral edema,22,197,2512,0.8165067809803643,0.4196013399592795
0.1,0,T1ax+T2ax+SWIax,1100100,3,Mastoiditis,24,62,2512,0.6183673469387755,0.06619070840506026
0.1,0,T1ax+T2ax+SWIax,1100100,3,Chronic mastoiditis,25,25,2512,0.7457981503819863,0.04015639551032755
0.1,0,T1ax+T2ax+SWIax,1100100,3,Ventriculomegaly,26,304,2512,0.8878807923340962,0.5619662082185997
0.1,0,T1ax+T2ax+SWIax,1100100,3,Cerebellar degeneration,27,94,2512,0.7649851292610388,0.14869787512814264
0.1,0,T1ax+T2ax+SWIax,1100100,3,Mega cisterna magna,28,20,2512,0.6881821829855538,0.025670487227902727
0.1,0,T1ax+T2ax+SWIax,1100100,3,Foraminal Spinal Stenosis,33,25,2512,0.5601447527141135,0.013199239489917428
0.1,0,T1ax+T2ax+FLAIRsag,1101000,3,Cerebral infarction,0,161,2512,0.7788333760445535,0.2270380953903799
0.1,0,T1ax+T2ax+FLAIRsag,1101000,3,Cerebral hemorrhage,1,127,2512,0.8181118869575266,0.24847313412029393
0.1,0,T1ax+T2ax+FLAIRsag,1101000,3,Metastatic malignant neoplasm to brain,2,144,2512,0.7522933089339339,0.19611803523757787
0.1,0,T1ax+T2ax+FLAIRsag,1101000,3,Intracranial meningioma,3,62,2512,0.6929558920342331,0.05436716319792611
0.1,0,T1ax+T2ax+FLAIRsag,1101000,3,Demyelinating disease of central nervous system,4,66,2512,0.7466983820213584,0.08075119277937445
0.1,0,T1ax+T2ax+FLAIRsag,1101000,3,Herniation of nucleus pulposus,5,42,2512,0.6791497975708503,0.030848578374959582
0.1,0,T1ax+T2ax+FLAIRsag,1101000,3,Spinal cord compression,6,23,2512,0.429367477771761,0.007788149761961122
0.1,0,T1ax+T2ax+FLAIRsag,1101000,3,Lacunar infarct,7,86,2512,0.8240907609425028,0.14228761001829532
0.1,0,T1ax+T2ax+FLAIRsag,1101000,3,Silent micro-hemorrhage of brain,8,77,2512,0.6223392623803302,0.05938875472901222
0.1,0,T1ax+T2ax+FLAIRsag,1101000,3,Gliosis,11,1027,2512,0.7410377714175183,0.6625848990766647
0.1,0,T1ax+T2ax+FLAIRsag,1101000,3,Cerebral atrophy,12,324,2512,0.9036692847631299,0.6554270894672749
0.1,0,T1ax+T2ax+FLAIRsag,1101000,3,Encephalomalacia,13,84,2512,0.7018367066760807,0.15558668378438634
0.1,0,T1ax+T2ax+FLAIRsag,1101000,3,Arachnoid cyst,14,69,2512,0.6201984967401686,0.05050594629016999
0.1,0,T1ax+T2ax+FLAIRsag,1101000,3,Empty sella syndrome,15,72,2512,0.6574965846994536,0.04903233540459296
0.1,0,T1ax+T2ax+FLAIRsag,1101000,3,Cyst of pineal gland,19,27,2512,0.6329085624860273,0.021029156674545742
0.1,0,T1ax+T2ax+FLAIRsag,1101000,3,Cerebral edema,22,197,2512,0.8393373606253631,0.4609637157252507
0.1,0,T1ax+T2ax+FLAIRsag,1101000,3,Mastoiditis,24,62,2512,0.6240092165898617,0.04845027782116142
0.1,0,T1ax+T2ax+FLAIRsag,1101000,3,Chronic mastoiditis,25,25,2512,0.7510092480900684,0.05373858014837712
0.1,0,T1ax+T2ax+FLAIRsag,1101000,3,Ventriculomegaly,26,304,2512,0.8856162995804729,0.5485316707349055
0.1,0,T1ax+T2ax+FLAIRsag,1101000,3,Cerebellar degeneration,27,94,2512,0.782561638773032,0.16416741107144914
0.1,0,T1ax+T2ax+FLAIRsag,1101000,3,Mega cisterna magna,28,20,2512,0.6281902086677368,0.014153012235230411
0.1,0,T1ax+T2ax+FLAIRsag,1101000,3,Foraminal Spinal Stenosis,33,25,2512,0.607318053880177,0.01280285735149871
0.1,0,T1ax+T2ax+FLAIRax,1110000,3,Cerebral infarction,0,161,2512,0.7737872875557118,0.2347984157918478
0.1,0,T1ax+T2ax+FLAIRax,1110000,3,Cerebral hemorrhage,1,127,2512,0.8234635764869014,0.28433204086807645
0.1,0,T1ax+T2ax+FLAIRax,1110000,3,Metastatic malignant neoplasm to brain,2,144,2512,0.7539561045420421,0.18163114237609132
0.1,0,T1ax+T2ax+FLAIRax,1110000,3,Intracranial meningioma,3,62,2512,0.7019684002633312,0.058284957070385654
0.1,0,T1ax+T2ax+FLAIRax,1110000,3,Demyelinating disease of central nervous system,4,66,2512,0.8120803290468049,0.13669707173472453
0.1,0,T1ax+T2ax+FLAIRax,1110000,3,Herniation of nucleus pulposus,5,42,2512,0.6965779834200887,0.0447159541459779
0.1,0,T1ax+T2ax+FLAIRax,1110000,3,Spinal cord compression,6,23,2512,0.47111639037853514,0.009660512590375491
0.1,0,T1ax+T2ax+FLAIRax,1110000,3,Lacunar infarct,7,86,2512,0.8105791905519661,0.17058089321044492
0.1,0,T1ax+T2ax+FLAIRax,1110000,3,Silent micro-hemorrhage of brain,8,77,2512,0.6871009893597162,0.07440330419863592
0.1,0,T1ax+T2ax+FLAIRax,1110000,3,Gliosis,11,1027,2512,0.7355528671984368,0.6485401941569084
0.1,0,T1ax+T2ax+FLAIRax,1110000,3,Cerebral atrophy,12,324,2512,0.8968362786918546,0.6384225373801633
0.1,0,T1ax+T2ax+FLAIRax,1110000,3,Encephalomalacia,13,84,2512,0.6550070604848199,0.11325583573054904
0.1,0,T1ax+T2ax+FLAIRax,1110000,3,Arachnoid cyst,14,69,2512,0.6133050953033512,0.05217007964075904
0.1,0,T1ax+T2ax+FLAIRax,1110000,3,Empty sella syndrome,15,72,2512,0.6973474499089253,0.061518572113174186
0.1,0,T1ax+T2ax+FLAIRax,1110000,3,Cyst of pineal gland,19,27,2512,0.6193606080930025,0.018165949418596866
0.1,0,T1ax+T2ax+FLAIRax,1110000,3,Cerebral edema,22,197,2512,0.8209799256668604,0.4629282370758324
0.1,0,T1ax+T2ax+FLAIRax,1110000,3,Mastoiditis,24,62,2512,0.6238973008558262,0.06112927652972325
0.1,0,T1ax+T2ax+FLAIRax,1110000,3,Chronic mastoiditis,25,25,2512,0.7834499396863691,0.04971187700370645
0.1,0,T1ax+T2ax+FLAIRax,1110000,3,Ventriculomegaly,26,304,2512,0.8928641661899314,0.5602991012143012
0.1,0,T1ax+T2ax+FLAIRax,1110000,3,Cerebellar degeneration,27,94,2512,0.7793719092620947,0.16075440287475692
0.1,0,T1ax+T2ax+FLAIRax,1110000,3,Mega cisterna magna,28,20,2512,0.6646869983948634,0.016626393562516283
0.1,0,T1ax+T2ax+FLAIRax,1110000,3,Foraminal Spinal Stenosis,33,25,2512,0.5772899075190994,0.012209873982221446
0.1,0,FLAIRsag+SWIax+T1sag+FLAIRcor,0001111,4,Cerebral infarction,0,161,2512,0.7694122495779515,0.20088741467031745
0.1,0,FLAIRsag+SWIax+T1sag+FLAIRcor,0001111,4,Cerebral hemorrhage,1,127,2512,0.7770514534739761,0.2771449035011475
0.1,0,FLAIRsag+SWIax+T1sag+FLAIRcor,0001111,4,Metastatic malignant neoplasm to brain,2,144,2512,0.7511319913663663,0.20069120843947716
0.1,0,FLAIRsag+SWIax+T1sag+FLAIRcor,0001111,4,Intracranial meningioma,3,62,2512,0.6857472021066492,0.04566155473460291
0.1,0,FLAIRsag+SWIax+T1sag+FLAIRcor,0001111,4,Demyelinating disease of central nervous system,4,66,2512,0.6966847543298893,0.06435308036126623
0.1,0,FLAIRsag+SWIax+T1sag+FLAIRcor,0001111,4,Herniation of nucleus pulposus,5,42,2512,0.6947368421052631,0.032171547521464595
0.1,0,FLAIRsag+SWIax+T1sag+FLAIRcor,0001111,4,Spinal cord compression,6,23,2512,0.5219138120774888,0.010087132323472768
0.1,0,FLAIRsag+SWIax+T1sag+FLAIRcor,0001111,4,Lacunar infarct,7,86,2512,0.8302785712916275,0.14372557333409722
0.1,0,FLAIRsag+SWIax+T1sag+FLAIRcor,0001111,4,Silent micro-hemorrhage of brain,8,77,2512,0.6965252406730846,0.08068448766116763
0.1,0,FLAIRsag+SWIax+T1sag+FLAIRcor,0001111,4,Gliosis,11,1027,2512,0.7322173372806283,0.6513003590461824
0.1,0,FLAIRsag+SWIax+T1sag+FLAIRcor,0001111,4,Cerebral atrophy,12,324,2512,0.8902995012074842,0.5998140854025414
0.1,0,FLAIRsag+SWIax+T1sag+FLAIRcor,0001111,4,Encephalomalacia,13,84,2512,0.6873038754216678,0.1594515016477256
0.1,0,FLAIRsag+SWIax+T1sag+FLAIRcor,0001111,4,Arachnoid cyst,14,69,2512,0.649895887095339,0.06689695774035881
0.1,0,FLAIRsag+SWIax+T1sag+FLAIRcor,0001111,4,Empty sella syndrome,15,72,2512,0.6477857468123861,0.0422512929014815
0.1,0,FLAIRsag+SWIax+T1sag+FLAIRcor,0001111,4,Cyst of pineal gland,19,27,2512,0.6731351069379239,0.022975777085955967
0.1,0,FLAIRsag+SWIax+T1sag+FLAIRcor,0001111,4,Cerebral edema,22,197,2512,0.8465908717150343,0.44287672180365434
0.1,0,FLAIRsag+SWIax+T1sag+FLAIRcor,0001111,4,Mastoiditis,24,62,2512,0.6334233048057932,0.06842818978573229
0.1,0,FLAIRsag+SWIax+T1sag+FLAIRcor,0001111,4,Chronic mastoiditis,25,25,2512,0.6147647768395658,0.01979714655658944
0.1,0,FLAIRsag+SWIax+T1sag+FLAIRcor,0001111,4,Ventriculomegaly,26,304,2512,0.8784235554919908,0.5120263958705674
0.1,0,FLAIRsag+SWIax+T1sag+FLAIRcor,0001111,4,Cerebellar degeneration,27,94,2512,0.7775988596167045,0.13338370964888888
0.1,0,FLAIRsag+SWIax+T1sag+FLAIRcor,0001111,4,Mega cisterna magna,28,20,2512,0.5378210272873194,0.010257763751194849
0.1,0,FLAIRsag+SWIax+T1sag+FLAIRcor,0001111,4,Foraminal Spinal Stenosis,33,25,2512,0.6744189786891839,0.018600511652568735
0.1,0,FLAIRax+SWIax+T1sag+FLAIRcor,0010111,4,Cerebral infarction,0,161,2512,0.7716261878782914,0.20926383740501378
0.1,0,FLAIRax+SWIax+T1sag+FLAIRcor,0010111,4,Cerebral hemorrhage,1,127,2512,0.787286023209363,0.30445165210769265
0.1,0,FLAIRax+SWIax+T1sag+FLAIRcor,0010111,4,Metastatic malignant neoplasm to brain,2,144,2512,0.7808511636636636,0.21652429079638116
0.1,0,FLAIRax+SWIax+T1sag+FLAIRcor,0010111,4,Intracranial meningioma,3,62,2512,0.6740882159315339,0.05011283546272677
0.1,0,FLAIRax+SWIax+T1sag+FLAIRcor,0010111,4,Demyelinating disease of central nervous system,4,66,2512,0.7264612601897966,0.0945553577409739
0.1,0,FLAIRax+SWIax+T1sag+FLAIRcor,0010111,4,Herniation of nucleus pulposus,5,42,2512,0.7267495662232505,0.03795265977637037
0.1,0,FLAIRax+SWIax+T1sag+FLAIRcor,0010111,4,Spinal cord compression,6,23,2512,0.6038744388352228,0.012565102884234167
0.1,0,FLAIRax+SWIax+T1sag+FLAIRcor,0010111,4,Lacunar infarct,7,86,2512,0.8321957859621542,0.15845921343302466
0.1,0,FLAIRax+SWIax+T1sag+FLAIRcor,0010111,4,Silent micro-hemorrhage of brain,8,77,2512,0.7136990319741859,0.08064710524790958
0.1,0,FLAIRax+SWIax+T1sag+FLAIRcor,0010111,4,Gliosis,11,1027,2512,0.7346466941403649,0.6495612634450467
0.1,0,FLAIRax+SWIax+T1sag+FLAIRcor,0010111,4,Cerebral atrophy,12,324,2512,0.8947118965400501,0.6131046262567678
0.1,0,FLAIRax+SWIax+T1sag+FLAIRcor,0010111,4,Encephalomalacia,13,84,2512,0.6609790538950342,0.14195546106714974
0.1,0,FLAIRax+SWIax+T1sag+FLAIRcor,0010111,4,Arachnoid cyst,14,69,2512,0.6672599025906611,0.0726434359815015
0.1,0,FLAIRax+SWIax+T1sag+FLAIRcor,0010111,4,Empty sella syndrome,15,72,2512,0.6430954007285974,0.045592313960855196
0.1,0,FLAIRax+SWIax+T1sag+FLAIRcor,0010111,4,Cyst of pineal gland,19,27,2512,0.6682912288546092,0.018291469961758417
0.1,0,FLAIRax+SWIax+T1sag+FLAIRcor,0010111,4,Cerebral edema,22,197,2512,0.8435517645897972,0.46128089624332025
0.1,0,FLAIRax+SWIax+T1sag+FLAIRcor,0010111,4,Mastoiditis,24,62,2512,0.6443647136273865,0.0657892000300802
0.1,0,FLAIRax+SWIax+T1sag+FLAIRcor,0010111,4,Chronic mastoiditis,25,25,2512,0.6588982710092481,0.02048753968363561
0.1,0,FLAIRax+SWIax+T1sag+FLAIRcor,0010111,4,Ventriculomegaly,26,304,2512,0.8858680754195272,0.5206833144812621
0.1,0,FLAIRax+SWIax+T1sag+FLAIRcor,0010111,4,Cerebellar degeneration,27,94,2512,0.7841587033419565,0.158411237753697
0.1,0,FLAIRax+SWIax+T1sag+FLAIRcor,0010111,4,Mega cisterna magna,28,20,2512,0.5600120385232745,0.011670924377437261
0.1,0,FLAIRax+SWIax+T1sag+FLAIRcor,0010111,4,Foraminal Spinal Stenosis,33,25,2512,0.644616003216727,0.01554325855119933
0.1,0,FLAIRax+FLAIRsag+T1sag+FLAIRcor,0011011,4,Cerebral infarction,0,161,2512,0.7383457812322495,0.1911994962680464
0.1,0,FLAIRax+FLAIRsag+T1sag+FLAIRcor,0011011,4,Cerebral hemorrhage,1,127,2512,0.7596163687086284,0.23795175911030741
0.1,0,FLAIRax+FLAIRsag+T1sag+FLAIRcor,0011011,4,Metastatic malignant neoplasm to brain,2,144,2512,0.7891739395645646,0.23057378472169043
0.1,0,FLAIRax+FLAIRsag+T1sag+FLAIRcor,0011011,4,Intracranial meningioma,3,62,2512,0.6652468729427254,0.046440876203961215
0.1,0,FLAIRax+FLAIRsag+T1sag+FLAIRcor,0011011,4,Demyelinating disease of central nervous system,4,66,2512,0.7134530092420526,0.08944160725201517
0.1,0,FLAIRax+FLAIRsag+T1sag+FLAIRcor,0011011,4,Herniation of nucleus pulposus,5,42,2512,0.688635049161365,0.03494686444081714
0.1,0,FLAIRax+FLAIRsag+T1sag+FLAIRcor,0011011,4,Spinal cord compression,6,23,2512,0.6265131797299421,0.013611606102110863
0.1,0,FLAIRax+FLAIRsag+T1sag+FLAIRcor,0011011,4,Lacunar infarct,7,86,2512,0.8064715581203626,0.14080277330458996
0.1,0,FLAIRax+FLAIRsag+T1sag+FLAIRcor,0011011,4,Silent micro-hemorrhage of brain,8,77,2512,0.6406837515667085,0.0885241180106204
0.1,0,FLAIRax+FLAIRsag+T1sag+FLAIRcor,0011011,4,Gliosis,11,1027,2512,0.7302581150682417,0.6512527828681685
0.1,0,FLAIRax+FLAIRsag+T1sag+FLAIRcor,0011011,4,Cerebral atrophy,12,324,2512,0.8948346198117679,0.6293085846879624
0.1,0,FLAIRax+FLAIRsag+T1sag+FLAIRcor,0011011,4,Encephalomalacia,13,84,2512,0.6559288460029811,0.13686293467574248
0.1,0,FLAIRax+FLAIRsag+T1sag+FLAIRcor,0011011,4,Arachnoid cyst,14,69,2512,0.7133661986035228,0.08864493554041504
0.1,0,FLAIRax+FLAIRsag+T1sag+FLAIRcor,0011011,4,Empty sella syndrome,15,72,2512,0.6540983606557377,0.046133614201813375
0.1,0,FLAIRax+FLAIRsag+T1sag+FLAIRcor,0011011,4,Cyst of pineal gland,19,27,2512,0.6536254564423579,0.019574408594348853
0.1,0,FLAIRax+FLAIRsag+T1sag+FLAIRcor,0011011,4,Cerebral edema,22,197,2512,0.8452445428731183,0.4945166497904031
0.1,0,FLAIRax+FLAIRsag+T1sag+FLAIRcor,0011011,4,Mastoiditis,24,62,2512,0.6247004608294932,0.0766746101517947
0.1,0,FLAIRax+FLAIRsag+T1sag+FLAIRcor,0011011,4,Chronic mastoiditis,25,25,2512,0.6974024929634097,0.03008666563795504
0.1,0,FLAIRax+FLAIRsag+T1sag+FLAIRcor,0011011,4,Ventriculomegaly,26,304,2512,0.8838181135583524,0.5344059503170403
0.1,0,FLAIRax+FLAIRsag+T1sag+FLAIRcor,0011011,4,Cerebellar degeneration,27,94,2512,0.7779420305158125,0.1600041763820554
0.1,0,FLAIRax+FLAIRsag+T1sag+FLAIRcor,0011011,4,Mega cisterna magna,28,20,2512,0.5775682182985553,0.011693829150280364
0.1,0,FLAIRax+FLAIRsag+T1sag+FLAIRcor,0011011,4,Foraminal Spinal Stenosis,33,25,2512,0.6264414957780459,0.01799804713729878
0.1,0,FLAIRax+FLAIRsag+SWIax+FLAIRcor,0011101,4,Cerebral infarction,0,161,2512,0.7936519678424142,0.27728274659146
0.1,0,FLAIRax+FLAIRsag+SWIax+FLAIRcor,0011101,4,Cerebral hemorrhage,1,127,2512,0.8070387427986595,0.25890728625231135
0.1,0,FLAIRax+FLAIRsag+SWIax+FLAIRcor,0011101,4,Metastatic malignant neoplasm to brain,2,144,2512,0.7949746621621621,0.23590566352718953
0.1,0,FLAIRax+FLAIRsag+SWIax+FLAIRcor,0011101,4,Intracranial meningioma,3,62,2512,0.7148452929558919,0.06128331567843714
0.1,0,FLAIRax+FLAIRsag+SWIax+FLAIRcor,0011101,4,Demyelinating disease of central nervous system,4,66,2512,0.6888054708986844,0.07308975905220597
0.1,0,FLAIRax+FLAIRsag+SWIax+FLAIRcor,0011101,4,Herniation of nucleus pulposus,5,42,2512,0.729660690187006,0.03579492487596304
0.1,0,FLAIRax+FLAIRsag+SWIax+FLAIRcor,0011101,4,Spinal cord compression,6,23,2512,0.5607455412510699,0.010926822719428023
0.1,0,FLAIRax+FLAIRsag+SWIax+FLAIRcor,0011101,4,Lacunar infarct,7,86,2512,0.8306716002990855,0.1689466382345477
0.1,0,FLAIRax+FLAIRsag+SWIax+FLAIRcor,0011101,4,Silent micro-hemorrhage of brain,8,77,2512,0.7070535214272381,0.09563989174496983
0.1,0,FLAIRax+FLAIRsag+SWIax+FLAIRcor,0011101,4,Gliosis,11,1027,2512,0.7340932859920202,0.654186106977718
0.1,0,FLAIRax+FLAIRsag+SWIax+FLAIRcor,0011101,4,Cerebral atrophy,12,324,2512,0.899382433926919,0.615800333925503
0.1,0,FLAIRax+FLAIRsag+SWIax+FLAIRcor,0011101,4,Encephalomalacia,13,84,2512,0.6823174080175729,0.16396852049418742
0.1,0,FLAIRax+FLAIRsag+SWIax+FLAIRcor,0011101,4,Arachnoid cyst,14,69,2512,0.6538409059899032,0.07554763246817017
0.1,0,FLAIRax+FLAIRsag+SWIax+FLAIRcor,0011101,4,Empty sella syndrome,15,72,2512,0.6878927595628416,0.05906092822565909
0.1,0,FLAIRax+FLAIRsag+SWIax+FLAIRcor,0011101,4,Cyst of pineal gland,19,27,2512,0.658365004843878,0.01716187266422676
0.1,0,FLAIRax+FLAIRsag+SWIax+FLAIRcor,0011101,4,Cerebral edema,22,197,2512,0.8380480424510203,0.4657998820756635
0.1,0,FLAIRax+FLAIRsag+SWIax+FLAIRcor,0011101,4,Mastoiditis,24,62,2512,0.6798090849242923,0.0767592116288626
0.1,0,FLAIRax+FLAIRsag+SWIax+FLAIRcor,0011101,4,Chronic mastoiditis,25,25,2512,0.6692882991556091,0.03809052829174096
0.1,0,FLAIRax+FLAIRsag+SWIax+FLAIRcor,0011101,4,Ventriculomegaly,26,304,2512,0.8810336813501144,0.5212010960636606
0.1,0,FLAIRax+FLAIRsag+SWIax+FLAIRcor,0011101,4,Cerebellar degeneration,27,94,2512,0.740949967442761,0.1257278865586261
0.1,0,FLAIRax+FLAIRsag+SWIax+FLAIRcor,0011101,4,Mega cisterna magna,28,20,2512,0.6359349919743179,0.013433726753528956
0.1,0,FLAIRax+FLAIRsag+SWIax+FLAIRcor,0011101,4,Foraminal Spinal Stenosis,33,25,2512,0.5996944109368718,0.015509229706731418
0.1,0,FLAIRax+FLAIRsag+SWIax+T1sag,0011110,4,Cerebral infarction,0,161,2512,0.777911342074603,0.22519749995018407
0.1,0,FLAIRax+FLAIRsag+SWIax+T1sag,0011110,4,Cerebral hemorrhage,1,127,2512,0.7889928853232968,0.2807380592011981
0.1,0,FLAIRax+FLAIRsag+SWIax+T1sag,0011110,4,Metastatic malignant neoplasm to brain,2,144,2512,0.7924878003003004,0.22927777540350566
0.1,0,FLAIRax+FLAIRsag+SWIax+T1sag,0011110,4,Intracranial meningioma,3,62,2512,0.6622778143515471,0.04749498573610514
0.1,0,FLAIRax+FLAIRsag+SWIax+T1sag,0011110,4,Demyelinating disease of central nervous system,4,66,2512,0.7199819123367774,0.07820845652209549
0.1,0,FLAIRax+FLAIRsag+SWIax+T1sag,0011110,4,Herniation of nucleus pulposus,5,42,2512,0.7218141507615192,0.04125428619658788
0.1,0,FLAIRax+FLAIRsag+SWIax+T1sag,0011110,4,Spinal cord compression,6,23,2512,0.5991580344821563,0.011733897269906509
0.1,0,FLAIRax+FLAIRsag+SWIax+T1sag,0011110,4,Lacunar infarct,7,86,2512,0.8212916275235338,0.16789167566163682
0.1,0,FLAIRax+FLAIRsag+SWIax+T1sag,0011110,4,Silent micro-hemorrhage of brain,8,77,2512,0.677863409690925,0.08195145194469751
0.1,0,FLAIRax+FLAIRsag+SWIax+T1sag,0011110,4,Gliosis,11,1027,2512,0.7377350263426212,0.6477599334809621
0.1,0,FLAIRax+FLAIRsag+SWIax+T1sag,0011110,4,Cerebral atrophy,12,324,2512,0.8995996682239826,0.6225412657732993
0.1,0,FLAIRax+FLAIRsag+SWIax+T1sag,0011110,4,Encephalomalacia,13,84,2512,0.688127598650663,0.1692308250299541
0.1,0,FLAIRax+FLAIRsag+SWIax+T1sag,0011110,4,Arachnoid cyst,14,69,2512,0.6844281502310654,0.0633891541585394
0.1,0,FLAIRax+FLAIRsag+SWIax+T1sag,0011110,4,Empty sella syndrome,15,72,2512,0.5917349726775956,0.037749425411735565
0.1,0,FLAIRax+FLAIRsag+SWIax+T1sag,0011110,4,Cyst of pineal gland,19,27,2512,0.6522542663387734,0.02119790505487024
0.1,0,FLAIRax+FLAIRsag+SWIax+T1sag,0011110,4,Cerebral edema,22,197,2512,0.8436307024372061,0.4717785314240803
0.1,0,FLAIRax+FLAIRsag+SWIax+T1sag,0011110,4,Mastoiditis,24,62,2512,0.638584595128374,0.0651387038676226
0.1,0,FLAIRax+FLAIRsag+SWIax+T1sag,0011110,4,Chronic mastoiditis,25,25,2512,0.672279855247286,0.038391615332872615
0.1,0,FLAIRax+FLAIRsag+SWIax+T1sag,0011110,4,Ventriculomegaly,26,304,2512,0.8822493564073227,0.5235267013331959
0.1,0,FLAIRax+FLAIRsag+SWIax+T1sag,0011110,4,Cerebellar degeneration,27,94,2512,0.7859845485102864,0.1410150221926353
0.1,0,FLAIRax+FLAIRsag+SWIax+T1sag,0011110,4,Mega cisterna magna,28,20,2512,0.5762038523274479,0.011226021333340455
0.1,0,FLAIRax+FLAIRsag+SWIax+T1sag,0011110,4,Foraminal Spinal Stenosis,33,25,2512,0.6223964616003217,0.014657658753712192
0.1,0,T2ax+SWIax+T1sag+FLAIRcor,0100111,4,Cerebral infarction,0,161,2512,0.7814145427741862,0.21940900606893282
0.1,0,T2ax+SWIax+T1sag+FLAIRcor,0100111,4,Cerebral hemorrhage,1,127,2512,0.8216873834166956,0.31192060609143696
0.1,0,T2ax+SWIax+T1sag+FLAIRcor,0100111,4,Metastatic malignant neoplasm to brain,2,144,2512,0.7499530780780781,0.1791202873867973
0.1,0,T2ax+SWIax+T1sag+FLAIRcor,0100111,4,Intracranial meningioma,3,62,2512,0.6315536537195523,0.038956912855975495
0.1,0,T2ax+SWIax+T1sag+FLAIRcor,0100111,4,Demyelinating disease of central nervous system,4,66,2512,0.7535679774028098,0.09855825904954389
0.1,0,T2ax+SWIax+T1sag+FLAIRcor,0100111,4,Herniation of nucleus pulposus,5,42,2512,0.7028532870638133,0.05480889401460437
0.1,0,T2ax+SWIax+T1sag+FLAIRcor,0100111,4,Spinal cord compression,6,23,2512,0.4156549688193268,0.007608925438065529
0.1,0,T2ax+SWIax+T1sag+FLAIRcor,0100111,4,Lacunar infarct,7,86,2512,0.8408424241262294,0.14272082743490289
0.1,0,T2ax+SWIax+T1sag+FLAIRcor,0100111,4,Silent micro-hemorrhage of brain,8,77,2512,0.6737192991813115,0.07121725307965547
0.1,0,T2ax+SWIax+T1sag+FLAIRcor,0100111,4,Gliosis,11,1027,2512,0.7347260334602107,0.6719260322254844
0.1,0,T2ax+SWIax+T1sag+FLAIRcor,0100111,4,Cerebral atrophy,12,324,2512,0.8919061886383641,0.5884112502197654
0.1,0,T2ax+SWIax+T1sag+FLAIRcor,0100111,4,Encephalomalacia,13,84,2512,0.6576596454067625,0.1214825720653156
0.1,0,T2ax+SWIax+T1sag+FLAIRcor,0100111,4,Arachnoid cyst,14,69,2512,0.636779440815818,0.06472458940184526
0.1,0,T2ax+SWIax+T1sag+FLAIRcor,0100111,4,Empty sella syndrome,15,72,2512,0.651115664845173,0.04813164972525548
0.1,0,T2ax+SWIax+T1sag+FLAIRcor,0100111,4,Cyst of pineal gland,19,27,2512,0.6279603547209182,0.03435159384982059
0.1,0,T2ax+SWIax+T1sag+FLAIRcor,0100111,4,Cerebral edema,22,197,2512,0.8467969872054906,0.4528671757201909
0.1,0,T2ax+SWIax+T1sag+FLAIRcor,0100111,4,Mastoiditis,24,62,2512,0.6244832126398947,0.045864758114258775
0.1,0,T2ax+SWIax+T1sag+FLAIRcor,0100111,4,Chronic mastoiditis,25,25,2512,0.6756735022114998,0.02687830869501266
0.1,0,T2ax+SWIax+T1sag+FLAIRcor,0100111,4,Ventriculomegaly,26,304,2512,0.887253587433257,0.5307329329848057
0.1,0,T2ax+SWIax+T1sag+FLAIRcor,0100111,4,Cerebellar degeneration,27,94,2512,0.8188277634056631,0.16482364408235609
0.1,0,T2ax+SWIax+T1sag+FLAIRcor,0100111,4,Mega cisterna magna,28,20,2512,0.6027086677367577,0.011669194154435222
0.1,0,T2ax+SWIax+T1sag+FLAIRcor,0100111,4,Foraminal Spinal Stenosis,33,25,2512,0.6330518697225573,0.015241078506131576
0.1,0,T2ax+FLAIRsag+T1sag+FLAIRcor,0101011,4,Cerebral infarction,0,161,2512,0.7734596880936089,0.20309210671092257
0.1,0,T2ax+FLAIRsag+T1sag+FLAIRcor,0101011,4,Cerebral hemorrhage,1,127,2512,0.7797751696132323,0.2535531047915039
0.1,0,T2ax+FLAIRsag+T1sag+FLAIRcor,0101011,4,Metastatic malignant neoplasm to brain,2,144,2512,0.7512229025900901,0.21783541292381964
0.1,0,T2ax+FLAIRsag+T1sag+FLAIRcor,0101011,4,Intracranial meningioma,3,62,2512,0.6453324555628703,0.04080841216438995
0.1,0,T2ax+FLAIRsag+T1sag+FLAIRcor,0101011,4,Demyelinating disease of central nervous system,4,66,2512,0.750117693699051,0.1058055376402104
0.1,0,T2ax+FLAIRsag+T1sag+FLAIRcor,0101011,4,Herniation of nucleus pulposus,5,42,2512,0.687941006362059,0.032937277107599916
0.1,0,T2ax+FLAIRsag+T1sag+FLAIRcor,0101011,4,Spinal cord compression,6,23,2512,0.47957098188551367,0.008903679734383994
0.1,0,T2ax+FLAIRsag+T1sag+FLAIRcor,0101011,4,Lacunar infarct,7,86,2512,0.8326942617764912,0.1338853904441264
0.1,0,T2ax+FLAIRsag+T1sag+FLAIRcor,0101011,4,Silent micro-hemorrhage of brain,8,77,2512,0.6079628790101068,0.05876993118381082
0.1,0,T2ax+FLAIRsag+T1sag+FLAIRcor,0101011,4,Gliosis,11,1027,2512,0.7393913166065065,0.6681584044195812
0.1,0,T2ax+FLAIRsag+T1sag+FLAIRcor,0101011,4,Cerebral atrophy,12,324,2512,0.8896252285191957,0.6187948760300301
0.1,0,T2ax+FLAIRsag+T1sag+FLAIRcor,0101011,4,Encephalomalacia,13,84,2512,0.6564878010512277,0.14987612628399793
0.1,0,T2ax+FLAIRsag+T1sag+FLAIRcor,0101011,4,Arachnoid cyst,14,69,2512,0.6690989339550446,0.052014287724433686
0.1,0,T2ax+FLAIRsag+T1sag+FLAIRcor,0101011,4,Empty sella syndrome,15,72,2512,0.6658299180327869,0.04693569428633561
0.1,0,T2ax+FLAIRsag+T1sag+FLAIRcor,0101011,4,Cyst of pineal gland,19,27,2512,0.6508085550339072,0.02141223706272833
0.1,0,T2ax+FLAIRsag+T1sag+FLAIRcor,0101011,4,Cerebral edema,22,197,2512,0.8402034842288759,0.4639491312133331
0.1,0,T2ax+FLAIRsag+T1sag+FLAIRcor,0101011,4,Mastoiditis,24,62,2512,0.6035154707044108,0.0426594550739551
0.1,0,T2ax+FLAIRsag+T1sag+FLAIRcor,0101011,4,Chronic mastoiditis,25,25,2512,0.6748210695617209,0.02574984526327445
0.1,0,T2ax+FLAIRsag+T1sag+FLAIRcor,0101011,4,Ventriculomegaly,26,304,2512,0.875178775743707,0.5294684047089866
0.1,0,T2ax+FLAIRsag+T1sag+FLAIRcor,0101011,4,Cerebellar degeneration,27,94,2512,0.7909253295320557,0.14960356528923816
0.1,0,T2ax+FLAIRsag+T1sag+FLAIRcor,0101011,4,Mega cisterna magna,28,20,2512,0.6079855537720706,0.013136374134572396
0.1,0,T2ax+FLAIRsag+T1sag+FLAIRcor,0101011,4,Foraminal Spinal Stenosis,33,25,2512,0.6192360273421793,0.016331853980210764
0.1,0,T2ax+FLAIRsag+SWIax+FLAIRcor,0101101,4,Cerebral infarction,0,161,2512,0.7968064336307268,0.24972795946791845
0.1,0,T2ax+FLAIRsag+SWIax+FLAIRcor,0101101,4,Cerebral hemorrhage,1,127,2512,0.8171115403027451,0.2699141735302675
0.1,0,T2ax+FLAIRsag+SWIax+FLAIRcor,0101101,4,Metastatic malignant neoplasm to brain,2,144,2512,0.7690268393393394,0.20026770995562065
0.1,0,T2ax+FLAIRsag+SWIax+FLAIRcor,0101101,4,Intracranial meningioma,3,62,2512,0.698788676761027,0.04968649937853396
0.1,0,T2ax+FLAIRsag+SWIax+FLAIRcor,0101101,4,Demyelinating disease of central nervous system,4,66,2512,0.7218154562798881,0.07024659278041612
0.1,0,T2ax+FLAIRsag+SWIax+FLAIRcor,0101101,4,Herniation of nucleus pulposus,5,42,2512,0.7179776363986891,0.03577816855432509
0.1,0,T2ax+FLAIRsag+SWIax+FLAIRcor,0101101,4,Spinal cord compression,6,23,2512,0.386745156951456,0.007129066017510772
0.1,0,T2ax+FLAIRsag+SWIax+FLAIRcor,0101101,4,Lacunar infarct,7,86,2512,0.8458175961962462,0.15402553739682265
0.1,0,T2ax+FLAIRsag+SWIax+FLAIRcor,0101101,4,Silent micro-hemorrhage of brain,8,77,2512,0.6821621909917598,0.09063186024049498
0.1,0,T2ax+FLAIRsag+SWIax+FLAIRcor,0101101,4,Gliosis,11,1027,2512,0.7388831515413793,0.6682948881171611
0.1,0,T2ax+FLAIRsag+SWIax+FLAIRcor,0101101,4,Cerebral atrophy,12,324,2512,0.8919767192542938,0.608753799730294
0.1,0,T2ax+FLAIRsag+SWIax+FLAIRcor,0101101,4,Encephalomalacia,13,84,2512,0.6538793441594101,0.15381234417244904
0.1,0,T2ax+FLAIRsag+SWIax+FLAIRcor,0101101,4,Arachnoid cyst,14,69,2512,0.6372243677588141,0.04903750485163917
0.1,0,T2ax+FLAIRsag+SWIax+FLAIRcor,0101101,4,Empty sella syndrome,15,72,2512,0.6853711293260474,0.05884236537803724
0.1,0,T2ax+FLAIRsag+SWIax+FLAIRcor,0101101,4,Cyst of pineal gland,19,27,2512,0.6600789924733587,0.020985230657135232
0.1,0,T2ax+FLAIRsag+SWIax+FLAIRcor,0101101,4,Cerebral edema,22,197,2512,0.8447139051210929,0.4575018018965969
0.1,0,T2ax+FLAIRsag+SWIax+FLAIRcor,0101101,4,Mastoiditis,24,62,2512,0.6789400921658986,0.06621404778820535
0.1,0,T2ax+FLAIRsag+SWIax+FLAIRcor,0101101,4,Chronic mastoiditis,25,25,2512,0.6969199839163651,0.04942704191192133
0.1,0,T2ax+FLAIRsag+SWIax+FLAIRcor,0101101,4,Ventriculomegaly,26,304,2512,0.8783326778222732,0.5161306007098982
0.1,0,T2ax+FLAIRsag+SWIax+FLAIRcor,0101101,4,Cerebellar degeneration,27,94,2512,0.7541928444467909,0.1323377984862017
0.1,0,T2ax+FLAIRsag+SWIax+FLAIRcor,0101101,4,Mega cisterna magna,28,20,2512,0.6530497592295345,0.01866994084305054
0.1,0,T2ax+FLAIRsag+SWIax+FLAIRcor,0101101,4,Foraminal Spinal Stenosis,33,25,2512,0.6116767189384801,0.016373402855830995
0.1,0,T2ax+FLAIRsag+SWIax+T1sag,0101110,4,Cerebral infarction,0,161,2512,0.7926638855938137,0.2352690063797905
0.1,0,T2ax+FLAIRsag+SWIax+T1sag,0101110,4,Cerebral hemorrhage,1,127,2512,0.8054969543901351,0.27174714448625104
0.1,0,T2ax+FLAIRsag+SWIax+T1sag,0101110,4,Metastatic malignant neoplasm to brain,2,144,2512,0.7571673235735735,0.19636654254664063
0.1,0,T2ax+FLAIRsag+SWIax+T1sag,0101110,4,Intracranial meningioma,3,62,2512,0.6503225806451614,0.05193130194973022
0.1,0,T2ax+FLAIRsag+SWIax+T1sag,0101110,4,Demyelinating disease of central nervous system,4,66,2512,0.7413464159171437,0.06762174497049402
0.1,0,T2ax+FLAIRsag+SWIax+T1sag,0101110,4,Herniation of nucleus pulposus,5,42,2512,0.7030075187969924,0.036134410360236575
0.1,0,T2ax+FLAIRsag+SWIax+T1sag,0101110,4,Spinal cord compression,6,23,2512,0.42828445158698275,0.007694650373210066
0.1,0,T2ax+FLAIRsag+SWIax+T1sag,0101110,4,Lacunar infarct,7,86,2512,0.8456785981326328,0.15357696856374534
0.1,0,T2ax+FLAIRsag+SWIax+T1sag,0101110,4,Silent micro-hemorrhage of brain,8,77,2512,0.6148163951038694,0.06308902851944968
0.1,0,T2ax+FLAIRsag+SWIax+T1sag,0101110,4,Gliosis,11,1027,2512,0.7431969811716648,0.6672681308298241
0.1,0,T2ax+FLAIRsag+SWIax+T1sag,0101110,4,Cerebral atrophy,12,324,2512,0.893924774866274,0.6080979016299459
0.1,0,T2ax+FLAIRsag+SWIax+T1sag,0101110,4,Encephalomalacia,13,84,2512,0.7034253157605711,0.16681555003273985
0.1,0,T2ax+FLAIRsag+SWIax+T1sag,0101110,4,Arachnoid cyst,14,69,2512,0.6425278969193259,0.05128294110519291
0.1,0,T2ax+FLAIRsag+SWIax+T1sag,0101110,4,Empty sella syndrome,15,72,2512,0.6265027322404372,0.04424895136552845
0.1,0,T2ax+FLAIRsag+SWIax+T1sag,0101110,4,Cyst of pineal gland,19,27,2512,0.6293464490647589,0.03388785341333069
0.1,0,T2ax+FLAIRsag+SWIax+T1sag,0101110,4,Cerebral edema,22,197,2512,0.8298450844744603,0.44356435168645736
0.1,0,T2ax+FLAIRsag+SWIax+T1sag,0101110,4,Mastoiditis,24,62,2512,0.6232718894009217,0.05477649613733705
0.1,0,T2ax+FLAIRsag+SWIax+T1sag,0101110,4,Chronic mastoiditis,25,25,2512,0.682605548854041,0.031008905247037265
0.1,0,T2ax+FLAIRsag+SWIax+T1sag,0101110,4,Ventriculomegaly,26,304,2512,0.8878718535469109,0.553887569192946
0.1,0,T2ax+FLAIRsag+SWIax+T1sag,0101110,4,Cerebellar degeneration,27,94,2512,0.8130862502859757,0.15360730443696108
0.1,0,T2ax+FLAIRsag+SWIax+T1sag,0101110,4,Mega cisterna magna,28,20,2512,0.6127407704654896,0.01327915259169166
0.1,0,T2ax+FLAIRsag+SWIax+T1sag,0101110,4,Foraminal Spinal Stenosis,33,25,2512,0.5981021310816244,0.013766348116748529
0.1,0,T2ax+FLAIRax+T1sag+FLAIRcor,0110011,4,Cerebral infarction,0,161,2512,0.7617242299431193,0.20455245027105476
0.1,0,T2ax+FLAIRax+T1sag+FLAIRcor,0110011,4,Cerebral hemorrhage,1,127,2512,0.8000627280080557,0.28876172231601877
0.1,0,T2ax+FLAIRax+T1sag+FLAIRcor,0110011,4,Metastatic malignant neoplasm to brain,2,144,2512,0.7759712837837837,0.22764856582577744
0.1,0,T2ax+FLAIRax+T1sag+FLAIRcor,0110011,4,Intracranial meningioma,3,62,2512,0.6373864384463462,0.03706984093153241
0.1,0,T2ax+FLAIRax+T1sag+FLAIRcor,0110011,4,Demyelinating disease of central nervous system,4,66,2512,0.7602083797913725,0.11544321339113156
0.1,0,T2ax+FLAIRax+T1sag+FLAIRcor,0110011,4,Herniation of nucleus pulposus,5,42,2512,0.7245324850588009,0.04139817000166836
0.1,0,T2ax+FLAIRax+T1sag+FLAIRcor,0110011,4,Spinal cord compression,6,23,2512,0.5705801177354272,0.011653448671730139
0.1,0,T2ax+FLAIRax+T1sag+FLAIRcor,0110011,4,Lacunar infarct,7,86,2512,0.8312323855902145,0.13864628895930134
0.1,0,T2ax+FLAIRax+T1sag+FLAIRcor,0110011,4,Silent micro-hemorrhage of brain,8,77,2512,0.6413557694871862,0.06387728106188112
0.1,0,T2ax+FLAIRax+T1sag+FLAIRcor,0110011,4,Gliosis,11,1027,2512,0.7358957966552904,0.6687829898180778
0.1,0,T2ax+FLAIRax+T1sag+FLAIRcor,0110011,4,Cerebral atrophy,12,324,2512,0.8916861331166632,0.623756313012841
0.1,0,T2ax+FLAIRax+T1sag+FLAIRcor,0110011,4,Encephalomalacia,13,84,2512,0.6452498627127952,0.11699428049444834
0.1,0,T2ax+FLAIRax+T1sag+FLAIRcor,0110011,4,Arachnoid cyst,14,69,2512,0.6815331589219716,0.06373314644090397
0.1,0,T2ax+FLAIRax+T1sag+FLAIRcor,0110011,4,Empty sella syndrome,15,72,2512,0.6776468579234972,0.053174974534675304
0.1,0,T2ax+FLAIRax+T1sag+FLAIRcor,0110011,4,Cyst of pineal gland,19,27,2512,0.6559356136820924,0.017755603512248534
0.1,0,T2ax+FLAIRax+T1sag+FLAIRcor,0110011,4,Cerebral edema,22,197,2512,0.8415980528664307,0.4957852171505624
0.1,0,T2ax+FLAIRax+T1sag+FLAIRcor,0110011,4,Mastoiditis,24,62,2512,0.606938775510204,0.056722177577518046
0.1,0,T2ax+FLAIRax+T1sag+FLAIRcor,0110011,4,Chronic mastoiditis,25,25,2512,0.7274788902291918,0.028500994618027038
0.1,0,T2ax+FLAIRax+T1sag+FLAIRcor,0110011,4,Ventriculomegaly,26,304,2512,0.8882472826086957,0.5446932808551322
0.1,0,T2ax+FLAIRax+T1sag+FLAIRcor,0110011,4,Cerebellar degeneration,27,94,2512,0.8132358376009713,0.16480834389496385
0.1,0,T2ax+FLAIRax+T1sag+FLAIRcor,0110011,4,Mega cisterna magna,28,20,2512,0.6185192616372391,0.013219259357346212
0.1,0,T2ax+FLAIRax+T1sag+FLAIRcor,0110011,4,Foraminal Spinal Stenosis,33,25,2512,0.5945958986731001,0.013934813005380424
0.1,0,T2ax+FLAIRax+SWIax+FLAIRcor,0110101,4,Cerebral infarction,0,161,2512,0.8057467286287585,0.28093473895781634
0.1,0,T2ax+FLAIRax+SWIax+FLAIRcor,0110101,4,Cerebral hemorrhage,1,127,2512,0.8289803397216858,0.2984122470177515
0.1,0,T2ax+FLAIRax+SWIax+FLAIRcor,0110101,4,Metastatic malignant neoplasm to brain,2,144,2512,0.779713307057057,0.207949026892035
0.1,0,T2ax+FLAIRax+SWIax+FLAIRcor,0110101,4,Intracranial meningioma,3,62,2512,0.6738907175773535,0.0522743711805282
0.1,0,T2ax+FLAIRax+SWIax+FLAIRcor,0110101,4,Demyelinating disease of central nervous system,4,66,2512,0.7794853688148864,0.09878113821363808
0.1,0,T2ax+FLAIRax+SWIax+FLAIRcor,0110101,4,Herniation of nucleus pulposus,5,42,2512,0.7485444380181223,0.04595357722523747
0.1,0,T2ax+FLAIRax+SWIax+FLAIRcor,0110101,4,Spinal cord compression,6,23,2512,0.5021223819588799,0.009128929161698456
0.1,0,T2ax+FLAIRax+SWIax+FLAIRcor,0110101,4,Lacunar infarct,7,86,2512,0.8575845012366033,0.18725785288784
0.1,0,T2ax+FLAIRax+SWIax+FLAIRcor,0110101,4,Silent micro-hemorrhage of brain,8,77,2512,0.7014960398943972,0.1046649553267178
0.1,0,T2ax+FLAIRax+SWIax+FLAIRcor,0110101,4,Gliosis,11,1027,2512,0.7380077962356443,0.669941716044044
0.1,0,T2ax+FLAIRax+SWIax+FLAIRcor,0110101,4,Cerebral atrophy,12,324,2512,0.8977827995576321,0.6098586093497861
0.1,0,T2ax+FLAIRax+SWIax+FLAIRcor,0110101,4,Encephalomalacia,13,84,2512,0.6411704714834863,0.1315752359698593
0.1,0,T2ax+FLAIRax+SWIax+FLAIRcor,0110101,4,Arachnoid cyst,14,69,2512,0.6430084180177614,0.05693229674214962
0.1,0,T2ax+FLAIRax+SWIax+FLAIRcor,0110101,4,Empty sella syndrome,15,72,2512,0.7206739526411657,0.06939493429780484
0.1,0,T2ax+FLAIRax+SWIax+FLAIRcor,0110101,4,Cyst of pineal gland,19,27,2512,0.6632386914077055,0.02091925183278473
0.1,0,T2ax+FLAIRax+SWIax+FLAIRcor,0110101,4,Cerebral edema,22,197,2512,0.8433916961769962,0.4678832915611012
0.1,0,T2ax+FLAIRax+SWIax+FLAIRcor,0110101,4,Mastoiditis,24,62,2512,0.6839170506912443,0.07308166815089712
0.1,0,T2ax+FLAIRax+SWIax+FLAIRcor,0110101,4,Chronic mastoiditis,25,25,2512,0.7044792923200643,0.04152424850881357
0.1,0,T2ax+FLAIRax+SWIax+FLAIRcor,0110101,4,Ventriculomegaly,26,304,2512,0.8824266423531656,0.5195344875086078
0.1,0,T2ax+FLAIRax+SWIax+FLAIRcor,0110101,4,Cerebellar degeneration,27,94,2512,0.7706650476039633,0.14404564993906815
0.1,0,T2ax+FLAIRax+SWIax+FLAIRcor,0110101,4,Mega cisterna magna,28,20,2512,0.6931982343499197,0.028071928340950784
0.1,0,T2ax+FLAIRax+SWIax+FLAIRcor,0110101,4,Foraminal Spinal Stenosis,33,25,2512,0.6309609971853638,0.014080259800721617
0.1,0,T2ax+FLAIRax+SWIax+T1sag,0110110,4,Cerebral infarction,0,161,2512,0.7885081279011705,0.2242431250167711
0.1,0,T2ax+FLAIRax+SWIax+T1sag,0110110,4,Cerebral hemorrhage,1,127,2512,0.8150118027699369,0.3158684114183893
0.1,0,T2ax+FLAIRax+SWIax+T1sag,0110110,4,Metastatic malignant neoplasm to brain,2,144,2512,0.786572705518018,0.2078670439724294
0.1,0,T2ax+FLAIRax+SWIax+T1sag,0110110,4,Intracranial meningioma,3,62,2512,0.6513232389730086,0.06035175113112146
0.1,0,T2ax+FLAIRax+SWIax+T1sag,0110110,4,Demyelinating disease of central nervous system,4,66,2512,0.7591367476894869,0.10593634298387097
0.1,0,T2ax+FLAIRax+SWIax+T1sag,0110110,4,Herniation of nucleus pulposus,5,42,2512,0.7459514170040487,0.04764890818186062
0.1,0,T2ax+FLAIRax+SWIax+T1sag,0110110,4,Spinal cord compression,6,23,2512,0.47911680961447756,0.008841135237618909
0.1,0,T2ax+FLAIRax+SWIax+T1sag,0110110,4,Lacunar infarct,7,86,2512,0.8369073410149734,0.1603692006384672
0.1,0,T2ax+FLAIRax+SWIax+T1sag,0110110,4,Silent micro-hemorrhage of brain,8,77,2512,0.6378890103736099,0.06869836998013752
0.1,0,T2ax+FLAIRax+SWIax+T1sag,0110110,4,Gliosis,11,1027,2512,0.7350125729872565,0.6576123343351146
0.1,0,T2ax+FLAIRax+SWIax+T1sag,0110110,4,Cerebral atrophy,12,324,2512,0.8955300516848353,0.6070758066186162
0.1,0,T2ax+FLAIRax+SWIax+T1sag,0110110,4,Encephalomalacia,13,84,2512,0.6608907978347847,0.13270826977547068
0.1,0,T2ax+FLAIRax+SWIax+T1sag,0110110,4,Arachnoid cyst,14,69,2512,0.6483475413337131,0.05630679062353852
0.1,0,T2ax+FLAIRax+SWIax+T1sag,0110110,4,Empty sella syndrome,15,72,2512,0.630066029143898,0.04287729586231265
0.1,0,T2ax+FLAIRax+SWIax+T1sag,0110110,4,Cyst of pineal gland,19,27,2512,0.6524778299426186,0.05224500556062584
0.1,0,T2ax+FLAIRax+SWIax+T1sag,0110110,4,Cerebral edema,22,197,2512,0.8359803093925076,0.46103049638467697
0.1,0,T2ax+FLAIRax+SWIax+T1sag,0110110,4,Mastoiditis,24,62,2512,0.6320078999341672,0.08397158251096046
0.1,0,T2ax+FLAIRax+SWIax+T1sag,0110110,4,Chronic mastoiditis,25,25,2512,0.7201930036188179,0.034543993423951196
0.1,0,T2ax+FLAIRax+SWIax+T1sag,0110110,4,Ventriculomegaly,26,304,2512,0.8913341437833714,0.5405504959703743
0.1,0,T2ax+FLAIRax+SWIax+T1sag,0110110,4,Cerebellar degeneration,27,94,2512,0.8320178448867536,0.1669810783121703
0.1,0,T2ax+FLAIRax+SWIax+T1sag,0110110,4,Mega cisterna magna,28,20,2512,0.6687600321027287,0.017818357217142634
0.1,0,T2ax+FLAIRax+SWIax+T1sag,0110110,4,Foraminal Spinal Stenosis,33,25,2512,0.5465379975874547,0.011624569802823979
0.1,0,T2ax+FLAIRax+FLAIRsag+FLAIRcor,0111001,4,Cerebral infarction,0,161,2512,0.7721545741074897,0.23847126545712907
0.1,0,T2ax+FLAIRax+FLAIRsag+FLAIRcor,0111001,4,Cerebral hemorrhage,1,127,2512,0.8113999900955777,0.26021095964138174
0.1,0,T2ax+FLAIRax+FLAIRsag+FLAIRcor,0111001,4,Metastatic malignant neoplasm to brain,2,144,2512,0.7882560294669669,0.24590573921981096
0.1,0,T2ax+FLAIRax+FLAIRsag+FLAIRcor,0111001,4,Intracranial meningioma,3,62,2512,0.6689466754443713,0.05044474574334844
0.1,0,T2ax+FLAIRax+FLAIRsag+FLAIRcor,0111001,4,Demyelinating disease of central nervous system,4,66,2512,0.7243551624173047,0.08816771920931975
0.1,0,T2ax+FLAIRax+FLAIRsag+FLAIRcor,0111001,4,Herniation of nucleus pulposus,5,42,2512,0.7207441681125892,0.04169727058625855
0.1,0,T2ax+FLAIRax+FLAIRsag+FLAIRcor,0111001,4,Spinal cord compression,6,23,2512,0.5395566579908118,0.009954698668553282
0.1,0,T2ax+FLAIRax+FLAIRsag+FLAIRcor,0111001,4,Lacunar infarct,7,86,2512,0.8269282386548822,0.15334148831382807
0.1,0,T2ax+FLAIRax+FLAIRsag+FLAIRcor,0111001,4,Silent micro-hemorrhage of brain,8,77,2512,0.6624976666044428,0.0800930784058635
0.1,0,T2ax+FLAIRax+FLAIRsag+FLAIRcor,0111001,4,Gliosis,11,1027,2512,0.7373855399171856,0.6695339607168249
0.1,0,T2ax+FLAIRax+FLAIRsag+FLAIRcor,0111001,4,Cerebral atrophy,12,324,2512,0.8987674069560114,0.631042334160863
0.1,0,T2ax+FLAIRax+FLAIRsag+FLAIRcor,0111001,4,Encephalomalacia,13,84,2512,0.6636463481603515,0.13291506680477141
0.1,0,T2ax+FLAIRax+FLAIRsag+FLAIRcor,0111001,4,Arachnoid cyst,14,69,2512,0.660034289036407,0.06046954824478961
0.1,0,T2ax+FLAIRax+FLAIRsag+FLAIRcor,0111001,4,Empty sella syndrome,15,72,2512,0.7003187613843351,0.05611660552706997
0.1,0,T2ax+FLAIRax+FLAIRsag+FLAIRcor,0111001,4,Cyst of pineal gland,19,27,2512,0.6622699157910424,0.017660786218323846
0.1,0,T2ax+FLAIRax+FLAIRsag+FLAIRcor,0111001,4,Cerebral edema,22,197,2512,0.8322373397945424,0.4753976089761225
0.1,0,T2ax+FLAIRax+FLAIRsag+FLAIRcor,0111001,4,Mastoiditis,24,62,2512,0.6773666886109282,0.07240363263110272
0.1,0,T2ax+FLAIRax+FLAIRsag+FLAIRcor,0111001,4,Chronic mastoiditis,25,25,2512,0.7275271411338963,0.05755738066089888
0.1,0,T2ax+FLAIRax+FLAIRsag+FLAIRcor,0111001,4,Ventriculomegaly,26,304,2512,0.8781762490465294,0.5366078185748021
0.1,0,T2ax+FLAIRax+FLAIRsag+FLAIRcor,0111001,4,Cerebellar degeneration,27,94,2512,0.770643049469405,0.1649750011073953
0.1,0,T2ax+FLAIRax+FLAIRsag+FLAIRcor,0111001,4,Mega cisterna magna,28,20,2512,0.6668739967897271,0.01891350974249358
0.1,0,T2ax+FLAIRax+FLAIRsag+FLAIRcor,0111001,4,Foraminal Spinal Stenosis,33,25,2512,0.5643264977885002,0.014545644723091312
0.1,0,T2ax+FLAIRax+FLAIRsag+T1sag,0111010,4,Cerebral infarction,0,161,2512,0.7701493483676828,0.21593423282040902
0.1,0,T2ax+FLAIRax+FLAIRsag+T1sag,0111010,4,Cerebral hemorrhage,1,127,2512,0.7917132999884448,0.25806471466879266
0.1,0,T2ax+FLAIRax+FLAIRsag+T1sag,0111010,4,Metastatic malignant neoplasm to brain,2,144,2512,0.7791531766141142,0.23439911642464373
0.1,0,T2ax+FLAIRax+FLAIRsag+T1sag,0111010,4,Intracranial meningioma,3,62,2512,0.6453061224489796,0.05955018401352094
0.1,0,T2ax+FLAIRax+FLAIRsag+T1sag,0111010,4,Demyelinating disease of central nervous system,4,66,2512,0.7460603582843975,0.09578516257920638
0.1,0,T2ax+FLAIRax+FLAIRsag+T1sag,0111010,4,Herniation of nucleus pulposus,5,42,2512,0.7165317139001349,0.042619891053885195
0.1,0,T2ax+FLAIRax+FLAIRsag+T1sag,0111010,4,Spinal cord compression,6,23,2512,0.5752266494314112,0.010871309861115529
0.1,0,T2ax+FLAIRax+FLAIRsag+T1sag,0111010,4,Lacunar infarct,7,86,2512,0.8213155927069156,0.14891024476278922
0.1,0,T2ax+FLAIRax+FLAIRsag+T1sag,0111010,4,Silent micro-hemorrhage of brain,8,77,2512,0.5944638523693965,0.06732665602877524
0.1,0,T2ax+FLAIRax+FLAIRsag+T1sag,0111010,4,Gliosis,11,1027,2512,0.7421596687419472,0.6672179641419085
0.1,0,T2ax+FLAIRax+FLAIRsag+T1sag,0111010,4,Cerebral atrophy,12,324,2512,0.8985346559234433,0.6481523226692129
0.1,0,T2ax+FLAIRax+FLAIRsag+T1sag,0111010,4,Encephalomalacia,13,84,2512,0.6662989330822938,0.15208328687533768
0.1,0,T2ax+FLAIRax+FLAIRsag+T1sag,0111010,4,Arachnoid cyst,14,69,2512,0.6862553168769688,0.0623782921073418
0.1,0,T2ax+FLAIRax+FLAIRsag+T1sag,0111010,4,Empty sella syndrome,15,72,2512,0.6425717213114754,0.04417452516184422
0.1,0,T2ax+FLAIRax+FLAIRsag+T1sag,0111010,4,Cyst of pineal gland,19,27,2512,0.6514345331246739,0.018949706210804634
0.1,0,T2ax+FLAIRax+FLAIRsag+T1sag,0111010,4,Cerebral edema,22,197,2512,0.8345089956255277,0.47872447184501554
0.1,0,T2ax+FLAIRax+FLAIRsag+T1sag,0111010,4,Mastoiditis,24,62,2512,0.6049440421329823,0.08230966114289952
0.1,0,T2ax+FLAIRax+FLAIRsag+T1sag,0111010,4,Chronic mastoiditis,25,25,2512,0.7194049055086449,0.035295763043892654
0.1,0,T2ax+FLAIRax+FLAIRsag+T1sag,0111010,4,Ventriculomegaly,26,304,2512,0.8834307661136537,0.5277397663949144
0.1,0,T2ax+FLAIRax+FLAIRsag+T1sag,0111010,4,Cerebellar degeneration,27,94,2512,0.8177014589162839,0.163310277237438
0.1,0,T2ax+FLAIRax+FLAIRsag+T1sag,0111010,4,Mega cisterna magna,28,20,2512,0.6396067415730337,0.013387441894115448
0.1,0,T2ax+FLAIRax+FLAIRsag+T1sag,0111010,4,Foraminal Spinal Stenosis,33,25,2512,0.5568958584640129,0.011367525791522715
0.1,0,T2ax+FLAIRax+FLAIRsag+SWIax,0111100,4,Cerebral infarction,0,161,2512,0.8134056870209848,0.2834609824116143
0.1,0,T2ax+FLAIRax+FLAIRsag+SWIax,0111100,4,Cerebral hemorrhage,1,127,2512,0.8199078888723815,0.26271779927401323
0.1,0,T2ax+FLAIRax+FLAIRsag+SWIax,0111100,4,Metastatic malignant neoplasm to brain,2,144,2512,0.7880507460585585,0.23106367663441588
0.1,0,T2ax+FLAIRax+FLAIRsag+SWIax,0111100,4,Intracranial meningioma,3,62,2512,0.6828571428571428,0.05345951968147411
0.1,0,T2ax+FLAIRax+FLAIRsag+SWIax,0111100,4,Demyelinating disease of central nervous system,4,66,2512,0.73561039668971,0.07523205130894506
0.1,0,T2ax+FLAIRax+FLAIRsag+SWIax,0111100,4,Herniation of nucleus pulposus,5,42,2512,0.7620782726045884,0.05360759104897611
0.1,0,T2ax+FLAIRax+FLAIRsag+SWIax,0111100,4,Spinal cord compression,6,23,2512,0.4512376194385732,0.00813127223869176
0.1,0,T2ax+FLAIRax+FLAIRsag+SWIax,0111100,4,Lacunar infarct,7,86,2512,0.8561561763070612,0.1681940005607158
0.1,0,T2ax+FLAIRax+FLAIRsag+SWIax,0111100,4,Silent micro-hemorrhage of brain,8,77,2512,0.6624443318488493,0.09910092513953395
0.1,0,T2ax+FLAIRax+FLAIRsag+SWIax,0111100,4,Gliosis,11,1027,2512,0.7413007058576678,0.6638913520523061
0.1,0,T2ax+FLAIRax+FLAIRsag+SWIax,0111100,4,Cerebral atrophy,12,324,2512,0.9021500552960029,0.6330616023767103
0.1,0,T2ax+FLAIRax+FLAIRsag+SWIax,0111100,4,Encephalomalacia,13,84,2512,0.6504324546952225,0.15908227641766642
0.1,0,T2ax+FLAIRax+FLAIRsag+SWIax,0111100,4,Arachnoid cyst,14,69,2512,0.6415015987708151,0.05306785469920457
0.1,0,T2ax+FLAIRax+FLAIRsag+SWIax,0111100,4,Empty sella syndrome,15,72,2512,0.6644068761384335,0.05107078051828691
0.1,0,T2ax+FLAIRax+FLAIRsag+SWIax,0111100,4,Cyst of pineal gland,19,27,2512,0.6406587674193307,0.03395457972795845
0.1,0,T2ax+FLAIRax+FLAIRsag+SWIax,0111100,4,Cerebral edema,22,197,2512,0.8303274824308471,0.4540323615605398
0.1,0,T2ax+FLAIRax+FLAIRsag+SWIax,0111100,4,Mastoiditis,24,62,2512,0.6832389730085583,0.10023229267569292
0.1,0,T2ax+FLAIRax+FLAIRsag+SWIax,0111100,4,Chronic mastoiditis,25,25,2512,0.744366706875754,0.05261107451811031
0.1,0,T2ax+FLAIRax+FLAIRsag+SWIax,0111100,4,Ventriculomegaly,26,304,2512,0.8867127908085431,0.5453399387601843
0.1,0,T2ax+FLAIRax+FLAIRsag+SWIax,0111100,4,Cerebellar degeneration,27,94,2512,0.7764901536349718,0.15616603120907768
0.1,0,T2ax+FLAIRax+FLAIRsag+SWIax,0111100,4,Mega cisterna magna,28,20,2512,0.695284911717496,0.02693186676418536
0.1,0,T2ax+FLAIRax+FLAIRsag+SWIax,0111100,4,Foraminal Spinal Stenosis,33,25,2512,0.5275753920386008,0.012142835749803974
0.1,0,T1ax+SWIax+T1sag+FLAIRcor,1000111,4,Cerebral infarction,0,161,2512,0.7502265455957687,0.18659939118630606
0.1,0,T1ax+SWIax+T1sag+FLAIRcor,1000111,4,Cerebral hemorrhage,1,127,2512,0.795133627164529,0.2961911476608723
0.1,0,T1ax+SWIax+T1sag+FLAIRcor,1000111,4,Metastatic malignant neoplasm to brain,2,144,2512,0.7538182713963963,0.1926025477054414
0.1,0,T1ax+SWIax+T1sag+FLAIRcor,1000111,4,Intracranial meningioma,3,62,2512,0.6810401579986833,0.047120490599654
0.1,0,T1ax+SWIax+T1sag+FLAIRcor,1000111,4,Demyelinating disease of central nervous system,4,66,2512,0.7357838400356798,0.07947550911448543
0.1,0,T1ax+SWIax+T1sag+FLAIRcor,1000111,4,Herniation of nucleus pulposus,5,42,2512,0.6788798920377868,0.0362815545824964
0.1,0,T1ax+SWIax+T1sag+FLAIRcor,1000111,4,Spinal cord compression,6,23,2512,0.5270843887015914,0.01075450944035705
0.1,0,T1ax+SWIax+T1sag+FLAIRcor,1000111,4,Lacunar infarct,7,86,2512,0.8204672252152073,0.13352293978865207
0.1,0,T1ax+SWIax+T1sag+FLAIRcor,1000111,4,Silent micro-hemorrhage of brain,8,77,2512,0.6958692231792848,0.06914752500662277
0.1,0,T1ax+SWIax+T1sag+FLAIRcor,1000111,4,Gliosis,11,1027,2512,0.7360846373504601,0.6579492580301853
0.1,0,T1ax+SWIax+T1sag+FLAIRcor,1000111,4,Cerebral atrophy,12,324,2512,0.8895278962692126,0.5932225530850075
0.1,0,T1ax+SWIax+T1sag+FLAIRcor,1000111,4,Encephalomalacia,13,84,2512,0.6931827096571743,0.12382565749489095
0.1,0,T1ax+SWIax+T1sag+FLAIRcor,1000111,4,Arachnoid cyst,14,69,2512,0.6712761097961049,0.07221741572523886
0.1,0,T1ax+SWIax+T1sag+FLAIRcor,1000111,4,Empty sella syndrome,15,72,2512,0.6577470400728597,0.04538174482910765
0.1,0,T1ax+SWIax+T1sag+FLAIRcor,1000111,4,Cyst of pineal gland,19,27,2512,0.6701989716074223,0.0318386118345767
0.1,0,T1ax+SWIax+T1sag+FLAIRcor,1000111,4,Cerebral edema,22,197,2512,0.8404753812588395,0.4450083776825401
0.1,0,T1ax+SWIax+T1sag+FLAIRcor,1000111,4,Mastoiditis,24,62,2512,0.597597103357472,0.0508735281149444
0.1,0,T1ax+SWIax+T1sag+FLAIRcor,1000111,4,Chronic mastoiditis,25,25,2512,0.6422677925211098,0.02294219792744508
0.1,0,T1ax+SWIax+T1sag+FLAIRcor,1000111,4,Ventriculomegaly,26,304,2512,0.8858501978451563,0.5238349742589904
0.1,0,T1ax+SWIax+T1sag+FLAIRcor,1000111,4,Cerebellar degeneration,27,94,2512,0.7996673882054802,0.1549943928300673
0.1,0,T1ax+SWIax+T1sag+FLAIRcor,1000111,4,Mega cisterna magna,28,20,2512,0.5464887640449438,0.009419320895543561
0.1,0,T1ax+SWIax+T1sag+FLAIRcor,1000111,4,Foraminal Spinal Stenosis,33,25,2512,0.6499236027342179,0.014667107698608546
0.1,0,T1ax+FLAIRsag+T1sag+FLAIRcor,1001011,4,Cerebral infarction,0,161,2512,0.7457352626475848,0.17969534290333797
0.1,0,T1ax+FLAIRsag+T1sag+FLAIRcor,1001011,4,Cerebral hemorrhage,1,127,2512,0.7635253140527245,0.23314653395583695
0.1,0,T1ax+FLAIRsag+T1sag+FLAIRcor,1001011,4,Metastatic malignant neoplasm to brain,2,144,2512,0.7499266844969971,0.20082247227379293
0.1,0,T1ax+FLAIRsag+T1sag+FLAIRcor,1001011,4,Intracranial meningioma,3,62,2512,0.6969321922317314,0.047037171313985784
0.1,0,T1ax+FLAIRsag+T1sag+FLAIRcor,1001011,4,Demyelinating disease of central nervous system,4,66,2512,0.7525644837582696,0.09164012273609576
0.1,0,T1ax+FLAIRsag+T1sag+FLAIRcor,1001011,4,Herniation of nucleus pulposus,5,42,2512,0.6531906689801427,0.030890819051746576
0.1,0,T1ax+FLAIRsag+T1sag+FLAIRcor,1001011,4,Spinal cord compression,6,23,2512,0.5747026045032928,0.011149040803435751
0.1,0,T1ax+FLAIRsag+T1sag+FLAIRcor,1001011,4,Lacunar infarct,7,86,2512,0.8133256005674955,0.13474425580039073
0.1,0,T1ax+FLAIRsag+T1sag+FLAIRcor,1001011,4,Silent micro-hemorrhage of brain,8,77,2512,0.623861969652524,0.08115076336584118
0.1,0,T1ax+FLAIRsag+T1sag+FLAIRcor,1001011,4,Gliosis,11,1027,2512,0.7333490700579308,0.6502569201106689
0.1,0,T1ax+FLAIRsag+T1sag+FLAIRcor,1001011,4,Cerebral atrophy,12,324,2512,0.8903136073306701,0.6222946531084949
0.1,0,T1ax+FLAIRsag+T1sag+FLAIRcor,1001011,4,Encephalomalacia,13,84,2512,0.705504236290892,0.15567128602716535
0.1,0,T1ax+FLAIRsag+T1sag+FLAIRcor,1001011,4,Arachnoid cyst,14,69,2512,0.6956877680684832,0.0745764173545687
0.1,0,T1ax+FLAIRsag+T1sag+FLAIRcor,1001011,4,Empty sella syndrome,15,72,2512,0.6813353825136612,0.04779039603657622
0.1,0,T1ax+FLAIRsag+T1sag+FLAIRcor,1001011,4,Cyst of pineal gland,19,27,2512,0.6501080557418586,0.02470165980240333
0.1,0,T1ax+FLAIRsag+T1sag+FLAIRcor,1001011,4,Cerebral edema,22,197,2512,0.8434684413064213,0.4707618520307802
0.1,0,T1ax+FLAIRsag+T1sag+FLAIRcor,1001011,4,Mastoiditis,24,62,2512,0.5849835418038183,0.06283246333410028
0.1,0,T1ax+FLAIRsag+T1sag+FLAIRcor,1001011,4,Chronic mastoiditis,25,25,2512,0.6756895858464014,0.022618394633708093
0.1,0,T1ax+FLAIRsag+T1sag+FLAIRcor,1001011,4,Ventriculomegaly,26,304,2512,0.8806776196605645,0.5196948083853116
0.1,0,T1ax+FLAIRsag+T1sag+FLAIRcor,1001011,4,Cerebellar degeneration,27,94,2512,0.7983562993858122,0.14210512039716158
0.1,0,T1ax+FLAIRsag+T1sag+FLAIRcor,1001011,4,Mega cisterna magna,28,20,2512,0.563322632423756,0.010338917893651519
0.1,0,T1ax+FLAIRsag+T1sag+FLAIRcor,1001011,4,Foraminal Spinal Stenosis,33,25,2512,0.662452754322477,0.018884288079120314
0.1,0,T1ax+FLAIRsag+SWIax+FLAIRcor,1001101,4,Cerebral infarction,0,161,2512,0.7621839259625215,0.21086802534617585
0.1,0,T1ax+FLAIRsag+SWIax+FLAIRcor,1001101,4,Cerebral hemorrhage,1,127,2512,0.7999174631472953,0.27764284110065934
0.1,0,T1ax+FLAIRsag+SWIax+FLAIRcor,1001101,4,Metastatic malignant neoplasm to brain,2,144,2512,0.7647598770645646,0.20884519768134616
0.1,0,T1ax+FLAIRsag+SWIax+FLAIRcor,1001101,4,Intracranial meningioma,3,62,2512,0.7249572086899276,0.05655899350976816
0.1,0,T1ax+FLAIRsag+SWIax+FLAIRcor,1001101,4,Demyelinating disease of central nervous system,4,66,2512,0.7234941400926683,0.06640248621665995
0.1,0,T1ax+FLAIRsag+SWIax+FLAIRcor,1001101,4,Herniation of nucleus pulposus,5,42,2512,0.6794679005205321,0.03058137265088212
0.1,0,T1ax+FLAIRsag+SWIax+FLAIRcor,1001101,4,Spinal cord compression,6,23,2512,0.4630111621569689,0.008890456233289528
0.1,0,T1ax+FLAIRsag+SWIax+FLAIRcor,1001101,4,Lacunar infarct,7,86,2512,0.8186410782415308,0.15175854744948522
0.1,0,T1ax+FLAIRsag+SWIax+FLAIRcor,1001101,4,Silent micro-hemorrhage of brain,8,77,2512,0.7067068455158805,0.09648366592688465
0.1,0,T1ax+FLAIRsag+SWIax+FLAIRcor,1001101,4,Gliosis,11,1027,2512,0.7387598805320323,0.6613791409612054
0.1,0,T1ax+FLAIRsag+SWIax+FLAIRcor,1001101,4,Cerebral atrophy,12,324,2512,0.9004996388832464,0.6283520074812674
0.1,0,T1ax+FLAIRsag+SWIax+FLAIRcor,1001101,4,Encephalomalacia,13,84,2512,0.7344473209382599,0.17182918365638544
0.1,0,T1ax+FLAIRsag+SWIax+FLAIRcor,1001101,4,Arachnoid cyst,14,69,2512,0.6609656694370784,0.07202667415967959
0.1,0,T1ax+FLAIRsag+SWIax+FLAIRcor,1001101,4,Empty sella syndrome,15,72,2512,0.7132684426229509,0.06227087429590342
0.1,0,T1ax+FLAIRsag+SWIax+FLAIRcor,1001101,4,Cyst of pineal gland,19,27,2512,0.6710932260228035,0.021719419613139525
0.1,0,T1ax+FLAIRsag+SWIax+FLAIRcor,1001101,4,Cerebral edema,22,197,2512,0.8402868075122518,0.4505749696969836
0.1,0,T1ax+FLAIRsag+SWIax+FLAIRcor,1001101,4,Mastoiditis,24,62,2512,0.6246675444371298,0.05938005520757482
0.1,0,T1ax+FLAIRsag+SWIax+FLAIRcor,1001101,4,Chronic mastoiditis,25,25,2512,0.7083876156011258,0.03163572710679949
0.1,0,T1ax+FLAIRsag+SWIax+FLAIRcor,1001101,4,Ventriculomegaly,26,304,2512,0.8804869255339436,0.5112978360290622
0.1,0,T1ax+FLAIRsag+SWIax+FLAIRcor,1001101,4,Cerebellar degeneration,27,94,2512,0.7661246326311528,0.12127429107177416
0.1,0,T1ax+FLAIRsag+SWIax+FLAIRcor,1001101,4,Mega cisterna magna,28,20,2512,0.5553772070626003,0.010177400148398382
0.1,0,T1ax+FLAIRsag+SWIax+FLAIRcor,1001101,4,Foraminal Spinal Stenosis,33,25,2512,0.662951347004423,0.015900457838455347
0.1,0,T1ax+FLAIRsag+SWIax+T1sag,1001110,4,Cerebral infarction,0,161,2512,0.7469109220075507,0.19084371361899266
0.1,0,T1ax+FLAIRsag+SWIax+T1sag,1001110,4,Cerebral hemorrhage,1,127,2512,0.7850476237640107,0.2865949228311896
0.1,0,T1ax+FLAIRsag+SWIax+T1sag,1001110,4,Metastatic malignant neoplasm to brain,2,144,2512,0.7587714667792794,0.20064315913638778
0.1,0,T1ax+FLAIRsag+SWIax+T1sag,1001110,4,Intracranial meningioma,3,62,2512,0.6626333113890718,0.047537905746945136
0.1,0,T1ax+FLAIRsag+SWIax+T1sag,1001110,4,Demyelinating disease of central nervous system,4,66,2512,0.707252409623628,0.06821672006164133
0.1,0,T1ax+FLAIRsag+SWIax+T1sag,1001110,4,Herniation of nucleus pulposus,5,42,2512,0.6853672643146327,0.03923729579993171
0.1,0,T1ax+FLAIRsag+SWIax+T1sag,1001110,4,Spinal cord compression,6,23,2512,0.5123587262214614,0.009581189135912662
0.1,0,T1ax+FLAIRsag+SWIax+T1sag,1001110,4,Lacunar infarct,7,86,2512,0.8171025134684331,0.1384502618822678
0.1,0,T1ax+FLAIRsag+SWIax+T1sag,1001110,4,Silent micro-hemorrhage of brain,8,77,2512,0.6651270700552016,0.06280992968445759
0.1,0,T1ax+FLAIRsag+SWIax+T1sag,1001110,4,Gliosis,11,1027,2512,0.7334998803353234,0.6483997542750052
0.1,0,T1ax+FLAIRsag+SWIax+T1sag,1001110,4,Cerebral atrophy,12,324,2512,0.8916014963775476,0.6021185967680088
0.1,0,T1ax+FLAIRsag+SWIax+T1sag,1001110,4,Encephalomalacia,13,84,2512,0.7413410998666353,0.1621318256307464
0.1,0,T1ax+FLAIRsag+SWIax+T1sag,1001110,4,Arachnoid cyst,14,69,2512,0.6861070078959702,0.07633010375696647
0.1,0,T1ax+FLAIRsag+SWIax+T1sag,1001110,4,Empty sella syndrome,15,72,2512,0.6125398451730418,0.038844365926582754
0.1,0,T1ax+FLAIRsag+SWIax+T1sag,1001110,4,Cyst of pineal gland,19,27,2512,0.6553841567926074,0.022627614146953193
0.1,0,T1ax+FLAIRsag+SWIax+T1sag,1001110,4,Cerebral edema,22,197,2512,0.8373989979278816,0.4384417140625076
0.1,0,T1ax+FLAIRsag+SWIax+T1sag,1001110,4,Mastoiditis,24,62,2512,0.5986965108624094,0.04957092090774608
0.1,0,T1ax+FLAIRsag+SWIax+T1sag,1001110,4,Chronic mastoiditis,25,25,2512,0.6544591877764374,0.02347425120767544
0.1,0,T1ax+FLAIRsag+SWIax+T1sag,1001110,4,Ventriculomegaly,26,304,2512,0.8872580568268499,0.5404293447185029
0.1,0,T1ax+FLAIRsag+SWIax+T1sag,1001110,4,Cerebellar degeneration,27,94,2512,0.8067243897717473,0.14692370108604977
0.1,0,T1ax+FLAIRsag+SWIax+T1sag,1001110,4,Mega cisterna magna,28,20,2512,0.6029093097913323,0.01139498330831642
0.1,0,T1ax+FLAIRsag+SWIax+T1sag,1001110,4,Foraminal Spinal Stenosis,33,25,2512,0.6252995577000402,0.013823508607498829
0.1,0,T1ax+FLAIRax+T1sag+FLAIRcor,1010011,4,Cerebral infarction,0,161,2512,0.7390115478810392,0.1784898510999153
0.1,0,T1ax+FLAIRax+T1sag+FLAIRcor,1010011,4,Cerebral hemorrhage,1,127,2512,0.7890060912197295,0.28306400568854817
0.1,0,T1ax+FLAIRax+T1sag+FLAIRcor,1010011,4,Metastatic malignant neoplasm to brain,2,144,2512,0.7707981418918918,0.20281692725793382
0.1,0,T1ax+FLAIRax+T1sag+FLAIRcor,1010011,4,Intracranial meningioma,3,62,2512,0.7038841342988809,0.05434775377891989
0.1,0,T1ax+FLAIRax+T1sag+FLAIRcor,1010011,4,Demyelinating disease of central nervous system,4,66,2512,0.767053197551971,0.1173760829744622
0.1,0,T1ax+FLAIRax+T1sag+FLAIRcor,1010011,4,Herniation of nucleus pulposus,5,42,2512,0.690678619625988,0.03397368241681123
0.1,0,T1ax+FLAIRax+T1sag+FLAIRcor,1010011,4,Spinal cord compression,6,23,2512,0.6433524900868167,0.01392099046792248
0.1,0,T1ax+FLAIRax+T1sag+FLAIRcor,1010011,4,Lacunar infarct,7,86,2512,0.808896834678579,0.13988053131467845
0.1,0,T1ax+FLAIRax+T1sag+FLAIRcor,1010011,4,Silent micro-hemorrhage of brain,8,77,2512,0.6745726552708073,0.0717344820863079
0.1,0,T1ax+FLAIRax+T1sag+FLAIRcor,1010011,4,Gliosis,11,1027,2512,0.7314226326884555,0.6485115423334403
0.1,0,T1ax+FLAIRax+T1sag+FLAIRcor,1010011,4,Cerebral atrophy,12,324,2512,0.893057248290338,0.6260483706772438
0.1,0,T1ax+FLAIRax+T1sag+FLAIRcor,1010011,4,Encephalomalacia,13,84,2512,0.6772034596375618,0.13711814251239188
0.1,0,T1ax+FLAIRax+T1sag+FLAIRcor,1010011,4,Arachnoid cyst,14,69,2512,0.7166111991077732,0.08246759959743066
0.1,0,T1ax+FLAIRax+T1sag+FLAIRcor,1010011,4,Empty sella syndrome,15,72,2512,0.6878927595628415,0.053938612693974056
0.1,0,T1ax+FLAIRax+T1sag+FLAIRcor,1010011,4,Cyst of pineal gland,19,27,2512,0.6363663462255011,0.017841030674650746
0.1,0,T1ax+FLAIRax+T1sag+FLAIRcor,1010011,4,Cerebral edema,22,197,2512,0.8486103649779083,0.4874708665275723
0.1,0,T1ax+FLAIRax+T1sag+FLAIRcor,1010011,4,Mastoiditis,24,62,2512,0.5900263331138907,0.057378014144886455
0.1,0,T1ax+FLAIRax+T1sag+FLAIRcor,1010011,4,Chronic mastoiditis,25,25,2512,0.7164133494169682,0.026334220199715364
0.1,0,T1ax+FLAIRax+T1sag+FLAIRcor,1010011,4,Ventriculomegaly,26,304,2512,0.8875738939740656,0.5383436033569814
0.1,0,T1ax+FLAIRax+T1sag+FLAIRcor,1010011,4,Cerebellar degeneration,27,94,2512,0.8031342942118509,0.1559966381533607
0.1,0,T1ax+FLAIRax+T1sag+FLAIRcor,1010011,4,Mega cisterna magna,28,20,2512,0.5864967897271268,0.011352882300122723
0.1,0,T1ax+FLAIRax+T1sag+FLAIRcor,1010011,4,Foraminal Spinal Stenosis,33,25,2512,0.6535906714917572,0.017328490963289037
0.1,0,T1ax+FLAIRax+SWIax+FLAIRcor,1010101,4,Cerebral infarction,0,161,2512,0.7830868851895982,0.25332159435017926
0.1,0,T1ax+FLAIRax+SWIax+FLAIRcor,1010101,4,Cerebral hemorrhage,1,127,2512,0.8191518513016062,0.3063201204919981
0.1,0,T1ax+FLAIRax+SWIax+FLAIRcor,1010101,4,Metastatic malignant neoplasm to brain,2,144,2512,0.7784757413663664,0.20682289009469543
0.1,0,T1ax+FLAIRax+SWIax+FLAIRcor,1010101,4,Intracranial meningioma,3,62,2512,0.7047004608294931,0.0687470258096161
0.1,0,T1ax+FLAIRax+SWIax+FLAIRcor,1010101,4,Demyelinating disease of central nervous system,4,66,2512,0.7851966104214673,0.10436591920211227
0.1,0,T1ax+FLAIRax+SWIax+FLAIRcor,1010101,4,Herniation of nucleus pulposus,5,42,2512,0.6872951609793715,0.032116134039201175
0.1,0,T1ax+FLAIRax+SWIax+FLAIRcor,1010101,4,Spinal cord compression,6,23,2512,0.5290408230999004,0.011234506674907822
0.1,0,T1ax+FLAIRax+SWIax+FLAIRcor,1010101,4,Lacunar infarct,7,86,2512,0.8265639678674822,0.1648850398480185
0.1,0,T1ax+FLAIRax+SWIax+FLAIRcor,1010101,4,Silent micro-hemorrhage of brain,8,77,2512,0.7364676391370437,0.10198693487686149
0.1,0,T1ax+FLAIRax+SWIax+FLAIRcor,1010101,4,Gliosis,11,1027,2512,0.7382005711119635,0.6584500360082459
0.1,0,T1ax+FLAIRax+SWIax+FLAIRcor,1010101,4,Cerebral atrophy,12,324,2512,0.9002372649919878,0.6286029798051767
0.1,0,T1ax+FLAIRax+SWIax+FLAIRcor,1010101,4,Encephalomalacia,13,84,2512,0.687450968855417,0.161189250416712
0.1,0,T1ax+FLAIRax+SWIax+FLAIRcor,1010101,4,Arachnoid cyst,14,69,2512,0.6661564837720312,0.06523044500289178
0.1,0,T1ax+FLAIRax+SWIax+FLAIRcor,1010101,4,Empty sella syndrome,15,72,2512,0.7285063752276868,0.0762479641324762
0.1,0,T1ax+FLAIRax+SWIax+FLAIRcor,1010101,4,Cyst of pineal gland,19,27,2512,0.6638795737387286,0.022582637877779484
0.1,0,T1ax+FLAIRax+SWIax+FLAIRcor,1010101,4,Cerebral edema,22,197,2512,0.8393439387793138,0.47348086960399577
0.1,0,T1ax+FLAIRax+SWIax+FLAIRcor,1010101,4,Mastoiditis,24,62,2512,0.6397300855826201,0.06373289693795893
0.1,0,T1ax+FLAIRax+SWIax+FLAIRcor,1010101,4,Chronic mastoiditis,25,25,2512,0.687880981101729,0.025024690433473683
0.1,0,T1ax+FLAIRax+SWIax+FLAIRcor,1010101,4,Ventriculomegaly,26,304,2512,0.8844423388634629,0.5169539325998401
0.1,0,T1ax+FLAIRax+SWIax+FLAIRcor,1010101,4,Cerebellar degeneration,27,94,2512,0.7571449941045,0.13587738375241465
0.1,0,T1ax+FLAIRax+SWIax+FLAIRcor,1010101,4,Mega cisterna magna,28,20,2512,0.5940208667736758,0.013886149593623595
0.1,0,T1ax+FLAIRax+SWIax+FLAIRcor,1010101,4,Foraminal Spinal Stenosis,33,25,2512,0.6899718536389224,0.018124183283846868
0.1,0,T1ax+FLAIRax+SWIax+T1sag,1010110,4,Cerebral infarction,0,161,2512,0.742366800436447,0.19523902040394434
0.1,0,T1ax+FLAIRax+SWIax+T1sag,1010110,4,Cerebral hemorrhage,1,127,2512,0.8093728849931495,0.331385314805338
0.1,0,T1ax+FLAIRax+SWIax+T1sag,1010110,4,Metastatic malignant neoplasm to brain,2,144,2512,0.7648067989864864,0.20051062945246298
0.1,0,T1ax+FLAIRax+SWIax+T1sag,1010110,4,Intracranial meningioma,3,62,2512,0.692442396313364,0.05743479625054231
0.1,0,T1ax+FLAIRax+SWIax+T1sag,1010110,4,Demyelinating disease of central nervous system,4,66,2512,0.7377660497039075,0.10778553685705042
0.1,0,T1ax+FLAIRax+SWIax+T1sag,1010110,4,Herniation of nucleus pulposus,5,42,2512,0.7058511663774821,0.041192032173804696
0.1,0,T1ax+FLAIRax+SWIax+T1sag,1010110,4,Spinal cord compression,6,23,2512,0.5513826052020193,0.01058904490169313
0.1,0,T1ax+FLAIRax+SWIax+T1sag,1010110,4,Lacunar infarct,7,86,2512,0.8139055580053298,0.15936145220607362
0.1,0,T1ax+FLAIRax+SWIax+T1sag,1010110,4,Silent micro-hemorrhage of brain,8,77,2512,0.7054161444305181,0.06886589054398529
0.1,0,T1ax+FLAIRax+SWIax+T1sag,1010110,4,Gliosis,11,1027,2512,0.7341824607647394,0.6462341576368064
0.1,0,T1ax+FLAIRax+SWIax+T1sag,1010110,4,Cerebral atrophy,12,324,2512,0.8905110930552735,0.6023339434726979
0.1,0,T1ax+FLAIRax+SWIax+T1sag,1010110,4,Encephalomalacia,13,84,2512,0.696840433043069,0.13332532240278577
0.1,0,T1ax+FLAIRax+SWIax+T1sag,1010110,4,Arachnoid cyst,14,69,2512,0.696921698790392,0.06368278402806979
0.1,0,T1ax+FLAIRax+SWIax+T1sag,1010110,4,Empty sella syndrome,15,72,2512,0.6045309653916211,0.03916718091781946
0.1,0,T1ax+FLAIRax+SWIax+T1sag,1010110,4,Cyst of pineal gland,19,27,2512,0.6531187122736418,0.020967420685232795
0.1,0,T1ax+FLAIRax+SWIax+T1sag,1010110,4,Cerebral edema,22,197,2512,0.833243797349004,0.4634630898590661
0.1,0,T1ax+FLAIRax+SWIax+T1sag,1010110,4,Mastoiditis,24,62,2512,0.6275905200789994,0.05412063904935197
0.1,0,T1ax+FLAIRax+SWIax+T1sag,1010110,4,Chronic mastoiditis,25,25,2512,0.6890711700844391,0.022540255084764073
0.1,0,T1ax+FLAIRax+SWIax+T1sag,1010110,4,Ventriculomegaly,26,304,2512,0.889707284515637,0.5355850629396751
0.1,0,T1ax+FLAIRax+SWIax+T1sag,1010110,4,Cerebellar degeneration,27,94,2512,0.7999093676856204,0.16476236184231363
0.1,0,T1ax+FLAIRax+SWIax+T1sag,1010110,4,Mega cisterna magna,28,20,2512,0.6401083467094704,0.01523044814045242
0.1,0,T1ax+FLAIRax+SWIax+T1sag,1010110,4,Foraminal Spinal Stenosis,33,25,2512,0.6188821873743466,0.013782720019730004
0.1,0,T1ax+FLAIRax+FLAIRsag+FLAIRcor,1011001,4,Cerebral infarction,0,161,2512,0.7476031079678002,0.21013347272651092
0.1,0,T1ax+FLAIRax+FLAIRsag+FLAIRcor,1011001,4,Cerebral hemorrhage,1,127,2512,0.799636837848099,0.2616919714731691
0.1,0,T1ax+FLAIRax+FLAIRsag+FLAIRcor,1011001,4,Metastatic malignant neoplasm to brain,2,144,2512,0.7876401792417418,0.22730154840548866
0.1,0,T1ax+FLAIRax+FLAIRsag+FLAIRcor,1011001,4,Intracranial meningioma,3,62,2512,0.699447004608295,0.060786659281954286
0.1,0,T1ax+FLAIRax+FLAIRsag+FLAIRcor,1011001,4,Demyelinating disease of central nervous system,4,66,2512,0.7280098614930994,0.08743050318315598
0.1,0,T1ax+FLAIRax+FLAIRsag+FLAIRcor,1011001,4,Herniation of nucleus pulposus,5,42,2512,0.6753132832080201,0.033575303983653035
0.1,0,T1ax+FLAIRax+FLAIRsag+FLAIRcor,1011001,4,Spinal cord compression,6,23,2512,0.570545181406886,0.011571689014144964
0.1,0,T1ax+FLAIRax+FLAIRsag+FLAIRcor,1011001,4,Lacunar infarct,7,86,2512,0.7974175118388006,0.14309876170478616
0.1,0,T1ax+FLAIRax+FLAIRsag+FLAIRcor,1011001,4,Silent micro-hemorrhage of brain,8,77,2512,0.6784500920024534,0.09537418338285203
0.1,0,T1ax+FLAIRax+FLAIRsag+FLAIRcor,1011001,4,Gliosis,11,1027,2512,0.7319366990253066,0.6526082109309033
0.1,0,T1ax+FLAIRax+FLAIRsag+FLAIRcor,1011001,4,Cerebral atrophy,12,324,2512,0.9016083801656622,0.6395732572868504
0.1,0,T1ax+FLAIRax+FLAIRsag+FLAIRcor,1011001,4,Encephalomalacia,13,84,2512,0.7007923432964619,0.1547036940864422
0.1,0,T1ax+FLAIRax+FLAIRsag+FLAIRcor,1011001,4,Arachnoid cyst,14,69,2512,0.7034828881097724,0.07049158833175238
0.1,0,T1ax+FLAIRax+FLAIRsag+FLAIRcor,1011001,4,Empty sella syndrome,15,72,2512,0.706881830601093,0.07728076068647612
0.1,0,T1ax+FLAIRax+FLAIRsag+FLAIRcor,1011001,4,Cyst of pineal gland,19,27,2512,0.6286906624934794,0.017174298225843668
0.1,0,T1ax+FLAIRax+FLAIRsag+FLAIRcor,1011001,4,Cerebral edema,22,197,2512,0.8411638947056824,0.4907741330034111
0.1,0,T1ax+FLAIRax+FLAIRsag+FLAIRcor,1011001,4,Mastoiditis,24,62,2512,0.6374588545095456,0.06002069696911855
0.1,0,T1ax+FLAIRax+FLAIRsag+FLAIRcor,1011001,4,Chronic mastoiditis,25,25,2512,0.7333172496984318,0.05004858114086404
0.1,0,T1ax+FLAIRax+FLAIRsag+FLAIRcor,1011001,4,Ventriculomegaly,26,304,2512,0.8805375786613271,0.5314422078250384
0.1,0,T1ax+FLAIRax+FLAIRsag+FLAIRcor,1011001,4,Cerebellar degeneration,27,94,2512,0.7780476215616915,0.15820451892265988
0.1,0,T1ax+FLAIRax+FLAIRsag+FLAIRcor,1011001,4,Mega cisterna magna,28,20,2512,0.6156902086677367,0.013341019091481703
0.1,0,T1ax+FLAIRax+FLAIRsag+FLAIRcor,1011001,4,Foraminal Spinal Stenosis,33,25,2512,0.6805629272215521,0.01802067798206856
0.1,0,T1ax+FLAIRax+FLAIRsag+T1sag,1011010,4,Cerebral infarction,0,161,2512,0.7395822050085731,0.1843345755691249
0.1,0,T1ax+FLAIRax+FLAIRsag+T1sag,1011010,4,Cerebral hemorrhage,1,127,2512,0.7831954967893167,0.2558639512664484
0.1,0,T1ax+FLAIRax+FLAIRsag+T1sag,1011010,4,Metastatic malignant neoplasm to brain,2,144,2512,0.770064986861862,0.20684127388430248
0.1,0,T1ax+FLAIRax+FLAIRsag+T1sag,1011010,4,Intracranial meningioma,3,62,2512,0.6946543778801842,0.0522585293789111
0.1,0,T1ax+FLAIRax+FLAIRsag+T1sag,1011010,4,Demyelinating disease of central nervous system,4,66,2512,0.744344508040338,0.10475917457503726
0.1,0,T1ax+FLAIRax+FLAIRsag+T1sag,1011010,4,Herniation of nucleus pulposus,5,42,2512,0.6721226142278773,0.037260086710248067
0.1,0,T1ax+FLAIRax+FLAIRsag+T1sag,1011010,4,Spinal cord compression,6,23,2512,0.6404353066536237,0.012693780739063092
0.1,0,T1ax+FLAIRax+FLAIRsag+T1sag,1011010,4,Lacunar infarct,7,86,2512,0.8114035928602925,0.157225323822494
0.1,0,T1ax+FLAIRax+FLAIRsag+T1sag,1011010,4,Silent micro-hemorrhage of brain,8,77,2512,0.6537134323581962,0.07483263561165707
0.1,0,T1ax+FLAIRax+FLAIRsag+T1sag,1011010,4,Gliosis,11,1027,2512,0.7328986063163279,0.6466046670007424
0.1,0,T1ax+FLAIRax+FLAIRsag+T1sag,1011010,4,Cerebral atrophy,12,324,2512,0.8955963504638094,0.6257754935103059
0.1,0,T1ax+FLAIRax+FLAIRsag+T1sag,1011010,4,Encephalomalacia,13,84,2512,0.6933739311210482,0.15970824969030856
0.1,0,T1ax+FLAIRax+FLAIRsag+T1sag,1011010,4,Arachnoid cyst,14,69,2512,0.7153654036673844,0.07221197229572787
0.1,0,T1ax+FLAIRax+FLAIRsag+T1sag,1011010,4,Empty sella syndrome,15,72,2512,0.6481045081967214,0.04195465263789695
0.1,0,T1ax+FLAIRax+FLAIRsag+T1sag,1011010,4,Cyst of pineal gland,19,27,2512,0.633445115135256,0.017353985185668767
0.1,0,T1ax+FLAIRax+FLAIRsag+T1sag,1011010,4,Cerebral edema,22,197,2512,0.8447314468649615,0.4784477315759571
0.1,0,T1ax+FLAIRax+FLAIRsag+T1sag,1011010,4,Mastoiditis,24,62,2512,0.6195786701777485,0.0549287875112055
0.1,0,T1ax+FLAIRax+FLAIRsag+T1sag,1011010,4,Chronic mastoiditis,25,25,2512,0.731741053478086,0.030642584360186464
0.1,0,T1ax+FLAIRax+FLAIRsag+T1sag,1011010,4,Ventriculomegaly,26,304,2512,0.8863880148741419,0.5314333693406487
0.1,0,T1ax+FLAIRax+FLAIRsag+T1sag,1011010,4,Cerebellar degeneration,27,94,2512,0.8186165813139046,0.1534309818726229
0.1,0,T1ax+FLAIRax+FLAIRsag+T1sag,1011010,4,Mega cisterna magna,28,20,2512,0.6096107544141253,0.011691552526628776
0.1,0,T1ax+FLAIRax+FLAIRsag+T1sag,1011010,4,Foraminal Spinal Stenosis,33,25,2512,0.6395979091274628,0.015523330753908503
0.1,0,T1ax+FLAIRax+FLAIRsag+SWIax,1011100,4,Cerebral infarction,0,161,2512,0.7744953251028373,0.24050452395068891
0.1,0,T1ax+FLAIRax+FLAIRsag+SWIax,1011100,4,Cerebral hemorrhage,1,127,2512,0.8118654979448323,0.28335726119932864
0.1,0,T1ax+FLAIRax+FLAIRsag+SWIax,1011100,4,Metastatic malignant neoplasm to brain,2,144,2512,0.7854847034534534,0.22888965632922637
0.1,0,T1ax+FLAIRax+FLAIRsag+SWIax,1011100,4,Intracranial meningioma,3,62,2512,0.6895325872284397,0.06850446998973236
0.1,0,T1ax+FLAIRax+FLAIRsag+SWIax,1011100,4,Demyelinating disease of central nervous system,4,66,2512,0.7331574122252781,0.08189899307514907
0.1,0,T1ax+FLAIRax+FLAIRsag+SWIax,1011100,4,Herniation of nucleus pulposus,5,42,2512,0.7051764025448236,0.03895794034497361
0.1,0,T1ax+FLAIRax+FLAIRsag+SWIax,1011100,4,Spinal cord compression,6,23,2512,0.5162366586895384,0.01021184721929335
0.1,0,T1ax+FLAIRax+FLAIRsag+SWIax,1011100,4,Lacunar infarct,7,86,2512,0.8117726566843688,0.1536945548010084
0.1,0,T1ax+FLAIRax+FLAIRsag+SWIax,1011100,4,Silent micro-hemorrhage of brain,8,77,2512,0.702488066348436,0.0857732678727276
0.1,0,T1ax+FLAIRax+FLAIRsag+SWIax,1011100,4,Gliosis,11,1027,2512,0.7334264422872018,0.6445398082392759
0.1,0,T1ax+FLAIRax+FLAIRsag+SWIax,1011100,4,Cerebral atrophy,12,324,2512,0.9034407655675176,0.6302147487425385
0.1,0,T1ax+FLAIRax+FLAIRsag+SWIax,1011100,4,Encephalomalacia,13,84,2512,0.7003804816819643,0.18390649622299843
0.1,0,T1ax+FLAIRax+FLAIRsag+SWIax,1011100,4,Arachnoid cyst,14,69,2512,0.6754109641863473,0.056732873649038944
0.1,0,T1ax+FLAIRax+FLAIRsag+SWIax,1011100,4,Empty sella syndrome,15,72,2512,0.6645833333333333,0.053111284883303286
0.1,0,T1ax+FLAIRax+FLAIRsag+SWIax,1011100,4,Cyst of pineal gland,19,27,2512,0.6284074819286087,0.02205329698591622
0.1,0,T1ax+FLAIRax+FLAIRsag+SWIax,1011100,4,Cerebral edema,22,197,2512,0.8341537753121883,0.46158434291781925
0.1,0,T1ax+FLAIRax+FLAIRsag+SWIax,1011100,4,Mastoiditis,24,62,2512,0.6664845292955892,0.06887841699894566
0.1,0,T1ax+FLAIRax+FLAIRsag+SWIax,1011100,4,Chronic mastoiditis,25,25,2512,0.7159951749095296,0.028162232366673742
0.1,0,T1ax+FLAIRax+FLAIRsag+SWIax,1011100,4,Ventriculomegaly,26,304,2512,0.8857920957284515,0.5396377236074956
0.1,0,T1ax+FLAIRax+FLAIRsag+SWIax,1011100,4,Cerebellar degeneration,27,94,2512,0.7719453390352498,0.14136902432133672
0.1,0,T1ax+FLAIRax+FLAIRsag+SWIax,1011100,4,Mega cisterna magna,28,20,2512,0.5991372391653291,0.01327058389151435
0.1,0,T1ax+FLAIRax+FLAIRsag+SWIax,1011100,4,Foraminal Spinal Stenosis,33,25,2512,0.6433132287897064,0.01539826252535687
0.1,0,T1ax+T2ax+T1sag+FLAIRcor,1100011,4,Cerebral infarction,0,161,2512,0.7669499697498884,0.20155974145376027
0.1,0,T1ax+T2ax+T1sag+FLAIRcor,1100011,4,Cerebral hemorrhage,1,127,2512,0.8065072054672411,0.27247931175814316
0.1,0,T1ax+T2ax+T1sag+FLAIRcor,1100011,4,Metastatic malignant neoplasm to brain,2,144,2512,0.7623580611861862,0.19227287002563315
0.1,0,T1ax+T2ax+T1sag+FLAIRcor,1100011,4,Intracranial meningioma,3,62,2512,0.6758130348913759,0.04429820008032332
0.1,0,T1ax+T2ax+T1sag+FLAIRcor,1100011,4,Demyelinating disease of central nervous system,4,66,2512,0.7979446963502566,0.1426005011880355
0.1,0,T1ax+T2ax+T1sag+FLAIRcor,1100011,4,Herniation of nucleus pulposus,5,42,2512,0.6804414883362252,0.03444671218099379
0.1,0,T1ax+T2ax+T1sag+FLAIRcor,1100011,4,Spinal cord compression,6,23,2512,0.4934232361521128,0.008853116796710402
0.1,0,T1ax+T2ax+T1sag+FLAIRcor,1100011,4,Lacunar infarct,7,86,2512,0.8329578787936885,0.13517754014257485
0.1,0,T1ax+T2ax+T1sag+FLAIRcor,1100011,4,Silent micro-hemorrhage of brain,8,77,2512,0.6359262913677698,0.05445499803312348
0.1,0,T1ax+T2ax+T1sag+FLAIRcor,1100011,4,Gliosis,11,1027,2512,0.7382576167386293,0.6628071059599103
0.1,0,T1ax+T2ax+T1sag+FLAIRcor,1100011,4,Cerebral atrophy,12,324,2512,0.8947372875617848,0.6202055793799156
0.1,0,T1ax+T2ax+T1sag+FLAIRcor,1100011,4,Encephalomalacia,13,84,2512,0.6618223895818625,0.1309663028312417
0.1,0,T1ax+T2ax+T1sag+FLAIRcor,1100011,4,Arachnoid cyst,14,69,2512,0.6476237935064395,0.05610316056784677
0.1,0,T1ax+T2ax+T1sag+FLAIRcor,1100011,4,Empty sella syndrome,15,72,2512,0.6868283242258653,0.0525114185809328
0.1,0,T1ax+T2ax+T1sag+FLAIRcor,1100011,4,Cyst of pineal gland,19,27,2512,0.64164244727625,0.021221933979575097
0.1,0,T1ax+T2ax+T1sag+FLAIRcor,1100011,4,Cerebral edema,22,197,2512,0.8381072458365767,0.4601776835114233
0.1,0,T1ax+T2ax+T1sag+FLAIRcor,1100011,4,Mastoiditis,24,62,2512,0.58312047399605,0.03986081430538613
0.1,0,T1ax+T2ax+T1sag+FLAIRcor,1100011,4,Chronic mastoiditis,25,25,2512,0.6836831523924407,0.023791518136413583
0.1,0,T1ax+T2ax+T1sag+FLAIRcor,1100011,4,Ventriculomegaly,26,304,2512,0.8882785683638443,0.5569633056107357
0.1,0,T1ax+T2ax+T1sag+FLAIRcor,1100011,4,Cerebellar degeneration,27,94,2512,0.8080002815761225,0.13981698755597097
0.1,0,T1ax+T2ax+T1sag+FLAIRcor,1100011,4,Mega cisterna magna,28,20,2512,0.5973715890850723,0.010782761244546557
0.1,0,T1ax+T2ax+T1sag+FLAIRcor,1100011,4,Foraminal Spinal Stenosis,33,25,2512,0.6364455166867712,0.014518538709243259
0.1,0,T1ax+T2ax+SWIax+FLAIRcor,1100101,4,Cerebral infarction,0,161,2512,0.7933322941737493,0.23272749397058187
0.1,0,T1ax+T2ax+SWIax+FLAIRcor,1100101,4,Cerebral hemorrhage,1,127,2512,0.8367355024018224,0.30610225543715086
0.1,0,T1ax+T2ax+SWIax+FLAIRcor,1100101,4,Metastatic malignant neoplasm to brain,2,144,2512,0.750460421358859,0.19937410611790404
0.1,0,T1ax+T2ax+SWIax+FLAIRcor,1100101,4,Intracranial meningioma,3,62,2512,0.6988413429888085,0.05110423409375783
0.1,0,T1ax+T2ax+SWIax+FLAIRcor,1100101,4,Demyelinating disease of central nervous system,4,66,2512,0.798136722911866,0.10907653104078406
0.1,0,T1ax+T2ax+SWIax+FLAIRcor,1100101,4,Herniation of nucleus pulposus,5,42,2512,0.6949103528050896,0.03459415161656915
0.1,0,T1ax+T2ax+SWIax+FLAIRcor,1100101,4,Spinal cord compression,6,23,2512,0.39147902946879315,0.0072121454077657635
0.1,0,T1ax+T2ax+SWIax+FLAIRcor,1100101,4,Lacunar infarct,7,86,2512,0.8322149581088594,0.15036311494166996
0.1,0,T1ax+T2ax+SWIax+FLAIRcor,1100101,4,Silent micro-hemorrhage of brain,8,77,2512,0.6947331928851437,0.08301138007421532
0.1,0,T1ax+T2ax+SWIax+FLAIRcor,1100101,4,Gliosis,11,1027,2512,0.7401165173317072,0.6623527204436341
0.1,0,T1ax+T2ax+SWIax+FLAIRcor,1100101,4,Cerebral atrophy,12,324,2512,0.8997082853725143,0.6123660787081869
0.1,0,T1ax+T2ax+SWIax+FLAIRcor,1100101,4,Encephalomalacia,13,84,2512,0.6534184514003295,0.12529321855583667
0.1,0,T1ax+T2ax+SWIax+FLAIRcor,1100101,4,Arachnoid cyst,14,69,2512,0.6527434195305131,0.04833402599929264
0.1,0,T1ax+T2ax+SWIax+FLAIRcor,1100101,4,Empty sella syndrome,15,72,2512,0.7086122495446266,0.06566051278429048
0.1,0,T1ax+T2ax+SWIax+FLAIRcor,1100101,4,Cyst of pineal gland,19,27,2512,0.648900812281094,0.03513321654811952
0.1,0,T1ax+T2ax+SWIax+FLAIRcor,1100101,4,Cerebral edema,22,197,2512,0.838773832103584,0.45755501664449827
0.1,0,T1ax+T2ax+SWIax+FLAIRcor,1100101,4,Mastoiditis,24,62,2512,0.622053982883476,0.04801493493642489
0.1,0,T1ax+T2ax+SWIax+FLAIRcor,1100101,4,Chronic mastoiditis,25,25,2512,0.7346361077603538,0.04816125959020402
0.1,0,T1ax+T2ax+SWIax+FLAIRcor,1100101,4,Ventriculomegaly,26,304,2512,0.8858472182494278,0.5254234378887721
0.1,0,T1ax+T2ax+SWIax+FLAIRcor,1100101,4,Cerebellar degeneration,27,94,2512,0.7755442338489696,0.13381645859190838
0.1,0,T1ax+T2ax+SWIax+FLAIRcor,1100101,4,Mega cisterna magna,28,20,2512,0.6230738362760835,0.012112147321190859
0.1,0,T1ax+T2ax+SWIax+FLAIRcor,1100101,4,Foraminal Spinal Stenosis,33,25,2512,0.648604744672296,0.01456960697180091
0.1,0,T1ax+T2ax+SWIax+T1sag,1100110,4,Cerebral infarction,0,161,2512,0.7614547529662282,0.21044723186245803
0.1,0,T1ax+T2ax+SWIax+T1sag,1100110,4,Cerebral hemorrhage,1,127,2512,0.8120503804948909,0.27970481781764883
0.1,0,T1ax+T2ax+SWIax+T1sag,1100110,4,Metastatic malignant neoplasm to brain,2,144,2512,0.7559209600225225,0.17917063551560125
0.1,0,T1ax+T2ax+SWIax+T1sag,1100110,4,Intracranial meningioma,3,62,2512,0.6885977616853194,0.06242196028746308
0.1,0,T1ax+T2ax+SWIax+T1sag,1100110,4,Demyelinating disease of central nervous system,4,66,2512,0.7632808047771252,0.09587558836593264
0.1,0,T1ax+T2ax+SWIax+T1sag,1100110,4,Herniation of nucleus pulposus,5,42,2512,0.7040871409292462,0.046740301987355494
0.1,0,T1ax+T2ax+SWIax+T1sag,1100110,4,Spinal cord compression,6,23,2512,0.441857215225252,0.007882196503507471
0.1,0,T1ax+T2ax+SWIax+T1sag,1100110,4,Lacunar infarct,7,86,2512,0.8098027186104029,0.13251920753984872
0.1,0,T1ax+T2ax+SWIax+T1sag,1100110,4,Silent micro-hemorrhage of brain,8,77,2512,0.6563001680044801,0.056321769018115864
0.1,0,T1ax+T2ax+SWIax+T1sag,1100110,4,Gliosis,11,1027,2512,0.7371888308597171,0.6641975456079359
0.1,0,T1ax+T2ax+SWIax+T1sag,1100110,4,Cerebral atrophy,12,324,2512,0.8870677883855824,0.5792851426959762
0.1,0,T1ax+T2ax+SWIax+T1sag,1100110,4,Encephalomalacia,13,84,2512,0.6906036714521065,0.12148133279035107
0.1,0,T1ax+T2ax+SWIax+T1sag,1100110,4,Arachnoid cyst,14,69,2512,0.6464551187361702,0.053954606318557245
0.1,0,T1ax+T2ax+SWIax+T1sag,1100110,4,Empty sella syndrome,15,72,2512,0.5992998633879782,0.04205793890728264
0.1,0,T1ax+T2ax+SWIax+T1sag,1100110,4,Cyst of pineal gland,19,27,2512,0.6414188836724047,0.05236110990596663
0.1,0,T1ax+T2ax+SWIax+T1sag,1100110,4,Cerebral edema,22,197,2512,0.8306848954621701,0.43234232293019764
0.1,0,T1ax+T2ax+SWIax+T1sag,1100110,4,Mastoiditis,24,62,2512,0.5751810401579986,0.05298132400909007
0.1,0,T1ax+T2ax+SWIax+T1sag,1100110,4,Chronic mastoiditis,25,25,2512,0.6996702854845195,0.03117871532072101
0.1,0,T1ax+T2ax+SWIax+T1sag,1100110,4,Ventriculomegaly,26,304,2512,0.8977715603546911,0.5696385756798658
0.1,0,T1ax+T2ax+SWIax+T1sag,1100110,4,Cerebellar degeneration,27,94,2512,0.8149560917234219,0.16512996666627638
0.1,0,T1ax+T2ax+SWIax+T1sag,1100110,4,Mega cisterna magna,28,20,2512,0.6331059390048154,0.017174635224354244
0.1,0,T1ax+T2ax+SWIax+T1sag,1100110,4,Foraminal Spinal Stenosis,33,25,2512,0.5399758745476478,0.012060263793234233
0.1,0,T1ax+T2ax+FLAIRsag+FLAIRcor,1101001,4,Cerebral infarction,0,161,2512,0.7729709308316006,0.20945156383066454
0.1,0,T1ax+T2ax+FLAIRsag+FLAIRcor,1101001,4,Cerebral hemorrhage,1,127,2512,0.815087736674425,0.27033532652011494
0.1,0,T1ax+T2ax+FLAIRsag+FLAIRcor,1101001,4,Metastatic malignant neoplasm to brain,2,144,2512,0.7673493806306306,0.21827779551066492
0.1,0,T1ax+T2ax+FLAIRsag+FLAIRcor,1101001,4,Intracranial meningioma,3,62,2512,0.6920473996050034,0.053685718054029184
0.1,0,T1ax+T2ax+FLAIRsag+FLAIRcor,1101001,4,Demyelinating disease of central nervous system,4,66,2512,0.7755705047201369,0.08347387970620467
0.1,0,T1ax+T2ax+FLAIRsag+FLAIRcor,1101001,4,Herniation of nucleus pulposus,5,42,2512,0.6717659533449007,0.03361887125796767
0.1,0,T1ax+T2ax+FLAIRsag+FLAIRcor,1101001,4,Spinal cord compression,6,23,2512,0.44795360455569727,0.008042828385972893
0.1,0,T1ax+T2ax+FLAIRsag+FLAIRcor,1101001,4,Lacunar infarct,7,86,2512,0.828591422381564,0.13630968126899587
0.1,0,T1ax+T2ax+FLAIRsag+FLAIRcor,1101001,4,Silent micro-hemorrhage of brain,8,77,2512,0.6480919491186431,0.06854867275910388
0.1,0,T1ax+T2ax+FLAIRsag+FLAIRcor,1101001,4,Gliosis,11,1027,2512,0.7425406286165781,0.6626008859402284
0.1,0,T1ax+T2ax+FLAIRsag+FLAIRcor,1101001,4,Cerebral atrophy,12,324,2512,0.9009044846186833,0.6409624230849519
0.1,0,T1ax+T2ax+FLAIRsag+FLAIRcor,1101001,4,Encephalomalacia,13,84,2512,0.6937514709343374,0.1609213097498362
0.1,0,T1ax+T2ax+FLAIRsag+FLAIRcor,1101001,4,Arachnoid cyst,14,69,2512,0.6697158993159991,0.055587553073964395
0.1,0,T1ax+T2ax+FLAIRsag+FLAIRcor,1101001,4,Empty sella syndrome,15,72,2512,0.7088740892531876,0.06422491485759399
0.1,0,T1ax+T2ax+FLAIRsag+FLAIRcor,1101001,4,Cyst of pineal gland,19,27,2512,0.6517177136895447,0.023427393634691276
0.1,0,T1ax+T2ax+FLAIRsag+FLAIRcor,1101001,4,Cerebral edema,22,197,2512,0.8391750994945786,0.459825075344488
0.1,0,T1ax+T2ax+FLAIRsag+FLAIRcor,1101001,4,Mastoiditis,24,62,2512,0.6244107965766952,0.04726280769630151
0.1,0,T1ax+T2ax+FLAIRsag+FLAIRcor,1101001,4,Chronic mastoiditis,25,25,2512,0.735761962203458,0.04787711733316383
0.1,0,T1ax+T2ax+FLAIRsag+FLAIRcor,1101001,4,Ventriculomegaly,26,304,2512,0.8785501883104501,0.5196930045624975
0.1,0,T1ax+T2ax+FLAIRsag+FLAIRcor,1101001,4,Cerebellar degeneration,27,94,2512,0.7736479946500536,0.15162942820168365
0.1,0,T1ax+T2ax+FLAIRsag+FLAIRcor,1101001,4,Mega cisterna magna,28,20,2512,0.6022271268057785,0.013174065485303959
0.1,0,T1ax+T2ax+FLAIRsag+FLAIRcor,1101001,4,Foraminal Spinal Stenosis,33,25,2512,0.6289666264575794,0.014595316722425113
0.1,0,T1ax+T2ax+FLAIRsag+T1sag,1101010,4,Cerebral infarction,0,161,2512,0.7777607519992814,0.2198147799653119
0.1,0,T1ax+T2ax+FLAIRsag+T1sag,1101010,4,Cerebral hemorrhage,1,127,2512,0.7950907080011226,0.2403838180161582
0.1,0,T1ax+T2ax+FLAIRsag+T1sag,1101010,4,Metastatic malignant neoplasm to brain,2,144,2512,0.7459588494744744,0.18410308648456125
0.1,0,T1ax+T2ax+FLAIRsag+T1sag,1101010,4,Intracranial meningioma,3,62,2512,0.6799341672152732,0.05039704014476193
0.1,0,T1ax+T2ax+FLAIRsag+T1sag,1101010,4,Demyelinating disease of central nervous system,4,66,2512,0.7624941153150474,0.10691841857625659
0.1,0,T1ax+T2ax+FLAIRsag+T1sag,1101010,4,Herniation of nucleus pulposus,5,42,2512,0.665461731251205,0.03268457631240421
0.1,0,T1ax+T2ax+FLAIRsag+T1sag,1101010,4,Spinal cord compression,6,23,2512,0.4899645396265307,0.008794515885969838
0.1,0,T1ax+T2ax+FLAIRsag+T1sag,1101010,4,Lacunar infarct,7,86,2512,0.8319657202016909,0.15480978669285958
0.1,0,T1ax+T2ax+FLAIRsag+T1sag,1101010,4,Silent micro-hemorrhage of brain,8,77,2512,0.5994613189685059,0.05076900396809193
0.1,0,T1ax+T2ax+FLAIRsag+T1sag,1101010,4,Gliosis,11,1027,2512,0.7393329595861241,0.6597529539618031
0.1,0,T1ax+T2ax+FLAIRsag+T1sag,1101010,4,Cerebral atrophy,12,324,2512,0.897280621572212,0.6365282283923474
0.1,0,T1ax+T2ax+FLAIRsag+T1sag,1101010,4,Encephalomalacia,13,84,2512,0.7012336235977092,0.15775255750574968
0.1,0,T1ax+T2ax+FLAIRsag+T1sag,1101010,4,Arachnoid cyst,14,69,2512,0.6499552106877384,0.05589815849754276
0.1,0,T1ax+T2ax+FLAIRsag+T1sag,1101010,4,Empty sella syndrome,15,72,2512,0.6436475409836067,0.042331435001108614
0.1,0,T1ax+T2ax+FLAIRsag+T1sag,1101010,4,Cyst of pineal gland,19,27,2512,0.6430881585811163,0.021455380370461408
0.1,0,T1ax+T2ax+FLAIRsag+T1sag,1101010,4,Cerebral edema,22,197,2512,0.8378221924987118,0.44355892823535326
0.1,0,T1ax+T2ax+FLAIRsag+T1sag,1101010,4,Mastoiditis,24,62,2512,0.5998025016458197,0.056573317220018376
0.1,0,T1ax+T2ax+FLAIRsag+T1sag,1101010,4,Chronic mastoiditis,25,25,2512,0.6829111379171693,0.029766787489275914
0.1,0,T1ax+T2ax+FLAIRsag+T1sag,1101010,4,Ventriculomegaly,26,304,2512,0.8886867729786424,0.5490384758770852
0.1,0,T1ax+T2ax+FLAIRsag+T1sag,1101010,4,Cerebellar degeneration,27,94,2512,0.8124219066223184,0.14762931566579357
0.1,0,T1ax+T2ax+FLAIRsag+T1sag,1101010,4,Mega cisterna magna,28,20,2512,0.6223314606741572,0.012886980626057146
0.1,0,T1ax+T2ax+FLAIRsag+T1sag,1101010,4,Foraminal Spinal Stenosis,33,25,2512,0.5903015681544028,0.012647338666753868
0.1,0,T1ax+T2ax+FLAIRsag+SWIax,1101100,4,Cerebral infarction,0,161,2512,0.7935595002523044,0.2526313543883541
0.1,0,T1ax+T2ax+FLAIRsag+SWIax,1101100,4,Cerebral hemorrhage,1,127,2512,0.8312649598045526,0.2753127243108986
0.1,0,T1ax+T2ax+FLAIRsag+SWIax,1101100,4,Metastatic malignant neoplasm to brain,2,144,2512,0.761692356418919,0.2017181775611442
0.1,0,T1ax+T2ax+FLAIRsag+SWIax,1101100,4,Intracranial meningioma,3,62,2512,0.7018235681369321,0.05427151201142646
0.1,0,T1ax+T2ax+FLAIRsag+SWIax,1101100,4,Demyelinating disease of central nervous system,4,66,2512,0.7454099457370102,0.07642696531558955
0.1,0,T1ax+T2ax+FLAIRsag+SWIax,1101100,4,Herniation of nucleus pulposus,5,42,2512,0.7041642567958357,0.03534771149678995
0.1,0,T1ax+T2ax+FLAIRsag+SWIax,1101100,4,Spinal cord compression,6,23,2512,0.3744475693049418,0.007008483521203285
0.1,0,T1ax+T2ax+FLAIRsag+SWIax,1101100,4,Lacunar infarct,7,86,2512,0.8318267221380778,0.13804860764361498
0.1,0,T1ax+T2ax+FLAIRsag+SWIax,1101100,4,Silent micro-hemorrhage of brain,8,77,2512,0.662913677698072,0.07726220562854548
0.1,0,T1ax+T2ax+FLAIRsag+SWIax,1101100,4,Gliosis,11,1027,2512,0.7450053931066589,0.6621692040277544
0.1,0,T1ax+T2ax+FLAIRsag+SWIax,1101100,4,Cerebral atrophy,12,324,2512,0.8991863588146343,0.6279895743739258
0.1,0,T1ax+T2ax+FLAIRsag+SWIax,1101100,4,Encephalomalacia,13,84,2512,0.7010620145916686,0.16475000531738898
0.1,0,T1ax+T2ax+FLAIRsag+SWIax,1101100,4,Arachnoid cyst,14,69,2512,0.6424151820937668,0.04734253540181793
0.1,0,T1ax+T2ax+FLAIRsag+SWIax,1101100,4,Empty sella syndrome,15,72,2512,0.6302083333333334,0.04696622775822075
0.1,0,T1ax+T2ax+FLAIRsag+SWIax,1101100,4,Cyst of pineal gland,19,27,2512,0.6372307921603696,0.034637896203870415
0.1,0,T1ax+T2ax+FLAIRsag+SWIax,1101100,4,Cerebral edema,22,197,2512,0.83588382980123,0.4447777313640561
0.1,0,T1ax+T2ax+FLAIRsag+SWIax,1101100,4,Mastoiditis,24,62,2512,0.6496050032916394,0.07173809496984945
0.1,0,T1ax+T2ax+FLAIRsag+SWIax,1101100,4,Chronic mastoiditis,25,25,2512,0.7315480498592682,0.044500614018306975
0.1,0,T1ax+T2ax+FLAIRsag+SWIax,1101100,4,Ventriculomegaly,26,304,2512,0.890407489511823,0.5599883231064708
0.1,0,T1ax+T2ax+FLAIRsag+SWIax,1101100,4,Cerebellar degeneration,27,94,2512,0.7794291044119459,0.15366385271096586
0.1,0,T1ax+T2ax+FLAIRsag+SWIax,1101100,4,Mega cisterna magna,28,20,2512,0.6551163723916533,0.017041286406033467
0.1,0,T1ax+T2ax+FLAIRsag+SWIax,1101100,4,Foraminal Spinal Stenosis,33,25,2512,0.5920064334539606,0.012884865319876482
0.1,0,T1ax+T2ax+FLAIRax+FLAIRcor,1110001,4,Cerebral infarction,0,161,2512,0.7743156737849098,0.22825460398746442
0.1,0,T1ax+T2ax+FLAIRax+FLAIRcor,1110001,4,Cerebral hemorrhage,1,127,2512,0.8338995361428877,0.3152061643032245
0.1,0,T1ax+T2ax+FLAIRax+FLAIRcor,1110001,4,Metastatic malignant neoplasm to brain,2,144,2512,0.7648830471096097,0.19658560308902476
0.1,0,T1ax+T2ax+FLAIRax+FLAIRcor,1110001,4,Intracranial meningioma,3,62,2512,0.680493745885451,0.05636593776296618
0.1,0,T1ax+T2ax+FLAIRax+FLAIRcor,1110001,4,Demyelinating disease of central nervous system,4,66,2512,0.8079300775539533,0.11773901026539688
0.1,0,T1ax+T2ax+FLAIRax+FLAIRcor,1110001,4,Herniation of nucleus pulposus,5,42,2512,0.7068536726431464,0.039040394075993815
0.1,0,T1ax+T2ax+FLAIRax+FLAIRcor,1110001,4,Spinal cord compression,6,23,2512,0.5312767481265394,0.010728833003928767
0.1,0,T1ax+T2ax+FLAIRax+FLAIRcor,1110001,4,Lacunar infarct,7,86,2512,0.8227343315631052,0.1574987603980148
0.1,0,T1ax+T2ax+FLAIRax+FLAIRcor,1110001,4,Silent micro-hemorrhage of brain,8,77,2512,0.7002960078935438,0.08172701321519722
0.1,0,T1ax+T2ax+FLAIRax+FLAIRcor,1110001,4,Gliosis,11,1027,2512,0.7356748268140674,0.659813798233285
0.1,0,T1ax+T2ax+FLAIRax+FLAIRcor,1110001,4,Cerebral atrophy,12,324,2512,0.9025210463357936,0.6489066445623016
0.1,0,T1ax+T2ax+FLAIRax+FLAIRcor,1110001,4,Encephalomalacia,13,84,2512,0.6666470542088335,0.14075814712378587
0.1,0,T1ax+T2ax+FLAIRax+FLAIRcor,1110001,4,Arachnoid cyst,14,69,2512,0.662659358000083,0.06329691062145645
0.1,0,T1ax+T2ax+FLAIRax+FLAIRcor,1110001,4,Empty sella syndrome,15,72,2512,0.7320355191256831,0.07908187120160204
0.1,0,T1ax+T2ax+FLAIRax+FLAIRcor,1110001,4,Cyst of pineal gland,19,27,2512,0.6561740815261942,0.01818873715946183
0.1,0,T1ax+T2ax+FLAIRax+FLAIRcor,1110001,4,Cerebral edema,22,197,2512,0.8367411825328086,0.4851626963881867
0.1,0,T1ax+T2ax+FLAIRax+FLAIRcor,1110001,4,Mastoiditis,24,62,2512,0.6259381171823568,0.054476687049603484
0.1,0,T1ax+T2ax+FLAIRax+FLAIRcor,1110001,4,Chronic mastoiditis,25,25,2512,0.7497386409328507,0.04433667497944946
0.1,0,T1ax+T2ax+FLAIRax+FLAIRcor,1110001,4,Ventriculomegaly,26,304,2512,0.8834829090389016,0.5333863890670952
0.1,0,T1ax+T2ax+FLAIRax+FLAIRcor,1110001,4,Cerebellar degeneration,27,94,2512,0.7776076588705279,0.14983251376116344
0.1,0,T1ax+T2ax+FLAIRax+FLAIRcor,1110001,4,Mega cisterna magna,28,20,2512,0.6299558587479935,0.014537031748312883
0.1,0,T1ax+T2ax+FLAIRax+FLAIRcor,1110001,4,Foraminal Spinal Stenosis,33,25,2512,0.6417691998391637,0.01526926803578121
0.1,0,T1ax+T2ax+FLAIRax+T1sag,1110010,4,Cerebral infarction,0,161,2512,0.7608893797009861,0.2121325239677739
0.1,0,T1ax+T2ax+FLAIRax+T1sag,1110010,4,Cerebral hemorrhage,1,127,2512,0.8095511645949917,0.28451648459236123
0.1,0,T1ax+T2ax+FLAIRax+T1sag,1110010,4,Metastatic malignant neoplasm to brain,2,144,2512,0.7597714902402402,0.18087256711023164
0.1,0,T1ax+T2ax+FLAIRax+T1sag,1110010,4,Intracranial meningioma,3,62,2512,0.7053719552337063,0.05369228834888372
0.1,0,T1ax+T2ax+FLAIRax+T1sag,1110010,4,Demyelinating disease of central nervous system,4,66,2512,0.7862001040660076,0.13978876309014585
0.1,0,T1ax+T2ax+FLAIRax+T1sag,1110010,4,Herniation of nucleus pulposus,5,42,2512,0.7010121457489877,0.0420911675787794
0.1,0,T1ax+T2ax+FLAIRax+T1sag,1110010,4,Spinal cord compression,6,23,2512,0.5440459762083603,0.009888287030902825
0.1,0,T1ax+T2ax+FLAIRax+T1sag,1110010,4,Lacunar infarct,7,86,2512,0.8281936003374297,0.16343126404754288
0.1,0,T1ax+T2ax+FLAIRax+T1sag,1110010,4,Silent micro-hemorrhage of brain,8,77,2512,0.6502040054401451,0.05785395782109318
0.1,0,T1ax+T2ax+FLAIRax+T1sag,1110010,4,Gliosis,11,1027,2512,0.7332598952852117,0.6529748185574051
0.1,0,T1ax+T2ax+FLAIRax+T1sag,1110010,4,Cerebral atrophy,12,324,2512,0.8950927618660708,0.6251739364226857
0.1,0,T1ax+T2ax+FLAIRax+T1sag,1110010,4,Encephalomalacia,13,84,2512,0.667220718600455,0.1347835392358058
0.1,0,T1ax+T2ax+FLAIRax+T1sag,1110010,4,Arachnoid cyst,14,69,2512,0.6558935022869246,0.056083779490579674
0.1,0,T1ax+T2ax+FLAIRax+T1sag,1110010,4,Empty sella syndrome,15,72,2512,0.6460325591985427,0.04507295826022581
0.1,0,T1ax+T2ax+FLAIRax+T1sag,1110010,4,Cyst of pineal gland,19,27,2512,0.639824129964975,0.022889350113739736
0.1,0,T1ax+T2ax+FLAIRax+T1sag,1110010,4,Cerebral edema,22,197,2512,0.8347699290655731,0.46953288490130135
0.1,0,T1ax+T2ax+FLAIRax+T1sag,1110010,4,Mastoiditis,24,62,2512,0.6087360105332456,0.0786080300941214
0.1,0,T1ax+T2ax+FLAIRax+T1sag,1110010,4,Chronic mastoiditis,25,25,2512,0.7469240048250905,0.03302537932394704
0.1,0,T1ax+T2ax+FLAIRax+T1sag,1110010,4,Ventriculomegaly,26,304,2512,0.8955904962814645,0.5512733546366728
0.1,0,T1ax+T2ax+FLAIRax+T1sag,1110010,4,Cerebellar degeneration,27,94,2512,0.8265051123664713,0.16418633033615881
0.1,0,T1ax+T2ax+FLAIRax+T1sag,1110010,4,Mega cisterna magna,28,20,2512,0.6744582664526485,0.014939789885994367
0.1,0,T1ax+T2ax+FLAIRax+T1sag,1110010,4,Foraminal Spinal Stenosis,33,25,2512,0.569103337354242,0.011773022626574788
0.1,0,T1ax+T2ax+FLAIRax+SWIax,1110100,4,Cerebral infarction,0,161,2512,0.7954960357823155,0.2516350460557989
0.1,0,T1ax+T2ax+FLAIRax+SWIax,1110100,4,Cerebral hemorrhage,1,127,2512,0.8329883292890274,0.2939181535427125
0.1,0,T1ax+T2ax+FLAIRax+SWIax,1110100,4,Metastatic malignant neoplasm to brain,2,144,2512,0.7609328078078078,0.19679431085709823
0.1,0,T1ax+T2ax+FLAIRax+SWIax,1110100,4,Intracranial meningioma,3,62,2512,0.7025016458196182,0.06339124753018592
0.1,0,T1ax+T2ax+FLAIRax+SWIax,1110100,4,Demyelinating disease of central nervous system,4,66,2512,0.7948722713645037,0.11014676059545736
0.1,0,T1ax+T2ax+FLAIRax+SWIax,1110100,4,Herniation of nucleus pulposus,5,42,2512,0.7156448814343551,0.06268701657411684
0.1,0,T1ax+T2ax+FLAIRax+SWIax,1110100,4,Spinal cord compression,6,23,2512,0.4252100546753541,0.008048574469715554
0.1,0,T1ax+T2ax+FLAIRax+SWIax,1110100,4,Lacunar infarct,7,86,2512,0.8269042734715005,0.16587135028675246
0.1,0,T1ax+T2ax+FLAIRax+SWIax,1110100,4,Silent micro-hemorrhage of brain,8,77,2512,0.6912024320648551,0.08323760189417283
0.1,0,T1ax+T2ax+FLAIRax+SWIax,1110100,4,Gliosis,11,1027,2512,0.7437844855566376,0.659273945416565
0.1,0,T1ax+T2ax+FLAIRax+SWIax,1110100,4,Cerebral atrophy,12,324,2512,0.8958911684383957,0.6160264875526038
0.1,0,T1ax+T2ax+FLAIRax+SWIax,1110100,4,Encephalomalacia,13,84,2512,0.6388463952302502,0.1322455459973602
0.1,0,T1ax+T2ax+FLAIRax+SWIax,1110100,4,Arachnoid cyst,14,69,2512,0.6332912135827298,0.05117690482424385
0.1,0,T1ax+T2ax+FLAIRax+SWIax,1110100,4,Empty sella syndrome,15,72,2512,0.6858549635701275,0.051543177089928255
0.1,0,T1ax+T2ax+FLAIRax+SWIax,1110100,4,Cyst of pineal gland,19,27,2512,0.6235039868842686,0.05152733531215016
0.1,0,T1ax+T2ax+FLAIRax+SWIax,1110100,4,Cerebral edema,22,197,2512,0.8193858196928003,0.45908838529903895
0.1,0,T1ax+T2ax+FLAIRax+SWIax,1110100,4,Mastoiditis,24,62,2512,0.6657735352205398,0.07037963351130824
0.1,0,T1ax+T2ax+FLAIRax+SWIax,1110100,4,Chronic mastoiditis,25,25,2512,0.7657096903900281,0.041022625900654586
0.1,0,T1ax+T2ax+FLAIRax+SWIax,1110100,4,Ventriculomegaly,26,304,2512,0.8907158776697178,0.5563057641971942
0.1,0,T1ax+T2ax+FLAIRax+SWIax,1110100,4,Cerebellar degeneration,27,94,2512,0.7799570596413424,0.15422163278796722
0.1,0,T1ax+T2ax+FLAIRax+SWIax,1110100,4,Mega cisterna magna,28,20,2512,0.6845706260032103,0.019584964770531284
0.1,0,T1ax+T2ax+FLAIRax+SWIax,1110100,4,Foraminal Spinal Stenosis,33,25,2512,0.5838359469240049,0.012674812888730284
0.1,0,T1ax+T2ax+FLAIRax+FLAIRsag,1111000,4,Cerebral infarction,0,161,2512,0.7758532777118762,0.22346968699199335
0.1,0,T1ax+T2ax+FLAIRax+FLAIRsag,1111000,4,Cerebral hemorrhage,1,127,2512,0.8245629673649285,0.2761796238723155
0.1,0,T1ax+T2ax+FLAIRax+FLAIRsag,1111000,4,Metastatic malignant neoplasm to brain,2,144,2512,0.7692907751501501,0.21477412583577676
0.1,0,T1ax+T2ax+FLAIRax+FLAIRsag,1111000,4,Intracranial meningioma,3,62,2512,0.6930348913759051,0.061554476932631184
0.1,0,T1ax+T2ax+FLAIRax+FLAIRsag,1111000,4,Demyelinating disease of central nervous system,4,66,2512,0.7574147030402141,0.0856775318283725
0.1,0,T1ax+T2ax+FLAIRax+FLAIRsag,1111000,4,Herniation of nucleus pulposus,5,42,2512,0.7015326778484674,0.041820633493943736
0.1,0,T1ax+T2ax+FLAIRax+FLAIRsag,1111000,4,Spinal cord compression,6,23,2512,0.5078868761681835,0.009428201871195384
0.1,0,T1ax+T2ax+FLAIRax+FLAIRsag,1111000,4,Lacunar infarct,7,86,2512,0.8121608926551505,0.14472522805658647
0.1,0,T1ax+T2ax+FLAIRax+FLAIRsag,1111000,4,Silent micro-hemorrhage of brain,8,77,2512,0.6740446411904318,0.07998339285993562
0.1,0,T1ax+T2ax+FLAIRax+FLAIRsag,1111000,4,Gliosis,11,1027,2512,0.7406777938423509,0.6569212023211438
0.1,0,T1ax+T2ax+FLAIRax+FLAIRsag,1111000,4,Cerebral atrophy,12,324,2512,0.9023574153068364,0.6548817848628365
0.1,0,T1ax+T2ax+FLAIRax+FLAIRsag,1111000,4,Encephalomalacia,13,84,2512,0.6779585392641406,0.15689251419271966
0.1,0,T1ax+T2ax+FLAIRax+FLAIRsag,1111000,4,Arachnoid cyst,14,69,2512,0.6440169190885523,0.05876072851242481
0.1,0,T1ax+T2ax+FLAIRax+FLAIRsag,1111000,4,Empty sella syndrome,15,72,2512,0.7020947176684882,0.057777786973236864
0.1,0,T1ax+T2ax+FLAIRax+FLAIRsag,1111000,4,Cyst of pineal gland,19,27,2512,0.659035695655414,0.019109658587894193
0.1,0,T1ax+T2ax+FLAIRax+FLAIRsag,1111000,4,Cerebral edema,22,197,2512,0.8321803291269693,0.4777902827821594
0.1,0,T1ax+T2ax+FLAIRax+FLAIRsag,1111000,4,Mastoiditis,24,62,2512,0.6486635944700461,0.05588105395876175
0.1,0,T1ax+T2ax+FLAIRax+FLAIRsag,1111000,4,Chronic mastoiditis,25,25,2512,0.7799597909127463,0.05710224949551735
0.1,0,T1ax+T2ax+FLAIRax+FLAIRsag,1111000,4,Ventriculomegaly,26,304,2512,0.8853838911136537,0.546432128880273
0.1,0,T1ax+T2ax+FLAIRax+FLAIRsag,1111000,4,Cerebellar degeneration,27,94,2512,0.7995222005173961,0.17295847095832914
0.1,0,T1ax+T2ax+FLAIRax+FLAIRsag,1111000,4,Mega cisterna magna,28,20,2512,0.651685393258427,0.014851260130643827
0.1,0,T1ax+T2ax+FLAIRax+FLAIRsag,1111000,4,Foraminal Spinal Stenosis,33,25,2512,0.6028468033775634,0.012846650561429362
0.1,0,FLAIRax+FLAIRsag+SWIax+T1sag+FLAIRcor,0011111,5,Cerebral infarction,0,161,2512,0.7760778418592854,0.22140905616615467
0.1,0,FLAIRax+FLAIRsag+SWIax+T1sag+FLAIRcor,0011111,5,Cerebral hemorrhage,1,127,2512,0.7818749071460408,0.2812258401583678
0.1,0,FLAIRax+FLAIRsag+SWIax+T1sag+FLAIRcor,0011111,5,Metastatic malignant neoplasm to brain,2,144,2512,0.7857515718843844,0.22713288669374285
0.1,0,FLAIRax+FLAIRsag+SWIax+T1sag+FLAIRcor,0011111,5,Intracranial meningioma,3,62,2512,0.6936471362738643,0.05460564022634472
0.1,0,FLAIRax+FLAIRsag+SWIax+T1sag+FLAIRcor,0011111,5,Demyelinating disease of central nervous system,4,66,2512,0.7117309645927798,0.07938313947767377
0.1,0,FLAIRax+FLAIRsag+SWIax+T1sag+FLAIRcor,0011111,5,Herniation of nucleus pulposus,5,42,2512,0.7239251976094081,0.03619916807659173
0.1,0,FLAIRax+FLAIRsag+SWIax+T1sag+FLAIRcor,0011111,5,Spinal cord compression,6,23,2512,0.5715758030988524,0.011282186406009656
0.1,0,FLAIRax+FLAIRsag+SWIax+T1sag+FLAIRcor,0011111,5,Lacunar infarct,7,86,2512,0.8214785559539102,0.15297109146954346
0.1,0,FLAIRax+FLAIRsag+SWIax+T1sag+FLAIRcor,0011111,5,Silent micro-hemorrhage of brain,8,77,2512,0.6958958905570816,0.08952029768732092
0.1,0,FLAIRax+FLAIRsag+SWIax+T1sag+FLAIRcor,0011111,5,Gliosis,11,1027,2512,0.7399132513056563,0.656536586210267
0.1,0,FLAIRax+FLAIRsag+SWIax+T1sag+FLAIRcor,0011111,5,Cerebral atrophy,12,324,2512,0.8965259439817636,0.6169631867016513
0.1,0,FLAIRax+FLAIRsag+SWIax+T1sag+FLAIRcor,0011111,5,Encephalomalacia,13,84,2512,0.6750509923903663,0.1633371152441229
0.1,0,FLAIRax+FLAIRsag+SWIax+T1sag+FLAIRcor,0011111,5,Arachnoid cyst,14,69,2512,0.6722015578375362,0.07156676687188349
0.1,0,FLAIRax+FLAIRsag+SWIax+T1sag+FLAIRcor,0011111,5,Empty sella syndrome,15,72,2512,0.6438410746812386,0.04419103504002042
0.1,0,FLAIRax+FLAIRsag+SWIax+T1sag+FLAIRcor,0011111,5,Cyst of pineal gland,19,27,2512,0.6731351069379238,0.01890403188727794
0.1,0,FLAIRax+FLAIRsag+SWIax+T1sag+FLAIRcor,0011111,5,Cerebral edema,22,197,2512,0.8468649614629814,0.47069563739969766
0.1,0,FLAIRax+FLAIRsag+SWIax+T1sag+FLAIRcor,0011111,5,Mastoiditis,24,62,2512,0.6580250164581962,0.07307794517701299
0.1,0,FLAIRax+FLAIRsag+SWIax+T1sag+FLAIRcor,0011111,5,Chronic mastoiditis,25,25,2512,0.6478970647366304,0.02483775899677357
0.1,0,FLAIRax+FLAIRsag+SWIax+T1sag+FLAIRcor,0011111,5,Ventriculomegaly,26,304,2512,0.8847760535850495,0.5270141298397564
0.1,0,FLAIRax+FLAIRsag+SWIax+T1sag+FLAIRcor,0011111,5,Cerebellar degeneration,27,94,2512,0.7787955581366701,0.1437424342224631
0.1,0,FLAIRax+FLAIRsag+SWIax+T1sag+FLAIRcor,0011111,5,Mega cisterna magna,28,20,2512,0.5497191011235956,0.010902463434335593
0.1,0,FLAIRax+FLAIRsag+SWIax+T1sag+FLAIRcor,0011111,5,Foraminal Spinal Stenosis,33,25,2512,0.6432006433453961,0.015947485397537108
0.1,0,T2ax+FLAIRsag+SWIax+T1sag+FLAIRcor,0101111,5,Cerebral infarction,0,161,2512,0.7893720393859096,0.22637839441743027
0.1,0,T2ax+FLAIRsag+SWIax+T1sag+FLAIRcor,0101111,5,Cerebral hemorrhage,1,127,2512,0.8057775796893313,0.29041132021808297
0.1,0,T2ax+FLAIRsag+SWIax+T1sag+FLAIRcor,0101111,5,Metastatic malignant neoplasm to brain,2,144,2512,0.7581966732357357,0.20135950452089235
0.1,0,T2ax+FLAIRsag+SWIax+T1sag+FLAIRcor,0101111,5,Intracranial meningioma,3,62,2512,0.6562541145490454,0.043309576760796144
0.1,0,T2ax+FLAIRsag+SWIax+T1sag+FLAIRcor,0101111,5,Demyelinating disease of central nervous system,4,66,2512,0.7397234817512822,0.08729819524874897
0.1,0,T2ax+FLAIRsag+SWIax+T1sag+FLAIRcor,0101111,5,Herniation of nucleus pulposus,5,42,2512,0.7181222286485445,0.03716493208834795
0.1,0,T2ax+FLAIRsag+SWIax+T1sag+FLAIRcor,0101111,5,Spinal cord compression,6,23,2512,0.40978566562439955,0.007533025140603156
0.1,0,T2ax+FLAIRsag+SWIax+T1sag+FLAIRcor,0101111,5,Lacunar infarct,7,86,2512,0.8421605092122165,0.1451395334318457
0.1,0,T2ax+FLAIRsag+SWIax+T1sag+FLAIRcor,0101111,5,Silent micro-hemorrhage of brain,8,77,2512,0.6531267500466679,0.07982204196491302
0.1,0,T2ax+FLAIRsag+SWIax+T1sag+FLAIRcor,0101111,5,Gliosis,11,1027,2512,0.7415800327192732,0.6704707767638649
0.1,0,T2ax+FLAIRsag+SWIax+T1sag+FLAIRcor,0101111,5,Cerebral atrophy,12,324,2512,0.8920909788521,0.6027770648309044
0.1,0,T2ax+FLAIRsag+SWIax+T1sag+FLAIRcor,0101111,5,Encephalomalacia,13,84,2512,0.66749529301012,0.15683207721592468
0.1,0,T2ax+FLAIRsag+SWIax+T1sag+FLAIRcor,0101111,5,Arachnoid cyst,14,69,2512,0.6424270468122467,0.05105100960525938
0.1,0,T2ax+FLAIRsag+SWIax+T1sag+FLAIRcor,0101111,5,Empty sella syndrome,15,72,2512,0.6588627049180328,0.046793972100140274
0.1,0,T2ax+FLAIRsag+SWIax+T1sag+FLAIRcor,0101111,5,Cyst of pineal gland,19,27,2512,0.6608242044861763,0.023384869942491046
0.1,0,T2ax+FLAIRsag+SWIax+T1sag+FLAIRcor,0101111,5,Cerebral edema,22,197,2512,0.8482200611768317,0.4618220733721679
0.1,0,T2ax+FLAIRsag+SWIax+T1sag+FLAIRcor,0101111,5,Mastoiditis,24,62,2512,0.6480052666227781,0.054079987737459256
0.1,0,T2ax+FLAIRsag+SWIax+T1sag+FLAIRcor,0101111,5,Chronic mastoiditis,25,25,2512,0.6557619622034581,0.028955053539059347
0.1,0,T2ax+FLAIRsag+SWIax+T1sag+FLAIRcor,0101111,5,Ventriculomegaly,26,304,2512,0.88167727402746,0.5278101367635124
0.1,0,T2ax+FLAIRsag+SWIax+T1sag+FLAIRcor,0101111,5,Cerebellar degeneration,27,94,2512,0.8025227460711332,0.15265136878945815
0.1,0,T2ax+FLAIRsag+SWIax+T1sag+FLAIRcor,0101111,5,Mega cisterna magna,28,20,2512,0.5815810593900481,0.012932271416984905
0.1,0,T2ax+FLAIRsag+SWIax+T1sag+FLAIRcor,0101111,5,Foraminal Spinal Stenosis,33,25,2512,0.6350140731805388,0.015601288667426688
0.1,0,T2ax+FLAIRax+SWIax+T1sag+FLAIRcor,0110111,5,Cerebral infarction,0,161,2512,0.7898053160938519,0.23142096880759452
0.1,0,T2ax+FLAIRax+SWIax+T1sag+FLAIRcor,0110111,5,Cerebral hemorrhage,1,127,2512,0.8155565459977879,0.31615423277093513
0.1,0,T2ax+FLAIRax+SWIax+T1sag+FLAIRcor,0110111,5,Metastatic malignant neoplasm to brain,2,144,2512,0.7826723207582582,0.20766157946208963
0.1,0,T2ax+FLAIRax+SWIax+T1sag+FLAIRcor,0110111,5,Intracranial meningioma,3,62,2512,0.6428637261356156,0.05624100697382858
0.1,0,T2ax+FLAIRax+SWIax+T1sag+FLAIRcor,0110111,5,Demyelinating disease of central nervous system,4,66,2512,0.7631321390520083,0.11067569256103908
0.1,0,T2ax+FLAIRax+SWIax+T1sag+FLAIRcor,0110111,5,Herniation of nucleus pulposus,5,42,2512,0.7512916907653749,0.0508786897728233
0.1,0,T2ax+FLAIRax+SWIax+T1sag+FLAIRcor,0110111,5,Spinal cord compression,6,23,2512,0.4932485545094066,0.009013134144679035
0.1,0,T2ax+FLAIRax+SWIax+T1sag+FLAIRcor,0110111,5,Lacunar infarct,7,86,2512,0.8400659521846661,0.1525885251981832
0.1,0,T2ax+FLAIRax+SWIax+T1sag+FLAIRcor,0110111,5,Silent micro-hemorrhage of brain,8,77,2512,0.6762953678764767,0.07724425610550907
0.1,0,T2ax+FLAIRax+SWIax+T1sag+FLAIRcor,0110111,5,Gliosis,11,1027,2512,0.7411210449185133,0.669044967092433
0.1,0,T2ax+FLAIRax+SWIax+T1sag+FLAIRcor,0110111,5,Cerebral atrophy,12,324,2512,0.8964215586701876,0.6085369228517473
0.1,0,T2ax+FLAIRax+SWIax+T1sag+FLAIRcor,0110111,5,Encephalomalacia,13,84,2512,0.6471963991527419,0.13152392638746063
0.1,0,T2ax+FLAIRax+SWIax+T1sag+FLAIRcor,0110111,5,Arachnoid cyst,14,69,2512,0.6536747999311846,0.06092235181967172
0.1,0,T2ax+FLAIRax+SWIax+T1sag+FLAIRcor,0110111,5,Empty sella syndrome,15,72,2512,0.6711976320582878,0.05298279165785146
0.1,0,T2ax+FLAIRax+SWIax+T1sag+FLAIRcor,0110111,5,Cyst of pineal gland,19,27,2512,0.657560175870035,0.021447109410193423
0.1,0,T2ax+FLAIRax+SWIax+T1sag+FLAIRcor,0110111,5,Cerebral edema,22,197,2512,0.8491081119601803,0.48259224702372955
0.1,0,T2ax+FLAIRax+SWIax+T1sag+FLAIRcor,0110111,5,Mastoiditis,24,62,2512,0.6457867017774851,0.0659883465375796
0.1,0,T2ax+FLAIRax+SWIax+T1sag+FLAIRcor,0110111,5,Chronic mastoiditis,25,25,2512,0.7031604342581423,0.028226761877438607
0.1,0,T2ax+FLAIRax+SWIax+T1sag+FLAIRcor,0110111,5,Ventriculomegaly,26,304,2512,0.8901631626620901,0.5286417432011985
0.1,0,T2ax+FLAIRax+SWIax+T1sag+FLAIRcor,0110111,5,Cerebellar degeneration,27,94,2512,0.8176838604086373,0.17235590799939388
0.1,0,T2ax+FLAIRax+SWIax+T1sag+FLAIRcor,0110111,5,Mega cisterna magna,28,20,2512,0.6090890850722311,0.015573519142086326
0.1,0,T2ax+FLAIRax+SWIax+T1sag+FLAIRcor,0110111,5,Foraminal Spinal Stenosis,33,25,2512,0.6079453156413349,0.013803656536487104
0.1,0,T2ax+FLAIRax+FLAIRsag+T1sag+FLAIRcor,0111011,5,Cerebral infarction,0,161,2512,0.7664823479370481,0.2109985973051124
0.1,0,T2ax+FLAIRax+FLAIRsag+T1sag+FLAIRcor,0111011,5,Cerebral hemorrhage,1,127,2512,0.7910860199078888,0.2760032857107019
0.1,0,T2ax+FLAIRax+FLAIRsag+T1sag+FLAIRcor,0111011,5,Metastatic malignant neoplasm to brain,2,144,2512,0.7812617304804804,0.2429228803914356
0.1,0,T2ax+FLAIRax+FLAIRsag+T1sag+FLAIRcor,0111011,5,Intracranial meningioma,3,62,2512,0.6530678077682686,0.0421402467128148
0.1,0,T2ax+FLAIRax+FLAIRsag+T1sag+FLAIRcor,0111011,5,Demyelinating disease of central nervous system,4,66,2512,0.7333494387868877,0.1016312413824552
0.1,0,T2ax+FLAIRax+FLAIRsag+T1sag+FLAIRcor,0111011,5,Herniation of nucleus pulposus,5,42,2512,0.7190090611143243,0.038738761828578605
0.1,0,T2ax+FLAIRax+FLAIRsag+T1sag+FLAIRcor,0111011,5,Spinal cord compression,6,23,2512,0.5603088371443045,0.010639867889596099
0.1,0,T2ax+FLAIRax+FLAIRsag+T1sag+FLAIRcor,0111011,5,Lacunar infarct,7,86,2512,0.8212101459000364,0.14042628832086917
0.1,0,T2ax+FLAIRax+FLAIRsag+T1sag+FLAIRcor,0111011,5,Silent micro-hemorrhage of brain,8,77,2512,0.6354516120429877,0.07782802269904479
0.1,0,T2ax+FLAIRax+FLAIRsag+T1sag+FLAIRcor,0111011,5,Gliosis,11,1027,2512,0.7408941738055662,0.671147977376704
0.1,0,T2ax+FLAIRax+FLAIRsag+T1sag+FLAIRcor,0111011,5,Cerebral atrophy,12,324,2512,0.8966373823549325,0.6358449581779597
0.1,0,T2ax+FLAIRax+FLAIRsag+T1sag+FLAIRcor,0111011,5,Encephalomalacia,13,84,2512,0.6563750294186866,0.13791692546460235
0.1,0,T2ax+FLAIRax+FLAIRsag+T1sag+FLAIRcor,0111011,5,Arachnoid cyst,14,69,2512,0.6881596041929915,0.0626359341226631
0.1,0,T2ax+FLAIRax+FLAIRsag+T1sag+FLAIRcor,0111011,5,Empty sella syndrome,15,72,2512,0.6780908469945355,0.04982513165312427
0.1,0,T2ax+FLAIRax+FLAIRsag+T1sag+FLAIRcor,0111011,5,Cyst of pineal gland,19,27,2512,0.6738803189507415,0.020103042251578693
0.1,0,T2ax+FLAIRax+FLAIRsag+T1sag+FLAIRcor,0111011,5,Cerebral edema,22,197,2512,0.8418699498963941,0.48951332796210745
0.1,0,T2ax+FLAIRax+FLAIRsag+T1sag+FLAIRcor,0111011,5,Mastoiditis,24,62,2512,0.618663594470046,0.06340415071007707
0.1,0,T2ax+FLAIRax+FLAIRsag+T1sag+FLAIRcor,0111011,5,Chronic mastoiditis,25,25,2512,0.7083071974266184,0.03631195658577484
0.1,0,T2ax+FLAIRax+FLAIRsag+T1sag+FLAIRcor,0111011,5,Ventriculomegaly,26,304,2512,0.8823327850877193,0.5315184573310595
0.1,0,T2ax+FLAIRax+FLAIRsag+T1sag+FLAIRcor,0111011,5,Cerebellar degeneration,27,94,2512,0.7965304542174824,0.16852952367302557
0.1,0,T2ax+FLAIRax+FLAIRsag+T1sag+FLAIRcor,0111011,5,Mega cisterna magna,28,20,2512,0.6190810593900482,0.014150879658955099
0.1,0,T2ax+FLAIRax+FLAIRsag+T1sag+FLAIRcor,0111011,5,Foraminal Spinal Stenosis,33,25,2512,0.5999517490952956,0.014110198728061907
0.1,0,T2ax+FLAIRax+FLAIRsag+SWIax+FLAIRcor,0111101,5,Cerebral infarction,0,161,2512,0.8043148019476317,0.2703074395669354
0.1,0,T2ax+FLAIRax+FLAIRsag+SWIax+FLAIRcor,0111101,5,Cerebral hemorrhage,1,127,2512,0.8234767823833341,0.27757291792096217
0.1,0,T2ax+FLAIRax+FLAIRsag+SWIax+FLAIRcor,0111101,5,Metastatic malignant neoplasm to brain,2,144,2512,0.785082934496997,0.22398676525154979
0.1,0,T2ax+FLAIRax+FLAIRsag+SWIax+FLAIRcor,0111101,5,Intracranial meningioma,3,62,2512,0.6986570111915734,0.054598080782993434
0.1,0,T2ax+FLAIRax+FLAIRsag+SWIax+FLAIRcor,0111101,5,Demyelinating disease of central nervous system,4,66,2512,0.7328043311281252,0.08742187020049981
0.1,0,T2ax+FLAIRax+FLAIRsag+SWIax+FLAIRcor,0111101,5,Herniation of nucleus pulposus,5,42,2512,0.7483516483516484,0.04252453318318384
0.1,0,T2ax+FLAIRax+FLAIRsag+SWIax+FLAIRcor,0111101,5,Spinal cord compression,6,23,2512,0.47581532656733105,0.00846607101420694
0.1,0,T2ax+FLAIRax+FLAIRsag+SWIax+FLAIRcor,0111101,5,Lacunar infarct,7,86,2512,0.8470494066220594,0.16561228879236822
0.1,0,T2ax+FLAIRax+FLAIRsag+SWIax+FLAIRcor,0111101,5,Silent micro-hemorrhage of brain,8,77,2512,0.6823701965385743,0.09953449210249096
0.1,0,T2ax+FLAIRax+FLAIRsag+SWIax+FLAIRcor,0111101,5,Gliosis,11,1027,2512,0.7416206859244834,0.6714443024088246
0.1,0,T2ax+FLAIRax+FLAIRsag+SWIax+FLAIRcor,0111101,5,Cerebral atrophy,12,324,2512,0.8996165955718058,0.6239638246886262
0.1,0,T2ax+FLAIRax+FLAIRsag+SWIax+FLAIRcor,0111101,5,Encephalomalacia,13,84,2512,0.655796461912607,0.15081469420795526
0.1,0,T2ax+FLAIRax+FLAIRsag+SWIax+FLAIRcor,0111101,5,Arachnoid cyst,14,69,2512,0.6472322577966031,0.06330086744237433
0.1,0,T2ax+FLAIRax+FLAIRsag+SWIax+FLAIRcor,0111101,5,Empty sella syndrome,15,72,2512,0.6976548269581057,0.06177548371977764
0.1,0,T2ax+FLAIRax+FLAIRsag+SWIax+FLAIRcor,0111101,5,Cyst of pineal gland,19,27,2512,0.6780087935017513,0.019627423709866258
0.1,0,T2ax+FLAIRax+FLAIRsag+SWIax+FLAIRcor,0111101,5,Cerebral edema,22,197,2512,0.8385984146648978,0.4678853878145432
0.1,0,T2ax+FLAIRax+FLAIRsag+SWIax+FLAIRcor,0111101,5,Mastoiditis,24,62,2512,0.6848584595128375,0.0840886120263731
0.1,0,T2ax+FLAIRax+FLAIRsag+SWIax+FLAIRcor,0111101,5,Chronic mastoiditis,25,25,2512,0.7145154804985927,0.05116361505777579
0.1,0,T2ax+FLAIRax+FLAIRsag+SWIax+FLAIRcor,0111101,5,Ventriculomegaly,26,304,2512,0.8835499499427918,0.5304167436124344
0.1,0,T2ax+FLAIRax+FLAIRsag+SWIax+FLAIRcor,0111101,5,Cerebellar degeneration,27,94,2512,0.7630580926737413,0.14871256496437985
0.1,0,T2ax+FLAIRax+FLAIRsag+SWIax+FLAIRcor,0111101,5,Mega cisterna magna,28,20,2512,0.6747993579454253,0.02153567979291518
0.1,0,T2ax+FLAIRax+FLAIRsag+SWIax+FLAIRcor,0111101,5,Foraminal Spinal Stenosis,33,25,2512,0.5781745074386812,0.01377631332520367
0.1,0,T2ax+FLAIRax+FLAIRsag+SWIax+T1sag,0111110,5,Cerebral infarction,0,161,2512,0.7967113241094711,0.23895786620091042
0.1,0,T2ax+FLAIRax+FLAIRsag+SWIax+T1sag,0111110,5,Cerebral hemorrhage,1,127,2512,0.8073556843130458,0.2987827294738888
0.1,0,T2ax+FLAIRax+FLAIRsag+SWIax+T1sag,0111110,5,Metastatic malignant neoplasm to brain,2,144,2512,0.7835022522522523,0.2282707399143274
0.1,0,T2ax+FLAIRax+FLAIRsag+SWIax+T1sag,0111110,5,Intracranial meningioma,3,62,2512,0.6611257406188282,0.05167661862626498
0.1,0,T2ax+FLAIRax+FLAIRsag+SWIax+T1sag,0111110,5,Demyelinating disease of central nervous system,4,66,2512,0.7444560073341758,0.08236203623602595
0.1,0,T2ax+FLAIRax+FLAIRsag+SWIax+T1sag,0111110,5,Herniation of nucleus pulposus,5,42,2512,0.7406786196259881,0.044325594842862956
0.1,0,T2ax+FLAIRax+FLAIRsag+SWIax+T1sag,0111110,5,Spinal cord compression,6,23,2512,0.483885618460356,0.008663982639755659
0.1,0,T2ax+FLAIRax+FLAIRsag+SWIax+T1sag,0111110,5,Lacunar infarct,7,86,2512,0.8394524434900976,0.16183971539380912
0.1,0,T2ax+FLAIRax+FLAIRsag+SWIax+T1sag,0111110,5,Silent micro-hemorrhage of brain,8,77,2512,0.629238113016347,0.08749069276926938
0.1,0,T2ax+FLAIRax+FLAIRsag+SWIax+T1sag,0111110,5,Gliosis,11,1027,2512,0.7458000976988318,0.6676806764145908
0.1,0,T2ax+FLAIRax+FLAIRsag+SWIax+T1sag,0111110,5,Cerebral atrophy,12,324,2512,0.9003656307129799,0.6299254930850907
0.1,0,T2ax+FLAIRax+FLAIRsag+SWIax+T1sag,0111110,5,Encephalomalacia,13,84,2512,0.6696281477994822,0.16498678737270261
0.1,0,T2ax+FLAIRax+FLAIRsag+SWIax+T1sag,0111110,5,Arachnoid cyst,14,69,2512,0.6539832826116618,0.05751479057894877
0.1,0,T2ax+FLAIRax+FLAIRsag+SWIax+T1sag,0111110,5,Empty sella syndrome,15,72,2512,0.6300147996357013,0.04329564303510701
0.1,0,T2ax+FLAIRax+FLAIRsag+SWIax+T1sag,0111110,5,Cyst of pineal gland,19,27,2512,0.6519561815336463,0.03425150074961098
0.1,0,T2ax+FLAIRax+FLAIRsag+SWIax+T1sag,0111110,5,Cerebral edema,22,197,2512,0.8420760653868502,0.4730244480060553
0.1,0,T2ax+FLAIRax+FLAIRsag+SWIax+T1sag,0111110,5,Mastoiditis,24,62,2512,0.6390388413429888,0.08485550498309234
0.1,0,T2ax+FLAIRax+FLAIRsag+SWIax+T1sag,0111110,5,Chronic mastoiditis,25,25,2512,0.7077442702050664,0.04090496815028656
0.1,0,T2ax+FLAIRax+FLAIRsag+SWIax+T1sag,0111110,5,Ventriculomegaly,26,304,2512,0.8883485888634629,0.5395542152423862
0.1,0,T2ax+FLAIRax+FLAIRsag+SWIax+T1sag,0111110,5,Cerebellar degeneration,27,94,2512,0.8152596659803248,0.16094658775290233
0.1,0,T2ax+FLAIRax+FLAIRsag+SWIax+T1sag,0111110,5,Mega cisterna magna,28,20,2512,0.6305979133226324,0.01409268529901876
0.1,0,T2ax+FLAIRax+FLAIRsag+SWIax+T1sag,0111110,5,Foraminal Spinal Stenosis,33,25,2512,0.5709851226377162,0.011942057460162529
0.1,0,T1ax+FLAIRsag+SWIax+T1sag+FLAIRcor,1001111,5,Cerebral infarction,0,161,2512,0.7568498669787668,0.1963534776129923
0.1,0,T1ax+FLAIRsag+SWIax+T1sag+FLAIRcor,1001111,5,Cerebral hemorrhage,1,127,2512,0.7817593555522542,0.2782748146162668
0.1,0,T1ax+FLAIRsag+SWIax+T1sag+FLAIRcor,1001111,5,Metastatic malignant neoplasm to brain,2,144,2512,0.761865381006006,0.20948193378458707
0.1,0,T1ax+FLAIRsag+SWIax+T1sag+FLAIRcor,1001111,5,Intracranial meningioma,3,62,2512,0.7006319947333772,0.05118383173953837
0.1,0,T1ax+FLAIRsag+SWIax+T1sag+FLAIRcor,1001111,5,Demyelinating disease of central nervous system,4,66,2512,0.7276505859907332,0.0702520828874956
0.1,0,T1ax+FLAIRsag+SWIax+T1sag+FLAIRcor,1001111,5,Herniation of nucleus pulposus,5,42,2512,0.686302294197031,0.03376657596269492
0.1,0,T1ax+FLAIRsag+SWIax+T1sag+FLAIRcor,1001111,5,Spinal cord compression,6,23,2512,0.5088825615316086,0.00953076411707758
0.1,0,T1ax+FLAIRsag+SWIax+T1sag+FLAIRcor,1001111,5,Lacunar infarct,7,86,2512,0.8217421729711076,0.13598041243239714
0.1,0,T1ax+FLAIRsag+SWIax+T1sag+FLAIRcor,1001111,5,Silent micro-hemorrhage of brain,8,77,2512,0.6831968852502733,0.07967912452690128
0.1,0,T1ax+FLAIRsag+SWIax+T1sag+FLAIRcor,1001111,5,Gliosis,11,1027,2512,0.7383513813893561,0.6569857597305662
0.1,0,T1ax+FLAIRsag+SWIax+T1sag+FLAIRcor,1001111,5,Cerebral atrophy,12,324,2512,0.8929782540004966,0.6121469740013773
0.1,0,T1ax+FLAIRsag+SWIax+T1sag+FLAIRcor,1001111,5,Encephalomalacia,13,84,2512,0.7196153997018908,0.16031861367669067
0.1,0,T1ax+FLAIRsag+SWIax+T1sag+FLAIRcor,1001111,5,Arachnoid cyst,14,69,2512,0.6702023527736745,0.08052945921614521
0.1,0,T1ax+FLAIRsag+SWIax+T1sag+FLAIRcor,1001111,5,Empty sella syndrome,15,72,2512,0.6672871129326048,0.045740996814659124
0.1,0,T1ax+FLAIRsag+SWIax+T1sag+FLAIRcor,1001111,5,Cyst of pineal gland,19,27,2512,0.6782174528653402,0.022474699967638855
0.1,0,T1ax+FLAIRsag+SWIax+T1sag+FLAIRcor,1001111,5,Cerebral edema,22,197,2512,0.850263674337525,0.46082572316439196
0.1,0,T1ax+FLAIRsag+SWIax+T1sag+FLAIRcor,1001111,5,Mastoiditis,24,62,2512,0.6147267939433838,0.05918756644380352
0.1,0,T1ax+FLAIRsag+SWIax+T1sag+FLAIRcor,1001111,5,Chronic mastoiditis,25,25,2512,0.636606353035786,0.025477569539633774
0.1,0,T1ax+FLAIRsag+SWIax+T1sag+FLAIRcor,1001111,5,Ventriculomegaly,26,304,2512,0.8844736246186117,0.5246919500921597
0.1,0,T1ax+FLAIRsag+SWIax+T1sag+FLAIRcor,1001111,5,Cerebellar degeneration,27,94,2512,0.7976699575875965,0.14403548106710246
0.1,0,T1ax+FLAIRsag+SWIax+T1sag+FLAIRcor,1001111,5,Mega cisterna magna,28,20,2512,0.5353531300160513,0.009740804187281522
0.1,0,T1ax+FLAIRsag+SWIax+T1sag+FLAIRcor,1001111,5,Foraminal Spinal Stenosis,33,25,2512,0.6602975472456775,0.015561506602668453
0.1,0,T1ax+FLAIRax+SWIax+T1sag+FLAIRcor,1010111,5,Cerebral infarction,0,161,2512,0.7585222093941787,0.20633021596584977
0.1,0,T1ax+FLAIRax+SWIax+T1sag+FLAIRcor,1010111,5,Cerebral hemorrhage,1,127,2512,0.8022450023935688,0.31571573907549544
0.1,0,T1ax+FLAIRax+SWIax+T1sag+FLAIRcor,1010111,5,Metastatic malignant neoplasm to brain,2,144,2512,0.774440456081081,0.2121508410079272
0.1,0,T1ax+FLAIRax+SWIax+T1sag+FLAIRcor,1010111,5,Intracranial meningioma,3,62,2512,0.6977024358130349,0.059026940494476224
0.1,0,T1ax+FLAIRax+SWIax+T1sag+FLAIRcor,1010111,5,Demyelinating disease of central nervous system,4,66,2512,0.7500991104834114,0.09637923362587728
0.1,0,T1ax+FLAIRax+SWIax+T1sag+FLAIRcor,1010111,5,Herniation of nucleus pulposus,5,42,2512,0.70409678041257,0.03586633092619991
0.1,0,T1ax+FLAIRax+SWIax+T1sag+FLAIRcor,1010111,5,Spinal cord compression,6,23,2512,0.5590685974810907,0.010905645612348348
0.1,0,T1ax+FLAIRax+SWIax+T1sag+FLAIRcor,1010111,5,Lacunar infarct,7,86,2512,0.8172798558254567,0.146678643766047
0.1,0,T1ax+FLAIRax+SWIax+T1sag+FLAIRcor,1010111,5,Silent micro-hemorrhage of brain,8,77,2512,0.7145310541614444,0.08009912234915124
0.1,0,T1ax+FLAIRax+SWIax+T1sag+FLAIRcor,1010111,5,Gliosis,11,1027,2512,0.7385900550457513,0.6568299586589889
0.1,0,T1ax+FLAIRax+SWIax+T1sag+FLAIRcor,1010111,5,Cerebral atrophy,12,324,2512,0.8943606540727199,0.6162763849233873
0.1,0,T1ax+FLAIRax+SWIax+T1sag+FLAIRcor,1010111,5,Encephalomalacia,13,84,2512,0.6845238095238096,0.13504381902430868
0.1,0,T1ax+FLAIRax+SWIax+T1sag+FLAIRcor,1010111,5,Arachnoid cyst,14,69,2512,0.6848078212224219,0.07499438578199989
0.1,0,T1ax+FLAIRax+SWIax+T1sag+FLAIRcor,1010111,5,Empty sella syndrome,15,72,2512,0.6658185336976321,0.04982420140818363
0.1,0,T1ax+FLAIRax+SWIax+T1sag+FLAIRcor,1010111,5,Cyst of pineal gland,19,27,2512,0.6652060511215441,0.01950135162656983
0.1,0,T1ax+FLAIRax+SWIax+T1sag+FLAIRcor,1010111,5,Cerebral edema,22,197,2512,0.846597449868985,0.47362502099838455
0.1,0,T1ax+FLAIRax+SWIax+T1sag+FLAIRcor,1010111,5,Mastoiditis,24,62,2512,0.6301184990125082,0.0561501181400997
0.1,0,T1ax+FLAIRax+SWIax+T1sag+FLAIRcor,1010111,5,Chronic mastoiditis,25,25,2512,0.6698351427422597,0.02184615435359491
0.1,0,T1ax+FLAIRax+SWIax+T1sag+FLAIRcor,1010111,5,Ventriculomegaly,26,304,2512,0.888750834286804,0.5249438221418815
0.1,0,T1ax+FLAIRax+SWIax+T1sag+FLAIRcor,1010111,5,Cerebellar degeneration,27,94,2512,0.7983431005050772,0.16282223839119914
0.1,0,T1ax+FLAIRax+SWIax+T1sag+FLAIRcor,1010111,5,Mega cisterna magna,28,20,2512,0.5586878009630819,0.011041820515921699
0.1,0,T1ax+FLAIRax+SWIax+T1sag+FLAIRcor,1010111,5,Foraminal Spinal Stenosis,33,25,2512,0.6548130277442702,0.015047697192862051
0.1,0,T1ax+FLAIRax+FLAIRsag+T1sag+FLAIRcor,1011011,5,Cerebral infarction,0,161,2512,0.7457748916147747,0.19013041249410328
0.1,0,T1ax+FLAIRax+FLAIRsag+T1sag+FLAIRcor,1011011,5,Cerebral hemorrhage,1,127,2512,0.7772858581356576,0.26172786431448164
0.1,0,T1ax+FLAIRax+FLAIRsag+T1sag+FLAIRcor,1011011,5,Metastatic malignant neoplasm to brain,2,144,2512,0.7763671875,0.2203781788633469
0.1,0,T1ax+FLAIRax+FLAIRsag+T1sag+FLAIRcor,1011011,5,Intracranial meningioma,3,62,2512,0.6977682685977616,0.05250566385946545
0.1,0,T1ax+FLAIRax+FLAIRsag+T1sag+FLAIRcor,1011011,5,Demyelinating disease of central nervous system,4,66,2512,0.738280185336604,0.09497281166692208
0.1,0,T1ax+FLAIRax+FLAIRsag+T1sag+FLAIRcor,1011011,5,Herniation of nucleus pulposus,5,42,2512,0.6768170426065163,0.0340485351782563
0.1,0,T1ax+FLAIRax+FLAIRsag+T1sag+FLAIRcor,1011011,5,Spinal cord compression,6,23,2512,0.6135343336768738,0.012351014034914882
0.1,0,T1ax+FLAIRax+FLAIRsag+T1sag+FLAIRcor,1011011,5,Lacunar infarct,7,86,2512,0.8066776586974443,0.1401312835637908
0.1,0,T1ax+FLAIRax+FLAIRsag+T1sag+FLAIRcor,1011011,5,Silent micro-hemorrhage of brain,8,77,2512,0.6572175258006879,0.09322887078928273
0.1,0,T1ax+FLAIRax+FLAIRsag+T1sag+FLAIRcor,1011011,5,Gliosis,11,1027,2512,0.7350728970982136,0.6534312631570385
0.1,0,T1ax+FLAIRax+FLAIRsag+T1sag+FLAIRcor,1011011,5,Cerebral atrophy,12,324,2512,0.8973765432098765,0.6320152182189422
0.1,0,T1ax+FLAIRax+FLAIRsag+T1sag+FLAIRcor,1011011,5,Encephalomalacia,13,84,2512,0.6905987683376481,0.15410938095948026
0.1,0,T1ax+FLAIRax+FLAIRsag+T1sag+FLAIRcor,1011011,5,Arachnoid cyst,14,69,2512,0.7152348917641057,0.07706043369654196
0.1,0,T1ax+FLAIRax+FLAIRsag+T1sag+FLAIRcor,1011011,5,Empty sella syndrome,15,72,2512,0.6791382058287796,0.0491719170577465
0.1,0,T1ax+FLAIRax+FLAIRsag+T1sag+FLAIRcor,1011011,5,Cyst of pineal gland,19,27,2512,0.6461733363141813,0.018849209257368743
0.1,0,T1ax+FLAIRax+FLAIRsag+T1sag+FLAIRcor,1011011,5,Cerebral edema,22,197,2512,0.8472881560338117,0.4963820912014428
0.1,0,T1ax+FLAIRax+FLAIRsag+T1sag+FLAIRcor,1011011,5,Mastoiditis,24,62,2512,0.6084331797235023,0.0602217918678989
0.1,0,T1ax+FLAIRax+FLAIRsag+T1sag+FLAIRcor,1011011,5,Chronic mastoiditis,25,25,2512,0.7274788902291918,0.030387356770853424
0.1,0,T1ax+FLAIRax+FLAIRsag+T1sag+FLAIRcor,1011011,5,Ventriculomegaly,26,304,2512,0.88447660421434,0.5333742127052564
0.1,0,T1ax+FLAIRax+FLAIRsag+T1sag+FLAIRcor,1011011,5,Cerebellar degeneration,27,94,2512,0.8034466677225771,0.158784265455927
0.1,0,T1ax+FLAIRax+FLAIRsag+T1sag+FLAIRcor,1011011,5,Mega cisterna magna,28,20,2512,0.5780296950240771,0.01158821596205696
0.1,0,T1ax+FLAIRax+FLAIRsag+T1sag+FLAIRcor,1011011,5,Foraminal Spinal Stenosis,33,25,2512,0.6579815038198633,0.017365553925749757
0.1,0,T1ax+FLAIRax+FLAIRsag+SWIax+FLAIRcor,1011101,5,Cerebral infarction,0,161,2512,0.7780540063564861,0.24098648759700933
0.1,0,T1ax+FLAIRax+FLAIRsag+SWIax+FLAIRcor,1011101,5,Cerebral hemorrhage,1,127,2512,0.812436652965549,0.27788010888632936
0.1,0,T1ax+FLAIRax+FLAIRsag+SWIax+FLAIRcor,1011101,5,Metastatic malignant neoplasm to brain,2,144,2512,0.7852324981231231,0.22581132621636335
0.1,0,T1ax+FLAIRax+FLAIRsag+SWIax+FLAIRcor,1011101,5,Intracranial meningioma,3,62,2512,0.7184858459512837,0.06933476750363692
0.1,0,T1ax+FLAIRax+FLAIRsag+SWIax+FLAIRcor,1011101,5,Demyelinating disease of central nervous system,4,66,2512,0.7423127431304046,0.07952048297944342
0.1,0,T1ax+FLAIRax+FLAIRsag+SWIax+FLAIRcor,1011101,5,Herniation of nucleus pulposus,5,42,2512,0.695999614420667,0.032886787316489835
0.1,0,T1ax+FLAIRax+FLAIRsag+SWIax+FLAIRcor,1011101,5,Spinal cord compression,6,23,2512,0.5186123290303423,0.010045760204875994
0.1,0,T1ax+FLAIRax+FLAIRsag+SWIax+FLAIRcor,1011101,5,Lacunar infarct,7,86,2512,0.8191347610191914,0.16037491297613207
0.1,0,T1ax+FLAIRax+FLAIRsag+SWIax+FLAIRcor,1011101,5,Silent micro-hemorrhage of brain,8,77,2512,0.7174164644390517,0.11532262311942061
0.1,0,T1ax+FLAIRax+FLAIRsag+SWIax+FLAIRcor,1011101,5,Gliosis,11,1027,2512,0.7402378212504794,0.6586288940983104
0.1,0,T1ax+FLAIRax+FLAIRsag+SWIax+FLAIRcor,1011101,5,Cerebral atrophy,12,324,2512,0.9027805990024149,0.6335000061291876
0.1,0,T1ax+FLAIRax+FLAIRsag+SWIax+FLAIRcor,1011101,5,Encephalomalacia,13,84,2512,0.7083088177610419,0.1791920335512785
0.1,0,T1ax+FLAIRax+FLAIRsag+SWIax+FLAIRcor,1011101,5,Arachnoid cyst,14,69,2512,0.6696981022382792,0.06839608828241575
0.1,0,T1ax+FLAIRax+FLAIRsag+SWIax+FLAIRcor,1011101,5,Empty sella syndrome,15,72,2512,0.7143784153005466,0.0690242062177104
0.1,0,T1ax+FLAIRax+FLAIRsag+SWIax+FLAIRcor,1011101,5,Cyst of pineal gland,19,27,2512,0.6613011401743796,0.018658608614052177
0.1,0,T1ax+FLAIRax+FLAIRsag+SWIax+FLAIRcor,1011101,5,Cerebral edema,22,197,2512,0.8399074673010931,0.47432601890524023
0.1,0,T1ax+FLAIRax+FLAIRsag+SWIax+FLAIRcor,1011101,5,Mastoiditis,24,62,2512,0.6552007899934167,0.06653484239853771
0.1,0,T1ax+FLAIRax+FLAIRsag+SWIax+FLAIRcor,1011101,5,Chronic mastoiditis,25,25,2512,0.6998472054684359,0.030549362089188882
0.1,0,T1ax+FLAIRax+FLAIRsag+SWIax+FLAIRcor,1011101,5,Ventriculomegaly,26,304,2512,0.8833279700610221,0.5232507983326515
0.1,0,T1ax+FLAIRax+FLAIRsag+SWIax+FLAIRcor,1011101,5,Cerebellar degeneration,27,94,2512,0.7673873255547929,0.14032930023960086
0.1,0,T1ax+FLAIRax+FLAIRsag+SWIax+FLAIRcor,1011101,5,Mega cisterna magna,28,20,2512,0.585854735152488,0.011909406753779977
0.1,0,T1ax+FLAIRax+FLAIRsag+SWIax+FLAIRcor,1011101,5,Foraminal Spinal Stenosis,33,25,2512,0.65708082026538,0.016474996305322464
0.1,0,T1ax+FLAIRax+FLAIRsag+SWIax+T1sag,1011110,5,Cerebral infarction,0,161,2512,0.7589502022398292,0.21037408107339667
0.1,0,T1ax+FLAIRax+FLAIRsag+SWIax+T1sag,1011110,5,Cerebral hemorrhage,1,127,2512,0.7972498720678785,0.30089345713920285
0.1,0,T1ax+FLAIRax+FLAIRsag+SWIax+T1sag,1011110,5,Metastatic malignant neoplasm to brain,2,144,2512,0.7763642548798799,0.21788535286512517
0.1,0,T1ax+FLAIRax+FLAIRsag+SWIax+T1sag,1011110,5,Intracranial meningioma,3,62,2512,0.6888347597103358,0.056778451828978574
0.1,0,T1ax+FLAIRax+FLAIRsag+SWIax+T1sag,1011110,5,Demyelinating disease of central nervous system,4,66,2512,0.7261453455239228,0.07934684887819271
0.1,0,T1ax+FLAIRax+FLAIRsag+SWIax+T1sag,1011110,5,Herniation of nucleus pulposus,5,42,2512,0.7023423944476576,0.04108876481264889
0.1,0,T1ax+FLAIRax+FLAIRsag+SWIax+T1sag,1011110,5,Spinal cord compression,6,23,2512,0.5508061557810889,0.010237450893691945
0.1,0,T1ax+FLAIRax+FLAIRsag+SWIax+T1sag,1011110,5,Lacunar infarct,7,86,2512,0.8180707068770491,0.15299666158715075
0.1,0,T1ax+FLAIRax+FLAIRsag+SWIax+T1sag,1011110,5,Silent micro-hemorrhage of brain,8,77,2512,0.6934211578975439,0.0782565247704605
0.1,0,T1ax+FLAIRax+FLAIRsag+SWIax+T1sag,1011110,5,Gliosis,11,1027,2512,0.7387349640514197,0.6495077408543206
0.1,0,T1ax+FLAIRax+FLAIRsag+SWIax+T1sag,1011110,5,Cerebral atrophy,12,324,2512,0.8968983456338728,0.6184973162982622
0.1,0,T1ax+FLAIRax+FLAIRsag+SWIax+T1sag,1011110,5,Encephalomalacia,13,84,2512,0.7119126068878953,0.16359631352336093
0.1,0,T1ax+FLAIRax+FLAIRsag+SWIax+T1sag,1011110,5,Arachnoid cyst,14,69,2512,0.6928698974295088,0.06524882090931916
0.1,0,T1ax+FLAIRax+FLAIRsag+SWIax+T1sag,1011110,5,Empty sella syndrome,15,72,2512,0.6180669398907104,0.04050601845235037
0.1,0,T1ax+FLAIRax+FLAIRsag+SWIax+T1sag,1011110,5,Cyst of pineal gland,19,27,2512,0.641046277665996,0.01940663977291402
0.1,0,T1ax+FLAIRax+FLAIRsag+SWIax+T1sag,1011110,5,Cerebral edema,22,197,2512,0.8442972887042134,0.47053883067215285
0.1,0,T1ax+FLAIRax+FLAIRsag+SWIax+T1sag,1011110,5,Mastoiditis,24,62,2512,0.6445951283739302,0.059927675641547266
0.1,0,T1ax+FLAIRax+FLAIRsag+SWIax+T1sag,1011110,5,Chronic mastoiditis,25,25,2512,0.676172094893446,0.02577440903620947
0.1,0,T1ax+FLAIRax+FLAIRsag+SWIax+T1sag,1011110,5,Ventriculomegaly,26,304,2512,0.8874919550915332,0.5327604341398204
0.1,0,T1ax+FLAIRax+FLAIRsag+SWIax+T1sag,1011110,5,Cerebellar degeneration,27,94,2512,0.8060952431233831,0.16253808382440038
0.1,0,T1ax+FLAIRax+FLAIRsag+SWIax+T1sag,1011110,5,Mega cisterna magna,28,20,2512,0.5872191011235954,0.011031647828092864
0.1,0,T1ax+FLAIRax+FLAIRsag+SWIax+T1sag,1011110,5,Foraminal Spinal Stenosis,33,25,2512,0.6385685564937675,0.014755001166780399
0.1,0,T1ax+T2ax+SWIax+T1sag+FLAIRcor,1100111,5,Cerebral infarction,0,161,2512,0.7757132553611388,0.21026193237240778
0.1,0,T1ax+T2ax+SWIax+T1sag+FLAIRcor,1100111,5,Cerebral hemorrhage,1,127,2512,0.8216972878390202,0.31550673964342185
0.1,0,T1ax+T2ax+SWIax+T1sag+FLAIRcor,1100111,5,Metastatic malignant neoplasm to brain,2,144,2512,0.7633082301051051,0.19280073076076354
0.1,0,T1ax+T2ax+SWIax+T1sag+FLAIRcor,1100111,5,Intracranial meningioma,3,62,2512,0.6787820934825544,0.05081068961492468
0.1,0,T1ax+T2ax+SWIax+T1sag+FLAIRcor,1100111,5,Demyelinating disease of central nervous system,4,66,2512,0.7761218067841126,0.1100626149061742
0.1,0,T1ax+T2ax+SWIax+T1sag+FLAIRcor,1100111,5,Herniation of nucleus pulposus,5,42,2512,0.7027183342972816,0.039669624203609824
0.1,0,T1ax+T2ax+SWIax+T1sag+FLAIRcor,1100111,5,Spinal cord compression,6,23,2512,0.42134959037154784,0.007613337215464925
0.1,0,T1ax+T2ax+SWIax+T1sag+FLAIRcor,1100111,5,Lacunar infarct,7,86,2512,0.8274650587626297,0.13485344246240002
0.1,0,T1ax+T2ax+SWIax+T1sag+FLAIRcor,1100111,5,Silent micro-hemorrhage of brain,8,77,2512,0.6645937224992667,0.0649398240382118
0.1,0,T1ax+T2ax+SWIax+T1sag+FLAIRcor,1100111,5,Gliosis,11,1027,2512,0.7400161957123982,0.6695008583375416
0.1,0,T1ax+T2ax+SWIax+T1sag+FLAIRcor,1100111,5,Cerebral atrophy,12,324,2512,0.8929951813483197,0.5952025185814349
0.1,0,T1ax+T2ax+SWIax+T1sag+FLAIRcor,1100111,5,Encephalomalacia,13,84,2512,0.6641219502628071,0.12435541311460792
0.1,0,T1ax+T2ax+SWIax+T1sag+FLAIRcor,1100111,5,Arachnoid cyst,14,69,2512,0.6500560607948175,0.06850592267304068
0.1,0,T1ax+T2ax+SWIax+T1sag+FLAIRcor,1100111,5,Empty sella syndrome,15,72,2512,0.660530510018215,0.05141083403482673
0.1,0,T1ax+T2ax+SWIax+T1sag+FLAIRcor,1100111,5,Cyst of pineal gland,19,27,2512,0.6509426931962142,0.029577436092801744
0.1,0,T1ax+T2ax+SWIax+T1sag+FLAIRcor,1100111,5,Cerebral edema,22,197,2512,0.8454988981592133,0.4657815336485437
0.1,0,T1ax+T2ax+SWIax+T1sag+FLAIRcor,1100111,5,Mastoiditis,24,62,2512,0.6100658327847268,0.045188199408814966
0.1,0,T1ax+T2ax+SWIax+T1sag+FLAIRcor,1100111,5,Chronic mastoiditis,25,25,2512,0.6779895456373141,0.02946407172598142
0.1,0,T1ax+T2ax+SWIax+T1sag+FLAIRcor,1100111,5,Ventriculomegaly,26,304,2512,0.8947174747330282,0.5503101089059191
0.1,0,T1ax+T2ax+SWIax+T1sag+FLAIRcor,1100111,5,Cerebellar degeneration,27,94,2512,0.8179522376502473,0.1620909787621993
0.1,0,T1ax+T2ax+SWIax+T1sag+FLAIRcor,1100111,5,Mega cisterna magna,28,20,2512,0.5829654895666131,0.010620322644619928
0.1,0,T1ax+T2ax+SWIax+T1sag+FLAIRcor,1100111,5,Foraminal Spinal Stenosis,33,25,2512,0.6044551668677122,0.013062362432038762
0.1,0,T1ax+T2ax+FLAIRsag+T1sag+FLAIRcor,1101011,5,Cerebral infarction,0,161,2512,0.7748836889812977,0.20898205173822607
0.1,0,T1ax+T2ax+FLAIRsag+T1sag+FLAIRcor,1101011,5,Cerebral hemorrhage,1,127,2512,0.7980125125868702,0.270648875788109
0.1,0,T1ax+T2ax+FLAIRsag+T1sag+FLAIRcor,1101011,5,Metastatic malignant neoplasm to brain,2,144,2512,0.7613932291666666,0.20744446385846685
0.1,0,T1ax+T2ax+FLAIRsag+T1sag+FLAIRcor,1101011,5,Intracranial meningioma,3,62,2512,0.6879921000658328,0.04795359473760957
0.1,0,T1ax+T2ax+FLAIRsag+T1sag+FLAIRcor,1101011,5,Demyelinating disease of central nervous system,4,66,2512,0.7777942961916796,0.11297295101604256
0.1,0,T1ax+T2ax+FLAIRsag+T1sag+FLAIRcor,1101011,5,Herniation of nucleus pulposus,5,42,2512,0.6790630422209369,0.03514936642132678
0.1,0,T1ax+T2ax+FLAIRsag+T1sag+FLAIRcor,1101011,5,Spinal cord compression,6,23,2512,0.4982095131622618,0.008927369845296464
0.1,0,T1ax+T2ax+FLAIRsag+T1sag+FLAIRcor,1101011,5,Lacunar infarct,7,86,2512,0.8282894610709561,0.1363870273741133
0.1,0,T1ax+T2ax+FLAIRsag+T1sag+FLAIRcor,1101011,5,Silent micro-hemorrhage of brain,8,77,2512,0.6184324915331075,0.06430205023632461
0.1,0,T1ax+T2ax+FLAIRsag+T1sag+FLAIRcor,1101011,5,Gliosis,11,1027,2512,0.7428599529865353,0.6641919066736272
0.1,0,T1ax+T2ax+FLAIRsag+T1sag+FLAIRcor,1101011,5,Cerebral atrophy,12,324,2512,0.8964963211230732,0.6368064430536028
0.1,0,T1ax+T2ax+FLAIRsag+T1sag+FLAIRcor,1101011,5,Encephalomalacia,13,84,2512,0.6875588373734998,0.16449811995584662
0.1,0,T1ax+T2ax+FLAIRsag+T1sag+FLAIRcor,1101011,5,Arachnoid cyst,14,69,2512,0.6662929280345501,0.06007153361937746
0.1,0,T1ax+T2ax+FLAIRsag+T1sag+FLAIRcor,1101011,5,Empty sella syndrome,15,72,2512,0.6830544171220402,0.049574363823332954
0.1,0,T1ax+T2ax+FLAIRsag+T1sag+FLAIRcor,1101011,5,Cyst of pineal gland,19,27,2512,0.6549966465459423,0.023122295536643557
0.1,0,T1ax+T2ax+FLAIRsag+T1sag+FLAIRcor,1101011,5,Cerebral edema,22,197,2512,0.8423874313405182,0.46671742586612625
0.1,0,T1ax+T2ax+FLAIRsag+T1sag+FLAIRcor,1101011,5,Mastoiditis,24,62,2512,0.599651086240948,0.04738286430924122
0.1,0,T1ax+T2ax+FLAIRsag+T1sag+FLAIRcor,1101011,5,Chronic mastoiditis,25,25,2512,0.6855166867712102,0.027195580635834445
0.1,0,T1ax+T2ax+FLAIRsag+T1sag+FLAIRcor,1101011,5,Ventriculomegaly,26,304,2512,0.882171886918383,0.5346495850371854
0.1,0,T1ax+T2ax+FLAIRsag+T1sag+FLAIRcor,1101011,5,Cerebellar degeneration,27,94,2512,0.8054836949826655,0.15035156430607383
0.1,0,T1ax+T2ax+FLAIRsag+T1sag+FLAIRcor,1101011,5,Mega cisterna magna,28,20,2512,0.5960874799357946,0.012119330117262924
0.1,0,T1ax+T2ax+FLAIRsag+T1sag+FLAIRcor,1101011,5,Foraminal Spinal Stenosis,33,25,2512,0.6365420184961802,0.015085114771172895
0.1,0,T1ax+T2ax+FLAIRsag+SWIax+FLAIRcor,1101101,5,Cerebral infarction,0,161,2512,0.7930284720919604,0.2353473482066466
0.1,0,T1ax+T2ax+FLAIRsag+SWIax+FLAIRcor,1101101,5,Cerebral hemorrhage,1,127,2512,0.8293699136664521,0.2888572558746991
0.1,0,T1ax+T2ax+FLAIRsag+SWIax+FLAIRcor,1101101,5,Metastatic malignant neoplasm to brain,2,144,2512,0.7657686983858859,0.21148013624712714
0.1,0,T1ax+T2ax+FLAIRsag+SWIax+FLAIRcor,1101101,5,Intracranial meningioma,3,62,2512,0.7187425938117183,0.0547706259430085
0.1,0,T1ax+T2ax+FLAIRsag+SWIax+FLAIRcor,1101101,5,Demyelinating disease of central nervous system,4,66,2512,0.7640241334027107,0.0907724046232258
0.1,0,T1ax+T2ax+FLAIRsag+SWIax+FLAIRcor,1101101,5,Herniation of nucleus pulposus,5,42,2512,0.6979178716020822,0.03378279320104917
0.1,0,T1ax+T2ax+FLAIRsag+SWIax+FLAIRcor,1101101,5,Spinal cord compression,6,23,2512,0.3911820706761926,0.007194175387333864
0.1,0,T1ax+T2ax+FLAIRsag+SWIax+FLAIRcor,1101101,5,Lacunar infarct,7,86,2512,0.8389204164190265,0.14446703866418276
0.1,0,T1ax+T2ax+FLAIRsag+SWIax+FLAIRcor,1101101,5,Silent micro-hemorrhage of brain,8,77,2512,0.6819541854449451,0.08946446745895276
0.1,0,T1ax+T2ax+FLAIRsag+SWIax+FLAIRcor,1101101,5,Gliosis,11,1027,2512,0.7448152410177726,0.6667159889991711
0.1,0,T1ax+T2ax+FLAIRsag+SWIax+FLAIRcor,1101101,5,Cerebral atrophy,12,324,2512,0.9006153090933713,0.6262436180392937
0.1,0,T1ax+T2ax+FLAIRsag+SWIax+FLAIRcor,1101101,5,Encephalomalacia,13,84,2512,0.692388405114929,0.16552394096285433
0.1,0,T1ax+T2ax+FLAIRsag+SWIax+FLAIRcor,1101101,5,Arachnoid cyst,14,69,2512,0.6594885119863318,0.05311610041371188
0.1,0,T1ax+T2ax+FLAIRsag+SWIax+FLAIRcor,1101101,5,Empty sella syndrome,15,72,2512,0.6954234972677595,0.062378808093046356
0.1,0,T1ax+T2ax+FLAIRsag+SWIax+FLAIRcor,1101101,5,Cyst of pineal gland,19,27,2512,0.670482152172293,0.02326588980100103
0.1,0,T1ax+T2ax+FLAIRsag+SWIax+FLAIRcor,1101101,5,Cerebral edema,22,197,2512,0.84591990001206,0.4634646226798873
0.1,0,T1ax+T2ax+FLAIRsag+SWIax+FLAIRcor,1101101,5,Mastoiditis,24,62,2512,0.6466425279789335,0.054060882813183116
0.1,0,T1ax+T2ax+FLAIRsag+SWIax+FLAIRcor,1101101,5,Chronic mastoiditis,25,25,2512,0.7250180940892642,0.04606786087164422
0.1,0,T1ax+T2ax+FLAIRsag+SWIax+FLAIRcor,1101101,5,Ventriculomegaly,26,304,2512,0.8853257889969489,0.5285869682467279
0.1,0,T1ax+T2ax+FLAIRsag+SWIax+FLAIRcor,1101101,5,Cerebellar degeneration,27,94,2512,0.7759797969132218,0.14106850541230134
0.1,0,T1ax+T2ax+FLAIRsag+SWIax+FLAIRcor,1101101,5,Mega cisterna magna,28,20,2512,0.6073635634028892,0.013448874304908839
0.1,0,T1ax+T2ax+FLAIRsag+SWIax+FLAIRcor,1101101,5,Foraminal Spinal Stenosis,33,25,2512,0.626216324889425,0.014389689370271075
0.1,0,T1ax+T2ax+FLAIRsag+SWIax+T1sag,1101110,5,Cerebral infarction,0,161,2512,0.7852598735571752,0.2315365264681053
0.1,0,T1ax+T2ax+FLAIRsag+SWIax+T1sag,1101110,5,Cerebral hemorrhage,1,127,2512,0.812294689578897,0.2851468836213901
0.1,0,T1ax+T2ax+FLAIRsag+SWIax+T1sag,1101110,5,Metastatic malignant neoplasm to brain,2,144,2512,0.7567684872372372,0.19515357548022683
0.1,0,T1ax+T2ax+FLAIRsag+SWIax+T1sag,1101110,5,Intracranial meningioma,3,62,2512,0.682093482554312,0.05911631291770311
0.1,0,T1ax+T2ax+FLAIRsag+SWIax+T1sag,1101110,5,Demyelinating disease of central nervous system,4,66,2512,0.7443383136351248,0.07899997003146451
0.1,0,T1ax+T2ax+FLAIRsag+SWIax+T1sag,1101110,5,Herniation of nucleus pulposus,5,42,2512,0.6973684210526316,0.036549158959225836
0.1,0,T1ax+T2ax+FLAIRsag+SWIax+T1sag,1101110,5,Spinal cord compression,6,23,2512,0.4336646461823327,0.007731408802929636
0.1,0,T1ax+T2ax+FLAIRsag+SWIax+T1sag,1101110,5,Lacunar infarct,7,86,2512,0.8332167027742097,0.14019437161605847
0.1,0,T1ax+T2ax+FLAIRsag+SWIax+T1sag,1101110,5,Silent micro-hemorrhage of brain,8,77,2512,0.6353182751540041,0.06282572987762787
0.1,0,T1ax+T2ax+FLAIRsag+SWIax+T1sag,1101110,5,Gliosis,11,1027,2512,0.7432133735931206,0.6647446504917034
0.1,0,T1ax+T2ax+FLAIRsag+SWIax+T1sag,1101110,5,Cerebral atrophy,12,324,2512,0.8935862279098111,0.6034379891269044
0.1,0,T1ax+T2ax+FLAIRsag+SWIax+T1sag,1101110,5,Encephalomalacia,13,84,2512,0.7141631364242567,0.16496038280673164
0.1,0,T1ax+T2ax+FLAIRsag+SWIax+T1sag,1101110,5,Arachnoid cyst,14,69,2512,0.6454228882284196,0.058099196952328076
0.1,0,T1ax+T2ax+FLAIRsag+SWIax+T1sag,1101110,5,Empty sella syndrome,15,72,2512,0.6171163479052824,0.041379090967474
0.1,0,T1ax+T2ax+FLAIRsag+SWIax+T1sag,1101110,5,Cyst of pineal gland,19,27,2512,0.6449511886131605,0.03440969517074499
0.1,0,T1ax+T2ax+FLAIRsag+SWIax+T1sag,1101110,5,Cerebral edema,22,197,2512,0.8345528499851992,0.4512942757165497
0.1,0,T1ax+T2ax+FLAIRsag+SWIax+T1sag,1101110,5,Mastoiditis,24,62,2512,0.6167610269914418,0.05928601265869609
0.1,0,T1ax+T2ax+FLAIRsag+SWIax+T1sag,1101110,5,Chronic mastoiditis,25,25,2512,0.6795174909529554,0.03206298133284395
0.1,0,T1ax+T2ax+FLAIRsag+SWIax+T1sag,1101110,5,Ventriculomegaly,26,304,2512,0.8928656559877955,0.5633855538023244
0.1,0,T1ax+T2ax+FLAIRsag+SWIax+T1sag,1101110,5,Cerebellar degeneration,27,94,2512,0.821185963430301,0.16114727272517637
0.1,0,T1ax+T2ax+FLAIRsag+SWIax+T1sag,1101110,5,Mega cisterna magna,28,20,2512,0.6128210272873194,0.012765837105201534
0.1,0,T1ax+T2ax+FLAIRsag+SWIax+T1sag,1101110,5,Foraminal Spinal Stenosis,33,25,2512,0.5767591475673501,0.012260601936890223
0.1,0,T1ax+T2ax+FLAIRax+T1sag+FLAIRcor,1110011,5,Cerebral infarction,0,161,2512,0.7684704011244059,0.20678495387575316
0.1,0,T1ax+T2ax+FLAIRax+T1sag+FLAIRcor,1110011,5,Cerebral hemorrhage,1,127,2512,0.8141204047607257,0.30225954666690713
0.1,0,T1ax+T2ax+FLAIRax+T1sag+FLAIRcor,1110011,5,Metastatic malignant neoplasm to brain,2,144,2512,0.7713260135135134,0.20634863743693788
0.1,0,T1ax+T2ax+FLAIRax+T1sag+FLAIRcor,1110011,5,Intracranial meningioma,3,62,2512,0.6931138907175773,0.04808884802070629
0.1,0,T1ax+T2ax+FLAIRax+T1sag+FLAIRcor,1110011,5,Demyelinating disease of central nervous system,4,66,2512,0.7856859684333111,0.11972284910928116
0.1,0,T1ax+T2ax+FLAIRax+T1sag+FLAIRcor,1110011,5,Herniation of nucleus pulposus,5,42,2512,0.7099865047233469,0.03958539665900351
0.1,0,T1ax+T2ax+FLAIRax+T1sag+FLAIRcor,1110011,5,Spinal cord compression,6,23,2512,0.5675581253166104,0.010692366716414745
0.1,0,T1ax+T2ax+FLAIRax+T1sag+FLAIRcor,1110011,5,Lacunar infarct,7,86,2512,0.8254184321018425,0.1450165198595297
0.1,0,T1ax+T2ax+FLAIRax+T1sag+FLAIRcor,1110011,5,Silent micro-hemorrhage of brain,8,77,2512,0.6683911570975226,0.06798018533129083
0.1,0,T1ax+T2ax+FLAIRax+T1sag+FLAIRcor,1110011,5,Gliosis,11,1027,2512,0.7383802320511181,0.6620745770600478
0.1,0,T1ax+T2ax+FLAIRax+T1sag+FLAIRcor,1110011,5,Cerebral atrophy,12,324,2512,0.8984782314306996,0.6370535649646415
0.1,0,T1ax+T2ax+FLAIRax+T1sag+FLAIRcor,1110011,5,Encephalomalacia,13,84,2512,0.6645877461363459,0.13447379544928853
0.1,0,T1ax+T2ax+FLAIRax+T1sag+FLAIRcor,1110011,5,Arachnoid cyst,14,69,2512,0.6795042920619101,0.06586473015507785
0.1,0,T1ax+T2ax+FLAIRax+T1sag+FLAIRcor,1110011,5,Empty sella syndrome,15,72,2512,0.6974612932604736,0.05644831142604978
0.1,0,T1ax+T2ax+FLAIRax+T1sag+FLAIRcor,1110011,5,Cyst of pineal gland,19,27,2512,0.6504806617482674,0.01883002655036751
0.1,0,T1ax+T2ax+FLAIRax+T1sag+FLAIRcor,1110011,5,Cerebral edema,22,197,2512,0.8417449649713301,0.49328093739003986
0.1,0,T1ax+T2ax+FLAIRax+T1sag+FLAIRcor,1110011,5,Mastoiditis,24,62,2512,0.6046214614878209,0.05867359114859309
0.1,0,T1ax+T2ax+FLAIRax+T1sag+FLAIRcor,1110011,5,Chronic mastoiditis,25,25,2512,0.7289907519099316,0.027953317538974825
0.1,0,T1ax+T2ax+FLAIRax+T1sag+FLAIRcor,1110011,5,Ventriculomegaly,26,304,2512,0.8884871400648359,0.5403394820379788
0.1,0,T1ax+T2ax+FLAIRax+T1sag+FLAIRcor,1110011,5,Cerebellar degeneration,27,94,2512,0.818990549601394,0.16727198293131296
0.1,0,T1ax+T2ax+FLAIRax+T1sag+FLAIRcor,1110011,5,Mega cisterna magna,28,20,2512,0.6273073836276083,0.012635603975298419
0.1,0,T1ax+T2ax+FLAIRax+T1sag+FLAIRcor,1110011,5,Foraminal Spinal Stenosis,33,25,2512,0.6200402090872537,0.014303095832015715
0.1,0,T1ax+T2ax+FLAIRax+SWIax+FLAIRcor,1110101,5,Cerebral infarction,0,161,2512,0.8010863620872312,0.25834963759570045
0.1,0,T1ax+T2ax+FLAIRax+SWIax+FLAIRcor,1110101,5,Cerebral hemorrhage,1,127,2512,0.8383037026032123,0.3088216189165497
0.1,0,T1ax+T2ax+FLAIRax+SWIax+FLAIRcor,1110101,5,Metastatic malignant neoplasm to brain,2,144,2512,0.763695335960961,0.2034093591024951
0.1,0,T1ax+T2ax+FLAIRax+SWIax+FLAIRcor,1110101,5,Intracranial meningioma,3,62,2512,0.7003620803159973,0.06259161135121834
0.1,0,T1ax+T2ax+FLAIRax+SWIax+FLAIRcor,1110101,5,Demyelinating disease of central nervous system,4,66,2512,0.8083698803240913,0.11741084628920317
0.1,0,T1ax+T2ax+FLAIRax+SWIax+FLAIRcor,1110101,5,Herniation of nucleus pulposus,5,42,2512,0.7220021206863312,0.041811198055747664
0.1,0,T1ax+T2ax+FLAIRax+SWIax+FLAIRcor,1110101,5,Spinal cord compression,6,23,2512,0.45768337205443077,0.00874159750864191
0.1,0,T1ax+T2ax+FLAIRax+SWIax+FLAIRcor,1110101,5,Lacunar infarct,7,86,2512,0.8364184512739891,0.169592104310524
0.1,0,T1ax+T2ax+FLAIRax+SWIax+FLAIRcor,1110101,5,Silent micro-hemorrhage of brain,8,77,2512,0.714435051601376,0.10267341466308733
0.1,0,T1ax+T2ax+FLAIRax+SWIax+FLAIRcor,1110101,5,Gliosis,11,1027,2512,0.7440880732019973,0.6670867192918659
0.1,0,T1ax+T2ax+FLAIRax+SWIax+FLAIRcor,1110101,5,Cerebral atrophy,12,324,2512,0.9008819148215857,0.6280125263173337
0.1,0,T1ax+T2ax+FLAIRax+SWIax+FLAIRcor,1110101,5,Encephalomalacia,13,84,2512,0.6514866243037578,0.1427402631278114
0.1,0,T1ax+T2ax+FLAIRax+SWIax+FLAIRcor,1110101,5,Arachnoid cyst,14,69,2512,0.6544341419138978,0.05714003258118212
0.1,0,T1ax+T2ax+FLAIRax+SWIax+FLAIRcor,1110101,5,Empty sella syndrome,15,72,2512,0.7303904826958105,0.07587522487766535
0.1,0,T1ax+T2ax+FLAIRax+SWIax+FLAIRcor,1110101,5,Cyst of pineal gland,19,27,2512,0.6680527610105074,0.028544858986353755
0.1,0,T1ax+T2ax+FLAIRax+SWIax+FLAIRcor,1110101,5,Cerebral edema,22,197,2512,0.8399600925326988,0.4803456887876578
0.1,0,T1ax+T2ax+FLAIRax+SWIax+FLAIRcor,1110101,5,Mastoiditis,24,62,2512,0.6598815009874918,0.06144580102256047
0.1,0,T1ax+T2ax+FLAIRax+SWIax+FLAIRcor,1110101,5,Chronic mastoiditis,25,25,2512,0.733783675110575,0.03691182253201841
0.1,0,T1ax+T2ax+FLAIRax+SWIax+FLAIRcor,1110101,5,Ventriculomegaly,26,304,2512,0.8879969965675057,0.5270743631653297
0.1,0,T1ax+T2ax+FLAIRax+SWIax+FLAIRcor,1110101,5,Cerebellar degeneration,27,94,2512,0.7794247047850343,0.14776884859723802
0.1,0,T1ax+T2ax+FLAIRax+SWIax+FLAIRcor,1110101,5,Mega cisterna magna,28,20,2512,0.6426163723916533,0.014953430594463898
0.1,0,T1ax+T2ax+FLAIRax+SWIax+FLAIRcor,1110101,5,Foraminal Spinal Stenosis,33,25,2512,0.6432810615199035,0.014734184057398413
0.1,0,T1ax+T2ax+FLAIRax+SWIax+T1sag,1110110,5,Cerebral infarction,0,161,2512,0.7766405731933813,0.21605090256374665
0.1,0,T1ax+T2ax+FLAIRax+SWIax+T1sag,1110110,5,Cerebral hemorrhage,1,127,2512,0.8224500239356872,0.3313836392894068
0.1,0,T1ax+T2ax+FLAIRax+SWIax+T1sag,1110110,5,Metastatic malignant neoplasm to brain,2,144,2512,0.7631000140765766,0.1933159490909004
0.1,0,T1ax+T2ax+FLAIRax+SWIax+T1sag,1110110,5,Intracranial meningioma,3,62,2512,0.6978867676102699,0.06410184332731991
0.1,0,T1ax+T2ax+FLAIRax+SWIax+T1sag,1110110,5,Demyelinating disease of central nervous system,4,66,2512,0.7659134269927402,0.11880006196548458
0.1,0,T1ax+T2ax+FLAIRax+SWIax+T1sag,1110110,5,Herniation of nucleus pulposus,5,42,2512,0.7237998843262001,0.04605063074448281
0.1,0,T1ax+T2ax+FLAIRax+SWIax+T1sag,1110110,5,Spinal cord compression,6,23,2512,0.47207713941341906,0.00846139549137858
0.1,0,T1ax+T2ax+FLAIRax+SWIax+T1sag,1110110,5,Lacunar infarct,7,86,2512,0.8276136428995955,0.15139005228220254
0.1,0,T1ax+T2ax+FLAIRax+SWIax+T1sag,1110110,5,Silent micro-hemorrhage of brain,8,77,2512,0.6688071681911518,0.06708304627086607
0.1,0,T1ax+T2ax+FLAIRax+SWIax+T1sag,1110110,5,Gliosis,11,1027,2512,0.7394654103514864,0.6592678792078686
0.1,0,T1ax+T2ax+FLAIRax+SWIax+T1sag,1110110,5,Cerebral atrophy,12,324,2512,0.8921939535513576,0.6035954208256619
0.1,0,T1ax+T2ax+FLAIRax+SWIax+T1sag,1110110,5,Encephalomalacia,13,84,2512,0.6718737742213854,0.12887795896002574
0.1,0,T1ax+T2ax+FLAIRax+SWIax+T1sag,1110110,5,Arachnoid cyst,14,69,2512,0.6549205953715733,0.05478267830934404
0.1,0,T1ax+T2ax+FLAIRax+SWIax+T1sag,1110110,5,Empty sella syndrome,15,72,2512,0.6245901639344262,0.04283743091551057
0.1,0,T1ax+T2ax+FLAIRax+SWIax+T1sag,1110110,5,Cyst of pineal gland,19,27,2512,0.6454579327818765,0.0519742391453571
0.1,0,T1ax+T2ax+FLAIRax+SWIax+T1sag,1110110,5,Cerebral edema,22,197,2512,0.8319544791746609,0.46996407879205837
0.1,0,T1ax+T2ax+FLAIRax+SWIax+T1sag,1110110,5,Mastoiditis,24,62,2512,0.6348189598420013,0.06453445827402746
0.1,0,T1ax+T2ax+FLAIRax+SWIax+T1sag,1110110,5,Chronic mastoiditis,25,25,2512,0.7155930840369924,0.03339590078274395
0.1,0,T1ax+T2ax+FLAIRax+SWIax+T1sag,1110110,5,Ventriculomegaly,26,304,2512,0.8977283562166285,0.5594651695607773
0.1,0,T1ax+T2ax+FLAIRax+SWIax+T1sag,1110110,5,Cerebellar degeneration,27,94,2512,0.8210935712651567,0.17409264979017341
0.1,0,T1ax+T2ax+FLAIRax+SWIax+T1sag,1110110,5,Mega cisterna magna,28,20,2512,0.6669943820224719,0.017790103370236676
0.1,0,T1ax+T2ax+FLAIRax+SWIax+T1sag,1110110,5,Foraminal Spinal Stenosis,33,25,2512,0.5603860072376357,0.011820057858963964
0.1,0,T1ax+T2ax+FLAIRax+FLAIRsag+FLAIRcor,1111001,5,Cerebral infarction,0,161,2512,0.7734570461624628,0.22005604641472487
0.1,0,T1ax+T2ax+FLAIRax+FLAIRsag+FLAIRcor,1111001,5,Cerebral hemorrhage,1,127,2512,0.8227735683982899,0.28777087160257797
0.1,0,T1ax+T2ax+FLAIRax+FLAIRsag+FLAIRcor,1111001,5,Metastatic malignant neoplasm to brain,2,144,2512,0.7798599380630631,0.22443886806019686
0.1,0,T1ax+T2ax+FLAIRax+FLAIRsag+FLAIRcor,1111001,5,Intracranial meningioma,3,62,2512,0.683594470046083,0.056556888563007265
0.1,0,T1ax+T2ax+FLAIRax+FLAIRsag+FLAIRcor,1111001,5,Demyelinating disease of central nervous system,4,66,2512,0.767635471642013,0.0880947215658418
0.1,0,T1ax+T2ax+FLAIRax+FLAIRsag+FLAIRcor,1111001,5,Herniation of nucleus pulposus,5,42,2512,0.696597262386736,0.0385204687397949
0.1,0,T1ax+T2ax+FLAIRax+FLAIRsag+FLAIRcor,1111001,5,Spinal cord compression,6,23,2512,0.5275560291368979,0.00987289154681906
0.1,0,T1ax+T2ax+FLAIRax+FLAIRsag+FLAIRcor,1111001,5,Lacunar infarct,7,86,2512,0.8171696159819014,0.14381546983797117
0.1,0,T1ax+T2ax+FLAIRax+FLAIRsag+FLAIRcor,1111001,5,Silent micro-hemorrhage of brain,8,77,2512,0.6776607376196699,0.09037309778260072
0.1,0,T1ax+T2ax+FLAIRax+FLAIRsag+FLAIRcor,1111001,5,Gliosis,11,1027,2512,0.7404482999419708,0.6642032181018587
0.1,0,T1ax+T2ax+FLAIRax+FLAIRsag+FLAIRcor,1111001,5,Cerebral atrophy,12,324,2512,0.9037355835421039,0.6483598112011425
0.1,0,T1ax+T2ax+FLAIRax+FLAIRsag+FLAIRcor,1111001,5,Encephalomalacia,13,84,2512,0.6806650584451244,0.15152973052668273
0.1,0,T1ax+T2ax+FLAIRax+FLAIRsag+FLAIRcor,1111001,5,Arachnoid cyst,14,69,2512,0.6744736514264358,0.06255202988496222
0.1,0,T1ax+T2ax+FLAIRax+FLAIRsag+FLAIRcor,1111001,5,Empty sella syndrome,15,72,2512,0.7262238160291439,0.07063418358143486
0.1,0,T1ax+T2ax+FLAIRax+FLAIRsag+FLAIRcor,1111001,5,Cyst of pineal gland,19,27,2512,0.6727923094120277,0.018850910812007852
0.1,0,T1ax+T2ax+FLAIRax+FLAIRsag+FLAIRcor,1111001,5,Cerebral edema,22,197,2512,0.8372630494128998,0.47873144953460334
0.1,0,T1ax+T2ax+FLAIRax+FLAIRsag+FLAIRcor,1111001,5,Mastoiditis,24,62,2512,0.6426991441737986,0.06022051163240329
0.1,0,T1ax+T2ax+FLAIRax+FLAIRsag+FLAIRcor,1111001,5,Chronic mastoiditis,25,25,2512,0.7519742661841577,0.058143633934651204
0.1,0,T1ax+T2ax+FLAIRax+FLAIRsag+FLAIRcor,1111001,5,Ventriculomegaly,26,304,2512,0.8798329042715485,0.5280151065918416
0.1,0,T1ax+T2ax+FLAIRax+FLAIRsag+FLAIRcor,1111001,5,Cerebellar degeneration,27,94,2512,0.7831027928831636,0.16069368689756724
0.1,0,T1ax+T2ax+FLAIRax+FLAIRsag+FLAIRcor,1111001,5,Mega cisterna magna,28,20,2512,0.6424959871589085,0.015393005567692842
0.1,0,T1ax+T2ax+FLAIRax+FLAIRsag+FLAIRcor,1111001,5,Foraminal Spinal Stenosis,33,25,2512,0.6264093285082428,0.014795610326924738
0.1,0,T1ax+T2ax+FLAIRax+FLAIRsag+T1sag,1111010,5,Cerebral infarction,0,161,2512,0.7698534520793318,0.2157438424427548
0.1,0,T1ax+T2ax+FLAIRax+FLAIRsag+T1sag,1111010,5,Cerebral hemorrhage,1,127,2512,0.8037372686904704,0.2731199032273443
0.1,0,T1ax+T2ax+FLAIRax+FLAIRsag+T1sag,1111010,5,Metastatic malignant neoplasm to brain,2,144,2512,0.7622260932807807,0.20850999067444662
0.1,0,T1ax+T2ax+FLAIRax+FLAIRsag+T1sag,1111010,5,Intracranial meningioma,3,62,2512,0.6934430546412114,0.054177080035036934
0.1,0,T1ax+T2ax+FLAIRax+FLAIRsag+T1sag,1111010,5,Demyelinating disease of central nervous system,4,66,2512,0.7585111127629526,0.09716083840765356
0.1,0,T1ax+T2ax+FLAIRax+FLAIRsag+T1sag,1111010,5,Herniation of nucleus pulposus,5,42,2512,0.6904183535762483,0.038544346709152195
0.1,0,T1ax+T2ax+FLAIRax+FLAIRsag+T1sag,1111010,5,Spinal cord compression,6,23,2512,0.5610250318793998,0.010153026803156287
0.1,0,T1ax+T2ax+FLAIRax+FLAIRsag+T1sag,1111010,5,Lacunar infarct,7,86,2512,0.8263914185471347,0.15556992506947007
0.1,0,T1ax+T2ax+FLAIRax+FLAIRsag+T1sag,1111010,5,Silent micro-hemorrhage of brain,8,77,2512,0.6424704658790901,0.07337951121878733
0.1,0,T1ax+T2ax+FLAIRax+FLAIRsag+T1sag,1111010,5,Gliosis,11,1027,2512,0.7410777689258703,0.6607683298447878
0.1,0,T1ax+T2ax+FLAIRax+FLAIRsag+T1sag,1111010,5,Cerebral atrophy,12,324,2512,0.9005236192926626,0.642829689468275
0.1,0,T1ax+T2ax+FLAIRax+FLAIRsag+T1sag,1111010,5,Encephalomalacia,13,84,2512,0.6840138856201459,0.16684471552143146
0.1,0,T1ax+T2ax+FLAIRax+FLAIRsag+T1sag,1111010,5,Arachnoid cyst,14,69,2512,0.6751855345352293,0.06017839667700076
0.1,0,T1ax+T2ax+FLAIRax+FLAIRsag+T1sag,1111010,5,Empty sella syndrome,15,72,2512,0.6606955828779599,0.04499658095852088
0.1,0,T1ax+T2ax+FLAIRax+FLAIRsag+T1sag,1111010,5,Cyst of pineal gland,19,27,2512,0.6496460242939116,0.020577077621755244
0.1,0,T1ax+T2ax+FLAIRax+FLAIRsag+T1sag,1111010,5,Cerebral edema,22,197,2512,0.8386707743583559,0.4788511943289293
0.1,0,T1ax+T2ax+FLAIRax+FLAIRsag+T1sag,1111010,5,Mastoiditis,24,62,2512,0.6179328505595787,0.09114135115871275
0.1,0,T1ax+T2ax+FLAIRax+FLAIRsag+T1sag,1111010,5,Chronic mastoiditis,25,25,2512,0.7341857659831122,0.03255678112172034
0.1,0,T1ax+T2ax+FLAIRax+FLAIRsag+T1sag,1111010,5,Ventriculomegaly,26,304,2512,0.8878212004195272,0.5391900483378036
0.1,0,T1ax+T2ax+FLAIRax+FLAIRsag+T1sag,1111010,5,Cerebellar degeneration,27,94,2512,0.8270022702074864,0.16490223290416586
0.1,0,T1ax+T2ax+FLAIRax+FLAIRsag+T1sag,1111010,5,Mega cisterna magna,28,20,2512,0.6498595505617978,0.01327029287113482
0.1,0,T1ax+T2ax+FLAIRax+FLAIRsag+T1sag,1111010,5,Foraminal Spinal Stenosis,33,25,2512,0.5904945717732207,0.012644244875047011
0.1,0,T1ax+T2ax+FLAIRax+FLAIRsag+SWIax,1111100,5,Cerebral infarction,0,161,2512,0.800074502458317,0.2671615263350651
0.1,0,T1ax+T2ax+FLAIRax+FLAIRsag+SWIax,1111100,5,Cerebral hemorrhage,1,127,2512,0.8352729493718946,0.2892951654344304
0.1,0,T1ax+T2ax+FLAIRax+FLAIRsag+SWIax,1111100,5,Metastatic malignant neoplasm to brain,2,144,2512,0.7717248498498498,0.2205388000077018
0.1,0,T1ax+T2ax+FLAIRax+FLAIRsag+SWIax,1111100,5,Intracranial meningioma,3,62,2512,0.6987228439763002,0.06557832295428062
0.1,0,T1ax+T2ax+FLAIRax+FLAIRsag+SWIax,1111100,5,Demyelinating disease of central nervous system,4,66,2512,0.7649904606159716,0.08248647905400668
0.1,0,T1ax+T2ax+FLAIRax+FLAIRsag+SWIax,1111100,5,Herniation of nucleus pulposus,5,42,2512,0.7187198766146135,0.045373396518458745
0.1,0,T1ax+T2ax+FLAIRax+FLAIRsag+SWIax,1111100,5,Spinal cord compression,6,23,2512,0.43736789700770345,0.007967448194148255
0.1,0,T1ax+T2ax+FLAIRax+FLAIRsag+SWIax,1111100,5,Lacunar infarct,7,86,2512,0.8314289000939437,0.14992296616071552
0.1,0,T1ax+T2ax+FLAIRax+FLAIRsag+SWIax,1111100,5,Silent micro-hemorrhage of brain,8,77,2512,0.6896343902504066,0.09815635090688783
0.1,0,T1ax+T2ax+FLAIRax+FLAIRsag+SWIax,1111100,5,Gliosis,11,1027,2512,0.7467403669935315,0.6597368093747018
0.1,0,T1ax+T2ax+FLAIRax+FLAIRsag+SWIax,1111100,5,Cerebral atrophy,12,324,2512,0.90307682758932,0.6385648318859218
0.1,0,T1ax+T2ax+FLAIRax+FLAIRsag+SWIax,1111100,5,Encephalomalacia,13,84,2512,0.6731730995528361,0.17331896270447325
0.1,0,T1ax+T2ax+FLAIRax+FLAIRsag+SWIax,1111100,5,Arachnoid cyst,14,69,2512,0.6401549532233474,0.052386318138409736
0.1,0,T1ax+T2ax+FLAIRax+FLAIRsag+SWIax,1111100,5,Empty sella syndrome,15,72,2512,0.6807775500910747,0.05299576426843554
0.1,0,T1ax+T2ax+FLAIRax+FLAIRsag+SWIax,1111100,5,Cyst of pineal gland,19,27,2512,0.6434607645875251,0.05271967180052532
0.1,0,T1ax+T2ax+FLAIRax+FLAIRsag+SWIax,1111100,5,Cerebral edema,22,197,2512,0.8338972273081098,0.4723927753690208
0.1,0,T1ax+T2ax+FLAIRax+FLAIRsag+SWIax,1111100,5,Mastoiditis,24,62,2512,0.6757142857142857,0.07123198398851265
0.1,0,T1ax+T2ax+FLAIRax+FLAIRsag+SWIax,1111100,5,Chronic mastoiditis,25,25,2512,0.7473260956976276,0.03918940104378282
0.1,0,T1ax+T2ax+FLAIRax+FLAIRsag+SWIax,1111100,5,Ventriculomegaly,26,304,2512,0.8908633676582761,0.5531243445960884
0.1,0,T1ax+T2ax+FLAIRax+FLAIRsag+SWIax,1111100,5,Cerebellar degeneration,27,94,2512,0.7871680481495169,0.15114975599382136
0.1,0,T1ax+T2ax+FLAIRax+FLAIRsag+SWIax,1111100,5,Mega cisterna magna,28,20,2512,0.6541532905296951,0.015263765882489913
0.1,0,T1ax+T2ax+FLAIRax+FLAIRsag+SWIax,1111100,5,Foraminal Spinal Stenosis,33,25,2512,0.5910253317249698,0.012708840750097683
0.1,0,T2ax+FLAIRax+FLAIRsag+SWIax+T1sag+FLAIRcor,0111111,6,Cerebral infarction,0,161,2512,0.7921962637809733,0.23761709281961133
0.1,0,T2ax+FLAIRax+FLAIRsag+SWIax+T1sag+FLAIRcor,0111111,6,Cerebral hemorrhage,1,127,2512,0.8056752339919775,0.30472926983838466
0.1,0,T2ax+FLAIRax+FLAIRsag+SWIax+T1sag+FLAIRcor,0111111,6,Metastatic malignant neoplasm to brain,2,144,2512,0.7851357216591592,0.22855943847832075
0.1,0,T2ax+FLAIRax+FLAIRsag+SWIax+T1sag+FLAIRcor,0111111,6,Intracranial meningioma,3,62,2512,0.6644568795260041,0.04957775911050378
0.1,0,T2ax+FLAIRax+FLAIRsag+SWIax+T1sag+FLAIRcor,0111111,6,Demyelinating disease of central nervous system,4,66,2512,0.7392279293342253,0.0896004094987593
0.1,0,T2ax+FLAIRax+FLAIRsag+SWIax+T1sag+FLAIRcor,0111111,6,Herniation of nucleus pulposus,5,42,2512,0.7476094081357239,0.04194828306993899
0.1,0,T2ax+FLAIRax+FLAIRsag+SWIax+T1sag+FLAIRcor,0111111,6,Spinal cord compression,6,23,2512,0.48154488444809335,0.008648825836396533
0.1,0,T2ax+FLAIRax+FLAIRsag+SWIax+T1sag+FLAIRcor,0111111,6,Lacunar infarct,7,86,2512,0.8338829348722175,0.15169268811776915
0.1,0,T2ax+FLAIRax+FLAIRsag+SWIax+T1sag+FLAIRcor,0111111,6,Silent micro-hemorrhage of brain,8,77,2512,0.6658044214512387,0.0917008441396271
0.1,0,T2ax+FLAIRax+FLAIRsag+SWIax+T1sag+FLAIRcor,0111111,6,Gliosis,11,1027,2512,0.7463423590005869,0.6726904328181255
0.1,0,T2ax+FLAIRax+FLAIRsag+SWIax+T1sag+FLAIRcor,0111111,6,Cerebral atrophy,12,324,2512,0.8988732028799062,0.6244622111116666
0.1,0,T2ax+FLAIRax+FLAIRsag+SWIax+T1sag+FLAIRcor,0111111,6,Encephalomalacia,13,84,2512,0.658669686985173,0.15950078505501875
0.1,0,T2ax+FLAIRax+FLAIRsag+SWIax+T1sag+FLAIRcor,0111111,6,Arachnoid cyst,14,69,2512,0.6595003767048118,0.056713510642002724
0.1,0,T2ax+FLAIRax+FLAIRsag+SWIax+T1sag+FLAIRcor,0111111,6,Empty sella syndrome,15,72,2512,0.6666808970856102,0.04931541812153604
0.1,0,T2ax+FLAIRax+FLAIRsag+SWIax+T1sag+FLAIRcor,0111111,6,Cyst of pineal gland,19,27,2512,0.6754750726581712,0.020065556126672678
0.1,0,T2ax+FLAIRax+FLAIRsag+SWIax+T1sag+FLAIRcor,0111111,6,Cerebral edema,22,197,2512,0.8475907511155452,0.4811701364455885
0.1,0,T2ax+FLAIRax+FLAIRsag+SWIax+T1sag+FLAIRcor,0111111,6,Mastoiditis,24,62,2512,0.6547070441079658,0.07413129566885568
0.1,0,T2ax+FLAIRax+FLAIRsag+SWIax+T1sag+FLAIRcor,0111111,6,Chronic mastoiditis,25,25,2512,0.6871893848009649,0.031340691151119336
0.1,0,T2ax+FLAIRax+FLAIRsag+SWIax+T1sag+FLAIRcor,0111111,6,Ventriculomegaly,26,304,2512,0.8874025672196796,0.5332603747794349
0.1,0,T2ax+FLAIRax+FLAIRsag+SWIax+T1sag+FLAIRcor,0111111,6,Cerebellar degeneration,27,94,2512,0.8014184397163121,0.15686551564716242
0.1,0,T2ax+FLAIRax+FLAIRsag+SWIax+T1sag+FLAIRcor,0111111,6,Mega cisterna magna,28,20,2512,0.5980337078651685,0.01590809149424576
0.1,0,T2ax+FLAIRax+FLAIRsag+SWIax+T1sag+FLAIRcor,0111111,6,Foraminal Spinal Stenosis,33,25,2512,0.6090390028146362,0.01367450129456593
0.1,0,T1ax+FLAIRax+FLAIRsag+SWIax+T1sag+FLAIRcor,1011111,6,Cerebral infarction,0,161,2512,0.7645801575119349,0.21099656355886354
0.1,0,T1ax+FLAIRax+FLAIRsag+SWIax+T1sag+FLAIRcor,1011111,6,Cerebral hemorrhage,1,127,2512,0.7908714240908565,0.29174017216150455
0.1,0,T1ax+FLAIRax+FLAIRsag+SWIax+T1sag+FLAIRcor,1011111,6,Metastatic malignant neoplasm to brain,2,144,2512,0.7809098160660661,0.22592689868833837
0.1,0,T1ax+FLAIRax+FLAIRsag+SWIax+T1sag+FLAIRcor,1011111,6,Intracranial meningioma,3,62,2512,0.7073140223831467,0.06135671634828394
0.1,0,T1ax+FLAIRax+FLAIRsag+SWIax+T1sag+FLAIRcor,1011111,6,Demyelinating disease of central nervous system,4,66,2512,0.7308778711068165,0.07984923484505109
0.1,0,T1ax+FLAIRax+FLAIRsag+SWIax+T1sag+FLAIRcor,1011111,6,Herniation of nucleus pulposus,5,42,2512,0.702236360131097,0.03496507936658064
0.1,0,T1ax+FLAIRax+FLAIRsag+SWIax+T1sag+FLAIRcor,1011111,6,Spinal cord compression,6,23,2512,0.5418275193459919,0.010319945171812511
0.1,0,T1ax+FLAIRax+FLAIRsag+SWIax+T1sag+FLAIRcor,1011111,6,Lacunar infarct,7,86,2512,0.8129565367434192,0.14424959690312783
0.1,0,T1ax+FLAIRax+FLAIRsag+SWIax+T1sag+FLAIRcor,1011111,6,Silent micro-hemorrhage of brain,8,77,2512,0.7010053601429371,0.09351956130299652
0.1,0,T1ax+FLAIRax+FLAIRsag+SWIax+T1sag+FLAIRcor,1011111,6,Gliosis,11,1027,2512,0.7412430045341438,0.658660068169568
0.1,0,T1ax+FLAIRax+FLAIRsag+SWIax+T1sag+FLAIRcor,1011111,6,Cerebral atrophy,12,324,2512,0.8977066264924278,0.6255493386975962
0.1,0,T1ax+FLAIRax+FLAIRsag+SWIax+T1sag+FLAIRcor,1011111,6,Encephalomalacia,13,84,2512,0.7030281634894485,0.17004126099079234
0.1,0,T1ax+FLAIRax+FLAIRsag+SWIax+T1sag+FLAIRcor,1011111,6,Arachnoid cyst,14,69,2512,0.6853358011947771,0.0712502849271063
0.1,0,T1ax+FLAIRax+FLAIRsag+SWIax+T1sag+FLAIRcor,1011111,6,Empty sella syndrome,15,72,2512,0.6659039162112932,0.04837167113313852
0.1,0,T1ax+FLAIRax+FLAIRsag+SWIax+T1sag+FLAIRcor,1011111,6,Cyst of pineal gland,19,27,2512,0.6702734928087041,0.01901749614103839
0.1,0,T1ax+FLAIRax+FLAIRsag+SWIax+T1sag+FLAIRcor,1011111,6,Cerebral edema,22,197,2512,0.8497198802775981,0.4787551177641153
0.1,0,T1ax+FLAIRax+FLAIRsag+SWIax+T1sag+FLAIRcor,1011111,6,Mastoiditis,24,62,2512,0.6426201448321264,0.06253001648551733
0.1,0,T1ax+FLAIRax+FLAIRsag+SWIax+T1sag+FLAIRcor,1011111,6,Chronic mastoiditis,25,25,2512,0.6696582227583435,0.02672740397595128
0.1,0,T1ax+FLAIRax+FLAIRsag+SWIax+T1sag+FLAIRcor,1011111,6,Ventriculomegaly,26,304,2512,0.8872610364225781,0.5317486051907593
0.1,0,T1ax+FLAIRax+FLAIRsag+SWIax+T1sag+FLAIRcor,1011111,6,Cerebellar degeneration,27,94,2512,0.7980087288597926,0.15950981576148993
0.1,0,T1ax+FLAIRax+FLAIRsag+SWIax+T1sag+FLAIRcor,1011111,6,Mega cisterna magna,28,20,2512,0.5472512038523275,0.01031676615205198
0.1,0,T1ax+FLAIRax+FLAIRsag+SWIax+T1sag+FLAIRcor,1011111,6,Foraminal Spinal Stenosis,33,25,2512,0.6565339766787294,0.015500860081011283
0.1,0,T1ax+T2ax+FLAIRsag+SWIax+T1sag+FLAIRcor,1101111,6,Cerebral infarction,0,161,2512,0.7851264560343028,0.2253628847332349
0.1,0,T1ax+T2ax+FLAIRsag+SWIax+T1sag+FLAIRcor,1101111,6,Cerebral hemorrhage,1,127,2512,0.8135624556364416,0.3061911900266625
0.1,0,T1ax+T2ax+FLAIRsag+SWIax+T1sag+FLAIRcor,1101111,6,Metastatic malignant neoplasm to brain,2,144,2512,0.767067849099099,0.20947748486126758
0.1,0,T1ax+T2ax+FLAIRsag+SWIax+T1sag+FLAIRcor,1101111,6,Intracranial meningioma,3,62,2512,0.6896181698485846,0.051719047204874996
0.1,0,T1ax+T2ax+FLAIRsag+SWIax+T1sag+FLAIRcor,1101111,6,Demyelinating disease of central nervous system,4,66,2512,0.7591243588790604,0.09821782766639309
0.1,0,T1ax+T2ax+FLAIRsag+SWIax+T1sag+FLAIRcor,1101111,6,Herniation of nucleus pulposus,5,42,2512,0.7069211490264122,0.03627059229367551
0.1,0,T1ax+T2ax+FLAIRsag+SWIax+T1sag+FLAIRcor,1101111,6,Spinal cord compression,6,23,2512,0.4248606913899418,0.007653836713527108
0.1,0,T1ax+T2ax+FLAIRsag+SWIax+T1sag+FLAIRcor,1101111,6,Lacunar infarct,7,86,2512,0.8334515615713491,0.13665473986624155
0.1,0,T1ax+T2ax+FLAIRsag+SWIax+T1sag+FLAIRcor,1101111,6,Silent micro-hemorrhage of brain,8,77,2512,0.6532387530334142,0.06974004327200603
0.1,0,T1ax+T2ax+FLAIRsag+SWIax+T1sag+FLAIRcor,1101111,6,Gliosis,11,1027,2512,0.7447011497644409,0.6688973224752393
0.1,0,T1ax+T2ax+FLAIRsag+SWIax+T1sag+FLAIRcor,1101111,6,Cerebral atrophy,12,324,2512,0.8954073284131177,0.6123818994005783
0.1,0,T1ax+T2ax+FLAIRsag+SWIax+T1sag+FLAIRcor,1101111,6,Encephalomalacia,13,84,2512,0.6904026437593159,0.16233128670777597
0.1,0,T1ax+T2ax+FLAIRsag+SWIax+T1sag+FLAIRcor,1101111,6,Arachnoid cyst,14,69,2512,0.6527256224527933,0.0652391773311074
0.1,0,T1ax+T2ax+FLAIRsag+SWIax+T1sag+FLAIRcor,1101111,6,Empty sella syndrome,15,72,2512,0.6623918488160291,0.04931637531762512
0.1,0,T1ax+T2ax+FLAIRsag+SWIax+T1sag+FLAIRcor,1101111,6,Cyst of pineal gland,19,27,2512,0.6667262836276922,0.02760824634624429
0.1,0,T1ax+T2ax+FLAIRsag+SWIax+T1sag+FLAIRcor,1101111,6,Cerebral edema,22,197,2512,0.8482047121509466,0.4710794678270926
0.1,0,T1ax+T2ax+FLAIRsag+SWIax+T1sag+FLAIRcor,1101111,6,Mastoiditis,24,62,2512,0.6306846609611586,0.05248669490199489
0.1,0,T1ax+T2ax+FLAIRsag+SWIax+T1sag+FLAIRcor,1101111,6,Chronic mastoiditis,25,25,2512,0.6668918375552875,0.031259941888443
0.1,0,T1ax+T2ax+FLAIRsag+SWIax+T1sag+FLAIRcor,1101111,6,Ventriculomegaly,26,304,2512,0.8885303442028986,0.5391995996445103
0.1,0,T1ax+T2ax+FLAIRsag+SWIax+T1sag+FLAIRcor,1101111,6,Cerebellar degeneration,27,94,2512,0.8141025641025641,0.15827255968395393
0.1,0,T1ax+T2ax+FLAIRsag+SWIax+T1sag+FLAIRcor,1101111,6,Mega cisterna magna,28,20,2512,0.5693017656500803,0.010984280754350213
0.1,0,T1ax+T2ax+FLAIRsag+SWIax+T1sag+FLAIRcor,1101111,6,Foraminal Spinal Stenosis,33,25,2512,0.6200241254523523,0.013649431136614824
0.1,0,T1ax+T2ax+FLAIRax+SWIax+T1sag+FLAIRcor,1110111,6,Cerebral infarction,0,161,2512,0.7841093125430965,0.22315407456353006
0.1,0,T1ax+T2ax+FLAIRax+SWIax+T1sag+FLAIRcor,1110111,6,Cerebral hemorrhage,1,127,2512,0.8236748708298256,0.333318581811443
0.1,0,T1ax+T2ax+FLAIRax+SWIax+T1sag+FLAIRcor,1110111,6,Metastatic malignant neoplasm to brain,2,144,2512,0.7733055320945945,0.200641383295025
0.1,0,T1ax+T2ax+FLAIRax+SWIax+T1sag+FLAIRcor,1110111,6,Intracranial meningioma,3,62,2512,0.6858591178406847,0.05546892273463478
0.1,0,T1ax+T2ax+FLAIRax+SWIax+T1sag+FLAIRcor,1110111,6,Demyelinating disease of central nervous system,4,66,2512,0.7779429619167968,0.11840447179071985
0.1,0,T1ax+T2ax+FLAIRax+SWIax+T1sag+FLAIRcor,1110111,6,Herniation of nucleus pulposus,5,42,2512,0.7256699440909967,0.04411773278985984
0.1,0,T1ax+T2ax+FLAIRax+SWIax+T1sag+FLAIRcor,1110111,6,Spinal cord compression,6,23,2512,0.4825405698115185,0.00868893389673988
0.1,0,T1ax+T2ax+FLAIRax+SWIax+T1sag+FLAIRcor,1110111,6,Lacunar infarct,7,86,2512,0.8280114649437298,0.14475874318777857
0.1,0,T1ax+T2ax+FLAIRax+SWIax+T1sag+FLAIRcor,1110111,6,Silent micro-hemorrhage of brain,8,77,2512,0.6873463292354463,0.07438593313062467
0.1,0,T1ax+T2ax+FLAIRax+SWIax+T1sag+FLAIRcor,1110111,6,Gliosis,11,1027,2512,0.7436395765509689,0.6681730903635716
0.1,0,T1ax+T2ax+FLAIRax+SWIax+T1sag+FLAIRcor,1110111,6,Cerebral atrophy,12,324,2512,0.8970845464599274,0.6146480349709703
0.1,0,T1ax+T2ax+FLAIRax+SWIax+T1sag+FLAIRcor,1110111,6,Encephalomalacia,13,84,2512,0.6590276143406291,0.13558033446981738
0.1,0,T1ax+T2ax+FLAIRax+SWIax+T1sag+FLAIRcor,1110111,6,Arachnoid cyst,14,69,2512,0.6629411450639804,0.05943716044934059
0.1,0,T1ax+T2ax+FLAIRax+SWIax+T1sag+FLAIRcor,1110111,6,Empty sella syndrome,15,72,2512,0.6777379326047359,0.05468040988663234
0.1,0,T1ax+T2ax+FLAIRax+SWIax+T1sag+FLAIRcor,1110111,6,Cyst of pineal gland,19,27,2512,0.6652358596020568,0.02901249015535615
0.1,0,T1ax+T2ax+FLAIRax+SWIax+T1sag+FLAIRcor,1110111,6,Cerebral edema,22,197,2512,0.8448301191742225,0.48969251426761173
0.1,0,T1ax+T2ax+FLAIRax+SWIax+T1sag+FLAIRcor,1110111,6,Mastoiditis,24,62,2512,0.6405595786701777,0.057939829923136524
0.1,0,T1ax+T2ax+FLAIRax+SWIax+T1sag+FLAIRcor,1110111,6,Chronic mastoiditis,25,25,2512,0.7063449939686369,0.02922040160181335
0.1,0,T1ax+T2ax+FLAIRax+SWIax+T1sag+FLAIRcor,1110111,6,Ventriculomegaly,26,304,2512,0.8935926773455378,0.5400738336865933
0.1,0,T1ax+T2ax+FLAIRax+SWIax+T1sag+FLAIRcor,1110111,6,Cerebellar degeneration,27,94,2512,0.8182558119071504,0.16991968248495845
0.1,0,T1ax+T2ax+FLAIRax+SWIax+T1sag+FLAIRcor,1110111,6,Mega cisterna magna,28,20,2512,0.6041131621187801,0.012431614936736756
0.1,0,T1ax+T2ax+FLAIRax+SWIax+T1sag+FLAIRcor,1110111,6,Foraminal Spinal Stenosis,33,25,2512,0.6109690390028146,0.013034415026079722
0.1,0,T1ax+T2ax+FLAIRax+FLAIRsag+T1sag+FLAIRcor,1111011,6,Cerebral infarction,0,161,2512,0.7708071892230346,0.20908791357738096
0.1,0,T1ax+T2ax+FLAIRax+FLAIRsag+T1sag+FLAIRcor,1111011,6,Cerebral hemorrhage,1,127,2512,0.8045989534327077,0.2857301959994274
0.1,0,T1ax+T2ax+FLAIRax+FLAIRsag+T1sag+FLAIRcor,1111011,6,Metastatic malignant neoplasm to brain,2,144,2512,0.7744463213213213,0.22536047969729572
0.1,0,T1ax+T2ax+FLAIRax+FLAIRsag+T1sag+FLAIRcor,1111011,6,Intracranial meningioma,3,62,2512,0.691046741277156,0.04938121277631044
0.1,0,T1ax+T2ax+FLAIRax+FLAIRsag+T1sag+FLAIRcor,1111011,6,Demyelinating disease of central nervous system,4,66,2512,0.7597499938055948,0.09834836187714141
0.1,0,T1ax+T2ax+FLAIRax+FLAIRsag+T1sag+FLAIRcor,1111011,6,Herniation of nucleus pulposus,5,42,2512,0.6994119915172547,0.03801980830377365
0.1,0,T1ax+T2ax+FLAIRax+FLAIRsag+T1sag+FLAIRcor,1111011,6,Spinal cord compression,6,23,2512,0.5598896012018098,0.01025222613313365
0.1,0,T1ax+T2ax+FLAIRax+FLAIRsag+T1sag+FLAIRcor,1111011,6,Lacunar infarct,7,86,2512,0.8185691826913859,0.13791493983346756
0.1,0,T1ax+T2ax+FLAIRax+FLAIRsag+T1sag+FLAIRcor,1111011,6,Silent micro-hemorrhage of brain,8,77,2512,0.6545134536920985,0.0855099993761721
0.1,0,T1ax+T2ax+FLAIRax+FLAIRsag+T1sag+FLAIRcor,1111011,6,Gliosis,11,1027,2512,0.7429917480550393,0.6662134538920299
0.1,0,T1ax+T2ax+FLAIRax+FLAIRsag+T1sag+FLAIRcor,1111011,6,Cerebral atrophy,12,324,2512,0.9006209515426457,0.643843630449993
0.1,0,T1ax+T2ax+FLAIRax+FLAIRsag+T1sag+FLAIRcor,1111011,6,Encephalomalacia,13,84,2512,0.6805326743547502,0.16050705610276542
0.1,0,T1ax+T2ax+FLAIRax+FLAIRsag+T1sag+FLAIRcor,1111011,6,Arachnoid cyst,14,69,2512,0.686896011674883,0.06345414697969513
0.1,0,T1ax+T2ax+FLAIRax+FLAIRsag+T1sag+FLAIRcor,1111011,6,Empty sella syndrome,15,72,2512,0.6933003187613843,0.053353266033824294
0.1,0,T1ax+T2ax+FLAIRax+FLAIRsag+T1sag+FLAIRcor,1111011,6,Cyst of pineal gland,19,27,2512,0.6678739101274312,0.020754429278339162
0.1,0,T1ax+T2ax+FLAIRax+FLAIRsag+T1sag+FLAIRcor,1111011,6,Cerebral edema,22,197,2512,0.8436592077709927,0.49122612442472396
0.1,0,T1ax+T2ax+FLAIRax+FLAIRsag+T1sag+FLAIRcor,1111011,6,Mastoiditis,24,62,2512,0.6126201448321265,0.05885508230636176
0.1,0,T1ax+T2ax+FLAIRax+FLAIRsag+T1sag+FLAIRcor,1111011,6,Chronic mastoiditis,25,25,2512,0.7308082026537998,0.0350285645055847
0.1,0,T1ax+T2ax+FLAIRax+FLAIRsag+T1sag+FLAIRcor,1111011,6,Ventriculomegaly,26,304,2512,0.8835082356025934,0.5346016076451238
0.1,0,T1ax+T2ax+FLAIRax+FLAIRsag+T1sag+FLAIRcor,1111011,6,Cerebellar degeneration,27,94,2512,0.8132446368547948,0.16805051307369898
0.1,0,T1ax+T2ax+FLAIRax+FLAIRsag+T1sag+FLAIRcor,1111011,6,Mega cisterna magna,28,20,2512,0.6201645264847512,0.013083806601159424
0.1,0,T1ax+T2ax+FLAIRax+FLAIRsag+T1sag+FLAIRcor,1111011,6,Foraminal Spinal Stenosis,33,25,2512,0.6293687173301166,0.014780895410414446
0.1,0,T1ax+T2ax+FLAIRax+FLAIRsag+SWIax+FLAIRcor,1111101,6,Cerebral infarction,0,161,2512,0.798946397858979,0.2567764730191703
0.1,0,T1ax+T2ax+FLAIRax+FLAIRsag+SWIax+FLAIRcor,1111101,6,Cerebral hemorrhage,1,127,2512,0.8328892850657819,0.295498990291434
0.1,0,T1ax+T2ax+FLAIRax+FLAIRsag+SWIax+FLAIRcor,1111101,6,Metastatic malignant neoplasm to brain,2,144,2512,0.776487424924925,0.22075412154098975
0.1,0,T1ax+T2ax+FLAIRax+FLAIRsag+SWIax+FLAIRcor,1111101,6,Intracranial meningioma,3,62,2512,0.7117445687952599,0.06218251184475126
0.1,0,T1ax+T2ax+FLAIRax+FLAIRsag+SWIax+FLAIRcor,1111101,6,Demyelinating disease of central nervous system,4,66,2512,0.7714883916846305,0.0995848563071197
0.1,0,T1ax+T2ax+FLAIRax+FLAIRsag+SWIax+FLAIRcor,1111101,6,Herniation of nucleus pulposus,5,42,2512,0.717032967032967,0.03840347805069369
0.1,0,T1ax+T2ax+FLAIRax+FLAIRsag+SWIax+FLAIRcor,1111101,6,Spinal cord compression,6,23,2512,0.46084510978741244,0.008341056527818063
0.1,0,T1ax+T2ax+FLAIRax+FLAIRsag+SWIax+FLAIRcor,1111101,6,Lacunar infarct,7,86,2512,0.834568339116931,0.15843839451680006
0.1,0,T1ax+T2ax+FLAIRax+FLAIRsag+SWIax+FLAIRcor,1111101,6,Silent micro-hemorrhage of brain,8,77,2512,0.6986372969945865,0.1092540473492497
0.1,0,T1ax+T2ax+FLAIRax+FLAIRsag+SWIax+FLAIRcor,1111101,6,Gliosis,11,1027,2512,0.7464846452188224,0.6672857968236731
0.1,0,T1ax+T2ax+FLAIRax+FLAIRsag+SWIax+FLAIRcor,1111101,6,Cerebral atrophy,12,324,2512,0.9044310154151715,0.637238293488614
0.1,0,T1ax+T2ax+FLAIRax+FLAIRsag+SWIax+FLAIRcor,1111101,6,Encephalomalacia,13,84,2512,0.6799884286498786,0.1703416552474101
0.1,0,T1ax+T2ax+FLAIRax+FLAIRsag+SWIax+FLAIRcor,1111101,6,Arachnoid cyst,14,69,2512,0.660562269008762,0.06015874329114665
0.1,0,T1ax+T2ax+FLAIRax+FLAIRsag+SWIax+FLAIRcor,1111101,6,Empty sella syndrome,15,72,2512,0.7156534608378871,0.06840994013413726
0.1,0,T1ax+T2ax+FLAIRax+FLAIRsag+SWIax+FLAIRcor,1111101,6,Cyst of pineal gland,19,27,2512,0.683955585364036,0.021936757982687217
0.1,0,T1ax+T2ax+FLAIRax+FLAIRsag+SWIax+FLAIRcor,1111101,6,Cerebral edema,22,197,2512,0.8422251702097335,0.48093725238406765
0.1,0,T1ax+T2ax+FLAIRax+FLAIRsag+SWIax+FLAIRcor,1111101,6,Mastoiditis,24,62,2512,0.6668202764976958,0.06656470099778593
0.1,0,T1ax+T2ax+FLAIRax+FLAIRsag+SWIax+FLAIRcor,1111101,6,Chronic mastoiditis,25,25,2512,0.734571773220748,0.04395549971424638
0.1,0,T1ax+T2ax+FLAIRax+FLAIRsag+SWIax+FLAIRcor,1111101,6,Ventriculomegaly,26,304,2512,0.8866487295003815,0.53156885168019
0.1,0,T1ax+T2ax+FLAIRax+FLAIRsag+SWIax+FLAIRcor,1111101,6,Cerebellar degeneration,27,94,2512,0.7793015152315084,0.15208393994967806
0.1,0,T1ax+T2ax+FLAIRax+FLAIRsag+SWIax+FLAIRcor,1111101,6,Mega cisterna magna,28,20,2512,0.6313804173354736,0.014815585429218792
0.1,0,T1ax+T2ax+FLAIRax+FLAIRsag+SWIax+FLAIRcor,1111101,6,Foraminal Spinal Stenosis,33,25,2512,0.6220506634499396,0.014233591358887718
0.1,0,T1ax+T2ax+FLAIRax+FLAIRsag+SWIax+T1sag,1111110,6,Cerebral infarction,0,161,2512,0.7873034072985989,0.22981649201443968
0.1,0,T1ax+T2ax+FLAIRax+FLAIRsag+SWIax+T1sag,1111110,6,Cerebral hemorrhage,1,127,2512,0.8157150167549811,0.3112883628023079
0.1,0,T1ax+T2ax+FLAIRax+FLAIRsag+SWIax+T1sag,1111110,6,Metastatic malignant neoplasm to brain,2,144,2512,0.7694520692567568,0.218446552680254
0.1,0,T1ax+T2ax+FLAIRax+FLAIRsag+SWIax+T1sag,1111110,6,Intracranial meningioma,3,62,2512,0.6896050032916392,0.059663347035782396
0.1,0,T1ax+T2ax+FLAIRax+FLAIRsag+SWIax+T1sag,1111110,6,Demyelinating disease of central nervous system,4,66,2512,0.7520999033672787,0.08803356494302672
0.1,0,T1ax+T2ax+FLAIRax+FLAIRsag+SWIax+T1sag,1111110,6,Herniation of nucleus pulposus,5,42,2512,0.7168112589165221,0.040661368784761565
0.1,0,T1ax+T2ax+FLAIRax+FLAIRsag+SWIax+T1sag,1111110,6,Spinal cord compression,6,23,2512,0.4781735287438643,0.008421430654007949
0.1,0,T1ax+T2ax+FLAIRax+FLAIRsag+SWIax+T1sag,1111110,6,Lacunar infarct,7,86,2512,0.8335953526716386,0.14999644774957677
0.1,0,T1ax+T2ax+FLAIRax+FLAIRsag+SWIax+T1sag,1111110,6,Silent micro-hemorrhage of brain,8,77,2512,0.6623856636176964,0.08182106434809114
0.1,0,T1ax+T2ax+FLAIRax+FLAIRsag+SWIax+T1sag,1111110,6,Gliosis,11,1027,2512,0.7461685993331564,0.6637554406165295
0.1,0,T1ax+T2ax+FLAIRax+FLAIRsag+SWIax+T1sag,1111110,6,Cerebral atrophy,12,324,2512,0.8989465547204729,0.6263440325931133
0.1,0,T1ax+T2ax+FLAIRax+FLAIRsag+SWIax+T1sag,1111110,6,Encephalomalacia,13,84,2512,0.689500470698988,0.16876188057747854
0.1,0,T1ax+T2ax+FLAIRax+FLAIRsag+SWIax+T1sag,1111110,6,Arachnoid cyst,14,69,2512,0.6566172501141979,0.05753069285584122
0.1,0,T1ax+T2ax+FLAIRax+FLAIRsag+SWIax+T1sag,1111110,6,Empty sella syndrome,15,72,2512,0.6346140710382513,0.043259029876406264
0.1,0,T1ax+T2ax+FLAIRax+FLAIRsag+SWIax+T1sag,1111110,6,Cyst of pineal gland,19,27,2512,0.6452641776585438,0.05242401462123502
0.1,0,T1ax+T2ax+FLAIRax+FLAIRsag+SWIax+T1sag,1111110,6,Cerebral edema,22,197,2512,0.8389558276962209,0.4776172577210559
0.1,0,T1ax+T2ax+FLAIRax+FLAIRsag+SWIax+T1sag,1111110,6,Mastoiditis,24,62,2512,0.6474522712310731,0.07166210917590513
0.1,0,T1ax+T2ax+FLAIRax+FLAIRsag+SWIax+T1sag,1111110,6,Chronic mastoiditis,25,25,2512,0.7057981503819863,0.030815241016999624
0.1,0,T1ax+T2ax+FLAIRax+FLAIRsag+SWIax+T1sag,1111110,6,Ventriculomegaly,26,304,2512,0.8923218797673531,0.5494374440742399
0.1,0,T1ax+T2ax+FLAIRax+FLAIRsag+SWIax+T1sag,1111110,6,Cerebellar degeneration,27,94,2512,0.8219866955282192,0.16469938576762883
0.1,0,T1ax+T2ax+FLAIRax+FLAIRsag+SWIax+T1sag,1111110,6,Mega cisterna magna,28,20,2512,0.6302568218298555,0.01284696582309889
0.1,0,T1ax+T2ax+FLAIRax+FLAIRsag+SWIax+T1sag,1111110,6,Foraminal Spinal Stenosis,33,25,2512,0.5875190993164455,0.012252415123688961
0.1,0,T1ax+T2ax+FLAIRax+FLAIRsag+SWIax+T1sag+FLAIRcor,1111111,7,Cerebral infarction,0,161,2512,0.7887247662551418,0.22761404116355236
0.1,0,T1ax+T2ax+FLAIRax+FLAIRsag+SWIax+T1sag+FLAIRcor,1111111,7,Cerebral hemorrhage,1,127,2512,0.8146222288251704,0.3175300906781638
0.1,0,T1ax+T2ax+FLAIRax+FLAIRsag+SWIax+T1sag+FLAIRcor,1111111,7,Metastatic malignant neoplasm to brain,2,144,2512,0.7793115381006006,0.2229603438803471
0.1,0,T1ax+T2ax+FLAIRax+FLAIRsag+SWIax+T1sag+FLAIRcor,1111111,7,Intracranial meningioma,3,62,2512,0.6920803159973667,0.056820882111122836
0.1,0,T1ax+T2ax+FLAIRax+FLAIRsag+SWIax+T1sag+FLAIRcor,1111111,7,Demyelinating disease of central nervous system,4,66,2512,0.7557360192274338,0.09760735381959534
0.1,0,T1ax+T2ax+FLAIRax+FLAIRsag+SWIax+T1sag+FLAIRcor,1111111,7,Herniation of nucleus pulposus,5,42,2512,0.7217804125698862,0.03870917167873362
0.1,0,T1ax+T2ax+FLAIRax+FLAIRsag+SWIax+T1sag+FLAIRcor,1111111,7,Spinal cord compression,6,23,2512,0.47775429280136944,0.008470525860519062
0.1,0,T1ax+T2ax+FLAIRax+FLAIRsag+SWIax+T1sag+FLAIRcor,1111111,7,Lacunar infarct,7,86,2512,0.8255574301654556,0.14365987505543165
0.1,0,T1ax+T2ax+FLAIRax+FLAIRsag+SWIax+T1sag+FLAIRcor,1111111,7,Silent micro-hemorrhage of brain,8,77,2512,0.6771807248193285,0.08609794256659095
0.1,0,T1ax+T2ax+FLAIRax+FLAIRsag+SWIax+T1sag+FLAIRcor,1111111,7,Gliosis,11,1027,2512,0.747352787859117,0.6696759896415585
0.1,0,T1ax+T2ax+FLAIRax+FLAIRsag+SWIax+T1sag+FLAIRcor,1111111,7,Cerebral atrophy,12,324,2512,0.9002330331550319,0.6268807191443261
0.1,0,T1ax+T2ax+FLAIRax+FLAIRsag+SWIax+T1sag+FLAIRcor,1111111,7,Encephalomalacia,13,84,2512,0.6806601553306662,0.1639049553006361
0.1,0,T1ax+T2ax+FLAIRax+FLAIRsag+SWIax+T1sag+FLAIRcor,1111111,7,Arachnoid cyst,14,69,2512,0.6670522700172632,0.06025466761197366
0.1,0,T1ax+T2ax+FLAIRax+FLAIRsag+SWIax+T1sag+FLAIRcor,1111111,7,Empty sella syndrome,15,72,2512,0.6754952185792349,0.052069945279101124
0.1,0,T1ax+T2ax+FLAIRax+FLAIRsag+SWIax+T1sag+FLAIRcor,1111111,7,Cyst of pineal gland,19,27,2512,0.678083314703033,0.025125094917649544
0.1,0,T1ax+T2ax+FLAIRax+FLAIRsag+SWIax+T1sag+FLAIRcor,1111111,7,Cerebral edema,22,197,2512,0.8473934064970234,0.4890162332985465
0.1,0,T1ax+T2ax+FLAIRax+FLAIRsag+SWIax+T1sag+FLAIRcor,1111111,7,Mastoiditis,24,62,2512,0.6472942725477286,0.06373566594119857
0.1,0,T1ax+T2ax+FLAIRax+FLAIRsag+SWIax+T1sag+FLAIRcor,1111111,7,Chronic mastoiditis,25,25,2512,0.7023080016083635,0.030335696721367315
0.1,0,T1ax+T2ax+FLAIRax+FLAIRsag+SWIax+T1sag+FLAIRcor,1111111,7,Ventriculomegaly,26,304,2512,0.8892618349542334,0.5377304508997935
0.1,0,T1ax+T2ax+FLAIRax+FLAIRsag+SWIax+T1sag+FLAIRcor,1111111,7,Cerebellar degeneration,27,94,2512,0.8143929394787321,0.16818018575294338
0.1,0,T1ax+T2ax+FLAIRax+FLAIRsag+SWIax+T1sag+FLAIRcor,1111111,7,Mega cisterna magna,28,20,2512,0.5899077046548956,0.012136317103923724
0.1,0,T1ax+T2ax+FLAIRax+FLAIRsag+SWIax+T1sag+FLAIRcor,1111111,7,Foraminal Spinal Stenosis,33,25,2512,0.6197667872939284,0.01353524283159143
0.1,1,FLAIRcor,0000001,1,Cerebral infarction,0,161,2512,0.7542634163868421,0.19132429936275813
0.1,1,FLAIRcor,0000001,1,Cerebral hemorrhage,1,127,2512,0.7900493570379175,0.23574196216807114
0.1,1,FLAIRcor,0000001,1,Metastatic malignant neoplasm to brain,2,144,2512,0.7663566887199701,0.22269237887513413
0.1,1,FLAIRcor,0000001,1,Intracranial meningioma,3,62,2512,0.6509348255431205,0.04798774971256123
0.1,1,FLAIRcor,0000001,1,Demyelinating disease of central nervous system,4,66,2512,0.6667286107187987,0.0648895862164011
0.1,1,FLAIRcor,0000001,1,Herniation of nucleus pulposus,5,42,2512,0.6070368228262966,0.026695009013279793
0.1,1,FLAIRcor,0000001,1,Spinal cord compression,6,23,2512,0.6657641448460181,0.02610186349831699
0.1,1,FLAIRcor,0000001,1,Lacunar infarct,7,86,2512,0.8289652792423169,0.162805787878777
0.1,1,FLAIRcor,0000001,1,Silent micro-hemorrhage of brain,8,77,2512,0.6676978052748073,0.06464701621810741
0.1,1,FLAIRcor,0000001,1,Gliosis,11,1027,2512,0.7244243801205826,0.6491438961738754
0.1,1,FLAIRcor,0000001,1,Cerebral atrophy,12,324,2512,0.8844228902882163,0.6307452108621324
0.1,1,FLAIRcor,0000001,1,Encephalomalacia,13,84,2512,0.6770367537459795,0.1510076252779645
0.1,1,FLAIRcor,0000001,1,Arachnoid cyst,14,69,2512,0.5988420034763625,0.05447249482570098
0.1,1,FLAIRcor,0000001,1,Empty sella syndrome,15,72,2512,0.7294398907103825,0.06477649892960097
0.1,1,FLAIRcor,0000001,1,Cyst of pineal gland,19,27,2512,0.6593188762202846,0.0193041883838739
0.1,1,FLAIRcor,0000001,1,Cerebral edema,22,197,2512,0.8263170012388856,0.4153669219645554
0.1,1,FLAIRcor,0000001,1,Mastoiditis,24,62,2512,0.6076695194206715,0.041848966263652025
0.1,1,FLAIRcor,0000001,1,Chronic mastoiditis,25,25,2512,0.635512665862485,0.016597104060815656
0.1,1,FLAIRcor,0000001,1,Ventriculomegaly,26,304,2512,0.8699853403890161,0.5278943927792135
0.1,1,FLAIRcor,0000001,1,Cerebellar degeneration,27,94,2512,0.7626181299825774,0.13783093096193877
0.1,1,FLAIRcor,0000001,1,Mega cisterna magna,28,20,2512,0.5968699839486357,0.011323164390305542
0.1,1,FLAIRcor,0000001,1,Foraminal Spinal Stenosis,33,25,2512,0.7406674708484117,0.023153782734965
0.1,1,T1sag,0000010,1,Cerebral infarction,0,161,2512,0.6858717448105869,0.16166151457573696
0.1,1,T1sag,0000010,1,Cerebral hemorrhage,1,127,2512,0.7535449578236681,0.20541837672559154
0.1,1,T1sag,0000010,1,Metastatic malignant neoplasm to brain,2,144,2512,0.7458503425300301,0.16412028804948875
0.1,1,T1sag,0000010,1,Intracranial meningioma,3,62,2512,0.556036866359447,0.049787041261878585
0.1,1,T1sag,0000010,1,Demyelinating disease of central nervous system,4,66,2512,0.7543113060283951,0.11368654878151624
0.1,1,T1sag,0000010,1,Herniation of nucleus pulposus,5,42,2512,0.6413051860420281,0.03475057187849909
0.1,1,T1sag,0000010,1,Spinal cord compression,6,23,2512,0.6302338987195835,0.029349179925273645
0.1,1,T1sag,0000010,1,Lacunar infarct,7,86,2512,0.7498082785329474,0.13295291554724809
0.1,1,T1sag,0000010,1,Silent micro-hemorrhage of brain,8,77,2512,0.6500760020267208,0.052584940255241325
0.1,1,T1sag,0000010,1,Gliosis,11,1027,2512,0.6980201233365789,0.6237035999475352
0.1,1,T1sag,0000010,1,Cerebral atrophy,12,324,2512,0.8583152774956552,0.5471796487827213
0.1,1,T1sag,0000010,1,Encephalomalacia,13,84,2512,0.710118066996156,0.135662277014627
0.1,1,T1sag,0000010,1,Arachnoid cyst,14,69,2512,0.5957571766715904,0.0387638470320806
0.1,1,T1sag,0000010,1,Empty sella syndrome,15,72,2512,0.5725409836065574,0.03667142314891568
0.1,1,T1sag,0000010,1,Cyst of pineal gland,19,27,2512,0.599329309188464,0.035636291329600694
0.1,1,T1sag,0000010,1,Cerebral edema,22,197,2512,0.8069267961101183,0.36666553614936787
0.1,1,T1sag,0000010,1,Mastoiditis,24,62,2512,0.48660302830809743,0.03783070178991009
0.1,1,T1sag,0000010,1,Chronic mastoiditis,25,25,2512,0.5780940892641737,0.039475890301651544
0.1,1,T1sag,0000010,1,Ventriculomegaly,26,304,2512,0.8631933519260108,0.4609154089435309
0.1,1,T1sag,0000010,1,Cerebellar degeneration,27,94,2512,0.7309980113686358,0.11667417502233282
0.1,1,T1sag,0000010,1,Mega cisterna magna,28,20,2512,0.5641252006420545,0.012719319325243707
0.1,1,T1sag,0000010,1,Foraminal Spinal Stenosis,33,25,2512,0.5424366706875754,0.015954140883892264
0.1,1,SWIax,0000100,1,Cerebral infarction,0,161,2512,0.75319079234157,0.20331477883046925
0.1,1,SWIax,0000100,1,Cerebral hemorrhage,1,127,2512,0.8055332706053253,0.2792292452861687
0.1,1,SWIax,0000100,1,Metastatic malignant neoplasm to brain,2,144,2512,0.8055438250750752,0.20690754362207647
0.1,1,SWIax,0000100,1,Intracranial meningioma,3,62,2512,0.6394733377221856,0.041547654022734366
0.1,1,SWIax,0000100,1,Demyelinating disease of central nervous system,4,66,2512,0.6346230084987239,0.04827381388181068
0.1,1,SWIax,0000100,1,Herniation of nucleus pulposus,5,42,2512,0.6971177944862156,0.03555790774921032
0.1,1,SWIax,0000100,1,Spinal cord compression,6,23,2512,0.5799430537844779,0.013938126473589257
0.1,1,SWIax,0000100,1,Lacunar infarct,7,86,2512,0.833298184397707,0.13764747250177736
0.1,1,SWIax,0000100,1,Silent micro-hemorrhage of brain,8,77,2512,0.7159710925624684,0.085971186377054
0.1,1,SWIax,0000100,1,Gliosis,11,1027,2512,0.6959481212645771,0.6222926100599635
0.1,1,SWIax,0000100,1,Cerebral atrophy,12,324,2512,0.8805056198794774,0.5726485879041755
0.1,1,SWIax,0000100,1,Encephalomalacia,13,84,2512,0.6862251902408409,0.10612668502733316
0.1,1,SWIax,0000100,1,Arachnoid cyst,14,69,2512,0.6064532203812134,0.041035603540036325
0.1,1,SWIax,0000100,1,Empty sella syndrome,15,72,2512,0.6009448998178506,0.050945929450557606
0.1,1,SWIax,0000100,1,Cyst of pineal gland,19,27,2512,0.6724197034056189,0.027522310518166015
0.1,1,SWIax,0000100,1,Cerebral edema,22,197,2512,0.8350637532753725,0.4185202432075699
0.1,1,SWIax,0000100,1,Mastoiditis,24,62,2512,0.6264976958525347,0.04954801847800509
0.1,1,SWIax,0000100,1,Chronic mastoiditis,25,25,2512,0.6423321270607157,0.043601805820674425
0.1,1,SWIax,0000100,1,Ventriculomegaly,26,304,2512,0.8672172959572846,0.4939288837611714
0.1,1,SWIax,0000100,1,Cerebellar degeneration,27,94,2512,0.6965313341428647,0.10562949128552199
0.1,1,SWIax,0000100,1,Mega cisterna magna,28,20,2512,0.7359349919743179,0.022589664797995127
0.1,1,SWIax,0000100,1,Foraminal Spinal Stenosis,33,25,2512,0.5853799758745477,0.011775373588612671
0.1,1,FLAIRsag,0001000,1,Cerebral infarction,0,161,2512,0.7284134410888984,0.1745931648294081
0.1,1,FLAIRsag,0001000,1,Cerebral hemorrhage,1,127,2512,0.78597863946252,0.198439313705937
0.1,1,FLAIRsag,0001000,1,Metastatic malignant neoplasm to brain,2,144,2512,0.7574077984234234,0.15978857651692752
0.1,1,FLAIRsag,0001000,1,Intracranial meningioma,3,62,2512,0.5997959183673469,0.04061317605005704
0.1,1,FLAIRsag,0001000,1,Demyelinating disease of central nervous system,4,66,2512,0.6849525508560667,0.0683912088851668
0.1,1,FLAIRsag,0001000,1,Herniation of nucleus pulposus,5,42,2512,0.6885290148448043,0.03230285042008808
0.1,1,FLAIRsag,0001000,1,Spinal cord compression,6,23,2512,0.5226824113053959,0.010659722457286079
0.1,1,FLAIRsag,0001000,1,Lacunar infarct,7,86,2512,0.7879368852930463,0.13938169094872002
0.1,1,FLAIRsag,0001000,1,Silent micro-hemorrhage of brain,8,77,2512,0.6592655804154777,0.06626763243405863
0.1,1,FLAIRsag,0001000,1,Gliosis,11,1027,2512,0.6943659247456716,0.5930968945079061
0.1,1,FLAIRsag,0001000,1,Cerebral atrophy,12,324,2512,0.8854766176902069,0.5891004585698558
0.1,1,FLAIRsag,0001000,1,Encephalomalacia,13,84,2512,0.6997038518867185,0.12665345932075958
0.1,1,FLAIRsag,0001000,1,Arachnoid cyst,14,69,2512,0.650441664145414,0.06042511258300977
0.1,1,FLAIRsag,0001000,1,Empty sella syndrome,15,72,2512,0.6111737249544625,0.04451593456241654
0.1,1,FLAIRsag,0001000,1,Cyst of pineal gland,19,27,2512,0.5739622922721515,0.05002892757377133
0.1,1,FLAIRsag,0001000,1,Cerebral edema,22,197,2512,0.8323491684117046,0.4930905222248014
0.1,1,FLAIRsag,0001000,1,Mastoiditis,24,62,2512,0.6867281105990783,0.043834062841088234
0.1,1,FLAIRsag,0001000,1,Chronic mastoiditis,25,25,2512,0.7357780458383595,0.07427308962190786
0.1,1,FLAIRsag,0001000,1,Ventriculomegaly,26,304,2512,0.8642198226544622,0.49920361382306133
0.1,1,FLAIRsag,0001000,1,Cerebellar degeneration,27,94,2512,0.7763493655737994,0.125607167059233
0.1,1,FLAIRsag,0001000,1,Mega cisterna magna,28,20,2512,0.5899678972712681,0.00993182563285084
0.1,1,FLAIRsag,0001000,1,Foraminal Spinal Stenosis,33,25,2512,0.5881302774427021,0.026344962887745273
0.1,1,FLAIRax,0010000,1,Cerebral infarction,0,161,2512,0.7420576944923661,0.2390871805055933
0.1,1,FLAIRax,0010000,1,Cerebral hemorrhage,1,127,2512,0.774816355502732,0.20664566311471697
0.1,1,FLAIRax,0010000,1,Metastatic malignant neoplasm to brain,2,144,2512,0.8054059919294294,0.21561617051515838
0.1,1,FLAIRax,0010000,1,Intracranial meningioma,3,62,2512,0.6695984200131665,0.065524642919871
0.1,1,FLAIRax,0010000,1,Demyelinating disease of central nervous system,4,66,2512,0.7893530563195322,0.12934186613970564
0.1,1,FLAIRax,0010000,1,Herniation of nucleus pulposus,5,42,2512,0.6797667245035667,0.032505745062397146
0.1,1,FLAIRax,0010000,1,Spinal cord compression,6,23,2512,0.6219539888553112,0.03585123639277221
0.1,1,FLAIRax,0010000,1,Lacunar infarct,7,86,2512,0.7854301271113326,0.14253800840977496
0.1,1,FLAIRax,0010000,1,Silent micro-hemorrhage of brain,8,77,2512,0.6381876850049334,0.058552978254379474
0.1,1,FLAIRax,0010000,1,Gliosis,11,1027,2512,0.7210901615964908,0.6499772889079504
0.1,1,FLAIRax,0010000,1,Cerebral atrophy,12,324,2512,0.8922842327397476,0.6641062694114317
0.1,1,FLAIRax,0010000,1,Encephalomalacia,13,84,2512,0.6514228838157998,0.09302882962279416
0.1,1,FLAIRax,0010000,1,Arachnoid cyst,14,69,2512,0.6760042001103418,0.0737910476718477
0.1,1,FLAIRax,0010000,1,Empty sella syndrome,15,72,2512,0.6401639344262294,0.05448043812476448
0.1,1,FLAIRax,0010000,1,Cyst of pineal gland,19,27,2512,0.6271853342275876,0.014623506782994318
0.1,1,FLAIRax,0010000,1,Cerebral edema,22,197,2512,0.8427580006797427,0.4860951914026708
0.1,1,FLAIRax,0010000,1,Mastoiditis,24,62,2512,0.6438512179065174,0.0649311510709799
0.1,1,FLAIRax,0010000,1,Chronic mastoiditis,25,25,2512,0.7090792119018898,0.09362867325539614
0.1,1,FLAIRax,0010000,1,Ventriculomegaly,26,304,2512,0.8820050295575896,0.546935444351693
0.1,1,FLAIRax,0010000,1,Cerebellar degeneration,27,94,2512,0.7358947961212889,0.14031115986729067
0.1,1,FLAIRax,0010000,1,Mega cisterna magna,28,20,2512,0.6547351524879614,0.033412318101678426
0.1,1,FLAIRax,0010000,1,Foraminal Spinal Stenosis,33,25,2512,0.5216405307599518,0.011576294749879121
0.1,1,T2ax,0100000,1,Cerebral infarction,0,161,2512,0.7721730676255114,0.24395327413563417
0.1,1,T2ax,0100000,1,Cerebral hemorrhage,1,127,2512,0.7874874131299626,0.22307711030682292
0.1,1,T2ax,0100000,1,Metastatic malignant neoplasm to brain,2,144,2512,0.701561913475976,0.12463993259010162
0.1,1,T2ax,0100000,1,Intracranial meningioma,3,62,2512,0.6274259381171824,0.04678974538294546
0.1,1,T2ax,0100000,1,Demyelinating disease of central nervous system,4,66,2512,0.7304690403627444,0.0859206304824159
0.1,1,T2ax,0100000,1,Herniation of nucleus pulposus,5,42,2512,0.6493927125506072,0.02781918860679767
0.1,1,T2ax,0100000,1,Spinal cord compression,6,23,2512,0.6264607752371303,0.020404791593364783
0.1,1,T2ax,0100000,1,Lacunar infarct,7,86,2512,0.8384986291915104,0.18507316133875212
0.1,1,T2ax,0100000,1,Silent micro-hemorrhage of brain,8,77,2512,0.6513400357342862,0.06890612185536756
0.1,1,T2ax,0100000,1,Gliosis,11,1027,2512,0.7346086637225877,0.6623219953917922
0.1,1,T2ax,0100000,1,Cerebral atrophy,12,324,2512,0.8810670435822783,0.6083605844879965
0.1,1,T2ax,0100000,1,Encephalomalacia,13,84,2512,0.6689907429199028,0.09281427268493235
0.1,1,T2ax,0100000,1,Arachnoid cyst,14,69,2512,0.5919070755248655,0.03837663467829999
0.1,1,T2ax,0100000,1,Empty sella syndrome,15,72,2512,0.6168829690346083,0.046098523386048196
0.1,1,T2ax,0100000,1,Cyst of pineal gland,19,27,2512,0.5125717266562337,0.011226968031011645
0.1,1,T2ax,0100000,1,Cerebral edema,22,197,2512,0.8097861003607021,0.38601217720884584
0.1,1,T2ax,0100000,1,Mastoiditis,24,62,2512,0.6245161290322581,0.04158746165822003
0.1,1,T2ax,0100000,1,Chronic mastoiditis,25,25,2512,0.6540249296340972,0.019393052133261566
0.1,1,T2ax,0100000,1,Ventriculomegaly,26,304,2512,0.8792489035087719,0.5434551894229865
0.1,1,T2ax,0100000,1,Cerebellar degeneration,27,94,2512,0.7308924203227566,0.1099659060374022
0.1,1,T2ax,0100000,1,Mega cisterna magna,28,20,2512,0.682443820224719,0.018146424993913196
0.1,1,T2ax,0100000,1,Foraminal Spinal Stenosis,33,25,2512,0.565870526739043,0.012673822063863874
0.1,1,T1ax,1000000,1,Cerebral infarction,0,161,2512,0.7069781327359046,0.16608691728438293
0.1,1,T1ax,1000000,1,Cerebral hemorrhage,1,127,2512,0.7586490367949289,0.19319847831207998
0.1,1,T1ax,1000000,1,Metastatic malignant neoplasm to brain,2,144,2512,0.7009226022897899,0.17352582037034084
0.1,1,T1ax,1000000,1,Intracranial meningioma,3,62,2512,0.6700197498354181,0.05347248440386325
0.1,1,T1ax,1000000,1,Demyelinating disease of central nervous system,4,66,2512,0.8137342352387323,0.15643317420949307
0.1,1,T1ax,1000000,1,Herniation of nucleus pulposus,5,42,2512,0.6583285135916714,0.0314896130692207
0.1,1,T1ax,1000000,1,Spinal cord compression,6,23,2512,0.49864621726902725,0.009622358717370525
0.1,1,T1ax,1000000,1,Lacunar infarct,7,86,2512,0.770116374930501,0.12021290639204371
0.1,1,T1ax,1000000,1,Silent micro-hemorrhage of brain,8,77,2512,0.6610682951545375,0.052959917662412204
0.1,1,T1ax,1000000,1,Gliosis,11,1027,2512,0.7208239486720499,0.6327193321960984
0.1,1,T1ax,1000000,1,Cerebral atrophy,12,324,2512,0.8829784232739748,0.6051152262072685
0.1,1,T1ax,1000000,1,Encephalomalacia,13,84,2512,0.6682405664077823,0.11000151384449224
0.1,1,T1ax,1000000,1,Arachnoid cyst,14,69,2512,0.5708768620192565,0.04886921995424298
0.1,1,T1ax,1000000,1,Empty sella syndrome,15,72,2512,0.6741006375227687,0.05498260599519073
0.1,1,T1ax,1000000,1,Cyst of pineal gland,19,27,2512,0.5672553841567927,0.013353531268839014
0.1,1,T1ax,1000000,1,Cerebral edema,22,197,2512,0.7864402319895626,0.3787516007220238
0.1,1,T1ax,1000000,1,Mastoiditis,24,62,2512,0.5607965766951942,0.04004512353495396
0.1,1,T1ax,1000000,1,Chronic mastoiditis,25,25,2512,0.5926658624849216,0.013737785313119758
0.1,1,T1ax,1000000,1,Ventriculomegaly,26,304,2512,0.8785859434591914,0.5334960534946458
0.1,1,T1ax,1000000,1,Cerebellar degeneration,27,94,2512,0.7194973866216146,0.12414410573770328
0.1,1,T1ax,1000000,1,Mega cisterna magna,28,20,2512,0.7104133226324238,0.01784928987674225
0.1,1,T1ax,1000000,1,Foraminal Spinal Stenosis,33,25,2512,0.6225814234016888,0.015000972265562965
0.1,1,T1sag+FLAIRcor,0000011,2,Cerebral infarction,0,161,2512,0.7206474844852593,0.17055813534111286
0.1,1,T1sag+FLAIRcor,0000011,2,Cerebral hemorrhage,1,127,2512,0.7577147196223114,0.23848879441450657
0.1,1,T1sag+FLAIRcor,0000011,2,Metastatic malignant neoplasm to brain,2,144,2512,0.7312136355105107,0.19238263678324755
0.1,1,T1sag+FLAIRcor,0000011,2,Intracranial meningioma,3,62,2512,0.5978604344963793,0.03465420863098828
0.1,1,T1sag+FLAIRcor,0000011,2,Demyelinating disease of central nervous system,4,66,2512,0.7102876681781015,0.09441959041990242
0.1,1,T1sag+FLAIRcor,0000011,2,Herniation of nucleus pulposus,5,42,2512,0.6087237324079429,0.02929704493489818
0.1,1,T1sag+FLAIRcor,0000011,2,Spinal cord compression,6,23,2512,0.6166960714098555,0.02292624235467749
0.1,1,T1sag+FLAIRcor,0000011,2,Lacunar infarct,7,86,2512,0.8115330048505531,0.13665252986852128
0.1,1,T1sag+FLAIRcor,0000011,2,Silent micro-hemorrhage of brain,8,77,2512,0.6673991306434838,0.057041133588890326
0.1,1,T1sag+FLAIRcor,0000011,2,Gliosis,11,1027,2512,0.7285723184457361,0.6514984263058429
0.1,1,T1sag+FLAIRcor,0000011,2,Cerebral atrophy,12,324,2512,0.881663732593044,0.6217753069575398
0.1,1,T1sag+FLAIRcor,0000011,2,Encephalomalacia,13,84,2512,0.6817241311681179,0.15393512405060447
0.1,1,T1sag+FLAIRcor,0000011,2,Arachnoid cyst,14,69,2512,0.598236902833888,0.05046733005035747
0.1,1,T1sag+FLAIRcor,0000011,2,Empty sella syndrome,15,72,2512,0.6768841074681238,0.05065949128775866
0.1,1,T1sag+FLAIRcor,0000011,2,Cyst of pineal gland,19,27,2512,0.6491392801251956,0.024526560567455606
0.1,1,T1sag+FLAIRcor,0000011,2,Cerebral edema,22,197,2512,0.8285382245562487,0.4470100890873144
0.1,1,T1sag+FLAIRcor,0000011,2,Mastoiditis,24,62,2512,0.5446543778801842,0.03143516180039506
0.1,1,T1sag+FLAIRcor,0000011,2,Chronic mastoiditis,25,25,2512,0.5959308403699236,0.022695388225236666
0.1,1,T1sag+FLAIRcor,0000011,2,Ventriculomegaly,26,304,2512,0.8700836670480551,0.5112203342732315
0.1,1,T1sag+FLAIRcor,0000011,2,Cerebellar degeneration,27,94,2512,0.7669693609981875,0.13034094563726925
0.1,1,T1sag+FLAIRcor,0000011,2,Mega cisterna magna,28,20,2512,0.5779895666131621,0.011262516826625745
0.1,1,T1sag+FLAIRcor,0000011,2,Foraminal Spinal Stenosis,33,25,2512,0.6674065138721351,0.016725119217433228
0.1,1,SWIax+FLAIRcor,0000101,2,Cerebral infarction,0,161,2512,0.7678455844083791,0.21028465575739724
0.1,1,SWIax+FLAIRcor,0000101,2,Cerebral hemorrhage,1,127,2512,0.8360686046319681,0.3197944704847246
0.1,1,SWIax+FLAIRcor,0000101,2,Metastatic malignant neoplasm to brain,2,144,2512,0.7667863175675675,0.22644628575370565
0.1,1,SWIax+FLAIRcor,0000101,2,Intracranial meningioma,3,62,2512,0.6578275181040159,0.04371173294417968
0.1,1,SWIax+FLAIRcor,0000101,2,Demyelinating disease of central nervous system,4,66,2512,0.6646720681880127,0.0598432625996247
0.1,1,SWIax+FLAIRcor,0000101,2,Herniation of nucleus pulposus,5,42,2512,0.6620493541546173,0.032887737581185295
0.1,1,SWIax+FLAIRcor,0000101,2,Spinal cord compression,6,23,2512,0.6348454940870263,0.02230132734407883
0.1,1,SWIax+FLAIRcor,0000101,2,Lacunar infarct,7,86,2512,0.8620228531988727,0.19013684971796616
0.1,1,SWIax+FLAIRcor,0000101,2,Silent micro-hemorrhage of brain,8,77,2512,0.7588842369129843,0.09952139719622938
0.1,1,SWIax+FLAIRcor,0000101,2,Gliosis,11,1027,2512,0.7108514551552527,0.6384042283766593
0.1,1,SWIax+FLAIRcor,0000101,2,Cerebral atrophy,12,324,2512,0.8876447288238878,0.589741446693049
0.1,1,SWIax+FLAIRcor,0000101,2,Encephalomalacia,13,84,2512,0.6829155879814858,0.14614372630609473
0.1,1,SWIax+FLAIRcor,0000101,2,Arachnoid cyst,14,69,2512,0.5856484365267223,0.05323978340260014
0.1,1,SWIax+FLAIRcor,0000101,2,Empty sella syndrome,15,72,2512,0.7267987249544625,0.07729828532546763
0.1,1,SWIax+FLAIRcor,0000101,2,Cyst of pineal gland,19,27,2512,0.6812430136373798,0.02221242125695338
0.1,1,SWIax+FLAIRcor,0000101,2,Cerebral edema,22,197,2512,0.8396860027847518,0.4547353877896044
0.1,1,SWIax+FLAIRcor,0000101,2,Mastoiditis,24,62,2512,0.6204213298222515,0.06171312377079699
0.1,1,SWIax+FLAIRcor,0000101,2,Chronic mastoiditis,25,25,2512,0.6442139123441898,0.01891012223662268
0.1,1,SWIax+FLAIRcor,0000101,2,Ventriculomegaly,26,304,2512,0.8697961360602593,0.4890614992016057
0.1,1,SWIax+FLAIRcor,0000101,2,Cerebellar degeneration,27,94,2512,0.7063293032750823,0.11690471420980497
0.1,1,SWIax+FLAIRcor,0000101,2,Mega cisterna magna,28,20,2512,0.6824036918138042,0.015120399432109934
0.1,1,SWIax+FLAIRcor,0000101,2,Foraminal Spinal Stenosis,33,25,2512,0.7057659831121834,0.019168976467738578
0.1,1,SWIax+T1sag,0000110,2,Cerebral infarction,0,161,2512,0.7084259110039073,0.1634174946328683
0.1,1,SWIax+T1sag,0000110,2,Cerebral hemorrhage,1,127,2512,0.8036976510011719,0.2839393010029955
0.1,1,SWIax+T1sag,0000110,2,Metastatic malignant neoplasm to brain,2,144,2512,0.8061186186186186,0.20485860804399064
0.1,1,SWIax+T1sag,0000110,2,Intracranial meningioma,3,62,2512,0.5971362738643845,0.039312899198875616
0.1,1,SWIax+T1sag,0000110,2,Demyelinating disease of central nervous system,4,66,2512,0.6644242919794842,0.05560632293455686
0.1,1,SWIax+T1sag,0000110,2,Herniation of nucleus pulposus,5,42,2512,0.6759880470406786,0.031996753107867065
0.1,1,SWIax+T1sag,0000110,2,Spinal cord compression,6,23,2512,0.5786329414641815,0.01878596356790716
0.1,1,SWIax+T1sag,0000110,2,Lacunar infarct,7,86,2512,0.8001016123775379,0.1336472691885042
0.1,1,SWIax+T1sag,0000110,2,Silent micro-hemorrhage of brain,8,77,2512,0.7326488706365504,0.07613546876361149
0.1,1,SWIax+T1sag,0000110,2,Gliosis,11,1027,2512,0.7053875332356345,0.6244479715956222
0.1,1,SWIax+T1sag,0000110,2,Cerebral atrophy,12,324,2512,0.8793150630825828,0.5861339782974695
0.1,1,SWIax+T1sag,0000110,2,Encephalomalacia,13,84,2512,0.7370018435710363,0.1288307897089023
0.1,1,SWIax+T1sag,0000110,2,Arachnoid cyst,14,69,2512,0.6303428310404765,0.0444725779174822
0.1,1,SWIax+T1sag,0000110,2,Empty sella syndrome,15,72,2512,0.5524760928961748,0.03806343749902753
0.1,1,SWIax+T1sag,0000110,2,Cyst of pineal gland,19,27,2512,0.621074595722483,0.06279598358431115
0.1,1,SWIax+T1sag,0000110,2,Cerebral edema,22,197,2512,0.8407472782888029,0.41788372177111516
0.1,1,SWIax+T1sag,0000110,2,Mastoiditis,24,62,2512,0.5446675444371297,0.03712216936550909
0.1,1,SWIax+T1sag,0000110,2,Chronic mastoiditis,25,25,2512,0.6057257740249296,0.01559072665488879
0.1,1,SWIax+T1sag,0000110,2,Ventriculomegaly,26,304,2512,0.882779724446987,0.5228979624051905
0.1,1,SWIax+T1sag,0000110,2,Cerebellar degeneration,27,94,2512,0.7599607553279482,0.13209018450146667
0.1,1,SWIax+T1sag,0000110,2,Mega cisterna magna,28,20,2512,0.6277889245585874,0.012381547561258253
0.1,1,SWIax+T1sag,0000110,2,Foraminal Spinal Stenosis,33,25,2512,0.568701246481705,0.014230100236644432
0.1,1,FLAIRsag+FLAIRcor,0001001,2,Cerebral infarction,0,161,2512,0.7321478107637559,0.1843370735423237
0.1,1,FLAIRsag+FLAIRcor,0001001,2,Cerebral hemorrhage,1,127,2512,0.7852721240033674,0.23000732831097392
0.1,1,FLAIRsag+FLAIRcor,0001001,2,Metastatic malignant neoplasm to brain,2,144,2512,0.7576717342342343,0.201586965678425
0.1,1,FLAIRsag+FLAIRcor,0001001,2,Intracranial meningioma,3,62,2512,0.675668202764977,0.049502701874241134
0.1,1,FLAIRsag+FLAIRcor,0001001,2,Demyelinating disease of central nervous system,4,66,2512,0.6509886270720286,0.07632519090935133
0.1,1,FLAIRsag+FLAIRcor,0001001,2,Herniation of nucleus pulposus,5,42,2512,0.6368131868131868,0.03212636147930093
0.1,1,FLAIRsag+FLAIRcor,0001001,2,Spinal cord compression,6,23,2512,0.5948958024001259,0.014571148036276665
0.1,1,FLAIRsag+FLAIRcor,0001001,2,Lacunar infarct,7,86,2512,0.8071138250349891,0.13285494392607347
0.1,1,FLAIRsag+FLAIRcor,0001001,2,Silent micro-hemorrhage of brain,8,77,2512,0.6862556334835596,0.07076932434148141
0.1,1,FLAIRsag+FLAIRcor,0001001,2,Gliosis,11,1027,2512,0.7160753920247591,0.6291801106428861
0.1,1,FLAIRsag+FLAIRcor,0001001,2,Cerebral atrophy,12,324,2512,0.8841379465998601,0.6152133006176121
0.1,1,FLAIRsag+FLAIRcor,0001001,2,Encephalomalacia,13,84,2512,0.6873332941084178,0.17794787155337508
0.1,1,FLAIRsag+FLAIRcor,0001001,2,Arachnoid cyst,14,69,2512,0.6405524212924238,0.07155458440247082
0.1,1,FLAIRsag+FLAIRcor,0001001,2,Empty sella syndrome,15,72,2512,0.7035006830601093,0.05687121434592522
0.1,1,FLAIRsag+FLAIRcor,0001001,2,Cyst of pineal gland,19,27,2512,0.6266338773381026,0.01817634175370353
0.1,1,FLAIRsag+FLAIRcor,0001001,2,Cerebral edema,22,197,2512,0.844071438751905,0.5071001259730441
0.1,1,FLAIRsag+FLAIRcor,0001001,2,Mastoiditis,24,62,2512,0.6685253456221198,0.04861622526701764
0.1,1,FLAIRsag+FLAIRcor,0001001,2,Chronic mastoiditis,25,25,2512,0.6647205468435866,0.026631275793896295
0.1,1,FLAIRsag+FLAIRcor,0001001,2,Ventriculomegaly,26,304,2512,0.8767847778413425,0.509525867292508
0.1,1,FLAIRsag+FLAIRcor,0001001,2,Cerebellar degeneration,27,94,2512,0.7494632455167802,0.12113024107578264
0.1,1,FLAIRsag+FLAIRcor,0001001,2,Mega cisterna magna,28,20,2512,0.6088282504012841,0.011636242976348493
0.1,1,FLAIRsag+FLAIRcor,0001001,2,Foraminal Spinal Stenosis,33,25,2512,0.6580297547245678,0.025058553852788358
0.1,1,FLAIRsag+T1sag,0001010,2,Cerebral infarction,0,161,2512,0.7289088031787717,0.17240218978011382
0.1,1,FLAIRsag+T1sag,0001010,2,Cerebral hemorrhage,1,127,2512,0.7743805609204509,0.22721641373532098
0.1,1,FLAIRsag+T1sag,0001010,2,Metastatic malignant neoplasm to brain,2,144,2512,0.7173687359234234,0.1461931358264711
0.1,1,FLAIRsag+T1sag,0001010,2,Intracranial meningioma,3,62,2512,0.6042462146148783,0.043383588449645585
0.1,1,FLAIRsag+T1sag,0001010,2,Demyelinating disease of central nervous system,4,66,2512,0.7325379717039571,0.09414480477389679
0.1,1,FLAIRsag+T1sag,0001010,2,Herniation of nucleus pulposus,5,42,2512,0.6434162328899171,0.030547756816734932
0.1,1,FLAIRsag+T1sag,0001010,2,Spinal cord compression,6,23,2512,0.5744580502035042,0.016330739144492123
0.1,1,FLAIRsag+T1sag,0001010,2,Lacunar infarct,7,86,2512,0.7868296938208171,0.12377959989908721
0.1,1,FLAIRsag+T1sag,0001010,2,Silent micro-hemorrhage of brain,8,77,2512,0.5900584015573749,0.04814055914336133
0.1,1,FLAIRsag+T1sag,0001010,2,Gliosis,11,1027,2512,0.7162314478770175,0.6323034053722929
0.1,1,FLAIRsag+T1sag,0001010,2,Cerebral atrophy,12,324,2512,0.8876701198456227,0.6130241150548695
0.1,1,FLAIRsag+T1sag,0001010,2,Encephalomalacia,13,84,2512,0.7054748176041421,0.1593598006212463
0.1,1,FLAIRsag+T1sag,0001010,2,Arachnoid cyst,14,69,2512,0.6331013780870514,0.05013067827126473
0.1,1,FLAIRsag+T1sag,0001010,2,Empty sella syndrome,15,72,2512,0.6297017304189434,0.040771358672942834
0.1,1,FLAIRsag+T1sag,0001010,2,Cyst of pineal gland,19,27,2512,0.6067069081153588,0.03544488650443602
0.1,1,FLAIRsag+T1sag,0001010,2,Cerebral edema,22,197,2512,0.8418546008705091,0.4492063567799504
0.1,1,FLAIRsag+T1sag,0001010,2,Mastoiditis,24,62,2512,0.5155365371955233,0.027542726238480864
0.1,1,FLAIRsag+T1sag,0001010,2,Chronic mastoiditis,25,25,2512,0.6328266988339365,0.08776033800855056
0.1,1,FLAIRsag+T1sag,0001010,2,Ventriculomegaly,26,304,2512,0.8778127383676583,0.5163955845448803
0.1,1,FLAIRsag+T1sag,0001010,2,Cerebellar degeneration,27,94,2512,0.7727064744909632,0.11525394476101043
0.1,1,FLAIRsag+T1sag,0001010,2,Mega cisterna magna,28,20,2512,0.5814606741573033,0.010949683995435095
0.1,1,FLAIRsag+T1sag,0001010,2,Foraminal Spinal Stenosis,33,25,2512,0.6115641334941697,0.013744038226773848
0.1,1,FLAIRsag+SWIax,0001100,2,Cerebral infarction,0,161,2512,0.751787926903049,0.20352399653315523
0.1,1,FLAIRsag+SWIax,0001100,2,Cerebral hemorrhage,1,127,2512,0.8174383862394559,0.2984972790820105
0.1,1,FLAIRsag+SWIax,0001100,2,Metastatic malignant neoplasm to brain,2,144,2512,0.7960274727852853,0.20646620827310444
0.1,1,FLAIRsag+SWIax,0001100,2,Intracranial meningioma,3,62,2512,0.629242922975642,0.039900612062771325
0.1,1,FLAIRsag+SWIax,0001100,2,Demyelinating disease of central nervous system,4,66,2512,0.6455313560791892,0.05507070446035139
0.1,1,FLAIRsag+SWIax,0001100,2,Herniation of nucleus pulposus,5,42,2512,0.7457875457875458,0.04804344029048476
0.1,1,FLAIRsag+SWIax,0001100,2,Spinal cord compression,6,23,2512,0.5993676524534036,0.013861405701844184
0.1,1,FLAIRsag+SWIax,0001100,2,Lacunar infarct,7,86,2512,0.8415086562242374,0.15730008406571092
0.1,1,FLAIRsag+SWIax,0001100,2,Silent micro-hemorrhage of brain,8,77,2512,0.7339502386730312,0.09720820896985223
0.1,1,FLAIRsag+SWIax,0001100,2,Gliosis,11,1027,2512,0.7024624695510772,0.6239018440059519
0.1,1,FLAIRsag+SWIax,0001100,2,Cerebral atrophy,12,324,2512,0.8836414110637145,0.5854368828333257
0.1,1,FLAIRsag+SWIax,0001100,2,Encephalomalacia,13,84,2512,0.7305542480583667,0.14933061533193767
0.1,1,FLAIRsag+SWIax,0001100,2,Arachnoid cyst,14,69,2512,0.6606393896788815,0.05426697246080952
0.1,1,FLAIRsag+SWIax,0001100,2,Empty sella syndrome,15,72,2512,0.632627504553734,0.049935099660929655
0.1,1,FLAIRsag+SWIax,0001100,2,Cyst of pineal gland,19,27,2512,0.6810492585140473,0.04872317352915067
0.1,1,FLAIRsag+SWIax,0001100,2,Cerebral edema,22,197,2512,0.844661279889487,0.4970793668600053
0.1,1,FLAIRsag+SWIax,0001100,2,Mastoiditis,24,62,2512,0.6850954575378538,0.05839763239703879
0.1,1,FLAIRsag+SWIax,0001100,2,Chronic mastoiditis,25,25,2512,0.6451950140731806,0.040606316412077195
0.1,1,FLAIRsag+SWIax,0001100,2,Ventriculomegaly,26,304,2512,0.8810634773073989,0.5047342602285635
0.1,1,FLAIRsag+SWIax,0001100,2,Cerebellar degeneration,27,94,2512,0.7107465286943668,0.105135611354756
0.1,1,FLAIRsag+SWIax,0001100,2,Mega cisterna magna,28,20,2512,0.6897672552166934,0.0161093276907544
0.1,1,FLAIRsag+SWIax,0001100,2,Foraminal Spinal Stenosis,33,25,2512,0.5897225572979493,0.014067531299144355
0.1,1,FLAIRax+FLAIRcor,0010001,2,Cerebral infarction,0,161,2512,0.7588048960267998,0.20183903260791203
0.1,1,FLAIRax+FLAIRcor,0010001,2,Cerebral hemorrhage,1,127,2512,0.7945723765661368,0.24237605593887002
0.1,1,FLAIRax+FLAIRcor,0010001,2,Metastatic malignant neoplasm to brain,2,144,2512,0.7822910801426426,0.22541897003298123
0.1,1,FLAIRax+FLAIRcor,0010001,2,Intracranial meningioma,3,62,2512,0.6585845951283739,0.05800539908587039
0.1,1,FLAIRax+FLAIRcor,0010001,2,Demyelinating disease of central nervous system,4,66,2512,0.7308468990807503,0.09616956613148618
0.1,1,FLAIRax+FLAIRcor,0010001,2,Herniation of nucleus pulposus,5,42,2512,0.6604202814729131,0.031238954244761818
0.1,1,FLAIRax+FLAIRcor,0010001,2,Spinal cord compression,6,23,2512,0.6376054640417838,0.0464714644611293
0.1,1,FLAIRax+FLAIRcor,0010001,2,Lacunar infarct,7,86,2512,0.8091652447324528,0.15888454433302282
0.1,1,FLAIRax+FLAIRcor,0010001,2,Silent micro-hemorrhage of brain,8,77,2512,0.7221099229312782,0.07127845630582429
0.1,1,FLAIRax+FLAIRcor,0010001,2,Gliosis,11,1027,2512,0.7321065245115879,0.664915748504272
0.1,1,FLAIRax+FLAIRcor,0010001,2,Cerebral atrophy,12,324,2512,0.8964822149998871,0.6571870564773566
0.1,1,FLAIRax+FLAIRcor,0010001,2,Encephalomalacia,13,84,2512,0.6841732368400407,0.13206327899656478
0.1,1,FLAIRax+FLAIRcor,0010001,2,Arachnoid cyst,14,69,2512,0.6589961261694163,0.07770286936305845
0.1,1,FLAIRax+FLAIRcor,0010001,2,Empty sella syndrome,15,72,2512,0.7095913023679418,0.06616272163260073
0.1,1,FLAIRax+FLAIRcor,0010001,2,Cyst of pineal gland,19,27,2512,0.6525821596244132,0.016689176771591707
0.1,1,FLAIRax+FLAIRcor,0010001,2,Cerebral edema,22,197,2512,0.8437491092083192,0.48879401996669875
0.1,1,FLAIRax+FLAIRcor,0010001,2,Mastoiditis,24,62,2512,0.6233969716919026,0.06300963490862667
0.1,1,FLAIRax+FLAIRcor,0010001,2,Chronic mastoiditis,25,25,2512,0.6677281865701649,0.027683450226415728
0.1,1,FLAIRax+FLAIRcor,0010001,2,Ventriculomegaly,26,304,2512,0.8832937047101451,0.5567841236662333
0.1,1,FLAIRax+FLAIRcor,0010001,2,Cerebellar degeneration,27,94,2512,0.7528025623427133,0.15134527316057117
0.1,1,FLAIRax+FLAIRcor,0010001,2,Mega cisterna magna,28,20,2512,0.6508226324237559,0.01650844351083397
0.1,1,FLAIRax+FLAIRcor,0010001,2,Foraminal Spinal Stenosis,33,25,2512,0.6587052673904302,0.019397369057419147
0.1,1,FLAIRax+T1sag,0010010,2,Cerebral infarction,0,161,2512,0.7130558953372558,0.15910056912476872
0.1,1,FLAIRax+T1sag,0010010,2,Cerebral hemorrhage,1,127,2512,0.7852688225292593,0.23512436525820074
0.1,1,FLAIRax+T1sag,0010010,2,Metastatic malignant neoplasm to brain,2,144,2512,0.780810106981982,0.19269803290818074
0.1,1,FLAIRax+T1sag,0010010,2,Intracranial meningioma,3,62,2512,0.6036273864384464,0.03882610168676884
0.1,1,FLAIRax+T1sag,0010010,2,Demyelinating disease of central nervous system,4,66,2512,0.7609331252013182,0.15868101974706142
0.1,1,FLAIRax+T1sag,0010010,2,Herniation of nucleus pulposus,5,42,2512,0.679535376903798,0.037863420301314836
0.1,1,FLAIRax+T1sag,0010010,2,Spinal cord compression,6,23,2512,0.5809212709836323,0.01881097582524198
0.1,1,FLAIRax+T1sag,0010010,2,Lacunar infarct,7,86,2512,0.8174044747790411,0.14118365235061514
0.1,1,FLAIRax+T1sag,0010010,2,Silent micro-hemorrhage of brain,8,77,2512,0.6529294114509719,0.06887808533554113
0.1,1,FLAIRax+T1sag,0010010,2,Gliosis,11,1027,2512,0.716470777230271,0.6358369201039742
0.1,1,FLAIRax+T1sag,0010010,2,Cerebral atrophy,12,324,2512,0.880729907238134,0.6243719735060694
0.1,1,FLAIRax+T1sag,0010010,2,Encephalomalacia,13,84,2512,0.6917559033498079,0.15951338801909476
0.1,1,FLAIRax+T1sag,0010010,2,Arachnoid cyst,14,69,2512,0.660354636435364,0.06702370386572339
0.1,1,FLAIRax+T1sag,0010010,2,Empty sella syndrome,15,72,2512,0.5995787795992714,0.03697297854597224
0.1,1,FLAIRax+T1sag,0010010,2,Cyst of pineal gland,19,27,2512,0.5965422162605261,0.01692696600240462
0.1,1,FLAIRax+T1sag,0010010,2,Cerebral edema,22,197,2512,0.8532084945894683,0.4800276027280182
0.1,1,FLAIRax+T1sag,0010010,2,Mastoiditis,24,62,2512,0.5613166556945358,0.04324368402914581
0.1,1,FLAIRax+T1sag,0010010,2,Chronic mastoiditis,25,25,2512,0.727752312022517,0.0313286099324502
0.1,1,FLAIRax+T1sag,0010010,2,Ventriculomegaly,26,304,2512,0.8817055801868803,0.5086117749714895
0.1,1,FLAIRax+T1sag,0010010,2,Cerebellar degeneration,27,94,2512,0.7795786917269415,0.13204939672893862
0.1,1,FLAIRax+T1sag,0010010,2,Mega cisterna magna,28,20,2512,0.6156099518459069,0.015196955589468125
0.1,1,FLAIRax+T1sag,0010010,2,Foraminal Spinal Stenosis,33,25,2512,0.5379815038198633,0.010635462700750727
0.1,1,FLAIRax+SWIax,0010100,2,Cerebral infarction,0,161,2512,0.7910311721455916,0.2610887722450195
0.1,1,FLAIRax+SWIax,0010100,2,Cerebral hemorrhage,1,127,2512,0.813483220257845,0.3038763582075103
0.1,1,FLAIRax+SWIax,0010100,2,Metastatic malignant neoplasm to brain,2,144,2512,0.8086289414414415,0.23782081233112468
0.1,1,FLAIRax+SWIax,0010100,2,Intracranial meningioma,3,62,2512,0.6731994733377222,0.0632591502185203
0.1,1,FLAIRax+SWIax,0010100,2,Demyelinating disease of central nervous system,4,66,2512,0.7519264600213088,0.10699344514171762
0.1,1,FLAIRax+SWIax,0010100,2,Herniation of nucleus pulposus,5,42,2512,0.7201465201465201,0.04840875676593568
0.1,1,FLAIRax+SWIax,0010100,2,Spinal cord compression,6,23,2512,0.6419725051094382,0.02840314283912383
0.1,1,FLAIRax+SWIax,0010100,2,Lacunar infarct,7,86,2512,0.8575509499798692,0.18930629520375628
0.1,1,FLAIRax+SWIax,0010100,2,Silent micro-hemorrhage of brain,8,77,2512,0.7173097949278647,0.09150317777164539
0.1,1,FLAIRax+SWIax,0010100,2,Gliosis,11,1027,2512,0.711380602519843,0.632919681831496
0.1,1,FLAIRax+SWIax,0010100,2,Cerebral atrophy,12,324,2512,0.889007380323651,0.5931542250154327
0.1,1,FLAIRax+SWIax,0010100,2,Encephalomalacia,13,84,2512,0.6548844826233623,0.13626427905280347
0.1,1,FLAIRax+SWIax,0010100,2,Arachnoid cyst,14,69,2512,0.6391405197933167,0.04831704030254689
0.1,1,FLAIRax+SWIax,0010100,2,Empty sella syndrome,15,72,2512,0.665033014571949,0.04842062391248038
0.1,1,FLAIRax+SWIax,0010100,2,Cyst of pineal gland,19,27,2512,0.6131902526268723,0.015694207344221358
0.1,1,FLAIRax+SWIax,0010100,2,Cerebral edema,22,197,2512,0.8485073072326802,0.48736819196978776
0.1,1,FLAIRax+SWIax,0010100,2,Mastoiditis,24,62,2512,0.686919025674786,0.08436735898689518
0.1,1,FLAIRax+SWIax,0010100,2,Chronic mastoiditis,25,25,2512,0.680096501809409,0.05039498372071261
0.1,1,FLAIRax+SWIax,0010100,2,Ventriculomegaly,26,304,2512,0.8827231121281465,0.5241541204461103
0.1,1,FLAIRax+SWIax,0010100,2,Cerebellar degeneration,27,94,2512,0.6779517096950177,0.09711244697079544
0.1,1,FLAIRax+SWIax,0010100,2,Mega cisterna magna,28,20,2512,0.7510032102728732,0.02979585072322825
0.1,1,FLAIRax+SWIax,0010100,2,Foraminal Spinal Stenosis,33,25,2512,0.5020024125452353,0.00989319618175132
0.1,1,FLAIRax+FLAIRsag,0011000,2,Cerebral infarction,0,161,2512,0.7548367154455221,0.1971458814268529
0.1,1,FLAIRax+FLAIRsag,0011000,2,Cerebral hemorrhage,1,127,2512,0.7814027963485696,0.20789492857075276
0.1,1,FLAIRax+FLAIRsag,0011000,2,Metastatic malignant neoplasm to brain,2,144,2512,0.7992973442192193,0.20559893116897557
0.1,1,FLAIRax+FLAIRsag,0011000,2,Intracranial meningioma,3,62,2512,0.649098090849243,0.059032168712402806
0.1,1,FLAIRax+FLAIRsag,0011000,2,Demyelinating disease of central nervous system,4,66,2512,0.7217844842538219,0.10145121233999203
0.1,1,FLAIRax+FLAIRsag,0011000,2,Herniation of nucleus pulposus,5,42,2512,0.6994794679005205,0.03893196860526436
0.1,1,FLAIRax+FLAIRsag,0011000,2,Spinal cord compression,6,23,2512,0.5739340052753856,0.020153214723488768
0.1,1,FLAIRax+FLAIRsag,0011000,2,Lacunar infarct,7,86,2512,0.8059730823060258,0.13624716035758577
0.1,1,FLAIRax+FLAIRsag,0011000,2,Silent micro-hemorrhage of brain,8,77,2512,0.6846635910290941,0.08586589108455947
0.1,1,FLAIRax+FLAIRsag,0011000,2,Gliosis,11,1027,2512,0.714158134411299,0.6295545596647737
0.1,1,FLAIRax+FLAIRsag,0011000,2,Cerebral atrophy,12,324,2512,0.8984373236734603,0.6439639187201053
0.1,1,FLAIRax+FLAIRsag,0011000,2,Encephalomalacia,13,84,2512,0.6903438063858163,0.13739647580213507
0.1,1,FLAIRax+FLAIRsag,0011000,2,Arachnoid cyst,14,69,2512,0.731163276323361,0.0980159288008521
0.1,1,FLAIRax+FLAIRsag,0011000,2,Empty sella syndrome,15,72,2512,0.6120560109289618,0.043062515401562675
0.1,1,FLAIRax+FLAIRsag,0011000,2,Cyst of pineal gland,19,27,2512,0.5772710336090618,0.014408728945713772
0.1,1,FLAIRax+FLAIRsag,0011000,2,Cerebral edema,22,197,2512,0.8340309831051079,0.5219399055043811
0.1,1,FLAIRax+FLAIRsag,0011000,2,Mastoiditis,24,62,2512,0.6868400263331139,0.072292556190211
0.1,1,FLAIRax+FLAIRsag,0011000,2,Chronic mastoiditis,25,25,2512,0.6615842380377964,0.09227740998320891
0.1,1,FLAIRax+FLAIRsag,0011000,2,Ventriculomegaly,26,304,2512,0.877026125095347,0.5229715744025758
0.1,1,FLAIRax+FLAIRsag,0011000,2,Cerebellar degeneration,27,94,2512,0.7616018161659891,0.14167521904424316
0.1,1,FLAIRax+FLAIRsag,0011000,2,Mega cisterna magna,28,20,2512,0.5658507223113964,0.012778482406258661
0.1,1,FLAIRax+FLAIRsag,0011000,2,Foraminal Spinal Stenosis,33,25,2512,0.5067470848411741,0.013808343144938173
0.1,1,T2ax+FLAIRcor,0100001,2,Cerebral infarction,0,161,2512,0.7714518204226563,0.19983412167993814
0.1,1,T2ax+FLAIRcor,0100001,2,Cerebral hemorrhage,1,127,2512,0.7830040112910415,0.23759381855318515
0.1,1,T2ax+FLAIRcor,0100001,2,Metastatic malignant neoplasm to brain,2,144,2512,0.756786082957958,0.1899169174090877
0.1,1,T2ax+FLAIRcor,0100001,2,Intracranial meningioma,3,62,2512,0.6221000658327847,0.041027637288680315
0.1,1,T2ax+FLAIRcor,0100001,2,Demyelinating disease of central nervous system,4,66,2512,0.7346564582868752,0.08196404568421656
0.1,1,T2ax+FLAIRcor,0100001,2,Herniation of nucleus pulposus,5,42,2512,0.6088297667245036,0.026203542812114556
0.1,1,T2ax+FLAIRcor,0100001,2,Spinal cord compression,6,23,2512,0.5705626495711565,0.016670614652098063
0.1,1,T2ax+FLAIRcor,0100001,2,Lacunar infarct,7,86,2512,0.8579775302440614,0.1708648797154348
0.1,1,T2ax+FLAIRcor,0100001,2,Silent micro-hemorrhage of brain,8,77,2512,0.6900984026240701,0.059587035798829256
0.1,1,T2ax+FLAIRcor,0100001,2,Gliosis,11,1027,2512,0.7334395562243664,0.6748757350979945
0.1,1,T2ax+FLAIRcor,0100001,2,Cerebral atrophy,12,324,2512,0.8925846931636083,0.6359188990860196
0.1,1,T2ax+FLAIRcor,0100001,2,Encephalomalacia,13,84,2512,0.6223032870479329,0.11214636449643504
0.1,1,T2ax+FLAIRcor,0100001,2,Arachnoid cyst,14,69,2512,0.6163602603119235,0.051086248549237205
0.1,1,T2ax+FLAIRcor,0100001,2,Empty sella syndrome,15,72,2512,0.6907786885245901,0.05814687155096203
0.1,1,T2ax+FLAIRcor,0100001,2,Cyst of pineal gland,19,27,2512,0.6145465384902005,0.016006066170837756
0.1,1,T2ax+FLAIRcor,0100001,2,Cerebral edema,22,197,2512,0.8453673350801987,0.4346403282855369
0.1,1,T2ax+FLAIRcor,0100001,2,Mastoiditis,24,62,2512,0.6211915734035549,0.03544150601982486
0.1,1,T2ax+FLAIRcor,0100001,2,Chronic mastoiditis,25,25,2512,0.6612303980699638,0.01949608009120202
0.1,1,T2ax+FLAIRcor,0100001,2,Ventriculomegaly,26,304,2512,0.8722155677917619,0.5383703081544495
0.1,1,T2ax+FLAIRcor,0100001,2,Cerebellar degeneration,27,94,2512,0.7320803195888989,0.13070377979195832
0.1,1,T2ax+FLAIRcor,0100001,2,Mega cisterna magna,28,20,2512,0.6008426966292134,0.02977289352524317
0.1,1,T2ax+FLAIRcor,0100001,2,Foraminal Spinal Stenosis,33,25,2512,0.6481865701648573,0.019474549731779894
0.1,1,T2ax+T1sag,0100010,2,Cerebral infarction,0,161,2512,0.7414896792959781,0.2064353063348231
0.1,1,T2ax+T1sag,0100010,2,Cerebral hemorrhage,1,127,2512,0.7816702157513331,0.20203626805423672
0.1,1,T2ax+T1sag,0100010,2,Metastatic malignant neoplasm to brain,2,144,2512,0.7630618900150149,0.17147177048972065
0.1,1,T2ax+T1sag,0100010,2,Intracranial meningioma,3,62,2512,0.6363791968400263,0.04816446161524062
0.1,1,T2ax+T1sag,0100010,2,Demyelinating disease of central nervous system,4,66,2512,0.7546148318838425,0.11582670323067532
0.1,1,T2ax+T1sag,0100010,2,Herniation of nucleus pulposus,5,42,2512,0.6911123963755543,0.033014421086759185
0.1,1,T2ax+T1sag,0100010,2,Spinal cord compression,6,23,2512,0.5324995196254825,0.013536799344684861
0.1,1,T2ax+T1sag,0100010,2,Lacunar infarct,7,86,2512,0.8172031672386357,0.14673090658651666
0.1,1,T2ax+T1sag,0100010,2,Silent micro-hemorrhage of brain,8,77,2512,0.6008586895650552,0.04821769643874155
0.1,1,T2ax+T1sag,0100010,2,Gliosis,11,1027,2512,0.7260459184509818,0.6655876921799415
0.1,1,T2ax+T1sag,0100010,2,Cerebral atrophy,12,324,2512,0.8829981718464351,0.613780695586666
0.1,1,T2ax+T1sag,0100010,2,Encephalomalacia,13,84,2512,0.7016307758688319,0.12451295845199749
0.1,1,T2ax+T1sag,0100010,2,Arachnoid cyst,14,69,2512,0.5870662703850694,0.036385468948074186
0.1,1,T2ax+T1sag,0100010,2,Empty sella syndrome,15,72,2512,0.5696209016393443,0.041651527427513574
0.1,1,T2ax+T1sag,0100010,2,Cyst of pineal gland,19,27,2512,0.5251210969520829,0.020069503704373833
0.1,1,T2ax+T1sag,0100010,2,Cerebral edema,22,197,2512,0.8393417460613304,0.415454812633972
0.1,1,T2ax+T1sag,0100010,2,Mastoiditis,24,62,2512,0.5347926267281106,0.05279939576437815
0.1,1,T2ax+T1sag,0100010,2,Chronic mastoiditis,25,25,2512,0.6511298753518295,0.023877039148764018
0.1,1,T2ax+T1sag,0100010,2,Ventriculomegaly,26,304,2512,0.8903642853737607,0.5565267208975392
0.1,1,T2ax+T1sag,0100010,2,Cerebellar degeneration,27,94,2512,0.7771764954331873,0.1337678140777662
0.1,1,T2ax+T1sag,0100010,2,Mega cisterna magna,28,20,2512,0.5846709470304976,0.01121225661334444
0.1,1,T2ax+T1sag,0100010,2,Foraminal Spinal Stenosis,33,25,2512,0.5771290711700845,0.015870707977328424
0.1,1,T2ax+SWIax,0100100,2,Cerebral infarction,0,161,2512,0.7901170639690788,0.2360456988880541
0.1,1,T2ax+SWIax,0100100,2,Cerebral hemorrhage,1,127,2512,0.8225028475214183,0.3142141838832678
0.1,1,T2ax+SWIax,0100100,2,Metastatic malignant neoplasm to brain,2,144,2512,0.7492756428303303,0.1564962853703568
0.1,1,T2ax+SWIax,0100100,2,Intracranial meningioma,3,62,2512,0.6566425279789335,0.04935463640027268
0.1,1,T2ax+SWIax,0100100,2,Demyelinating disease of central nervous system,4,66,2512,0.7315035060333506,0.06443532885563975
0.1,1,T2ax+SWIax,0100100,2,Herniation of nucleus pulposus,5,42,2512,0.7082899556583767,0.03706508993268547
0.1,1,T2ax+SWIax,0100100,2,Spinal cord compression,6,23,2512,0.48718710150750255,0.009816281429103364
0.1,1,T2ax+SWIax,0100100,2,Lacunar infarct,7,86,2512,0.8157077397956248,0.1438405350349321
0.1,1,T2ax+SWIax,0100100,2,Silent micro-hemorrhage of brain,8,77,2512,0.6946265233739566,0.07221753358772343
0.1,1,T2ax+SWIax,0100100,2,Gliosis,11,1027,2512,0.7167501040918762,0.6440627367462131
0.1,1,T2ax+SWIax,0100100,2,Cerebral atrophy,12,324,2512,0.891728451486221,0.6039829261329893
0.1,1,T2ax+SWIax,0100100,2,Encephalomalacia,13,84,2512,0.6533007766533302,0.10425573177261326
0.1,1,T2ax+SWIax,0100100,2,Arachnoid cyst,14,69,2512,0.6647861087876037,0.050154237293364885
0.1,1,T2ax+SWIax,0100100,2,Empty sella syndrome,15,72,2512,0.6225466757741348,0.04654381193061595
0.1,1,T2ax+SWIax,0100100,2,Cyst of pineal gland,19,27,2512,0.6594232059020791,0.03560593797452441
0.1,1,T2ax+SWIax,0100100,2,Cerebral edema,22,197,2512,0.8220412011709114,0.4207637627649137
0.1,1,T2ax+SWIax,0100100,2,Mastoiditis,24,62,2512,0.6433377221856484,0.07018247556390884
0.1,1,T2ax+SWIax,0100100,2,Chronic mastoiditis,25,25,2512,0.6313470044229996,0.038575123551480815
0.1,1,T2ax+SWIax,0100100,2,Ventriculomegaly,26,304,2512,0.8798969655797103,0.543602933956202
0.1,1,T2ax+SWIax,0100100,2,Cerebellar degeneration,27,94,2512,0.7493092585748728,0.12012895994339916
0.1,1,T2ax+SWIax,0100100,2,Mega cisterna magna,28,20,2512,0.791131621187801,0.04406261091886095
0.1,1,T2ax+SWIax,0100100,2,Foraminal Spinal Stenosis,33,25,2512,0.5673019702452755,0.01390522994132202
0.1,1,T2ax+FLAIRsag,0101000,2,Cerebral infarction,0,161,2512,0.7832929558189855,0.20258122246575133
0.1,1,T2ax+FLAIRsag,0101000,2,Cerebral hemorrhage,1,127,2512,0.7921358886742931,0.22395510736556984
0.1,1,T2ax+FLAIRsag,0101000,2,Metastatic malignant neoplasm to brain,2,144,2512,0.7340876032282283,0.16172474386436794
0.1,1,T2ax+FLAIRsag,0101000,2,Intracranial meningioma,3,62,2512,0.6447662936142199,0.04700726605273194
0.1,1,T2ax+FLAIRsag,0101000,2,Demyelinating disease of central nervous system,4,66,2512,0.7019128323298397,0.0721230088635417
0.1,1,T2ax+FLAIRsag,0101000,2,Herniation of nucleus pulposus,5,42,2512,0.6971949103528051,0.03158060782884936
0.1,1,T2ax+FLAIRsag,0101000,2,Spinal cord compression,6,23,2512,0.5267524935804496,0.01107822087231583
0.1,1,T2ax+FLAIRsag,0101000,2,Lacunar infarct,7,86,2512,0.8403008109818055,0.14867301656561419
0.1,1,T2ax+FLAIRsag,0101000,2,Silent micro-hemorrhage of brain,8,77,2512,0.6521507240193072,0.05366857313999793
0.1,1,T2ax+FLAIRsag,0101000,2,Gliosis,11,1027,2512,0.7290162252187569,0.6556121557333223
0.1,1,T2ax+FLAIRsag,0101000,2,Cerebral atrophy,12,324,2512,0.8905618750987427,0.6379525026269031
0.1,1,T2ax+FLAIRsag,0101000,2,Encephalomalacia,13,84,2512,0.6400231427002431,0.11862031259898125
0.1,1,T2ax+FLAIRsag,0101000,2,Arachnoid cyst,14,69,2512,0.6478670202352773,0.04740405496544442
0.1,1,T2ax+FLAIRsag,0101000,2,Empty sella syndrome,15,72,2512,0.6237647996357013,0.046417148005484854
0.1,1,T2ax+FLAIRsag,0101000,2,Cyst of pineal gland,19,27,2512,0.6156941649899397,0.018010660111624163
0.1,1,T2ax+FLAIRsag,0101000,2,Cerebral edema,22,197,2512,0.8432623258159653,0.4629722004969526
0.1,1,T2ax+FLAIRsag,0101000,2,Mastoiditis,24,62,2512,0.6659842001316656,0.04675058988438857
0.1,1,T2ax+FLAIRsag,0101000,2,Chronic mastoiditis,25,25,2512,0.759469240048251,0.03632018178213911
0.1,1,T2ax+FLAIRsag,0101000,2,Ventriculomegaly,26,304,2512,0.8606577159610983,0.49761012439036983
0.1,1,T2ax+FLAIRsag,0101000,2,Cerebellar degeneration,27,94,2512,0.7468234693697974,0.15508990611988474
0.1,1,T2ax+FLAIRsag,0101000,2,Mega cisterna magna,28,20,2512,0.6532102728731942,0.016328128913356763
0.1,1,T2ax+FLAIRsag,0101000,2,Foraminal Spinal Stenosis,33,25,2512,0.5490148773622838,0.01414157426321919
0.1,1,T2ax+FLAIRax,0110000,2,Cerebral infarction,0,161,2512,0.7884843505208567,0.2207919986643664
0.1,1,T2ax+FLAIRax,0110000,2,Cerebral hemorrhage,1,127,2512,0.7773915053071195,0.2248998753829058
0.1,1,T2ax+FLAIRax,0110000,2,Metastatic malignant neoplasm to brain,2,144,2512,0.7540528810060061,0.17542605028492025
0.1,1,T2ax+FLAIRax,0110000,2,Intracranial meningioma,3,62,2512,0.6555233706385779,0.05567386149522104
0.1,1,T2ax+FLAIRax,0110000,2,Demyelinating disease of central nervous system,4,66,2512,0.768663742907406,0.127826812371597
0.1,1,T2ax+FLAIRax,0110000,2,Herniation of nucleus pulposus,5,42,2512,0.6807499518025834,0.03220069696090138
0.1,1,T2ax+FLAIRax,0110000,2,Spinal cord compression,6,23,2512,0.6000314426956871,0.01850845967095907
0.1,1,T2ax+FLAIRax,0110000,2,Lacunar infarct,7,86,2512,0.8459422151498304,0.16304894607884687
0.1,1,T2ax+FLAIRax,0110000,2,Silent micro-hemorrhage of brain,8,77,2512,0.6658257553534761,0.05460157830573997
0.1,1,T2ax+FLAIRax,0110000,2,Gliosis,11,1027,2512,0.7375776590966465,0.6682550380399515
0.1,1,T2ax+FLAIRax,0110000,2,Cerebral atrophy,12,324,2512,0.891896314352134,0.648872666743043
0.1,1,T2ax+FLAIRax,0110000,2,Encephalomalacia,13,84,2512,0.6442104024476347,0.11842969171085752
0.1,1,T2ax+FLAIRax,0110000,2,Arachnoid cyst,14,69,2512,0.614972088249776,0.048992084803716564
0.1,1,T2ax+FLAIRax,0110000,2,Empty sella syndrome,15,72,2512,0.629832650273224,0.04371228643044738
0.1,1,T2ax+FLAIRax,0110000,2,Cyst of pineal gland,19,27,2512,0.6097920858484239,0.014177165384423419
0.1,1,T2ax+FLAIRax,0110000,2,Cerebral edema,22,197,2512,0.8340923792086481,0.4756394943949315
0.1,1,T2ax+FLAIRax,0110000,2,Mastoiditis,24,62,2512,0.6274786043449638,0.05172119312264114
0.1,1,T2ax+FLAIRax,0110000,2,Chronic mastoiditis,25,25,2512,0.7102533172496984,0.027629420533023433
0.1,1,T2ax+FLAIRax,0110000,2,Ventriculomegaly,26,304,2512,0.8767996758199847,0.5370678023858858
0.1,1,T2ax+FLAIRax,0110000,2,Cerebellar degeneration,27,94,2512,0.7451076148742587,0.14096416727528027
0.1,1,T2ax+FLAIRax,0110000,2,Mega cisterna magna,28,20,2512,0.7216292134831461,0.03305441276680516
0.1,1,T2ax+FLAIRax,0110000,2,Foraminal Spinal Stenosis,33,25,2512,0.5106071572175312,0.012226386696775173
0.1,1,T1ax+FLAIRcor,1000001,2,Cerebral infarction,0,161,2512,0.7524325581026707,0.18094138690630732
0.1,1,T1ax+FLAIRcor,1000001,2,Cerebral hemorrhage,1,127,2512,0.7885339804222586,0.24986229522092257
0.1,1,T1ax+FLAIRcor,1000001,2,Metastatic malignant neoplasm to brain,2,144,2512,0.7278704485735735,0.17772105179889203
0.1,1,T1ax+FLAIRcor,1000001,2,Intracranial meningioma,3,62,2512,0.6881764318630679,0.054858316964554475
0.1,1,T1ax+FLAIRcor,1000001,2,Demyelinating disease of central nervous system,4,66,2512,0.7643524368790109,0.09584328717555388
0.1,1,T1ax+FLAIRcor,1000001,2,Herniation of nucleus pulposus,5,42,2512,0.6601407364565259,0.028635704944161913
0.1,1,T1ax+FLAIRcor,1000001,2,Spinal cord compression,6,23,2512,0.6087829929952662,0.014208519017730088
0.1,1,T1ax+FLAIRcor,1000001,2,Lacunar infarct,7,86,2512,0.8176680917962384,0.132471781370598
0.1,1,T1ax+FLAIRcor,1000001,2,Silent micro-hemorrhage of brain,8,77,2512,0.709336248966639,0.06693189932960042
0.1,1,T1ax+FLAIRcor,1000001,2,Gliosis,11,1027,2512,0.7210468856038476,0.639450566633089
0.1,1,T1ax+FLAIRcor,1000001,2,Cerebral atrophy,12,324,2512,0.8992907441262102,0.6333848613398528
0.1,1,T1ax+FLAIRcor,1000001,2,Encephalomalacia,13,84,2512,0.6965413430611125,0.12132741216208338
0.1,1,T1ax+FLAIRcor,1000001,2,Arachnoid cyst,14,69,2512,0.6315767617623854,0.062485865347736785
0.1,1,T1ax+FLAIRcor,1000001,2,Empty sella syndrome,15,72,2512,0.7324510473588343,0.06909147284643448
0.1,1,T1ax+FLAIRcor,1000001,2,Cyst of pineal gland,19,27,2512,0.6650272002384677,0.02344188182803219
0.1,1,T1ax+FLAIRcor,1000001,2,Cerebral edema,22,197,2512,0.8175022749449079,0.42016867917901235
0.1,1,T1ax+FLAIRcor,1000001,2,Mastoiditis,24,62,2512,0.5487096774193548,0.03515946325509296
0.1,1,T1ax+FLAIRcor,1000001,2,Chronic mastoiditis,25,25,2512,0.6509368717330116,0.01643809094384542
0.1,1,T1ax+FLAIRcor,1000001,2,Ventriculomegaly,26,304,2512,0.8800533943554538,0.5266442079027088
0.1,1,T1ax+FLAIRcor,1000001,2,Cerebellar degeneration,27,94,2512,0.7607086919029268,0.12564840278571549
0.1,1,T1ax+FLAIRcor,1000001,2,Mega cisterna magna,28,20,2512,0.5819020866773676,0.010537825256097023
0.1,1,T1ax+FLAIRcor,1000001,2,Foraminal Spinal Stenosis,33,25,2512,0.7039967832730197,0.020919811992155056
0.1,1,T1ax+T1sag,1000010,2,Cerebral infarction,0,161,2512,0.7176092636673703,0.16866599056090006
0.1,1,T1ax+T1sag,1000010,2,Cerebral hemorrhage,1,127,2512,0.7902738572772743,0.22420627818164238
0.1,1,T1ax+T1sag,1000010,2,Metastatic malignant neoplasm to brain,2,144,2512,0.7256035332207209,0.16168687064353415
0.1,1,T1ax+T1sag,1000010,2,Intracranial meningioma,3,62,2512,0.6100921658986175,0.04424717579507617
0.1,1,T1ax+T1sag,1000010,2,Demyelinating disease of central nervous system,4,66,2512,0.7547573032037465,0.16852680761922026
0.1,1,T1ax+T1sag,1000010,2,Herniation of nucleus pulposus,5,42,2512,0.6519953730480046,0.03053473968551139
0.1,1,T1ax+T1sag,1000010,2,Spinal cord compression,6,23,2512,0.5870525966426188,0.013114685704189975
0.1,1,T1ax+T1sag,1000010,2,Lacunar infarct,7,86,2512,0.7898205487068387,0.13870118120151192
0.1,1,T1ax+T1sag,1000010,2,Silent micro-hemorrhage of brain,8,77,2512,0.6890103736099629,0.059001631312060085
0.1,1,T1ax+T1sag,1000010,2,Gliosis,11,1027,2512,0.7177238139263457,0.6375310263209927
0.1,1,T1ax+T1sag,1000010,2,Cerebral atrophy,12,324,2512,0.8827132281580787,0.6051863481787152
0.1,1,T1ax+T1sag,1000010,2,Encephalomalacia,13,84,2512,0.6908831489762296,0.13582453073283138
0.1,1,T1ax+T1sag,1000010,2,Arachnoid cyst,14,69,2512,0.618395059531225,0.0504788336457337
0.1,1,T1ax+T1sag,1000010,2,Empty sella syndrome,15,72,2512,0.6290300546448088,0.04175821951718488
0.1,1,T1ax+T1sag,1000010,2,Cyst of pineal gland,19,27,2512,0.5932334749236158,0.026239645455072312
0.1,1,T1ax+T1sag,1000010,2,Cerebral edema,22,197,2512,0.8316650404008288,0.3951495546106239
0.1,1,T1ax+T1sag,1000010,2,Mastoiditis,24,62,2512,0.5594470046082948,0.05745212180518429
0.1,1,T1ax+T1sag,1000010,2,Chronic mastoiditis,25,25,2512,0.569859268194612,0.016255674100892976
0.1,1,T1ax+T1sag,1000010,2,Ventriculomegaly,26,304,2512,0.8829391328184593,0.5183550381604108
0.1,1,T1ax+T1sag,1000010,2,Cerebellar degeneration,27,94,2512,0.7798778663569329,0.1253286777700553
0.1,1,T1ax+T1sag,1000010,2,Mega cisterna magna,28,20,2512,0.6573635634028893,0.01286670671474436
0.1,1,T1ax+T1sag,1000010,2,Foraminal Spinal Stenosis,33,25,2512,0.5470526739043023,0.012818690395737322
0.1,1,T1ax+SWIax,1000100,2,Cerebral infarction,0,161,2512,0.7353154862077984,0.19254513764168504
0.1,1,T1ax+SWIax,1000100,2,Cerebral hemorrhage,1,127,2512,0.7992142491622509,0.2733470610964978
0.1,1,T1ax+SWIax,1000100,2,Metastatic malignant neoplasm to brain,2,144,2512,0.764578054617117,0.19690538278578076
0.1,1,T1ax+SWIax,1000100,2,Intracranial meningioma,3,62,2512,0.6242132982225148,0.042953070215895
0.1,1,T1ax+SWIax,1000100,2,Demyelinating disease of central nervous system,4,66,2512,0.7427153794692634,0.0875740947128385
0.1,1,T1ax+SWIax,1000100,2,Herniation of nucleus pulposus,5,42,2512,0.679786003470214,0.03409484404289196
0.1,1,T1ax+SWIax,1000100,2,Spinal cord compression,6,23,2512,0.5707373312138627,0.013317498842674684
0.1,1,T1ax+SWIax,1000100,2,Lacunar infarct,7,86,2512,0.8124149235989954,0.13584183398107894
0.1,1,T1ax+SWIax,1000100,2,Silent micro-hemorrhage of brain,8,77,2512,0.746366569775194,0.08236331665885752
0.1,1,T1ax+SWIax,1000100,2,Gliosis,11,1027,2512,0.7220855094272816,0.6345932146232216
0.1,1,T1ax+SWIax,1000100,2,Cerebral atrophy,12,324,2512,0.8863935156972939,0.5956695944586032
0.1,1,T1ax+SWIax,1000100,2,Encephalomalacia,13,84,2512,0.6724621479563819,0.10997295620615868
0.1,1,T1ax+SWIax,1000100,2,Arachnoid cyst,14,69,2512,0.6299216335344403,0.04982227180390051
0.1,1,T1ax+SWIax,1000100,2,Empty sella syndrome,15,72,2512,0.6411714480874318,0.04591682664392857
0.1,1,T1ax+SWIax,1000100,2,Cyst of pineal gland,19,27,2512,0.6208510321186378,0.057887516544107495
0.1,1,T1ax+SWIax,1000100,2,Cerebral edema,22,197,2512,0.8294701296992688,0.44323723150832883
0.1,1,T1ax+SWIax,1000100,2,Mastoiditis,24,62,2512,0.5608492429229757,0.03923281177509933
0.1,1,T1ax+SWIax,1000100,2,Chronic mastoiditis,25,25,2512,0.6812545235223161,0.019812530994868918
0.1,1,T1ax+SWIax,1000100,2,Ventriculomegaly,26,304,2512,0.8778916976544622,0.5271031802702022
0.1,1,T1ax+SWIax,1000100,2,Cerebellar degeneration,27,94,2512,0.7215102159336889,0.1310689223089928
0.1,1,T1ax+SWIax,1000100,2,Mega cisterna magna,28,20,2512,0.7041934189406099,0.026580880151626612
0.1,1,T1ax+SWIax,1000100,2,Foraminal Spinal Stenosis,33,25,2512,0.5768073984720546,0.011530049255968285
0.1,1,T1ax+FLAIRsag,1001000,2,Cerebral infarction,0,161,2512,0.7299338724634159,0.17308380215355315
0.1,1,T1ax+FLAIRsag,1001000,2,Cerebral hemorrhage,1,127,2512,0.8091384803314681,0.22048761291420377
0.1,1,T1ax+FLAIRsag,1001000,2,Metastatic malignant neoplasm to brain,2,144,2512,0.7155446462087087,0.16053196664357097
0.1,1,T1ax+FLAIRsag,1001000,2,Intracranial meningioma,3,62,2512,0.6679394338380513,0.05158088837862236
0.1,1,T1ax+FLAIRsag,1001000,2,Demyelinating disease of central nervous system,4,66,2512,0.7279912782774599,0.0856093467582261
0.1,1,T1ax+FLAIRsag,1001000,2,Herniation of nucleus pulposus,5,42,2512,0.6689512242143821,0.03286438787461922
0.1,1,T1ax+FLAIRsag,1001000,2,Spinal cord compression,6,23,2512,0.501441123552326,0.009272556216080061
0.1,1,T1ax+FLAIRsag,1001000,2,Lacunar infarct,7,86,2512,0.7946183784198317,0.12901063206742555
0.1,1,T1ax+FLAIRsag,1001000,2,Silent micro-hemorrhage of brain,8,77,2512,0.6663857702872077,0.06692233845902988
0.1,1,T1ax+FLAIRsag,1001000,2,Gliosis,11,1027,2512,0.7048721555050669,0.6244921799456752
0.1,1,T1ax+FLAIRsag,1001000,2,Cerebral atrophy,12,324,2512,0.8984782314306994,0.6237457174308768
0.1,1,T1ax+FLAIRsag,1001000,2,Encephalomalacia,13,84,2512,0.7246508982505687,0.13644221654462255
0.1,1,T1ax+FLAIRsag,1001000,2,Arachnoid cyst,14,69,2512,0.625982546999116,0.05381571211588668
0.1,1,T1ax+FLAIRsag,1001000,2,Empty sella syndrome,15,72,2512,0.6389628870673952,0.05971600142455906
0.1,1,T1ax+FLAIRsag,1001000,2,Cyst of pineal gland,19,27,2512,0.5877636187495343,0.01456469040773995
0.1,1,T1ax+FLAIRsag,1001000,2,Cerebral edema,22,197,2512,0.8181469340320795,0.44070189005933813
0.1,1,T1ax+FLAIRsag,1001000,2,Mastoiditis,24,62,2512,0.6079460171165241,0.03663339303066671
0.1,1,T1ax+FLAIRsag,1001000,2,Chronic mastoiditis,25,25,2512,0.6846320868516285,0.024959759302820163
0.1,1,T1ax+FLAIRsag,1001000,2,Ventriculomegaly,26,304,2512,0.890499856979405,0.529501112663925
0.1,1,T1ax+FLAIRsag,1001000,2,Cerebellar degeneration,27,94,2512,0.7669341639828943,0.1508231481568847
0.1,1,T1ax+FLAIRsag,1001000,2,Mega cisterna magna,28,20,2512,0.5500601926163724,0.01297813010654993
0.1,1,T1ax+FLAIRsag,1001000,2,Foraminal Spinal Stenosis,33,25,2512,0.6089103337354242,0.012592395563013722
0.1,1,T1ax+FLAIRax,1010000,2,Cerebral infarction,0,161,2512,0.7445886645302252,0.18747592312915207
0.1,1,T1ax+FLAIRax,1010000,2,Cerebral hemorrhage,1,127,2512,0.7801515376615659,0.2253978166839273
0.1,1,T1ax+FLAIRax,1010000,2,Metastatic malignant neoplasm to brain,2,144,2512,0.7691734703453454,0.18611423605122507
0.1,1,T1ax+FLAIRax,1010000,2,Intracranial meningioma,3,62,2512,0.6973008558262014,0.08345914302832613
0.1,1,T1ax+FLAIRax,1010000,2,Demyelinating disease of central nervous system,4,66,2512,0.8298582720087218,0.20108653640280652
0.1,1,T1ax+FLAIRax,1010000,2,Herniation of nucleus pulposus,5,42,2512,0.6943705417389627,0.032498384601912095
0.1,1,T1ax+FLAIRax,1010000,2,Spinal cord compression,6,23,2512,0.5857075479937813,0.014358293542801057
0.1,1,T1ax+FLAIRax,1010000,2,Lacunar infarct,7,86,2512,0.7970244828313426,0.14837675066298164
0.1,1,T1ax+FLAIRax,1010000,2,Silent micro-hemorrhage of brain,8,77,2512,0.7064721725912692,0.07317328139381818
0.1,1,T1ax+FLAIRax,1010000,2,Gliosis,11,1027,2512,0.7282116851737105,0.6458933457162646
0.1,1,T1ax+FLAIRax,1010000,2,Cerebral atrophy,12,324,2512,0.890867977971878,0.6300004484230158
0.1,1,T1ax+FLAIRax,1010000,2,Encephalomalacia,13,84,2512,0.6482456656468188,0.12794856085688788
0.1,1,T1ax+FLAIRax,1010000,2,Arachnoid cyst,14,69,2512,0.6308708110128317,0.058448488826267256
0.1,1,T1ax+FLAIRax,1010000,2,Empty sella syndrome,15,72,2512,0.6746527777777778,0.0647582633572291
0.1,1,T1ax+FLAIRax,1010000,2,Cyst of pineal gland,19,27,2512,0.5653029286832103,0.013606848489727296
0.1,1,T1ax+FLAIRax,1010000,2,Cerebral edema,22,197,2512,0.8369275635614125,0.45374126911982804
0.1,1,T1ax+FLAIRax,1010000,2,Mastoiditis,24,62,2512,0.6194075049374588,0.05786672080014638
0.1,1,T1ax+FLAIRax,1010000,2,Chronic mastoiditis,25,25,2512,0.6878005629272216,0.023297490950804498
0.1,1,T1ax+FLAIRax,1010000,2,Ventriculomegaly,26,304,2512,0.8901676320556827,0.5422447114202571
0.1,1,T1ax+FLAIRax,1010000,2,Cerebellar degeneration,27,94,2512,0.7629701001355086,0.16207849402625862
0.1,1,T1ax+FLAIRax,1010000,2,Mega cisterna magna,28,20,2512,0.667817014446228,0.018617348749509904
0.1,1,T1ax+FLAIRax,1010000,2,Foraminal Spinal Stenosis,33,25,2512,0.6300281463610776,0.013810515811435938
0.1,1,T1ax+T2ax,1100000,2,Cerebral infarction,0,161,2512,0.7656342880391851,0.24105706361129012
0.1,1,T1ax+T2ax,1100000,2,Cerebral hemorrhage,1,127,2512,0.7851004473497416,0.20703372879839615
0.1,1,T1ax+T2ax,1100000,2,Metastatic malignant neoplasm to brain,2,144,2512,0.708031273460961,0.16244193573151117
0.1,1,T1ax+T2ax,1100000,2,Intracranial meningioma,3,62,2512,0.681540487162607,0.05739199134714815
0.1,1,T1ax+T2ax,1100000,2,Demyelinating disease of central nervous system,4,66,2512,0.8331846676082163,0.12917838504209378
0.1,1,T1ax+T2ax,1100000,2,Herniation of nucleus pulposus,5,42,2512,0.645777906304222,0.033684130758783334
0.1,1,T1ax+T2ax,1100000,2,Spinal cord compression,6,23,2512,0.49487309378657396,0.011854837268823833
0.1,1,T1ax+T2ax,1100000,2,Lacunar infarct,7,86,2512,0.8323012327690331,0.1532134289375681
0.1,1,T1ax+T2ax,1100000,2,Silent micro-hemorrhage of brain,8,77,2512,0.6289661057628204,0.054074346241301155
0.1,1,T1ax+T2ax,1100000,2,Gliosis,11,1027,2512,0.7344893268943902,0.6524663167672483
0.1,1,T1ax+T2ax,1100000,2,Cerebral atrophy,12,324,2512,0.89089619021825,0.6268307666507487
0.1,1,T1ax+T2ax,1100000,2,Encephalomalacia,13,84,2512,0.640567388405115,0.08500563881449574
0.1,1,T1ax+T2ax,1100000,2,Arachnoid cyst,14,69,2512,0.5620198496740169,0.040973866096477685
0.1,1,T1ax+T2ax,1100000,2,Empty sella syndrome,15,72,2512,0.6285120673952641,0.04513695630372335
0.1,1,T1ax+T2ax,1100000,2,Cyst of pineal gland,19,27,2512,0.5702213279678068,0.013723145187400584
0.1,1,T1ax+T2ax,1100000,2,Cerebral edema,22,197,2512,0.8223766870223987,0.4050102284158965
0.1,1,T1ax+T2ax,1100000,2,Mastoiditis,24,62,2512,0.5465240289664253,0.04705083928674554
0.1,1,T1ax+T2ax,1100000,2,Chronic mastoiditis,25,25,2512,0.6370406111781263,0.023563020870722977
0.1,1,T1ax+T2ax,1100000,2,Ventriculomegaly,26,304,2512,0.8854390136346301,0.56063296683025
0.1,1,T1ax+T2ax,1100000,2,Cerebellar degeneration,27,94,2512,0.7386005666719462,0.11708415261524412
0.1,1,T1ax+T2ax,1100000,2,Mega cisterna magna,28,20,2512,0.7246187800963082,0.02135462102740099
0.1,1,T1ax+T2ax,1100000,2,Foraminal Spinal Stenosis,33,25,2512,0.5969923602734218,0.01255270634481067
0.1,1,SWIax+T1sag+FLAIRcor,0000111,3,Cerebral infarction,0,161,2512,0.7430986153638862,0.18138977873938156
0.1,1,SWIax+T1sag+FLAIRcor,0000111,3,Cerebral hemorrhage,1,127,2512,0.8011984351012726,0.3222402407572569
0.1,1,SWIax+T1sag+FLAIRcor,0000111,3,Metastatic malignant neoplasm to brain,2,144,2512,0.7613639029654655,0.2080815293091076
0.1,1,SWIax+T1sag+FLAIRcor,0000111,3,Intracranial meningioma,3,62,2512,0.6060895325872285,0.03674688639411537
0.1,1,SWIax+T1sag+FLAIRcor,0000111,3,Demyelinating disease of central nervous system,4,66,2512,0.6681471295126241,0.07658818104970117
0.1,1,SWIax+T1sag+FLAIRcor,0000111,3,Herniation of nucleus pulposus,5,42,2512,0.6522845575477154,0.030076684882803767
0.1,1,SWIax+T1sag+FLAIRcor,0000111,3,Spinal cord compression,6,23,2512,0.6070885810610164,0.01737007987497958
0.1,1,SWIax+T1sag+FLAIRcor,0000111,3,Lacunar infarct,7,86,2512,0.8500594336547863,0.160233067205352
0.1,1,SWIax+T1sag+FLAIRcor,0000111,3,Silent micro-hemorrhage of brain,8,77,2512,0.7569588522360596,0.08242054449486062
0.1,1,SWIax+T1sag+FLAIRcor,0000111,3,Gliosis,11,1027,2512,0.7248853350119173,0.6450766402935745
0.1,1,SWIax+T1sag+FLAIRcor,0000111,3,Cerebral atrophy,12,324,2512,0.8848587694946622,0.6089818691625998
0.1,1,SWIax+T1sag+FLAIRcor,0000111,3,Encephalomalacia,13,84,2512,0.6930699380246332,0.14158409348837395
0.1,1,SWIax+T1sag+FLAIRcor,0000111,3,Arachnoid cyst,14,69,2512,0.6057591343501397,0.049573235097642186
0.1,1,SWIax+T1sag+FLAIRcor,0000111,3,Empty sella syndrome,15,72,2512,0.6629212204007287,0.048669949955619705
0.1,1,SWIax+T1sag+FLAIRcor,0000111,3,Cyst of pineal gland,19,27,2512,0.6665474327446158,0.023734474101510094
0.1,1,SWIax+T1sag+FLAIRcor,0000111,3,Cerebral edema,22,197,2512,0.8439968863404632,0.46563175282308883
0.1,1,SWIax+T1sag+FLAIRcor,0000111,3,Mastoiditis,24,62,2512,0.5949177090190916,0.03940628395478228
0.1,1,SWIax+T1sag+FLAIRcor,0000111,3,Chronic mastoiditis,25,25,2512,0.598021712907117,0.014589206496873987
0.1,1,SWIax+T1sag+FLAIRcor,0000111,3,Ventriculomegaly,26,304,2512,0.8723973231311977,0.5061856152453386
0.1,1,SWIax+T1sag+FLAIRcor,0000111,3,Cerebellar degeneration,27,94,2512,0.7542192422082608,0.13014509145526254
0.1,1,SWIax+T1sag+FLAIRcor,0000111,3,Mega cisterna magna,28,20,2512,0.5919943820224719,0.012918820244351658
0.1,1,SWIax+T1sag+FLAIRcor,0000111,3,Foraminal Spinal Stenosis,33,25,2512,0.6685484519501408,0.01940641658884989
0.1,1,FLAIRsag+T1sag+FLAIRcor,0001011,3,Cerebral infarction,0,161,2512,0.7199790759053237,0.17717594519497104
0.1,1,FLAIRsag+T1sag+FLAIRcor,0001011,3,Cerebral hemorrhage,1,127,2512,0.7598408689479852,0.22286419300705085
0.1,1,FLAIRsag+T1sag+FLAIRcor,0001011,3,Metastatic malignant neoplasm to brain,2,144,2512,0.7213541666666666,0.17611917768692606
0.1,1,FLAIRsag+T1sag+FLAIRcor,0001011,3,Intracranial meningioma,3,62,2512,0.6324358130348914,0.038489263724071826
0.1,1,FLAIRsag+T1sag+FLAIRcor,0001011,3,Demyelinating disease of central nervous system,4,66,2512,0.7147538343368272,0.09294572429968978
0.1,1,FLAIRsag+T1sag+FLAIRcor,0001011,3,Herniation of nucleus pulposus,5,42,2512,0.6189126662810873,0.028811273739099412
0.1,1,FLAIRsag+T1sag+FLAIRcor,0001011,3,Spinal cord compression,6,23,2512,0.5897426939402939,0.016456035817332994
0.1,1,FLAIRsag+T1sag+FLAIRcor,0001011,3,Lacunar infarct,7,86,2512,0.8190628654690466,0.13422022767638267
0.1,1,FLAIRsag+T1sag+FLAIRcor,0001011,3,Silent micro-hemorrhage of brain,8,77,2512,0.6436651644043841,0.060283243935901176
0.1,1,FLAIRsag+T1sag+FLAIRcor,0001011,3,Gliosis,11,1027,2512,0.7279697330330241,0.6443782242447599
0.1,1,FLAIRsag+T1sag+FLAIRcor,0001011,3,Cerebral atrophy,12,324,2512,0.8880777868056966,0.6320313302159047
0.1,1,FLAIRsag+T1sag+FLAIRcor,0001011,3,Encephalomalacia,13,84,2512,0.6789783870714678,0.16564183959286066
0.1,1,FLAIRsag+T1sag+FLAIRcor,0001011,3,Arachnoid cyst,14,69,2512,0.6432338476688794,0.06100142750711941
0.1,1,FLAIRsag+T1sag+FLAIRcor,0001011,3,Empty sella syndrome,15,72,2512,0.7016678051001821,0.05305008639252683
0.1,1,FLAIRsag+T1sag+FLAIRcor,0001011,3,Cyst of pineal gland,19,27,2512,0.6515537670467247,0.022727536753730872
0.1,1,FLAIRsag+T1sag+FLAIRcor,0001011,3,Cerebral edema,22,197,2512,0.8450077293308922,0.49148643090797894
0.1,1,FLAIRsag+T1sag+FLAIRcor,0001011,3,Mastoiditis,24,62,2512,0.5688610928242265,0.034299777963495766
0.1,1,FLAIRsag+T1sag+FLAIRcor,0001011,3,Chronic mastoiditis,25,25,2512,0.6196542018496181,0.024698566978502604
0.1,1,FLAIRsag+T1sag+FLAIRcor,0001011,3,Ventriculomegaly,26,304,2512,0.8763169813119757,0.5197333699818836
0.1,1,FLAIRsag+T1sag+FLAIRcor,0001011,3,Cerebellar degeneration,27,94,2512,0.7632340777502068,0.12355258081318815
0.1,1,FLAIRsag+T1sag+FLAIRcor,0001011,3,Mega cisterna magna,28,20,2512,0.5413121990369182,0.011365859529654448
0.1,1,FLAIRsag+T1sag+FLAIRcor,0001011,3,Foraminal Spinal Stenosis,33,25,2512,0.6568556493767592,0.0163353655595109
0.1,1,FLAIRsag+SWIax+FLAIRcor,0001101,3,Cerebral infarction,0,161,2512,0.7569106313951246,0.20655529473425022
0.1,1,FLAIRsag+SWIax+FLAIRcor,0001101,3,Cerebral hemorrhage,1,127,2512,0.8233876425824129,0.2970940320403085
0.1,1,FLAIRsag+SWIax+FLAIRcor,0001101,3,Metastatic malignant neoplasm to brain,2,144,2512,0.7648859797297296,0.2121520305013106
0.1,1,FLAIRsag+SWIax+FLAIRcor,0001101,3,Intracranial meningioma,3,62,2512,0.6796247531270574,0.04509951900809151
0.1,1,FLAIRsag+SWIax+FLAIRcor,0001101,3,Demyelinating disease of central nervous system,4,66,2512,0.6627332193562775,0.06984743522664735
0.1,1,FLAIRsag+SWIax+FLAIRcor,0001101,3,Herniation of nucleus pulposus,5,42,2512,0.7088876036244457,0.038256356241946655
0.1,1,FLAIRsag+SWIax+FLAIRcor,0001101,3,Spinal cord compression,6,23,2512,0.6237357416109142,0.01589970004358128
0.1,1,FLAIRsag+SWIax+FLAIRcor,0001101,3,Lacunar infarct,7,86,2512,0.8497622653808546,0.17226454301645064
0.1,1,FLAIRsag+SWIax+FLAIRcor,0001101,3,Silent micro-hemorrhage of brain,8,77,2512,0.743715832422198,0.09993912120304838
0.1,1,FLAIRsag+SWIax+FLAIRcor,0001101,3,Gliosis,11,1027,2512,0.7142309167625623,0.6330091580561399
0.1,1,FLAIRsag+SWIax+FLAIRcor,0001101,3,Cerebral atrophy,12,324,2512,0.8846612837700588,0.5992780629594187
0.1,1,FLAIRsag+SWIax+FLAIRcor,0001101,3,Encephalomalacia,13,84,2512,0.7093531811406606,0.17422312087753175
0.1,1,FLAIRsag+SWIax+FLAIRcor,0001101,3,Arachnoid cyst,14,69,2512,0.6278809019558989,0.06955352417272379
0.1,1,FLAIRsag+SWIax+FLAIRcor,0001101,3,Empty sella syndrome,15,72,2512,0.7100922131147541,0.0648765352652977
0.1,1,FLAIRsag+SWIax+FLAIRcor,0001101,3,Cyst of pineal gland,19,27,2512,0.67981220657277,0.020109510112206325
0.1,1,FLAIRsag+SWIax+FLAIRcor,0001101,3,Cerebral edema,22,197,2512,0.8472640361359922,0.4930163101132683
0.1,1,FLAIRsag+SWIax+FLAIRcor,0001101,3,Mastoiditis,24,62,2512,0.6664976958525346,0.053621894063750467
0.1,1,FLAIRsag+SWIax+FLAIRcor,0001101,3,Chronic mastoiditis,25,25,2512,0.6500361881785284,0.023204106031234798
0.1,1,FLAIRsag+SWIax+FLAIRcor,0001101,3,Ventriculomegaly,26,304,2512,0.8776652483791,0.4943191519767619
0.1,1,FLAIRsag+SWIax+FLAIRcor,0001101,3,Cerebellar degeneration,27,94,2512,0.7155377224011403,0.10761674928327306
0.1,1,FLAIRsag+SWIax+FLAIRcor,0001101,3,Mega cisterna magna,28,20,2512,0.6512841091492777,0.01316690144093458
0.1,1,FLAIRsag+SWIax+FLAIRcor,0001101,3,Foraminal Spinal Stenosis,33,25,2512,0.6725371934057097,0.018835396372818464
0.1,1,FLAIRsag+SWIax+T1sag,0001110,3,Cerebral infarction,0,161,2512,0.7364752939808883,0.18012800149152086
0.1,1,FLAIRsag+SWIax+T1sag,0001110,3,Cerebral hemorrhage,1,127,2512,0.7942950527410488,0.28657065500189177
0.1,1,FLAIRsag+SWIax+T1sag,0001110,3,Metastatic malignant neoplasm to brain,2,144,2512,0.7851738457207208,0.2014909787088867
0.1,1,FLAIRsag+SWIax+T1sag,0001110,3,Intracranial meningioma,3,62,2512,0.5970375246872943,0.038064553187970585
0.1,1,FLAIRsag+SWIax+T1sag,0001110,3,Demyelinating disease of central nervous system,4,66,2512,0.6754874996902798,0.06415366323346201
0.1,1,FLAIRsag+SWIax+T1sag,0001110,3,Herniation of nucleus pulposus,5,42,2512,0.6767592057065741,0.035351567346480775
0.1,1,FLAIRsag+SWIax+T1sag,0001110,3,Spinal cord compression,6,23,2512,0.587314619106678,0.0153459129533372
0.1,1,FLAIRsag+SWIax+T1sag,0001110,3,Lacunar infarct,7,86,2512,0.8373626794992235,0.14802320454024243
0.1,1,FLAIRsag+SWIax+T1sag,0001110,3,Silent micro-hemorrhage of brain,8,77,2512,0.7205632150190672,0.07038287950156297
0.1,1,FLAIRsag+SWIax+T1sag,0001110,3,Gliosis,11,1027,2512,0.712918867349247,0.6281105855570228
0.1,1,FLAIRsag+SWIax+T1sag,0001110,3,Cerebral atrophy,12,324,2512,0.8889805786895976,0.608003588287468
0.1,1,FLAIRsag+SWIax+T1sag,0001110,3,Encephalomalacia,13,84,2512,0.7435278889150388,0.16287915242791998
0.1,1,FLAIRsag+SWIax+T1sag,0001110,3,Arachnoid cyst,14,69,2512,0.6329886632614925,0.0499244991978768
0.1,1,FLAIRsag+SWIax+T1sag,0001110,3,Empty sella syndrome,15,72,2512,0.6091302367941712,0.04019548878583132
0.1,1,FLAIRsag+SWIax+T1sag,0001110,3,Cyst of pineal gland,19,27,2512,0.6193606080930024,0.045647855800529186
0.1,1,FLAIRsag+SWIax+T1sag,0001110,3,Cerebral edema,22,197,2512,0.8596726272050521,0.4802558057271377
0.1,1,FLAIRsag+SWIax+T1sag,0001110,3,Mastoiditis,24,62,2512,0.5824950625411456,0.03624960722778264
0.1,1,FLAIRsag+SWIax+T1sag,0001110,3,Chronic mastoiditis,25,25,2512,0.5756815440289507,0.03474481297067699
0.1,1,FLAIRsag+SWIax+T1sag,0001110,3,Ventriculomegaly,26,304,2512,0.8893333452517164,0.5364032592789314
0.1,1,FLAIRsag+SWIax+T1sag,0001110,3,Cerebellar degeneration,27,94,2512,0.7707090438730796,0.12584786950235766
0.1,1,FLAIRsag+SWIax+T1sag,0001110,3,Mega cisterna magna,28,20,2512,0.6182784911717496,0.011975312839535814
0.1,1,FLAIRsag+SWIax+T1sag,0001110,3,Foraminal Spinal Stenosis,33,25,2512,0.6119983916365099,0.014851772432417256
0.1,1,FLAIRax+T1sag+FLAIRcor,0010011,3,Cerebral infarction,0,161,2512,0.7267714808816654,0.1680718676544716
0.1,1,FLAIRax+T1sag+FLAIRcor,0010011,3,Cerebral hemorrhage,1,127,2512,0.7760973274567095,0.24369382678436094
0.1,1,FLAIRax+T1sag+FLAIRcor,0010011,3,Metastatic malignant neoplasm to brain,2,144,2512,0.7601791244369369,0.20611188260321617
0.1,1,FLAIRax+T1sag+FLAIRcor,0010011,3,Intracranial meningioma,3,62,2512,0.6226464779460171,0.038728878308969844
0.1,1,FLAIRax+T1sag+FLAIRcor,0010011,3,Demyelinating disease of central nervous system,4,66,2512,0.7364900022299858,0.12600790520050856
0.1,1,FLAIRax+T1sag+FLAIRcor,0010011,3,Herniation of nucleus pulposus,5,42,2512,0.6510025062656641,0.02998588453746446
0.1,1,FLAIRax+T1sag+FLAIRcor,0010011,3,Spinal cord compression,6,23,2512,0.6234038464897723,0.06186343004090883
0.1,1,FLAIRax+T1sag+FLAIRcor,0010011,3,Lacunar infarct,7,86,2512,0.8237552483751607,0.1387947579612584
0.1,1,FLAIRax+T1sag+FLAIRcor,0010011,3,Silent micro-hemorrhage of brain,8,77,2512,0.6877890077068722,0.08458318254713937
0.1,1,FLAIRax+T1sag+FLAIRcor,0010011,3,Gliosis,11,1027,2512,0.7306862851166649,0.6517876502351816
0.1,1,FLAIRax+T1sag+FLAIRcor,0010011,3,Cerebral atrophy,12,324,2512,0.886448529577719,0.6485575102097911
0.1,1,FLAIRax+T1sag+FLAIRcor,0010011,3,Encephalomalacia,13,84,2512,0.681385816270495,0.1393736028216157
0.1,1,FLAIRax+T1sag+FLAIRcor,0010011,3,Arachnoid cyst,14,69,2512,0.6700125172779963,0.08298843918731613
0.1,1,FLAIRax+T1sag+FLAIRcor,0010011,3,Empty sella syndrome,15,72,2512,0.6737647996357014,0.05016589479590605
0.1,1,FLAIRax+T1sag+FLAIRcor,0010011,3,Cyst of pineal gland,19,27,2512,0.6245174752217005,0.016878834853949178
0.1,1,FLAIRax+T1sag+FLAIRcor,0010011,3,Cerebral edema,22,197,2512,0.848327504358027,0.49208931944999057
0.1,1,FLAIRax+T1sag+FLAIRcor,0010011,3,Mastoiditis,24,62,2512,0.5773601053324555,0.04329063007745933
0.1,1,FLAIRax+T1sag+FLAIRcor,0010011,3,Chronic mastoiditis,25,25,2512,0.6607800562927222,0.023297697063480984
0.1,1,FLAIRax+T1sag+FLAIRcor,0010011,3,Ventriculomegaly,26,304,2512,0.8842337671624715,0.542383639590848
0.1,1,FLAIRax+T1sag+FLAIRcor,0010011,3,Cerebellar degeneration,27,94,2512,0.7679196804111011,0.14421216610846954
0.1,1,FLAIRax+T1sag+FLAIRcor,0010011,3,Mega cisterna magna,28,20,2512,0.561938202247191,0.01745397099059099
0.1,1,FLAIRax+T1sag+FLAIRcor,0010011,3,Foraminal Spinal Stenosis,33,25,2512,0.6188661037394451,0.014489573745528877
0.1,1,FLAIRax+SWIax+FLAIRcor,0010101,3,Cerebral infarction,0,161,2512,0.789509419805501,0.23575317147605954
0.1,1,FLAIRax+SWIax+FLAIRcor,0010101,3,Cerebral hemorrhage,1,127,2512,0.8273263011934828,0.3121341430782199
0.1,1,FLAIRax+SWIax+FLAIRcor,0010101,3,Metastatic malignant neoplasm to brain,2,144,2512,0.7882355011261263,0.23666813173896542
0.1,1,FLAIRax+SWIax+FLAIRcor,0010101,3,Intracranial meningioma,3,62,2512,0.6709545753785385,0.060521024108516605
0.1,1,FLAIRax+SWIax+FLAIRcor,0010101,3,Demyelinating disease of central nervous system,4,66,2512,0.7359882554077157,0.08433516940126336
0.1,1,FLAIRax+SWIax+FLAIRcor,0010101,3,Herniation of nucleus pulposus,5,42,2512,0.7091093117408906,0.03543659690227739
0.1,1,FLAIRax+SWIax+FLAIRcor,0010101,3,Spinal cord compression,6,23,2512,0.6275088650933673,0.048941241604663156
0.1,1,FLAIRax+SWIax+FLAIRcor,0010101,3,Lacunar infarct,7,86,2512,0.8617640292183515,0.19087173130725543
0.1,1,FLAIRax+SWIax+FLAIRcor,0010101,3,Silent micro-hemorrhage of brain,8,77,2512,0.7547827942078456,0.10817851652584645
0.1,1,FLAIRax+SWIax+FLAIRcor,0010101,3,Gliosis,11,1027,2512,0.7229457837052775,0.6520991174282404
0.1,1,FLAIRax+SWIax+FLAIRcor,0010101,3,Cerebral atrophy,12,324,2512,0.8887986097004987,0.6038927978669082
0.1,1,FLAIRax+SWIax+FLAIRcor,0010101,3,Encephalomalacia,13,84,2512,0.6763944457519416,0.1548758428411017
0.1,1,FLAIRax+SWIax+FLAIRcor,0010101,3,Arachnoid cyst,14,69,2512,0.6199552700113307,0.06919993005606351
0.1,1,FLAIRax+SWIax+FLAIRcor,0010101,3,Empty sella syndrome,15,72,2512,0.7230191256830601,0.06926709556014118
0.1,1,FLAIRax+SWIax+FLAIRcor,0010101,3,Cyst of pineal gland,19,27,2512,0.6732692451002311,0.017525990093110608
0.1,1,FLAIRax+SWIax+FLAIRcor,0010101,3,Cerebral edema,22,197,2512,0.8418743353323612,0.49475496488321485
0.1,1,FLAIRax+SWIax+FLAIRcor,0010101,3,Mastoiditis,24,62,2512,0.6656550362080316,0.09148196666023117
0.1,1,FLAIRax+SWIax+FLAIRcor,0010101,3,Chronic mastoiditis,25,25,2512,0.630205066344994,0.02147516691864104
0.1,1,FLAIRax+SWIax+FLAIRcor,0010101,3,Ventriculomegaly,26,304,2512,0.8837615012395118,0.5276252378663748
0.1,1,FLAIRax+SWIax+FLAIRcor,0010101,3,Cerebellar degeneration,27,94,2512,0.7217895922425778,0.1149246581535476
0.1,1,FLAIRax+SWIax+FLAIRcor,0010101,3,Mega cisterna magna,28,20,2512,0.673314606741573,0.025157598561621777
0.1,1,FLAIRax+SWIax+FLAIRcor,0010101,3,Foraminal Spinal Stenosis,33,25,2512,0.6471411338962605,0.015444950866337417
0.1,1,FLAIRax+SWIax+T1sag,0010110,3,Cerebral infarction,0,161,2512,0.74544200829038,0.19075373223180075
0.1,1,FLAIRax+SWIax+T1sag,0010110,3,Cerebral hemorrhage,1,127,2512,0.8146453391439277,0.31249981753741113
0.1,1,FLAIRax+SWIax+T1sag,0010110,3,Metastatic malignant neoplasm to brain,2,144,2512,0.8123504363738738,0.22583959963762995
0.1,1,FLAIRax+SWIax+T1sag,0010110,3,Intracranial meningioma,3,62,2512,0.6141737985516788,0.041826913307046625
0.1,1,FLAIRax+SWIax+T1sag,0010110,3,Demyelinating disease of central nervous system,4,66,2512,0.7146485294482023,0.10742115970004583
0.1,1,FLAIRax+SWIax+T1sag,0010110,3,Herniation of nucleus pulposus,5,42,2512,0.7219105455947561,0.036244989126631384
0.1,1,FLAIRax+SWIax+T1sag,0010110,3,Spinal cord compression,6,23,2512,0.5877163868849022,0.014988612780851295
0.1,1,FLAIRax+SWIax+T1sag,0010110,3,Lacunar infarct,7,86,2512,0.8411587645468663,0.16663357158358574
0.1,1,FLAIRax+SWIax+T1sag,0010110,3,Silent micro-hemorrhage of brain,8,77,2512,0.725400677351396,0.08330872749358015
0.1,1,FLAIRax+SWIax+T1sag,0010110,3,Gliosis,11,1027,2512,0.7163075087125719,0.6294215793779097
0.1,1,FLAIRax+SWIax+T1sag,0010110,3,Cerebral atrophy,12,324,2512,0.8830376689913557,0.5962646589506849
0.1,1,FLAIRax+SWIax+T1sag,0010110,3,Encephalomalacia,13,84,2512,0.6942810072958342,0.14266050406936287
0.1,1,FLAIRax+SWIax+T1sag,0010110,3,Arachnoid cyst,14,69,2512,0.6576079541072689,0.05333442591187477
0.1,1,FLAIRax+SWIax+T1sag,0010110,3,Empty sella syndrome,15,72,2512,0.5909949908925319,0.03548013896613948
0.1,1,FLAIRax+SWIax+T1sag,0010110,3,Cyst of pineal gland,19,27,2512,0.620731798196587,0.022937487778546425
0.1,1,FLAIRax+SWIax+T1sag,0010110,3,Cerebral edema,22,197,2512,0.8591880365306815,0.4865437868808379
0.1,1,FLAIRax+SWIax+T1sag,0010110,3,Mastoiditis,24,62,2512,0.6171033574720209,0.04723963814862405
0.1,1,FLAIRax+SWIax+T1sag,0010110,3,Chronic mastoiditis,25,25,2512,0.6590751909931644,0.03493854992352136
0.1,1,FLAIRax+SWIax+T1sag,0010110,3,Ventriculomegaly,26,304,2512,0.8868811379672007,0.5340599929446121
0.1,1,FLAIRax+SWIax+T1sag,0010110,3,Cerebellar degeneration,27,94,2512,0.7485173257307781,0.12129193266411101
0.1,1,FLAIRax+SWIax+T1sag,0010110,3,Mega cisterna magna,28,20,2512,0.6882624398073836,0.016309329090204546
0.1,1,FLAIRax+SWIax+T1sag,0010110,3,Foraminal Spinal Stenosis,33,25,2512,0.5565420184961801,0.011536003952379241
0.1,1,FLAIRax+FLAIRsag+FLAIRcor,0011001,3,Cerebral infarction,0,161,2512,0.7504960225726597,0.19278428751377624
0.1,1,FLAIRax+FLAIRsag+FLAIRcor,0011001,3,Cerebral hemorrhage,1,127,2512,0.7879595239274336,0.2236395268645412
0.1,1,FLAIRax+FLAIRsag+FLAIRcor,0011001,3,Metastatic malignant neoplasm to brain,2,144,2512,0.7795050910285286,0.2130916184255008
0.1,1,FLAIRax+FLAIRsag+FLAIRcor,0011001,3,Intracranial meningioma,3,62,2512,0.6665240289664253,0.055144512658396386
0.1,1,FLAIRax+FLAIRsag+FLAIRcor,0011001,3,Demyelinating disease of central nervous system,4,66,2512,0.6898027701380114,0.10049229349870185
0.1,1,FLAIRax+FLAIRsag+FLAIRcor,0011001,3,Herniation of nucleus pulposus,5,42,2512,0.673366107576634,0.03460548878321015
0.1,1,FLAIRax+FLAIRsag+FLAIRcor,0011001,3,Spinal cord compression,6,23,2512,0.6101280416441036,0.027614595188738017
0.1,1,FLAIRax+FLAIRsag+FLAIRcor,0011001,3,Lacunar infarct,7,86,2512,0.80322187925382,0.14481568461526084
0.1,1,FLAIRax+FLAIRsag+FLAIRcor,0011001,3,Silent micro-hemorrhage of brain,8,77,2512,0.7230486146297234,0.08450065295518228
0.1,1,FLAIRax+FLAIRsag+FLAIRcor,0011001,3,Gliosis,11,1027,2512,0.7248305843242552,0.6457742300932041
0.1,1,FLAIRax+FLAIRsag+FLAIRcor,0011001,3,Cerebral atrophy,12,324,2512,0.8978843636445707,0.652575700548287
0.1,1,FLAIRax+FLAIRsag+FLAIRcor,0011001,3,Encephalomalacia,13,84,2512,0.6878530242409978,0.14470982478475375
0.1,1,FLAIRax+FLAIRsag+FLAIRcor,0011001,3,Arachnoid cyst,14,69,2512,0.6903249153155718,0.08964434494857353
0.1,1,FLAIRax+FLAIRsag+FLAIRcor,0011001,3,Empty sella syndrome,15,72,2512,0.6814890710382513,0.055288425404706715
0.1,1,FLAIRax+FLAIRsag+FLAIRcor,0011001,3,Cyst of pineal gland,19,27,2512,0.6294209702660407,0.015370270572933307
0.1,1,FLAIRax+FLAIRsag+FLAIRcor,0011001,3,Cerebral edema,22,197,2512,0.8378616614224162,0.5185758702380063
0.1,1,FLAIRax+FLAIRsag+FLAIRcor,0011001,3,Mastoiditis,24,62,2512,0.6587162606978275,0.05667264958012201
0.1,1,FLAIRax+FLAIRsag+FLAIRcor,0011001,3,Chronic mastoiditis,25,25,2512,0.6662645757941295,0.042011868864611855
0.1,1,FLAIRax+FLAIRsag+FLAIRcor,0011001,3,Ventriculomegaly,26,304,2512,0.8806925176392068,0.5317866083714389
0.1,1,FLAIRax+FLAIRsag+FLAIRcor,0011001,3,Cerebellar degeneration,27,94,2512,0.7579721239638879,0.1497198289330136
0.1,1,FLAIRax+FLAIRsag+FLAIRcor,0011001,3,Mega cisterna magna,28,20,2512,0.5974518459069021,0.012424647000803115
0.1,1,FLAIRax+FLAIRsag+FLAIRcor,0011001,3,Foraminal Spinal Stenosis,33,25,2512,0.6211338962605548,0.01806500388347196
0.1,1,FLAIRax+FLAIRsag+T1sag,0011010,3,Cerebral infarction,0,161,2512,0.7353181281389445,0.1808215817399986
0.1,1,FLAIRax+FLAIRsag+T1sag,0011010,3,Cerebral hemorrhage,1,127,2512,0.7867049637663217,0.21737627837760934
0.1,1,FLAIRax+FLAIRsag+T1sag,0011010,3,Metastatic malignant neoplasm to brain,2,144,2512,0.7755196602852853,0.18260380851816155
0.1,1,FLAIRax+FLAIRsag+T1sag,0011010,3,Intracranial meningioma,3,62,2512,0.6176958525345622,0.039412016681530715
0.1,1,FLAIRax+FLAIRsag+T1sag,0011010,3,Demyelinating disease of central nervous system,4,66,2512,0.7449763373720855,0.120917349147961
0.1,1,FLAIRax+FLAIRsag+T1sag,0011010,3,Herniation of nucleus pulposus,5,42,2512,0.6703296703296703,0.034702541024794635
0.1,1,FLAIRax+FLAIRsag+T1sag,0011010,3,Spinal cord compression,6,23,2512,0.5881181546631264,0.017931064867256343
0.1,1,FLAIRax+FLAIRsag+T1sag,0011010,3,Lacunar infarct,7,86,2512,0.8208698402960178,0.14181525612496515
0.1,1,FLAIRax+FLAIRsag+T1sag,0011010,3,Silent micro-hemorrhage of brain,8,77,2512,0.6394143843835836,0.07650983707760531
0.1,1,FLAIRax+FLAIRsag+T1sag,0011010,3,Gliosis,11,1027,2512,0.7271258511764841,0.6456031436240666
0.1,1,FLAIRax+FLAIRsag+T1sag,0011010,3,Cerebral atrophy,12,324,2512,0.8930233935946914,0.6328914366216158
0.1,1,FLAIRax+FLAIRsag+T1sag,0011010,3,Encephalomalacia,13,84,2512,0.7026359143327843,0.17090248421401844
0.1,1,FLAIRax+FLAIRsag+T1sag,0011010,3,Arachnoid cyst,14,69,2512,0.7069592506243809,0.08204645542598
0.1,1,FLAIRax+FLAIRsag+T1sag,0011010,3,Empty sella syndrome,15,72,2512,0.6109232695810564,0.037111382826324674
0.1,1,FLAIRax+FLAIRsag+T1sag,0011010,3,Cyst of pineal gland,19,27,2512,0.5833519636336538,0.01924730787034782
0.1,1,FLAIRax+FLAIRsag+T1sag,0011010,3,Cerebral edema,22,197,2512,0.8550152942079354,0.5095220179601943
0.1,1,FLAIRax+FLAIRsag+T1sag,0011010,3,Mastoiditis,24,62,2512,0.5849769585253456,0.03975671213133853
0.1,1,FLAIRax+FLAIRsag+T1sag,0011010,3,Chronic mastoiditis,25,25,2512,0.6724889425010052,0.06677991420524974
0.1,1,FLAIRax+FLAIRsag+T1sag,0011010,3,Ventriculomegaly,26,304,2512,0.8834665212623952,0.520033379386245
0.1,1,FLAIRax+FLAIRsag+T1sag,0011010,3,Cerebellar degeneration,27,94,2512,0.7786591697024091,0.13338707268229227
0.1,1,FLAIRax+FLAIRsag+T1sag,0011010,3,Mega cisterna magna,28,20,2512,0.5579454253611558,0.011687037065248077
0.1,1,FLAIRax+FLAIRsag+T1sag,0011010,3,Foraminal Spinal Stenosis,33,25,2512,0.5695215118616808,0.011322704979272086
0.1,1,FLAIRax+FLAIRsag+SWIax,0011100,3,Cerebral infarction,0,161,2512,0.7844078507625935,0.25841392281483977
0.1,1,FLAIRax+FLAIRsag+SWIax,0011100,3,Cerebral hemorrhage,1,127,2512,0.8207233529771043,0.28880249133912295
0.1,1,FLAIRax+FLAIRsag+SWIax,0011100,3,Metastatic malignant neoplasm to brain,2,144,2512,0.8109545091966968,0.23589089699010848
0.1,1,FLAIRax+FLAIRsag+SWIax,0011100,3,Intracranial meningioma,3,62,2512,0.6536800526662279,0.053222712484522997
0.1,1,FLAIRax+FLAIRsag+SWIax,0011100,3,Demyelinating disease of central nervous system,4,66,2512,0.7089248990311952,0.1099724867659759
0.1,1,FLAIRax+FLAIRsag+SWIax,0011100,3,Herniation of nucleus pulposus,5,42,2512,0.7470985155195682,0.04709056000063813
0.1,1,FLAIRax+FLAIRsag+SWIax,0011100,3,Spinal cord compression,6,23,2512,0.615578108896536,0.022166402532188167
0.1,1,FLAIRax+FLAIRsag+SWIax,0011100,3,Lacunar infarct,7,86,2512,0.853491247915029,0.17782281929060936
0.1,1,FLAIRax+FLAIRsag+SWIax,0011100,3,Silent micro-hemorrhage of brain,8,77,2512,0.7222112589669059,0.10525676916325304
0.1,1,FLAIRax+FLAIRsag+SWIax,0011100,3,Gliosis,11,1027,2512,0.7202593936771152,0.6379580458603167
0.1,1,FLAIRax+FLAIRsag+SWIax,0011100,3,Cerebral atrophy,12,324,2512,0.8909808269573657,0.6019906911845821
0.1,1,FLAIRax+FLAIRsag+SWIax,0011100,3,Encephalomalacia,13,84,2512,0.6879854083313721,0.1910282867469179
0.1,1,FLAIRax+FLAIRsag+SWIax,0011100,3,Arachnoid cyst,14,69,2512,0.7026642225346598,0.06922410708932475
0.1,1,FLAIRax+FLAIRsag+SWIax,0011100,3,Empty sella syndrome,15,72,2512,0.6239469489981785,0.043458971861974394
0.1,1,FLAIRax+FLAIRsag+SWIax,0011100,3,Cyst of pineal gland,19,27,2512,0.6347715925180714,0.01742929323540843
0.1,1,FLAIRax+FLAIRsag+SWIax,0011100,3,Cerebral edema,22,197,2512,0.847369286599204,0.5079299680008569
0.1,1,FLAIRax+FLAIRsag+SWIax,0011100,3,Mastoiditis,24,62,2512,0.6988742593811719,0.08437905776615073
0.1,1,FLAIRax+FLAIRsag+SWIax,0011100,3,Chronic mastoiditis,25,25,2512,0.6662163248894251,0.03696449669271295
0.1,1,FLAIRax+FLAIRsag+SWIax,0011100,3,Ventriculomegaly,26,304,2512,0.8849131149885583,0.5298465708852338
0.1,1,FLAIRax+FLAIRsag+SWIax,0011100,3,Cerebellar degeneration,27,94,2512,0.7101129824190909,0.10860064359468204
0.1,1,FLAIRax+FLAIRsag+SWIax,0011100,3,Mega cisterna magna,28,20,2512,0.6477929373996789,0.017445609753436266
0.1,1,FLAIRax+FLAIRsag+SWIax,0011100,3,Foraminal Spinal Stenosis,33,25,2512,0.5303256936067551,0.010894133410587915
0.1,1,T2ax+T1sag+FLAIRcor,0100011,3,Cerebral infarction,0,161,2512,0.7528077123254014,0.1812912650886621
0.1,1,T2ax+T1sag+FLAIRcor,0100011,3,Cerebral hemorrhage,1,127,2512,0.7810693474636425,0.2518035498252831
0.1,1,T2ax+T1sag+FLAIRcor,0100011,3,Metastatic malignant neoplasm to brain,2,144,2512,0.7548857451201201,0.20131067693185323
0.1,1,T2ax+T1sag+FLAIRcor,0100011,3,Intracranial meningioma,3,62,2512,0.5904608294930876,0.03484499327023295
0.1,1,T2ax+T1sag+FLAIRcor,0100011,3,Demyelinating disease of central nervous system,4,66,2512,0.7539953913625214,0.11304798938237977
0.1,1,T2ax+T1sag+FLAIRcor,0100011,3,Herniation of nucleus pulposus,5,42,2512,0.643859649122807,0.03232409187237492
0.1,1,T2ax+T1sag+FLAIRcor,0100011,3,Spinal cord compression,6,23,2512,0.5233636697119499,0.01752080601855739
0.1,1,T2ax+T1sag+FLAIRcor,0100011,3,Lacunar infarct,7,86,2512,0.839792749094116,0.1434851262517979
0.1,1,T2ax+T1sag+FLAIRcor,0100011,3,Silent micro-hemorrhage of brain,8,77,2512,0.6431798181284835,0.0507424046899575
0.1,1,T2ax+T1sag+FLAIRcor,0100011,3,Gliosis,11,1027,2512,0.7396194991131699,0.674787138521368
0.1,1,T2ax+T1sag+FLAIRcor,0100011,3,Cerebral atrophy,12,324,2512,0.8917750016927347,0.6350895499493301
0.1,1,T2ax+T1sag+FLAIRcor,0100011,3,Encephalomalacia,13,84,2512,0.6525653094845846,0.12949969291473462
0.1,1,T2ax+T1sag+FLAIRcor,0100011,3,Arachnoid cyst,14,69,2512,0.6057532019908998,0.04636338254493861
0.1,1,T2ax+T1sag+FLAIRcor,0100011,3,Empty sella syndrome,15,72,2512,0.6476946721311474,0.0488743631418618
0.1,1,T2ax+T1sag+FLAIRcor,0100011,3,Cyst of pineal gland,19,27,2512,0.6373351218421641,0.017087869003593787
0.1,1,T2ax+T1sag+FLAIRcor,0100011,3,Cerebral edema,22,197,2512,0.8424729473418776,0.4582202607363375
0.1,1,T2ax+T1sag+FLAIRcor,0100011,3,Mastoiditis,24,62,2512,0.5622646477946017,0.03247808134401443
0.1,1,T2ax+T1sag+FLAIRcor,0100011,3,Chronic mastoiditis,25,25,2512,0.6447929232006433,0.018534517063533738
0.1,1,T2ax+T1sag+FLAIRcor,0100011,3,Ventriculomegaly,26,304,2512,0.8786172292143403,0.5427787912810051
0.1,1,T2ax+T1sag+FLAIRcor,0100011,3,Cerebellar degeneration,27,94,2512,0.7876080108406808,0.12984207163926215
0.1,1,T2ax+T1sag+FLAIRcor,0100011,3,Mega cisterna magna,28,20,2512,0.5878812199036919,0.011795447374819317
0.1,1,T2ax+T1sag+FLAIRcor,0100011,3,Foraminal Spinal Stenosis,33,25,2512,0.6666184157619621,0.017780906722561638
0.1,1,T2ax+SWIax+FLAIRcor,0100101,3,Cerebral infarction,0,161,2512,0.7959187447656739,0.222262725874557
0.1,1,T2ax+SWIax+FLAIRcor,0100101,3,Cerebral hemorrhage,1,127,2512,0.8238267386388022,0.3076640509572952
0.1,1,T2ax+SWIax+FLAIRcor,0100101,3,Metastatic malignant neoplasm to brain,2,144,2512,0.7615867820945946,0.18766306011071543
0.1,1,T2ax+SWIax+FLAIRcor,0100101,3,Intracranial meningioma,3,62,2512,0.6470572745227123,0.042640361846775936
0.1,1,T2ax+SWIax+FLAIRcor,0100101,3,Demyelinating disease of central nervous system,4,66,2512,0.7348856512797641,0.07459217553880357
0.1,1,T2ax+SWIax+FLAIRcor,0100101,3,Herniation of nucleus pulposus,5,42,2512,0.6553788316946212,0.03379045356463303
0.1,1,T2ax+SWIax+FLAIRcor,0100101,3,Spinal cord compression,6,23,2512,0.5242283438433455,0.0136071687248461
0.1,1,T2ax+SWIax+FLAIRcor,0100101,3,Lacunar infarct,7,86,2512,0.8512672788972181,0.16336404737989682
0.1,1,T2ax+SWIax+FLAIRcor,0100101,3,Silent micro-hemorrhage of brain,8,77,2512,0.7356942851809382,0.08850919946760963
0.1,1,T2ax+SWIax+FLAIRcor,0100101,3,Gliosis,11,1027,2512,0.7200417023201834,0.6559055695096347
0.1,1,T2ax+SWIax+FLAIRcor,0100101,3,Cerebral atrophy,12,324,2512,0.8908595142979665,0.6130886338067169
0.1,1,T2ax+SWIax+FLAIRcor,0100101,3,Encephalomalacia,13,84,2512,0.6330067859104103,0.12627695393004124
0.1,1,T2ax+SWIax+FLAIRcor,0100101,3,Arachnoid cyst,14,69,2512,0.6267062948263895,0.05539474169999546
0.1,1,T2ax+SWIax+FLAIRcor,0100101,3,Empty sella syndrome,15,72,2512,0.7118169398907104,0.06588323308034558
0.1,1,T2ax+SWIax+FLAIRcor,0100101,3,Cyst of pineal gland,19,27,2512,0.6487964825992996,0.02062734152871004
0.1,1,T2ax+SWIax+FLAIRcor,0100101,3,Cerebral edema,22,197,2512,0.8447928429685015,0.45990170171496936
0.1,1,T2ax+SWIax+FLAIRcor,0100101,3,Mastoiditis,24,62,2512,0.641026991441738,0.05149804299304866
0.1,1,T2ax+SWIax+FLAIRcor,0100101,3,Chronic mastoiditis,25,25,2512,0.6750462404503418,0.021693200229492907
0.1,1,T2ax+SWIax+FLAIRcor,0100101,3,Ventriculomegaly,26,304,2512,0.876874165713196,0.51950113528482
0.1,1,T2ax+SWIax+FLAIRcor,0100101,3,Cerebellar degeneration,27,94,2512,0.7228543019551942,0.1249807767404026
0.1,1,T2ax+SWIax+FLAIRcor,0100101,3,Mega cisterna magna,28,20,2512,0.7013443017656501,0.022718666576169843
0.1,1,T2ax+SWIax+FLAIRcor,0100101,3,Foraminal Spinal Stenosis,33,25,2512,0.6552472858866104,0.016144226724706945
0.1,1,T2ax+SWIax+T1sag,0100110,3,Cerebral infarction,0,161,2512,0.7505937740250613,0.19679242980651712
0.1,1,T2ax+SWIax+T1sag,0100110,3,Cerebral hemorrhage,1,127,2512,0.814648640618036,0.28442782134594957
0.1,1,T2ax+SWIax+T1sag,0100110,3,Metastatic malignant neoplasm to brain,2,144,2512,0.7886900572447448,0.19994559669308068
0.1,1,T2ax+SWIax+T1sag,0100110,3,Intracranial meningioma,3,62,2512,0.6251020408163266,0.05287456894504313
0.1,1,T2ax+SWIax+T1sag,0100110,3,Demyelinating disease of central nervous system,4,66,2512,0.7497088629549791,0.08181726762995012
0.1,1,T2ax+SWIax+T1sag,0100110,3,Herniation of nucleus pulposus,5,42,2512,0.6911702332754964,0.054347518450789924
0.1,1,T2ax+SWIax+T1sag,0100110,3,Spinal cord compression,6,23,2512,0.5318357293831992,0.01092757142657955
0.1,1,T2ax+SWIax+T1sag,0100110,3,Lacunar infarct,7,86,2512,0.821900343181426,0.1417324457640863
0.1,1,T2ax+SWIax+T1sag,0100110,3,Silent micro-hemorrhage of brain,8,77,2512,0.679394117176458,0.06243049108725279
0.1,1,T2ax+SWIax+T1sag,0100110,3,Gliosis,11,1027,2512,0.718542779302273,0.6557315261944395
0.1,1,T2ax+SWIax+T1sag,0100110,3,Cerebral atrophy,12,324,2512,0.8860366307806894,0.605723890048239
0.1,1,T2ax+SWIax+T1sag,0100110,3,Encephalomalacia,13,84,2512,0.7119322193457284,0.11957915404024237
0.1,1,T2ax+SWIax+T1sag,0100110,3,Arachnoid cyst,14,69,2512,0.6418931344806516,0.04442804573253815
0.1,1,T2ax+SWIax+T1sag,0100110,3,Empty sella syndrome,15,72,2512,0.5964253187613844,0.041701825354170316
0.1,1,T2ax+SWIax+T1sag,0100110,3,Cyst of pineal gland,19,27,2512,0.6240107310529845,0.052804335353671315
0.1,1,T2ax+SWIax+T1sag,0100110,3,Cerebral edema,22,197,2512,0.8461391718104176,0.44117944127584763
0.1,1,T2ax+SWIax+T1sag,0100110,3,Mastoiditis,24,62,2512,0.5826398946675443,0.03842246175819478
0.1,1,T2ax+SWIax+T1sag,0100110,3,Chronic mastoiditis,25,25,2512,0.6286127864897467,0.024651803937727937
0.1,1,T2ax+SWIax+T1sag,0100110,3,Ventriculomegaly,26,304,2512,0.8920358385774217,0.5474717154481247
0.1,1,T2ax+SWIax+T1sag,0100110,3,Cerebellar degeneration,27,94,2512,0.7843434876722455,0.1391878664520117
0.1,1,T2ax+SWIax+T1sag,0100110,3,Mega cisterna magna,28,20,2512,0.6608747993579454,0.01595215498465747
0.1,1,T2ax+SWIax+T1sag,0100110,3,Foraminal Spinal Stenosis,33,25,2512,0.5517812625653398,0.012974204884132349
0.1,1,T2ax+FLAIRsag+FLAIRcor,0101001,3,Cerebral infarction,0,161,2512,0.7636792589911522,0.19570655843012782
0.1,1,T2ax+FLAIRsag+FLAIRcor,0101001,3,Cerebral hemorrhage,1,127,2512,0.7803991482196801,0.2354550102051975
0.1,1,T2ax+FLAIRsag+FLAIRcor,0101001,3,Metastatic malignant neoplasm to brain,2,144,2512,0.765088330518018,0.20063930325592455
0.1,1,T2ax+FLAIRsag+FLAIRcor,0101001,3,Intracranial meningioma,3,62,2512,0.6487623436471363,0.04314271050059118
0.1,1,T2ax+FLAIRsag+FLAIRcor,0101001,3,Demyelinating disease of central nervous system,4,66,2512,0.6970192522114027,0.07947762865505689
0.1,1,T2ax+FLAIRsag+FLAIRcor,0101001,3,Herniation of nucleus pulposus,5,42,2512,0.6459128590707538,0.03276181322459047
0.1,1,T2ax+FLAIRsag+FLAIRcor,0101001,3,Spinal cord compression,6,23,2512,0.5406571523398607,0.016414481592951974
0.1,1,T2ax+FLAIRsag+FLAIRcor,0101001,3,Lacunar infarct,7,86,2512,0.8364184512739891,0.14838740688453816
0.1,1,T2ax+FLAIRsag+FLAIRcor,0101001,3,Silent micro-hemorrhage of brain,8,77,2512,0.6896877250060002,0.06456202257193995
0.1,1,T2ax+FLAIRsag+FLAIRcor,0101001,3,Gliosis,11,1027,2512,0.7318049039568026,0.6717177191219557
0.1,1,T2ax+FLAIRsag+FLAIRcor,0101001,3,Cerebral atrophy,12,324,2512,0.8926763829643171,0.6355462073764241
0.1,1,T2ax+FLAIRsag+FLAIRcor,0101001,3,Encephalomalacia,13,84,2512,0.6369439868204283,0.14775812731002383
0.1,1,T2ax+FLAIRsag+FLAIRcor,0101001,3,Arachnoid cyst,14,69,2512,0.6378769272752081,0.05897360203224345
0.1,1,T2ax+FLAIRsag+FLAIRcor,0101001,3,Empty sella syndrome,15,72,2512,0.6840562386156649,0.053290123239182335
0.1,1,T2ax+FLAIRsag+FLAIRcor,0101001,3,Cyst of pineal gland,19,27,2512,0.6358745062970415,0.01935736529026224
0.1,1,T2ax+FLAIRsag+FLAIRcor,0101001,3,Cerebral edema,22,197,2512,0.8538904298823606,0.4853325014728805
0.1,1,T2ax+FLAIRsag+FLAIRcor,0101001,3,Mastoiditis,24,62,2512,0.6542857142857142,0.04167679402921684
0.1,1,T2ax+FLAIRsag+FLAIRcor,0101001,3,Chronic mastoiditis,25,25,2512,0.6961479694410937,0.029591129678158683
0.1,1,T2ax+FLAIRsag+FLAIRcor,0101001,3,Ventriculomegaly,26,304,2512,0.8633616990846682,0.5079733660027738
0.1,1,T2ax+FLAIRsag+FLAIRcor,0101001,3,Cerebellar degeneration,27,94,2512,0.7454815831617477,0.14432476707858463
0.1,1,T2ax+FLAIRsag+FLAIRcor,0101001,3,Mega cisterna magna,28,20,2512,0.6314205457463884,0.01917229724065835
0.1,1,T2ax+FLAIRsag+FLAIRcor,0101001,3,Foraminal Spinal Stenosis,33,25,2512,0.618399678327302,0.02070502092560562
0.1,1,T2ax+FLAIRsag+T1sag,0101010,3,Cerebral infarction,0,161,2512,0.7613966304810164,0.19031629091352675
0.1,1,T2ax+FLAIRsag+T1sag,0101010,3,Cerebral hemorrhage,1,127,2512,0.7884085244061473,0.22505297095217766
0.1,1,T2ax+FLAIRsag+T1sag,0101010,3,Metastatic malignant neoplasm to brain,2,144,2512,0.7421933652402404,0.16702236010326488
0.1,1,T2ax+FLAIRsag+T1sag,0101010,3,Intracranial meningioma,3,62,2512,0.6179986833443054,0.061487218788088965
0.1,1,T2ax+FLAIRsag+T1sag,0101010,3,Demyelinating disease of central nervous system,4,66,2512,0.7209234619291855,0.0938866443712432
0.1,1,T2ax+FLAIRsag+T1sag,0101010,3,Herniation of nucleus pulposus,5,42,2512,0.6936572199730094,0.03327498267977223
0.1,1,T2ax+FLAIRsag+T1sag,0101010,3,Spinal cord compression,6,23,2512,0.5315737069191399,0.012038914877664446
0.1,1,T2ax+FLAIRsag+T1sag,0101010,3,Lacunar infarct,7,86,2512,0.8267892405912689,0.13492935005830073
0.1,1,T2ax+FLAIRsag+T1sag,0101010,3,Silent micro-hemorrhage of brain,8,77,2512,0.577716739113043,0.04474137313414548
0.1,1,T2ax+FLAIRsag+T1sag,0101010,3,Gliosis,11,1027,2512,0.7321753726817017,0.6622324425604356
0.1,1,T2ax+FLAIRsag+T1sag,0101010,3,Cerebral atrophy,12,324,2512,0.8955117137246936,0.636095089478831
0.1,1,T2ax+FLAIRsag+T1sag,0101010,3,Encephalomalacia,13,84,2512,0.6828322350356946,0.14151517810243835
0.1,1,T2ax+FLAIRsag+T1sag,0101010,3,Arachnoid cyst,14,69,2512,0.6308826757313117,0.04169183198774796
0.1,1,T2ax+FLAIRsag+T1sag,0101010,3,Empty sella syndrome,15,72,2512,0.6003301457194901,0.04179382359781168
0.1,1,T2ax+FLAIRsag+T1sag,0101010,3,Cyst of pineal gland,19,27,2512,0.608316566063045,0.02349160102302798
0.1,1,T2ax+FLAIRsag+T1sag,0101010,3,Cerebral edema,22,197,2512,0.8600212693644407,0.4700776047550695
0.1,1,T2ax+FLAIRsag+T1sag,0101010,3,Mastoiditis,24,62,2512,0.5494930875576037,0.032006354347129146
0.1,1,T2ax+FLAIRsag+T1sag,0101010,3,Chronic mastoiditis,25,25,2512,0.649891435464415,0.02389665759633356
0.1,1,T2ax+FLAIRsag+T1sag,0101010,3,Ventriculomegaly,26,304,2512,0.8761858790999236,0.5350129329722819
0.1,1,T2ax+FLAIRsag+T1sag,0101010,3,Cerebellar degeneration,27,94,2512,0.7790771342590148,0.1371980551376747
0.1,1,T2ax+FLAIRsag+T1sag,0101010,3,Mega cisterna magna,28,20,2512,0.6073635634028893,0.01267438384417904
0.1,1,T2ax+FLAIRsag+T1sag,0101010,3,Foraminal Spinal Stenosis,33,25,2512,0.5747647768395657,0.0128506888426244
0.1,1,T2ax+FLAIRsag+SWIax,0101100,3,Cerebral infarction,0,161,2512,0.7902200992837725,0.2255368462064909
0.1,1,T2ax+FLAIRsag+SWIax,0101100,3,Cerebral hemorrhage,1,127,2512,0.8133478598194093,0.2845912089867046
0.1,1,T2ax+FLAIRsag+SWIax,0101100,3,Metastatic malignant neoplasm to brain,2,144,2512,0.7710826060435435,0.19125349303071432
0.1,1,T2ax+FLAIRsag+SWIax,0101100,3,Intracranial meningioma,3,62,2512,0.6693482554312047,0.0480381817069738
0.1,1,T2ax+FLAIRsag+SWIax,0101100,3,Demyelinating disease of central nervous system,4,66,2512,0.7072586040288412,0.0650624346970897
0.1,1,T2ax+FLAIRsag+SWIax,0101100,3,Herniation of nucleus pulposus,5,42,2512,0.7254193175245807,0.03677174772106604
0.1,1,T2ax+FLAIRsag+SWIax,0101100,3,Spinal cord compression,6,23,2512,0.5020001048089857,0.010086326881615287
0.1,1,T2ax+FLAIRsag+SWIax,0101100,3,Lacunar infarct,7,86,2512,0.8606903890028565,0.16337133251765795
0.1,1,T2ax+FLAIRsag+SWIax,0101100,3,Silent micro-hemorrhage of brain,8,77,2512,0.7088935704952132,0.08013531773025118
0.1,1,T2ax+FLAIRsag+SWIax,0101100,3,Gliosis,11,1027,2512,0.7214435822030759,0.6524533267150627
0.1,1,T2ax+FLAIRsag+SWIax,0101100,3,Cerebral atrophy,12,324,2512,0.8910950865551719,0.6299483058796632
0.1,1,T2ax+FLAIRsag+SWIax,0101100,3,Encephalomalacia,13,84,2512,0.6689368086608614,0.13550272161393911
0.1,1,T2ax+FLAIRsag+SWIax,0101100,3,Arachnoid cyst,14,69,2512,0.6783237525731609,0.05171326778432581
0.1,1,T2ax+FLAIRsag+SWIax,0101100,3,Empty sella syndrome,15,72,2512,0.6266905737704918,0.05345313623744703
0.1,1,T2ax+FLAIRsag+SWIax,0101100,3,Cyst of pineal gland,19,27,2512,0.6806319397868694,0.039389793599155704
0.1,1,T2ax+FLAIRsag+SWIax,0101100,3,Cerebral edema,22,197,2512,0.8544035258905176,0.48764432549712505
0.1,1,T2ax+FLAIRsag+SWIax,0101100,3,Mastoiditis,24,62,2512,0.6832784726793943,0.05756418498158065
0.1,1,T2ax+FLAIRsag+SWIax,0101100,3,Chronic mastoiditis,25,25,2512,0.6702211499798956,0.03237430202475523
0.1,1,T2ax+FLAIRsag+SWIax,0101100,3,Ventriculomegaly,26,304,2512,0.8808787423722351,0.5369233411851411
0.1,1,T2ax+FLAIRsag+SWIax,0101100,3,Cerebellar degeneration,27,94,2512,0.7209272653678968,0.14180321502504123
0.1,1,T2ax+FLAIRsag+SWIax,0101100,3,Mega cisterna magna,28,20,2512,0.6928571428571428,0.022873087850764095
0.1,1,T2ax+FLAIRsag+SWIax,0101100,3,Foraminal Spinal Stenosis,33,25,2512,0.5731403297145155,0.0126463338375145
0.1,1,T2ax+FLAIRax+FLAIRcor,0110001,3,Cerebral infarction,0,161,2512,0.775385655899036,0.21023297821981046
0.1,1,T2ax+FLAIRax+FLAIRcor,0110001,3,Cerebral hemorrhage,1,127,2512,0.7920071311840736,0.25124547093241467
0.1,1,T2ax+FLAIRax+FLAIRcor,0110001,3,Metastatic malignant neoplasm to brain,2,144,2512,0.7644431540915917,0.20339106164139534
0.1,1,T2ax+FLAIRax+FLAIRcor,0110001,3,Intracranial meningioma,3,62,2512,0.6556089532587228,0.045030171283807915
0.1,1,T2ax+FLAIRax+FLAIRcor,0110001,3,Demyelinating disease of central nervous system,4,66,2512,0.7564917366634456,0.10493155210404892
0.1,1,T2ax+FLAIRax+FLAIRcor,0110001,3,Herniation of nucleus pulposus,5,42,2512,0.6631096973202236,0.03275141606556002
0.1,1,T2ax+FLAIRax+FLAIRcor,0110001,3,Spinal cord compression,6,23,2512,0.6076824986462174,0.060245117452256476
0.1,1,T2ax+FLAIRax+FLAIRcor,0110001,3,Lacunar infarct,7,86,2512,0.8466755497613068,0.1689679442342675
0.1,1,T2ax+FLAIRax+FLAIRcor,0110001,3,Silent micro-hemorrhage of brain,8,77,2512,0.7183338222352597,0.06655877740173861
0.1,1,T2ax+FLAIRax+FLAIRcor,0110001,3,Gliosis,11,1027,2512,0.7377330592520467,0.6767299757443758
0.1,1,T2ax+FLAIRax+FLAIRcor,0110001,3,Cerebral atrophy,12,324,2512,0.896771390525199,0.6526622159030817
0.1,1,T2ax+FLAIRax+FLAIRcor,0110001,3,Encephalomalacia,13,84,2512,0.6491772573938966,0.1252775093213187
0.1,1,T2ax+FLAIRax+FLAIRcor,0110001,3,Arachnoid cyst,14,69,2512,0.6569138680761951,0.07212553130668922
0.1,1,T2ax+FLAIRax+FLAIRcor,0110001,3,Empty sella syndrome,15,72,2512,0.6951559653916211,0.055917221024396134
0.1,1,T2ax+FLAIRax+FLAIRcor,0110001,3,Cyst of pineal gland,19,27,2512,0.6586183769282361,0.01612401437871963
0.1,1,T2ax+FLAIRax+FLAIRcor,0110001,3,Cerebral edema,22,197,2512,0.8466127988948702,0.4838520111337669
0.1,1,T2ax+FLAIRax+FLAIRcor,0110001,3,Mastoiditis,24,62,2512,0.6381830151415404,0.05235927903097451
0.1,1,T2ax+FLAIRax+FLAIRcor,0110001,3,Chronic mastoiditis,25,25,2512,0.6767832730197024,0.026076913566846063
0.1,1,T2ax+FLAIRax+FLAIRcor,0110001,3,Ventriculomegaly,26,304,2512,0.8746111627574371,0.5547684026230797
0.1,1,T2ax+FLAIRax+FLAIRcor,0110001,3,Cerebellar degeneration,27,94,2512,0.747558207064041,0.1474202586092737
0.1,1,T2ax+FLAIRax+FLAIRcor,0110001,3,Mega cisterna magna,28,20,2512,0.6853932584269663,0.03852323688757972
0.1,1,T2ax+FLAIRax+FLAIRcor,0110001,3,Foraminal Spinal Stenosis,33,25,2512,0.6256051467631685,0.017306383441856893
0.1,1,T2ax+FLAIRax+T1sag,0110010,3,Cerebral infarction,0,161,2512,0.7646620573774607,0.1738949218632331
0.1,1,T2ax+FLAIRax+T1sag,0110010,3,Cerebral hemorrhage,1,127,2512,0.7940210303900691,0.24608656345477717
0.1,1,T2ax+FLAIRax+T1sag,0110010,3,Metastatic malignant neoplasm to brain,2,144,2512,0.7746164132882883,0.18997110029525446
0.1,1,T2ax+FLAIRax+T1sag,0110010,3,Intracranial meningioma,3,62,2512,0.6330414746543779,0.043633684532881564
0.1,1,T2ax+FLAIRax+T1sag,0110010,3,Demyelinating disease of central nervous system,4,66,2512,0.7669664758789861,0.15007053858521413
0.1,1,T2ax+FLAIRax+T1sag,0110010,3,Herniation of nucleus pulposus,5,42,2512,0.6846828609986505,0.034521117169478456
0.1,1,T2ax+FLAIRax+T1sag,0110010,3,Spinal cord compression,6,23,2512,0.5308575121840446,0.01252105702292009
0.1,1,T2ax+FLAIRax+T1sag,0110010,3,Lacunar infarct,7,86,2512,0.8358289077628023,0.14458427277645797
0.1,1,T2ax+FLAIRax+T1sag,0110010,3,Silent micro-hemorrhage of brain,8,77,2512,0.5979679458118883,0.05025032553897515
0.1,1,T2ax+FLAIRax+T1sag,0110010,3,Gliosis,11,1027,2512,0.7339680478920985,0.660486557057407
0.1,1,T2ax+FLAIRax+T1sag,0110010,3,Cerebral atrophy,12,324,2512,0.8874782765702937,0.6365363898993929
0.1,1,T2ax+FLAIRax+T1sag,0110010,3,Encephalomalacia,13,84,2512,0.6630187495096885,0.12785699684450888
0.1,1,T2ax+FLAIRax+T1sag,0110010,3,Arachnoid cyst,14,69,2512,0.6559172317238843,0.05185088382273266
0.1,1,T2ax+FLAIRax+T1sag,0110010,3,Empty sella syndrome,15,72,2512,0.5805157103825136,0.038147597976608626
0.1,1,T2ax+FLAIRax+T1sag,0110010,3,Cyst of pineal gland,19,27,2512,0.5785527982711081,0.04918572461846152
0.1,1,T2ax+FLAIRax+T1sag,0110010,3,Cerebral edema,22,197,2512,0.8455230180570328,0.48436094065344626
0.1,1,T2ax+FLAIRax+T1sag,0110010,3,Mastoiditis,24,62,2512,0.5786570111915733,0.06869529854934284
0.1,1,T2ax+FLAIRax+T1sag,0110010,3,Chronic mastoiditis,25,25,2512,0.712119018898271,0.026824092229112997
0.1,1,T2ax+FLAIRax+T1sag,0110010,3,Ventriculomegaly,26,304,2512,0.8829152960526316,0.5220082529610948
0.1,1,T2ax+FLAIRax+T1sag,0110010,3,Cerebellar degeneration,27,94,2512,0.8046257677348961,0.14739416138138267
0.1,1,T2ax+FLAIRax+T1sag,0110010,3,Mega cisterna magna,28,20,2512,0.6770866773675762,0.016880291927264986
0.1,1,T2ax+FLAIRax+T1sag,0110010,3,Foraminal Spinal Stenosis,33,25,2512,0.5430800160836349,0.011276437210225126
0.1,1,T2ax+FLAIRax+SWIax,0110100,3,Cerebral infarction,0,161,2512,0.8134981546110944,0.2799799386250404
0.1,1,T2ax+FLAIRax+SWIax,0110100,3,Cerebral hemorrhage,1,127,2512,0.8155169283084899,0.284747495599836
0.1,1,T2ax+FLAIRax+SWIax,0110100,3,Metastatic malignant neoplasm to brain,2,144,2512,0.7884085257132131,0.20153838073240002
0.1,1,T2ax+FLAIRax+SWIax,0110100,3,Intracranial meningioma,3,62,2512,0.6805793285055958,0.053761192344289575
0.1,1,T2ax+FLAIRax+SWIax,0110100,3,Demyelinating disease of central nervous system,4,66,2512,0.7794915632200996,0.09886449982054625
0.1,1,T2ax+FLAIRax+SWIax,0110100,3,Herniation of nucleus pulposus,5,42,2512,0.7317717370348948,0.043515433759693835
0.1,1,T2ax+FLAIRax+SWIax,0110100,3,Spinal cord compression,6,23,2512,0.5688682376369067,0.014425616287814401
0.1,1,T2ax+FLAIRax+SWIax,0110100,3,Lacunar infarct,7,86,2512,0.8644912670871757,0.16858339288277271
0.1,1,T2ax+FLAIRax+SWIax,0110100,3,Silent micro-hemorrhage of brain,8,77,2512,0.7046161230966159,0.08293073344540397
0.1,1,T2ax+FLAIRax+SWIax,0110100,3,Gliosis,11,1027,2512,0.726465564440248,0.6531882427419361
0.1,1,T2ax+FLAIRax+SWIax,0110100,3,Cerebral atrophy,12,324,2512,0.8875488071862234,0.6066706495788999
0.1,1,T2ax+FLAIRax+SWIax,0110100,3,Encephalomalacia,13,84,2512,0.6105848434925865,0.1248306363336802
0.1,1,T2ax+FLAIRax+SWIax,0110100,3,Arachnoid cyst,14,69,2512,0.6470839488156044,0.0559848127926552
0.1,1,T2ax+FLAIRax+SWIax,0110100,3,Empty sella syndrome,15,72,2512,0.6518841074681239,0.044878104182266745
0.1,1,T2ax+FLAIRax+SWIax,0110100,3,Cyst of pineal gland,19,27,2512,0.6479618451449437,0.02891804516390554
0.1,1,T2ax+FLAIRax+SWIax,0110100,3,Cerebral edema,22,197,2512,0.8465338610474613,0.4947145038578496
0.1,1,T2ax+FLAIRax+SWIax,0110100,3,Mastoiditis,24,62,2512,0.669387755102041,0.06598230123677748
0.1,1,T2ax+FLAIRax+SWIax,0110100,3,Chronic mastoiditis,25,25,2512,0.7031604342581425,0.03395593037543599
0.1,1,T2ax+FLAIRax+SWIax,0110100,3,Ventriculomegaly,26,304,2512,0.881683233218917,0.5437979307757866
0.1,1,T2ax+FLAIRax+SWIax,0110100,3,Cerebellar degeneration,27,94,2512,0.7329338472097566,0.11902373402305534
0.1,1,T2ax+FLAIRax+SWIax,0110100,3,Mega cisterna magna,28,20,2512,0.7790930979133226,0.04618587305559585
0.1,1,T2ax+FLAIRax+SWIax,0110100,3,Foraminal Spinal Stenosis,33,25,2512,0.5271250502613591,0.011011514404258006
0.1,1,T2ax+FLAIRax+FLAIRsag,0111000,3,Cerebral infarction,0,161,2512,0.7874196522690227,0.21149898407176443
0.1,1,T2ax+FLAIRax+FLAIRsag,0111000,3,Cerebral hemorrhage,1,127,2512,0.7881840241667905,0.22259849195806328
0.1,1,T2ax+FLAIRax+FLAIRsag,0111000,3,Metastatic malignant neoplasm to brain,2,144,2512,0.7753964902402402,0.1893897140870161
0.1,1,T2ax+FLAIRax+FLAIRsag,0111000,3,Intracranial meningioma,3,62,2512,0.6648913759052008,0.05687975128591601
0.1,1,T2ax+FLAIRax+FLAIRsag,0111000,3,Demyelinating disease of central nervous system,4,66,2512,0.7261887063604153,0.09571635738830057
0.1,1,T2ax+FLAIRax+FLAIRsag,0111000,3,Herniation of nucleus pulposus,5,42,2512,0.7125698862540968,0.03666030839406025
0.1,1,T2ax+FLAIRax+FLAIRsag,0111000,3,Spinal cord compression,6,23,2512,0.5795063496777124,0.021258835057455613
0.1,1,T2ax+FLAIRax+FLAIRsag,0111000,3,Lacunar infarct,7,86,2512,0.8417387219847007,0.1479119608917521
0.1,1,T2ax+FLAIRax+FLAIRsag,0111000,3,Silent micro-hemorrhage of brain,8,77,2512,0.679943465159071,0.07324004017006835
0.1,1,T2ax+FLAIRax+FLAIRsag,0111000,3,Gliosis,11,1027,2512,0.7371068687524384,0.6707867283992333
0.1,1,T2ax+FLAIRax+FLAIRsag,0111000,3,Cerebral atrophy,12,324,2512,0.9001032568217211,0.6623431656351844
0.1,1,T2ax+FLAIRax+FLAIRsag,0111000,3,Encephalomalacia,13,84,2512,0.6480127677100495,0.12949147988381624
0.1,1,T2ax+FLAIRax+FLAIRsag,0111000,3,Arachnoid cyst,14,69,2512,0.6806966962691392,0.06938649505405829
0.1,1,T2ax+FLAIRax+FLAIRsag,0111000,3,Empty sella syndrome,15,72,2512,0.6187727686703096,0.04073469085839591
0.1,1,T2ax+FLAIRax+FLAIRsag,0111000,3,Cyst of pineal gland,19,27,2512,0.6303003204411655,0.015515733723174423
0.1,1,T2ax+FLAIRax+FLAIRsag,0111000,3,Cerebral edema,22,197,2512,0.836868360175856,0.49604347438674085
0.1,1,T2ax+FLAIRax+FLAIRsag,0111000,3,Mastoiditis,24,62,2512,0.6496642527978934,0.0568149584123766
0.1,1,T2ax+FLAIRax+FLAIRsag,0111000,3,Chronic mastoiditis,25,25,2512,0.7027583433856052,0.034869224014366644
0.1,1,T2ax+FLAIRax+FLAIRsag,0111000,3,Ventriculomegaly,26,304,2512,0.8697276053585049,0.5120676810760322
0.1,1,T2ax+FLAIRax+FLAIRsag,0111000,3,Cerebellar degeneration,27,94,2512,0.7661818277810043,0.15728323460192434
0.1,1,T2ax+FLAIRax+FLAIRsag,0111000,3,Mega cisterna magna,28,20,2512,0.6624598715890851,0.023884359304117038
0.1,1,T2ax+FLAIRax+FLAIRsag,0111000,3,Foraminal Spinal Stenosis,33,25,2512,0.501761158021713,0.011553536053094504
0.1,1,T1ax+T1sag+FLAIRcor,1000011,3,Cerebral infarction,0,161,2512,0.7517430140735673,0.1807729743211276
0.1,1,T1ax+T1sag+FLAIRcor,1000011,3,Cerebral hemorrhage,1,127,2512,0.7839845491011737,0.24694768542287962
0.1,1,T1ax+T1sag+FLAIRcor,1000011,3,Metastatic malignant neoplasm to brain,2,144,2512,0.7191371058558559,0.1728266692688199
0.1,1,T1ax+T1sag+FLAIRcor,1000011,3,Intracranial meningioma,3,62,2512,0.6322580645161291,0.04438165370364355
0.1,1,T1ax+T1sag+FLAIRcor,1000011,3,Demyelinating disease of central nervous system,4,66,2512,0.7685646324239946,0.1336895822355313
0.1,1,T1ax+T1sag+FLAIRcor,1000011,3,Herniation of nucleus pulposus,5,42,2512,0.6341526894158473,0.028059133476817336
0.1,1,T1ax+T1sag+FLAIRcor,1000011,3,Spinal cord compression,6,23,2512,0.6063025136688385,0.014477473336810136
0.1,1,T1ax+T1sag+FLAIRcor,1000011,3,Lacunar infarct,7,86,2512,0.8143513104162274,0.12736197873528016
0.1,1,T1ax+T1sag+FLAIRcor,1000011,3,Silent micro-hemorrhage of brain,8,77,2512,0.6904664124376649,0.06994466163673423
0.1,1,T1ax+T1sag+FLAIRcor,1000011,3,Gliosis,11,1027,2512,0.7270891321524233,0.651787007458
0.1,1,T1ax+T1sag+FLAIRcor,1000011,3,Cerebral atrophy,12,324,2512,0.8905449477509196,0.623091731889355
0.1,1,T1ax+T1sag+FLAIRcor,1000011,3,Encephalomalacia,13,84,2512,0.7054846238330588,0.13673505294249752
0.1,1,T1ax+T1sag+FLAIRcor,1000011,3,Arachnoid cyst,14,69,2512,0.6365421464462202,0.06590851091876199
0.1,1,T1ax+T1sag+FLAIRcor,1000011,3,Empty sella syndrome,15,72,2512,0.6876878415300546,0.0550256053736858
0.1,1,T1ax+T1sag+FLAIRcor,1000011,3,Cyst of pineal gland,19,27,2512,0.6319397868693644,0.018358522477700076
0.1,1,T1ax+T1sag+FLAIRcor,1000011,3,Cerebral edema,22,197,2512,0.829893324270099,0.4383615090193376
0.1,1,T1ax+T1sag+FLAIRcor,1000011,3,Mastoiditis,24,62,2512,0.5656089532587228,0.043874145692447956
0.1,1,T1ax+T1sag+FLAIRcor,1000011,3,Chronic mastoiditis,25,25,2512,0.5530357860876558,0.014886116586205742
0.1,1,T1ax+T1sag+FLAIRcor,1000011,3,Ventriculomegaly,26,304,2512,0.8788258009153318,0.5172996801574954
0.1,1,T1ax+T1sag+FLAIRcor,1000011,3,Cerebellar degeneration,27,94,2512,0.7830587966140471,0.13258974040798652
0.1,1,T1ax+T1sag+FLAIRcor,1000011,3,Mega cisterna magna,28,20,2512,0.5894060995184591,0.011644664293008332
0.1,1,T1ax+T1sag+FLAIRcor,1000011,3,Foraminal Spinal Stenosis,33,25,2512,0.6542179332529152,0.01728045323634185
0.1,1,T1ax+SWIax+FLAIRcor,1000101,3,Cerebral infarction,0,161,2512,0.7584244579417772,0.20164576509752105
0.1,1,T1ax+SWIax+FLAIRcor,1000101,3,Cerebral hemorrhage,1,127,2512,0.8190924247676589,0.30728714054635653
0.1,1,T1ax+SWIax+FLAIRcor,1000101,3,Metastatic malignant neoplasm to brain,2,144,2512,0.7575896208708709,0.20640330381150399
0.1,1,T1ax+SWIax+FLAIRcor,1000101,3,Intracranial meningioma,3,62,2512,0.6631270572745227,0.04989224835412317
0.1,1,T1ax+SWIax+FLAIRcor,1000101,3,Demyelinating disease of central nervous system,4,66,2512,0.7418915235759063,0.0870829048444195
0.1,1,T1ax+SWIax+FLAIRcor,1000101,3,Herniation of nucleus pulposus,5,42,2512,0.6647387700019279,0.02978908296416294
0.1,1,T1ax+SWIax+FLAIRcor,1000101,3,Spinal cord compression,6,23,2512,0.5982496899400842,0.01709662765186967
0.1,1,T1ax+SWIax+FLAIRcor,1000101,3,Lacunar infarct,7,86,2512,0.8537500718955501,0.16847119154093212
0.1,1,T1ax+SWIax+FLAIRcor,1000101,3,Silent micro-hemorrhage of brain,8,77,2512,0.7710445611882983,0.10230514365133021
0.1,1,T1ax+SWIax+FLAIRcor,1000101,3,Gliosis,11,1027,2512,0.7211583540697464,0.6437384758018785
0.1,1,T1ax+SWIax+FLAIRcor,1000101,3,Cerebral atrophy,12,324,2512,0.898131220800325,0.6248952852694439
0.1,1,T1ax+SWIax+FLAIRcor,1000101,3,Encephalomalacia,13,84,2512,0.6879020553855808,0.12313750580252399
0.1,1,T1ax+SWIax+FLAIRcor,1000101,3,Arachnoid cyst,14,69,2512,0.6179026737143094,0.06486698318788206
0.1,1,T1ax+SWIax+FLAIRcor,1000101,3,Empty sella syndrome,15,72,2512,0.7386839708561019,0.07472880548327443
0.1,1,T1ax+SWIax+FLAIRcor,1000101,3,Cyst of pineal gland,19,27,2512,0.6694984723153737,0.02304082453760956
0.1,1,T1ax+SWIax+FLAIRcor,1000101,3,Cerebral edema,22,197,2512,0.8352852177917138,0.45546117741063435
0.1,1,T1ax+SWIax+FLAIRcor,1000101,3,Mastoiditis,24,62,2512,0.574476629361422,0.0479423735809791
0.1,1,T1ax+SWIax+FLAIRcor,1000101,3,Chronic mastoiditis,25,25,2512,0.6744511459589867,0.01998850600842883
0.1,1,T1ax+SWIax+FLAIRcor,1000101,3,Ventriculomegaly,26,304,2512,0.8847477474256291,0.5197996157181393
0.1,1,T1ax+SWIax+FLAIRcor,1000101,3,Cerebellar degeneration,27,94,2512,0.7438977174735582,0.122324983039156
0.1,1,T1ax+SWIax+FLAIRcor,1000101,3,Mega cisterna magna,28,20,2512,0.5884430176565008,0.013157306695775996
0.1,1,T1ax+SWIax+FLAIRcor,1000101,3,Foraminal Spinal Stenosis,33,25,2512,0.672086851628468,0.020393716987146163
0.1,1,T1ax+SWIax+T1sag,1000110,3,Cerebral infarction,0,161,2512,0.712404659309769,0.17511406754527367
0.1,1,T1ax+SWIax+T1sag,1000110,3,Cerebral hemorrhage,1,127,2512,0.8144703610161936,0.3143834394798939
0.1,1,T1ax+SWIax+T1sag,1000110,3,Metastatic malignant neoplasm to brain,2,144,2512,0.7749184731606606,0.20726555327747814
0.1,1,T1ax+SWIax+T1sag,1000110,3,Intracranial meningioma,3,62,2512,0.6098288347597103,0.04249204262704338
0.1,1,T1ax+SWIax+T1sag,1000110,3,Demyelinating disease of central nervous system,4,66,2512,0.7025322728511608,0.0822961442309934
0.1,1,T1ax+SWIax+T1sag,1000110,3,Herniation of nucleus pulposus,5,42,2512,0.6825525351841141,0.038253426893879276
0.1,1,T1ax+SWIax+T1sag,1000110,3,Spinal cord compression,6,23,2512,0.5812007616119622,0.014321341302135103
0.1,1,T1ax+SWIax+T1sag,1000110,3,Lacunar infarct,7,86,2512,0.7950305795739949,0.14049603245946682
0.1,1,T1ax+SWIax+T1sag,1000110,3,Silent micro-hemorrhage of brain,8,77,2512,0.7491933118216486,0.08133376330154123
0.1,1,T1ax+SWIax+T1sag,1000110,3,Gliosis,11,1027,2512,0.7226461302410669,0.6408980116274329
0.1,1,T1ax+SWIax+T1sag,1000110,3,Cerebral atrophy,12,324,2512,0.8812193897126863,0.5980079591031188
0.1,1,T1ax+SWIax+T1sag,1000110,3,Encephalomalacia,13,84,2512,0.7096130462069508,0.12448888413393913
0.1,1,T1ax+SWIax+T1sag,1000110,3,Arachnoid cyst,14,69,2512,0.6456186560833377,0.05695804485770194
0.1,1,T1ax+SWIax+T1sag,1000110,3,Empty sella syndrome,15,72,2512,0.5963342440801457,0.039586630124119414
0.1,1,T1ax+SWIax+T1sag,1000110,3,Cyst of pineal gland,19,27,2512,0.5945599523064312,0.053849761445351835
0.1,1,T1ax+SWIax+T1sag,1000110,3,Cerebral edema,22,197,2512,0.8490905702163117,0.46356330434508325
0.1,1,T1ax+SWIax+T1sag,1000110,3,Mastoiditis,24,62,2512,0.5643581303489138,0.05337583218535576
0.1,1,T1ax+SWIax+T1sag,1000110,3,Chronic mastoiditis,25,25,2512,0.5878246883795738,0.019163374883057673
0.1,1,T1ax+SWIax+T1sag,1000110,3,Ventriculomegaly,26,304,2512,0.8890443244660564,0.5296779358650856
0.1,1,T1ax+SWIax+T1sag,1000110,3,Cerebellar degeneration,27,94,2512,0.7841191066997517,0.16252780200433364
0.1,1,T1ax+SWIax+T1sag,1000110,3,Mega cisterna magna,28,20,2512,0.6635232744783307,0.013670456417969525
0.1,1,T1ax+SWIax+T1sag,1000110,3,Foraminal Spinal Stenosis,33,25,2512,0.5228307197426618,0.010346133107010165
0.1,1,T1ax+FLAIRsag+FLAIRcor,1001001,3,Cerebral infarction,0,161,2512,0.7394184052775217,0.18116730608309853
0.1,1,T1ax+FLAIRsag+FLAIRcor,1001001,3,Cerebral hemorrhage,1,127,2512,0.7942125158883442,0.23982398050709128
0.1,1,T1ax+FLAIRsag+FLAIRcor,1001001,3,Metastatic malignant neoplasm to brain,2,144,2512,0.7310787349849849,0.18634545999931731
0.1,1,T1ax+FLAIRsag+FLAIRcor,1001001,3,Intracranial meningioma,3,62,2512,0.6980184331797235,0.05109399445657947
0.1,1,T1ax+FLAIRsag+FLAIRcor,1001001,3,Demyelinating disease of central nervous system,4,66,2512,0.7250055749646919,0.07784784915310473
0.1,1,T1ax+FLAIRsag+FLAIRcor,1001001,3,Herniation of nucleus pulposus,5,42,2512,0.6628108733371891,0.0326089720817359
0.1,1,T1ax+FLAIRsag+FLAIRcor,1001001,3,Spinal cord compression,6,23,2512,0.5699687319859555,0.012327017454524157
0.1,1,T1ax+FLAIRsag+FLAIRcor,1001001,3,Lacunar infarct,7,86,2512,0.7989896278686325,0.12743438511969146
0.1,1,T1ax+FLAIRsag+FLAIRcor,1001001,3,Silent micro-hemorrhage of brain,8,77,2512,0.6992613136350302,0.07111871214217978
0.1,1,T1ax+FLAIRsag+FLAIRcor,1001001,3,Gliosis,11,1027,2512,0.7178883938377609,0.6378853274427239
0.1,1,T1ax+FLAIRsag+FLAIRcor,1001001,3,Cerebral atrophy,12,324,2512,0.9011287719773401,0.6420168466685057
0.1,1,T1ax+FLAIRsag+FLAIRcor,1001001,3,Encephalomalacia,13,84,2512,0.7260041578410606,0.1564905979647226
0.1,1,T1ax+FLAIRsag+FLAIRcor,1001001,3,Arachnoid cyst,14,69,2512,0.652968849181631,0.05963615099384502
0.1,1,T1ax+FLAIRsag+FLAIRcor,1001001,3,Empty sella syndrome,15,72,2512,0.7124316939890709,0.06539423728921501
0.1,1,T1ax+FLAIRsag+FLAIRcor,1001001,3,Cyst of pineal gland,19,27,2512,0.6441612638795737,0.018855451087337695
0.1,1,T1ax+FLAIRsag+FLAIRcor,1001001,3,Cerebral edema,22,197,2512,0.826770893861486,0.4527868961757838
0.1,1,T1ax+FLAIRsag+FLAIRcor,1001001,3,Mastoiditis,24,62,2512,0.6042132982225148,0.04379499960692908
0.1,1,T1ax+FLAIRsag+FLAIRcor,1001001,3,Chronic mastoiditis,25,25,2512,0.6797104945717731,0.022352157997020283
0.1,1,T1ax+FLAIRsag+FLAIRcor,1001001,3,Ventriculomegaly,26,304,2512,0.8826888467772692,0.5012620719304599
0.1,1,T1ax+FLAIRsag+FLAIRcor,1001001,3,Cerebellar degeneration,27,94,2512,0.7624025482639071,0.12772244669013016
0.1,1,T1ax+FLAIRsag+FLAIRcor,1001001,3,Mega cisterna magna,28,20,2512,0.5439406099518459,0.010085794597256873
0.1,1,T1ax+FLAIRsag+FLAIRcor,1001001,3,Foraminal Spinal Stenosis,33,25,2512,0.6758021712907116,0.017132945271062565
0.1,1,T1ax+FLAIRsag+T1sag,1001010,3,Cerebral infarction,0,161,2512,0.749333572868424,0.17635014331021595
0.1,1,T1ax+FLAIRsag+T1sag,1001010,3,Cerebral hemorrhage,1,127,2512,0.7951567374832863,0.23129141340084242
0.1,1,T1ax+FLAIRsag+T1sag,1001010,3,Metastatic malignant neoplasm to brain,2,144,2512,0.7176795936561561,0.15434092298794838
0.1,1,T1ax+FLAIRsag+T1sag,1001010,3,Intracranial meningioma,3,62,2512,0.6468202764976958,0.059959256257125074
0.1,1,T1ax+FLAIRsag+T1sag,1001010,3,Demyelinating disease of central nervous system,4,66,2512,0.7404606159716545,0.11185349328990611
0.1,1,T1ax+FLAIRsag+T1sag,1001010,3,Herniation of nucleus pulposus,5,42,2512,0.6361384229805283,0.02904367836433088
0.1,1,T1ax+FLAIRsag+T1sag,1001010,3,Spinal cord compression,6,23,2512,0.5550858560273901,0.010976501040591079
0.1,1,T1ax+FLAIRsag+T1sag,1001010,3,Lacunar infarct,7,86,2512,0.8112693878333558,0.1362798268324949
0.1,1,T1ax+FLAIRsag+T1sag,1001010,3,Silent micro-hemorrhage of brain,8,77,2512,0.6437825008666898,0.05751457965679455
0.1,1,T1ax+FLAIRsag+T1sag,1001010,3,Gliosis,11,1027,2512,0.7179270799523965,0.6407765582657183
0.1,1,T1ax+FLAIRsag+T1sag,1001010,3,Cerebral atrophy,12,324,2512,0.8917524318956371,0.6237438253466472
0.1,1,T1ax+FLAIRsag+T1sag,1001010,3,Encephalomalacia,13,84,2512,0.7144475170628384,0.14425655892203088
0.1,1,T1ax+FLAIRsag+T1sag,1001010,3,Arachnoid cyst,14,69,2512,0.6408015803805016,0.056165978359572245
0.1,1,T1ax+FLAIRsag+T1sag,1001010,3,Empty sella syndrome,15,72,2512,0.6337602459016394,0.041466114056526254
0.1,1,T1ax+FLAIRsag+T1sag,1001010,3,Cyst of pineal gland,19,27,2512,0.6031000819733213,0.01742215390129701
0.1,1,T1ax+FLAIRsag+T1sag,1001010,3,Cerebral edema,22,197,2512,0.845448465645591,0.43309196867792227
0.1,1,T1ax+FLAIRsag+T1sag,1001010,3,Mastoiditis,24,62,2512,0.5631336405529954,0.04944218771925679
0.1,1,T1ax+FLAIRsag+T1sag,1001010,3,Chronic mastoiditis,25,25,2512,0.5747647768395657,0.023602374065730826
0.1,1,T1ax+FLAIRsag+T1sag,1001010,3,Ventriculomegaly,26,304,2512,0.8908082451372998,0.538119810001552
0.1,1,T1ax+FLAIRsag+T1sag,1001010,3,Cerebellar degeneration,27,94,2512,0.7876652059905319,0.1300770734892294
0.1,1,T1ax+FLAIRsag+T1sag,1001010,3,Mega cisterna magna,28,20,2512,0.5759831460674157,0.010647058634998645
0.1,1,T1ax+FLAIRsag+T1sag,1001010,3,Foraminal Spinal Stenosis,33,25,2512,0.5960273421793325,0.011911267367066011
0.1,1,T1ax+FLAIRsag+SWIax,1001100,3,Cerebral infarction,0,161,2512,0.7436771982848582,0.20128209782752873
0.1,1,T1ax+FLAIRsag+SWIax,1001100,3,Cerebral hemorrhage,1,127,2512,0.8134204922497896,0.2913483780479796
0.1,1,T1ax+FLAIRsag+SWIax,1001100,3,Metastatic malignant neoplasm to brain,2,144,2512,0.7810417839714715,0.20765887412784348
0.1,1,T1ax+FLAIRsag+SWIax,1001100,3,Intracranial meningioma,3,62,2512,0.6245161290322581,0.04545425879668229
0.1,1,T1ax+FLAIRsag+SWIax,1001100,3,Demyelinating disease of central nervous system,4,66,2512,0.6996642632374439,0.06615165823756368
0.1,1,T1ax+FLAIRsag+SWIax,1001100,3,Herniation of nucleus pulposus,5,42,2512,0.7185078079814922,0.0369786928744656
0.1,1,T1ax+FLAIRsag+SWIax,1001100,3,Spinal cord compression,6,23,2512,0.5650776459901828,0.011827556014727722
0.1,1,T1ax+FLAIRsag+SWIax,1001100,3,Lacunar infarct,7,86,2512,0.841590137847735,0.1522152469398047
0.1,1,T1ax+FLAIRsag+SWIax,1001100,3,Silent micro-hemorrhage of brain,8,77,2512,0.7360729619456519,0.089611284892383
0.1,1,T1ax+FLAIRsag+SWIax,1001100,3,Gliosis,11,1027,2512,0.7137273415754428,0.6318856694645855
0.1,1,T1ax+FLAIRsag+SWIax,1001100,3,Cerebral atrophy,12,324,2512,0.8953664206558782,0.6223196124146176
0.1,1,T1ax+FLAIRsag+SWIax,1001100,3,Encephalomalacia,13,84,2512,0.72667098140739,0.14766696567831988
0.1,1,T1ax+FLAIRsag+SWIax,1001100,3,Arachnoid cyst,14,69,2512,0.6537222588051044,0.055542262132345276
0.1,1,T1ax+FLAIRsag+SWIax,1001100,3,Empty sella syndrome,15,72,2512,0.6334016393442624,0.04760008985826398
0.1,1,T1ax+FLAIRsag+SWIax,1001100,3,Cyst of pineal gland,19,27,2512,0.6213130635665847,0.030273001241301237
0.1,1,T1ax+FLAIRsag+SWIax,1001100,3,Cerebral edema,22,197,2512,0.8441832673690673,0.47659784760528745
0.1,1,T1ax+FLAIRsag+SWIax,1001100,3,Mastoiditis,24,62,2512,0.6095786701777485,0.04849301598808349
0.1,1,T1ax+FLAIRsag+SWIax,1001100,3,Chronic mastoiditis,25,25,2512,0.651901889827101,0.024583839607799925
0.1,1,T1ax+FLAIRsag+SWIax,1001100,3,Ventriculomegaly,26,304,2512,0.8931129624332571,0.5436762492178154
0.1,1,T1ax+FLAIRsag+SWIax,1001100,3,Cerebellar degeneration,27,94,2512,0.743985710011791,0.12940114569927774
0.1,1,T1ax+FLAIRsag+SWIax,1001100,3,Mega cisterna magna,28,20,2512,0.5949237560192617,0.017112483744483476
0.1,1,T1ax+FLAIRsag+SWIax,1001100,3,Foraminal Spinal Stenosis,33,25,2512,0.5943707277844793,0.012034732302874602
0.1,1,T1ax+FLAIRax+FLAIRcor,1010001,3,Cerebral infarction,0,161,2512,0.7594627368821514,0.19205008177769378
0.1,1,T1ax+FLAIRax+FLAIRcor,1010001,3,Cerebral hemorrhage,1,127,2512,0.7936017431783291,0.26081045342207226
0.1,1,T1ax+FLAIRax+FLAIRcor,1010001,3,Metastatic malignant neoplasm to brain,2,144,2512,0.761058910472973,0.18793399487095677
0.1,1,T1ax+FLAIRax+FLAIRcor,1010001,3,Intracranial meningioma,3,62,2512,0.6838314680710994,0.06804310285434152
0.1,1,T1ax+FLAIRax+FLAIRcor,1010001,3,Demyelinating disease of central nervous system,4,66,2512,0.7932679204142818,0.12979401063000715
0.1,1,T1ax+FLAIRax+FLAIRcor,1010001,3,Herniation of nucleus pulposus,5,42,2512,0.7012820512820512,0.032294501138276546
0.1,1,T1ax+FLAIRax+FLAIRcor,1010001,3,Spinal cord compression,6,23,2512,0.6159624085104896,0.020155161620972847
0.1,1,T1ax+FLAIRax+FLAIRcor,1010001,3,Lacunar infarct,7,86,2512,0.8123526141222033,0.14222122421837716
0.1,1,T1ax+FLAIRax+FLAIRcor,1010001,3,Silent micro-hemorrhage of brain,8,77,2512,0.7415237739673058,0.09020861799931176
0.1,1,T1ax+FLAIRax+FLAIRcor,1010001,3,Gliosis,11,1027,2512,0.7293709572190585,0.6537625766024966
0.1,1,T1ax+FLAIRax+FLAIRcor,1010001,3,Cerebral atrophy,12,324,2512,0.9005842756223621,0.6483075530666099
0.1,1,T1ax+FLAIRax+FLAIRcor,1010001,3,Encephalomalacia,13,84,2512,0.6909174707774379,0.1430420711977691
0.1,1,T1ax+FLAIRax+FLAIRcor,1010001,3,Arachnoid cyst,14,69,2512,0.6643589789223275,0.06997800963484879
0.1,1,T1ax+FLAIRax+FLAIRcor,1010001,3,Empty sella syndrome,15,72,2512,0.720030737704918,0.07802646794116486
0.1,1,T1ax+FLAIRax+FLAIRcor,1010001,3,Cyst of pineal gland,19,27,2512,0.6158432073925032,0.017133318898318553
0.1,1,T1ax+FLAIRax+FLAIRcor,1010001,3,Cerebral edema,22,197,2512,0.8411880146035017,0.46696077058580593
0.1,1,T1ax+FLAIRax+FLAIRcor,1010001,3,Mastoiditis,24,62,2512,0.6096774193548387,0.051968211751116655
0.1,1,T1ax+FLAIRax+FLAIRcor,1010001,3,Chronic mastoiditis,25,25,2512,0.691901889827101,0.02244879325391488
0.1,1,T1ax+FLAIRax+FLAIRcor,1010001,3,Ventriculomegaly,26,304,2512,0.884646441170862,0.5379900446072855
0.1,1,T1ax+FLAIRax+FLAIRcor,1010001,3,Cerebellar degeneration,27,94,2512,0.7548571881104482,0.1532084674553804
0.1,1,T1ax+FLAIRax+FLAIRcor,1010001,3,Mega cisterna magna,28,20,2512,0.6264446227929374,0.015056736172903734
0.1,1,T1ax+FLAIRax+FLAIRcor,1010001,3,Foraminal Spinal Stenosis,33,25,2512,0.7051387213510253,0.019553246795983137
0.1,1,T1ax+FLAIRax+T1sag,1010010,3,Cerebral infarction,0,161,2512,0.7344568585853517,0.16157135403949488
0.1,1,T1ax+FLAIRax+T1sag,1010010,3,Cerebral hemorrhage,1,127,2512,0.8050677627560705,0.24103293119364094
0.1,1,T1ax+FLAIRax+T1sag,1010010,3,Metastatic malignant neoplasm to brain,2,144,2512,0.7576365427927928,0.18325307501121665
0.1,1,T1ax+FLAIRax+T1sag,1010010,3,Intracranial meningioma,3,62,2512,0.6716589861751152,0.07055375692241961
0.1,1,T1ax+FLAIRax+T1sag,1010010,3,Demyelinating disease of central nervous system,4,66,2512,0.781610049803018,0.19178401020712416
0.1,1,T1ax+FLAIRax+T1sag,1010010,3,Herniation of nucleus pulposus,5,42,2512,0.675380759591286,0.031439267567884586
0.1,1,T1ax+FLAIRax+T1sag,1010010,3,Spinal cord compression,6,23,2512,0.5820567016612224,0.012018158390070333
0.1,1,T1ax+FLAIRax+T1sag,1010010,3,Lacunar infarct,7,86,2512,0.8138240763818324,0.1454146714650221
0.1,1,T1ax+FLAIRax+T1sag,1010010,3,Silent micro-hemorrhage of brain,8,77,2512,0.6992986479639456,0.06647310511737248
0.1,1,T1ax+FLAIRax+T1sag,1010010,3,Gliosis,11,1027,2512,0.7219910890796967,0.639560131301143
0.1,1,T1ax+FLAIRax+T1sag,1010010,3,Cerebral atrophy,12,324,2512,0.8835384363644571,0.6193090335661996
0.1,1,T1ax+FLAIRax+T1sag,1010010,3,Encephalomalacia,13,84,2512,0.680596414842708,0.14404333724809296
0.1,1,T1ax+FLAIRax+T1sag,1010010,3,Arachnoid cyst,14,69,2512,0.6611792343697165,0.059603984231790655
0.1,1,T1ax+FLAIRax+T1sag,1010010,3,Empty sella syndrome,15,72,2512,0.6373178506375228,0.04370941956128205
0.1,1,T1ax+FLAIRax+T1sag,1010010,3,Cyst of pineal gland,19,27,2512,0.581295178478277,0.022273046179764253
0.1,1,T1ax+FLAIRax+T1sag,1010010,3,Cerebral edema,22,197,2512,0.8495466555568957,0.46551978450907994
0.1,1,T1ax+FLAIRax+T1sag,1010010,3,Mastoiditis,24,62,2512,0.5797827518104016,0.05392696448710739
0.1,1,T1ax+FLAIRax+T1sag,1010010,3,Chronic mastoiditis,25,25,2512,0.6619863289103337,0.023835892520718667
0.1,1,T1ax+FLAIRax+T1sag,1010010,3,Ventriculomegaly,26,304,2512,0.886691933638444,0.5212871327727562
0.1,1,T1ax+FLAIRax+T1sag,1010010,3,Cerebellar degeneration,27,94,2512,0.8003801277651656,0.1524441616741113
0.1,1,T1ax+FLAIRax+T1sag,1010010,3,Mega cisterna magna,28,20,2512,0.6789325842696629,0.01644058278482926
0.1,1,T1ax+FLAIRax+T1sag,1010010,3,Foraminal Spinal Stenosis,33,25,2512,0.5799597909127463,0.011593329290923698
0.1,1,T1ax+FLAIRax+SWIax,1010100,3,Cerebral infarction,0,161,2512,0.7690820081847027,0.23244623512524368
0.1,1,T1ax+FLAIRax+SWIax,1010100,3,Cerebral hemorrhage,1,127,2512,0.8058304032750623,0.2868642622912627
0.1,1,T1ax+FLAIRax+SWIax,1010100,3,Metastatic malignant neoplasm to brain,2,144,2512,0.7865756381381381,0.20679437317899582
0.1,1,T1ax+FLAIRax+SWIax,1010100,3,Intracranial meningioma,3,62,2512,0.680697827518104,0.06956318216015356
0.1,1,T1ax+FLAIRax+SWIax,1010100,3,Demyelinating disease of central nervous system,4,66,2512,0.7774845759310192,0.1475282457546223
0.1,1,T1ax+FLAIRax+SWIax,1010100,3,Herniation of nucleus pulposus,5,42,2512,0.706294582610372,0.039498166421331374
0.1,1,T1ax+FLAIRax+SWIax,1010100,3,Spinal cord compression,6,23,2512,0.6001013153527696,0.016274404498166938
0.1,1,T1ax+FLAIRax+SWIax,1010100,3,Lacunar infarct,7,86,2512,0.8368594106482105,0.16562798059322262
0.1,1,T1ax+FLAIRax+SWIax,1010100,3,Silent micro-hemorrhage of brain,8,77,2512,0.7415024400650685,0.08053056414090168
0.1,1,T1ax+FLAIRax+SWIax,1010100,3,Gliosis,11,1027,2512,0.7283316776987663,0.6418274754234987
0.1,1,T1ax+FLAIRax+SWIax,1010100,3,Cerebral atrophy,12,324,2512,0.8854907238133928,0.5940326701031773
0.1,1,T1ax+FLAIRax+SWIax,1010100,3,Encephalomalacia,13,84,2512,0.6601259119792893,0.12803383344601516
0.1,1,T1ax+FLAIRax+SWIax,1010100,3,Arachnoid cyst,14,69,2512,0.6444262518761086,0.05392228743669724
0.1,1,T1ax+FLAIRax+SWIax,1010100,3,Empty sella syndrome,15,72,2512,0.6801855646630236,0.055090735058497695
0.1,1,T1ax+FLAIRax+SWIax,1010100,3,Cyst of pineal gland,19,27,2512,0.5889410537297861,0.02044904028527031
0.1,1,T1ax+FLAIRax+SWIax,1010100,3,Cerebral edema,22,197,2512,0.8418480227165583,0.48266287122596335
0.1,1,T1ax+FLAIRax+SWIax,1010100,3,Mastoiditis,24,62,2512,0.651928900592495,0.06289297581251846
0.1,1,T1ax+FLAIRax+SWIax,1010100,3,Chronic mastoiditis,25,25,2512,0.6945235223160434,0.024426231659842135
0.1,1,T1ax+FLAIRax+SWIax,1010100,3,Ventriculomegaly,26,304,2512,0.8918153484935165,0.5547939385951278
0.1,1,T1ax+FLAIRax+SWIax,1010100,3,Cerebellar degeneration,27,94,2512,0.7276014993928515,0.12989317588186522
0.1,1,T1ax+FLAIRax+SWIax,1010100,3,Mega cisterna magna,28,20,2512,0.688322632423756,0.02856504119956822
0.1,1,T1ax+FLAIRax+SWIax,1010100,3,Foraminal Spinal Stenosis,33,25,2512,0.6164053075995175,0.012892213255720602
0.1,1,T1ax+FLAIRax+FLAIRsag,1011000,3,Cerebral infarction,0,161,2512,0.7586173189154344,0.18646804983024493
0.1,1,T1ax+FLAIRax+FLAIRsag,1011000,3,Cerebral hemorrhage,1,127,2512,0.7969560408722495,0.22524501693616525
0.1,1,T1ax+FLAIRax+FLAIRsag,1011000,3,Metastatic malignant neoplasm to brain,2,144,2512,0.7702732028903905,0.17967052597562516
0.1,1,T1ax+FLAIRax+FLAIRsag,1011000,3,Intracranial meningioma,3,62,2512,0.6685911784068466,0.07265170779007797
0.1,1,T1ax+FLAIRax+FLAIRsag,1011000,3,Demyelinating disease of central nervous system,4,66,2512,0.7546210262890558,0.12575609194505533
0.1,1,T1ax+FLAIRax+FLAIRsag,1011000,3,Herniation of nucleus pulposus,5,42,2512,0.7058993637941006,0.03322936148370905
0.1,1,T1ax+FLAIRax+FLAIRsag,1011000,3,Spinal cord compression,6,23,2512,0.5651649868115359,0.012260341727768458
0.1,1,T1ax+FLAIRax+FLAIRsag,1011000,3,Lacunar infarct,7,86,2512,0.8017168657374567,0.1369860211047316
0.1,1,T1ax+FLAIRax+FLAIRsag,1011000,3,Silent micro-hemorrhage of brain,8,77,2512,0.7044561188298355,0.08523925050969093
0.1,1,T1ax+FLAIRax+FLAIRsag,1011000,3,Gliosis,11,1027,2512,0.7188719391251037,0.6355607657070317
0.1,1,T1ax+FLAIRax+FLAIRsag,1011000,3,Cerebral atrophy,12,324,2512,0.9007888144085585,0.6396643758821239
0.1,1,T1ax+FLAIRax+FLAIRsag,1011000,3,Encephalomalacia,13,84,2512,0.6960902565309484,0.15300359553143475
0.1,1,T1ax+FLAIRax+FLAIRsag,1011000,3,Arachnoid cyst,14,69,2512,0.6796763304798686,0.07038429405092765
0.1,1,T1ax+FLAIRax+FLAIRsag,1011000,3,Empty sella syndrome,15,72,2512,0.6518841074681239,0.05209017746824178
0.1,1,T1ax+FLAIRax+FLAIRsag,1011000,3,Cyst of pineal gland,19,27,2512,0.5832923466726283,0.01434424119342417
0.1,1,T1ax+FLAIRax+FLAIRsag,1011000,3,Cerebral edema,22,197,2512,0.8357720011840678,0.48255983343542425
0.1,1,T1ax+FLAIRax+FLAIRsag,1011000,3,Mastoiditis,24,62,2512,0.6526662277814351,0.05264386710962035
0.1,1,T1ax+FLAIRax+FLAIRsag,1011000,3,Chronic mastoiditis,25,25,2512,0.6941214314435061,0.032419095443219983
0.1,1,T1ax+FLAIRax+FLAIRsag,1011000,3,Ventriculomegaly,26,304,2512,0.8887448750953472,0.5317663643148183
0.1,1,T1ax+FLAIRax+FLAIRsag,1011000,3,Cerebellar degeneration,27,94,2512,0.764228393432237,0.1734469428554164
0.1,1,T1ax+FLAIRax+FLAIRsag,1011000,3,Mega cisterna magna,28,20,2512,0.5609751203852328,0.01455625934986288
0.1,1,T1ax+FLAIRax+FLAIRsag,1011000,3,Foraminal Spinal Stenosis,33,25,2512,0.6158584640128669,0.012592659038240741
0.1,1,T1ax+T2ax+FLAIRcor,1100001,3,Cerebral infarction,0,161,2512,0.774780653666604,0.21139235378619847
0.1,1,T1ax+T2ax+FLAIRcor,1100001,3,Cerebral hemorrhage,1,127,2512,0.7998976543026461,0.25771157450835186
0.1,1,T1ax+T2ax+FLAIRcor,1100001,3,Metastatic malignant neoplasm to brain,2,144,2512,0.7337679476351352,0.18817447039246782
0.1,1,T1ax+T2ax+FLAIRcor,1100001,3,Intracranial meningioma,3,62,2512,0.661705069124424,0.05046203069131459
0.1,1,T1ax+T2ax+FLAIRcor,1100001,3,Demyelinating disease of central nervous system,4,66,2512,0.8076513293193588,0.1109804906120829
0.1,1,T1ax+T2ax+FLAIRcor,1100001,3,Herniation of nucleus pulposus,5,42,2512,0.6560246770773086,0.03268403352751332
0.1,1,T1ax+T2ax+FLAIRcor,1100001,3,Spinal cord compression,6,23,2512,0.5342463360525442,0.0117663189968449
0.1,1,T1ax+T2ax+FLAIRcor,1100001,3,Lacunar infarct,7,86,2512,0.8395626833336529,0.1517364552035394
0.1,1,T1ax+T2ax+FLAIRcor,1100001,3,Silent micro-hemorrhage of brain,8,77,2512,0.6983119549854664,0.061878014452506555
0.1,1,T1ax+T2ax+FLAIRcor,1100001,3,Gliosis,11,1027,2512,0.7278503962048266,0.6549218530521175
0.1,1,T1ax+T2ax+FLAIRcor,1100001,3,Cerebral atrophy,12,324,2512,0.9012543164736949,0.6547966537319809
0.1,1,T1ax+T2ax+FLAIRcor,1100001,3,Encephalomalacia,13,84,2512,0.6362477445673492,0.09804005542918019
0.1,1,T1ax+T2ax+FLAIRcor,1100001,3,Arachnoid cyst,14,69,2512,0.6181103062877076,0.05567416791730886
0.1,1,T1ax+T2ax+FLAIRcor,1100001,3,Empty sella syndrome,15,72,2512,0.7102515938069216,0.06010533615139646
0.1,1,T1ax+T2ax+FLAIRcor,1100001,3,Cyst of pineal gland,19,27,2512,0.6533124673969744,0.021303938323415293
0.1,1,T1ax+T2ax+FLAIRcor,1100001,3,Cerebral edema,22,197,2512,0.8397298571444235,0.44290013160834824
0.1,1,T1ax+T2ax+FLAIRcor,1100001,3,Mastoiditis,24,62,2512,0.5566425279789335,0.03600469477523596
0.1,1,T1ax+T2ax+FLAIRcor,1100001,3,Chronic mastoiditis,25,25,2512,0.6493285082428629,0.01891615914350829
0.1,1,T1ax+T2ax+FLAIRcor,1100001,3,Ventriculomegaly,26,304,2512,0.885841259057971,0.5463017537782631
0.1,1,T1ax+T2ax+FLAIRcor,1100001,3,Cerebellar degeneration,27,94,2512,0.7524989880858104,0.13236287402489316
0.1,1,T1ax+T2ax+FLAIRcor,1100001,3,Mega cisterna magna,28,20,2512,0.6294542536115569,0.014297606027154644
0.1,1,T1ax+T2ax+FLAIRcor,1100001,3,Foraminal Spinal Stenosis,33,25,2512,0.6844390832328106,0.01819029925530258
0.1,1,T1ax+T2ax+T1sag,1100010,3,Cerebral infarction,0,161,2512,0.7554971982320196,0.20567847902827538
0.1,1,T1ax+T2ax+T1sag,1100010,3,Cerebral hemorrhage,1,127,2512,0.7925749847306823,0.22369519683605607
0.1,1,T1ax+T2ax+T1sag,1100010,3,Metastatic malignant neoplasm to brain,2,144,2512,0.7457799596471472,0.17442282541038523
0.1,1,T1ax+T2ax+T1sag,1100010,3,Intracranial meningioma,3,62,2512,0.6425543120473997,0.050915359980849464
0.1,1,T1ax+T2ax+T1sag,1100010,3,Demyelinating disease of central nervous system,4,66,2512,0.7986570529497757,0.15816118556595438
0.1,1,T1ax+T2ax+T1sag,1100010,3,Herniation of nucleus pulposus,5,42,2512,0.6453248505880085,0.03502289665079174
0.1,1,T1ax+T2ax+T1sag,1100010,3,Spinal cord compression,6,23,2512,0.5183153702377417,0.010154590709850878
0.1,1,T1ax+T2ax+T1sag,1100010,3,Lacunar infarct,7,86,2512,0.8226240917195498,0.13890209407601478
0.1,1,T1ax+T2ax+T1sag,1100010,3,Silent micro-hemorrhage of brain,8,77,2512,0.623707298861303,0.049595591248555594
0.1,1,T1ax+T2ax+T1sag,1100010,3,Gliosis,11,1027,2512,0.7247977994813437,0.6502647245381821
0.1,1,T1ax+T2ax+T1sag,1100010,3,Cerebral atrophy,12,324,2512,0.8879254406752882,0.6211518258523541
0.1,1,T1ax+T2ax+T1sag,1100010,3,Encephalomalacia,13,84,2512,0.6820085118066996,0.11921120340291225
0.1,1,T1ax+T2ax+T1sag,1100010,3,Arachnoid cyst,14,69,2512,0.6015708887267377,0.044763252791425956
0.1,1,T1ax+T2ax+T1sag,1100010,3,Empty sella syndrome,15,72,2512,0.6123804644808744,0.04043554161832403
0.1,1,T1ax+T2ax+T1sag,1100010,3,Cyst of pineal gland,19,27,2512,0.5608763693270735,0.04915825633361695
0.1,1,T1ax+T2ax+T1sag,1100010,3,Cerebral edema,22,197,2512,0.8432996020216861,0.4197304421613239
0.1,1,T1ax+T2ax+T1sag,1100010,3,Mastoiditis,24,62,2512,0.5314680710994075,0.06517522154424547
0.1,1,T1ax+T2ax+T1sag,1100010,3,Chronic mastoiditis,25,25,2512,0.6012223562525131,0.02101361707475527
0.1,1,T1ax+T2ax+T1sag,1100010,3,Ventriculomegaly,26,304,2512,0.8873772406559878,0.5540604988807397
0.1,1,T1ax+T2ax+T1sag,1100010,3,Cerebellar degeneration,27,94,2512,0.7905029653485386,0.13335552775256987
0.1,1,T1ax+T2ax+T1sag,1100010,3,Mega cisterna magna,28,20,2512,0.6320826645264848,0.012349717892043434
0.1,1,T1ax+T2ax+T1sag,1100010,3,Foraminal Spinal Stenosis,33,25,2512,0.5900120627261761,0.0121989890008109
0.1,1,T1ax+T2ax+SWIax,1100100,3,Cerebral infarction,0,161,2512,0.7916335324468775,0.24489432943125508
0.1,1,T1ax+T2ax+SWIax,1100100,3,Cerebral hemorrhage,1,127,2512,0.8224995460473101,0.27563461203552647
0.1,1,T1ax+T2ax+SWIax,1100100,3,Metastatic malignant neoplasm to brain,2,144,2512,0.7438180367867869,0.1670261658513796
0.1,1,T1ax+T2ax+SWIax,1100100,3,Intracranial meningioma,3,62,2512,0.679835418038183,0.05201845714134222
0.1,1,T1ax+T2ax+SWIax,1100100,3,Demyelinating disease of central nervous system,4,66,2512,0.801710894719889,0.09040047395061945
0.1,1,T1ax+T2ax+SWIax,1100100,3,Herniation of nucleus pulposus,5,42,2512,0.7005108926161557,0.03496332604075231
0.1,1,T1ax+T2ax+SWIax,1100100,3,Spinal cord compression,6,23,2512,0.49504777542928013,0.010021265713718534
0.1,1,T1ax+T2ax+SWIax,1100100,3,Lacunar infarct,7,86,2512,0.8312132134435094,0.14102509204101674
0.1,1,T1ax+T2ax+SWIax,1100100,3,Silent micro-hemorrhage of brain,8,77,2512,0.7085628950105336,0.07658543360012066
0.1,1,T1ax+T2ax+SWIax,1100100,3,Gliosis,11,1027,2512,0.7287205059356957,0.6486632500157016
0.1,1,T1ax+T2ax+SWIax,1100100,3,Cerebral atrophy,12,324,2512,0.8896872954612138,0.6099787282752244
0.1,1,T1ax+T2ax+SWIax,1100100,3,Encephalomalacia,13,84,2512,0.6517611987134228,0.0953523798550222
0.1,1,T1ax+T2ax+SWIax,1100100,3,Arachnoid cyst,14,69,2512,0.6254130405120814,0.05065720749992998
0.1,1,T1ax+T2ax+SWIax,1100100,3,Empty sella syndrome,15,72,2512,0.648457422586521,0.04603190910886924
0.1,1,T1ax+T2ax+SWIax,1100100,3,Cyst of pineal gland,19,27,2512,0.6208659363588941,0.053187146251249595
0.1,1,T1ax+T2ax+SWIax,1100100,3,Cerebral edema,22,197,2512,0.8307550624376445,0.4439529707567093
0.1,1,T1ax+T2ax+SWIax,1100100,3,Mastoiditis,24,62,2512,0.5704015799868335,0.044199399164746224
0.1,1,T1ax+T2ax+SWIax,1100100,3,Chronic mastoiditis,25,25,2512,0.6542340168878167,0.026649433106427593
0.1,1,T1ax+T2ax+SWIax,1100100,3,Ventriculomegaly,26,304,2512,0.8789017806064073,0.5469032852408925
0.1,1,T1ax+T2ax+SWIax,1100100,3,Cerebellar degeneration,27,94,2512,0.735102863277194,0.1331451303704408
0.1,1,T1ax+T2ax+SWIax,1100100,3,Mega cisterna magna,28,20,2512,0.7418539325842697,0.07117142045825148
0.1,1,T1ax+T2ax+SWIax,1100100,3,Foraminal Spinal Stenosis,33,25,2512,0.5677281865701649,0.011520607092308156
0.1,1,T1ax+T2ax+FLAIRsag,1101000,3,Cerebral infarction,0,161,2512,0.7820063353508881,0.2213781348648826
0.1,1,T1ax+T2ax+FLAIRsag,1101000,3,Cerebral hemorrhage,1,127,2512,0.8018917446639925,0.2329387884718726
0.1,1,T1ax+T2ax+FLAIRsag,1101000,3,Metastatic malignant neoplasm to brain,2,144,2512,0.7252780123873873,0.17733859288085696
0.1,1,T1ax+T2ax+FLAIRsag,1101000,3,Intracranial meningioma,3,62,2512,0.6839894667544438,0.0577721209199627
0.1,1,T1ax+T2ax+FLAIRsag,1101000,3,Demyelinating disease of central nervous system,4,66,2512,0.74627716246686,0.07870837610586548
0.1,1,T1ax+T2ax+FLAIRsag,1101000,3,Herniation of nucleus pulposus,5,42,2512,0.6736552920763447,0.030657111340783944
0.1,1,T1ax+T2ax+FLAIRsag,1101000,3,Spinal cord compression,6,23,2512,0.5135640295561339,0.010587061556435289
0.1,1,T1ax+T2ax+FLAIRsag,1101000,3,Lacunar infarct,7,86,2512,0.8401090895147529,0.15524587703253984
0.1,1,T1ax+T2ax+FLAIRsag,1101000,3,Silent micro-hemorrhage of brain,8,77,2512,0.6465239073041948,0.04930231221735579
0.1,1,T1ax+T2ax+FLAIRsag,1101000,3,Gliosis,11,1027,2512,0.7262065641812477,0.6523939998219841
0.1,1,T1ax+T2ax+FLAIRsag,1101000,3,Cerebral atrophy,12,324,2512,0.9010808111585076,0.6517292224216903
0.1,1,T1ax+T2ax+FLAIRsag,1101000,3,Encephalomalacia,13,84,2512,0.6819839962344081,0.13454737459779498
0.1,1,T1ax+T2ax+FLAIRsag,1101000,3,Arachnoid cyst,14,69,2512,0.6078947836765203,0.04509947315213948
0.1,1,T1ax+T2ax+FLAIRsag,1101000,3,Empty sella syndrome,15,72,2512,0.637596766848816,0.04543241703769497
0.1,1,T1ax+T2ax+FLAIRsag,1101000,3,Cyst of pineal gland,19,27,2512,0.6244280497801624,0.016882278693514857
0.1,1,T1ax+T2ax+FLAIRsag,1101000,3,Cerebral edema,22,197,2512,0.8485204635405817,0.4652954406203229
0.1,1,T1ax+T2ax+FLAIRsag,1101000,3,Mastoiditis,24,62,2512,0.5958591178406847,0.03761139369981768
0.1,1,T1ax+T2ax+FLAIRsag,1101000,3,Chronic mastoiditis,25,25,2512,0.6523843988741456,0.02375070669092987
0.1,1,T1ax+T2ax+FLAIRsag,1101000,3,Ventriculomegaly,26,304,2512,0.8810843344774981,0.5379688808814126
0.1,1,T1ax+T2ax+FLAIRsag,1101000,3,Cerebellar degeneration,27,94,2512,0.7501671858226422,0.16463580029432676
0.1,1,T1ax+T2ax+FLAIRsag,1101000,3,Mega cisterna magna,28,20,2512,0.6419341894060995,0.016548226589628453
0.1,1,T1ax+T2ax+FLAIRsag,1101000,3,Foraminal Spinal Stenosis,33,25,2512,0.605902694008846,0.013205033203827037
0.1,1,T1ax+T2ax+FLAIRax,1110000,3,Cerebral infarction,0,161,2512,0.7807619857811265,0.2265121728163795
0.1,1,T1ax+T2ax+FLAIRax,1110000,3,Cerebral hemorrhage,1,127,2512,0.7958170323049242,0.2284091462966499
0.1,1,T1ax+T2ax+FLAIRax,1110000,3,Metastatic malignant neoplasm to brain,2,144,2512,0.7472345392267268,0.17650946964828426
0.1,1,T1ax+T2ax+FLAIRax,1110000,3,Intracranial meningioma,3,62,2512,0.6956550362080316,0.08032004648666344
0.1,1,T1ax+T2ax+FLAIRax,1110000,3,Demyelinating disease of central nervous system,4,66,2512,0.8237877548997745,0.16092660690025812
0.1,1,T1ax+T2ax+FLAIRax,1110000,3,Herniation of nucleus pulposus,5,42,2512,0.6745999614420667,0.03181702561782292
0.1,1,T1ax+T2ax+FLAIRax,1110000,3,Spinal cord compression,6,23,2512,0.5364123884221008,0.015734201497539835
0.1,1,T1ax+T2ax+FLAIRax,1110000,3,Lacunar infarct,7,86,2512,0.8333317356544413,0.16087802409369206
0.1,1,T1ax+T2ax+FLAIRax,1110000,3,Silent micro-hemorrhage of brain,8,77,2512,0.6904717459132245,0.06212882158973012
0.1,1,T1ax+T2ax+FLAIRax,1110000,3,Gliosis,11,1027,2512,0.737392752582626,0.6639605030773503
0.1,1,T1ax+T2ax+FLAIRax,1110000,3,Cerebral atrophy,12,324,2512,0.8917665380188232,0.6338142725836009
0.1,1,T1ax+T2ax+FLAIRax,1110000,3,Encephalomalacia,13,84,2512,0.6346395230250255,0.11361505911518083
0.1,1,T1ax+T2ax+FLAIRax,1110000,3,Arachnoid cyst,14,69,2512,0.6033921230134012,0.050522526990157725
0.1,1,T1ax+T2ax+FLAIRax,1110000,3,Empty sella syndrome,15,72,2512,0.6539048269581057,0.05286900946823337
0.1,1,T1ax+T2ax+FLAIRax,1110000,3,Cyst of pineal gland,19,27,2512,0.6162754303599374,0.01754318292500218
0.1,1,T1ax+T2ax+FLAIRax,1110000,3,Cerebral edema,22,197,2512,0.841663834405938,0.4608426929490306
0.1,1,T1ax+T2ax+FLAIRax,1110000,3,Mastoiditis,24,62,2512,0.5964318630678078,0.05033101726345895
0.1,1,T1ax+T2ax+FLAIRax,1110000,3,Chronic mastoiditis,25,25,2512,0.6953277040611179,0.023137153151678122
0.1,1,T1ax+T2ax+FLAIRax,1110000,3,Ventriculomegaly,26,304,2512,0.8849950538710908,0.5460774152363533
0.1,1,T1ax+T2ax+FLAIRax,1110000,3,Cerebellar degeneration,27,94,2512,0.7626709255055171,0.14570739175496084
0.1,1,T1ax+T2ax+FLAIRax,1110000,3,Mega cisterna magna,28,20,2512,0.7308988764044944,0.02325611146308926
0.1,1,T1ax+T2ax+FLAIRax,1110000,3,Foraminal Spinal Stenosis,33,25,2512,0.5839002814636107,0.013607042464382631
0.1,1,FLAIRsag+SWIax+T1sag+FLAIRcor,0001111,4,Cerebral infarction,0,161,2512,0.7369323480691445,0.18569305149290904
0.1,1,FLAIRsag+SWIax+T1sag+FLAIRcor,0001111,4,Cerebral hemorrhage,1,127,2512,0.7942521335776425,0.28840680482867187
0.1,1,FLAIRsag+SWIax+T1sag+FLAIRcor,0001111,4,Metastatic malignant neoplasm to brain,2,144,2512,0.759009009009009,0.20971686512161428
0.1,1,FLAIRsag+SWIax+T1sag+FLAIRcor,0001111,4,Intracranial meningioma,3,62,2512,0.6258327847267939,0.036957533979258494
0.1,1,FLAIRsag+SWIax+T1sag+FLAIRcor,0001111,4,Demyelinating disease of central nervous system,4,66,2512,0.6846614138110458,0.08432644380840809
0.1,1,FLAIRsag+SWIax+T1sag+FLAIRcor,0001111,4,Herniation of nucleus pulposus,5,42,2512,0.6751976094081358,0.032094961820974724
0.1,1,FLAIRsag+SWIax+T1sag+FLAIRcor,0001111,4,Spinal cord compression,6,23,2512,0.5913672332174612,0.015160580984141898
0.1,1,FLAIRsag+SWIax+T1sag+FLAIRcor,0001111,4,Lacunar infarct,7,86,2512,0.852053336912134,0.1588991388965044
0.1,1,FLAIRsag+SWIax+T1sag+FLAIRcor,0001111,4,Silent micro-hemorrhage of brain,8,77,2512,0.7280700818688498,0.07744479683622495
0.1,1,FLAIRsag+SWIax+T1sag+FLAIRcor,0001111,4,Gliosis,11,1027,2512,0.7257324953527485,0.6404096427056878
0.1,1,FLAIRsag+SWIax+T1sag+FLAIRcor,0001111,4,Cerebral atrophy,12,324,2512,0.8853792854402238,0.6124148656615022
0.1,1,FLAIRsag+SWIax+T1sag+FLAIRcor,0001111,4,Encephalomalacia,13,84,2512,0.6999195889228838,0.17292285693448775
0.1,1,FLAIRsag+SWIax+T1sag+FLAIRcor,0001111,4,Arachnoid cyst,14,69,2512,0.6250452342392046,0.06091708390504695
0.1,1,FLAIRsag+SWIax+T1sag+FLAIRcor,0001111,4,Empty sella syndrome,15,72,2512,0.6871470856102004,0.05154165337323413
0.1,1,FLAIRsag+SWIax+T1sag+FLAIRcor,0001111,4,Cyst of pineal gland,19,27,2512,0.6698114613607571,0.021876132731494975
0.1,1,FLAIRsag+SWIax+T1sag+FLAIRcor,0001111,4,Cerebral edema,22,197,2512,0.8554735722665029,0.5009493675430258
0.1,1,FLAIRsag+SWIax+T1sag+FLAIRcor,0001111,4,Mastoiditis,24,62,2512,0.6146280447662936,0.03936148604678128
0.1,1,FLAIRsag+SWIax+T1sag+FLAIRcor,0001111,4,Chronic mastoiditis,25,25,2512,0.5790430237233615,0.017073657751530753
0.1,1,FLAIRsag+SWIax+T1sag+FLAIRcor,0001111,4,Ventriculomegaly,26,304,2512,0.87855018831045,0.5136314915758525
0.1,1,FLAIRsag+SWIax+T1sag+FLAIRcor,0001111,4,Cerebellar degeneration,27,94,2512,0.7649279341111873,0.12186681058524748
0.1,1,FLAIRsag+SWIax+T1sag+FLAIRcor,0001111,4,Mega cisterna magna,28,20,2512,0.5543338683788122,0.011754488858511047
0.1,1,FLAIRsag+SWIax+T1sag+FLAIRcor,0001111,4,Foraminal Spinal Stenosis,33,25,2512,0.6695295536791315,0.017735328001153766
0.1,1,FLAIRax+SWIax+T1sag+FLAIRcor,0010111,4,Cerebral infarction,0,161,2512,0.7513335147459386,0.1869076241957661
0.1,1,FLAIRax+SWIax+T1sag+FLAIRcor,0010111,4,Cerebral hemorrhage,1,127,2512,0.8044767988907047,0.3129132364659873
0.1,1,FLAIRax+SWIax+T1sag+FLAIRcor,0010111,4,Metastatic malignant neoplasm to brain,2,144,2512,0.7802939658408408,0.227228501989001
0.1,1,FLAIRax+SWIax+T1sag+FLAIRcor,0010111,4,Intracranial meningioma,3,62,2512,0.6274061882817644,0.04245273074170541
0.1,1,FLAIRax+SWIax+T1sag+FLAIRcor,0010111,4,Demyelinating disease of central nervous system,4,66,2512,0.7156148566614634,0.1149839361790229
0.1,1,FLAIRax+SWIax+T1sag+FLAIRcor,0010111,4,Herniation of nucleus pulposus,5,42,2512,0.691497975708502,0.03211734122458252
0.1,1,FLAIRax+SWIax+T1sag+FLAIRcor,0010111,4,Spinal cord compression,6,23,2512,0.5988785438538264,0.06020057550472346
0.1,1,FLAIRax+SWIax+T1sag+FLAIRcor,0010111,4,Lacunar infarct,7,86,2512,0.8566306869380166,0.16611279290709816
0.1,1,FLAIRax+SWIax+T1sag+FLAIRcor,0010111,4,Silent micro-hemorrhage of brain,8,77,2512,0.7453585428944772,0.09597177736355997
0.1,1,FLAIRax+SWIax+T1sag+FLAIRcor,0010111,4,Gliosis,11,1027,2512,0.731094128562483,0.6498960941568774
0.1,1,FLAIRax+SWIax+T1sag+FLAIRcor,0010111,4,Cerebral atrophy,12,324,2512,0.8809372672489675,0.6121197579154602
0.1,1,FLAIRax+SWIax+T1sag+FLAIRcor,0010111,4,Encephalomalacia,13,84,2512,0.684950380481682,0.13887621197860445
0.1,1,FLAIRax+SWIax+T1sag+FLAIRcor,0010111,4,Arachnoid cyst,14,69,2512,0.6408253098174612,0.06883344616162992
0.1,1,FLAIRax+SWIax+T1sag+FLAIRcor,0010111,4,Empty sella syndrome,15,72,2512,0.6722905282331513,0.048270497568959174
0.1,1,FLAIRax+SWIax+T1sag+FLAIRcor,0010111,4,Cyst of pineal gland,19,27,2512,0.6441761681198301,0.017709662139028914
0.1,1,FLAIRax+SWIax+T1sag+FLAIRcor,0010111,4,Cerebral edema,22,197,2512,0.8512306629682823,0.4934220347874046
0.1,1,FLAIRax+SWIax+T1sag+FLAIRcor,0010111,4,Mastoiditis,24,62,2512,0.6319420671494405,0.0526881594386239
0.1,1,FLAIRax+SWIax+T1sag+FLAIRcor,0010111,4,Chronic mastoiditis,25,25,2512,0.6309770808202654,0.017864464732313866
0.1,1,FLAIRax+SWIax+T1sag+FLAIRcor,0010111,4,Ventriculomegaly,26,304,2512,0.884798400553013,0.534334710212397
0.1,1,FLAIRax+SWIax+T1sag+FLAIRcor,0010111,4,Cerebellar degeneration,27,94,2512,0.7587684564348942,0.131597607426975
0.1,1,FLAIRax+SWIax+T1sag+FLAIRcor,0010111,4,Mega cisterna magna,28,20,2512,0.5842094703049758,0.017373685099608644
0.1,1,FLAIRax+SWIax+T1sag+FLAIRcor,0010111,4,Foraminal Spinal Stenosis,33,25,2512,0.626907921190189,0.014915210486574078
0.1,1,FLAIRax+FLAIRsag+T1sag+FLAIRcor,0011011,4,Cerebral infarction,0,161,2512,0.7358835014041865,0.17582809319941484
0.1,1,FLAIRax+FLAIRsag+T1sag+FLAIRcor,0011011,4,Cerebral hemorrhage,1,127,2512,0.7799897654302647,0.22486907542000623
0.1,1,FLAIRax+FLAIRsag+T1sag+FLAIRcor,0011011,4,Metastatic malignant neoplasm to brain,2,144,2512,0.7560587931681682,0.19147005113202875
0.1,1,FLAIRax+FLAIRsag+T1sag+FLAIRcor,0011011,4,Intracranial meningioma,3,62,2512,0.6395589203423304,0.0409633900001199
0.1,1,FLAIRax+FLAIRsag+T1sag+FLAIRcor,0011011,4,Demyelinating disease of central nervous system,4,66,2512,0.7247144379196709,0.12091025798162915
0.1,1,FLAIRax+FLAIRsag+T1sag+FLAIRcor,0011011,4,Herniation of nucleus pulposus,5,42,2512,0.6551089261615577,0.03115734769512357
0.1,1,FLAIRax+FLAIRsag+T1sag+FLAIRcor,0011011,4,Spinal cord compression,6,23,2512,0.6104075322724335,0.03034304040663399
0.1,1,FLAIRax+FLAIRsag+T1sag+FLAIRcor,0011011,4,Lacunar infarct,7,86,2512,0.8231177744972106,0.13729568177363535
0.1,1,FLAIRax+FLAIRsag+T1sag+FLAIRcor,0011011,4,Silent micro-hemorrhage of brain,8,77,2512,0.6789994399850664,0.08180871143951621
0.1,1,FLAIRax+FLAIRsag+T1sag+FLAIRcor,0011011,4,Gliosis,11,1027,2512,0.7314941036460023,0.6500399202894445
0.1,1,FLAIRax+FLAIRsag+T1sag+FLAIRcor,0011011,4,Cerebral atrophy,12,324,2512,0.8940404450763988,0.649113814544263
0.1,1,FLAIRax+FLAIRsag+T1sag+FLAIRcor,0011011,4,Encephalomalacia,13,84,2512,0.6791156742763003,0.15269532041656672
0.1,1,FLAIRax+FLAIRsag+T1sag+FLAIRcor,0011011,4,Arachnoid cyst,14,69,2512,0.6935461863828626,0.09306141944083886
0.1,1,FLAIRax+FLAIRsag+T1sag+FLAIRcor,0011011,4,Empty sella syndrome,15,72,2512,0.6715334699453551,0.04695705460267134
0.1,1,FLAIRax+FLAIRsag+T1sag+FLAIRcor,0011011,4,Cyst of pineal gland,19,27,2512,0.6362322080631939,0.017287861514159494
0.1,1,FLAIRax+FLAIRsag+T1sag+FLAIRcor,0011011,4,Cerebral edema,22,197,2512,0.848213483022881,0.5133748379966746
0.1,1,FLAIRax+FLAIRsag+T1sag+FLAIRcor,0011011,4,Mastoiditis,24,62,2512,0.6008558262014483,0.042230565399538574
0.1,1,FLAIRax+FLAIRsag+T1sag+FLAIRcor,0011011,4,Chronic mastoiditis,25,25,2512,0.6401930036188178,0.0327017651967932
0.1,1,FLAIRax+FLAIRsag+T1sag+FLAIRcor,0011011,4,Ventriculomegaly,26,304,2512,0.8841063894450801,0.5304816794452504
0.1,1,FLAIRax+FLAIRsag+T1sag+FLAIRcor,0011011,4,Cerebellar degeneration,27,94,2512,0.766366612111293,0.1398798700026445
0.1,1,FLAIRax+FLAIRsag+T1sag+FLAIRcor,0011011,4,Mega cisterna magna,28,20,2512,0.5281902086677368,0.012842632545625144
0.1,1,FLAIRax+FLAIRsag+T1sag+FLAIRcor,0011011,4,Foraminal Spinal Stenosis,33,25,2512,0.6285323683152393,0.01417479772626851
0.1,1,FLAIRax+FLAIRsag+SWIax+FLAIRcor,0011101,4,Cerebral infarction,0,161,2512,0.775081833817247,0.24213218296183808
0.1,1,FLAIRax+FLAIRsag+SWIax+FLAIRcor,0011101,4,Cerebral hemorrhage,1,127,2512,0.8181085854834184,0.2815230790731178
0.1,1,FLAIRax+FLAIRsag+SWIax+FLAIRcor,0011101,4,Metastatic malignant neoplasm to brain,2,144,2512,0.7909599052177178,0.22760956342045152
0.1,1,FLAIRax+FLAIRsag+SWIax+FLAIRcor,0011101,4,Intracranial meningioma,3,62,2512,0.6829756418696511,0.05433314536226753
0.1,1,FLAIRax+FLAIRsag+SWIax+FLAIRcor,0011101,4,Demyelinating disease of central nervous system,4,66,2512,0.7033251567184519,0.08951760270836324
0.1,1,FLAIRax+FLAIRsag+SWIax+FLAIRcor,0011101,4,Herniation of nucleus pulposus,5,42,2512,0.7196838249469828,0.0376250120829542
0.1,1,FLAIRax+FLAIRsag+SWIax+FLAIRcor,0011101,4,Spinal cord compression,6,23,2512,0.622740056247489,0.02479854480881766
0.1,1,FLAIRax+FLAIRsag+SWIax+FLAIRcor,0011101,4,Lacunar infarct,7,86,2512,0.855322187925382,0.181810620568594
0.1,1,FLAIRax+FLAIRsag+SWIax+FLAIRcor,0011101,4,Silent micro-hemorrhage of brain,8,77,2512,0.7522920611216299,0.10960359372907696
0.1,1,FLAIRax+FLAIRsag+SWIax+FLAIRcor,0011101,4,Gliosis,11,1027,2512,0.7260570652975717,0.6474844116137193
0.1,1,FLAIRax+FLAIRsag+SWIax+FLAIRcor,0011101,4,Cerebral atrophy,12,324,2512,0.8915394294355294,0.6183815028339515
0.1,1,FLAIRax+FLAIRsag+SWIax+FLAIRcor,0011101,4,Encephalomalacia,13,84,2512,0.6962520593080727,0.17942922741620448
0.1,1,FLAIRax+FLAIRsag+SWIax+FLAIRcor,0011101,4,Arachnoid cyst,14,69,2512,0.6637538782798532,0.09534556767828423
0.1,1,FLAIRax+FLAIRsag+SWIax+FLAIRcor,0011101,4,Empty sella syndrome,15,72,2512,0.6927937158469946,0.05934497428996059
0.1,1,FLAIRax+FLAIRsag+SWIax+FLAIRcor,0011101,4,Cyst of pineal gland,19,27,2512,0.6664878157835904,0.01659669392073403
0.1,1,FLAIRax+FLAIRsag+SWIax+FLAIRcor,0011101,4,Cerebral edema,22,197,2512,0.8435254519739943,0.5052316876100182
0.1,1,FLAIRax+FLAIRsag+SWIax+FLAIRcor,0011101,4,Mastoiditis,24,62,2512,0.6806451612903225,0.06770476209369455
0.1,1,FLAIRax+FLAIRsag+SWIax+FLAIRcor,0011101,4,Chronic mastoiditis,25,25,2512,0.6387615601125853,0.028203454581152455
0.1,1,FLAIRax+FLAIRsag+SWIax+FLAIRcor,0011101,4,Ventriculomegaly,26,304,2512,0.8853734625286042,0.5254284852155915
0.1,1,FLAIRax+FLAIRsag+SWIax+FLAIRcor,0011101,4,Cerebellar degeneration,27,94,2512,0.7268359643102265,0.12396966729711556
0.1,1,FLAIRax+FLAIRsag+SWIax+FLAIRcor,0011101,4,Mega cisterna magna,28,20,2512,0.6242375601926164,0.014748161723592326
0.1,1,FLAIRax+FLAIRsag+SWIax+FLAIRcor,0011101,4,Foraminal Spinal Stenosis,33,25,2512,0.6192681946119823,0.015090751632121448
0.1,1,FLAIRax+FLAIRsag+SWIax+T1sag,0011110,4,Cerebral infarction,0,161,2512,0.7542211454885063,0.20739566751083544
0.1,1,FLAIRax+FLAIRsag+SWIax+T1sag,0011110,4,Cerebral hemorrhage,1,127,2512,0.8122715792601397,0.2834644063513708
0.1,1,FLAIRax+FLAIRsag+SWIax+T1sag,0011110,4,Metastatic malignant neoplasm to brain,2,144,2512,0.8012592670795796,0.2201120908887143
0.1,1,FLAIRax+FLAIRsag+SWIax+T1sag,0011110,4,Intracranial meningioma,3,62,2512,0.6157867017774853,0.03886782077464228
0.1,1,FLAIRax+FLAIRsag+SWIax+T1sag,0011110,4,Demyelinating disease of central nervous system,4,66,2512,0.7127778190738125,0.10706183706915268
0.1,1,FLAIRax+FLAIRsag+SWIax+T1sag,0011110,4,Herniation of nucleus pulposus,5,42,2512,0.7164449585502217,0.037496143938883474
0.1,1,FLAIRax+FLAIRsag+SWIax+T1sag,0011110,4,Spinal cord compression,6,23,2512,0.5894107988191521,0.017236563382512803
0.1,1,FLAIRax+FLAIRsag+SWIax+T1sag,0011110,4,Lacunar infarct,7,86,2512,0.8507160796794416,0.17120346757050278
0.1,1,FLAIRax+FLAIRsag+SWIax+T1sag,0011110,4,Silent micro-hemorrhage of brain,8,77,2512,0.7099335982292863,0.08191134143972914
0.1,1,FLAIRax+FLAIRsag+SWIax+T1sag,0011110,4,Gliosis,11,1027,2512,0.726832754680856,0.6427374478790242
0.1,1,FLAIRax+FLAIRsag+SWIax+T1sag,0011110,4,Cerebral atrophy,12,324,2512,0.8867645067370845,0.610322864218502
0.1,1,FLAIRax+FLAIRsag+SWIax+T1sag,0011110,4,Encephalomalacia,13,84,2512,0.7058719698752648,0.16594379172077967
0.1,1,FLAIRax+FLAIRsag+SWIax+T1sag,0011110,4,Arachnoid cyst,14,69,2512,0.6770067688218927,0.0676901503268657
0.1,1,FLAIRax+FLAIRsag+SWIax+T1sag,0011110,4,Empty sella syndrome,15,72,2512,0.5946778233151184,0.036833101686445616
0.1,1,FLAIRax+FLAIRsag+SWIax+T1sag,0011110,4,Cyst of pineal gland,19,27,2512,0.6181086519114688,0.023451409944670508
0.1,1,FLAIRax+FLAIRsag+SWIax+T1sag,0011110,4,Cerebral edema,22,197,2512,0.867693589588975,0.5141618066399295
0.1,1,FLAIRax+FLAIRsag+SWIax+T1sag,0011110,4,Mastoiditis,24,62,2512,0.630493745885451,0.0456417373714213
0.1,1,FLAIRax+FLAIRsag+SWIax+T1sag,0011110,4,Chronic mastoiditis,25,25,2512,0.6199437072778448,0.04719314121036467
0.1,1,FLAIRax+FLAIRsag+SWIax+T1sag,0011110,4,Ventriculomegaly,26,304,2512,0.8887702016590389,0.5364899400700363
0.1,1,FLAIRax+FLAIRsag+SWIax+T1sag,0011110,4,Cerebellar degeneration,27,94,2512,0.7596571810710453,0.12344279405480164
0.1,1,FLAIRax+FLAIRsag+SWIax+T1sag,0011110,4,Mega cisterna magna,28,20,2512,0.607483948635634,0.012732369244301215
0.1,1,FLAIRax+FLAIRsag+SWIax+T1sag,0011110,4,Foraminal Spinal Stenosis,33,25,2512,0.5751668677121029,0.011837311925370665
0.1,1,T2ax+SWIax+T1sag+FLAIRcor,0100111,4,Cerebral infarction,0,161,2512,0.7661468226815071,0.19933991954985628
0.1,1,T2ax+SWIax+T1sag+FLAIRcor,0100111,4,Cerebral hemorrhage,1,127,2512,0.814579309661764,0.31031801333406633
0.1,1,T2ax+SWIax+T1sag+FLAIRcor,0100111,4,Metastatic malignant neoplasm to brain,2,144,2512,0.7734023085585585,0.2099567239745647
0.1,1,T2ax+SWIax+T1sag+FLAIRcor,0100111,4,Intracranial meningioma,3,62,2512,0.5897893350888742,0.037358113095205196
0.1,1,T2ax+SWIax+T1sag+FLAIRcor,0100111,4,Demyelinating disease of central nervous system,4,66,2512,0.7384164622512946,0.09315222581714168
0.1,1,T2ax+SWIax+T1sag+FLAIRcor,0100111,4,Herniation of nucleus pulposus,5,42,2512,0.6656063235010603,0.03979859884615167
0.1,1,T2ax+SWIax+T1sag+FLAIRcor,0100111,4,Spinal cord compression,6,23,2512,0.5090397750100442,0.015421395206569113
0.1,1,T2ax+SWIax+T1sag+FLAIRcor,0100111,4,Lacunar infarct,7,86,2512,0.8421029927721007,0.1495464399436474
0.1,1,T2ax+SWIax+T1sag+FLAIRcor,0100111,4,Silent micro-hemorrhage of brain,8,77,2512,0.7043387823675299,0.07021226254075157
0.1,1,T2ax+SWIax+T1sag+FLAIRcor,0100111,4,Gliosis,11,1027,2512,0.729866008347021,0.6669185573768048
0.1,1,T2ax+SWIax+T1sag+FLAIRcor,0100111,4,Cerebral atrophy,12,324,2512,0.8895716252510889,0.6205372371821657
0.1,1,T2ax+SWIax+T1sag+FLAIRcor,0100111,4,Encephalomalacia,13,84,2512,0.6616949086059464,0.1229699200469966
0.1,1,T2ax+SWIax+T1sag+FLAIRcor,0100111,4,Arachnoid cyst,14,69,2512,0.6276020810716214,0.050214148397477995
0.1,1,T2ax+SWIax+T1sag+FLAIRcor,0100111,4,Empty sella syndrome,15,72,2512,0.6637636612021858,0.05127376031071826
0.1,1,T2ax+SWIax+T1sag+FLAIRcor,0100111,4,Cyst of pineal gland,19,27,2512,0.6483046426708399,0.05451368845352316
0.1,1,T2ax+SWIax+T1sag+FLAIRcor,0100111,4,Cerebral edema,22,197,2512,0.8575895451206542,0.48033592888109206
0.1,1,T2ax+SWIax+T1sag+FLAIRcor,0100111,4,Mastoiditis,24,62,2512,0.6153258722843976,0.040143047405159345
0.1,1,T2ax+SWIax+T1sag+FLAIRcor,0100111,4,Chronic mastoiditis,25,25,2512,0.6342581423401689,0.018614972585370752
0.1,1,T2ax+SWIax+T1sag+FLAIRcor,0100111,4,Ventriculomegaly,26,304,2512,0.8826232956712433,0.535020397455319
0.1,1,T2ax+SWIax+T1sag+FLAIRcor,0100111,4,Cerebellar degeneration,27,94,2512,0.7773832778980342,0.1406525425164694
0.1,1,T2ax+SWIax+T1sag+FLAIRcor,0100111,4,Mega cisterna magna,28,20,2512,0.6247993579454254,0.014505487817110533
0.1,1,T2ax+SWIax+T1sag+FLAIRcor,0100111,4,Foraminal Spinal Stenosis,33,25,2512,0.6393244873341375,0.015386609735907985
0.1,1,T2ax+FLAIRsag+T1sag+FLAIRcor,0101011,4,Cerebral infarction,0,161,2512,0.7499729202057536,0.18388239592856437
0.1,1,T2ax+FLAIRsag+T1sag+FLAIRcor,0101011,4,Cerebral hemorrhage,1,127,2512,0.7754172237904224,0.24043919028022698
0.1,1,T2ax+FLAIRsag+T1sag+FLAIRcor,0101011,4,Metastatic malignant neoplasm to brain,2,144,2512,0.7454104495120121,0.19221290658739804
0.1,1,T2ax+FLAIRsag+T1sag+FLAIRcor,0101011,4,Intracranial meningioma,3,62,2512,0.6257932850559579,0.039015288759299424
0.1,1,T2ax+FLAIRsag+T1sag+FLAIRcor,0101011,4,Demyelinating disease of central nervous system,4,66,2512,0.7271240615476102,0.10829827749026526
0.1,1,T2ax+FLAIRsag+T1sag+FLAIRcor,0101011,4,Herniation of nucleus pulposus,5,42,2512,0.662531328320802,0.0311910287389705
0.1,1,T2ax+FLAIRsag+T1sag+FLAIRcor,0101011,4,Spinal cord compression,6,23,2512,0.5337921637815082,0.01945950546258019
0.1,1,T2ax+FLAIRsag+T1sag+FLAIRcor,0101011,4,Lacunar infarct,7,86,2512,0.8385178013382157,0.14024420792581976
0.1,1,T2ax+FLAIRsag+T1sag+FLAIRcor,0101011,4,Silent micro-hemorrhage of brain,8,77,2512,0.6326195365209739,0.052853083866652356
0.1,1,T2ax+FLAIRsag+T1sag+FLAIRcor,0101011,4,Gliosis,11,1027,2512,0.739237883541681,0.6692101061936533
0.1,1,T2ax+FLAIRsag+T1sag+FLAIRcor,0101011,4,Cerebral atrophy,12,324,2512,0.8958403863949262,0.6404730254561866
0.1,1,T2ax+FLAIRsag+T1sag+FLAIRcor,0101011,4,Encephalomalacia,13,84,2512,0.6515895897073822,0.15179937688112918
0.1,1,T2ax+FLAIRsag+T1sag+FLAIRcor,0101011,4,Arachnoid cyst,14,69,2512,0.6347387092372766,0.05316389798275972
0.1,1,T2ax+FLAIRsag+T1sag+FLAIRcor,0101011,4,Empty sella syndrome,15,72,2512,0.6770719489981785,0.04896451216376407
0.1,1,T2ax+FLAIRsag+T1sag+FLAIRcor,0101011,4,Cyst of pineal gland,19,27,2512,0.6515835755272374,0.01983758897794783
0.1,1,T2ax+FLAIRsag+T1sag+FLAIRcor,0101011,4,Cerebral edema,22,197,2512,0.8527853000186381,0.4834224847822444
0.1,1,T2ax+FLAIRsag+T1sag+FLAIRcor,0101011,4,Mastoiditis,24,62,2512,0.5838643844634628,0.034133230181385345
0.1,1,T2ax+FLAIRsag+T1sag+FLAIRcor,0101011,4,Chronic mastoiditis,25,25,2512,0.6271974266184157,0.01781903001387361
0.1,1,T2ax+FLAIRsag+T1sag+FLAIRcor,0101011,4,Ventriculomegaly,26,304,2512,0.871370852402746,0.5174275063854805
0.1,1,T2ax+FLAIRsag+T1sag+FLAIRcor,0101011,4,Cerebellar degeneration,27,94,2512,0.768782007285782,0.13275210978943672
0.1,1,T2ax+FLAIRsag+T1sag+FLAIRcor,0101011,4,Mega cisterna magna,28,20,2512,0.5837881219903691,0.012550064325097787
0.1,1,T2ax+FLAIRsag+T1sag+FLAIRcor,0101011,4,Foraminal Spinal Stenosis,33,25,2512,0.6408202653799759,0.016070112039638637
0.1,1,T2ax+FLAIRsag+SWIax+FLAIRcor,0101101,4,Cerebral infarction,0,161,2512,0.7843682217954036,0.20903113383831765
0.1,1,T2ax+FLAIRsag+SWIax+FLAIRcor,0101101,4,Cerebral hemorrhage,1,127,2512,0.8131068522095115,0.28403170720975496
0.1,1,T2ax+FLAIRsag+SWIax+FLAIRcor,0101101,4,Metastatic malignant neoplasm to brain,2,144,2512,0.7777513841966969,0.2098051104706633
0.1,1,T2ax+FLAIRsag+SWIax+FLAIRcor,0101101,4,Intracranial meningioma,3,62,2512,0.6767412771560237,0.04280990488031029
0.1,1,T2ax+FLAIRsag+SWIax+FLAIRcor,0101101,4,Demyelinating disease of central nervous system,4,66,2512,0.7031021581307764,0.07626913112385691
0.1,1,T2ax+FLAIRsag+SWIax+FLAIRcor,0101101,4,Herniation of nucleus pulposus,5,42,2512,0.6949874686716792,0.03799067013707045
0.1,1,T2ax+FLAIRsag+SWIax+FLAIRcor,0101101,4,Spinal cord compression,6,23,2512,0.5374604782783378,0.013325902398797614
0.1,1,T2ax+FLAIRsag+SWIax+FLAIRcor,0101101,4,Lacunar infarct,7,86,2512,0.8623631588028912,0.16387182779953566
0.1,1,T2ax+FLAIRsag+SWIax+FLAIRcor,0101101,4,Silent micro-hemorrhage of brain,8,77,2512,0.7311608309554921,0.08708053489207342
0.1,1,T2ax+FLAIRsag+SWIax+FLAIRcor,0101101,4,Gliosis,11,1027,2512,0.7255928319219459,0.6601775586839163
0.1,1,T2ax+FLAIRsag+SWIax+FLAIRcor,0101101,4,Cerebral atrophy,12,324,2512,0.891268591870359,0.6291291911070547
0.1,1,T2ax+FLAIRsag+SWIax+FLAIRcor,0101101,4,Encephalomalacia,13,84,2512,0.6526486624303758,0.13767526590612608
0.1,1,T2ax+FLAIRsag+SWIax+FLAIRcor,0101101,4,Arachnoid cyst,14,69,2512,0.6470127605047251,0.06893525356244914
0.1,1,T2ax+FLAIRsag+SWIax+FLAIRcor,0101101,4,Empty sella syndrome,15,72,2512,0.6888148907103826,0.06503318199153096
0.1,1,T2ax+FLAIRsag+SWIax+FLAIRcor,0101101,4,Cyst of pineal gland,19,27,2512,0.670988896341009,0.022169004108647816
0.1,1,T2ax+FLAIRsag+SWIax+FLAIRcor,0101101,4,Cerebral edema,22,197,2512,0.8623280086831632,0.49875118184640965
0.1,1,T2ax+FLAIRsag+SWIax+FLAIRcor,0101101,4,Mastoiditis,24,62,2512,0.6661224489795918,0.052495284192196914
0.1,1,T2ax+FLAIRsag+SWIax+FLAIRcor,0101101,4,Chronic mastoiditis,25,25,2512,0.6806272617611581,0.02319062180896482
0.1,1,T2ax+FLAIRsag+SWIax+FLAIRcor,0101101,4,Ventriculomegaly,26,304,2512,0.8740807947177728,0.5179382284584753
0.1,1,T2ax+FLAIRsag+SWIax+FLAIRcor,0101101,4,Cerebellar degeneration,27,94,2512,0.7168840082361015,0.13288137484071277
0.1,1,T2ax+FLAIRsag+SWIax+FLAIRcor,0101101,4,Mega cisterna magna,28,20,2512,0.6505417335473516,0.01912094424542125
0.1,1,T2ax+FLAIRsag+SWIax+FLAIRcor,0101101,4,Foraminal Spinal Stenosis,33,25,2512,0.6321994370727785,0.016175977049438364
0.1,1,T2ax+FLAIRsag+SWIax+T1sag,0101110,4,Cerebral infarction,0,161,2512,0.7610056246714099,0.1998609214775216
0.1,1,T2ax+FLAIRsag+SWIax+T1sag,0101110,4,Cerebral hemorrhage,1,127,2512,0.8065567275788639,0.29171765906425207
0.1,1,T2ax+FLAIRsag+SWIax+T1sag,0101110,4,Metastatic malignant neoplasm to brain,2,144,2512,0.7789244322447447,0.19012531340698277
0.1,1,T2ax+FLAIRsag+SWIax+T1sag,0101110,4,Intracranial meningioma,3,62,2512,0.6145358788676762,0.050028156245012
0.1,1,T2ax+FLAIRsag+SWIax+T1sag,0101110,4,Demyelinating disease of central nervous system,4,66,2512,0.7171324859387003,0.08293205830767864
0.1,1,T2ax+FLAIRsag+SWIax+T1sag,0101110,4,Herniation of nucleus pulposus,5,42,2512,0.707653749759013,0.0364500900114301
0.1,1,T2ax+FLAIRsag+SWIax+T1sag,0101110,4,Spinal cord compression,6,23,2512,0.5258266808741069,0.011785096216564732
0.1,1,T2ax+FLAIRsag+SWIax+T1sag,0101110,4,Lacunar infarct,7,86,2512,0.8507975613029392,0.15092519171297458
0.1,1,T2ax+FLAIRsag+SWIax+T1sag,0101110,4,Silent micro-hemorrhage of brain,8,77,2512,0.6644017173791302,0.06316294239468861
0.1,1,T2ax+FLAIRsag+SWIax+T1sag,0101110,4,Gliosis,11,1027,2512,0.7252807202174292,0.6596696233465766
0.1,1,T2ax+FLAIRsag+SWIax+T1sag,0101110,4,Cerebral atrophy,12,324,2512,0.8925254474462274,0.6216824865697543
0.1,1,T2ax+FLAIRsag+SWIax+T1sag,0101110,4,Encephalomalacia,13,84,2512,0.7122950498156428,0.14556486431538007
0.1,1,T2ax+FLAIRsag+SWIax+T1sag,0101110,4,Arachnoid cyst,14,69,2512,0.6431685917172401,0.04597289204669414
0.1,1,T2ax+FLAIRsag+SWIax+T1sag,0101110,4,Empty sella syndrome,15,72,2512,0.6178790983606557,0.04254226163861531
0.1,1,T2ax+FLAIRsag+SWIax+T1sag,0101110,4,Cyst of pineal gland,19,27,2512,0.6352932409270436,0.053055792090864314
0.1,1,T2ax+FLAIRsag+SWIax+T1sag,0101110,4,Cerebral edema,22,197,2512,0.8651105678043218,0.4972723649865997
0.1,1,T2ax+FLAIRsag+SWIax+T1sag,0101110,4,Mastoiditis,24,62,2512,0.6016063199473337,0.04005137949017189
0.1,1,T2ax+FLAIRsag+SWIax+T1sag,0101110,4,Chronic mastoiditis,25,25,2512,0.6154081222356252,0.02261240653095108
0.1,1,T2ax+FLAIRsag+SWIax+T1sag,0101110,4,Ventriculomegaly,26,304,2512,0.88980710097254,0.5521079144417499
0.1,1,T2ax+FLAIRsag+SWIax+T1sag,0101110,4,Cerebellar degeneration,27,94,2512,0.7796534853844393,0.1367017033518454
0.1,1,T2ax+FLAIRsag+SWIax+T1sag,0101110,4,Mega cisterna magna,28,20,2512,0.6263242375601926,0.013132649314407614
0.1,1,T2ax+FLAIRsag+SWIax+T1sag,0101110,4,Foraminal Spinal Stenosis,33,25,2512,0.5913952553277041,0.012937559571170905
0.1,1,T2ax+FLAIRax+T1sag+FLAIRcor,0110011,4,Cerebral infarction,0,161,2512,0.7611271535041254,0.18120959693310945
0.1,1,T2ax+FLAIRax+T1sag+FLAIRcor,0110011,4,Cerebral hemorrhage,1,127,2512,0.7911553508641609,0.275203656962637
0.1,1,T2ax+FLAIRax+T1sag+FLAIRcor,0110011,4,Metastatic malignant neoplasm to brain,2,144,2512,0.7608770880255256,0.2081349783643893
0.1,1,T2ax+FLAIRax+T1sag+FLAIRcor,0110011,4,Intracranial meningioma,3,62,2512,0.6281961816984859,0.03839406859505586
0.1,1,T2ax+FLAIRax+T1sag+FLAIRcor,0110011,4,Demyelinating disease of central nervous system,4,66,2512,0.7536423102653683,0.12959349200182774
0.1,1,T2ax+FLAIRax+T1sag+FLAIRcor,0110011,4,Herniation of nucleus pulposus,5,42,2512,0.6628494312704839,0.032995857452460475
0.1,1,T2ax+FLAIRax+T1sag+FLAIRcor,0110011,4,Spinal cord compression,6,23,2512,0.5801876080842664,0.057211911953317096
0.1,1,T2ax+FLAIRax+T1sag+FLAIRcor,0110011,4,Lacunar infarct,7,86,2512,0.8437470043520773,0.14029882305124344
0.1,1,T2ax+FLAIRax+T1sag+FLAIRcor,0110011,4,Silent micro-hemorrhage of brain,8,77,2512,0.6629776794047842,0.060851019379645696
0.1,1,T2ax+FLAIRax+T1sag+FLAIRcor,0110011,4,Gliosis,11,1027,2512,0.74274717312692,0.6727175023479623
0.1,1,T2ax+FLAIRax+T1sag+FLAIRcor,0110011,4,Cerebral atrophy,12,324,2512,0.8909145281783917,0.6467139803219214
0.1,1,T2ax+FLAIRax+T1sag+FLAIRcor,0110011,4,Encephalomalacia,13,84,2512,0.6509521848278026,0.12982013795661523
0.1,1,T2ax+FLAIRax+T1sag+FLAIRcor,0110011,4,Arachnoid cyst,14,69,2512,0.6592690146944539,0.0669027751729849
0.1,1,T2ax+FLAIRax+T1sag+FLAIRcor,0110011,4,Empty sella syndrome,15,72,2512,0.6629895264116575,0.04955413668334829
0.1,1,T2ax+FLAIRax+T1sag+FLAIRcor,0110011,4,Cyst of pineal gland,19,27,2512,0.6529398613905656,0.01681551730645904
0.1,1,T2ax+FLAIRax+T1sag+FLAIRcor,0110011,4,Cerebral edema,22,197,2512,0.8443893828595235,0.4924174766789761
0.1,1,T2ax+FLAIRax+T1sag+FLAIRcor,0110011,4,Mastoiditis,24,62,2512,0.5910138248847927,0.04523686485042844
0.1,1,T2ax+FLAIRax+T1sag+FLAIRcor,0110011,4,Chronic mastoiditis,25,25,2512,0.665589063128267,0.020435262042910754
0.1,1,T2ax+FLAIRax+T1sag+FLAIRcor,0110011,4,Ventriculomegaly,26,304,2512,0.8793904343058734,0.5335354148976525
0.1,1,T2ax+FLAIRax+T1sag+FLAIRcor,0110011,4,Cerebellar degeneration,27,94,2512,0.7881139679355191,0.14755723223699044
0.1,1,T2ax+FLAIRax+T1sag+FLAIRcor,0110011,4,Mega cisterna magna,28,20,2512,0.6100120385232745,0.01774740744632855
0.1,1,T2ax+FLAIRax+T1sag+FLAIRcor,0110011,4,Foraminal Spinal Stenosis,33,25,2512,0.6090550864495375,0.014318563132311736
0.1,1,T2ax+FLAIRax+SWIax+FLAIRcor,0110101,4,Cerebral infarction,0,161,2512,0.8103410468916359,0.252319774430673
0.1,1,T2ax+FLAIRax+SWIax+FLAIRcor,0110101,4,Cerebral hemorrhage,1,127,2512,0.8239852093959953,0.3066500802431833
0.1,1,T2ax+FLAIRax+SWIax+FLAIRcor,0110101,4,Metastatic malignant neoplasm to brain,2,144,2512,0.7845228040540542,0.21398900279690364
0.1,1,T2ax+FLAIRax+SWIax+FLAIRcor,0110101,4,Intracranial meningioma,3,62,2512,0.679466754443713,0.04909876677915241
0.1,1,T2ax+FLAIRax+SWIax+FLAIRcor,0110101,4,Demyelinating disease of central nervous system,4,66,2512,0.769338933075646,0.0889100895299343
0.1,1,T2ax+FLAIRax+SWIax+FLAIRcor,0110101,4,Herniation of nucleus pulposus,5,42,2512,0.7058029689608638,0.03704757012020713
0.1,1,T2ax+FLAIRax+SWIax+FLAIRcor,0110101,4,Spinal cord compression,6,23,2512,0.5906685066466365,0.038716223811691534
0.1,1,T2ax+FLAIRax+SWIax+FLAIRcor,0110101,4,Lacunar infarct,7,86,2512,0.8694424739738108,0.17036659326665968
0.1,1,T2ax+FLAIRax+SWIax+FLAIRcor,0110101,4,Silent micro-hemorrhage of brain,8,77,2512,0.7346275900690685,0.09458045790039527
0.1,1,T2ax+FLAIRax+SWIax+FLAIRcor,0110101,4,Gliosis,11,1027,2512,0.7332382572888902,0.6685846533034611
0.1,1,T2ax+FLAIRax+SWIax+FLAIRcor,0110101,4,Cerebral atrophy,12,324,2512,0.8910696955334371,0.6148304666865643
0.1,1,T2ax+FLAIRax+SWIax+FLAIRcor,0110101,4,Encephalomalacia,13,84,2512,0.6357819486938103,0.13956799576745954
0.1,1,T2ax+FLAIRax+SWIax+FLAIRcor,0110101,4,Arachnoid cyst,14,69,2512,0.639976982446149,0.06876208391095041
0.1,1,T2ax+FLAIRax+SWIax+FLAIRcor,0110101,4,Empty sella syndrome,15,72,2512,0.7128415300546448,0.06212839938381673
0.1,1,T2ax+FLAIRax+SWIax+FLAIRcor,0110101,4,Cyst of pineal gland,19,27,2512,0.6838363514419852,0.01886871405102692
0.1,1,T2ax+FLAIRax+SWIax+FLAIRcor,0110101,4,Cerebral edema,22,197,2512,0.8522393132407275,0.5059045387528165
0.1,1,T2ax+FLAIRax+SWIax+FLAIRcor,0110101,4,Mastoiditis,24,62,2512,0.6719815668202765,0.07433015249552392
0.1,1,T2ax+FLAIRax+SWIax+FLAIRcor,0110101,4,Chronic mastoiditis,25,25,2512,0.6790671491757138,0.021832923695527574
0.1,1,T2ax+FLAIRax+SWIax+FLAIRcor,0110101,4,Ventriculomegaly,26,304,2512,0.8786596884534708,0.5400235368825212
0.1,1,T2ax+FLAIRax+SWIax+FLAIRcor,0110101,4,Cerebellar degeneration,27,94,2512,0.7347068968551467,0.1274984160442701
0.1,1,T2ax+FLAIRax+SWIax+FLAIRcor,0110101,4,Mega cisterna magna,28,20,2512,0.703290529695024,0.047572599783863724
0.1,1,T2ax+FLAIRax+SWIax+FLAIRcor,0110101,4,Foraminal Spinal Stenosis,33,25,2512,0.6190912746280659,0.014462378454210273
0.1,1,T2ax+FLAIRax+SWIax+T1sag,0110110,4,Cerebral infarction,0,161,2512,0.7810922271743754,0.21221574811202087
0.1,1,T2ax+FLAIRax+SWIax+T1sag,0110110,4,Cerebral hemorrhage,1,127,2512,0.8176562835305965,0.30955888525246344
0.1,1,T2ax+FLAIRax+SWIax+T1sag,0110110,4,Metastatic malignant neoplasm to brain,2,144,2512,0.8004058746246246,0.21291055015481744
0.1,1,T2ax+FLAIRax+SWIax+T1sag,0110110,4,Intracranial meningioma,3,62,2512,0.6266161948650427,0.0456601895528832
0.1,1,T2ax+FLAIRax+SWIax+T1sag,0110110,4,Demyelinating disease of central nervous system,4,66,2512,0.7623144775638644,0.12477988864422636
0.1,1,T2ax+FLAIRax+SWIax+T1sag,0110110,4,Herniation of nucleus pulposus,5,42,2512,0.7198766146134568,0.03727008676301917
0.1,1,T2ax+FLAIRax+SWIax+T1sag,0110110,4,Spinal cord compression,6,23,2512,0.5491990846681922,0.01204917825892694
0.1,1,T2ax+FLAIRax+SWIax+T1sag,0110110,4,Lacunar infarct,7,86,2512,0.8504284974788627,0.15889215208708188
0.1,1,T2ax+FLAIRax+SWIax+T1sag,0110110,4,Silent micro-hemorrhage of brain,8,77,2512,0.6745139870396544,0.06890931618962169
0.1,1,T2ax+FLAIRax+SWIax+T1sag,0110110,4,Gliosis,11,1027,2512,0.727380917254335,0.655974080502761
0.1,1,T2ax+FLAIRax+SWIax+T1sag,0110110,4,Cerebral atrophy,12,324,2512,0.8870184169544315,0.6147008080071479
0.1,1,T2ax+FLAIRax+SWIax+T1sag,0110110,4,Encephalomalacia,13,84,2512,0.6573213305091394,0.1296015624011277
0.1,1,T2ax+FLAIRax+SWIax+T1sag,0110110,4,Arachnoid cyst,14,69,2512,0.6623360444215061,0.05393129403072474
0.1,1,T2ax+FLAIRax+SWIax+T1sag,0110110,4,Empty sella syndrome,15,72,2512,0.6015255009107467,0.03758173094152354
0.1,1,T2ax+FLAIRax+SWIax+T1sag,0110110,4,Cyst of pineal gland,19,27,2512,0.639868842685744,0.051522216388355635
0.1,1,T2ax+FLAIRax+SWIax+T1sag,0110110,4,Cerebral edema,22,197,2512,0.8583460328249882,0.5062850488880659
0.1,1,T2ax+FLAIRax+SWIax+T1sag,0110110,4,Mastoiditis,24,62,2512,0.6255694535878867,0.06183756069017725
0.1,1,T2ax+FLAIRax+SWIax+T1sag,0110110,4,Chronic mastoiditis,25,25,2512,0.6563088057901086,0.029935709093106277
0.1,1,T2ax+FLAIRax+SWIax+T1sag,0110110,4,Ventriculomegaly,26,304,2512,0.8906950204996186,0.5464215779257551
0.1,1,T2ax+FLAIRax+SWIax+T1sag,0110110,4,Cerebellar degeneration,27,94,2512,0.7957649191348574,0.13511814841845207
0.1,1,T2ax+FLAIRax+SWIax+T1sag,0110110,4,Mega cisterna magna,28,20,2512,0.7047150882825041,0.020729473551615033
0.1,1,T2ax+FLAIRax+SWIax+T1sag,0110110,4,Foraminal Spinal Stenosis,33,25,2512,0.5307760353839968,0.010775241777550747
0.1,1,T2ax+FLAIRax+FLAIRsag+FLAIRcor,0111001,4,Cerebral infarction,0,161,2512,0.7692114628108563,0.20101792968655152
0.1,1,T2ax+FLAIRax+FLAIRsag+FLAIRcor,0111001,4,Cerebral hemorrhage,1,127,2512,0.7925155581967349,0.2489460336114343
0.1,1,T2ax+FLAIRax+FLAIRsag+FLAIRcor,0111001,4,Metastatic malignant neoplasm to brain,2,144,2512,0.7733788475975976,0.19834070370182488
0.1,1,T2ax+FLAIRax+FLAIRsag+FLAIRcor,0111001,4,Intracranial meningioma,3,62,2512,0.6776234364713628,0.048720926322572994
0.1,1,T2ax+FLAIRax+FLAIRsag+FLAIRcor,0111001,4,Demyelinating disease of central nervous system,4,66,2512,0.7157139671448748,0.09920668868744371
0.1,1,T2ax+FLAIRax+FLAIRsag+FLAIRcor,0111001,4,Herniation of nucleus pulposus,5,42,2512,0.6841526894158473,0.03588743782357532
0.1,1,T2ax+FLAIRax+FLAIRsag+FLAIRcor,0111001,4,Spinal cord compression,6,23,2512,0.5985990532254966,0.03500919445295752
0.1,1,T2ax+FLAIRax+FLAIRsag+FLAIRcor,0111001,4,Lacunar infarct,7,86,2512,0.8383740102379262,0.15364773043941832
0.1,1,T2ax+FLAIRax+FLAIRsag+FLAIRcor,0111001,4,Silent micro-hemorrhage of brain,8,77,2512,0.709058908237553,0.07828566374522253
0.1,1,T2ax+FLAIRax+FLAIRsag+FLAIRcor,0111001,4,Gliosis,11,1027,2512,0.7374556994810159,0.6743828627249797
0.1,1,T2ax+FLAIRax+FLAIRsag+FLAIRcor,0111001,4,Cerebral atrophy,12,324,2512,0.9015364389374141,0.6570125479054844
0.1,1,T2ax+FLAIRax+FLAIRsag+FLAIRcor,0111001,4,Encephalomalacia,13,84,2512,0.6547275829606967,0.1416436063661447
0.1,1,T2ax+FLAIRax+FLAIRsag+FLAIRcor,0111001,4,Arachnoid cyst,14,69,2512,0.6706176179204708,0.08221778074836647
0.1,1,T2ax+FLAIRax+FLAIRsag+FLAIRcor,0111001,4,Empty sella syndrome,15,72,2512,0.6834130236794171,0.05115858490464431
0.1,1,T2ax+FLAIRax+FLAIRsag+FLAIRcor,0111001,4,Cyst of pineal gland,19,27,2512,0.6558163797600417,0.01652088951221436
0.1,1,T2ax+FLAIRax+FLAIRsag+FLAIRcor,0111001,4,Cerebral edema,22,197,2512,0.8461654844262205,0.49947869289703745
0.1,1,T2ax+FLAIRax+FLAIRsag+FLAIRcor,0111001,4,Mastoiditis,24,62,2512,0.6629098090849244,0.05317583946118103
0.1,1,T2ax+FLAIRax+FLAIRsag+FLAIRcor,0111001,4,Chronic mastoiditis,25,25,2512,0.6856936067551267,0.034406248039604674
0.1,1,T2ax+FLAIRax+FLAIRsag+FLAIRcor,0111001,4,Ventriculomegaly,26,304,2512,0.8712620971586575,0.5188055534481308
0.1,1,T2ax+FLAIRax+FLAIRsag+FLAIRcor,0111001,4,Cerebellar degeneration,27,94,2512,0.7536164933213664,0.1669220348540945
0.1,1,T2ax+FLAIRax+FLAIRsag+FLAIRcor,0111001,4,Mega cisterna magna,28,20,2512,0.6424759229534509,0.02125867925269568
0.1,1,T2ax+FLAIRax+FLAIRsag+FLAIRcor,0111001,4,Foraminal Spinal Stenosis,33,25,2512,0.5865540812223562,0.01697576134591549
0.1,1,T2ax+FLAIRax+FLAIRsag+T1sag,0111010,4,Cerebral infarction,0,161,2512,0.7642657677055621,0.18286761838390284
0.1,1,T2ax+FLAIRax+FLAIRsag+T1sag,0111010,4,Cerebral hemorrhage,1,127,2512,0.7976130342197791,0.2377853486597631
0.1,1,T2ax+FLAIRax+FLAIRsag+T1sag,0111010,4,Metastatic malignant neoplasm to brain,2,144,2512,0.775707347972973,0.19104952358939195
0.1,1,T2ax+FLAIRax+FLAIRsag+T1sag,0111010,4,Intracranial meningioma,3,62,2512,0.6288545095457538,0.05149527515590842
0.1,1,T2ax+FLAIRax+FLAIRsag+T1sag,0111010,4,Demyelinating disease of central nervous system,4,66,2512,0.7382492133105378,0.12153360235332082
0.1,1,T2ax+FLAIRax+FLAIRsag+T1sag,0111010,4,Herniation of nucleus pulposus,5,42,2512,0.6924812030075188,0.03371914895362084
0.1,1,T2ax+FLAIRax+FLAIRsag+T1sag,0111010,4,Spinal cord compression,6,23,2512,0.5756109490453648,0.01706777753152064
0.1,1,T2ax+FLAIRax+FLAIRsag+T1sag,0111010,4,Lacunar infarct,7,86,2512,0.8404541881554478,0.1446374615670183
0.1,1,T2ax+FLAIRax+FLAIRsag+T1sag,0111010,4,Silent micro-hemorrhage of brain,8,77,2512,0.6093442491799782,0.06254859443877848
0.1,1,T2ax+FLAIRax+FLAIRsag+T1sag,0111010,4,Gliosis,11,1027,2512,0.7410115435431891,0.6707664451706081
0.1,1,T2ax+FLAIRax+FLAIRsag+T1sag,0111010,4,Cerebral atrophy,12,324,2512,0.8982525334597241,0.6447712176497091
0.1,1,T2ax+FLAIRax+FLAIRsag+T1sag,0111010,4,Encephalomalacia,13,84,2512,0.666509767004001,0.1512801907453772
0.1,1,T2ax+FLAIRax+FLAIRsag+T1sag,0111010,4,Arachnoid cyst,14,69,2512,0.6799314219271863,0.062311662884301705
0.1,1,T2ax+FLAIRax+FLAIRsag+T1sag,0111010,4,Empty sella syndrome,15,72,2512,0.60411543715847,0.0386524984539992
0.1,1,T2ax+FLAIRax+FLAIRsag+T1sag,0111010,4,Cyst of pineal gland,19,27,2512,0.6126238914971309,0.03254499271692745
0.1,1,T2ax+FLAIRax+FLAIRsag+T1sag,0111010,4,Cerebral edema,22,197,2512,0.8526559296576071,0.5026249751394141
0.1,1,T2ax+FLAIRax+FLAIRsag+T1sag,0111010,4,Mastoiditis,24,62,2512,0.5809348255431205,0.04725031029680367
0.1,1,T2ax+FLAIRax+FLAIRsag+T1sag,0111010,4,Chronic mastoiditis,25,25,2512,0.6771692802573381,0.02478842667287678
0.1,1,T2ax+FLAIRax+FLAIRsag+T1sag,0111010,4,Ventriculomegaly,26,304,2512,0.8774104929443174,0.5197999410708553
0.1,1,T2ax+FLAIRax+FLAIRsag+T1sag,0111010,4,Cerebellar degeneration,27,94,2512,0.7922276190979004,0.1447322655257711
0.1,1,T2ax+FLAIRax+FLAIRsag+T1sag,0111010,4,Mega cisterna magna,28,20,2512,0.6225922953451044,0.013494936159778238
0.1,1,T2ax+FLAIRax+FLAIRsag+T1sag,0111010,4,Foraminal Spinal Stenosis,33,25,2512,0.5406513872135102,0.011057820253916613
0.1,1,T2ax+FLAIRax+FLAIRsag+SWIax,0111100,4,Cerebral infarction,0,161,2512,0.8090306490432247,0.2577057373654286
0.1,1,T2ax+FLAIRax+FLAIRsag+SWIax,0111100,4,Cerebral hemorrhage,1,127,2512,0.8113834827250367,0.2747292019122062
0.1,1,T2ax+FLAIRax+FLAIRsag+SWIax,0111100,4,Metastatic malignant neoplasm to brain,2,144,2512,0.8034030123873874,0.22404455279672958
0.1,1,T2ax+FLAIRax+FLAIRsag+SWIax,0111100,4,Intracranial meningioma,3,62,2512,0.6820605661619487,0.05128426145967272
0.1,1,T2ax+FLAIRax+FLAIRsag+SWIax,0111100,4,Demyelinating disease of central nervous system,4,66,2512,0.737902326618598,0.10707052554177944
0.1,1,T2ax+FLAIRax+FLAIRsag+SWIax,0111100,4,Herniation of nucleus pulposus,5,42,2512,0.7423558897243109,0.0420860548927107
0.1,1,T2ax+FLAIRax+FLAIRsag+SWIax,0111100,4,Spinal cord compression,6,23,2512,0.568169511066082,0.01486178696316396
0.1,1,T2ax+FLAIRax+FLAIRsag+SWIax,0111100,4,Lacunar infarct,7,86,2512,0.8696389884775397,0.17235894476535488
0.1,1,T2ax+FLAIRax+FLAIRsag+SWIax,0111100,4,Silent micro-hemorrhage of brain,8,77,2512,0.7106536174297982,0.09922431386191295
0.1,1,T2ax+FLAIRax+FLAIRsag+SWIax,0111100,4,Gliosis,11,1027,2512,0.7317242532432406,0.6646410293789047
0.1,1,T2ax+FLAIRax+FLAIRsag+SWIax,0111100,4,Cerebral atrophy,12,324,2512,0.895719073735527,0.6380321484312661
0.1,1,T2ax+FLAIRax+FLAIRsag+SWIax,0111100,4,Encephalomalacia,13,84,2512,0.6355318898564368,0.14635028117316723
0.1,1,T2ax+FLAIRax+FLAIRsag+SWIax,0111100,4,Arachnoid cyst,14,69,2512,0.6806907639098994,0.06295683458603735
0.1,1,T2ax+FLAIRax+FLAIRsag+SWIax,0111100,4,Empty sella syndrome,15,72,2512,0.6184540072859745,0.044287573616818496
0.1,1,T2ax+FLAIRax+FLAIRsag+SWIax,0111100,4,Cyst of pineal gland,19,27,2512,0.6588419405320814,0.03472332730329572
0.1,1,T2ax+FLAIRax+FLAIRsag+SWIax,0111100,4,Cerebral edema,22,197,2512,0.8497549637653354,0.5110250236035184
0.1,1,T2ax+FLAIRax+FLAIRsag+SWIax,0111100,4,Mastoiditis,24,62,2512,0.6860368663594469,0.07556422098870119
0.1,1,T2ax+FLAIRax+FLAIRsag+SWIax,0111100,4,Chronic mastoiditis,25,25,2512,0.6901326899879373,0.026036980391499404
0.1,1,T2ax+FLAIRax+FLAIRsag+SWIax,0111100,4,Ventriculomegaly,26,304,2512,0.8837451134630053,0.5508144684337488
0.1,1,T2ax+FLAIRax+FLAIRsag+SWIax,0111100,4,Cerebellar degeneration,27,94,2512,0.7339765587878149,0.13957487277013791
0.1,1,T2ax+FLAIRax+FLAIRsag+SWIax,0111100,4,Mega cisterna magna,28,20,2512,0.6753210272873195,0.027651202013408798
0.1,1,T2ax+FLAIRax+FLAIRsag+SWIax,0111100,4,Foraminal Spinal Stenosis,33,25,2512,0.5214314435062324,0.010805051223361471
0.1,1,T1ax+SWIax+T1sag+FLAIRcor,1000111,4,Cerebral infarction,0,161,2512,0.745452576014964,0.18550627625769345
0.1,1,T1ax+SWIax+T1sag+FLAIRcor,1000111,4,Cerebral hemorrhage,1,127,2512,0.806731705706598,0.3188802023352726
0.1,1,T1ax+SWIax+T1sag+FLAIRcor,1000111,4,Metastatic malignant neoplasm to brain,2,144,2512,0.7591263138138138,0.19675576555904378
0.1,1,T1ax+SWIax+T1sag+FLAIRcor,1000111,4,Intracranial meningioma,3,62,2512,0.6319486504279132,0.04370429919618427
0.1,1,T1ax+SWIax+T1sag+FLAIRcor,1000111,4,Demyelinating disease of central nervous system,4,66,2512,0.7229985876756113,0.10667027443973817
0.1,1,T1ax+SWIax+T1sag+FLAIRcor,1000111,4,Herniation of nucleus pulposus,5,42,2512,0.6562078272604588,0.03268131099907252
0.1,1,T1ax+SWIax+T1sag+FLAIRcor,1000111,4,Spinal cord compression,6,23,2512,0.5897252257760233,0.01458129442213583
0.1,1,T1ax+SWIax+T1sag+FLAIRcor,1000111,4,Lacunar infarct,7,86,2512,0.8383644241645737,0.14910949672705084
0.1,1,T1ax+SWIax+T1sag+FLAIRcor,1000111,4,Silent micro-hemorrhage of brain,8,77,2512,0.7543881170164539,0.08805723874063362
0.1,1,T1ax+SWIax+T1sag+FLAIRcor,1000111,4,Gliosis,11,1027,2512,0.7296660208052614,0.651920011710975
0.1,1,T1ax+SWIax+T1sag+FLAIRcor,1000111,4,Cerebral atrophy,12,324,2512,0.8874162096282755,0.6123497909323563
0.1,1,T1ax+SWIax+T1sag+FLAIRcor,1000111,4,Encephalomalacia,13,84,2512,0.7002677100494235,0.1282163463954649
0.1,1,T1ax+SWIax+T1sag+FLAIRcor,1000111,4,Arachnoid cyst,14,69,2512,0.6310191199938302,0.06711071086477705
0.1,1,T1ax+SWIax+T1sag+FLAIRcor,1000111,4,Empty sella syndrome,15,72,2512,0.6821522085610201,0.05430031330105415
0.1,1,T1ax+SWIax+T1sag+FLAIRcor,1000111,4,Cyst of pineal gland,19,27,2512,0.6321037335121842,0.02696037338095662
0.1,1,T1ax+SWIax+T1sag+FLAIRcor,1000111,4,Cerebral edema,22,197,2512,0.8462904693512844,0.4752878871365193
0.1,1,T1ax+SWIax+T1sag+FLAIRcor,1000111,4,Mastoiditis,24,62,2512,0.5976629361421988,0.055274499727358414
0.1,1,T1ax+SWIax+T1sag+FLAIRcor,1000111,4,Chronic mastoiditis,25,25,2512,0.5911861680739847,0.015229240598781448
0.1,1,T1ax+SWIax+T1sag+FLAIRcor,1000111,4,Ventriculomegaly,26,304,2512,0.8846062166285279,0.5190224420969083
0.1,1,T1ax+SWIax+T1sag+FLAIRcor,1000111,4,Cerebellar degeneration,27,94,2512,0.7771368987909825,0.14226106891239274
0.1,1,T1ax+SWIax+T1sag+FLAIRcor,1000111,4,Mega cisterna magna,28,20,2512,0.5805577849117175,0.01192032579598696
0.1,1,T1ax+SWIax+T1sag+FLAIRcor,1000111,4,Foraminal Spinal Stenosis,33,25,2512,0.6088138319260152,0.02275329745500243
0.1,1,T1ax+FLAIRsag+T1sag+FLAIRcor,1001011,4,Cerebral infarction,0,161,2512,0.7473626922335151,0.17999472200575403
0.1,1,T1ax+FLAIRsag+T1sag+FLAIRcor,1001011,4,Cerebral hemorrhage,1,127,2512,0.7851268591426072,0.24071404598979257
0.1,1,T1ax+FLAIRsag+T1sag+FLAIRcor,1001011,4,Metastatic malignant neoplasm to brain,2,144,2512,0.717333544481982,0.1705492424891141
0.1,1,T1ax+FLAIRsag+T1sag+FLAIRcor,1001011,4,Intracranial meningioma,3,62,2512,0.6598288347597103,0.04431178893861325
0.1,1,T1ax+FLAIRsag+T1sag+FLAIRcor,1001011,4,Demyelinating disease of central nervous system,4,66,2512,0.7463019400877128,0.10877762994200468
0.1,1,T1ax+FLAIRsag+T1sag+FLAIRcor,1001011,4,Herniation of nucleus pulposus,5,42,2512,0.6315018315018315,0.02902718200952129
0.1,1,T1ax+FLAIRsag+T1sag+FLAIRcor,1001011,4,Spinal cord compression,6,23,2512,0.5938651807081594,0.012941093598438905
0.1,1,T1ax+FLAIRsag+T1sag+FLAIRcor,1001011,4,Lacunar infarct,7,86,2512,0.8176057823194463,0.13436186380131437
0.1,1,T1ax+FLAIRsag+T1sag+FLAIRcor,1001011,4,Silent micro-hemorrhage of brain,8,77,2512,0.6627163391023759,0.0718128834265325
0.1,1,T1ax+FLAIRsag+T1sag+FLAIRcor,1001011,4,Gliosis,11,1027,2512,0.7280936597392293,0.6494894979600678
0.1,1,T1ax+FLAIRsag+T1sag+FLAIRcor,1001011,4,Cerebral atrophy,12,324,2512,0.8950913512537524,0.635803702012361
0.1,1,T1ax+FLAIRsag+T1sag+FLAIRcor,1001011,4,Encephalomalacia,13,84,2512,0.7130109045265552,0.1614489312658458
0.1,1,T1ax+FLAIRsag+T1sag+FLAIRcor,1001011,4,Arachnoid cyst,14,69,2512,0.6482585559451138,0.06059732298960638
0.1,1,T1ax+FLAIRsag+T1sag+FLAIRcor,1001011,4,Empty sella syndrome,15,72,2512,0.6924806466302368,0.0534279175542155
0.1,1,T1ax+FLAIRsag+T1sag+FLAIRcor,1001011,4,Cyst of pineal gland,19,27,2512,0.6466502720023846,0.019019414034017773
0.1,1,T1ax+FLAIRsag+T1sag+FLAIRcor,1001011,4,Cerebral edema,22,197,2512,0.8419642367696878,0.4676497767361528
0.1,1,T1ax+FLAIRsag+T1sag+FLAIRcor,1001011,4,Mastoiditis,24,62,2512,0.574825543120474,0.04102489729455659
0.1,1,T1ax+FLAIRsag+T1sag+FLAIRcor,1001011,4,Chronic mastoiditis,25,25,2512,0.5964937675914757,0.01666163597855125
0.1,1,T1ax+FLAIRsag+T1sag+FLAIRcor,1001011,4,Ventriculomegaly,26,304,2512,0.8834352355072463,0.5157472738883708
0.1,1,T1ax+FLAIRsag+T1sag+FLAIRcor,1001011,4,Cerebellar degeneration,27,94,2512,0.7756410256410258,0.1297195080286351
0.1,1,T1ax+FLAIRsag+T1sag+FLAIRcor,1001011,4,Mega cisterna magna,28,20,2512,0.5366573033707865,0.010497616182156009
0.1,1,T1ax+FLAIRsag+T1sag+FLAIRcor,1001011,4,Foraminal Spinal Stenosis,33,25,2512,0.6547808604744672,0.014878359153027154
0.1,1,T1ax+FLAIRsag+SWIax+FLAIRcor,1001101,4,Cerebral infarction,0,161,2512,0.7456401531263291,0.1969036242792352
0.1,1,T1ax+FLAIRsag+SWIax+FLAIRcor,1001101,4,Cerebral hemorrhage,1,127,2512,0.8098615031611613,0.28694843902380446
0.1,1,T1ax+FLAIRsag+SWIax+FLAIRcor,1001101,4,Metastatic malignant neoplasm to brain,2,144,2512,0.7637099990615616,0.20990580005802428
0.1,1,T1ax+FLAIRsag+SWIax+FLAIRcor,1001101,4,Intracranial meningioma,3,62,2512,0.6776431863067809,0.04749812056531077
0.1,1,T1ax+FLAIRsag+SWIax+FLAIRcor,1001101,4,Demyelinating disease of central nervous system,4,66,2512,0.7094328402586784,0.08150804538598827
0.1,1,T1ax+FLAIRsag+SWIax+FLAIRcor,1001101,4,Herniation of nucleus pulposus,5,42,2512,0.6984384037015616,0.03466835325045721
0.1,1,T1ax+FLAIRsag+SWIax+FLAIRcor,1001101,4,Spinal cord compression,6,23,2512,0.5833842821457893,0.014421237982684902
0.1,1,T1ax+FLAIRsag+SWIax+FLAIRcor,1001101,4,Lacunar infarct,7,86,2512,0.8496184742805651,0.16188339858800796
0.1,1,T1ax+FLAIRsag+SWIax+FLAIRcor,1001101,4,Silent micro-hemorrhage of brain,8,77,2512,0.7496039894397184,0.09650401071790435
0.1,1,T1ax+FLAIRsag+SWIax+FLAIRcor,1001101,4,Gliosis,11,1027,2512,0.7204934774555027,0.6431129146898511
0.1,1,T1ax+FLAIRsag+SWIax+FLAIRcor,1001101,4,Cerebral atrophy,12,324,2512,0.897981695894554,0.6311064334587767
0.1,1,T1ax+FLAIRsag+SWIax+FLAIRcor,1001101,4,Encephalomalacia,13,84,2512,0.7301472895583273,0.15301449412922513
0.1,1,T1ax+FLAIRsag+SWIax+FLAIRcor,1001101,4,Arachnoid cyst,14,69,2512,0.6343887000421198,0.07058409384014211
0.1,1,T1ax+FLAIRsag+SWIax+FLAIRcor,1001101,4,Empty sella syndrome,15,72,2512,0.7224840619307832,0.06871457314205792
0.1,1,T1ax+FLAIRsag+SWIax+FLAIRcor,1001101,4,Cyst of pineal gland,19,27,2512,0.6733735747820255,0.02068421953541301
0.1,1,T1ax+FLAIRsag+SWIax+FLAIRcor,1001101,4,Cerebral edema,22,197,2512,0.8444770915788666,0.47750941637094707
0.1,1,T1ax+FLAIRsag+SWIax+FLAIRcor,1001101,4,Mastoiditis,24,62,2512,0.6214680710994076,0.047974111965551354
0.1,1,T1ax+FLAIRsag+SWIax+FLAIRcor,1001101,4,Chronic mastoiditis,25,25,2512,0.6692561318858061,0.02183807744943373
0.1,1,T1ax+FLAIRsag+SWIax+FLAIRcor,1001101,4,Ventriculomegaly,26,304,2512,0.8878480167810832,0.5141858119227435
0.1,1,T1ax+FLAIRsag+SWIax+FLAIRcor,1001101,4,Cerebellar degeneration,27,94,2512,0.7495028421589849,0.11474405016520993
0.1,1,T1ax+FLAIRsag+SWIax+FLAIRcor,1001101,4,Mega cisterna magna,28,20,2512,0.5488764044943819,0.010577567031346984
0.1,1,T1ax+FLAIRsag+SWIax+FLAIRcor,1001101,4,Foraminal Spinal Stenosis,33,25,2512,0.6572094893445919,0.01564009470891782
0.1,1,T1ax+FLAIRsag+SWIax+T1sag,1001110,4,Cerebral infarction,0,161,2512,0.7378755174882631,0.1878890081221594
0.1,1,T1ax+FLAIRsag+SWIax+T1sag,1001110,4,Cerebral hemorrhage,1,127,2512,0.8066689776985425,0.2964629834451832
0.1,1,T1ax+FLAIRsag+SWIax+T1sag,1001110,4,Metastatic malignant neoplasm to brain,2,144,2512,0.7754961993243242,0.2011299005721939
0.1,1,T1ax+FLAIRsag+SWIax+T1sag,1001110,4,Intracranial meningioma,3,62,2512,0.6196840026333115,0.042664181136973456
0.1,1,T1ax+FLAIRsag+SWIax+T1sag,1001110,4,Demyelinating disease of central nervous system,4,66,2512,0.6910664288015065,0.07518508811038221
0.1,1,T1ax+FLAIRsag+SWIax+T1sag,1001110,4,Herniation of nucleus pulposus,5,42,2512,0.6828224407171776,0.03449498477282886
0.1,1,T1ax+FLAIRsag+SWIax+T1sag,1001110,4,Spinal cord compression,6,23,2512,0.5695494960434608,0.012809062594879194
0.1,1,T1ax+FLAIRsag+SWIax+T1sag,1001110,4,Lacunar infarct,7,86,2512,0.8331543932974176,0.14970459863162774
0.1,1,T1ax+FLAIRsag+SWIax+T1sag,1001110,4,Silent micro-hemorrhage of brain,8,77,2512,0.7278967439131709,0.07746150362783791
0.1,1,T1ax+FLAIRsag+SWIax+T1sag,1001110,4,Gliosis,11,1027,2512,0.721395060635567,0.6387551514347787
0.1,1,T1ax+FLAIRsag+SWIax+T1sag,1001110,4,Cerebral atrophy,12,324,2512,0.8905703387726545,0.614859959699925
0.1,1,T1ax+FLAIRsag+SWIax+T1sag,1001110,4,Encephalomalacia,13,84,2512,0.7363595355769985,0.15183329088496736
0.1,1,T1ax+FLAIRsag+SWIax+T1sag,1001110,4,Arachnoid cyst,14,69,2512,0.6491662069088254,0.06730796125281631
0.1,1,T1ax+FLAIRsag+SWIax+T1sag,1001110,4,Empty sella syndrome,15,72,2512,0.6064378415300546,0.04088213227569664
0.1,1,T1ax+FLAIRsag+SWIax+T1sag,1001110,4,Cyst of pineal gland,19,27,2512,0.5955883448841195,0.03482807723348014
0.1,1,T1ax+FLAIRsag+SWIax+T1sag,1001110,4,Cerebral edema,22,197,2512,0.8566510618236834,0.47422432586511154
0.1,1,T1ax+FLAIRsag+SWIax+T1sag,1001110,4,Mastoiditis,24,62,2512,0.5875115207373273,0.04196788969528147
0.1,1,T1ax+FLAIRsag+SWIax+T1sag,1001110,4,Chronic mastoiditis,25,25,2512,0.5714515480498593,0.03879938329437587
0.1,1,T1ax+FLAIRsag+SWIax+T1sag,1001110,4,Ventriculomegaly,26,304,2512,0.894102188215103,0.5433248834954703
0.1,1,T1ax+FLAIRsag+SWIax+T1sag,1001110,4,Cerebellar degeneration,27,94,2512,0.7896362388469458,0.14504661323230236
0.1,1,T1ax+FLAIRsag+SWIax+T1sag,1001110,4,Mega cisterna magna,28,20,2512,0.6044341894060995,0.011741648120639549
0.1,1,T1ax+FLAIRsag+SWIax+T1sag,1001110,4,Foraminal Spinal Stenosis,33,25,2512,0.5756493767591475,0.011493349672188746
0.1,1,T1ax+FLAIRax+T1sag+FLAIRcor,1010011,4,Cerebral infarction,0,161,2512,0.7461632554932353,0.17400278262159868
0.1,1,T1ax+FLAIRax+T1sag+FLAIRcor,1010011,4,Cerebral hemorrhage,1,127,2512,0.7960283266478483,0.25863424118840667
0.1,1,T1ax+FLAIRax+T1sag+FLAIRcor,1010011,4,Metastatic malignant neoplasm to brain,2,144,2512,0.7443048517267268,0.1846438024160738
0.1,1,T1ax+FLAIRax+T1sag+FLAIRcor,1010011,4,Intracranial meningioma,3,62,2512,0.6684924292297565,0.04917770063781965
0.1,1,T1ax+FLAIRax+T1sag+FLAIRcor,1010011,4,Demyelinating disease of central nervous system,4,66,2512,0.7728883272628163,0.1404475451676614
0.1,1,T1ax+FLAIRax+T1sag+FLAIRcor,1010011,4,Herniation of nucleus pulposus,5,42,2512,0.6660304607673029,0.02957184818575795
0.1,1,T1ax+FLAIRax+T1sag+FLAIRcor,1010011,4,Spinal cord compression,6,23,2512,0.6133771201984383,0.016900751029580916
0.1,1,T1ax+FLAIRax+T1sag+FLAIRcor,1010011,4,Lacunar infarct,7,86,2512,0.8222358557487682,0.13464342081014158
0.1,1,T1ax+FLAIRax+T1sag+FLAIRcor,1010011,4,Silent micro-hemorrhage of brain,8,77,2512,0.7111709645590548,0.08995136705897447
0.1,1,T1ax+FLAIRax+T1sag+FLAIRcor,1010011,4,Gliosis,11,1027,2512,0.730347945537819,0.6516250147953195
0.1,1,T1ax+FLAIRax+T1sag+FLAIRcor,1010011,4,Cerebral atrophy,12,324,2512,0.8903206603922631,0.6357949052512579
0.1,1,T1ax+FLAIRax+T1sag+FLAIRcor,1010011,4,Encephalomalacia,13,84,2512,0.6925894328077195,0.14249865434634004
0.1,1,T1ax+FLAIRax+T1sag+FLAIRcor,1010011,4,Arachnoid cyst,14,69,2512,0.6745211103003554,0.08332279500663403
0.1,1,T1ax+FLAIRax+T1sag+FLAIRcor,1010011,4,Empty sella syndrome,15,72,2512,0.6842725409836065,0.05580082380916265
0.1,1,T1ax+FLAIRax+T1sag+FLAIRcor,1010011,4,Cyst of pineal gland,19,27,2512,0.6048885908040837,0.017078527023199612
0.1,1,T1ax+FLAIRax+T1sag+FLAIRcor,1010011,4,Cerebral edema,22,197,2512,0.8457313262654722,0.4760273076819894
0.1,1,T1ax+FLAIRax+T1sag+FLAIRcor,1010011,4,Mastoiditis,24,62,2512,0.5817972350230415,0.04586102689706331
0.1,1,T1ax+FLAIRax+T1sag+FLAIRcor,1010011,4,Chronic mastoiditis,25,25,2512,0.6496180136710896,0.020921093552176313
0.1,1,T1ax+FLAIRax+T1sag+FLAIRcor,1010011,4,Ventriculomegaly,26,304,2512,0.8847254004576661,0.5323550402888876
0.1,1,T1ax+FLAIRax+T1sag+FLAIRcor,1010011,4,Cerebellar degeneration,27,94,2512,0.786072541048519,0.1537695243947022
0.1,1,T1ax+FLAIRax+T1sag+FLAIRcor,1010011,4,Mega cisterna magna,28,20,2512,0.602808988764045,0.01567063020536503
0.1,1,T1ax+FLAIRax+T1sag+FLAIRcor,1010011,4,Foraminal Spinal Stenosis,33,25,2512,0.6534298351427423,0.015537007075771065
0.1,1,T1ax+FLAIRax+SWIax+FLAIRcor,1010101,4,Cerebral infarction,0,161,2512,0.7748916147747358,0.2174104528772839
0.1,1,T1ax+FLAIRax+SWIax+FLAIRcor,1010101,4,Cerebral hemorrhage,1,127,2512,0.8116839168688817,0.29956857214643556
0.1,1,T1ax+FLAIRax+SWIax+FLAIRcor,1010101,4,Metastatic malignant neoplasm to brain,2,144,2512,0.7763847832207207,0.20550893564982795
0.1,1,T1ax+FLAIRax+SWIax+FLAIRcor,1010101,4,Intracranial meningioma,3,62,2512,0.6784068466096116,0.06241342203288354
0.1,1,T1ax+FLAIRax+SWIax+FLAIRcor,1010101,4,Demyelinating disease of central nervous system,4,66,2512,0.7719096112391289,0.10498194116789647
0.1,1,T1ax+FLAIRax+SWIax+FLAIRcor,1010101,4,Herniation of nucleus pulposus,5,42,2512,0.7075477154424522,0.03315817340025921
0.1,1,T1ax+FLAIRax+SWIax+FLAIRcor,1010101,4,Spinal cord compression,6,23,2512,0.6048526560343773,0.021729873278263433
0.1,1,T1ax+FLAIRax+SWIax+FLAIRcor,1010101,4,Lacunar infarct,7,86,2512,0.8580733909775878,0.1715777102311286
0.1,1,T1ax+FLAIRax+SWIax+FLAIRcor,1010101,4,Silent micro-hemorrhage of brain,8,77,2512,0.7678284754260114,0.11202139338812234
0.1,1,T1ax+FLAIRax+SWIax+FLAIRcor,1010101,4,Gliosis,11,1027,2512,0.7305354748392723,0.6540635507634429
0.1,1,T1ax+FLAIRax+SWIax+FLAIRcor,1010101,4,Cerebral atrophy,12,324,2512,0.8939572189496017,0.6191194818504437
0.1,1,T1ax+FLAIRax+SWIax+FLAIRcor,1010101,4,Encephalomalacia,13,84,2512,0.6841413665960618,0.13995480249770206
0.1,1,T1ax+FLAIRax+SWIax+FLAIRcor,1010101,4,Arachnoid cyst,14,69,2512,0.6391049256378769,0.07208952977347521
0.1,1,T1ax+FLAIRax+SWIax+FLAIRcor,1010101,4,Empty sella syndrome,15,72,2512,0.7386612021857923,0.07737141836087182
0.1,1,T1ax+FLAIRax+SWIax+FLAIRcor,1010101,4,Cyst of pineal gland,19,27,2512,0.6447872419703405,0.0180861656252256
0.1,1,T1ax+FLAIRax+SWIax+FLAIRcor,1010101,4,Cerebral edema,22,197,2512,0.8433916961769962,0.48500727813171934
0.1,1,T1ax+FLAIRax+SWIax+FLAIRcor,1010101,4,Mastoiditis,24,62,2512,0.6420408163265307,0.06639281724717334
0.1,1,T1ax+FLAIRax+SWIax+FLAIRcor,1010101,4,Chronic mastoiditis,25,25,2512,0.6656855649376759,0.020447633146652683
0.1,1,T1ax+FLAIRax+SWIax+FLAIRcor,1010101,4,Ventriculomegaly,26,304,2512,0.8890800796147977,0.5330069501721802
0.1,1,T1ax+FLAIRax+SWIax+FLAIRcor,1010101,4,Cerebellar degeneration,27,94,2512,0.7340513524453127,0.13089078464792667
0.1,1,T1ax+FLAIRax+SWIax+FLAIRcor,1010101,4,Mega cisterna magna,28,20,2512,0.6165930979133226,0.015827771396714728
0.1,1,T1ax+FLAIRax+SWIax+FLAIRcor,1010101,4,Foraminal Spinal Stenosis,33,25,2512,0.6766546039404905,0.017001026886628468
0.1,1,T1ax+FLAIRax+SWIax+T1sag,1010110,4,Cerebral infarction,0,161,2512,0.7433152537178577,0.19118327906551147
0.1,1,T1ax+FLAIRax+SWIax+T1sag,1010110,4,Cerebral hemorrhage,1,127,2512,0.8252216114495122,0.319637763917383
0.1,1,T1ax+FLAIRax+SWIax+T1sag,1010110,4,Metastatic malignant neoplasm to brain,2,144,2512,0.7863908830705706,0.22067602666200448
0.1,1,T1ax+FLAIRax+SWIax+T1sag,1010110,4,Intracranial meningioma,3,62,2512,0.654660961158657,0.056727824919242324
0.1,1,T1ax+FLAIRax+SWIax+T1sag,1010110,4,Demyelinating disease of central nervous system,4,66,2512,0.7377103000569886,0.13220727075082772
0.1,1,T1ax+FLAIRax+SWIax+T1sag,1010110,4,Herniation of nucleus pulposus,5,42,2512,0.7054848660111818,0.03553214186713743
0.1,1,T1ax+FLAIRax+SWIax+T1sag,1010110,4,Spinal cord compression,6,23,2512,0.5848341397802506,0.012396059493611522
0.1,1,T1ax+FLAIRax+SWIax+T1sag,1010110,4,Lacunar infarct,7,86,2512,0.8318123430280487,0.15727865078642247
0.1,1,T1ax+FLAIRax+SWIax+T1sag,1010110,4,Silent micro-hemorrhage of brain,8,77,2512,0.7524573988639697,0.0857593582093146
0.1,1,T1ax+FLAIRax+SWIax+T1sag,1010110,4,Gliosis,11,1027,2512,0.7279133431032165,0.6406487933918252
0.1,1,T1ax+FLAIRax+SWIax+T1sag,1010110,4,Cerebral atrophy,12,324,2512,0.8821362877197734,0.6031665729948542
0.1,1,T1ax+FLAIRax+SWIax+T1sag,1010110,4,Encephalomalacia,13,84,2512,0.6835922177767317,0.1356342414751835
0.1,1,T1ax+FLAIRax+SWIax+T1sag,1010110,4,Arachnoid cyst,14,69,2512,0.6641187183731098,0.061120620365092165
0.1,1,T1ax+FLAIRax+SWIax+T1sag,1010110,4,Empty sella syndrome,15,72,2512,0.6138945810564662,0.04137509488585993
0.1,1,T1ax+FLAIRax+SWIax+T1sag,1010110,4,Cyst of pineal gland,19,27,2512,0.5784484685893136,0.03174600031593221
0.1,1,T1ax+FLAIRax+SWIax+T1sag,1010110,4,Cerebral edema,22,197,2512,0.8539496332679173,0.49750724949327524
0.1,1,T1ax+FLAIRax+SWIax+T1sag,1010110,4,Mastoiditis,24,62,2512,0.6204674127715601,0.05425189653186943
0.1,1,T1ax+FLAIRax+SWIax+T1sag,1010110,4,Chronic mastoiditis,25,25,2512,0.6253478086047447,0.025345630749899848
0.1,1,T1ax+FLAIRax+SWIax+T1sag,1010110,4,Ventriculomegaly,26,304,2512,0.8946832093821511,0.5425524500919503
0.1,1,T1ax+FLAIRax+SWIax+T1sag,1010110,4,Cerebellar degeneration,27,94,2512,0.7738371786072541,0.16196450551284056
0.1,1,T1ax+FLAIRax+SWIax+T1sag,1010110,4,Mega cisterna magna,28,20,2512,0.6893659711075442,0.015602666369677467
0.1,1,T1ax+FLAIRax+SWIax+T1sag,1010110,4,Foraminal Spinal Stenosis,33,25,2512,0.5667390430237234,0.011198780862758976
0.1,1,T1ax+FLAIRax+FLAIRsag+FLAIRcor,1011001,4,Cerebral infarction,0,161,2512,0.7558617847301663,0.18564134867635707
0.1,1,T1ax+FLAIRax+FLAIRsag+FLAIRcor,1011001,4,Cerebral hemorrhage,1,127,2512,0.7993165948596048,0.23421890568730322
0.1,1,T1ax+FLAIRax+FLAIRsag+FLAIRcor,1011001,4,Metastatic malignant neoplasm to brain,2,144,2512,0.7650384759759761,0.19036226217477087
0.1,1,T1ax+FLAIRax+FLAIRsag+FLAIRcor,1011001,4,Intracranial meningioma,3,62,2512,0.677761685319289,0.05849984591073172
0.1,1,T1ax+FLAIRax+FLAIRsag+FLAIRcor,1011001,4,Demyelinating disease of central nervous system,4,66,2512,0.73611214351198,0.09353954489991204
0.1,1,T1ax+FLAIRax+FLAIRsag+FLAIRcor,1011001,4,Herniation of nucleus pulposus,5,42,2512,0.6863697705802969,0.033837997697915165
0.1,1,T1ax+FLAIRax+FLAIRsag+FLAIRcor,1011001,4,Spinal cord compression,6,23,2512,0.6053417646339547,0.016686220833173542
0.1,1,T1ax+FLAIRax+FLAIRsag+FLAIRcor,1011001,4,Lacunar infarct,7,86,2512,0.8035238405644279,0.1386851288260049
0.1,1,T1ax+FLAIRax+FLAIRsag+FLAIRcor,1011001,4,Silent micro-hemorrhage of brain,8,77,2512,0.7280620816555108,0.09330194662323427
0.1,1,T1ax+FLAIRax+FLAIRsag+FLAIRcor,1011001,4,Gliosis,11,1027,2512,0.7262242679964198,0.6485012682000453
0.1,1,T1ax+FLAIRax+FLAIRsag+FLAIRcor,1011001,4,Cerebral atrophy,12,324,2512,0.9039739770239467,0.656302212038174
0.1,1,T1ax+FLAIRax+FLAIRsag+FLAIRcor,1011001,4,Encephalomalacia,13,84,2512,0.7052590805679767,0.15316222824317063
0.1,1,T1ax+FLAIRax+FLAIRsag+FLAIRcor,1011001,4,Arachnoid cyst,14,69,2512,0.6880587540859123,0.07235637224361288
0.1,1,T1ax+FLAIRax+FLAIRsag+FLAIRcor,1011001,4,Empty sella syndrome,15,72,2512,0.6951901183970857,0.06359991706439481
0.1,1,T1ax+FLAIRax+FLAIRsag+FLAIRcor,1011001,4,Cyst of pineal gland,19,27,2512,0.6171398762948059,0.01645969401983101
0.1,1,T1ax+FLAIRax+FLAIRsag+FLAIRcor,1011001,4,Cerebral edema,22,197,2512,0.8358421681595422,0.4801806141096581
0.1,1,T1ax+FLAIRax+FLAIRsag+FLAIRcor,1011001,4,Mastoiditis,24,62,2512,0.6395260039499671,0.05437758659946753
0.1,1,T1ax+FLAIRax+FLAIRsag+FLAIRcor,1011001,4,Chronic mastoiditis,25,25,2512,0.6988982710092482,0.033439689763605174
0.1,1,T1ax+FLAIRax+FLAIRsag+FLAIRcor,1011001,4,Ventriculomegaly,26,304,2512,0.883907501430206,0.5200935693493642
0.1,1,T1ax+FLAIRax+FLAIRsag+FLAIRcor,1011001,4,Cerebellar degeneration,27,94,2512,0.7618305967653942,0.16492762767445152
0.1,1,T1ax+FLAIRax+FLAIRsag+FLAIRcor,1011001,4,Mega cisterna magna,28,20,2512,0.5734349919743178,0.012428749445367381
0.1,1,T1ax+FLAIRax+FLAIRsag+FLAIRcor,1011001,4,Foraminal Spinal Stenosis,33,25,2512,0.672279855247286,0.017417434852199893
0.1,1,T1ax+FLAIRax+FLAIRsag+T1sag,1011010,4,Cerebral infarction,0,161,2512,0.751851333250553,0.17435152035550394
0.1,1,T1ax+FLAIRax+FLAIRsag+T1sag,1011010,4,Cerebral hemorrhage,1,127,2512,0.7994189405569587,0.23299216897097663
0.1,1,T1ax+FLAIRax+FLAIRsag+T1sag,1011010,4,Metastatic malignant neoplasm to brain,2,144,2512,0.7588917042042042,0.1771766112414792
0.1,1,T1ax+FLAIRax+FLAIRsag+T1sag,1011010,4,Intracranial meningioma,3,62,2512,0.6678472679394338,0.05549848787335908
0.1,1,T1ax+FLAIRax+FLAIRsag+T1sag,1011010,4,Demyelinating disease of central nervous system,4,66,2512,0.7522361802819694,0.12764809626083568
0.1,1,T1ax+FLAIRax+FLAIRsag+T1sag,1011010,4,Herniation of nucleus pulposus,5,42,2512,0.664864083285136,0.029389196860235063
0.1,1,T1ax+FLAIRax+FLAIRsag+T1sag,1011010,4,Spinal cord compression,6,23,2512,0.5821091061540342,0.012179160707724106
0.1,1,T1ax+FLAIRax+FLAIRsag+T1sag,1011010,4,Lacunar infarct,7,86,2512,0.8249199562875056,0.14511802985524785
0.1,1,T1ax+FLAIRax+FLAIRsag+T1sag,1011010,4,Silent micro-hemorrhage of brain,8,77,2512,0.679698125283341,0.07510207943322789
0.1,1,T1ax+FLAIRax+FLAIRsag+T1sag,1011010,4,Gliosis,11,1027,2512,0.7253561253561253,0.6463643406736599
0.1,1,T1ax+FLAIRax+FLAIRsag+T1sag,1011010,4,Cerebral atrophy,12,324,2512,0.8924774866273951,0.6249424225968543
0.1,1,T1ax+FLAIRax+FLAIRsag+T1sag,1011010,4,Encephalomalacia,13,84,2512,0.7064309249235114,0.16035688023318165
0.1,1,T1ax+FLAIRax+FLAIRsag+T1sag,1011010,4,Arachnoid cyst,14,69,2512,0.6852408834469381,0.07136570011898966
0.1,1,T1ax+FLAIRax+FLAIRsag+T1sag,1011010,4,Empty sella syndrome,15,72,2512,0.6349328324225865,0.04077734619725662
0.1,1,T1ax+FLAIRax+FLAIRsag+T1sag,1011010,4,Cyst of pineal gland,19,27,2512,0.5874059169833817,0.017656621446582477
0.1,1,T1ax+FLAIRax+FLAIRsag+T1sag,1011010,4,Cerebral edema,22,197,2512,0.8531602547938298,0.47961256276597897
0.1,1,T1ax+FLAIRax+FLAIRsag+T1sag,1011010,4,Mastoiditis,24,62,2512,0.5918301514154048,0.05510208601822406
0.1,1,T1ax+FLAIRax+FLAIRsag+T1sag,1011010,4,Chronic mastoiditis,25,25,2512,0.6552151186168074,0.02704329714255457
0.1,1,T1ax+FLAIRax+FLAIRsag+T1sag,1011010,4,Ventriculomegaly,26,304,2512,0.8894659372616325,0.5283534896584741
0.1,1,T1ax+FLAIRax+FLAIRsag+T1sag,1011010,4,Cerebellar degeneration,27,94,2512,0.7938950776974114,0.14608895361563093
0.1,1,T1ax+FLAIRax+FLAIRsag+T1sag,1011010,4,Mega cisterna magna,28,20,2512,0.5920144462279293,0.012559547131961713
0.1,1,T1ax+FLAIRax+FLAIRsag+T1sag,1011010,4,Foraminal Spinal Stenosis,33,25,2512,0.596670687575392,0.011955904934791102
0.1,1,T1ax+FLAIRax+FLAIRsag+SWIax,1011100,4,Cerebral infarction,0,161,2512,0.7734623300247548,0.2418464069513387
0.1,1,T1ax+FLAIRax+FLAIRsag+SWIax,1011100,4,Cerebral hemorrhage,1,127,2512,0.8116112844385018,0.28068944001341234
0.1,1,T1ax+FLAIRax+FLAIRsag+SWIax,1011100,4,Metastatic malignant neoplasm to brain,2,144,2512,0.7985524587087087,0.2068701972625396
0.1,1,T1ax+FLAIRax+FLAIRsag+SWIax,1011100,4,Intracranial meningioma,3,62,2512,0.6540882159315339,0.061504897131204016
0.1,1,T1ax+FLAIRax+FLAIRsag+SWIax,1011100,4,Demyelinating disease of central nervous system,4,66,2512,0.7379332986446642,0.11051339993992129
0.1,1,T1ax+FLAIRax+FLAIRsag+SWIax,1011100,4,Herniation of nucleus pulposus,5,42,2512,0.7362540967804124,0.03826327177437382
0.1,1,T1ax+FLAIRax+FLAIRsag+SWIax,1011100,4,Spinal cord compression,6,23,2512,0.5901968662113298,0.014669616066870145
0.1,1,T1ax+FLAIRax+FLAIRsag+SWIax,1011100,4,Lacunar infarct,7,86,2512,0.8455779443624303,0.16829380682587303
0.1,1,T1ax+FLAIRax+FLAIRsag+SWIax,1011100,4,Silent micro-hemorrhage of brain,8,77,2512,0.7386116963119016,0.09570169630653076
0.1,1,T1ax+FLAIRax+FLAIRsag+SWIax,1011100,4,Gliosis,11,1027,2512,0.7226330163039024,0.6382731317731228
0.1,1,T1ax+FLAIRax+FLAIRsag+SWIax,1011100,4,Cerebral atrophy,12,324,2512,0.8945073577538538,0.6175251772283505
0.1,1,T1ax+FLAIRax+FLAIRsag+SWIax,1011100,4,Encephalomalacia,13,84,2512,0.6915156507413509,0.16989578102716324
0.1,1,T1ax+FLAIRax+FLAIRsag+SWIax,1011100,4,Arachnoid cyst,14,69,2512,0.6831111664797973,0.0640243614790123
0.1,1,T1ax+FLAIRax+FLAIRsag+SWIax,1011100,4,Empty sella syndrome,15,72,2512,0.6603995901639345,0.050895055002177045
0.1,1,T1ax+FLAIRax+FLAIRsag+SWIax,1011100,4,Cyst of pineal gland,19,27,2512,0.5999552872792309,0.02070051449766734
0.1,1,T1ax+FLAIRax+FLAIRsag+SWIax,1011100,4,Cerebral edema,22,197,2512,0.8474811152163666,0.4912412862045879
0.1,1,T1ax+FLAIRax+FLAIRsag+SWIax,1011100,4,Mastoiditis,24,62,2512,0.6694733377221856,0.06326725386871722
0.1,1,T1ax+FLAIRax+FLAIRsag+SWIax,1011100,4,Chronic mastoiditis,25,25,2512,0.6627422597507037,0.0260147465994626
0.1,1,T1ax+FLAIRax+FLAIRsag+SWIax,1011100,4,Ventriculomegaly,26,304,2512,0.8936180039092296,0.5461264882428921
0.1,1,T1ax+FLAIRax+FLAIRsag+SWIax,1011100,4,Cerebellar degeneration,27,94,2512,0.7372894778522782,0.1372176313490084
0.1,1,T1ax+FLAIRax+FLAIRsag+SWIax,1011100,4,Mega cisterna magna,28,20,2512,0.5803772070626003,0.015002468576234064
0.1,1,T1ax+FLAIRax+FLAIRsag+SWIax,1011100,4,Foraminal Spinal Stenosis,33,25,2512,0.6025572979493365,0.012063905800234042
0.1,1,T1ax+T2ax+T1sag+FLAIRcor,1100011,4,Cerebral infarction,0,161,2512,0.7656052267965793,0.18662514839783872
0.1,1,T1ax+T2ax+T1sag+FLAIRcor,1100011,4,Cerebral hemorrhage,1,127,2512,0.7985770646593705,0.2545076164083858
0.1,1,T1ax+T2ax+T1sag+FLAIRcor,1100011,4,Metastatic malignant neoplasm to brain,2,144,2512,0.7485072963588589,0.19022925620317283
0.1,1,T1ax+T2ax+T1sag+FLAIRcor,1100011,4,Intracranial meningioma,3,62,2512,0.630822909809085,0.04657818278559075
0.1,1,T1ax+T2ax+T1sag+FLAIRcor,1100011,4,Demyelinating disease of central nervous system,4,66,2512,0.7939245273668821,0.1555317485425133
0.1,1,T1ax+T2ax+T1sag+FLAIRcor,1100011,4,Herniation of nucleus pulposus,5,42,2512,0.6433776749566223,0.0357820211005741
0.1,1,T1ax+T2ax+T1sag+FLAIRcor,1100011,4,Spinal cord compression,6,23,2512,0.5349450626233689,0.01180467226251398
0.1,1,T1ax+T2ax+T1sag+FLAIRcor,1100011,4,Lacunar infarct,7,86,2512,0.8274650587626297,0.13344221471095047
0.1,1,T1ax+T2ax+T1sag+FLAIRcor,1100011,4,Silent micro-hemorrhage of brain,8,77,2512,0.664631056828182,0.056245038850073106
0.1,1,T1ax+T2ax+T1sag+FLAIRcor,1100011,4,Gliosis,11,1027,2512,0.7325176464416971,0.6588594226884605
0.1,1,T1ax+T2ax+T1sag+FLAIRcor,1100011,4,Cerebral atrophy,12,324,2512,0.8944946622429865,0.6381831502989225
0.1,1,T1ax+T2ax+T1sag+FLAIRcor,1100011,4,Encephalomalacia,13,84,2512,0.6687995214560288,0.12668880128859772
0.1,1,T1ax+T2ax+T1sag+FLAIRcor,1100011,4,Arachnoid cyst,14,69,2512,0.62884787651201,0.05464825275937128
0.1,1,T1ax+T2ax+T1sag+FLAIRcor,1100011,4,Empty sella syndrome,15,72,2512,0.6725523679417122,0.050753459245933844
0.1,1,T1ax+T2ax+T1sag+FLAIRcor,1100011,4,Cyst of pineal gland,19,27,2512,0.6304493628437291,0.021290518551923425
0.1,1,T1ax+T2ax+T1sag+FLAIRcor,1100011,4,Cerebral edema,22,197,2512,0.8450428128186294,0.45407015009343754
0.1,1,T1ax+T2ax+T1sag+FLAIRcor,1100011,4,Mastoiditis,24,62,2512,0.5700592495062541,0.03996818618239658
0.1,1,T1ax+T2ax+T1sag+FLAIRcor,1100011,4,Chronic mastoiditis,25,25,2512,0.5883554483313229,0.015971319245396767
0.1,1,T1ax+T2ax+T1sag+FLAIRcor,1100011,4,Ventriculomegaly,26,304,2512,0.884086277173913,0.5497978179894538
0.1,1,T1ax+T2ax+T1sag+FLAIRcor,1100011,4,Cerebellar degeneration,27,94,2512,0.7936838956056527,0.1390186836973336
0.1,1,T1ax+T2ax+T1sag+FLAIRcor,1100011,4,Mega cisterna magna,28,20,2512,0.6168338683788122,0.011646130530825556
0.1,1,T1ax+T2ax+T1sag+FLAIRcor,1100011,4,Foraminal Spinal Stenosis,33,25,2512,0.662452754322477,0.01592873992539241
0.1,1,T1ax+T2ax+SWIax+FLAIRcor,1100101,4,Cerebral infarction,0,161,2512,0.7961935056048569,0.22483106516895773
0.1,1,T1ax+T2ax+SWIax+FLAIRcor,1100101,4,Cerebral hemorrhage,1,127,2512,0.8269862493603394,0.30185710690100065
0.1,1,T1ax+T2ax+SWIax+FLAIRcor,1100101,4,Metastatic malignant neoplasm to brain,2,144,2512,0.7500293262012012,0.1864503205019948
0.1,1,T1ax+T2ax+SWIax+FLAIRcor,1100101,4,Intracranial meningioma,3,62,2512,0.6747333772218564,0.04959844281661306
0.1,1,T1ax+T2ax+SWIax+FLAIRcor,1100101,4,Demyelinating disease of central nervous system,4,66,2512,0.7928095344285042,0.08325160029757808
0.1,1,T1ax+T2ax+SWIax+FLAIRcor,1100101,4,Herniation of nucleus pulposus,5,42,2512,0.6755735492577598,0.032603473496660026
0.1,1,T1ax+T2ax+SWIax+FLAIRcor,1100101,4,Spinal cord compression,6,23,2512,0.5331807780320367,0.012757921236733562
0.1,1,T1ax+T2ax+SWIax+FLAIRcor,1100101,4,Lacunar infarct,7,86,2512,0.85283939492705,0.1538680396054122
0.1,1,T1ax+T2ax+SWIax+FLAIRcor,1100101,4,Silent micro-hemorrhage of brain,8,77,2512,0.7362649670657884,0.09001086926000107
0.1,1,T1ax+T2ax+SWIax+FLAIRcor,1100101,4,Gliosis,11,1027,2512,0.7256308623397231,0.6495379275149948
0.1,1,T1ax+T2ax+SWIax+FLAIRcor,1100101,4,Cerebral atrophy,12,324,2512,0.8976064730178074,0.6334666217232846
0.1,1,T1ax+T2ax+SWIax+FLAIRcor,1100101,4,Encephalomalacia,13,84,2512,0.642455087471562,0.1149547930445801
0.1,1,T1ax+T2ax+SWIax+FLAIRcor,1100101,4,Arachnoid cyst,14,69,2512,0.6202222261771283,0.05967811194639733
0.1,1,T1ax+T2ax+SWIax+FLAIRcor,1100101,4,Empty sella syndrome,15,72,2512,0.7350979052823315,0.06717192534636668
0.1,1,T1ax+T2ax+SWIax+FLAIRcor,1100101,4,Cyst of pineal gland,19,27,2512,0.6501378642223712,0.024651993518134088
0.1,1,T1ax+T2ax+SWIax+FLAIRcor,1100101,4,Cerebral edema,22,197,2512,0.848891032879806,0.47454977834053547
0.1,1,T1ax+T2ax+SWIax+FLAIRcor,1100101,4,Mastoiditis,24,62,2512,0.5890783410138248,0.04215263654826938
0.1,1,T1ax+T2ax+SWIax+FLAIRcor,1100101,4,Chronic mastoiditis,25,25,2512,0.6781825492561319,0.022656879096632356
0.1,1,T1ax+T2ax+SWIax+FLAIRcor,1100101,4,Ventriculomegaly,26,304,2512,0.888190670289855,0.5399476699225336
0.1,1,T1ax+T2ax+SWIax+FLAIRcor,1100101,4,Cerebellar degeneration,27,94,2512,0.7491464723791422,0.1306351685331295
0.1,1,T1ax+T2ax+SWIax+FLAIRcor,1100101,4,Mega cisterna magna,28,20,2512,0.6490369181380418,0.018642942356888497
0.1,1,T1ax+T2ax+SWIax+FLAIRcor,1100101,4,Foraminal Spinal Stenosis,33,25,2512,0.6468998793727383,0.015606042172760723
0.1,1,T1ax+T2ax+SWIax+T1sag,1100110,4,Cerebral infarction,0,161,2512,0.7538407074034836,0.2167695733383259
0.1,1,T1ax+T2ax+SWIax+T1sag,1100110,4,Cerebral hemorrhage,1,127,2512,0.8205384704270458,0.29425830057086777
0.1,1,T1ax+T2ax+SWIax+T1sag,1100110,4,Metastatic malignant neoplasm to brain,2,144,2512,0.7654754363738738,0.19679163324370758
0.1,1,T1ax+T2ax+SWIax+T1sag,1100110,4,Intracranial meningioma,3,62,2512,0.6423436471362738,0.056944424745663066
0.1,1,T1ax+T2ax+SWIax+T1sag,1100110,4,Demyelinating disease of central nervous system,4,66,2512,0.7716370574097475,0.11389866692111904
0.1,1,T1ax+T2ax+SWIax+T1sag,1100110,4,Herniation of nucleus pulposus,5,42,2512,0.6918257181415076,0.04197204796843465
0.1,1,T1ax+T2ax+SWIax+T1sag,1100110,4,Spinal cord compression,6,23,2512,0.5346830401593097,0.010892035765442462
0.1,1,T1ax+T2ax+SWIax+T1sag,1100110,4,Lacunar infarct,7,86,2512,0.8150894380643801,0.1362315795347846
0.1,1,T1ax+T2ax+SWIax+T1sag,1100110,4,Silent micro-hemorrhage of brain,8,77,2512,0.6962585668951172,0.06511083396341695
0.1,1,T1ax+T2ax+SWIax+T1sag,1100110,4,Gliosis,11,1027,2512,0.7251508922394999,0.651017428181975
0.1,1,T1ax+T2ax+SWIax+T1sag,1100110,4,Cerebral atrophy,12,324,2512,0.8845554878461643,0.6021207495004258
0.1,1,T1ax+T2ax+SWIax+T1sag,1100110,4,Encephalomalacia,13,84,2512,0.6960755471875736,0.11844046376101447
0.1,1,T1ax+T2ax+SWIax+T1sag,1100110,4,Arachnoid cyst,14,69,2512,0.6352073656172323,0.049204460404731094
0.1,1,T1ax+T2ax+SWIax+T1sag,1100110,4,Empty sella syndrome,15,72,2512,0.598030510018215,0.04098570916628598
0.1,1,T1ax+T2ax+SWIax+T1sag,1100110,4,Cyst of pineal gland,19,27,2512,0.6063641105894626,0.0521219286936749
0.1,1,T1ax+T2ax+SWIax+T1sag,1100110,4,Cerebral edema,22,197,2512,0.8487441207749066,0.4587812155046077
0.1,1,T1ax+T2ax+SWIax+T1sag,1100110,4,Mastoiditis,24,62,2512,0.5490520078999341,0.05564986473502737
0.1,1,T1ax+T2ax+SWIax+T1sag,1100110,4,Chronic mastoiditis,25,25,2512,0.6051789304382792,0.02404494918882661
0.1,1,T1ax+T2ax+SWIax+T1sag,1100110,4,Ventriculomegaly,26,304,2512,0.8924768187452327,0.5587229430834193
0.1,1,T1ax+T2ax+SWIax+T1sag,1100110,4,Cerebellar degeneration,27,94,2512,0.7952281646516375,0.15971941286226263
0.1,1,T1ax+T2ax+SWIax+T1sag,1100110,4,Mega cisterna magna,28,20,2512,0.6672351524879615,0.0180523375589124
0.1,1,T1ax+T2ax+SWIax+T1sag,1100110,4,Foraminal Spinal Stenosis,33,25,2512,0.5348934459187776,0.010469753329501823
0.1,1,T1ax+T2ax+FLAIRsag+FLAIRcor,1101001,4,Cerebral infarction,0,161,2512,0.7639460940368973,0.2015275147003194
0.1,1,T1ax+T2ax+FLAIRsag+FLAIRcor,1101001,4,Cerebral hemorrhage,1,127,2512,0.7967117317882434,0.25064844493601485
0.1,1,T1ax+T2ax+FLAIRsag+FLAIRcor,1101001,4,Metastatic malignant neoplasm to brain,2,144,2512,0.7496891422672673,0.19553025628179763
0.1,1,T1ax+T2ax+FLAIRsag+FLAIRcor,1101001,4,Intracranial meningioma,3,62,2512,0.6799539170506913,0.054396542372653754
0.1,1,T1ax+T2ax+FLAIRsag+FLAIRcor,1101001,4,Demyelinating disease of central nervous system,4,66,2512,0.7615525657226393,0.08684924151687423
0.1,1,T1ax+T2ax+FLAIRsag+FLAIRcor,1101001,4,Herniation of nucleus pulposus,5,42,2512,0.6677366493155967,0.03616327621102946
0.1,1,T1ax+T2ax+FLAIRsag+FLAIRcor,1101001,4,Spinal cord compression,6,23,2512,0.541181197267979,0.01230917390431142
0.1,1,T1ax+T2ax+FLAIRsag+FLAIRcor,1101001,4,Lacunar infarct,7,86,2512,0.8332454609942674,0.14426317612931078
0.1,1,T1ax+T2ax+FLAIRsag+FLAIRcor,1101001,4,Silent micro-hemorrhage of brain,8,77,2512,0.6950798687965012,0.0633487508281172
0.1,1,T1ax+T2ax+FLAIRsag+FLAIRcor,1101001,4,Gliosis,11,1027,2512,0.7295243902838839,0.6575285084559983
0.1,1,T1ax+T2ax+FLAIRsag+FLAIRcor,1101001,4,Cerebral atrophy,12,324,2512,0.9050827183063624,0.6579361305463121
0.1,1,T1ax+T2ax+FLAIRsag+FLAIRcor,1101001,4,Encephalomalacia,13,84,2512,0.6730750372636699,0.13926919621568962
0.1,1,T1ax+T2ax+FLAIRsag+FLAIRcor,1101001,4,Arachnoid cyst,14,69,2512,0.6340683526431626,0.059009357423508435
0.1,1,T1ax+T2ax+FLAIRsag+FLAIRcor,1101001,4,Empty sella syndrome,15,72,2512,0.7073087431693988,0.05877023303098228
0.1,1,T1ax+T2ax+FLAIRsag+FLAIRcor,1101001,4,Cyst of pineal gland,19,27,2512,0.6577241225128548,0.020689352400041085
0.1,1,T1ax+T2ax+FLAIRsag+FLAIRcor,1101001,4,Cerebral edema,22,197,2512,0.8476499545011019,0.46872342314038395
0.1,1,T1ax+T2ax+FLAIRsag+FLAIRcor,1101001,4,Mastoiditis,24,62,2512,0.6030743910467413,0.04027778236858232
0.1,1,T1ax+T2ax+FLAIRsag+FLAIRcor,1101001,4,Chronic mastoiditis,25,25,2512,0.6660715721753115,0.024088146263978403
0.1,1,T1ax+T2ax+FLAIRsag+FLAIRcor,1101001,4,Ventriculomegaly,26,304,2512,0.8802411088863463,0.5166096945147445
0.1,1,T1ax+T2ax+FLAIRsag+FLAIRcor,1101001,4,Cerebellar degeneration,27,94,2512,0.751931436214209,0.140588708370247
0.1,1,T1ax+T2ax+FLAIRsag+FLAIRcor,1101001,4,Mega cisterna magna,28,20,2512,0.6096308186195827,0.013975463621999234
0.1,1,T1ax+T2ax+FLAIRsag+FLAIRcor,1101001,4,Foraminal Spinal Stenosis,33,25,2512,0.6564535585042219,0.017004008615432376
0.1,1,T1ax+T2ax+FLAIRsag+T1sag,1101010,4,Cerebral infarction,0,161,2512,0.7716737426389194,0.2008458745987868
0.1,1,T1ax+T2ax+FLAIRsag+T1sag,1101010,4,Cerebral hemorrhage,1,127,2512,0.7962726357318544,0.23398664367449268
0.1,1,T1ax+T2ax+FLAIRsag+T1sag,1101010,4,Metastatic malignant neoplasm to brain,2,144,2512,0.7425130208333335,0.165403083607861
0.1,1,T1ax+T2ax+FLAIRsag+T1sag,1101010,4,Intracranial meningioma,3,62,2512,0.6548321263989467,0.04998722833638371
0.1,1,T1ax+T2ax+FLAIRsag+T1sag,1101010,4,Demyelinating disease of central nervous system,4,66,2512,0.7464320225971902,0.12942111825097105
0.1,1,T1ax+T2ax+FLAIRsag+T1sag,1101010,4,Herniation of nucleus pulposus,5,42,2512,0.6511567379988432,0.03301038657746669
0.1,1,T1ax+T2ax+FLAIRsag+T1sag,1101010,4,Spinal cord compression,6,23,2512,0.5340891225741087,0.010569053078294664
0.1,1,T1ax+T2ax+FLAIRsag+T1sag,1101010,4,Lacunar infarct,7,86,2512,0.8388005905021185,0.1456019145169949
0.1,1,T1ax+T2ax+FLAIRsag+T1sag,1101010,4,Silent micro-hemorrhage of brain,8,77,2512,0.6036694311848315,0.04730551707275102
0.1,1,T1ax+T2ax+FLAIRsag+T1sag,1101010,4,Gliosis,11,1027,2512,0.7268419344368711,0.6566072869367956
0.1,1,T1ax+T2ax+FLAIRsag+T1sag,1101010,4,Cerebral atrophy,12,324,2512,0.8984218069379557,0.6477718669896636
0.1,1,T1ax+T2ax+FLAIRsag+T1sag,1101010,4,Encephalomalacia,13,84,2512,0.6989242566878482,0.14668545891686288
0.1,1,T1ax+T2ax+FLAIRsag+T1sag,1101010,4,Arachnoid cyst,14,69,2512,0.6278037812857795,0.046520354483826035
0.1,1,T1ax+T2ax+FLAIRsag+T1sag,1101010,4,Empty sella syndrome,15,72,2512,0.6178904826958106,0.04123052259768949
0.1,1,T1ax+T2ax+FLAIRsag+T1sag,1101010,4,Cyst of pineal gland,19,27,2512,0.599284596467695,0.05103296354792927
0.1,1,T1ax+T2ax+FLAIRsag+T1sag,1101010,4,Cerebral edema,22,197,2512,0.8593437195075155,0.45981410391361355
0.1,1,T1ax+T2ax+FLAIRsag+T1sag,1101010,4,Mastoiditis,24,62,2512,0.5632455562870309,0.04019956100018875
0.1,1,T1ax+T2ax+FLAIRsag+T1sag,1101010,4,Chronic mastoiditis,25,25,2512,0.5936630478488139,0.01985904980271104
0.1,1,T1ax+T2ax+FLAIRsag+T1sag,1101010,4,Ventriculomegaly,26,304,2512,0.8845779104691076,0.5496954894101117
0.1,1,T1ax+T2ax+FLAIRsag+T1sag,1101010,4,Cerebellar degeneration,27,94,2512,0.7879995776358165,0.1366025792469504
0.1,1,T1ax+T2ax+FLAIRsag+T1sag,1101010,4,Mega cisterna magna,28,20,2512,0.6006821829855538,0.011816668977455076
0.1,1,T1ax+T2ax+FLAIRsag+T1sag,1101010,4,Foraminal Spinal Stenosis,33,25,2512,0.6,0.01242120785957378
0.1,1,T1ax+T2ax+FLAIRsag+SWIax,1101100,4,Cerebral infarction,0,161,2512,0.789255794415486,0.23683195607757582
0.1,1,T1ax+T2ax+FLAIRsag+SWIax,1101100,4,Cerebral hemorrhage,1,127,2512,0.822255236963304,0.28786052251635874
0.1,1,T1ax+T2ax+FLAIRsag+SWIax,1101100,4,Metastatic malignant neoplasm to brain,2,144,2512,0.7646249765390392,0.19475443012934401
0.1,1,T1ax+T2ax+FLAIRsag+SWIax,1101100,4,Intracranial meningioma,3,62,2512,0.6744173798551678,0.05406252008848221
0.1,1,T1ax+T2ax+FLAIRsag+SWIax,1101100,4,Demyelinating disease of central nervous system,4,66,2512,0.7519884040734408,0.0731136458966376
0.1,1,T1ax+T2ax+FLAIRsag+SWIax,1101100,4,Herniation of nucleus pulposus,5,42,2512,0.7186620397146712,0.039630410597959125
0.1,1,T1ax+T2ax+FLAIRsag+SWIax,1101100,4,Spinal cord compression,6,23,2512,0.5072405540901707,0.0101691871476384
0.1,1,T1ax+T2ax+FLAIRsag+SWIax,1101100,4,Lacunar infarct,7,86,2512,0.8568607526984795,0.15424849223810844
0.1,1,T1ax+T2ax+FLAIRsag+SWIax,1101100,4,Silent micro-hemorrhage of brain,8,77,2512,0.7009786927651404,0.07846632775965831
0.1,1,T1ax+T2ax+FLAIRsag+SWIax,1101100,4,Gliosis,11,1027,2512,0.7259652677374197,0.649025391458373
0.1,1,T1ax+T2ax+FLAIRsag+SWIax,1101100,4,Cerebral atrophy,12,324,2512,0.8978632044597918,0.6345131320251215
0.1,1,T1ax+T2ax+FLAIRsag+SWIax,1101100,4,Encephalomalacia,13,84,2512,0.6816947124813683,0.1337174685317515
0.1,1,T1ax+T2ax+FLAIRsag+SWIax,1101100,4,Arachnoid cyst,14,69,2512,0.6397990116689507,0.049533496701787055
0.1,1,T1ax+T2ax+FLAIRsag+SWIax,1101100,4,Empty sella syndrome,15,72,2512,0.6343863843351547,0.048859977071027336
0.1,1,T1ax+T2ax+FLAIRsag+SWIax,1101100,4,Cyst of pineal gland,19,27,2512,0.6401669274908712,0.05372833341316728
0.1,1,T1ax+T2ax+FLAIRsag+SWIax,1101100,4,Cerebral edema,22,197,2512,0.854868382103036,0.49537517856710817
0.1,1,T1ax+T2ax+FLAIRsag+SWIax,1101100,4,Mastoiditis,24,62,2512,0.6199539170506912,0.04949550282522538
0.1,1,T1ax+T2ax+FLAIRsag+SWIax,1101100,4,Chronic mastoiditis,25,25,2512,0.6411901889827102,0.027664827812694782
0.1,1,T1ax+T2ax+FLAIRsag+SWIax,1101100,4,Ventriculomegaly,26,304,2512,0.8896849375476736,0.5567618456350365
0.1,1,T1ax+T2ax+FLAIRsag+SWIax,1101100,4,Cerebellar degeneration,27,94,2512,0.7411699487883427,0.13727342806477352
0.1,1,T1ax+T2ax+FLAIRsag+SWIax,1101100,4,Mega cisterna magna,28,20,2512,0.6594903691813804,0.04063610721171794
0.1,1,T1ax+T2ax+FLAIRsag+SWIax,1101100,4,Foraminal Spinal Stenosis,33,25,2512,0.5866827503015681,0.011696639816597076
0.1,1,T1ax+T2ax+FLAIRax+FLAIRcor,1110001,4,Cerebral infarction,0,161,2512,0.7793406268245837,0.20504944905282418
0.1,1,T1ax+T2ax+FLAIRax+FLAIRcor,1110001,4,Cerebral hemorrhage,1,127,2512,0.8074679344327242,0.25793878179189095
0.1,1,T1ax+T2ax+FLAIRax+FLAIRcor,1110001,4,Metastatic malignant neoplasm to brain,2,144,2512,0.7569649727852852,0.18320111524794425
0.1,1,T1ax+T2ax+FLAIRax+FLAIRcor,1110001,4,Intracranial meningioma,3,62,2512,0.6835615536537196,0.0604176411382315
0.1,1,T1ax+T2ax+FLAIRax+FLAIRcor,1110001,4,Demyelinating disease of central nervous system,4,66,2512,0.809181347407022,0.130951511169839
0.1,1,T1ax+T2ax+FLAIRax+FLAIRcor,1110001,4,Herniation of nucleus pulposus,5,42,2512,0.6925872373240793,0.032988427248158786
0.1,1,T1ax+T2ax+FLAIRax+FLAIRcor,1110001,4,Spinal cord compression,6,23,2512,0.5813055705975859,0.021517935363589175
0.1,1,T1ax+T2ax+FLAIRax+FLAIRcor,1110001,4,Lacunar infarct,7,86,2512,0.8370559251519392,0.1552823243208195
0.1,1,T1ax+T2ax+FLAIRax+FLAIRcor,1110001,4,Silent micro-hemorrhage of brain,8,77,2512,0.7296194565188405,0.07461521713539111
0.1,1,T1ax+T2ax+FLAIRax+FLAIRcor,1110001,4,Gliosis,11,1027,2512,0.7329700772738748,0.6677098099342437
0.1,1,T1ax+T2ax+FLAIRax+FLAIRcor,1110001,4,Cerebral atrophy,12,324,2512,0.9017550838467961,0.6477457596910754
0.1,1,T1ax+T2ax+FLAIRax+FLAIRcor,1110001,4,Encephalomalacia,13,84,2512,0.6466325409900369,0.11516363866785892
0.1,1,T1ax+T2ax+FLAIRax+FLAIRcor,1110001,4,Arachnoid cyst,14,69,2512,0.646704277824248,0.06840322558688745
0.1,1,T1ax+T2ax+FLAIRax+FLAIRcor,1110001,4,Empty sella syndrome,15,72,2512,0.720030737704918,0.06658766076603931
0.1,1,T1ax+T2ax+FLAIRax+FLAIRcor,1110001,4,Cyst of pineal gland,19,27,2512,0.6532826589164618,0.01906350335617763
0.1,1,T1ax+T2ax+FLAIRax+FLAIRcor,1110001,4,Cerebral edema,22,197,2512,0.8472223744943043,0.4787249504618403
0.1,1,T1ax+T2ax+FLAIRax+FLAIRcor,1110001,4,Mastoiditis,24,62,2512,0.6030875576036866,0.04867618164611841
0.1,1,T1ax+T2ax+FLAIRax+FLAIRcor,1110001,4,Chronic mastoiditis,25,25,2512,0.6862404503417773,0.02321668542468183
0.1,1,T1ax+T2ax+FLAIRax+FLAIRcor,1110001,4,Ventriculomegaly,26,304,2512,0.8822568053966438,0.5394032401108265
0.1,1,T1ax+T2ax+FLAIRax+FLAIRcor,1110001,4,Cerebellar degeneration,27,94,2512,0.7560890836457068,0.1516517332759461
0.1,1,T1ax+T2ax+FLAIRax+FLAIRcor,1110001,4,Mega cisterna magna,28,20,2512,0.6805377207062601,0.022556648808600144
0.1,1,T1ax+T2ax+FLAIRax+FLAIRcor,1110001,4,Foraminal Spinal Stenosis,33,25,2512,0.6680016083634902,0.01733378538644883
0.1,1,T1ax+T2ax+FLAIRax+T1sag,1110010,4,Cerebral infarction,0,161,2512,0.7641627323908684,0.1840013588299924
0.1,1,T1ax+T2ax+FLAIRax+T1sag,1110010,4,Cerebral hemorrhage,1,127,2512,0.8097690618861322,0.24225560642057486
0.1,1,T1ax+T2ax+FLAIRax+T1sag,1110010,4,Metastatic malignant neoplasm to brain,2,144,2512,0.762988574512012,0.1898191662546193
0.1,1,T1ax+T2ax+FLAIRax+T1sag,1110010,4,Intracranial meningioma,3,62,2512,0.6838380513495721,0.0646279992980343
0.1,1,T1ax+T2ax+FLAIRax+T1sag,1110010,4,Demyelinating disease of central nervous system,4,66,2512,0.7961235412175722,0.18846899817084434
0.1,1,T1ax+T2ax+FLAIRax+T1sag,1110010,4,Herniation of nucleus pulposus,5,42,2512,0.6677559282822441,0.036386152225808675
0.1,1,T1ax+T2ax+FLAIRax+T1sag,1110010,4,Spinal cord compression,6,23,2512,0.546159624085105,0.011186663753169249
0.1,1,T1ax+T2ax+FLAIRax+T1sag,1110010,4,Lacunar infarct,7,86,2512,0.8339212791656282,0.1505947695529539
0.1,1,T1ax+T2ax+FLAIRax+T1sag,1110010,4,Silent micro-hemorrhage of brain,8,77,2512,0.6558148217285794,0.05609779640996174
0.1,1,T1ax+T2ax+FLAIRax+T1sag,1110010,4,Gliosis,11,1027,2512,0.730646287608313,0.6561960214649107
0.1,1,T1ax+T2ax+FLAIRax+T1sag,1110010,4,Cerebral atrophy,12,324,2512,0.8886899925519669,0.6302597255652639
0.1,1,T1ax+T2ax+FLAIRax+T1sag,1110010,4,Encephalomalacia,13,84,2512,0.6658331372087549,0.13027139293978182
0.1,1,T1ax+T2ax+FLAIRax+T1sag,1110010,4,Arachnoid cyst,14,69,2512,0.6548553394199339,0.054938109620429124
0.1,1,T1ax+T2ax+FLAIRax+T1sag,1110010,4,Empty sella syndrome,15,72,2512,0.6148622495446265,0.04060013024991937
0.1,1,T1ax+T2ax+FLAIRax+T1sag,1110010,4,Cyst of pineal gland,19,27,2512,0.583322155153141,0.04992760578128362
0.1,1,T1ax+T2ax+FLAIRax+T1sag,1110010,4,Cerebral edema,22,197,2512,0.849213362423392,0.47252540182234815
0.1,1,T1ax+T2ax+FLAIRax+T1sag,1110010,4,Mastoiditis,24,62,2512,0.5817774851876234,0.07145207179583764
0.1,1,T1ax+T2ax+FLAIRax+T1sag,1110010,4,Chronic mastoiditis,25,25,2512,0.6602653799758746,0.02458183420025425
0.1,1,T1ax+T2ax+FLAIRax+T1sag,1110010,4,Ventriculomegaly,26,304,2512,0.885696748665141,0.5399001703828364
0.1,1,T1ax+T2ax+FLAIRax+T1sag,1110010,4,Cerebellar degeneration,27,94,2512,0.8129322633440684,0.15068552432728777
0.1,1,T1ax+T2ax+FLAIRax+T1sag,1110010,4,Mega cisterna magna,28,20,2512,0.7016853932584269,0.016840943609722218
0.1,1,T1ax+T2ax+FLAIRax+T1sag,1110010,4,Foraminal Spinal Stenosis,33,25,2512,0.5739766787293928,0.01179780187870989
0.1,1,T1ax+T2ax+FLAIRax+SWIax,1110100,4,Cerebral infarction,0,161,2512,0.8093001260201157,0.2623390281284465
0.1,1,T1ax+T2ax+FLAIRax+SWIax,1110100,4,Cerebral hemorrhage,1,127,2512,0.823298502781492,0.28192702140512266
0.1,1,T1ax+T2ax+FLAIRax+SWIax,1110100,4,Metastatic malignant neoplasm to brain,2,144,2512,0.7684432479354354,0.1878454092342666
0.1,1,T1ax+T2ax+FLAIRax+SWIax,1110100,4,Intracranial meningioma,3,62,2512,0.7047333772218565,0.07322843981756628
0.1,1,T1ax+T2ax+FLAIRax+SWIax,1110100,4,Demyelinating disease of central nervous system,4,66,2512,0.8192906167149832,0.13230448083586813
0.1,1,T1ax+T2ax+FLAIRax+SWIax,1110100,4,Herniation of nucleus pulposus,5,42,2512,0.7146712936186621,0.04301668492532495
0.1,1,T1ax+T2ax+FLAIRax+SWIax,1110100,4,Spinal cord compression,6,23,2512,0.550945901095254,0.013328179045110857
0.1,1,T1ax+T2ax+FLAIRax+SWIax,1110100,4,Lacunar infarct,7,86,2512,0.8517561686382024,0.15870599400220448
0.1,1,T1ax+T2ax+FLAIRax+SWIax,1110100,4,Silent micro-hemorrhage of brain,8,77,2512,0.7055121469905865,0.07850561253131114
0.1,1,T1ax+T2ax+FLAIRax+SWIax,1110100,4,Gliosis,11,1027,2512,0.7340736150862733,0.6552298169371376
0.1,1,T1ax+T2ax+FLAIRax+SWIax,1110100,4,Cerebral atrophy,12,324,2512,0.8871383190015121,0.6103271931684159
0.1,1,T1ax+T2ax+FLAIRax+SWIax,1110100,4,Encephalomalacia,13,84,2512,0.6280203185063152,0.11414530189364731
0.1,1,T1ax+T2ax+FLAIRax+SWIax,1110100,4,Arachnoid cyst,14,69,2512,0.6372125030403342,0.05489895749887987
0.1,1,T1ax+T2ax+FLAIRax+SWIax,1110100,4,Empty sella syndrome,15,72,2512,0.6716586976320582,0.05075231585045569
0.1,1,T1ax+T2ax+FLAIRax+SWIax,1110100,4,Cyst of pineal gland,19,27,2512,0.6248602727475967,0.05280100809768796
0.1,1,T1ax+T2ax+FLAIRax+SWIax,1110100,4,Cerebral edema,22,197,2512,0.8462444222736292,0.4924381174373822
0.1,1,T1ax+T2ax+FLAIRax+SWIax,1110100,4,Mastoiditis,24,62,2512,0.6386372613561554,0.050384701228515974
0.1,1,T1ax+T2ax+FLAIRax+SWIax,1110100,4,Chronic mastoiditis,25,25,2512,0.6977563329312425,0.0260412268822562
0.1,1,T1ax+T2ax+FLAIRax+SWIax,1110100,4,Ventriculomegaly,26,304,2512,0.8897877336003052,0.5568549663752678
0.1,1,T1ax+T2ax+FLAIRax+SWIax,1110100,4,Cerebellar degeneration,27,94,2512,0.7512582932967284,0.13186841297039018
0.1,1,T1ax+T2ax+FLAIRax+SWIax,1110100,4,Mega cisterna magna,28,20,2512,0.75,0.0370525916448162
0.1,1,T1ax+T2ax+FLAIRax+SWIax,1110100,4,Foraminal Spinal Stenosis,33,25,2512,0.5880337756332932,0.012218619761197872
0.1,1,T1ax+T2ax+FLAIRax+FLAIRsag,1111000,4,Cerebral infarction,0,161,2512,0.7863919410532324,0.20395797626676604
0.1,1,T1ax+T2ax+FLAIRax+FLAIRsag,1111000,4,Cerebral hemorrhage,1,127,2512,0.7993694184453358,0.236358503367028
0.1,1,T1ax+T2ax+FLAIRax+FLAIRsag,1111000,4,Metastatic malignant neoplasm to brain,2,144,2512,0.763208521021021,0.18074930492690136
0.1,1,T1ax+T2ax+FLAIRax+FLAIRsag,1111000,4,Intracranial meningioma,3,62,2512,0.6801053324555628,0.0753330683737402
0.1,1,T1ax+T2ax+FLAIRax+FLAIRsag,1111000,4,Demyelinating disease of central nervous system,4,66,2512,0.7624755320994079,0.10590964723437314
0.1,1,T1ax+T2ax+FLAIRax+FLAIRsag,1111000,4,Herniation of nucleus pulposus,5,42,2512,0.6983130904183537,0.032861007694415426
0.1,1,T1ax+T2ax+FLAIRax+FLAIRsag,1111000,4,Spinal cord compression,6,23,2512,0.5430328226806644,0.012731378018880017
0.1,1,T1ax+T2ax+FLAIRax+FLAIRsag,1111000,4,Lacunar infarct,7,86,2512,0.8353543971318469,0.14806703385015382
0.1,1,T1ax+T2ax+FLAIRax+FLAIRsag,1111000,4,Silent micro-hemorrhage of brain,8,77,2512,0.6941465105736153,0.0639766773126866
0.1,1,T1ax+T2ax+FLAIRax+FLAIRsag,1111000,4,Gliosis,11,1027,2512,0.7328572974142595,0.6633890824410387
0.1,1,T1ax+T2ax+FLAIRax+FLAIRsag,1111000,4,Cerebral atrophy,12,324,2512,0.9024730855169611,0.6489740515994575
0.1,1,T1ax+T2ax+FLAIRax+FLAIRsag,1111000,4,Encephalomalacia,13,84,2512,0.6596503098768338,0.14286133419828742
0.1,1,T1ax+T2ax+FLAIRax+FLAIRsag,1111000,4,Arachnoid cyst,14,69,2512,0.6465085099693296,0.05988238727550939
0.1,1,T1ax+T2ax+FLAIRax+FLAIRsag,1111000,4,Empty sella syndrome,15,72,2512,0.6527493169398906,0.048873307144047286
0.1,1,T1ax+T2ax+FLAIRax+FLAIRsag,1111000,4,Cyst of pineal gland,19,27,2512,0.6394664281988225,0.017225365259906603
0.1,1,T1ax+T2ax+FLAIRax+FLAIRsag,1111000,4,Cerebral edema,22,197,2512,0.8455186326210654,0.4863289876685058
0.1,1,T1ax+T2ax+FLAIRax+FLAIRsag,1111000,4,Mastoiditis,24,62,2512,0.6300724160631994,0.047228487046997183
0.1,1,T1ax+T2ax+FLAIRax+FLAIRsag,1111000,4,Chronic mastoiditis,25,25,2512,0.6937675914756736,0.0258206182758319
0.1,1,T1ax+T2ax+FLAIRax+FLAIRsag,1111000,4,Ventriculomegaly,26,304,2512,0.8801755577803204,0.5257889528258151
0.1,1,T1ax+T2ax+FLAIRax+FLAIRsag,1111000,4,Cerebellar degeneration,27,94,2512,0.767470918466114,0.16013059859219086
0.1,1,T1ax+T2ax+FLAIRax+FLAIRsag,1111000,4,Mega cisterna magna,28,20,2512,0.6558988764044943,0.01903433536809167
0.1,1,T1ax+T2ax+FLAIRax+FLAIRsag,1111000,4,Foraminal Spinal Stenosis,33,25,2512,0.5882750301568155,0.012626018425438548
0.1,1,FLAIRax+FLAIRsag+SWIax+T1sag+FLAIRcor,0011111,5,Cerebral infarction,0,161,2512,0.751518449926158,0.20057311375153847
0.1,1,FLAIRax+FLAIRsag+SWIax+T1sag+FLAIRcor,0011111,5,Cerebral hemorrhage,1,127,2512,0.804255600125456,0.28414717617881896
0.1,1,FLAIRax+FLAIRsag+SWIax+T1sag+FLAIRcor,0011111,5,Metastatic malignant neoplasm to brain,2,144,2512,0.7756296335397898,0.21682721738584285
0.1,1,FLAIRax+FLAIRsag+SWIax+T1sag+FLAIRcor,0011111,5,Intracranial meningioma,3,62,2512,0.6470901909150758,0.042065202531994306
0.1,1,FLAIRax+FLAIRsag+SWIax+T1sag+FLAIRcor,0011111,5,Demyelinating disease of central nervous system,4,66,2512,0.7105664164126962,0.11780593884710219
0.1,1,FLAIRax+FLAIRsag+SWIax+T1sag+FLAIRcor,0011111,5,Herniation of nucleus pulposus,5,42,2512,0.7005976479660689,0.03404056857532567
0.1,1,FLAIRax+FLAIRsag+SWIax+T1sag+FLAIRcor,0011111,5,Spinal cord compression,6,23,2512,0.5966950233199992,0.037055217056528866
0.1,1,FLAIRax+FLAIRsag+SWIax+T1sag+FLAIRcor,0011111,5,Lacunar infarct,7,86,2512,0.8560459364635058,0.1630912201497861
0.1,1,FLAIRax+FLAIRsag+SWIax+T1sag+FLAIRcor,0011111,5,Silent micro-hemorrhage of brain,8,77,2512,0.7351609376250033,0.08836657853894374
0.1,1,FLAIRax+FLAIRsag+SWIax+T1sag+FLAIRcor,0011111,5,Gliosis,11,1027,2512,0.7340178808533239,0.6506634291488265
0.1,1,FLAIRax+FLAIRsag+SWIax+T1sag+FLAIRcor,0011111,5,Cerebral atrophy,12,324,2512,0.8867080822443405,0.6226987295121538
0.1,1,FLAIRax+FLAIRsag+SWIax+T1sag+FLAIRcor,0011111,5,Encephalomalacia,13,84,2512,0.6876961245783321,0.16409906150575773
0.1,1,FLAIRax+FLAIRsag+SWIax+T1sag+FLAIRcor,0011111,5,Arachnoid cyst,14,69,2512,0.6642996553299282,0.0896521174448765
0.1,1,FLAIRax+FLAIRsag+SWIax+T1sag+FLAIRcor,0011111,5,Empty sella syndrome,15,72,2512,0.6671220400728598,0.046626491854464665
0.1,1,FLAIRax+FLAIRsag+SWIax+T1sag+FLAIRcor,0011111,5,Cyst of pineal gland,19,27,2512,0.6545644235785081,0.017606907469480144
0.1,1,FLAIRax+FLAIRsag+SWIax+T1sag+FLAIRcor,0011111,5,Cerebral edema,22,197,2512,0.856063413404085,0.5132177308395373
0.1,1,FLAIRax+FLAIRsag+SWIax+T1sag+FLAIRcor,0011111,5,Mastoiditis,24,62,2512,0.6468992758393679,0.051182170845682225
0.1,1,FLAIRax+FLAIRsag+SWIax+T1sag+FLAIRcor,0011111,5,Chronic mastoiditis,25,25,2512,0.6034258142340169,0.023668307659953917
0.1,1,FLAIRax+FLAIRsag+SWIax+T1sag+FLAIRcor,0011111,5,Ventriculomegaly,26,304,2512,0.8854032584858887,0.5303366264891417
0.1,1,FLAIRax+FLAIRsag+SWIax+T1sag+FLAIRcor,0011111,5,Cerebellar degeneration,27,94,2512,0.7597011773401615,0.13211814420578322
0.1,1,FLAIRax+FLAIRsag+SWIax+T1sag+FLAIRcor,0011111,5,Mega cisterna magna,28,20,2512,0.5431179775280899,0.012809246463190413
0.1,1,FLAIRax+FLAIRsag+SWIax+T1sag+FLAIRcor,0011111,5,Foraminal Spinal Stenosis,33,25,2512,0.6249135504624046,0.014119853230296645
0.1,1,T2ax+FLAIRsag+SWIax+T1sag+FLAIRcor,0101111,5,Cerebral infarction,0,161,2512,0.7608074798354605,0.20197890227478996
0.1,1,T2ax+FLAIRsag+SWIax+T1sag+FLAIRcor,0101111,5,Cerebral hemorrhage,1,127,2512,0.8027996500437445,0.2946934502580535
0.1,1,T2ax+FLAIRsag+SWIax+T1sag+FLAIRcor,0101111,5,Metastatic malignant neoplasm to brain,2,144,2512,0.7756750891516516,0.2092869085860011
0.1,1,T2ax+FLAIRsag+SWIax+T1sag+FLAIRcor,0101111,5,Intracranial meningioma,3,62,2512,0.618314680710994,0.03827146436228953
0.1,1,T2ax+FLAIRsag+SWIax+T1sag+FLAIRcor,0101111,5,Demyelinating disease of central nervous system,4,66,2512,0.7128459575311579,0.09386975539433792
0.1,1,T2ax+FLAIRsag+SWIax+T1sag+FLAIRcor,0101111,5,Herniation of nucleus pulposus,5,42,2512,0.6962695199537304,0.03585493101094822
0.1,1,T2ax+FLAIRsag+SWIax+T1sag+FLAIRcor,0101111,5,Spinal cord compression,6,23,2512,0.5155029957901724,0.01613274478477092
0.1,1,T2ax+FLAIRsag+SWIax+T1sag+FLAIRcor,0101111,5,Lacunar infarct,7,86,2512,0.8563574838474663,0.15858535473338434
0.1,1,T2ax+FLAIRsag+SWIax+T1sag+FLAIRcor,0101111,5,Silent micro-hemorrhage of brain,8,77,2512,0.6892770473879304,0.0676455933333221
0.1,1,T2ax+FLAIRsag+SWIax+T1sag+FLAIRcor,0101111,5,Gliosis,11,1027,2512,0.7327654998541075,0.6630481949473281
0.1,1,T2ax+FLAIRsag+SWIax+T1sag+FLAIRcor,0101111,5,Cerebral atrophy,12,324,2512,0.8925635339788295,0.6263809317059471
0.1,1,T2ax+FLAIRsag+SWIax+T1sag+FLAIRcor,0101111,5,Encephalomalacia,13,84,2512,0.6707313485526005,0.14241324585298237
0.1,1,T2ax+FLAIRsag+SWIax+T1sag+FLAIRcor,0101111,5,Arachnoid cyst,14,69,2512,0.6317903266950233,0.05634456712020525
0.1,1,T2ax+FLAIRsag+SWIax+T1sag+FLAIRcor,0101111,5,Empty sella syndrome,15,72,2512,0.6764856557377049,0.05236108348708575
0.1,1,T2ax+FLAIRsag+SWIax+T1sag+FLAIRcor,0101111,5,Cyst of pineal gland,19,27,2512,0.6614948952977122,0.02649491501191578
0.1,1,T2ax+FLAIRsag+SWIax+T1sag+FLAIRcor,0101111,5,Cerebral edema,22,197,2512,0.8695617853109823,0.5031397561371944
0.1,1,T2ax+FLAIRsag+SWIax+T1sag+FLAIRcor,0101111,5,Mastoiditis,24,62,2512,0.6283410138248848,0.040049016876995455
0.1,1,T2ax+FLAIRsag+SWIax+T1sag+FLAIRcor,0101111,5,Chronic mastoiditis,25,25,2512,0.6078809811017291,0.01658584305924187
0.1,1,T2ax+FLAIRsag+SWIax+T1sag+FLAIRcor,0101111,5,Ventriculomegaly,26,304,2512,0.8798805778032037,0.5264509740885752
0.1,1,T2ax+FLAIRsag+SWIax+T1sag+FLAIRcor,0101111,5,Cerebellar degeneration,27,94,2512,0.7683112472062369,0.1349940055975042
0.1,1,T2ax+FLAIRsag+SWIax+T1sag+FLAIRcor,0101111,5,Mega cisterna magna,28,20,2512,0.5826845906902087,0.014079692836027922
0.1,1,T2ax+FLAIRsag+SWIax+T1sag+FLAIRcor,0101111,5,Foraminal Spinal Stenosis,33,25,2512,0.6396300763972658,0.015153173127424027
0.1,1,T2ax+FLAIRax+SWIax+T1sag+FLAIRcor,0110111,5,Cerebral infarction,0,161,2512,0.7811873366956309,0.20451867114349553
0.1,1,T2ax+FLAIRax+SWIax+T1sag+FLAIRcor,0110111,5,Cerebral hemorrhage,1,127,2512,0.814249162250945,0.3123256355042378
0.1,1,T2ax+FLAIRax+SWIax+T1sag+FLAIRcor,0110111,5,Metastatic malignant neoplasm to brain,2,144,2512,0.7849011120495497,0.21379927426629527
0.1,1,T2ax+FLAIRax+SWIax+T1sag+FLAIRcor,0110111,5,Intracranial meningioma,3,62,2512,0.6182422646477945,0.040642512147081755
0.1,1,T2ax+FLAIRax+SWIax+T1sag+FLAIRcor,0110111,5,Demyelinating disease of central nervous system,4,66,2512,0.7548440248767314,0.10762077795149866
0.1,1,T2ax+FLAIRax+SWIax+T1sag+FLAIRcor,0110111,5,Herniation of nucleus pulposus,5,42,2512,0.6978696741854636,0.03374696826084166
0.1,1,T2ax+FLAIRax+SWIax+T1sag+FLAIRcor,0110111,5,Spinal cord compression,6,23,2512,0.5631910842489563,0.056072487171722106
0.1,1,T2ax+FLAIRax+SWIax+T1sag+FLAIRcor,0110111,5,Lacunar infarct,7,86,2512,0.8574071588795797,0.15836422896131086
0.1,1,T2ax+FLAIRax+SWIax+T1sag+FLAIRcor,0110111,5,Silent micro-hemorrhage of brain,8,77,2512,0.7046267900477347,0.07674252318154627
0.1,1,T2ax+FLAIRax+SWIax+T1sag+FLAIRcor,0110111,5,Gliosis,11,1027,2512,0.7375186463794059,0.6673084104338868
0.1,1,T2ax+FLAIRax+SWIax+T1sag+FLAIRcor,0110111,5,Cerebral atrophy,12,324,2512,0.8872850226826461,0.6232697000164295
0.1,1,T2ax+FLAIRax+SWIax+T1sag+FLAIRcor,0110111,5,Encephalomalacia,13,84,2512,0.6500500117674747,0.13125146528492873
0.1,1,T2ax+FLAIRax+SWIax+T1sag+FLAIRcor,0110111,5,Arachnoid cyst,14,69,2512,0.649112815675666,0.06428242405028906
0.1,1,T2ax+FLAIRax+SWIax+T1sag+FLAIRcor,0110111,5,Empty sella syndrome,15,72,2512,0.6738900273224046,0.049599486128706384
0.1,1,T2ax+FLAIRax+SWIax+T1sag+FLAIRcor,0110111,5,Cyst of pineal gland,19,27,2512,0.6623146285118116,0.029207365254556666
0.1,1,T2ax+FLAIRax+SWIax+T1sag+FLAIRcor,0110111,5,Cerebral edema,22,197,2512,0.8577452280974882,0.5115713238944201
0.1,1,T2ax+FLAIRax+SWIax+T1sag+FLAIRcor,0110111,5,Mastoiditis,24,62,2512,0.6347992100065832,0.05492797703388676
0.1,1,T2ax+FLAIRax+SWIax+T1sag+FLAIRcor,0110111,5,Chronic mastoiditis,25,25,2512,0.6502452754322476,0.019048898110425438
0.1,1,T2ax+FLAIRax+SWIax+T1sag+FLAIRcor,0110111,5,Ventriculomegaly,26,304,2512,0.8858114631006865,0.5394961401561249
0.1,1,T2ax+FLAIRax+SWIax+T1sag+FLAIRcor,0110111,5,Cerebellar degeneration,27,94,2512,0.7819632895130494,0.139241722642013
0.1,1,T2ax+FLAIRax+SWIax+T1sag+FLAIRcor,0110111,5,Mega cisterna magna,28,20,2512,0.6244783306581059,0.02118693782128153
0.1,1,T2ax+FLAIRax+SWIax+T1sag+FLAIRcor,0110111,5,Foraminal Spinal Stenosis,33,25,2512,0.6044551668677121,0.013408284521944511
0.1,1,T2ax+FLAIRax+FLAIRsag+T1sag+FLAIRcor,0111011,5,Cerebral infarction,0,161,2512,0.7588339572694056,0.1849366090254943
0.1,1,T2ax+FLAIRax+FLAIRsag+T1sag+FLAIRcor,0111011,5,Cerebral hemorrhage,1,127,2512,0.7931494412255072,0.2594716757934498
0.1,1,T2ax+FLAIRax+FLAIRsag+T1sag+FLAIRcor,0111011,5,Metastatic malignant neoplasm to brain,2,144,2512,0.761038382132132,0.20351837443178272
0.1,1,T2ax+FLAIRax+FLAIRsag+T1sag+FLAIRcor,0111011,5,Intracranial meningioma,3,62,2512,0.6471955233706386,0.04241678375182684
0.1,1,T2ax+FLAIRax+FLAIRsag+T1sag+FLAIRcor,0111011,5,Demyelinating disease of central nervous system,4,66,2512,0.7279293342253276,0.11517704792483412
0.1,1,T2ax+FLAIRax+FLAIRsag+T1sag+FLAIRcor,0111011,5,Herniation of nucleus pulposus,5,42,2512,0.6745710429920956,0.03316285044159227
0.1,1,T2ax+FLAIRax+FLAIRsag+T1sag+FLAIRcor,0111011,5,Spinal cord compression,6,23,2512,0.5928869635090048,0.05649943244662859
0.1,1,T2ax+FLAIRax+FLAIRsag+T1sag+FLAIRcor,0111011,5,Lacunar infarct,7,86,2512,0.8414846910408558,0.1419662151399659
0.1,1,T2ax+FLAIRax+FLAIRsag+T1sag+FLAIRcor,0111011,5,Silent micro-hemorrhage of brain,8,77,2512,0.6613243019813861,0.06696948779142799
0.1,1,T2ax+FLAIRax+FLAIRsag+T1sag+FLAIRcor,0111011,5,Gliosis,11,1027,2512,0.7429006061917455,0.672428069435312
0.1,1,T2ax+FLAIRax+FLAIRsag+T1sag+FLAIRcor,0111011,5,Cerebral atrophy,12,324,2512,0.8988478118581714,0.6514733816812698
0.1,1,T2ax+FLAIRax+FLAIRsag+T1sag+FLAIRcor,0111011,5,Encephalomalacia,13,84,2512,0.6540656625088256,0.14407509635034912
0.1,1,T2ax+FLAIRax+FLAIRsag+T1sag+FLAIRcor,0111011,5,Arachnoid cyst,14,69,2512,0.6742600864937977,0.07369247165224597
0.1,1,T2ax+FLAIRax+FLAIRsag+T1sag+FLAIRcor,0111011,5,Empty sella syndrome,15,72,2512,0.6745844717668488,0.047433234541698795
0.1,1,T2ax+FLAIRax+FLAIRsag+T1sag+FLAIRcor,0111011,5,Cyst of pineal gland,19,27,2512,0.6561591772859379,0.017340812256258643
0.1,1,T2ax+FLAIRax+FLAIRsag+T1sag+FLAIRcor,0111011,5,Cerebral edema,22,197,2512,0.8494589468375525,0.5044401275138487
0.1,1,T2ax+FLAIRax+FLAIRsag+T1sag+FLAIRcor,0111011,5,Mastoiditis,24,62,2512,0.6066096115865701,0.0453081970493448
0.1,1,T2ax+FLAIRax+FLAIRsag+T1sag+FLAIRcor,0111011,5,Chronic mastoiditis,25,25,2512,0.643329312424608,0.021673856819781512
0.1,1,T2ax+FLAIRax+FLAIRsag+T1sag+FLAIRcor,0111011,5,Ventriculomegaly,26,304,2512,0.874913591723875,0.5206896537035693
0.1,1,T2ax+FLAIRax+FLAIRsag+T1sag+FLAIRcor,0111011,5,Cerebellar degeneration,27,94,2512,0.7750778733963359,0.15087778396013507
0.1,1,T2ax+FLAIRax+FLAIRsag+T1sag+FLAIRcor,0111011,5,Mega cisterna magna,28,20,2512,0.5757825040128411,0.01397580076291826
0.1,1,T2ax+FLAIRax+FLAIRsag+T1sag+FLAIRcor,0111011,5,Foraminal Spinal Stenosis,33,25,2512,0.6007076799356654,0.013481994205838132
0.1,1,T2ax+FLAIRax+FLAIRsag+SWIax+FLAIRcor,0111101,5,Cerebral infarction,0,161,2512,0.7975963710433779,0.23569039612975787
0.1,1,T2ax+FLAIRax+FLAIRsag+SWIax+FLAIRcor,0111101,5,Cerebral hemorrhage,1,127,2512,0.8152396044834018,0.2871083318847704
0.1,1,T2ax+FLAIRax+FLAIRsag+SWIax+FLAIRcor,0111101,5,Metastatic malignant neoplasm to brain,2,144,2512,0.7968456737987988,0.22215527029062024
0.1,1,T2ax+FLAIRax+FLAIRsag+SWIax+FLAIRcor,0111101,5,Intracranial meningioma,3,62,2512,0.6939236339697169,0.04804897003691367
0.1,1,T2ax+FLAIRax+FLAIRsag+SWIax+FLAIRcor,0111101,5,Demyelinating disease of central nervous system,4,66,2512,0.7325813325404495,0.09105580366436784
0.1,1,T2ax+FLAIRax+FLAIRsag+SWIax+FLAIRcor,0111101,5,Herniation of nucleus pulposus,5,42,2512,0.7182571814150762,0.040777213319713776
0.1,1,T2ax+FLAIRax+FLAIRsag+SWIax+FLAIRcor,0111101,5,Spinal cord compression,6,23,2512,0.5939699896937831,0.027973501403856592
0.1,1,T2ax+FLAIRax+FLAIRsag+SWIax+FLAIRcor,0111101,5,Lacunar infarct,7,86,2512,0.8695766790007478,0.17359816820110605
0.1,1,T2ax+FLAIRax+FLAIRsag+SWIax+FLAIRcor,0111101,5,Silent micro-hemorrhage of brain,8,77,2512,0.7339075708685565,0.10203625026631576
0.1,1,T2ax+FLAIRax+FLAIRsag+SWIax+FLAIRcor,0111101,5,Gliosis,11,1027,2512,0.7348230765952284,0.6691270726329477
0.1,1,T2ax+FLAIRax+FLAIRsag+SWIax+FLAIRcor,0111101,5,Cerebral atrophy,12,324,2512,0.8964116843839574,0.6370502725107567
0.1,1,T2ax+FLAIRax+FLAIRsag+SWIax+FLAIRcor,0111101,5,Encephalomalacia,13,84,2512,0.6518347454302974,0.1526186756766444
0.1,1,T2ax+FLAIRax+FLAIRsag+SWIax+FLAIRcor,0111101,5,Arachnoid cyst,14,69,2512,0.6634809897548155,0.08511691244377133
0.1,1,T2ax+FLAIRax+FLAIRsag+SWIax+FLAIRcor,0111101,5,Empty sella syndrome,15,72,2512,0.6817736794171221,0.055526810935378035
0.1,1,T2ax+FLAIRax+FLAIRsag+SWIax+FLAIRcor,0111101,5,Cyst of pineal gland,19,27,2512,0.6839704896042924,0.018875922485678074
0.1,1,T2ax+FLAIRax+FLAIRsag+SWIax+FLAIRcor,0111101,5,Cerebral edema,22,197,2512,0.8546754229204809,0.5112735236131319
0.1,1,T2ax+FLAIRax+FLAIRsag+SWIax+FLAIRcor,0111101,5,Mastoiditis,24,62,2512,0.6865240289664254,0.07207862292563565
0.1,1,T2ax+FLAIRax+FLAIRsag+SWIax+FLAIRcor,0111101,5,Chronic mastoiditis,25,25,2512,0.6758343385605148,0.025162604705089155
0.1,1,T2ax+FLAIRax+FLAIRsag+SWIax+FLAIRcor,0111101,5,Ventriculomegaly,26,304,2512,0.8804794765446223,0.5388393326436577
0.1,1,T2ax+FLAIRax+FLAIRsag+SWIax+FLAIRcor,0111101,5,Cerebellar degeneration,27,94,2512,0.7352656494729246,0.14670352005054774
0.1,1,T2ax+FLAIRax+FLAIRsag+SWIax+FLAIRcor,0111101,5,Mega cisterna magna,28,20,2512,0.6406701444622792,0.028295643439769216
0.1,1,T2ax+FLAIRax+FLAIRsag+SWIax+FLAIRcor,0111101,5,Foraminal Spinal Stenosis,33,25,2512,0.5930197024527544,0.013999724622332668
0.1,1,T2ax+FLAIRax+FLAIRsag+SWIax+T1sag,0111110,5,Cerebral infarction,0,161,2512,0.7800539482340011,0.21249033909596854
0.1,1,T2ax+FLAIRax+FLAIRsag+SWIax+T1sag,0111110,5,Cerebral hemorrhage,1,127,2512,0.8145760081876559,0.2953182757995304
0.1,1,T2ax+FLAIRax+FLAIRsag+SWIax+T1sag,0111110,5,Metastatic malignant neoplasm to brain,2,144,2512,0.8010833098723723,0.21345335909521007
0.1,1,T2ax+FLAIRax+FLAIRsag+SWIax+T1sag,0111110,5,Intracranial meningioma,3,62,2512,0.6350888742593812,0.0434502917560463
0.1,1,T2ax+FLAIRax+FLAIRsag+SWIax+T1sag,0111110,5,Demyelinating disease of central nervous system,4,66,2512,0.7334547436755123,0.10302079318273419
0.1,1,T2ax+FLAIRax+FLAIRsag+SWIax+T1sag,0111110,5,Herniation of nucleus pulposus,5,42,2512,0.7325525351841141,0.036857986721741925
0.1,1,T2ax+FLAIRax+FLAIRsag+SWIax+T1sag,0111110,5,Spinal cord compression,6,23,2512,0.5618635037643894,0.014979174802985662
0.1,1,T2ax+FLAIRax+FLAIRsag+SWIax+T1sag,0111110,5,Lacunar infarct,7,86,2512,0.8614285166510094,0.1695612615457506
0.1,1,T2ax+FLAIRax+FLAIRsag+SWIax+T1sag,0111110,5,Silent micro-hemorrhage of brain,8,77,2512,0.6739486386303634,0.06802113138524878
0.1,1,T2ax+FLAIRax+FLAIRsag+SWIax+T1sag,0111110,5,Gliosis,11,1027,2512,0.7349201197302463,0.6639874160812645
0.1,1,T2ax+FLAIRax+FLAIRsag+SWIax+T1sag,0111110,5,Cerebral atrophy,12,324,2512,0.8932434491163924,0.6298609487940572
0.1,1,T2ax+FLAIRax+FLAIRsag+SWIax+T1sag,0111110,5,Encephalomalacia,13,84,2512,0.6698487879501059,0.14629810741143517
0.1,1,T2ax+FLAIRax+FLAIRsag+SWIax+T1sag,0111110,5,Arachnoid cyst,14,69,2512,0.6692947018099628,0.06180641163348043
0.1,1,T2ax+FLAIRax+FLAIRsag+SWIax+T1sag,0111110,5,Empty sella syndrome,15,72,2512,0.5998406193078325,0.03788870215845713
0.1,1,T2ax+FLAIRax+FLAIRsag+SWIax+T1sag,0111110,5,Cyst of pineal gland,19,27,2512,0.638139950816007,0.051867668441188765
0.1,1,T2ax+FLAIRax+FLAIRsag+SWIax+T1sag,0111110,5,Cerebral edema,22,197,2512,0.866663012136694,0.5304320434643703
0.1,1,T2ax+FLAIRax+FLAIRsag+SWIax+T1sag,0111110,5,Mastoiditis,24,62,2512,0.631086240947992,0.05704989359810493
0.1,1,T2ax+FLAIRax+FLAIRsag+SWIax+T1sag,0111110,5,Chronic mastoiditis,25,25,2512,0.6435705669481303,0.024234392382572953
0.1,1,T2ax+FLAIRax+FLAIRsag+SWIax+T1sag,0111110,5,Ventriculomegaly,26,304,2512,0.888665915808543,0.5483407817560958
0.1,1,T2ax+FLAIRax+FLAIRsag+SWIax+T1sag,0111110,5,Cerebellar degeneration,27,94,2512,0.7826760290727346,0.13502782648572642
0.1,1,T2ax+FLAIRax+FLAIRsag+SWIax+T1sag,0111110,5,Mega cisterna magna,28,20,2512,0.6366974317817015,0.014690170626354105
0.1,1,T2ax+FLAIRax+FLAIRsag+SWIax+T1sag,0111110,5,Foraminal Spinal Stenosis,33,25,2512,0.5502372336147969,0.011085234577786103
0.1,1,T1ax+FLAIRsag+SWIax+T1sag+FLAIRcor,1001111,5,Cerebral infarction,0,161,2512,0.7424037874724908,0.18804360378492455
0.1,1,T1ax+FLAIRsag+SWIax+T1sag+FLAIRcor,1001111,5,Cerebral hemorrhage,1,127,2512,0.8005084270126611,0.29624693737112556
0.1,1,T1ax+FLAIRsag+SWIax+T1sag+FLAIRcor,1001111,5,Metastatic malignant neoplasm to brain,2,144,2512,0.7609122794669669,0.2015687306576618
0.1,1,T1ax+FLAIRsag+SWIax+T1sag+FLAIRcor,1001111,5,Intracranial meningioma,3,62,2512,0.6517511520737327,0.042556120025722066
0.1,1,T1ax+FLAIRsag+SWIax+T1sag+FLAIRcor,1001111,5,Demyelinating disease of central nervous system,4,66,2512,0.7113964667112663,0.08386555217012069
0.1,1,T1ax+FLAIRsag+SWIax+T1sag+FLAIRcor,1001111,5,Herniation of nucleus pulposus,5,42,2512,0.6708502024291498,0.034326534234935466
0.1,1,T1ax+FLAIRsag+SWIax+T1sag+FLAIRcor,1001111,5,Spinal cord compression,6,23,2512,0.5780564920432512,0.013550358082666981
0.1,1,T1ax+FLAIRsag+SWIax+T1sag+FLAIRcor,1001111,5,Lacunar infarct,7,86,2512,0.8472459211257883,0.1546253782755772
0.1,1,T1ax+FLAIRsag+SWIax+T1sag+FLAIRcor,1001111,5,Silent micro-hemorrhage of brain,8,77,2512,0.7278434091575774,0.08438186927058972
0.1,1,T1ax+FLAIRsag+SWIax+T1sag+FLAIRcor,1001111,5,Gliosis,11,1027,2512,0.7288005009523997,0.6481567557196328
0.1,1,T1ax+FLAIRsag+SWIax+T1sag+FLAIRcor,1001111,5,Cerebral atrophy,12,324,2512,0.8906987044936465,0.6228552911874923
0.1,1,T1ax+FLAIRsag+SWIax+T1sag+FLAIRcor,1001111,5,Encephalomalacia,13,84,2512,0.7240331058288225,0.15844467369685938
0.1,1,T1ax+FLAIRsag+SWIax+T1sag+FLAIRcor,1001111,5,Arachnoid cyst,14,69,2512,0.6374794592061317,0.07054376316648259
0.1,1,T1ax+FLAIRsag+SWIax+T1sag+FLAIRcor,1001111,5,Empty sella syndrome,15,72,2512,0.6851775956284153,0.05356059128387218
0.1,1,T1ax+FLAIRsag+SWIax+T1sag+FLAIRcor,1001111,5,Cyst of pineal gland,19,27,2512,0.6487219613980177,0.02104367725292758
0.1,1,T1ax+FLAIRsag+SWIax+T1sag+FLAIRcor,1001111,5,Cerebral edema,22,197,2512,0.8540483055771781,0.4886327174830907
0.1,1,T1ax+FLAIRsag+SWIax+T1sag+FLAIRcor,1001111,5,Mastoiditis,24,62,2512,0.6048387096774195,0.04254117347922628
0.1,1,T1ax+FLAIRsag+SWIax+T1sag+FLAIRcor,1001111,5,Chronic mastoiditis,25,25,2512,0.5848331322878971,0.017185243466660005
0.1,1,T1ax+FLAIRsag+SWIax+T1sag+FLAIRcor,1001111,5,Ventriculomegaly,26,304,2512,0.8876379552822273,0.5191642079977149
0.1,1,T1ax+FLAIRsag+SWIax+T1sag+FLAIRcor,1001111,5,Cerebellar degeneration,27,94,2512,0.7773656793903878,0.13472199632492068
0.1,1,T1ax+FLAIRsag+SWIax+T1sag+FLAIRcor,1001111,5,Mega cisterna magna,28,20,2512,0.5364365971107544,0.0108635828184134
0.1,1,T1ax+FLAIRsag+SWIax+T1sag+FLAIRcor,1001111,5,Foraminal Spinal Stenosis,33,25,2512,0.630864495375955,0.0142575557989596
0.1,1,T1ax+FLAIRax+SWIax+T1sag+FLAIRcor,1010111,5,Cerebral infarction,0,161,2512,0.753489330561067,0.18909559640553567
0.1,1,T1ax+FLAIRax+SWIax+T1sag+FLAIRcor,1010111,5,Cerebral hemorrhage,1,127,2512,0.8152263985869691,0.3152508428986659
0.1,1,T1ax+FLAIRax+SWIax+T1sag+FLAIRcor,1010111,5,Metastatic malignant neoplasm to brain,2,144,2512,0.7708128049924925,0.21044949570218077
0.1,1,T1ax+FLAIRax+SWIax+T1sag+FLAIRcor,1010111,5,Intracranial meningioma,3,62,2512,0.6592890059249507,0.051784786986671646
0.1,1,T1ax+FLAIRax+SWIax+T1sag+FLAIRcor,1010111,5,Demyelinating disease of central nervous system,4,66,2512,0.7402190341683392,0.12584946108014644
0.1,1,T1ax+FLAIRax+SWIax+T1sag+FLAIRcor,1010111,5,Herniation of nucleus pulposus,5,42,2512,0.6889049546944284,0.03283482521346949
0.1,1,T1ax+FLAIRax+SWIax+T1sag+FLAIRcor,1010111,5,Spinal cord compression,6,23,2512,0.5917340646671441,0.01612311533326301
0.1,1,T1ax+FLAIRax+SWIax+T1sag+FLAIRcor,1010111,5,Lacunar infarct,7,86,2512,0.8506633562760023,0.15896978337082757
0.1,1,T1ax+FLAIRax+SWIax+T1sag+FLAIRcor,1010111,5,Silent micro-hemorrhage of brain,8,77,2512,0.7522760606949519,0.09728034491668651
0.1,1,T1ax+FLAIRax+SWIax+T1sag+FLAIRcor,1010111,5,Gliosis,11,1027,2512,0.733404148594022,0.654334404547523
0.1,1,T1ax+FLAIRax+SWIax+T1sag+FLAIRcor,1010111,5,Cerebral atrophy,12,324,2512,0.8851042160380979,0.6170247748255787
0.1,1,T1ax+FLAIRax+SWIax+T1sag+FLAIRcor,1010111,5,Encephalomalacia,13,84,2512,0.6857397819094688,0.14265839499342828
0.1,1,T1ax+FLAIRax+SWIax+T1sag+FLAIRcor,1010111,5,Arachnoid cyst,14,69,2512,0.6524883280831953,0.08412667779313499
0.1,1,T1ax+FLAIRax+SWIax+T1sag+FLAIRcor,1010111,5,Empty sella syndrome,15,72,2512,0.6846596083788707,0.05445605731696078
0.1,1,T1ax+FLAIRax+SWIax+T1sag+FLAIRcor,1010111,5,Cyst of pineal gland,19,27,2512,0.6153960801848126,0.01916896299326613
0.1,1,T1ax+FLAIRax+SWIax+T1sag+FLAIRcor,1010111,5,Cerebral edema,22,197,2512,0.8502439398756729,0.4929959371676763
0.1,1,T1ax+FLAIRax+SWIax+T1sag+FLAIRcor,1010111,5,Mastoiditis,24,62,2512,0.6306451612903226,0.05255207523106932
0.1,1,T1ax+FLAIRax+SWIax+T1sag+FLAIRcor,1010111,5,Chronic mastoiditis,25,25,2512,0.6226940088459992,0.01786519862323034
0.1,1,T1ax+FLAIRax+SWIax+T1sag+FLAIRcor,1010111,5,Ventriculomegaly,26,304,2512,0.8908916738176963,0.5341394221309222
0.1,1,T1ax+FLAIRax+SWIax+T1sag+FLAIRcor,1010111,5,Cerebellar degeneration,27,94,2512,0.7735644017387324,0.14085979025194018
0.1,1,T1ax+FLAIRax+SWIax+T1sag+FLAIRcor,1010111,5,Mega cisterna magna,28,20,2512,0.5965288924558587,0.014073340136188592
0.1,1,T1ax+FLAIRax+SWIax+T1sag+FLAIRcor,1010111,5,Foraminal Spinal Stenosis,33,25,2512,0.6300763972657821,0.014133317754290092
0.1,1,T1ax+FLAIRax+FLAIRsag+T1sag+FLAIRcor,1011011,5,Cerebral infarction,0,161,2512,0.7521366618143197,0.1760981971084504
0.1,1,T1ax+FLAIRax+FLAIRsag+T1sag+FLAIRcor,1011011,5,Cerebral hemorrhage,1,127,2512,0.7952689876029647,0.24117661552906602
0.1,1,T1ax+FLAIRax+FLAIRsag+T1sag+FLAIRcor,1011011,5,Metastatic malignant neoplasm to brain,2,144,2512,0.7456861158033032,0.1815629042919732
0.1,1,T1ax+FLAIRax+FLAIRsag+T1sag+FLAIRcor,1011011,5,Intracranial meningioma,3,62,2512,0.6702501645819618,0.04616112194570131
0.1,1,T1ax+FLAIRax+FLAIRsag+T1sag+FLAIRcor,1011011,5,Demyelinating disease of central nervous system,4,66,2512,0.7434710969052752,0.11052760684385479
0.1,1,T1ax+FLAIRax+FLAIRsag+T1sag+FLAIRcor,1011011,5,Herniation of nucleus pulposus,5,42,2512,0.6620782726045884,0.03071887048012513
0.1,1,T1ax+FLAIRax+FLAIRsag+T1sag+FLAIRcor,1011011,5,Spinal cord compression,6,23,2512,0.6083637570527713,0.017757474834745702
0.1,1,T1ax+FLAIRax+FLAIRsag+T1sag+FLAIRcor,1011011,5,Lacunar infarct,7,86,2512,0.8226576429762841,0.140006867217572
0.1,1,T1ax+FLAIRax+FLAIRsag+T1sag+FLAIRcor,1011011,5,Silent micro-hemorrhage of brain,8,77,2512,0.6936558308221553,0.08697824186218137
0.1,1,T1ax+FLAIRax+FLAIRsag+T1sag+FLAIRcor,1011011,5,Gliosis,11,1027,2512,0.7313531288214832,0.6527986054818052
0.1,1,T1ax+FLAIRax+FLAIRsag+T1sag+FLAIRcor,1011011,5,Cerebral atrophy,12,324,2512,0.8965964745976933,0.6382527656430497
0.1,1,T1ax+FLAIRax+FLAIRsag+T1sag+FLAIRcor,1011011,5,Encephalomalacia,13,84,2512,0.7014346512904996,0.1566665331716906
0.1,1,T1ax+FLAIRax+FLAIRsag+T1sag+FLAIRcor,1011011,5,Arachnoid cyst,14,69,2512,0.6846061210082637,0.07693671352518526
0.1,1,T1ax+FLAIRax+FLAIRsag+T1sag+FLAIRcor,1011011,5,Empty sella syndrome,15,72,2512,0.6762352003642987,0.05063413464262441
0.1,1,T1ax+FLAIRax+FLAIRsag+T1sag+FLAIRcor,1011011,5,Cyst of pineal gland,19,27,2512,0.6251434533124673,0.01731578120686334
0.1,1,T1ax+FLAIRax+FLAIRsag+T1sag+FLAIRcor,1011011,5,Cerebral edema,22,197,2512,0.8478078301959193,0.4905195055983161
0.1,1,T1ax+FLAIRax+FLAIRsag+T1sag+FLAIRcor,1011011,5,Mastoiditis,24,62,2512,0.6004279131007242,0.05018816663193708
0.1,1,T1ax+FLAIRax+FLAIRsag+T1sag+FLAIRcor,1011011,5,Chronic mastoiditis,25,25,2512,0.6611178126256534,0.023781203414871464
0.1,1,T1ax+FLAIRax+FLAIRsag+T1sag+FLAIRcor,1011011,5,Ventriculomegaly,26,304,2512,0.8852989726353929,0.5226880659072459
0.1,1,T1ax+FLAIRax+FLAIRsag+T1sag+FLAIRcor,1011011,5,Cerebellar degeneration,27,94,2512,0.7771280995371592,0.14643400523372874
0.1,1,T1ax+FLAIRax+FLAIRsag+T1sag+FLAIRcor,1011011,5,Mega cisterna magna,28,20,2512,0.5484951845906902,0.012527651579798498
0.1,1,T1ax+FLAIRax+FLAIRsag+T1sag+FLAIRcor,1011011,5,Foraminal Spinal Stenosis,33,25,2512,0.6498271009248091,0.014619963281426542
0.1,1,T1ax+FLAIRax+FLAIRsag+SWIax+FLAIRcor,1011101,5,Cerebral infarction,0,161,2512,0.7682630095294457,0.22222272104598978
0.1,1,T1ax+FLAIRax+FLAIRsag+SWIax+FLAIRcor,1011101,5,Cerebral hemorrhage,1,127,2512,0.8085178031991285,0.27500593613641633
0.1,1,T1ax+FLAIRax+FLAIRsag+SWIax+FLAIRcor,1011101,5,Metastatic malignant neoplasm to brain,2,144,2512,0.7830359656531533,0.20517874705886283
0.1,1,T1ax+FLAIRax+FLAIRsag+SWIax+FLAIRcor,1011101,5,Intracranial meningioma,3,62,2512,0.6825082290980908,0.057475221316478114
0.1,1,T1ax+FLAIRax+FLAIRsag+SWIax+FLAIRcor,1011101,5,Demyelinating disease of central nervous system,4,66,2512,0.7336591590475483,0.0936770122388758
0.1,1,T1ax+FLAIRax+FLAIRsag+SWIax+FLAIRcor,1011101,5,Herniation of nucleus pulposus,5,42,2512,0.7181125891652207,0.03506047464129813
0.1,1,T1ax+FLAIRax+FLAIRsag+SWIax+FLAIRcor,1011101,5,Spinal cord compression,6,23,2512,0.6050273376770835,0.01821151727362889
0.1,1,T1ax+FLAIRax+FLAIRsag+SWIax+FLAIRcor,1011101,5,Lacunar infarct,7,86,2512,0.8521875419390709,0.1695901805503975
0.1,1,T1ax+FLAIRax+FLAIRsag+SWIax+FLAIRcor,1011101,5,Silent micro-hemorrhage of brain,8,77,2512,0.7541427771407236,0.10981944952691404
0.1,1,T1ax+FLAIRax+FLAIRsag+SWIax+FLAIRcor,1011101,5,Gliosis,11,1027,2512,0.7287250958137034,0.6512736311549242
0.1,1,T1ax+FLAIRax+FLAIRsag+SWIax+FLAIRcor,1011101,5,Cerebral atrophy,12,324,2512,0.8976882885322862,0.6330520869078755
0.1,1,T1ax+FLAIRax+FLAIRsag+SWIax+FLAIRcor,1011101,5,Encephalomalacia,13,84,2512,0.706828077194634,0.17113199720806044
0.1,1,T1ax+FLAIRax+FLAIRsag+SWIax+FLAIRcor,1011101,5,Arachnoid cyst,14,69,2512,0.668932827896326,0.0818920622011903
0.1,1,T1ax+FLAIRax+FLAIRsag+SWIax+FLAIRcor,1011101,5,Empty sella syndrome,15,72,2512,0.714526411657559,0.06924278823829802
0.1,1,T1ax+FLAIRax+FLAIRsag+SWIax+FLAIRcor,1011101,5,Cyst of pineal gland,19,27,2512,0.6492287055667337,0.017672456594132257
0.1,1,T1ax+FLAIRax+FLAIRsag+SWIax+FLAIRcor,1011101,5,Cerebral edema,22,197,2512,0.8445911129140126,0.4887860192037005
0.1,1,T1ax+FLAIRax+FLAIRsag+SWIax+FLAIRcor,1011101,5,Mastoiditis,24,62,2512,0.6583015141540487,0.06469496911860073
0.1,1,T1ax+FLAIRax+FLAIRsag+SWIax+FLAIRcor,1011101,5,Chronic mastoiditis,25,25,2512,0.6751749095295536,0.022489818934574243
0.1,1,T1ax+FLAIRax+FLAIRsag+SWIax+FLAIRcor,1011101,5,Ventriculomegaly,26,304,2512,0.8901259177154843,0.5296633295356166
0.1,1,T1ax+FLAIRax+FLAIRsag+SWIax+FLAIRcor,1011101,5,Cerebellar degeneration,27,94,2512,0.7435281488129807,0.13763931578679256
0.1,1,T1ax+FLAIRax+FLAIRsag+SWIax+FLAIRcor,1011101,5,Mega cisterna magna,28,20,2512,0.5608747993579455,0.012321171215863722
0.1,1,T1ax+FLAIRax+FLAIRsag+SWIax+FLAIRcor,1011101,5,Foraminal Spinal Stenosis,33,25,2512,0.6506151990349819,0.015133776205772678
0.1,1,T1ax+FLAIRax+FLAIRsag+SWIax+T1sag,1011110,5,Cerebral infarction,0,161,2512,0.7544906224653972,0.20184616384622148
0.1,1,T1ax+FLAIRax+FLAIRsag+SWIax+T1sag,1011110,5,Cerebral hemorrhage,1,127,2512,0.8144835669126265,0.29519040909073646
0.1,1,T1ax+FLAIRax+FLAIRsag+SWIax+T1sag,1011110,5,Metastatic malignant neoplasm to brain,2,144,2512,0.790062523460961,0.2079278467022093
0.1,1,T1ax+FLAIRax+FLAIRsag+SWIax+T1sag,1011110,5,Intracranial meningioma,3,62,2512,0.6504542462146149,0.050256498303204784
0.1,1,T1ax+FLAIRax+FLAIRsag+SWIax+T1sag,1011110,5,Demyelinating disease of central nervous system,4,66,2512,0.7185633935429521,0.10474566070065686
0.1,1,T1ax+FLAIRax+FLAIRsag+SWIax+T1sag,1011110,5,Herniation of nucleus pulposus,5,42,2512,0.7065644881434354,0.036175923328317997
0.1,1,T1ax+FLAIRax+FLAIRsag+SWIax+T1sag,1011110,5,Spinal cord compression,6,23,2512,0.5786853459569933,0.012902475374628113
0.1,1,T1ax+FLAIRax+FLAIRsag+SWIax+T1sag,1011110,5,Lacunar infarct,7,86,2512,0.8451082267681511,0.16612849130868906
0.1,1,T1ax+FLAIRax+FLAIRsag+SWIax+T1sag,1011110,5,Silent micro-hemorrhage of brain,8,77,2512,0.7330968825835356,0.08573181016870367
0.1,1,T1ax+FLAIRax+FLAIRsag+SWIax+T1sag,1011110,5,Gliosis,11,1027,2512,0.7284057714437461,0.6444811831297353
0.1,1,T1ax+FLAIRax+FLAIRsag+SWIax+T1sag,1011110,5,Cerebral atrophy,12,324,2512,0.8885108447875053,0.6153267218997395
0.1,1,T1ax+FLAIRax+FLAIRsag+SWIax+T1sag,1011110,5,Encephalomalacia,13,84,2512,0.7071909076645485,0.15777874525877703
0.1,1,T1ax+FLAIRax+FLAIRsag+SWIax+T1sag,1011110,5,Arachnoid cyst,14,69,2512,0.6763957358201783,0.07062900297831881
0.1,1,T1ax+FLAIRax+FLAIRsag+SWIax+T1sag,1011110,5,Empty sella syndrome,15,72,2512,0.6142645719489982,0.0409479082573511
0.1,1,T1ax+FLAIRax+FLAIRsag+SWIax+T1sag,1011110,5,Cyst of pineal gland,19,27,2512,0.5831284000298085,0.026738070078613084
0.1,1,T1ax+FLAIRax+FLAIRsag+SWIax+T1sag,1011110,5,Cerebral edema,22,197,2512,0.8589643792963568,0.4974601173352898
0.1,1,T1ax+FLAIRax+FLAIRsag+SWIax+T1sag,1011110,5,Mastoiditis,24,62,2512,0.6278275181040158,0.056442596368280674
0.1,1,T1ax+FLAIRax+FLAIRsag+SWIax+T1sag,1011110,5,Chronic mastoiditis,25,25,2512,0.6070607157217531,0.05809096389700412
0.1,1,T1ax+FLAIRax+FLAIRsag+SWIax+T1sag,1011110,5,Ventriculomegaly,26,304,2512,0.8956500881960334,0.5432273757861439
0.1,1,T1ax+FLAIRax+FLAIRsag+SWIax+T1sag,1011110,5,Cerebellar degeneration,27,94,2512,0.7818928954824632,0.1460748625469429
0.1,1,T1ax+FLAIRax+FLAIRsag+SWIax+T1sag,1011110,5,Mega cisterna magna,28,20,2512,0.6029695024077046,0.012868811256962438
0.1,1,T1ax+FLAIRax+FLAIRsag+SWIax+T1sag,1011110,5,Foraminal Spinal Stenosis,33,25,2512,0.5861037394451145,0.011638160691534692
0.1,1,T1ax+T2ax+SWIax+T1sag+FLAIRcor,1100111,5,Cerebral infarction,0,161,2512,0.7697847618695361,0.208452221091209
0.1,1,T1ax+T2ax+SWIax+T1sag+FLAIRcor,1100111,5,Cerebral hemorrhage,1,127,2512,0.8171115403027451,0.3150275395004488
0.1,1,T1ax+T2ax+SWIax+T1sag+FLAIRcor,1100111,5,Metastatic malignant neoplasm to brain,2,144,2512,0.7652877486861861,0.19625260191698898
0.1,1,T1ax+T2ax+SWIax+T1sag+FLAIRcor,1100111,5,Intracranial meningioma,3,62,2512,0.6235944700460829,0.04847730785523357
0.1,1,T1ax+T2ax+SWIax+T1sag+FLAIRcor,1100111,5,Demyelinating disease of central nervous system,4,66,2512,0.773792710423945,0.12007138159988266
0.1,1,T1ax+T2ax+SWIax+T1sag+FLAIRcor,1100111,5,Herniation of nucleus pulposus,5,42,2512,0.6684596105648737,0.034293216296600114
0.1,1,T1ax+T2ax+SWIax+T1sag+FLAIRcor,1100111,5,Spinal cord compression,6,23,2512,0.5261236396667075,0.012288335484775328
0.1,1,T1ax+T2ax+SWIax+T1sag+FLAIRcor,1100111,5,Lacunar infarct,7,86,2512,0.8392846872064266,0.14077007954188644
0.1,1,T1ax+T2ax+SWIax+T1sag+FLAIRcor,1100111,5,Silent micro-hemorrhage of brain,8,77,2512,0.7086215632416865,0.07314736167216321
0.1,1,T1ax+T2ax+SWIax+T1sag+FLAIRcor,1100111,5,Gliosis,11,1027,2512,0.7316914684003291,0.6595566037716032
0.1,1,T1ax+T2ax+SWIax+T1sag+FLAIRcor,1100111,5,Cerebral atrophy,12,324,2512,0.8897775746496039,0.6192814113795673
0.1,1,T1ax+T2ax+SWIax+T1sag+FLAIRcor,1100111,5,Encephalomalacia,13,84,2512,0.6721385424021338,0.1250174044165021
0.1,1,T1ax+T2ax+SWIax+T1sag+FLAIRcor,1100111,5,Arachnoid cyst,14,69,2512,0.6325852628331761,0.058748198405794864
0.1,1,T1ax+T2ax+SWIax+T1sag+FLAIRcor,1100111,5,Empty sella syndrome,15,72,2512,0.6754781420765027,0.05377028420957436
0.1,1,T1ax+T2ax+SWIax+T1sag+FLAIRcor,1100111,5,Cyst of pineal gland,19,27,2512,0.6331619345703853,0.035435844331021385
0.1,1,T1ax+T2ax+SWIax+T1sag+FLAIRcor,1100111,5,Cerebral edema,22,197,2512,0.8565216914626526,0.4805259895476741
0.1,1,T1ax+T2ax+SWIax+T1sag+FLAIRcor,1100111,5,Mastoiditis,24,62,2512,0.600204081632653,0.04202051013350589
0.1,1,T1ax+T2ax+SWIax+T1sag+FLAIRcor,1100111,5,Chronic mastoiditis,25,25,2512,0.6108886208283072,0.01871343430599052
0.1,1,T1ax+T2ax+SWIax+T1sag+FLAIRcor,1100111,5,Ventriculomegaly,26,304,2512,0.8910957761250954,0.5519502475444508
0.1,1,T1ax+T2ax+SWIax+T1sag+FLAIRcor,1100111,5,Cerebellar degeneration,27,94,2512,0.7897638280273832,0.1494822789778781
0.1,1,T1ax+T2ax+SWIax+T1sag+FLAIRcor,1100111,5,Mega cisterna magna,28,20,2512,0.6212479935794541,0.012912445710613401
0.1,1,T1ax+T2ax+SWIax+T1sag+FLAIRcor,1100111,5,Foraminal Spinal Stenosis,33,25,2512,0.6060152794531564,0.014237939251045502
0.1,1,T1ax+T2ax+FLAIRsag+T1sag+FLAIRcor,1101011,5,Cerebral infarction,0,161,2512,0.7640464874204448,0.19374684135174827
0.1,1,T1ax+T2ax+FLAIRsag+T1sag+FLAIRcor,1101011,5,Cerebral hemorrhage,1,127,2512,0.7953647303521021,0.2495727945613965
0.1,1,T1ax+T2ax+FLAIRsag+T1sag+FLAIRcor,1101011,5,Metastatic malignant neoplasm to brain,2,144,2512,0.7452696837462464,0.18288149220744587
0.1,1,T1ax+T2ax+FLAIRsag+T1sag+FLAIRcor,1101011,5,Intracranial meningioma,3,62,2512,0.6550230414746544,0.04631594615873404
0.1,1,T1ax+T2ax+FLAIRsag+T1sag+FLAIRcor,1101011,5,Demyelinating disease of central nervous system,4,66,2512,0.7631693054832874,0.1246866043137608
0.1,1,T1ax+T2ax+FLAIRsag+T1sag+FLAIRcor,1101011,5,Herniation of nucleus pulposus,5,42,2512,0.6484287642182379,0.03361873889131767
0.1,1,T1ax+T2ax+FLAIRsag+T1sag+FLAIRcor,1101011,5,Spinal cord compression,6,23,2512,0.5474697364054011,0.01217529032163786
0.1,1,T1ax+T2ax+FLAIRsag+T1sag+FLAIRcor,1101011,5,Lacunar infarct,7,86,2512,0.8335905596349623,0.1402911709857151
0.1,1,T1ax+T2ax+FLAIRsag+T1sag+FLAIRcor,1101011,5,Silent micro-hemorrhage of brain,8,77,2512,0.6477879410117604,0.05819975168774165
0.1,1,T1ax+T2ax+FLAIRsag+T1sag+FLAIRcor,1101011,5,Gliosis,11,1027,2512,0.7347116081293297,0.660916377124642
0.1,1,T1ax+T2ax+FLAIRsag+T1sag+FLAIRcor,1101011,5,Cerebral atrophy,12,324,2512,0.8999100029340735,0.6490844335508327
0.1,1,T1ax+T2ax+FLAIRsag+T1sag+FLAIRcor,1101011,5,Encephalomalacia,13,84,2512,0.6857888130540519,0.14861402561261064
0.1,1,T1ax+T2ax+FLAIRsag+T1sag+FLAIRcor,1101011,5,Arachnoid cyst,14,69,2512,0.6366548612717792,0.05588273985474275
0.1,1,T1ax+T2ax+FLAIRsag+T1sag+FLAIRcor,1101011,5,Empty sella syndrome,15,72,2512,0.6808629326047358,0.04987629154910657
0.1,1,T1ax+T2ax+FLAIRsag+T1sag+FLAIRcor,1101011,5,Cyst of pineal gland,19,27,2512,0.6475445264177658,0.021326157587689947
0.1,1,T1ax+T2ax+FLAIRsag+T1sag+FLAIRcor,1101011,5,Cerebral edema,22,197,2512,0.8544649219940577,0.47418284473940026
0.1,1,T1ax+T2ax+FLAIRsag+T1sag+FLAIRcor,1101011,5,Mastoiditis,24,62,2512,0.5850888742593812,0.03926466935080851
0.1,1,T1ax+T2ax+FLAIRsag+T1sag+FLAIRcor,1101011,5,Chronic mastoiditis,25,25,2512,0.5984881383192602,0.017568321057091225
0.1,1,T1ax+T2ax+FLAIRsag+T1sag+FLAIRcor,1101011,5,Ventriculomegaly,26,304,2512,0.8811990489130436,0.5253213613143562
0.1,1,T1ax+T2ax+FLAIRsag+T1sag+FLAIRcor,1101011,5,Cerebellar degeneration,27,94,2512,0.7804630167361808,0.1395842968102011
0.1,1,T1ax+T2ax+FLAIRsag+T1sag+FLAIRcor,1101011,5,Mega cisterna magna,28,20,2512,0.5837279293739968,0.011618402847441221
0.1,1,T1ax+T2ax+FLAIRsag+T1sag+FLAIRcor,1101011,5,Foraminal Spinal Stenosis,33,25,2512,0.64659429030961,0.015003187380915616
0.1,1,T1ax+T2ax+FLAIRsag+SWIax+FLAIRcor,1101101,5,Cerebral infarction,0,161,2512,0.7864368538827142,0.22311345205107755
0.1,1,T1ax+T2ax+FLAIRsag+SWIax+FLAIRcor,1101101,5,Cerebral hemorrhage,1,127,2512,0.8157216197031973,0.2832665457431895
0.1,1,T1ax+T2ax+FLAIRsag+SWIax+FLAIRcor,1101101,5,Metastatic malignant neoplasm to brain,2,144,2512,0.7694696649774774,0.199357620010854
0.1,1,T1ax+T2ax+FLAIRsag+SWIax+FLAIRcor,1101101,5,Intracranial meningioma,3,62,2512,0.6862672811059907,0.04946166628652575
0.1,1,T1ax+T2ax+FLAIRsag+SWIax+FLAIRcor,1101101,5,Demyelinating disease of central nervous system,4,66,2512,0.7526202334051885,0.09213263442138549
0.1,1,T1ax+T2ax+FLAIRsag+SWIax+FLAIRcor,1101101,5,Herniation of nucleus pulposus,5,42,2512,0.6978407557354925,0.03953197220947632
0.1,1,T1ax+T2ax+FLAIRsag+SWIax+FLAIRcor,1101101,5,Spinal cord compression,6,23,2512,0.5403252572187189,0.012721669020784199
0.1,1,T1ax+T2ax+FLAIRsag+SWIax+FLAIRcor,1101101,5,Lacunar infarct,7,86,2512,0.8670890929657393,0.16020874826934786
0.1,1,T1ax+T2ax+FLAIRsag+SWIax+FLAIRcor,1101101,5,Silent micro-hemorrhage of brain,8,77,2512,0.7278274087308995,0.08572216526358015
0.1,1,T1ax+T2ax+FLAIRsag+SWIax+FLAIRcor,1101101,5,Gliosis,11,1027,2512,0.728167097787351,0.6548697143565548
0.1,1,T1ax+T2ax+FLAIRsag+SWIax+FLAIRcor,1101101,5,Cerebral atrophy,12,324,2512,0.9011668585099419,0.6438617098612758
0.1,1,T1ax+T2ax+FLAIRsag+SWIax+FLAIRcor,1101101,5,Encephalomalacia,13,84,2512,0.6766837295049816,0.13773670916553665
0.1,1,T1ax+T2ax+FLAIRsag+SWIax+FLAIRcor,1101101,5,Arachnoid cyst,14,69,2512,0.6380786274893662,0.06528056563925758
0.1,1,T1ax+T2ax+FLAIRsag+SWIax+FLAIRcor,1101101,5,Empty sella syndrome,15,72,2512,0.7122609289617486,0.07017104547651581
0.1,1,T1ax+T2ax+FLAIRsag+SWIax+FLAIRcor,1101101,5,Cyst of pineal gland,19,27,2512,0.6688575899843505,0.024523492848506693
0.1,1,T1ax+T2ax+FLAIRsag+SWIax+FLAIRcor,1101101,5,Cerebral edema,22,197,2512,0.8632029031586104,0.49594300655514545
0.1,1,T1ax+T2ax+FLAIRsag+SWIax+FLAIRcor,1101101,5,Mastoiditis,24,62,2512,0.6255694535878867,0.047175406217377897
0.1,1,T1ax+T2ax+FLAIRsag+SWIax+FLAIRcor,1101101,5,Chronic mastoiditis,25,25,2512,0.6765098512263771,0.02556214578852061
0.1,1,T1ax+T2ax+FLAIRsag+SWIax+FLAIRcor,1101101,5,Ventriculomegaly,26,304,2512,0.8887582832761252,0.5329684998672822
0.1,1,T1ax+T2ax+FLAIRsag+SWIax+FLAIRcor,1101101,5,Cerebellar degeneration,27,94,2512,0.7437129331432695,0.1338951597810206
0.1,1,T1ax+T2ax+FLAIRsag+SWIax+FLAIRcor,1101101,5,Mega cisterna magna,28,20,2512,0.5959871589085072,0.01482252749737377
0.1,1,T1ax+T2ax+FLAIRsag+SWIax+FLAIRcor,1101101,5,Foraminal Spinal Stenosis,33,25,2512,0.6384559710494572,0.014450650131158151
0.1,1,T1ax+T2ax+FLAIRsag+SWIax+T1sag,1101110,5,Cerebral infarction,0,161,2512,0.7650187180821694,0.21655755116400502
0.1,1,T1ax+T2ax+FLAIRsag+SWIax+T1sag,1101110,5,Cerebral hemorrhage,1,127,2512,0.8139718384258572,0.29328831174869185
0.1,1,T1ax+T2ax+FLAIRsag+SWIax+T1sag,1101110,5,Metastatic malignant neoplasm to brain,2,144,2512,0.7723553631756757,0.193956623193965
0.1,1,T1ax+T2ax+FLAIRsag+SWIax+T1sag,1101110,5,Intracranial meningioma,3,62,2512,0.6416721527320606,0.05043338593259392
0.1,1,T1ax+T2ax+FLAIRsag+SWIax+T1sag,1101110,5,Demyelinating disease of central nervous system,4,66,2512,0.7385341559503457,0.09459314377254661
0.1,1,T1ax+T2ax+FLAIRsag+SWIax+T1sag,1101110,5,Herniation of nucleus pulposus,5,42,2512,0.6997879313668787,0.03586739658263315
0.1,1,T1ax+T2ax+FLAIRsag+SWIax+T1sag,1101110,5,Spinal cord compression,6,23,2512,0.53525948958024,0.010984076929787031
0.1,1,T1ax+T2ax+FLAIRsag+SWIax+T1sag,1101110,5,Lacunar infarct,7,86,2512,0.846119557506854,0.1476737842334739
0.1,1,T1ax+T2ax+FLAIRsag+SWIax+T1sag,1101110,5,Silent micro-hemorrhage of brain,8,77,2512,0.6758153550761353,0.06500728835225322
0.1,1,T1ax+T2ax+FLAIRsag+SWIax+T1sag,1101110,5,Gliosis,11,1027,2512,0.7274366514872843,0.6551630979152949
0.1,1,T1ax+T2ax+FLAIRsag+SWIax+T1sag,1101110,5,Cerebral atrophy,12,324,2512,0.8937174148554405,0.6267863377268338
0.1,1,T1ax+T2ax+FLAIRsag+SWIax+T1sag,1101110,5,Encephalomalacia,13,84,2512,0.713359025653095,0.13785212773974378
0.1,1,T1ax+T2ax+FLAIRsag+SWIax+T1sag,1101110,5,Arachnoid cyst,14,69,2512,0.6409380246430202,0.05036049884171706
0.1,1,T1ax+T2ax+FLAIRsag+SWIax+T1sag,1101110,5,Empty sella syndrome,15,72,2512,0.6077811930783242,0.04226401594991099
0.1,1,T1ax+T2ax+FLAIRsag+SWIax+T1sag,1101110,5,Cyst of pineal gland,19,27,2512,0.6155302183471197,0.0521931515882873
0.1,1,T1ax+T2ax+FLAIRsag+SWIax+T1sag,1101110,5,Cerebral edema,22,197,2512,0.8600541601341944,0.48600736353780866
0.1,1,T1ax+T2ax+FLAIRsag+SWIax+T1sag,1101110,5,Mastoiditis,24,62,2512,0.5850164581961816,0.043527987666313425
0.1,1,T1ax+T2ax+FLAIRsag+SWIax+T1sag,1101110,5,Chronic mastoiditis,25,25,2512,0.595383996783273,0.022411526546418512
0.1,1,T1ax+T2ax+FLAIRsag+SWIax+T1sag,1101110,5,Ventriculomegaly,26,304,2512,0.89385786136537,0.5612652796063168
0.1,1,T1ax+T2ax+FLAIRsag+SWIax+T1sag,1101110,5,Cerebellar degeneration,27,94,2512,0.7928215687309716,0.14871959557400966
0.1,1,T1ax+T2ax+FLAIRsag+SWIax+T1sag,1101110,5,Mega cisterna magna,28,20,2512,0.6173154093097913,0.013978484818481695
0.1,1,T1ax+T2ax+FLAIRsag+SWIax+T1sag,1101110,5,Foraminal Spinal Stenosis,33,25,2512,0.5659589867310012,0.01104083501237096
0.1,1,T1ax+T2ax+FLAIRax+T1sag+FLAIRcor,1110011,5,Cerebral infarction,0,161,2512,0.767597242880656,0.19064294316959818
0.1,1,T1ax+T2ax+FLAIRax+T1sag+FLAIRcor,1110011,5,Cerebral hemorrhage,1,127,2512,0.810026576866571,0.27438404204173195
0.1,1,T1ax+T2ax+FLAIRax+T1sag+FLAIRcor,1110011,5,Metastatic malignant neoplasm to brain,2,144,2512,0.7569532423048049,0.19107221935381313
0.1,1,T1ax+T2ax+FLAIRax+T1sag+FLAIRcor,1110011,5,Intracranial meningioma,3,62,2512,0.6721724818959842,0.05182868115536099
0.1,1,T1ax+T2ax+FLAIRax+T1sag+FLAIRcor,1110011,5,Demyelinating disease of central nervous system,4,66,2512,0.7859523278574791,0.14450575627441087
0.1,1,T1ax+T2ax+FLAIRax+T1sag+FLAIRcor,1110011,5,Herniation of nucleus pulposus,5,42,2512,0.6651629072681705,0.03199498578320169
0.1,1,T1ax+T2ax+FLAIRax+T1sag+FLAIRcor,1110011,5,Spinal cord compression,6,23,2512,0.5764144846018132,0.016261813308817555
0.1,1,T1ax+T2ax+FLAIRax+T1sag+FLAIRcor,1110011,5,Lacunar infarct,7,86,2512,0.8368594106482102,0.139142395396871
0.1,1,T1ax+T2ax+FLAIRax+T1sag+FLAIRcor,1110011,5,Silent micro-hemorrhage of brain,8,77,2512,0.6942905144137177,0.06643172293466983
0.1,1,T1ax+T2ax+FLAIRax+T1sag+FLAIRcor,1110011,5,Gliosis,11,1027,2512,0.7375592995846161,0.6630466148547711
0.1,1,T1ax+T2ax+FLAIRax+T1sag+FLAIRcor,1110011,5,Cerebral atrophy,12,324,2512,0.8934155438192612,0.64063737144244
0.1,1,T1ax+T2ax+FLAIRax+T1sag+FLAIRcor,1110011,5,Encephalomalacia,13,84,2512,0.6625774692084413,0.12899656274903726
0.1,1,T1ax+T2ax+FLAIRax+T1sag+FLAIRcor,1110011,5,Arachnoid cyst,14,69,2512,0.6645369496995261,0.06879101161413326
0.1,1,T1ax+T2ax+FLAIRax+T1sag+FLAIRcor,1110011,5,Empty sella syndrome,15,72,2512,0.6788479052823315,0.05212870479006204
0.1,1,T1ax+T2ax+FLAIRax+T1sag+FLAIRcor,1110011,5,Cyst of pineal gland,19,27,2512,0.63024070348014,0.019879336344922692
0.1,1,T1ax+T2ax+FLAIRax+T1sag+FLAIRcor,1110011,5,Cerebral edema,22,197,2512,0.8473605157272698,0.4816076633869504
0.1,1,T1ax+T2ax+FLAIRax+T1sag+FLAIRcor,1110011,5,Mastoiditis,24,62,2512,0.5917182356813693,0.04812038058112053
0.1,1,T1ax+T2ax+FLAIRax+T1sag+FLAIRcor,1110011,5,Chronic mastoiditis,25,25,2512,0.6487012464817049,0.02032791177959411
0.1,1,T1ax+T2ax+FLAIRax+T1sag+FLAIRcor,1110011,5,Ventriculomegaly,26,304,2512,0.8837600114416475,0.5317493187556699
0.1,1,T1ax+T2ax+FLAIRax+T1sag+FLAIRcor,1110011,5,Cerebellar degeneration,27,94,2512,0.7967812329514458,0.15888076661584943
0.1,1,T1ax+T2ax+FLAIRax+T1sag+FLAIRcor,1110011,5,Mega cisterna magna,28,20,2512,0.6467897271268058,0.015042578825246358
0.1,1,T1ax+T2ax+FLAIRax+T1sag+FLAIRcor,1110011,5,Foraminal Spinal Stenosis,33,25,2512,0.634788902291918,0.014767133299476338
0.1,1,T1ax+T2ax+FLAIRax+SWIax+FLAIRcor,1110101,5,Cerebral infarction,0,161,2512,0.8073001841426009,0.240991697355073
0.1,1,T1ax+T2ax+FLAIRax+SWIax+FLAIRcor,1110101,5,Cerebral hemorrhage,1,127,2512,0.8257845127849585,0.301656199080841
0.1,1,T1ax+T2ax+FLAIRax+SWIax+FLAIRcor,1110101,5,Metastatic malignant neoplasm to brain,2,144,2512,0.77173071509009,0.19500711463190865
0.1,1,T1ax+T2ax+FLAIRax+SWIax+FLAIRcor,1110101,5,Intracranial meningioma,3,62,2512,0.6900724160631995,0.05838140985440731
0.1,1,T1ax+T2ax+FLAIRax+SWIax+FLAIRcor,1110101,5,Demyelinating disease of central nervous system,4,66,2512,0.807979632795659,0.10303616369424687
0.1,1,T1ax+T2ax+FLAIRax+SWIax+FLAIRcor,1110101,5,Herniation of nucleus pulposus,5,42,2512,0.7046365914786967,0.03509952862857273
0.1,1,T1ax+T2ax+FLAIRax+SWIax+FLAIRcor,1110101,5,Spinal cord compression,6,23,2512,0.5741261550823624,0.017233323888999737
0.1,1,T1ax+T2ax+FLAIRax+SWIax+FLAIRcor,1110101,5,Lacunar infarct,7,86,2512,0.8604507371690407,0.16212398767625516
0.1,1,T1ax+T2ax+FLAIRax+SWIax+FLAIRcor,1110101,5,Silent micro-hemorrhage of brain,8,77,2512,0.741342435798288,0.09499805078430734
0.1,1,T1ax+T2ax+FLAIRax+SWIax+FLAIRcor,1110101,5,Gliosis,11,1027,2512,0.7341411518626709,0.6618095528565177
0.1,1,T1ax+T2ax+FLAIRax+SWIax+FLAIRcor,1110101,5,Cerebral atrophy,12,324,2512,0.8956795765906064,0.6253316856931017
0.1,1,T1ax+T2ax+FLAIRax+SWIax+FLAIRcor,1110101,5,Encephalomalacia,13,84,2512,0.6435533851102222,0.12552865769688978
0.1,1,T1ax+T2ax+FLAIRax+SWIax+FLAIRcor,1110101,5,Arachnoid cyst,14,69,2512,0.6398464705428701,0.06908643671562607
0.1,1,T1ax+T2ax+FLAIRax+SWIax+FLAIRcor,1110101,5,Empty sella syndrome,15,72,2512,0.7369080145719491,0.07076412322890958
0.1,1,T1ax+T2ax+FLAIRax+SWIax+FLAIRcor,1110101,5,Cyst of pineal gland,19,27,2512,0.6644012221477009,0.022752826591236043
0.1,1,T1ax+T2ax+FLAIRax+SWIax+FLAIRcor,1110101,5,Cerebral edema,22,197,2512,0.8531887601276161,0.5000097186077962
0.1,1,T1ax+T2ax+FLAIRax+SWIax+FLAIRcor,1110101,5,Mastoiditis,24,62,2512,0.6452863726135616,0.06928131608341706
0.1,1,T1ax+T2ax+FLAIRax+SWIax+FLAIRcor,1110101,5,Chronic mastoiditis,25,25,2512,0.6863208685162847,0.022268302309814834
0.1,1,T1ax+T2ax+FLAIRax+SWIax+FLAIRcor,1110101,5,Ventriculomegaly,26,304,2512,0.889787733600305,0.5410802817229964
0.1,1,T1ax+T2ax+FLAIRax+SWIax+FLAIRcor,1110101,5,Cerebellar degeneration,27,94,2512,0.7483721380426939,0.1339020820098297
0.1,1,T1ax+T2ax+FLAIRax+SWIax+FLAIRcor,1110101,5,Mega cisterna magna,28,20,2512,0.671629213483146,0.025086373699316367
0.1,1,T1ax+T2ax+FLAIRax+SWIax+FLAIRcor,1110101,5,Foraminal Spinal Stenosis,33,25,2512,0.6487012464817049,0.015704984417488622
0.1,1,T1ax+T2ax+FLAIRax+SWIax+T1sag,1110110,5,Cerebral infarction,0,161,2512,0.7743579446832456,0.21064937258052752
0.1,1,T1ax+T2ax+FLAIRax+SWIax+T1sag,1110110,5,Cerebral hemorrhage,1,127,2512,0.8236220472440944,0.3074666675189004
0.1,1,T1ax+T2ax+FLAIRax+SWIax+T1sag,1110110,5,Metastatic malignant neoplasm to brain,2,144,2512,0.7824582394894894,0.20764810282656818
0.1,1,T1ax+T2ax+FLAIRax+SWIax+T1sag,1110110,5,Intracranial meningioma,3,62,2512,0.6718235681369322,0.0676085283024516
0.1,1,T1ax+T2ax+FLAIRax+SWIax+T1sag,1110110,5,Demyelinating disease of central nervous system,4,66,2512,0.78099680368691,0.1494764162156927
0.1,1,T1ax+T2ax+FLAIRax+SWIax+T1sag,1110110,5,Herniation of nucleus pulposus,5,42,2512,0.7085309427414691,0.041565075600177116
0.1,1,T1ax+T2ax+FLAIRax+SWIax+T1sag,1110110,5,Spinal cord compression,6,23,2512,0.5506838786311946,0.011309724750378308
0.1,1,T1ax+T2ax+FLAIRax+SWIax+T1sag,1110110,5,Lacunar infarct,7,86,2512,0.8428938438236929,0.15129647599504611
0.1,1,T1ax+T2ax+FLAIRax+SWIax+T1sag,1110110,5,Silent micro-hemorrhage of brain,8,77,2512,0.6988186351636043,0.07041313855564033
0.1,1,T1ax+T2ax+FLAIRax+SWIax+T1sag,1110110,5,Gliosis,11,1027,2512,0.7314855795868453,0.6538124287687997
0.1,1,T1ax+T2ax+FLAIRax+SWIax+T1sag,1110110,5,Cerebral atrophy,12,324,2512,0.8851535874692485,0.6068129050371004
0.1,1,T1ax+T2ax+FLAIRax+SWIax+T1sag,1110110,5,Encephalomalacia,13,84,2512,0.6684415941005726,0.12312333561147294
0.1,1,T1ax+T2ax+FLAIRax+SWIax+T1sag,1110110,5,Arachnoid cyst,14,69,2512,0.6617606055752312,0.05732050021001828
0.1,1,T1ax+T2ax+FLAIRax+SWIax+T1sag,1110110,5,Empty sella syndrome,15,72,2512,0.6112306466302367,0.041647102215329024
0.1,1,T1ax+T2ax+FLAIRax+SWIax+T1sag,1110110,5,Cyst of pineal gland,19,27,2512,0.6089872568745809,0.050865611212603794
0.1,1,T1ax+T2ax+FLAIRax+SWIax+T1sag,1110110,5,Cerebral edema,22,197,2512,0.853085702382388,0.501765294805574
0.1,1,T1ax+T2ax+FLAIRax+SWIax+T1sag,1110110,5,Mastoiditis,24,62,2512,0.6146214614878209,0.05925832029662124
0.1,1,T1ax+T2ax+FLAIRax+SWIax+T1sag,1110110,5,Chronic mastoiditis,25,25,2512,0.6342259750703658,0.027771644613121267
0.1,1,T1ax+T2ax+FLAIRax+SWIax+T1sag,1110110,5,Ventriculomegaly,26,304,2512,0.8956977617276888,0.5567177415267454
0.1,1,T1ax+T2ax+FLAIRax+SWIax+T1sag,1110110,5,Cerebellar degeneration,27,94,2512,0.8022587684564348,0.14879374065862772
0.1,1,T1ax+T2ax+FLAIRax+SWIax+T1sag,1110110,5,Mega cisterna magna,28,20,2512,0.7131821829855537,0.021789621156819636
0.1,1,T1ax+T2ax+FLAIRax+SWIax+T1sag,1110110,5,Foraminal Spinal Stenosis,33,25,2512,0.5511861680739847,0.010824537394055894
0.1,1,T1ax+T2ax+FLAIRax+FLAIRsag+FLAIRcor,1111001,5,Cerebral infarction,0,161,2512,0.7738163487983176,0.19681553073682662
0.1,1,T1ax+T2ax+FLAIRax+FLAIRsag+FLAIRcor,1111001,5,Cerebral hemorrhage,1,127,2512,0.8022284950230277,0.25143584585465173
0.1,1,T1ax+T2ax+FLAIRax+FLAIRsag+FLAIRcor,1111001,5,Metastatic malignant neoplasm to brain,2,144,2512,0.7681001313813814,0.18945528981406498
0.1,1,T1ax+T2ax+FLAIRax+FLAIRsag+FLAIRcor,1111001,5,Intracranial meningioma,3,62,2512,0.6835286372613562,0.059289294134228655
0.1,1,T1ax+T2ax+FLAIRax+FLAIRsag+FLAIRcor,1111001,5,Demyelinating disease of central nervous system,4,66,2512,0.7617755643103149,0.10016303274819607
0.1,1,T1ax+T2ax+FLAIRax+FLAIRsag+FLAIRcor,1111001,5,Herniation of nucleus pulposus,5,42,2512,0.6897628687102371,0.03531979888986947
0.1,1,T1ax+T2ax+FLAIRax+FLAIRsag+FLAIRcor,1111001,5,Spinal cord compression,6,23,2512,0.5862839974147117,0.018942826375129045
0.1,1,T1ax+T2ax+FLAIRax+FLAIRsag+FLAIRcor,1111001,5,Lacunar infarct,7,86,2512,0.8349565750877126,0.14702882011919732
0.1,1,T1ax+T2ax+FLAIRax+FLAIRsag+FLAIRcor,1111001,5,Silent micro-hemorrhage of brain,8,77,2512,0.7164937731672845,0.0746554439691307
0.1,1,T1ax+T2ax+FLAIRax+FLAIRsag+FLAIRcor,1111001,5,Gliosis,11,1027,2512,0.7336913438179262,0.6665927365801827
0.1,1,T1ax+T2ax+FLAIRax+FLAIRsag+FLAIRcor,1111001,5,Cerebral atrophy,12,324,2512,0.9066964587988353,0.6560760546478482
0.1,1,T1ax+T2ax+FLAIRax+FLAIRsag+FLAIRcor,1111001,5,Encephalomalacia,13,84,2512,0.6681719228053661,0.13883258059476458
0.1,1,T1ax+T2ax+FLAIRax+FLAIRsag+FLAIRcor,1111001,5,Arachnoid cyst,14,69,2512,0.6642462640967686,0.07288729889329862
0.1,1,T1ax+T2ax+FLAIRax+FLAIRsag+FLAIRcor,1111001,5,Empty sella syndrome,15,72,2512,0.7062670765027322,0.059408012992990145
0.1,1,T1ax+T2ax+FLAIRax+FLAIRsag+FLAIRcor,1111001,5,Cyst of pineal gland,19,27,2512,0.656293315448245,0.018474253600177085
0.1,1,T1ax+T2ax+FLAIRax+FLAIRsag+FLAIRcor,1111001,5,Cerebral edema,22,197,2512,0.8457554461632918,0.48734935477706964
0.1,1,T1ax+T2ax+FLAIRax+FLAIRsag+FLAIRcor,1111001,5,Mastoiditis,24,62,2512,0.6358196181698487,0.050189535325758844
0.1,1,T1ax+T2ax+FLAIRax+FLAIRsag+FLAIRcor,1111001,5,Chronic mastoiditis,25,25,2512,0.6971934057096905,0.029171759918415766
0.1,1,T1ax+T2ax+FLAIRax+FLAIRsag+FLAIRcor,1111001,5,Ventriculomegaly,26,304,2512,0.8785189025553013,0.5192077470129631
0.1,1,T1ax+T2ax+FLAIRax+FLAIRsag+FLAIRcor,1111001,5,Cerebellar degeneration,27,94,2512,0.7595251922636961,0.15434714407529518
0.1,1,T1ax+T2ax+FLAIRax+FLAIRsag+FLAIRcor,1111001,5,Mega cisterna magna,28,20,2512,0.6311597110754414,0.017935520627634795
0.1,1,T1ax+T2ax+FLAIRax+FLAIRsag+FLAIRcor,1111001,5,Foraminal Spinal Stenosis,33,25,2512,0.6473823884197829,0.016802016002562033
0.1,1,T1ax+T2ax+FLAIRax+FLAIRsag+T1sag,1111010,5,Cerebral infarction,0,161,2512,0.7714174753177584,0.1875838012850703
0.1,1,T1ax+T2ax+FLAIRax+FLAIRsag+T1sag,1111010,5,Cerebral hemorrhage,1,127,2512,0.80446689446838,0.241615760071305
0.1,1,T1ax+T2ax+FLAIRax+FLAIRsag+T1sag,1111010,5,Metastatic malignant neoplasm to brain,2,144,2512,0.7658537443693694,0.17873489680544402
0.1,1,T1ax+T2ax+FLAIRax+FLAIRsag+T1sag,1111010,5,Intracranial meningioma,3,62,2512,0.6736932192231732,0.05822518450942433
0.1,1,T1ax+T2ax+FLAIRax+FLAIRsag+T1sag,1111010,5,Demyelinating disease of central nervous system,4,66,2512,0.7541378626824252,0.12848873365276986
0.1,1,T1ax+T2ax+FLAIRax+FLAIRsag+T1sag,1111010,5,Herniation of nucleus pulposus,5,42,2512,0.6682668208983998,0.031064831467752844
0.1,1,T1ax+T2ax+FLAIRax+FLAIRsag+T1sag,1111010,5,Spinal cord compression,6,23,2512,0.5658287770538195,0.011819343007608975
0.1,1,T1ax+T2ax+FLAIRax+FLAIRsag+T1sag,1111010,5,Lacunar infarct,7,86,2512,0.8419016852316954,0.14996352767209106
0.1,1,T1ax+T2ax+FLAIRax+FLAIRsag+T1sag,1111010,5,Silent micro-hemorrhage of brain,8,77,2512,0.6481559508253554,0.05812710152796216
0.1,1,T1ax+T2ax+FLAIRax+FLAIRsag+T1sag,1111010,5,Gliosis,11,1027,2512,0.7342683570531672,0.6627530385906061
0.1,1,T1ax+T2ax+FLAIRax+FLAIRsag+T1sag,1111010,5,Cerebral atrophy,12,324,2512,0.8974146297424787,0.6379425654245091
0.1,1,T1ax+T2ax+FLAIRax+FLAIRsag+T1sag,1111010,5,Encephalomalacia,13,84,2512,0.6806405428728328,0.14590612546166942
0.1,1,T1ax+T2ax+FLAIRax+FLAIRsag+T1sag,1111010,5,Arachnoid cyst,14,69,2512,0.6672302407944616,0.06174119519049843
0.1,1,T1ax+T2ax+FLAIRax+FLAIRsag+T1sag,1111010,5,Empty sella syndrome,15,72,2512,0.6240551001821493,0.04021669225925508
0.1,1,T1ax+T2ax+FLAIRax+FLAIRsag+T1sag,1111010,5,Cyst of pineal gland,19,27,2512,0.6055294731351069,0.03283575177389133
0.1,1,T1ax+T2ax+FLAIRax+FLAIRsag+T1sag,1111010,5,Cerebral edema,22,197,2512,0.8557520474504171,0.4867026862794517
0.1,1,T1ax+T2ax+FLAIRax+FLAIRsag+T1sag,1111010,5,Mastoiditis,24,62,2512,0.594884792626728,0.05062849034554111
0.1,1,T1ax+T2ax+FLAIRax+FLAIRsag+T1sag,1111010,5,Chronic mastoiditis,25,25,2512,0.6541535987133092,0.024185366218298098
0.1,1,T1ax+T2ax+FLAIRax+FLAIRsag+T1sag,1111010,5,Ventriculomegaly,26,304,2512,0.8831149289664377,0.5280116130915935
0.1,1,T1ax+T2ax+FLAIRax+FLAIRsag+T1sag,1111010,5,Cerebellar degeneration,27,94,2512,0.8007188990373617,0.1514354443559651
0.1,1,T1ax+T2ax+FLAIRax+FLAIRsag+T1sag,1111010,5,Mega cisterna magna,28,20,2512,0.6361757624398073,0.014241194366406739
0.1,1,T1ax+T2ax+FLAIRax+FLAIRsag+T1sag,1111010,5,Foraminal Spinal Stenosis,33,25,2512,0.5819863289103338,0.01185122908057467
0.1,1,T1ax+T2ax+FLAIRax+FLAIRsag+SWIax,1111100,5,Cerebral infarction,0,161,2512,0.8056886061435466,0.250984529708389
0.1,1,T1ax+T2ax+FLAIRax+FLAIRsag+SWIax,1111100,5,Cerebral hemorrhage,1,127,2512,0.8172601066376137,0.28664176545067466
0.1,1,T1ax+T2ax+FLAIRax+FLAIRsag+SWIax,1111100,5,Metastatic malignant neoplasm to brain,2,144,2512,0.7906754410660661,0.20470481954243414
0.1,1,T1ax+T2ax+FLAIRax+FLAIRsag+SWIax,1111100,5,Intracranial meningioma,3,62,2512,0.6845622119815667,0.06123962312920125
0.1,1,T1ax+T2ax+FLAIRax+FLAIRsag+SWIax,1111100,5,Demyelinating disease of central nervous system,4,66,2512,0.7731980475234768,0.10070492709580631
0.1,1,T1ax+T2ax+FLAIRax+FLAIRsag+SWIax,1111100,5,Herniation of nucleus pulposus,5,42,2512,0.7347406978985926,0.03977485710689328
0.1,1,T1ax+T2ax+FLAIRax+FLAIRsag+SWIax,1111100,5,Spinal cord compression,6,23,2512,0.5557147099411323,0.012592927900849784
0.1,1,T1ax+T2ax+FLAIRax+FLAIRsag+SWIax,1111100,5,Lacunar infarct,7,86,2512,0.8602638087386645,0.16464024704112473
0.1,1,T1ax+T2ax+FLAIRax+FLAIRsag+SWIax,1111100,5,Silent micro-hemorrhage of brain,8,77,2512,0.7144457185524947,0.08429123698915944
0.1,1,T1ax+T2ax+FLAIRax+FLAIRsag+SWIax,1111100,5,Gliosis,11,1027,2512,0.7323465095616994,0.6569809917104901
0.1,1,T1ax+T2ax+FLAIRax+FLAIRsag+SWIax,1111100,5,Cerebral atrophy,12,324,2512,0.8972989595323537,0.6294257866692115
0.1,1,T1ax+T2ax+FLAIRax+FLAIRsag+SWIax,1111100,5,Encephalomalacia,13,84,2512,0.6526339530870009,0.1448405229007654
0.1,1,T1ax+T2ax+FLAIRax+FLAIRsag+SWIax,1111100,5,Arachnoid cyst,14,69,2512,0.6606275249604016,0.06016517130173503
0.1,1,T1ax+T2ax+FLAIRax+FLAIRsag+SWIax,1111100,5,Empty sella syndrome,15,72,2512,0.6512067395264116,0.05073509975381814
0.1,1,T1ax+T2ax+FLAIRax+FLAIRsag+SWIax,1111100,5,Cyst of pineal gland,19,27,2512,0.6343691780311498,0.05248264964180342
0.1,1,T1ax+T2ax+FLAIRax+FLAIRsag+SWIax,1111100,5,Cerebral edema,22,197,2512,0.8567168433631909,0.5124353458541175
0.1,1,T1ax+T2ax+FLAIRax+FLAIRsag+SWIax,1111100,5,Mastoiditis,24,62,2512,0.6588610928242264,0.05861873038115229
0.1,1,T1ax+T2ax+FLAIRax+FLAIRsag+SWIax,1111100,5,Chronic mastoiditis,25,25,2512,0.6756735022114998,0.025608968691734846
0.1,1,T1ax+T2ax+FLAIRax+FLAIRsag+SWIax,1111100,5,Ventriculomegaly,26,304,2512,0.8919971038329519,0.554188132221763
0.1,1,T1ax+T2ax+FLAIRax+FLAIRsag+SWIax,1111100,5,Cerebellar degeneration,27,94,2512,0.7488868943913556,0.14312599562842435
0.1,1,T1ax+T2ax+FLAIRax+FLAIRsag+SWIax,1111100,5,Mega cisterna magna,28,20,2512,0.6554775280898876,0.024645624610305394
0.1,1,T1ax+T2ax+FLAIRax+FLAIRsag+SWIax,1111100,5,Foraminal Spinal Stenosis,33,25,2512,0.5842219541616406,0.0117015814715741
0.1,1,T2ax+FLAIRax+FLAIRsag+SWIax+T1sag+FLAIRcor,0111111,6,Cerebral infarction,0,161,2512,0.7754200010039338,0.20761527511976496
0.1,1,T2ax+FLAIRax+FLAIRsag+SWIax+T1sag+FLAIRcor,0111111,6,Cerebral hemorrhage,1,127,2512,0.8121197114511629,0.2973472929415569
0.1,1,T2ax+FLAIRax+FLAIRsag+SWIax+T1sag+FLAIRcor,0111111,6,Metastatic malignant neoplasm to brain,2,144,2512,0.7869686092342343,0.21040283142378224
0.1,1,T2ax+FLAIRax+FLAIRsag+SWIax+T1sag+FLAIRcor,0111111,6,Intracranial meningioma,3,62,2512,0.6425345622119816,0.04086400648104045
0.1,1,T2ax+FLAIRax+FLAIRsag+SWIax+T1sag+FLAIRcor,0111111,6,Demyelinating disease of central nervous system,4,66,2512,0.7299487103248345,0.09924430799045358
0.1,1,T2ax+FLAIRax+FLAIRsag+SWIax+T1sag+FLAIRcor,0111111,6,Herniation of nucleus pulposus,5,42,2512,0.7163774821669558,0.035765541008379115
0.1,1,T2ax+FLAIRax+FLAIRsag+SWIax+T1sag+FLAIRcor,0111111,6,Spinal cord compression,6,23,2512,0.5687110241584712,0.033670821687697694
0.1,1,T2ax+FLAIRax+FLAIRsag+SWIax+T1sag+FLAIRcor,0111111,6,Lacunar infarct,7,86,2512,0.8620372323089016,0.16220577675203365
0.1,1,T2ax+FLAIRax+FLAIRsag+SWIax+T1sag+FLAIRcor,0111111,6,Silent micro-hemorrhage of brain,8,77,2512,0.7025894023840635,0.07591927268279461
0.1,1,T2ax+FLAIRax+FLAIRsag+SWIax+T1sag+FLAIRcor,0111111,6,Gliosis,11,1027,2512,0.7394863926509496,0.6675869877701412
0.1,1,T2ax+FLAIRax+FLAIRsag+SWIax+T1sag+FLAIRcor,0111111,6,Cerebral atrophy,12,324,2512,0.8938457805764326,0.6380057880924798
0.1,1,T2ax+FLAIRax+FLAIRsag+SWIax+T1sag+FLAIRcor,0111111,6,Encephalomalacia,13,84,2512,0.6588854240213384,0.14574961112172347
0.1,1,T2ax+FLAIRax+FLAIRsag+SWIax+T1sag+FLAIRcor,0111111,6,Arachnoid cyst,14,69,2512,0.6582961077791027,0.07213613883169608
0.1,1,T2ax+FLAIRax+FLAIRsag+SWIax+T1sag+FLAIRcor,0111111,6,Empty sella syndrome,15,72,2512,0.6689150728597449,0.04736975614294882
0.1,1,T2ax+FLAIRax+FLAIRsag+SWIax+T1sag+FLAIRcor,0111111,6,Cyst of pineal gland,19,27,2512,0.6663685818615396,0.020481152054512203
0.1,1,T2ax+FLAIRax+FLAIRsag+SWIax+T1sag+FLAIRcor,0111111,6,Cerebral edema,22,197,2512,0.863209481312561,0.5200052232101539
0.1,1,T2ax+FLAIRax+FLAIRsag+SWIax+T1sag+FLAIRcor,0111111,6,Mastoiditis,24,62,2512,0.6472942725477288,0.05371573316794648
0.1,1,T2ax+FLAIRax+FLAIRsag+SWIax+T1sag+FLAIRcor,0111111,6,Chronic mastoiditis,25,25,2512,0.6301085645355851,0.018154075957992614
0.1,1,T2ax+FLAIRax+FLAIRsag+SWIax+T1sag+FLAIRcor,0111111,6,Ventriculomegaly,26,304,2512,0.8837331950800915,0.5380248061546238
0.1,1,T2ax+FLAIRax+FLAIRsag+SWIax+T1sag+FLAIRcor,0111111,6,Cerebellar degeneration,27,94,2512,0.7706650476039631,0.13674692320129317
0.1,1,T2ax+FLAIRax+FLAIRsag+SWIax+T1sag+FLAIRcor,0111111,6,Mega cisterna magna,28,20,2512,0.5778491171749599,0.015508565581070017
0.1,1,T2ax+FLAIRax+FLAIRsag+SWIax+T1sag+FLAIRcor,0111111,6,Foraminal Spinal Stenosis,33,25,2512,0.6013349416968234,0.013022627973397472
0.1,1,T1ax+FLAIRax+FLAIRsag+SWIax+T1sag+FLAIRcor,1011111,6,Cerebral infarction,0,161,2512,0.7538671267149435,0.1935806307672816
0.1,1,T1ax+FLAIRax+FLAIRsag+SWIax+T1sag+FLAIRcor,1011111,6,Cerebral hemorrhage,1,127,2512,0.8081876557883094,0.28899550585346573
0.1,1,T1ax+FLAIRax+FLAIRsag+SWIax+T1sag+FLAIRcor,1011111,6,Metastatic malignant neoplasm to brain,2,144,2512,0.7722615193318317,0.20619842423733098
0.1,1,T1ax+FLAIRax+FLAIRsag+SWIax+T1sag+FLAIRcor,1011111,6,Intracranial meningioma,3,62,2512,0.6673601053324556,0.04797692322537476
0.1,1,T1ax+FLAIRax+FLAIRsag+SWIax+T1sag+FLAIRcor,1011111,6,Demyelinating disease of central nervous system,4,66,2512,0.721846428305954,0.10886826338058685
0.1,1,T1ax+FLAIRax+FLAIRsag+SWIax+T1sag+FLAIRcor,1011111,6,Herniation of nucleus pulposus,5,42,2512,0.6947079236552921,0.03366063224254698
0.1,1,T1ax+FLAIRax+FLAIRsag+SWIax+T1sag+FLAIRcor,1011111,6,Spinal cord compression,6,23,2512,0.5897252257760233,0.016758550228136576
0.1,1,T1ax+FLAIRax+FLAIRsag+SWIax+T1sag+FLAIRcor,1011111,6,Lacunar infarct,7,86,2512,0.8502751203052206,0.15944851840088836
0.1,1,T1ax+FLAIRax+FLAIRsag+SWIax+T1sag+FLAIRcor,1011111,6,Silent micro-hemorrhage of brain,8,77,2512,0.7376890050401343,0.09425774260034946
0.1,1,T1ax+FLAIRax+FLAIRsag+SWIax+T1sag+FLAIRcor,1011111,6,Gliosis,11,1027,2512,0.7337831413780781,0.6533186819161353
0.1,1,T1ax+FLAIRax+FLAIRsag+SWIax+T1sag+FLAIRcor,1011111,6,Cerebral atrophy,12,324,2512,0.8901316383415713,0.6267146795514281
0.1,1,T1ax+FLAIRax+FLAIRsag+SWIax+T1sag+FLAIRcor,1011111,6,Encephalomalacia,13,84,2512,0.7032095787244057,0.160982884123632
0.1,1,T1ax+FLAIRax+FLAIRsag+SWIax+T1sag+FLAIRcor,1011111,6,Arachnoid cyst,14,69,2512,0.6672836320276212,0.08151099762691517
0.1,1,T1ax+FLAIRax+FLAIRsag+SWIax+T1sag+FLAIRcor,1011111,6,Empty sella syndrome,15,72,2512,0.6754667577413479,0.05135312730419622
0.1,1,T1ax+FLAIRax+FLAIRsag+SWIax+T1sag+FLAIRcor,1011111,6,Cyst of pineal gland,19,27,2512,0.6356658469334526,0.01820329292294811
0.1,1,T1ax+FLAIRax+FLAIRsag+SWIax+T1sag+FLAIRcor,1011111,6,Cerebral edema,22,197,2512,0.8526186534518863,0.494766316547437
0.1,1,T1ax+FLAIRax+FLAIRsag+SWIax+T1sag+FLAIRcor,1011111,6,Mastoiditis,24,62,2512,0.6352666227781435,0.05253763730892546
0.1,1,T1ax+FLAIRax+FLAIRsag+SWIax+T1sag+FLAIRcor,1011111,6,Chronic mastoiditis,25,25,2512,0.6226135906714918,0.018943801921339536
0.1,1,T1ax+FLAIRax+FLAIRsag+SWIax+T1sag+FLAIRcor,1011111,6,Ventriculomegaly,26,304,2512,0.8910376740083905,0.5345836363557428
0.1,1,T1ax+FLAIRax+FLAIRsag+SWIax+T1sag+FLAIRcor,1011111,6,Cerebellar degeneration,27,94,2512,0.7724248983686183,0.1424773854250589
0.1,1,T1ax+FLAIRax+FLAIRsag+SWIax+T1sag+FLAIRcor,1011111,6,Mega cisterna magna,28,20,2512,0.5411516853932585,0.011723987344838137
0.1,1,T1ax+FLAIRax+FLAIRsag+SWIax+T1sag+FLAIRcor,1011111,6,Foraminal Spinal Stenosis,33,25,2512,0.6289666264575794,0.013516728837647471
0.1,1,T1ax+T2ax+FLAIRsag+SWIax+T1sag+FLAIRcor,1101111,6,Cerebral infarction,0,161,2512,0.7678218070280655,0.2130049651335708
0.1,1,T1ax+T2ax+FLAIRsag+SWIax+T1sag+FLAIRcor,1101111,6,Cerebral hemorrhage,1,127,2512,0.8110071146767031,0.30083497132203096
0.1,1,T1ax+T2ax+FLAIRsag+SWIax+T1sag+FLAIRcor,1101111,6,Metastatic malignant neoplasm to brain,2,144,2512,0.7729301567192193,0.20094409518175432
0.1,1,T1ax+T2ax+FLAIRsag+SWIax+T1sag+FLAIRcor,1101111,6,Intracranial meningioma,3,62,2512,0.6422843976300198,0.04585479069662735
0.1,1,T1ax+T2ax+FLAIRsag+SWIax+T1sag+FLAIRcor,1101111,6,Demyelinating disease of central nervous system,4,66,2512,0.7457630268341634,0.10357367531553455
0.1,1,T1ax+T2ax+FLAIRsag+SWIax+T1sag+FLAIRcor,1101111,6,Herniation of nucleus pulposus,5,42,2512,0.6886350491613649,0.035258884089104534
0.1,1,T1ax+T2ax+FLAIRsag+SWIax+T1sag+FLAIRcor,1101111,6,Spinal cord compression,6,23,2512,0.5344559540237916,0.012518348991478686
0.1,1,T1ax+T2ax+FLAIRsag+SWIax+T1sag+FLAIRcor,1101111,6,Lacunar infarct,7,86,2512,0.8532515960812133,0.15234517782724707
0.1,1,T1ax+T2ax+FLAIRsag+SWIax+T1sag+FLAIRcor,1101111,6,Silent micro-hemorrhage of brain,8,77,2512,0.6922797941278435,0.07178128284174558
0.1,1,T1ax+T2ax+FLAIRsag+SWIax+T1sag+FLAIRcor,1101111,6,Gliosis,11,1027,2512,0.732787137850429,0.6587687264718899
0.1,1,T1ax+T2ax+FLAIRsag+SWIax+T1sag+FLAIRcor,1101111,6,Cerebral atrophy,12,324,2512,0.895618920260907,0.6324855989488962
0.1,1,T1ax+T2ax+FLAIRsag+SWIax+T1sag+FLAIRcor,1101111,6,Encephalomalacia,13,84,2512,0.6949233152898721,0.1407956683170386
0.1,1,T1ax+T2ax+FLAIRsag+SWIax+T1sag+FLAIRcor,1101111,6,Arachnoid cyst,14,69,2512,0.6349760036068743,0.0604868452530279
0.1,1,T1ax+T2ax+FLAIRsag+SWIax+T1sag+FLAIRcor,1101111,6,Empty sella syndrome,15,72,2512,0.673554189435337,0.05298982962620382
0.1,1,T1ax+T2ax+FLAIRsag+SWIax+T1sag+FLAIRcor,1101111,6,Cyst of pineal gland,19,27,2512,0.6528355317087712,0.030056827926889962
0.1,1,T1ax+T2ax+FLAIRsag+SWIax+T1sag+FLAIRcor,1101111,6,Cerebral edema,22,197,2512,0.8662507811557817,0.4988311518842495
0.1,1,T1ax+T2ax+FLAIRsag+SWIax+T1sag+FLAIRcor,1101111,6,Mastoiditis,24,62,2512,0.614660961158657,0.039975423477516044
0.1,1,T1ax+T2ax+FLAIRsag+SWIax+T1sag+FLAIRcor,1101111,6,Chronic mastoiditis,25,25,2512,0.6018013671089666,0.018471058881314645
0.1,1,T1ax+T2ax+FLAIRsag+SWIax+T1sag+FLAIRcor,1101111,6,Ventriculomegaly,26,304,2512,0.8894659372616323,0.5384501162698232
0.1,1,T1ax+T2ax+FLAIRsag+SWIax+T1sag+FLAIRcor,1101111,6,Cerebellar degeneration,27,94,2512,0.7833447723633036,0.14328216477236683
0.1,1,T1ax+T2ax+FLAIRsag+SWIax+T1sag+FLAIRcor,1101111,6,Mega cisterna magna,28,20,2512,0.5693017656500803,0.011662444157036482
0.1,1,T1ax+T2ax+FLAIRsag+SWIax+T1sag+FLAIRcor,1101111,6,Foraminal Spinal Stenosis,33,25,2512,0.619686369119421,0.013416808463627986
0.1,1,T1ax+T2ax+FLAIRax+SWIax+T1sag+FLAIRcor,1110111,6,Cerebral infarction,0,161,2512,0.7792349495787441,0.20787232214950271
0.1,1,T1ax+T2ax+FLAIRax+SWIax+T1sag+FLAIRcor,1110111,6,Cerebral hemorrhage,1,127,2512,0.8235527162878226,0.32257620250856844
0.1,1,T1ax+T2ax+FLAIRax+SWIax+T1sag+FLAIRcor,1110111,6,Metastatic malignant neoplasm to brain,2,144,2512,0.7765754035285285,0.20555488334979577
0.1,1,T1ax+T2ax+FLAIRax+SWIax+T1sag+FLAIRcor,1110111,6,Intracranial meningioma,3,62,2512,0.6528768926925608,0.054346167355365155
0.1,1,T1ax+T2ax+FLAIRax+SWIax+T1sag+FLAIRcor,1110111,6,Demyelinating disease of central nervous system,4,66,2512,0.7800242820684359,0.12338705088448851
0.1,1,T1ax+T2ax+FLAIRax+SWIax+T1sag+FLAIRcor,1110111,6,Herniation of nucleus pulposus,5,42,2512,0.6885482938114518,0.033813665541346793
0.1,1,T1ax+T2ax+FLAIRax+SWIax+T1sag+FLAIRcor,1110111,6,Spinal cord compression,6,23,2512,0.559557706080668,0.014802374729938568
0.1,1,T1ax+T2ax+FLAIRax+SWIax+T1sag+FLAIRcor,1110111,6,Lacunar infarct,7,86,2512,0.8530646676508369,0.15118203515112053
0.1,1,T1ax+T2ax+FLAIRax+SWIax+T1sag+FLAIRcor,1110111,6,Silent micro-hemorrhage of brain,8,77,2512,0.7184031574175311,0.079456280141104
0.1,1,T1ax+T2ax+FLAIRax+SWIax+T1sag+FLAIRcor,1110111,6,Gliosis,11,1027,2512,0.7370412990666155,0.6622684950916713
0.1,1,T1ax+T2ax+FLAIRax+SWIax+T1sag+FLAIRcor,1110111,6,Cerebral atrophy,12,324,2512,0.8890137280790845,0.6223299962960114
0.1,1,T1ax+T2ax+FLAIRax+SWIax+T1sag+FLAIRcor,1110111,6,Encephalomalacia,13,84,2512,0.6613958186239899,0.13382655962330156
0.1,1,T1ax+T2ax+FLAIRax+SWIax+T1sag+FLAIRcor,1110111,6,Arachnoid cyst,14,69,2512,0.6534671673577865,0.06922189031562495
0.1,1,T1ax+T2ax+FLAIRax+SWIax+T1sag+FLAIRcor,1110111,6,Empty sella syndrome,15,72,2512,0.6856329690346084,0.053967196834562164
0.1,1,T1ax+T2ax+FLAIRax+SWIax+T1sag+FLAIRcor,1110111,6,Cyst of pineal gland,19,27,2512,0.6405246292570237,0.028492343898962522
0.1,1,T1ax+T2ax+FLAIRax+SWIax+T1sag+FLAIRcor,1110111,6,Cerebral edema,22,197,2512,0.8553442019054719,0.506527842593169
0.1,1,T1ax+T2ax+FLAIRax+SWIax+T1sag+FLAIRcor,1110111,6,Mastoiditis,24,62,2512,0.6324358130348914,0.050067862650487044
0.1,1,T1ax+T2ax+FLAIRax+SWIax+T1sag+FLAIRcor,1110111,6,Chronic mastoiditis,25,25,2512,0.6328266988339365,0.021265737997511237
0.1,1,T1ax+T2ax+FLAIRax+SWIax+T1sag+FLAIRcor,1110111,6,Ventriculomegaly,26,304,2512,0.893053370518688,0.5441137791012115
0.1,1,T1ax+T2ax+FLAIRax+SWIax+T1sag+FLAIRcor,1110111,6,Cerebellar degeneration,27,94,2512,0.7914268869999824,0.1482436013947452
0.1,1,T1ax+T2ax+FLAIRax+SWIax+T1sag+FLAIRcor,1110111,6,Mega cisterna magna,28,20,2512,0.6382624398073835,0.016198607691887076
0.1,1,T1ax+T2ax+FLAIRax+SWIax+T1sag+FLAIRcor,1110111,6,Foraminal Spinal Stenosis,33,25,2512,0.6070767993566546,0.01322231831356067
0.1,1,T1ax+T2ax+FLAIRax+FLAIRsag+T1sag+FLAIRcor,1111011,6,Cerebral infarction,0,161,2512,0.7675364784642983,0.18641952434959044
0.1,1,T1ax+T2ax+FLAIRax+FLAIRsag+T1sag+FLAIRcor,1111011,6,Cerebral hemorrhage,1,127,2512,0.8044107694085411,0.2586458515238203
0.1,1,T1ax+T2ax+FLAIRax+FLAIRsag+T1sag+FLAIRcor,1111011,6,Metastatic malignant neoplasm to brain,2,144,2512,0.7571262668918919,0.18383032340478092
0.1,1,T1ax+T2ax+FLAIRax+FLAIRsag+T1sag+FLAIRcor,1111011,6,Intracranial meningioma,3,62,2512,0.6768268597761684,0.049208021564177404
0.1,1,T1ax+T2ax+FLAIRax+FLAIRsag+T1sag+FLAIRcor,1111011,6,Demyelinating disease of central nervous system,4,66,2512,0.7531405634430982,0.11251943330098994
0.1,1,T1ax+T2ax+FLAIRax+FLAIRsag+T1sag+FLAIRcor,1111011,6,Herniation of nucleus pulposus,5,42,2512,0.6682089839984576,0.03309387051281287
0.1,1,T1ax+T2ax+FLAIRax+FLAIRsag+T1sag+FLAIRcor,1111011,6,Spinal cord compression,6,23,2512,0.5858996978007581,0.019574597531130007
0.1,1,T1ax+T2ax+FLAIRax+FLAIRsag+T1sag+FLAIRcor,1111011,6,Lacunar infarct,7,86,2512,0.838201460917579,0.14410588176689565
0.1,1,T1ax+T2ax+FLAIRax+FLAIRsag+T1sag+FLAIRcor,1111011,6,Silent micro-hemorrhage of brain,8,77,2512,0.6802048054614791,0.06844165466172694
0.1,1,T1ax+T2ax+FLAIRax+FLAIRsag+T1sag+FLAIRcor,1111011,6,Gliosis,11,1027,2512,0.7391067441700354,0.6663080303455837
0.1,1,T1ax+T2ax+FLAIRax+FLAIRsag+T1sag+FLAIRcor,1111011,6,Cerebral atrophy,12,324,2512,0.9006209515426457,0.6459769723391259
0.1,1,T1ax+T2ax+FLAIRax+FLAIRsag+T1sag+FLAIRcor,1111011,6,Encephalomalacia,13,84,2512,0.6776398368243508,0.15169836285657812
0.1,1,T1ax+T2ax+FLAIRax+FLAIRsag+T1sag+FLAIRcor,1111011,6,Arachnoid cyst,14,69,2512,0.6696387786458795,0.07092958039955251
0.1,1,T1ax+T2ax+FLAIRax+FLAIRsag+T1sag+FLAIRcor,1111011,6,Empty sella syndrome,15,72,2512,0.6794228142076503,0.049293724952887565
0.1,1,T1ax+T2ax+FLAIRax+FLAIRsag+T1sag+FLAIRcor,1111011,6,Cyst of pineal gland,19,27,2512,0.6463670914375139,0.0190137988048885
0.1,1,T1ax+T2ax+FLAIRax+FLAIRsag+T1sag+FLAIRcor,1111011,6,Cerebral edema,22,197,2512,0.8521187137516308,0.49153545252663344
0.1,1,T1ax+T2ax+FLAIRax+FLAIRsag+T1sag+FLAIRcor,1111011,6,Mastoiditis,24,62,2512,0.6066425279789336,0.048423503270140424
0.1,1,T1ax+T2ax+FLAIRax+FLAIRsag+T1sag+FLAIRcor,1111011,6,Chronic mastoiditis,25,25,2512,0.6554081222356253,0.021368127639996605
0.1,1,T1ax+T2ax+FLAIRax+FLAIRsag+T1sag+FLAIRcor,1111011,6,Ventriculomegaly,26,304,2512,0.8803737008962624,0.5212603783906322
0.1,1,T1ax+T2ax+FLAIRax+FLAIRsag+T1sag+FLAIRcor,1111011,6,Cerebellar degeneration,27,94,2512,0.7826628301919997,0.15413737756601964
0.1,1,T1ax+T2ax+FLAIRax+FLAIRsag+T1sag+FLAIRcor,1111011,6,Mega cisterna magna,28,20,2512,0.5981340288924559,0.0134334246287189
0.1,1,T1ax+T2ax+FLAIRax+FLAIRsag+T1sag+FLAIRcor,1111011,6,Foraminal Spinal Stenosis,33,25,2512,0.6337273823884197,0.014340835075631393
0.1,1,T1ax+T2ax+FLAIRax+FLAIRsag+SWIax+FLAIRcor,1111101,6,Cerebral infarction,0,161,2512,0.7965660178964415,0.23336673110700507
0.1,1,T1ax+T2ax+FLAIRax+FLAIRsag+SWIax+FLAIRcor,1111101,6,Cerebral hemorrhage,1,127,2512,0.8163257894649961,0.28524457042164775
0.1,1,T1ax+T2ax+FLAIRax+FLAIRsag+SWIax+FLAIRcor,1111101,6,Metastatic malignant neoplasm to brain,2,144,2512,0.7866812124624626,0.2021274356218936
0.1,1,T1ax+T2ax+FLAIRax+FLAIRsag+SWIax+FLAIRcor,1111101,6,Intracranial meningioma,3,62,2512,0.6883410138248848,0.054803300334353086
0.1,1,T1ax+T2ax+FLAIRax+FLAIRsag+SWIax+FLAIRcor,1111101,6,Demyelinating disease of central nervous system,4,66,2512,0.767195668871875,0.09732822938530045
0.1,1,T1ax+T2ax+FLAIRax+FLAIRsag+SWIax+FLAIRcor,1111101,6,Herniation of nucleus pulposus,5,42,2512,0.7159244264507423,0.03647817846094366
0.1,1,T1ax+T2ax+FLAIRax+FLAIRsag+SWIax+FLAIRcor,1111101,6,Spinal cord compression,6,23,2512,0.5816549338829983,0.016755974052353968
0.1,1,T1ax+T2ax+FLAIRax+FLAIRsag+SWIax+FLAIRcor,1111101,6,Lacunar infarct,7,86,2512,0.8654786326424969,0.16611496773146134
0.1,1,T1ax+T2ax+FLAIRax+FLAIRsag+SWIax+FLAIRcor,1111101,6,Silent micro-hemorrhage of brain,8,77,2512,0.7347395930558148,0.09505569453187332
0.1,1,T1ax+T2ax+FLAIRax+FLAIRsag+SWIax+FLAIRcor,1111101,6,Gliosis,11,1027,2512,0.7339372301397618,0.6619825437285853
0.1,1,T1ax+T2ax+FLAIRax+FLAIRsag+SWIax+FLAIRcor,1111101,6,Cerebral atrophy,12,324,2512,0.902041438147471,0.642273348899081
0.1,1,T1ax+T2ax+FLAIRax+FLAIRsag+SWIax+FLAIRcor,1111101,6,Encephalomalacia,13,84,2512,0.6669706597630816,0.14716089443830435
0.1,1,T1ax+T2ax+FLAIRax+FLAIRsag+SWIax+FLAIRcor,1111101,6,Arachnoid cyst,14,69,2512,0.6614817846909538,0.07720544049843144
0.1,1,T1ax+T2ax+FLAIRax+FLAIRsag+SWIax+FLAIRcor,1111101,6,Empty sella syndrome,15,72,2512,0.7102231329690346,0.0684955226358386
0.1,1,T1ax+T2ax+FLAIRax+FLAIRsag+SWIax+FLAIRcor,1111101,6,Cyst of pineal gland,19,27,2512,0.671704299873314,0.02134994364213137
0.1,1,T1ax+T2ax+FLAIRax+FLAIRsag+SWIax+FLAIRcor,1111101,6,Cerebral edema,22,197,2512,0.8585104866737565,0.5069632914130295
0.1,1,T1ax+T2ax+FLAIRax+FLAIRsag+SWIax+FLAIRcor,1111101,6,Mastoiditis,24,62,2512,0.6609545753785385,0.06399402117175243
0.1,1,T1ax+T2ax+FLAIRax+FLAIRsag+SWIax+FLAIRcor,1111101,6,Chronic mastoiditis,25,25,2512,0.6899718536389224,0.024321237175962653
0.1,1,T1ax+T2ax+FLAIRax+FLAIRsag+SWIax+FLAIRcor,1111101,6,Ventriculomegaly,26,304,2512,0.8891352021357743,0.5396506312583499
0.1,1,T1ax+T2ax+FLAIRax+FLAIRsag+SWIax+FLAIRcor,1111101,6,Cerebellar degeneration,27,94,2512,0.749406050366929,0.14566668409535904
0.1,1,T1ax+T2ax+FLAIRax+FLAIRsag+SWIax+FLAIRcor,1111101,6,Mega cisterna magna,28,20,2512,0.6071428571428572,0.01848903335075396
0.1,1,T1ax+T2ax+FLAIRax+FLAIRsag+SWIax+FLAIRcor,1111101,6,Foraminal Spinal Stenosis,33,25,2512,0.63340570969039,0.014314121910121866
0.1,1,T1ax+T2ax+FLAIRax+FLAIRsag+SWIax+T1sag,1111110,6,Cerebral infarction,0,161,2512,0.7791054949525905,0.21587335709598537
0.1,1,T1ax+T2ax+FLAIRax+FLAIRsag+SWIax+T1sag,1111110,6,Cerebral hemorrhage,1,127,2512,0.8170983344063124,0.29780383130346655
0.1,1,T1ax+T2ax+FLAIRax+FLAIRsag+SWIax+T1sag,1111110,6,Metastatic malignant neoplasm to brain,2,144,2512,0.7914643158783784,0.20668503137956587
0.1,1,T1ax+T2ax+FLAIRax+FLAIRsag+SWIax+T1sag,1111110,6,Intracranial meningioma,3,62,2512,0.6638709677419354,0.05622861528404698
0.1,1,T1ax+T2ax+FLAIRax+FLAIRsag+SWIax+T1sag,1111110,6,Demyelinating disease of central nervous system,4,66,2512,0.7477885973388836,0.11801875721444234
0.1,1,T1ax+T2ax+FLAIRax+FLAIRsag+SWIax+T1sag,1111110,6,Herniation of nucleus pulposus,5,42,2512,0.7154135338345864,0.035180343468327664
0.1,1,T1ax+T2ax+FLAIRax+FLAIRsag+SWIax+T1sag,1111110,6,Spinal cord compression,6,23,2512,0.5598197285447273,0.011830191320180788
0.1,1,T1ax+T2ax+FLAIRax+FLAIRsag+SWIax+T1sag,1111110,6,Lacunar infarct,7,86,2512,0.8566594451580744,0.16130536768869752
0.1,1,T1ax+T2ax+FLAIRax+FLAIRsag+SWIax+T1sag,1111110,6,Silent micro-hemorrhage of brain,8,77,2512,0.6918477826075362,0.07370333924733077
0.1,1,T1ax+T2ax+FLAIRax+FLAIRsag+SWIax+T1sag,1111110,6,Gliosis,11,1027,2512,0.7339923086758531,0.6585481499418964
0.1,1,T1ax+T2ax+FLAIRax+FLAIRsag+SWIax+T1sag,1111110,6,Cerebral atrophy,12,324,2512,0.8931461168664092,0.6255209501870426
0.1,1,T1ax+T2ax+FLAIRax+FLAIRsag+SWIax+T1sag,1111110,6,Encephalomalacia,13,84,2512,0.6826753353730289,0.148119044118892
0.1,1,T1ax+T2ax+FLAIRax+FLAIRsag+SWIax+T1sag,1111110,6,Arachnoid cyst,14,69,2512,0.6659191894024336,0.06566769747097127
0.1,1,T1ax+T2ax+FLAIRax+FLAIRsag+SWIax+T1sag,1111110,6,Empty sella syndrome,15,72,2512,0.6122040072859745,0.0415519198345755
0.1,1,T1ax+T2ax+FLAIRax+FLAIRsag+SWIax+T1sag,1111110,6,Cyst of pineal gland,19,27,2512,0.6117743498025188,0.051562812978985774
0.1,1,T1ax+T2ax+FLAIRax+FLAIRsag+SWIax+T1sag,1111110,6,Cerebral edema,22,197,2512,0.8610847375864753,0.5125971314493631
0.1,1,T1ax+T2ax+FLAIRax+FLAIRsag+SWIax+T1sag,1111110,6,Mastoiditis,24,62,2512,0.627063857801185,0.05316908627514864
0.1,1,T1ax+T2ax+FLAIRax+FLAIRsag+SWIax+T1sag,1111110,6,Chronic mastoiditis,25,25,2512,0.6304945717732208,0.0252914767746857
0.1,1,T1ax+T2ax+FLAIRax+FLAIRsag+SWIax+T1sag,1111110,6,Ventriculomegaly,26,304,2512,0.894590841914569,0.5517771340976145
0.1,1,T1ax+T2ax+FLAIRax+FLAIRsag+SWIax+T1sag,1111110,6,Cerebellar degeneration,27,94,2512,0.7954921422663359,0.14746819598591385
0.1,1,T1ax+T2ax+FLAIRax+FLAIRsag+SWIax+T1sag,1111110,6,Mega cisterna magna,28,20,2512,0.6430577849117175,0.015207254331138415
0.1,1,T1ax+T2ax+FLAIRax+FLAIRsag+SWIax+T1sag,1111110,6,Foraminal Spinal Stenosis,33,25,2512,0.5651467631684761,0.0110449045825849
0.1,1,T1ax+T2ax+FLAIRax+FLAIRsag+SWIax+T1sag+FLAIRcor,1111111,7,Cerebral infarction,0,161,2512,0.7768175825801628,0.21112727823949004
0.1,1,T1ax+T2ax+FLAIRax+FLAIRsag+SWIax+T1sag+FLAIRcor,1111111,7,Cerebral hemorrhage,1,127,2512,0.8166757457204642,0.3075229696613379
0.1,1,T1ax+T2ax+FLAIRax+FLAIRsag+SWIax+T1sag+FLAIRcor,1111111,7,Metastatic malignant neoplasm to brain,2,144,2512,0.7816957582582582,0.2043045984505905
0.1,1,T1ax+T2ax+FLAIRax+FLAIRsag+SWIax+T1sag+FLAIRcor,1111111,7,Intracranial meningioma,3,62,2512,0.6595062541145491,0.04915638490512028
0.1,1,T1ax+T2ax+FLAIRax+FLAIRsag+SWIax+T1sag+FLAIRcor,1111111,7,Demyelinating disease of central nervous system,4,66,2512,0.74932480983176,0.10915625618342753
0.1,1,T1ax+T2ax+FLAIRax+FLAIRsag+SWIax+T1sag+FLAIRcor,1111111,7,Herniation of nucleus pulposus,5,42,2512,0.7027858106805475,0.034496475875205435
0.1,1,T1ax+T2ax+FLAIRax+FLAIRsag+SWIax+T1sag+FLAIRcor,1111111,7,Spinal cord compression,6,23,2512,0.5669118032385977,0.017291635824946167
0.1,1,T1ax+T2ax+FLAIRax+FLAIRsag+SWIax+T1sag+FLAIRcor,1111111,7,Lacunar infarct,7,86,2512,0.8582315611879061,0.1583394972480419
0.1,1,T1ax+T2ax+FLAIRax+FLAIRsag+SWIax+T1sag+FLAIRcor,1111111,7,Silent micro-hemorrhage of brain,8,77,2512,0.709640257073522,0.07865171398658193
0.1,1,T1ax+T2ax+FLAIRax+FLAIRsag+SWIax+T1sag+FLAIRcor,1111111,7,Gliosis,11,1027,2512,0.7377107655588668,0.6621984188708874
0.1,1,T1ax+T2ax+FLAIRax+FLAIRsag+SWIax+T1sag+FLAIRcor,1111111,7,Cerebral atrophy,12,324,2512,0.8955244092355611,0.636020178902918
0.1,1,T1ax+T2ax+FLAIRax+FLAIRsag+SWIax+T1sag+FLAIRcor,1111111,7,Encephalomalacia,13,84,2512,0.6775859025653095,0.1479460047441396
0.1,1,T1ax+T2ax+FLAIRax+FLAIRsag+SWIax+T1sag+FLAIRcor,1111111,7,Arachnoid cyst,14,69,2512,0.6610190606702379,0.07371288407154578
0.1,1,T1ax+T2ax+FLAIRax+FLAIRsag+SWIax+T1sag+FLAIRcor,1111111,7,Empty sella syndrome,15,72,2512,0.6742827868852459,0.05057502899337368
0.1,1,T1ax+T2ax+FLAIRax+FLAIRsag+SWIax+T1sag+FLAIRcor,1111111,7,Cyst of pineal gland,19,27,2512,0.6527610105074894,0.025569487047931078
0.1,1,T1ax+T2ax+FLAIRax+FLAIRsag+SWIax+T1sag+FLAIRcor,1111111,7,Cerebral edema,22,197,2512,0.861018956046968,0.5109639455269741
0.1,1,T1ax+T2ax+FLAIRax+FLAIRsag+SWIax+T1sag+FLAIRcor,1111111,7,Mastoiditis,24,62,2512,0.6402369980250164,0.04920663219635703
0.1,1,T1ax+T2ax+FLAIRax+FLAIRsag+SWIax+T1sag+FLAIRcor,1111111,7,Chronic mastoiditis,25,25,2512,0.6347084841174105,0.020447496943597022
0.1,1,T1ax+T2ax+FLAIRax+FLAIRsag+SWIax+T1sag+FLAIRcor,1111111,7,Ventriculomegaly,26,304,2512,0.8904968773836767,0.5380362620137359
0.1,1,T1ax+T2ax+FLAIRax+FLAIRsag+SWIax+T1sag+FLAIRcor,1111111,7,Cerebellar degeneration,27,94,2512,0.7823416574274501,0.14366503515635584
0.1,1,T1ax+T2ax+FLAIRax+FLAIRsag+SWIax+T1sag+FLAIRcor,1111111,7,Mega cisterna magna,28,20,2512,0.5822632423756019,0.013896922179817866
0.1,1,T1ax+T2ax+FLAIRax+FLAIRsag+SWIax+T1sag+FLAIRcor,1111111,7,Foraminal Spinal Stenosis,33,25,2512,0.6116767189384801,0.012793065317116794
0.1,2,FLAIRcor,0000001,1,Cerebral infarction,0,161,2512,0.7542792679737181,0.21133077618231755
0.1,2,FLAIRcor,0000001,1,Cerebral hemorrhage,1,127,2512,0.793076808795127,0.22906620855003895
0.1,2,FLAIRcor,0000001,1,Metastatic malignant neoplasm to brain,2,144,2512,0.7598829298048049,0.20770802806653887
0.1,2,FLAIRcor,0000001,1,Intracranial meningioma,3,62,2512,0.6642659644502962,0.04588382912968264
0.1,2,FLAIRcor,0000001,1,Demyelinating disease of central nervous system,4,66,2512,0.6863586808394658,0.059232224642772904
0.1,2,FLAIRcor,0000001,1,Herniation of nucleus pulposus,5,42,2512,0.6288316946211683,0.02793493503286583
0.1,2,FLAIRcor,0000001,1,Spinal cord compression,6,23,2512,0.5734973011686202,0.013125605086118493
0.1,2,FLAIRcor,0000001,1,Lacunar infarct,7,86,2512,0.8136371479514561,0.15869835985617206
0.1,2,FLAIRcor,0000001,1,Silent micro-hemorrhage of brain,8,77,2512,0.6795114536387638,0.07418655964536554
0.1,2,FLAIRcor,0000001,1,Gliosis,11,1027,2512,0.7282870903124068,0.6584362485932661
0.1,2,FLAIRcor,0000001,1,Cerebral atrophy,12,324,2512,0.8844214796758977,0.6220807751469997
0.1,2,FLAIRcor,0000001,1,Encephalomalacia,13,84,2512,0.6842786538008944,0.14338157586590183
0.1,2,FLAIRcor,0000001,1,Arachnoid cyst,14,69,2512,0.5902578796561604,0.047083316125935804
0.1,2,FLAIRcor,0000001,1,Empty sella syndrome,15,72,2512,0.7424408014571948,0.07852878818078421
0.1,2,FLAIRcor,0000001,1,Cyst of pineal gland,19,27,2512,0.584708249496982,0.015065168690639195
0.1,2,FLAIRcor,0000001,1,Cerebral edema,22,197,2512,0.8312725438817687,0.4438249625850103
0.1,2,FLAIRcor,0000001,1,Mastoiditis,24,62,2512,0.610039499670836,0.05029657817401955
0.1,2,FLAIRcor,0000001,1,Chronic mastoiditis,25,25,2512,0.504736630478488,0.010362328192012708
0.1,2,FLAIRcor,0000001,1,Ventriculomegaly,26,304,2512,0.8695860745614035,0.5141808934226146
0.1,2,FLAIRcor,0000001,1,Cerebellar degeneration,27,94,2512,0.7403648170635131,0.12794975386118124
0.1,2,FLAIRcor,0000001,1,Mega cisterna magna,28,20,2512,0.557784911717496,0.009233323963011606
0.1,2,FLAIRcor,0000001,1,Foraminal Spinal Stenosis,33,25,2512,0.6099075190993164,0.014527294338372816
0.1,2,T1sag,0000010,1,Cerebral infarction,0,161,2512,0.7111920129137593,0.1630609157547269
0.1,2,T1sag,0000010,1,Cerebral hemorrhage,1,127,2512,0.7358259462850163,0.18794491511711478
0.1,2,T1sag,0000010,1,Metastatic malignant neoplasm to brain,2,144,2512,0.7039226726726728,0.1291308654312803
0.1,2,T1sag,0000010,1,Intracranial meningioma,3,62,2512,0.5457537853851218,0.029090996929094236
0.1,2,T1sag,0000010,1,Demyelinating disease of central nervous system,4,66,2512,0.7646373795188185,0.13356341832835944
0.1,2,T1sag,0000010,1,Herniation of nucleus pulposus,5,42,2512,0.6925197609408136,0.03956182053486791
0.1,2,T1sag,0000010,1,Spinal cord compression,6,23,2512,0.7323353188813388,0.03508850275320671
0.1,2,T1sag,0000010,1,Lacunar infarct,7,86,2512,0.777775647539255,0.1179603273961217
0.1,2,T1sag,0000010,1,Silent micro-hemorrhage of brain,8,77,2512,0.6487212992346463,0.048656062864223165
0.1,2,T1sag,0000010,1,Gliosis,11,1027,2512,0.7090863192129016,0.6331155446521564
0.1,2,T1sag,0000010,1,Cerebral atrophy,12,324,2512,0.8488684067980228,0.5262188715513788
0.1,2,T1sag,0000010,1,Encephalomalacia,13,84,2512,0.6972424884286499,0.10306298939039454
0.1,2,T1sag,0000010,1,Arachnoid cyst,14,69,2512,0.5861942135767975,0.0364499845141681
0.1,2,T1sag,0000010,1,Empty sella syndrome,15,72,2512,0.5769239526411658,0.03535188871768026
0.1,2,T1sag,0000010,1,Cyst of pineal gland,19,27,2512,0.5960652805723228,0.024865754166373336
0.1,2,T1sag,0000010,1,Cerebral edema,22,197,2512,0.7797042023440155,0.33578863821685667
0.1,2,T1sag,0000010,1,Mastoiditis,24,62,2512,0.5387030941408821,0.0370982860582175
0.1,2,T1sag,0000010,1,Chronic mastoiditis,25,25,2512,0.45967028548451955,0.052127671465491764
0.1,2,T1sag,0000010,1,Ventriculomegaly,26,304,2512,0.8526932565789473,0.4738697570239402
0.1,2,T1sag,0000010,1,Cerebellar degeneration,27,94,2512,0.7560274888689439,0.1318316847433644
0.1,2,T1sag,0000010,1,Mega cisterna magna,28,20,2512,0.6065810593900481,0.010673165883319829
0.1,2,T1sag,0000010,1,Foraminal Spinal Stenosis,33,25,2512,0.5601447527141135,0.013671300484844075
0.1,2,SWIax,0000100,1,Cerebral infarction,0,161,2512,0.740409129457268,0.20312598541039226
0.1,2,SWIax,0000100,1,Cerebral hemorrhage,1,127,2512,0.8110467323660013,0.28199504968789446
0.1,2,SWIax,0000100,1,Metastatic malignant neoplasm to brain,2,144,2512,0.7724756006006006,0.18473897630652727
0.1,2,SWIax,0000100,1,Intracranial meningioma,3,62,2512,0.6487820934825543,0.044391958221012405
0.1,2,SWIax,0000100,1,Demyelinating disease of central nervous system,4,66,2512,0.630169231150425,0.04770975719286802
0.1,2,SWIax,0000100,1,Herniation of nucleus pulposus,5,42,2512,0.6755831887410835,0.03127381259768416
0.1,2,SWIax,0000100,1,Spinal cord compression,6,23,2512,0.5760127168235889,0.013840365680869172
0.1,2,SWIax,0000100,1,Lacunar infarct,7,86,2512,0.8102532640579766,0.14056365362069473
0.1,2,SWIax,0000100,1,Silent micro-hemorrhage of brain,8,77,2512,0.7317155124136644,0.1117540581713103
0.1,2,SWIax,0000100,1,Gliosis,11,1027,2512,0.6938761191925749,0.6230826179244457
0.1,2,SWIax,0000100,1,Cerebral atrophy,12,324,2512,0.888609587649807,0.5573291753466487
0.1,2,SWIax,0000100,1,Encephalomalacia,13,84,2512,0.6552865380089433,0.0958305365036576
0.1,2,SWIax,0000100,1,Arachnoid cyst,14,69,2512,0.5839458494248577,0.04484177250533039
0.1,2,SWIax,0000100,1,Empty sella syndrome,15,72,2512,0.5692110655737705,0.04562375589118186
0.1,2,SWIax,0000100,1,Cyst of pineal gland,19,27,2512,0.6530143825918474,0.021410821903116946
0.1,2,SWIax,0000100,1,Cerebral edema,22,197,2512,0.8291324511297979,0.39122908092847103
0.1,2,SWIax,0000100,1,Mastoiditis,24,62,2512,0.6163791968400263,0.058930405346522746
0.1,2,SWIax,0000100,1,Chronic mastoiditis,25,25,2512,0.5342983514274227,0.026431098826872723
0.1,2,SWIax,0000100,1,Ventriculomegaly,26,304,2512,0.8682690932494279,0.5094523188313208
0.1,2,SWIax,0000100,1,Cerebellar degeneration,27,94,2512,0.7392165144395755,0.12959843964353346
0.1,2,SWIax,0000100,1,Mega cisterna magna,28,20,2512,0.7020465489566613,0.019247717469234895
0.1,2,SWIax,0000100,1,Foraminal Spinal Stenosis,33,25,2512,0.5998069963811822,0.012601719499119413
0.1,2,FLAIRsag,0001000,1,Cerebral infarction,0,161,2512,0.7301557946796791,0.17005030620075598
0.1,2,FLAIRsag,0001000,1,Cerebral hemorrhage,1,127,2512,0.7884514435695539,0.2183112290151177
0.1,2,FLAIRsag,0001000,1,Metastatic malignant neoplasm to brain,2,144,2512,0.7834318693693695,0.21395885855651206
0.1,2,FLAIRsag,0001000,1,Intracranial meningioma,3,62,2512,0.6087755102040815,0.04205531304427055
0.1,2,FLAIRsag,0001000,1,Demyelinating disease of central nervous system,4,66,2512,0.7004757303203748,0.07680023257022454
0.1,2,FLAIRsag,0001000,1,Herniation of nucleus pulposus,5,42,2512,0.6844322344322344,0.038354248106892995
0.1,2,FLAIRsag,0001000,1,Spinal cord compression,6,23,2512,0.5564833091690394,0.01028127958814212
0.1,2,FLAIRsag,0001000,1,Lacunar infarct,7,86,2512,0.7960275312026688,0.14596120920478228
0.1,2,FLAIRsag,0001000,1,Silent micro-hemorrhage of brain,8,77,2512,0.6633350222672605,0.06113802716780825
0.1,2,FLAIRsag,0001000,1,Gliosis,11,1027,2512,0.6995701907094312,0.610020721644463
0.1,2,FLAIRsag,0001000,1,Cerebral atrophy,12,324,2512,0.881493048502494,0.5800949298441218
0.1,2,FLAIRsag,0001000,1,Encephalomalacia,13,84,2512,0.7155311053581234,0.1273771789623178
0.1,2,FLAIRsag,0001000,1,Arachnoid cyst,14,69,2512,0.5973351842294161,0.04541189403670419
0.1,2,FLAIRsag,0001000,1,Empty sella syndrome,15,72,2512,0.623098816029144,0.046308298587332604
0.1,2,FLAIRsag,0001000,1,Cyst of pineal gland,19,27,2512,0.5456293315448244,0.020162893048505767
0.1,2,FLAIRsag,0001000,1,Cerebral edema,22,197,2512,0.8316453059389767,0.47271120359226426
0.1,2,FLAIRsag,0001000,1,Mastoiditis,24,62,2512,0.6475905200789993,0.04507024938666891
0.1,2,FLAIRsag,0001000,1,Chronic mastoiditis,25,25,2512,0.701005227181343,0.06287801495099091
0.1,2,FLAIRsag,0001000,1,Ventriculomegaly,26,304,2512,0.8730915689359268,0.5003681995212667
0.1,2,FLAIRsag,0001000,1,Cerebellar degeneration,27,94,2512,0.7642239938053254,0.11112481911174686
0.1,2,FLAIRsag,0001000,1,Mega cisterna magna,28,20,2512,0.5952247191011236,0.010403261786547765
0.1,2,FLAIRsag,0001000,1,Foraminal Spinal Stenosis,33,25,2512,0.592746280659429,0.019546202369602854
0.1,2,FLAIRax,0010000,1,Cerebral infarction,0,161,2512,0.7368398804790349,0.2309569554146367
0.1,2,FLAIRax,0010000,1,Cerebral hemorrhage,1,127,2512,0.7752059294474982,0.22782744110976455
0.1,2,FLAIRax,0010000,1,Metastatic malignant neoplasm to brain,2,144,2512,0.80053784253003,0.2135936538037151
0.1,2,FLAIRax,0010000,1,Intracranial meningioma,3,62,2512,0.6624358130348913,0.06545033975950987
0.1,2,FLAIRax,0010000,1,Demyelinating disease of central nervous system,4,66,2512,0.7985579424663644,0.14491051507628178
0.1,2,FLAIRax,0010000,1,Herniation of nucleus pulposus,5,42,2512,0.6951802583381531,0.030654438434065616
0.1,2,FLAIRax,0010000,1,Spinal cord compression,6,23,2512,0.6336576589166244,0.023876780684266664
0.1,2,FLAIRax,0010000,1,Lacunar infarct,7,86,2512,0.7941774190456106,0.13602099926426903
0.1,2,FLAIRax,0010000,1,Silent micro-hemorrhage of brain,8,77,2512,0.6299474652657404,0.04973222485224536
0.1,2,FLAIRax,0010000,1,Gliosis,11,1027,2512,0.7209354171379488,0.6497036104484246
0.1,2,FLAIRax,0010000,1,Cerebral atrophy,12,324,2512,0.895998374974609,0.6651253578256981
0.1,2,FLAIRax,0010000,1,Encephalomalacia,13,84,2512,0.6608883462775555,0.11749182873932927
0.1,2,FLAIRax,0010000,1,Arachnoid cyst,14,69,2512,0.6691701222659241,0.08156977493744585
0.1,2,FLAIRax,0010000,1,Empty sella syndrome,15,72,2512,0.6065061475409835,0.054589772832877526
0.1,2,FLAIRax,0010000,1,Cyst of pineal gland,19,27,2512,0.6451300394962367,0.015581638140484789
0.1,2,FLAIRax,0010000,1,Cerebral edema,22,197,2512,0.8317176656324345,0.4750634512853163
0.1,2,FLAIRax,0010000,1,Mastoiditis,24,62,2512,0.6485385121790652,0.08358499989958404
0.1,2,FLAIRax,0010000,1,Chronic mastoiditis,25,25,2512,0.6631765178930438,0.05069907051602192
0.1,2,FLAIRax,0010000,1,Ventriculomegaly,26,304,2512,0.8867947296910755,0.5483715655054692
0.1,2,FLAIRax,0010000,1,Cerebellar degeneration,27,94,2512,0.7153573376977632,0.1221043824559686
0.1,2,FLAIRax,0010000,1,Mega cisterna magna,28,20,2512,0.661416532905297,0.020026753915351185
0.1,2,FLAIRax,0010000,1,Foraminal Spinal Stenosis,33,25,2512,0.4966143948532369,0.010489993501848606
0.1,2,T2ax,0100000,1,Cerebral infarction,0,161,2512,0.7537006850527462,0.22998183320053545
0.1,2,T2ax,0100000,1,Cerebral hemorrhage,1,127,2512,0.7879793327720828,0.23695711767484218
0.1,2,T2ax,0100000,1,Metastatic malignant neoplasm to brain,2,144,2512,0.7001044012762763,0.12216361382361444
0.1,2,T2ax,0100000,1,Intracranial meningioma,3,62,2512,0.6132718894009217,0.067916287640827
0.1,2,T2ax,0100000,1,Demyelinating disease of central nervous system,4,66,2512,0.7334361604598727,0.08168029092177534
0.1,2,T2ax,0100000,1,Herniation of nucleus pulposus,5,42,2512,0.6644592249855408,0.027453752347086816
0.1,2,T2ax,0100000,1,Spinal cord compression,6,23,2512,0.5418799238388038,0.012802232933180585
0.1,2,T2ax,0100000,1,Lacunar infarct,7,86,2512,0.8406890469525873,0.17483222432050552
0.1,2,T2ax,0100000,1,Silent micro-hemorrhage of brain,8,77,2512,0.6781567508466894,0.07207347648957968
0.1,2,T2ax,0100000,1,Gliosis,11,1027,2512,0.7321189827518941,0.6517196586371322
0.1,2,T2ax,0100000,1,Cerebral atrophy,12,324,2512,0.8837951678064413,0.6014461412033019
0.1,2,T2ax,0100000,1,Encephalomalacia,13,84,2512,0.6350906095551895,0.09107581015912172
0.1,2,T2ax,0100000,1,Arachnoid cyst,14,69,2512,0.6133762836142306,0.047227142154697685
0.1,2,T2ax,0100000,1,Empty sella syndrome,15,72,2512,0.7051912568306011,0.07731356309401916
0.1,2,T2ax,0100000,1,Cyst of pineal gland,19,27,2512,0.5453908637007228,0.012725187953040926
0.1,2,T2ax,0100000,1,Cerebral edema,22,197,2512,0.8066658626700728,0.3663007472852704
0.1,2,T2ax,0100000,1,Mastoiditis,24,62,2512,0.6181303489137591,0.03274765520661424
0.1,2,T2ax,0100000,1,Chronic mastoiditis,25,25,2512,0.5929392842782468,0.016127538553279468
0.1,2,T2ax,0100000,1,Ventriculomegaly,26,304,2512,0.8874323631769641,0.5623013211857949
0.1,2,T2ax,0100000,1,Cerebellar degeneration,27,94,2512,0.7711578058180665,0.13590170923947315
0.1,2,T2ax,0100000,1,Mega cisterna magna,28,20,2512,0.63053772070626,0.015356238121426289
0.1,2,T2ax,0100000,1,Foraminal Spinal Stenosis,33,25,2512,0.5210776035383997,0.010255457589823543
0.1,2,T1ax,1000000,1,Cerebral infarction,0,161,2512,0.7159210696650824,0.19102025088844665
0.1,2,T1ax,1000000,1,Cerebral hemorrhage,1,127,2512,0.7419567837039238,0.18241921901902902
0.1,2,T1ax,1000000,1,Metastatic malignant neoplasm to brain,2,144,2512,0.6915147569444444,0.13556991780355654
0.1,2,T1ax,1000000,1,Intracranial meningioma,3,62,2512,0.6821988150098749,0.048954289752690984
0.1,2,T1ax,1000000,1,Demyelinating disease of central nervous system,4,66,2512,0.799338437523229,0.15120503877795838
0.1,2,T1ax,1000000,1,Herniation of nucleus pulposus,5,42,2512,0.6644206670522459,0.02889571218081209
0.1,2,T1ax,1000000,1,Spinal cord compression,6,23,2512,0.49745838209862525,0.010561733772817649
0.1,2,T1ax,1000000,1,Lacunar infarct,7,86,2512,0.7545198335857665,0.12309746659995616
0.1,2,T1ax,1000000,1,Silent micro-hemorrhage of brain,8,77,2512,0.6469185844955865,0.047456869353853
0.1,2,T1ax,1000000,1,Gliosis,11,1027,2512,0.7200456365013326,0.6340931477162717
0.1,2,T1ax,1000000,1,Cerebral atrophy,12,324,2512,0.8825411334552101,0.6081521728881475
0.1,2,T1ax,1000000,1,Encephalomalacia,13,84,2512,0.6768798540833137,0.10301142233949047
0.1,2,T1ax,1000000,1,Arachnoid cyst,14,69,2512,0.6256028760077594,0.05295747478728112
0.1,2,T1ax,1000000,1,Empty sella syndrome,15,72,2512,0.6733378870673953,0.05796465295241342
0.1,2,T1ax,1000000,1,Cyst of pineal gland,19,27,2512,0.5585364036068261,0.012458587920549493
0.1,2,T1ax,1000000,1,Cerebral edema,22,197,2512,0.792812270449836,0.3920809246399128
0.1,2,T1ax,1000000,1,Mastoiditis,24,62,2512,0.6145292955892033,0.04314452005053446
0.1,2,T1ax,1000000,1,Chronic mastoiditis,25,25,2512,0.47184559710494567,0.016513987445683914
0.1,2,T1ax,1000000,1,Ventriculomegaly,26,304,2512,0.8835141947940502,0.5349800265115773
0.1,2,T1ax,1000000,1,Cerebellar degeneration,27,94,2512,0.7312091934603946,0.1423852284508133
0.1,2,T1ax,1000000,1,Mega cisterna magna,28,20,2512,0.717736757624398,0.020212282276565654
0.1,2,T1ax,1000000,1,Foraminal Spinal Stenosis,33,25,2512,0.6160836349014878,0.014902455903300398
0.1,2,T1sag+FLAIRcor,0000011,2,Cerebral infarction,0,161,2512,0.7419440914530886,0.18150696093454657
0.1,2,T1sag+FLAIRcor,0000011,2,Cerebral hemorrhage,1,127,2512,0.7779098367421053,0.2331116440263519
0.1,2,T1sag+FLAIRcor,0000011,2,Metastatic malignant neoplasm to brain,2,144,2512,0.719116577515015,0.16714704490887192
0.1,2,T1sag+FLAIRcor,0000011,2,Intracranial meningioma,3,62,2512,0.599710335747202,0.0350227497335129
0.1,2,T1sag+FLAIRcor,0000011,2,Demyelinating disease of central nervous system,4,66,2512,0.7378156049456133,0.1002532176059677
0.1,2,T1sag+FLAIRcor,0000011,2,Herniation of nucleus pulposus,5,42,2512,0.6091382301908618,0.032742335709859
0.1,2,T1sag+FLAIRcor,0000011,2,Spinal cord compression,6,23,2512,0.6366971194997118,0.017232149614116166
0.1,2,T1sag+FLAIRcor,0000011,2,Lacunar infarct,7,86,2512,0.8199591633275177,0.16348017807879658
0.1,2,T1sag+FLAIRcor,0000011,2,Silent micro-hemorrhage of brain,8,77,2512,0.6670097869276513,0.055300730638985995
0.1,2,T1sag+FLAIRcor,0000011,2,Gliosis,11,1027,2512,0.7300574718296238,0.6528975776861856
0.1,2,T1sag+FLAIRcor,0000011,2,Cerebral atrophy,12,324,2512,0.8772527478727965,0.6046060727823562
0.1,2,T1sag+FLAIRcor,0000011,2,Encephalomalacia,13,84,2512,0.6645387149917628,0.1310317751215736
0.1,2,T1sag+FLAIRcor,0000011,2,Arachnoid cyst,14,69,2512,0.5941198455213653,0.045411752086246246
0.1,2,T1sag+FLAIRcor,0000011,2,Empty sella syndrome,15,72,2512,0.6687044626593808,0.05528473689218219
0.1,2,T1sag+FLAIRcor,0000011,2,Cyst of pineal gland,19,27,2512,0.6194649377747969,0.019912355511600612
0.1,2,T1sag+FLAIRcor,0000011,2,Cerebral edema,22,197,2512,0.8255451645086667,0.43306752007149546
0.1,2,T1sag+FLAIRcor,0000011,2,Mastoiditis,24,62,2512,0.5524489795918367,0.03789167590807196
0.1,2,T1sag+FLAIRcor,0000011,2,Chronic mastoiditis,25,25,2512,0.463015681544029,0.010695749116577885
0.1,2,T1sag+FLAIRcor,0000011,2,Ventriculomegaly,26,304,2512,0.8680724399313501,0.5139111016666278
0.1,2,T1sag+FLAIRcor,0000011,2,Cerebellar degeneration,27,94,2512,0.7590940288263555,0.1307894659004409
0.1,2,T1sag+FLAIRcor,0000011,2,Mega cisterna magna,28,20,2512,0.5372592295345104,0.00911616548504468
0.1,2,T1sag+FLAIRcor,0000011,2,Foraminal Spinal Stenosis,33,25,2512,0.6016083634901488,0.014532065404989178
0.1,2,SWIax+FLAIRcor,0000101,2,Cerebral infarction,0,161,2512,0.779528203935949,0.23823537956161656
0.1,2,SWIax+FLAIRcor,0000101,2,Cerebral hemorrhage,1,127,2512,0.8317964971359713,0.2998794185630445
0.1,2,SWIax+FLAIRcor,0000101,2,Metastatic malignant neoplasm to brain,2,144,2512,0.7445511918168168,0.19096881578504757
0.1,2,SWIax+FLAIRcor,0000101,2,Intracranial meningioma,3,62,2512,0.6897366688610929,0.04762505495208197
0.1,2,SWIax+FLAIRcor,0000101,2,Demyelinating disease of central nervous system,4,66,2512,0.6739512871974034,0.06909745614595927
0.1,2,SWIax+FLAIRcor,0000101,2,Herniation of nucleus pulposus,5,42,2512,0.6327164064006169,0.02928748682209018
0.1,2,SWIax+FLAIRcor,0000101,2,Spinal cord compression,6,23,2512,0.5689905147868011,0.013577946976170742
0.1,2,SWIax+FLAIRcor,0000101,2,Lacunar infarct,7,86,2512,0.8380624628539658,0.1980528974913575
0.1,2,SWIax+FLAIRcor,0000101,2,Silent micro-hemorrhage of brain,8,77,2512,0.7508893570495212,0.09941077414966049
0.1,2,SWIax+FLAIRcor,0000101,2,Gliosis,11,1027,2512,0.7093040105698334,0.6414586832565279
0.1,2,SWIax+FLAIRcor,0000101,2,Cerebral atrophy,12,324,2512,0.8861903875234162,0.5759568745134389
0.1,2,SWIax+FLAIRcor,0000101,2,Encephalomalacia,13,84,2512,0.6797285635835882,0.1295114984146369
0.1,2,SWIax+FLAIRcor,0000101,2,Arachnoid cyst,14,69,2512,0.5537086143788523,0.043420157890142225
0.1,2,SWIax+FLAIRcor,0000101,2,Empty sella syndrome,15,72,2512,0.7187955373406192,0.09325233181898396
0.1,2,SWIax+FLAIRcor,0000101,2,Cyst of pineal gland,19,27,2512,0.6374245472837022,0.02119923997662209
0.1,2,SWIax+FLAIRcor,0000101,2,Cerebral edema,22,197,2512,0.836495598118648,0.44576519568450157
0.1,2,SWIax+FLAIRcor,0000101,2,Mastoiditis,24,62,2512,0.6428900592495063,0.057376199101639824
0.1,2,SWIax+FLAIRcor,0000101,2,Chronic mastoiditis,25,25,2512,0.541696823482107,0.013068754932034774
0.1,2,SWIax+FLAIRcor,0000101,2,Ventriculomegaly,26,304,2512,0.8747914282990084,0.49227909891762933
0.1,2,SWIax+FLAIRcor,0000101,2,Cerebellar degeneration,27,94,2512,0.7295021382186789,0.127065580135633
0.1,2,SWIax+FLAIRcor,0000101,2,Mega cisterna magna,28,20,2512,0.6382022471910112,0.012056481873685217
0.1,2,SWIax+FLAIRcor,0000101,2,Foraminal Spinal Stenosis,33,25,2512,0.6469802975472457,0.015925604585950763
0.1,2,SWIax+T1sag,0000110,2,Cerebral infarction,0,161,2512,0.7259445564329703,0.17111437148073327
0.1,2,SWIax+T1sag,0000110,2,Cerebral hemorrhage,1,127,2512,0.7943016556892653,0.2579346117535891
0.1,2,SWIax+T1sag,0000110,2,Metastatic malignant neoplasm to brain,2,144,2512,0.7484633070570571,0.17761594327454677
0.1,2,SWIax+T1sag,0000110,2,Intracranial meningioma,3,62,2512,0.5623238973008557,0.036543048331782804
0.1,2,SWIax+T1sag,0000110,2,Demyelinating disease of central nervous system,4,66,2512,0.69647414455264,0.05812886548279947
0.1,2,SWIax+T1sag,0000110,2,Herniation of nucleus pulposus,5,42,2512,0.6930884904569115,0.039964526222675885
0.1,2,SWIax+T1sag,0000110,2,Spinal cord compression,6,23,2512,0.6262336891016124,0.022634859480761518
0.1,2,SWIax+T1sag,0000110,2,Lacunar infarct,7,86,2512,0.8352010199582047,0.16023811914970085
0.1,2,SWIax+T1sag,0000110,2,Silent micro-hemorrhage of brain,8,77,2512,0.7314808394890531,0.08077775120298025
0.1,2,SWIax+T1sag,0000110,2,Gliosis,11,1027,2512,0.7105347535727282,0.6357500717907593
0.1,2,SWIax+T1sag,0000110,2,Cerebral atrophy,12,324,2512,0.8851606405308416,0.5721751114734772
0.1,2,SWIax+T1sag,0000110,2,Encephalomalacia,13,84,2512,0.7118684788577705,0.12095531573819318
0.1,2,SWIax+T1sag,0000110,2,Arachnoid cyst,14,69,2512,0.5919367373210652,0.04346846693235337
0.1,2,SWIax+T1sag,0000110,2,Empty sella syndrome,15,72,2512,0.6077584244080145,0.041564366899258076
0.1,2,SWIax+T1sag,0000110,2,Cyst of pineal gland,19,27,2512,0.601728891869737,0.0228556443154011
0.1,2,SWIax+T1sag,0000110,2,Cerebral edema,22,197,2512,0.8153205205512493,0.38387359473365795
0.1,2,SWIax+T1sag,0000110,2,Mastoiditis,24,62,2512,0.5715931533903885,0.04047775277227896
0.1,2,SWIax+T1sag,0000110,2,Chronic mastoiditis,25,25,2512,0.473502211499799,0.011862138964387627
0.1,2,SWIax+T1sag,0000110,2,Ventriculomegaly,26,304,2512,0.8807878647025171,0.5263533278081636
0.1,2,SWIax+T1sag,0000110,2,Cerebellar degeneration,27,94,2512,0.7853773999964802,0.13668965041767384
0.1,2,SWIax+T1sag,0000110,2,Mega cisterna magna,28,20,2512,0.5759831460674157,0.010362836671503051
0.1,2,SWIax+T1sag,0000110,2,Foraminal Spinal Stenosis,33,25,2512,0.5834981905910737,0.015164167714921593
0.1,2,FLAIRsag+FLAIRcor,0001001,2,Cerebral infarction,0,161,2512,0.7319047530983248,0.2007875247533503
0.1,2,FLAIRsag+FLAIRcor,0001001,2,Cerebral hemorrhage,1,127,2512,0.783482725036729,0.24381499524375996
0.1,2,FLAIRsag+FLAIRcor,0001001,2,Metastatic malignant neoplasm to brain,2,144,2512,0.7644636824324325,0.21346938998013065
0.1,2,FLAIRsag+FLAIRcor,0001001,2,Intracranial meningioma,3,62,2512,0.6821329822251482,0.050806573541085816
0.1,2,FLAIRsag+FLAIRcor,0001001,2,Demyelinating disease of central nervous system,4,66,2512,0.6668153323917838,0.06005221016763762
0.1,2,FLAIRsag+FLAIRcor,0001001,2,Herniation of nucleus pulposus,5,42,2512,0.655918642760748,0.026840928823690824
0.1,2,FLAIRsag+FLAIRcor,0001001,2,Spinal cord compression,6,23,2512,0.533617482138802,0.00985169901045108
0.1,2,FLAIRsag+FLAIRcor,0001001,2,Lacunar infarct,7,86,2512,0.8087530435782895,0.14944589726771634
0.1,2,FLAIRsag+FLAIRcor,0001001,2,Silent micro-hemorrhage of brain,8,77,2512,0.6815648417291127,0.0798798172036482
0.1,2,FLAIRsag+FLAIRcor,0001001,2,Gliosis,11,1027,2512,0.7211222907425439,0.6408742439922805
0.1,2,FLAIRsag+FLAIRcor,0001001,2,Cerebral atrophy,12,324,2512,0.8805620443722211,0.5982349117654263
0.1,2,FLAIRsag+FLAIRcor,0001001,2,Encephalomalacia,13,84,2512,0.7067741429355927,0.146260842650789
0.1,2,FLAIRsag+FLAIRcor,0001001,2,Arachnoid cyst,14,69,2512,0.6043294357733127,0.05142384902596192
0.1,2,FLAIRsag+FLAIRcor,0001001,2,Empty sella syndrome,15,72,2512,0.7155339253187614,0.06426792450237066
0.1,2,FLAIRsag+FLAIRcor,0001001,2,Cyst of pineal gland,19,27,2512,0.581503837841866,0.01663226013076425
0.1,2,FLAIRsag+FLAIRcor,0001001,2,Cerebral edema,22,197,2512,0.842124305182489,0.482398788620458
0.1,2,FLAIRsag+FLAIRcor,0001001,2,Mastoiditis,24,62,2512,0.6360829493087558,0.056471232144192356
0.1,2,FLAIRsag+FLAIRcor,0001001,2,Chronic mastoiditis,25,25,2512,0.5842541214314436,0.01507221037569691
0.1,2,FLAIRsag+FLAIRcor,0001001,2,Ventriculomegaly,26,304,2512,0.8795930468154081,0.5275481839828421
0.1,2,FLAIRsag+FLAIRcor,0001001,2,Cerebellar degeneration,27,94,2512,0.745965542122028,0.11232785965195467
0.1,2,FLAIRsag+FLAIRcor,0001001,2,Mega cisterna magna,28,20,2512,0.580317014446228,0.010371597604403416
0.1,2,FLAIRsag+FLAIRcor,0001001,2,Foraminal Spinal Stenosis,33,25,2512,0.5603216726980298,0.013000369581091211
0.1,2,FLAIRsag+T1sag,0001010,2,Cerebral infarction,0,161,2512,0.7268560226783369,0.16784578561530242
0.1,2,FLAIRsag+T1sag,0001010,2,Cerebral hemorrhage,1,127,2512,0.7659254857293782,0.2123452763547898
0.1,2,FLAIRsag+T1sag,0001010,2,Metastatic malignant neoplasm to brain,2,144,2512,0.7255624765390389,0.15781301965954164
0.1,2,FLAIRsag+T1sag,0001010,2,Intracranial meningioma,3,62,2512,0.5728505595786701,0.033961523445161096
0.1,2,FLAIRsag+T1sag,0001010,2,Demyelinating disease of central nervous system,4,66,2512,0.7445613122228003,0.10171549357551872
0.1,2,FLAIRsag+T1sag,0001010,2,Herniation of nucleus pulposus,5,42,2512,0.6784268363215731,0.03310104063553375
0.1,2,FLAIRsag+T1sag,0001010,2,Spinal cord compression,6,23,2512,0.6400859433682113,0.019088176823308885
0.1,2,FLAIRsag+T1sag,0001010,2,Lacunar infarct,7,86,2512,0.7964349393201557,0.13587662791630561
0.1,2,FLAIRsag+T1sag,0001010,2,Silent micro-hemorrhage of brain,8,77,2512,0.6449931998186618,0.04721218365769128
0.1,2,FLAIRsag+T1sag,0001010,2,Gliosis,11,1027,2512,0.7217314331238381,0.6433362926555231
0.1,2,FLAIRsag+T1sag,0001010,2,Cerebral atrophy,12,324,2512,0.8776364344234545,0.5808173430074555
0.1,2,FLAIRsag+T1sag,0001010,2,Encephalomalacia,13,84,2512,0.7098532988154076,0.14814567389240627
0.1,2,FLAIRsag+T1sag,0001010,2,Arachnoid cyst,14,69,2512,0.5969911073934993,0.03953874578164644
0.1,2,FLAIRsag+T1sag,0001010,2,Empty sella syndrome,15,72,2512,0.624903233151184,0.04404127459899933
0.1,2,FLAIRsag+T1sag,0001010,2,Cyst of pineal gland,19,27,2512,0.6065429614725389,0.024296400463954367
0.1,2,FLAIRsag+T1sag,0001010,2,Cerebral edema,22,197,2512,0.8262336779555097,0.42953401231374955
0.1,2,FLAIRsag+T1sag,0001010,2,Mastoiditis,24,62,2512,0.5476234364713627,0.04097547675180703
0.1,2,FLAIRsag+T1sag,0001010,2,Chronic mastoiditis,25,25,2512,0.5480820265379975,0.020569653794285728
0.1,2,FLAIRsag+T1sag,0001010,2,Ventriculomegaly,26,304,2512,0.8675182351258581,0.5166987249755148
0.1,2,FLAIRsag+T1sag,0001010,2,Cerebellar degeneration,27,94,2512,0.7704054696161766,0.11920175635284865
0.1,2,FLAIRsag+T1sag,0001010,2,Mega cisterna magna,28,20,2512,0.541171749598716,0.009314463464914706
0.1,2,FLAIRsag+T1sag,0001010,2,Foraminal Spinal Stenosis,33,25,2512,0.6040691596300765,0.015930809322959892
0.1,2,FLAIRsag+SWIax,0001100,2,Cerebral infarction,0,161,2512,0.7579224910240389,0.20647597413107582
0.1,2,FLAIRsag+SWIax,0001100,2,Cerebral hemorrhage,1,127,2512,0.8164545469552156,0.2669316366150132
0.1,2,FLAIRsag+SWIax,0001100,2,Metastatic malignant neoplasm to brain,2,144,2512,0.7770123639264264,0.20062498916369942
0.1,2,FLAIRsag+SWIax,0001100,2,Intracranial meningioma,3,62,2512,0.6424489795918367,0.041331873302065274
0.1,2,FLAIRsag+SWIax,0001100,2,Demyelinating disease of central nervous system,4,66,2512,0.6274374984513986,0.04717965510181346
0.1,2,FLAIRsag+SWIax,0001100,2,Herniation of nucleus pulposus,5,42,2512,0.7339502602660497,0.03599547260397929
0.1,2,FLAIRsag+SWIax,0001100,2,Spinal cord compression,6,23,2512,0.583262004995895,0.012632013457056994
0.1,2,FLAIRsag+SWIax,0001100,2,Lacunar infarct,7,86,2512,0.826635863417627,0.16202488861506525
0.1,2,FLAIRsag+SWIax,0001100,2,Silent micro-hemorrhage of brain,8,77,2512,0.7432571535240939,0.08859722440004711
0.1,2,FLAIRsag+SWIax,0001100,2,Gliosis,11,1027,2512,0.71161862047938,0.628924421948944
0.1,2,FLAIRsag+SWIax,0001100,2,Cerebral atrophy,12,324,2512,0.8892979664612813,0.60152562021486
0.1,2,FLAIRsag+SWIax,0001100,2,Encephalomalacia,13,84,2512,0.7435818231740803,0.18227095563065437
0.1,2,FLAIRsag+SWIax,0001100,2,Arachnoid cyst,14,69,2512,0.6016064828821772,0.04598736663810782
0.1,2,FLAIRsag+SWIax,0001100,2,Empty sella syndrome,15,72,2512,0.6272427140255009,0.05873324285578725
0.1,2,FLAIRsag+SWIax,0001100,2,Cyst of pineal gland,19,27,2512,0.6939116178552798,0.030210073315761775
0.1,2,FLAIRsag+SWIax,0001100,2,Cerebral edema,22,197,2512,0.8319347447128087,0.4575766929145364
0.1,2,FLAIRsag+SWIax,0001100,2,Mastoiditis,24,62,2512,0.6483607636603029,0.047015444585053384
0.1,2,FLAIRsag+SWIax,0001100,2,Chronic mastoiditis,25,25,2512,0.5642460796139928,0.033167232249217866
0.1,2,FLAIRsag+SWIax,0001100,2,Ventriculomegaly,26,304,2512,0.8883277316933639,0.5255086498540821
0.1,2,FLAIRsag+SWIax,0001100,2,Cerebellar degeneration,27,94,2512,0.724059799728983,0.10056785327103292
0.1,2,FLAIRsag+SWIax,0001100,2,Mega cisterna magna,28,20,2512,0.6682584269662921,0.015337543704693741
0.1,2,FLAIRsag+SWIax,0001100,2,Foraminal Spinal Stenosis,33,25,2512,0.5898673100120627,0.026936324430535993
0.1,2,FLAIRax+FLAIRcor,0010001,2,Cerebral infarction,0,161,2512,0.7444037293500058,0.21687016008658727
0.1,2,FLAIRax+FLAIRcor,0010001,2,Cerebral hemorrhage,1,127,2512,0.785001403126496,0.2581511267702016
0.1,2,FLAIRax+FLAIRcor,0010001,2,Metastatic malignant neoplasm to brain,2,144,2512,0.7941388654279279,0.2290715816098967
0.1,2,FLAIRax+FLAIRcor,0010001,2,Intracranial meningioma,3,62,2512,0.6863923633969717,0.06321775865832553
0.1,2,FLAIRax+FLAIRcor,0010001,2,Demyelinating disease of central nervous system,4,66,2512,0.7582633365544241,0.10907141184840066
0.1,2,FLAIRax+FLAIRcor,0010001,2,Herniation of nucleus pulposus,5,42,2512,0.6867939078465394,0.033456830506246774
0.1,2,FLAIRax+FLAIRcor,0010001,2,Spinal cord compression,6,23,2512,0.602267367722326,0.016430848578576365
0.1,2,FLAIRax+FLAIRcor,0010001,2,Lacunar infarct,7,86,2512,0.8118014149044269,0.1673182159767219
0.1,2,FLAIRax+FLAIRcor,0010001,2,Silent micro-hemorrhage of brain,8,77,2512,0.6807434864929731,0.06107980656947244
0.1,2,FLAIRax+FLAIRcor,0010001,2,Gliosis,11,1027,2512,0.7338513338513339,0.6690815826351424
0.1,2,FLAIRax+FLAIRcor,0010001,2,Cerebral atrophy,12,324,2512,0.8970083733947231,0.655582704937032
0.1,2,FLAIRax+FLAIRcor,0010001,2,Encephalomalacia,13,84,2512,0.6959578724405742,0.14044591695806205
0.1,2,FLAIRax+FLAIRcor,0010001,2,Arachnoid cyst,14,69,2512,0.6558638404907248,0.06161484609325191
0.1,2,FLAIRax+FLAIRcor,0010001,2,Empty sella syndrome,15,72,2512,0.7223360655737705,0.09465334996521307
0.1,2,FLAIRax+FLAIRcor,0010001,2,Cyst of pineal gland,19,27,2512,0.652149936656979,0.017176944614098865
0.1,2,FLAIRax+FLAIRcor,0010001,2,Cerebral edema,22,197,2512,0.8395105853460658,0.49818187955899723
0.1,2,FLAIRax+FLAIRcor,0010001,2,Mastoiditis,24,62,2512,0.6523370638578012,0.08981915603810163
0.1,2,FLAIRax+FLAIRcor,0010001,2,Chronic mastoiditis,25,25,2512,0.5722878970647366,0.016936630756632706
0.1,2,FLAIRax+FLAIRcor,0010001,2,Ventriculomegaly,26,304,2512,0.8822031726735318,0.554485663135313
0.1,2,FLAIRax+FLAIRcor,0010001,2,Cerebellar degeneration,27,94,2512,0.7181774985481231,0.1235648033367843
0.1,2,FLAIRax+FLAIRcor,0010001,2,Mega cisterna magna,28,20,2512,0.6025481540930979,0.01166851210336344
0.1,2,FLAIRax+FLAIRcor,0010001,2,Foraminal Spinal Stenosis,33,25,2512,0.5721592279855248,0.012429639164229199
0.1,2,FLAIRax+T1sag,0010010,2,Cerebral infarction,0,161,2512,0.7178074085033196,0.15772470726909643
0.1,2,FLAIRax+T1sag,0010010,2,Cerebral hemorrhage,1,127,2512,0.7841991449182059,0.23205661811430003
0.1,2,FLAIRax+T1sag,0010010,2,Metastatic malignant neoplasm to brain,2,144,2512,0.7772850975975976,0.19128948869405443
0.1,2,FLAIRax+T1sag,0010010,2,Intracranial meningioma,3,62,2512,0.5954838709677419,0.0415527713384028
0.1,2,FLAIRax+T1sag,0010010,2,Demyelinating disease of central nervous system,4,66,2512,0.7637453851681161,0.1321762021363757
0.1,2,FLAIRax+T1sag,0010010,2,Herniation of nucleus pulposus,5,42,2512,0.7154520917678813,0.04049029118129877
0.1,2,FLAIRax+T1sag,0010010,2,Spinal cord compression,6,23,2512,0.6662357852813248,0.026136727992573668
0.1,2,FLAIRax+T1sag,0010010,2,Lacunar infarct,7,86,2512,0.8121177553250638,0.1438199890099537
0.1,2,FLAIRax+T1sag,0010010,2,Silent micro-hemorrhage of brain,8,77,2512,0.6700018667164458,0.052942510447776175
0.1,2,FLAIRax+T1sag,0010010,2,Gliosis,11,1027,2512,0.7293571875850358,0.6528624080698231
0.1,2,FLAIRax+T1sag,0010010,2,Cerebral atrophy,12,324,2512,0.8839785474078589,0.6096606035501233
0.1,2,FLAIRax+T1sag,0010010,2,Encephalomalacia,13,84,2512,0.6733790303600847,0.13618122233688618
0.1,2,FLAIRax+T1sag,0010010,2,Arachnoid cyst,14,69,2512,0.6505365818932531,0.05923563113654107
0.1,2,FLAIRax+T1sag,0010010,2,Empty sella syndrome,15,72,2512,0.5991234061930784,0.040181949802640594
0.1,2,FLAIRax+T1sag,0010010,2,Cyst of pineal gland,19,27,2512,0.6596914822266935,0.017504074575071193
0.1,2,FLAIRax+T1sag,0010010,2,Cerebral edema,22,197,2512,0.8366183903257283,0.4675651717663763
0.1,2,FLAIRax+T1sag,0010010,2,Mastoiditis,24,62,2512,0.6057867017774853,0.05924879754847749
0.1,2,FLAIRax+T1sag,0010010,2,Chronic mastoiditis,25,25,2512,0.5914595898673101,0.032964865766702905
0.1,2,FLAIRax+T1sag,0010010,2,Ventriculomegaly,26,304,2512,0.8759594298245613,0.5083703080184887
0.1,2,FLAIRax+T1sag,0010010,2,Cerebellar degeneration,27,94,2512,0.7689975890044525,0.14245762638032428
0.1,2,FLAIRax+T1sag,0010010,2,Mega cisterna magna,28,20,2512,0.6090489566613162,0.012301973566714634
0.1,2,FLAIRax+T1sag,0010010,2,Foraminal Spinal Stenosis,33,25,2512,0.550960997185364,0.011875889826344577
0.1,2,FLAIRax+SWIax,0010100,2,Cerebral infarction,0,161,2512,0.7731030273889004,0.24436233708694555
0.1,2,FLAIRax+SWIax,0010100,2,Cerebral hemorrhage,1,127,2512,0.8161376054408294,0.29385661651063705
0.1,2,FLAIRax+SWIax,0010100,2,Metastatic malignant neoplasm to brain,2,144,2512,0.7734287021396395,0.19392441307602354
0.1,2,FLAIRax+SWIax,0010100,2,Intracranial meningioma,3,62,2512,0.677228439763002,0.07656197315146954
0.1,2,FLAIRax+SWIax,0010100,2,Demyelinating disease of central nervous system,4,66,2512,0.7627976411704949,0.11904424448411985
0.1,2,FLAIRax+SWIax,0010100,2,Herniation of nucleus pulposus,5,42,2512,0.7110661268556004,0.036049540570310755
0.1,2,FLAIRax+SWIax,0010100,2,Spinal cord compression,6,23,2512,0.643666917043688,0.02389644356691997
0.1,2,FLAIRax+SWIax,0010100,2,Lacunar infarct,7,86,2512,0.828212772484135,0.17389972706646772
0.1,2,FLAIRax+SWIax,0010100,2,Silent micro-hemorrhage of brain,8,77,2512,0.7169524520653884,0.07929224688578944
0.1,2,FLAIRax+SWIax,0010100,2,Gliosis,11,1027,2512,0.7131490169464852,0.6322089093274051
0.1,2,FLAIRax+SWIax,0010100,2,Cerebral atrophy,12,324,2512,0.9010399034012684,0.6139519988715483
0.1,2,FLAIRax+SWIax,0010100,2,Encephalomalacia,13,84,2512,0.632501765121205,0.12167386389987336
0.1,2,FLAIRax+SWIax,0010100,2,Arachnoid cyst,14,69,2512,0.6087015845331529,0.054018923991386636
0.1,2,FLAIRax+SWIax,0010100,2,Empty sella syndrome,15,72,2512,0.6148224043715846,0.0493290778632753
0.1,2,FLAIRax+SWIax,0010100,2,Cyst of pineal gland,19,27,2512,0.6793203666443103,0.020114898066145834
0.1,2,FLAIRax+SWIax,0010100,2,Cerebral edema,22,197,2512,0.8266568725263401,0.466465025512292
0.1,2,FLAIRax+SWIax,0010100,2,Mastoiditis,24,62,2512,0.7046938775510204,0.11638073334404916
0.1,2,FLAIRax+SWIax,0010100,2,Chronic mastoiditis,25,25,2512,0.6108886208283072,0.04959835386649387
0.1,2,FLAIRax+SWIax,0010100,2,Ventriculomegaly,26,304,2512,0.8883113439168574,0.530188949113689
0.1,2,FLAIRax+SWIax,0010100,2,Cerebellar degeneration,27,94,2512,0.6852110940992204,0.09932739327063264
0.1,2,FLAIRax+SWIax,0010100,2,Mega cisterna magna,28,20,2512,0.7311597110754414,0.026827613264616176
0.1,2,FLAIRax+SWIax,0010100,2,Foraminal Spinal Stenosis,33,25,2512,0.5431443506232408,0.01339344589288964
0.1,2,FLAIRax+FLAIRsag,0011000,2,Cerebral infarction,0,161,2512,0.7340579269823069,0.19030297978708752
0.1,2,FLAIRax+FLAIRsag,0011000,2,Cerebral hemorrhage,1,127,2512,0.7759883788111391,0.2300620136947405
0.1,2,FLAIRax+FLAIRsag,0011000,2,Metastatic malignant neoplasm to brain,2,144,2512,0.8068898977102101,0.24349089892423034
0.1,2,FLAIRax+FLAIRsag,0011000,2,Intracranial meningioma,3,62,2512,0.6476826859776168,0.06516059932538086
0.1,2,FLAIRax+FLAIRsag,0011000,2,Demyelinating disease of central nervous system,4,66,2512,0.7221871205926806,0.11623656478241762
0.1,2,FLAIRax+FLAIRsag,0011000,2,Herniation of nucleus pulposus,5,42,2512,0.7230190861769809,0.038480621721819486
0.1,2,FLAIRax+FLAIRsag,0011000,2,Spinal cord compression,6,23,2512,0.5923629185808863,0.013151164998955474
0.1,2,FLAIRax+FLAIRsag,0011000,2,Lacunar infarct,7,86,2512,0.8081922582871603,0.14408850917193242
0.1,2,FLAIRax+FLAIRsag,0011000,2,Silent micro-hemorrhage of brain,8,77,2512,0.662225659350916,0.06839508431703253
0.1,2,FLAIRax+FLAIRsag,0011000,2,Gliosis,11,1027,2512,0.7202364442870772,0.6372607412641025
0.1,2,FLAIRax+FLAIRsag,0011000,2,Cerebral atrophy,12,324,2512,0.9000426004920216,0.6457158607032252
0.1,2,FLAIRax+FLAIRsag,0011000,2,Encephalomalacia,13,84,2512,0.7032880285557386,0.13496309096610262
0.1,2,FLAIRax+FLAIRsag,0011000,2,Arachnoid cyst,14,69,2512,0.6945724845313733,0.07368821704117723
0.1,2,FLAIRax+FLAIRsag,0011000,2,Empty sella syndrome,15,72,2512,0.6164332877959927,0.046525764742208875
0.1,2,FLAIRax+FLAIRsag,0011000,2,Cyst of pineal gland,19,27,2512,0.6255309635591326,0.016043927129369938
0.1,2,FLAIRax+FLAIRsag,0011000,2,Cerebral edema,22,197,2512,0.8284066614772341,0.5073378620923001
0.1,2,FLAIRax+FLAIRsag,0011000,2,Mastoiditis,24,62,2512,0.6639565503620803,0.10277957100039378
0.1,2,FLAIRax+FLAIRsag,0011000,2,Chronic mastoiditis,25,25,2512,0.6486851628468034,0.0939676718469129
0.1,2,FLAIRax+FLAIRsag,0011000,2,Ventriculomegaly,26,304,2512,0.8820690908657512,0.5427016839595062
0.1,2,FLAIRax+FLAIRsag,0011000,2,Cerebellar degeneration,27,94,2512,0.7440209070270841,0.1220384761870323
0.1,2,FLAIRax+FLAIRsag,0011000,2,Mega cisterna magna,28,20,2512,0.5944422150882824,0.011904738575000007
0.1,2,FLAIRax+FLAIRsag,0011000,2,Foraminal Spinal Stenosis,33,25,2512,0.507535182951347,0.011583635256653787
0.1,2,T2ax+FLAIRcor,0100001,2,Cerebral infarction,0,161,2512,0.7630187762046545,0.21695453646065344
0.1,2,T2ax+FLAIRcor,0100001,2,Cerebral hemorrhage,1,127,2512,0.81562587695406,0.2760333877717201
0.1,2,T2ax+FLAIRcor,0100001,2,Metastatic malignant neoplasm to brain,2,144,2512,0.7322723113738739,0.18495938866933548
0.1,2,T2ax+FLAIRcor,0100001,2,Intracranial meningioma,3,62,2512,0.6106846609611587,0.043066419686362094
0.1,2,T2ax+FLAIRcor,0100001,2,Demyelinating disease of central nervous system,4,66,2512,0.7696424589310935,0.08805918867939098
0.1,2,T2ax+FLAIRcor,0100001,2,Herniation of nucleus pulposus,5,42,2512,0.6114227877385772,0.026341328783645417
0.1,2,T2ax+FLAIRcor,0100001,2,Spinal cord compression,6,23,2512,0.4607053644732475,0.009388212998514969
0.1,2,T2ax+FLAIRcor,0100001,2,Lacunar infarct,7,86,2512,0.8614141375409804,0.18572999342506655
0.1,2,T2ax+FLAIRcor,0100001,2,Silent micro-hemorrhage of brain,8,77,2512,0.6986479639457052,0.07420916541400258
0.1,2,T2ax+FLAIRcor,0100001,2,Gliosis,11,1027,2512,0.7371035902681473,0.6803042570126947
0.1,2,T2ax+FLAIRcor,0100001,2,Cerebral atrophy,12,324,2512,0.8860592005777868,0.6177603476985823
0.1,2,T2ax+FLAIRcor,0100001,2,Encephalomalacia,13,84,2512,0.63696850239272,0.10441240945510866
0.1,2,T2ax+FLAIRcor,0100001,2,Arachnoid cyst,14,69,2512,0.6489229801799877,0.05583569465508605
0.1,2,T2ax+FLAIRcor,0100001,2,Empty sella syndrome,15,72,2512,0.7510075136612022,0.09824280929296382
0.1,2,T2ax+FLAIRcor,0100001,2,Cyst of pineal gland,19,27,2512,0.6005663611297414,0.016748623851403126
0.1,2,T2ax+FLAIRcor,0100001,2,Cerebral edema,22,197,2512,0.8439793445965946,0.4318891243798755
0.1,2,T2ax+FLAIRcor,0100001,2,Mastoiditis,24,62,2512,0.6121922317314022,0.033419098024820015
0.1,2,T2ax+FLAIRcor,0100001,2,Chronic mastoiditis,25,25,2512,0.5714837153196622,0.013418035644084106
0.1,2,T2ax+FLAIRcor,0100001,2,Ventriculomegaly,26,304,2512,0.8813316409229596,0.5584904482762307
0.1,2,T2ax+FLAIRcor,0100001,2,Cerebellar degeneration,27,94,2512,0.7461063301832005,0.13567352930147947
0.1,2,T2ax+FLAIRcor,0100001,2,Mega cisterna magna,28,20,2512,0.5318418940609951,0.010020306972127933
0.1,2,T2ax+FLAIRcor,0100001,2,Foraminal Spinal Stenosis,33,25,2512,0.5704061117812625,0.01396670109295466
0.1,2,T2ax+T1sag,0100010,2,Cerebral infarction,0,161,2512,0.7529715120564529,0.2061222351628479
0.1,2,T2ax+T1sag,0100010,2,Cerebral hemorrhage,1,127,2512,0.7680681424255931,0.19979190689450493
0.1,2,T2ax+T1sag,0100010,2,Metastatic malignant neoplasm to brain,2,144,2512,0.7496304898648648,0.14950052849454942
0.1,2,T2ax+T1sag,0100010,2,Intracranial meningioma,3,62,2512,0.6148847926267281,0.05004703662317987
0.1,2,T2ax+T1sag,0100010,2,Demyelinating disease of central nervous system,4,66,2512,0.7684159666988775,0.09740750375585325
0.1,2,T2ax+T1sag,0100010,2,Herniation of nucleus pulposus,5,42,2512,0.7140447272026219,0.03262543002977985
0.1,2,T2ax+T1sag,0100010,2,Spinal cord compression,6,23,2512,0.5589987248240083,0.013007374931660421
0.1,2,T2ax+T1sag,0100010,2,Lacunar infarct,7,86,2512,0.8451561571349144,0.15672995124356112
0.1,2,T2ax+T1sag,0100010,2,Silent micro-hemorrhage of brain,8,77,2512,0.6240379743459825,0.05190240149151139
0.1,2,T2ax+T1sag,0100010,2,Gliosis,11,1027,2512,0.7362282349624123,0.676259253357995
0.1,2,T2ax+T1sag,0100010,2,Cerebral atrophy,12,324,2512,0.8804562484483265,0.5990850274432578
0.1,2,T2ax+T1sag,0100010,2,Encephalomalacia,13,84,2512,0.6781693731858476,0.10901097624132478
0.1,2,T2ax+T1sag,0100010,2,Arachnoid cyst,14,69,2512,0.5991979450307593,0.03961460703371773
0.1,2,T2ax+T1sag,0100010,2,Empty sella syndrome,15,72,2512,0.6290698998178506,0.054592680572663733
0.1,2,T2ax+T1sag,0100010,2,Cyst of pineal gland,19,27,2512,0.5581339891199046,0.012892960264456035
0.1,2,T2ax+T1sag,0100010,2,Cerebral edema,22,197,2512,0.818320158752782,0.3980350336818213
0.1,2,T2ax+T1sag,0100010,2,Mastoiditis,24,62,2512,0.5812771560236998,0.04045537293034798
0.1,2,T2ax+T1sag,0100010,2,Chronic mastoiditis,25,25,2512,0.5102694008846,0.018620731914861258
0.1,2,T2ax+T1sag,0100010,2,Ventriculomegaly,26,304,2512,0.8866263825324181,0.563157368973785
0.1,2,T2ax+T1sag,0100010,2,Cerebellar degeneration,27,94,2512,0.8083258539675836,0.1533451679116913
0.1,2,T2ax+T1sag,0100010,2,Mega cisterna magna,28,20,2512,0.5568418940609952,0.01252655255951126
0.1,2,T2ax+T1sag,0100010,2,Foraminal Spinal Stenosis,33,25,2512,0.5217209489344592,0.011691101010417908
0.1,2,T2ax+SWIax,0100100,2,Cerebral infarction,0,161,2512,0.7796550166309566,0.24375501730905624
0.1,2,T2ax+SWIax,0100100,2,Cerebral hemorrhage,1,127,2512,0.821083213654897,0.2956150261262641
0.1,2,T2ax+SWIax,0100100,2,Metastatic malignant neoplasm to brain,2,144,2512,0.7289291244369369,0.14823356770535956
0.1,2,T2ax+SWIax,0100100,2,Intracranial meningioma,3,62,2512,0.63550362080316,0.05024142786086633
0.1,2,T2ax+SWIax,0100100,2,Demyelinating disease of central nervous system,4,66,2512,0.7527069550781734,0.07396707674743683
0.1,2,T2ax+SWIax,0100100,2,Herniation of nucleus pulposus,5,42,2512,0.67468671679198,0.03578604450751108
0.1,2,T2ax+SWIax,0100100,2,Spinal cord compression,6,23,2512,0.4747148322182822,0.010009570671301597
0.1,2,T2ax+SWIax,0100100,2,Lacunar infarct,7,86,2512,0.820189229087981,0.1502023604214723
0.1,2,T2ax+SWIax,0100100,2,Silent micro-hemorrhage of brain,8,77,2512,0.7163284354249446,0.0784565231879547
0.1,2,T2ax+SWIax,0100100,2,Gliosis,11,1027,2512,0.7252577708273911,0.6532193519046994
0.1,2,T2ax+SWIax,0100100,2,Cerebral atrophy,12,324,2512,0.8869295483783601,0.5789868959984178
0.1,2,T2ax+SWIax,0100100,2,Encephalomalacia,13,84,2512,0.6387924609712089,0.10040774175342125
0.1,2,T2ax+SWIax,0100100,2,Arachnoid cyst,14,69,2512,0.6358717898521062,0.047013226768463666
0.1,2,T2ax+SWIax,0100100,2,Empty sella syndrome,15,72,2512,0.6504838342440802,0.05979551121058149
0.1,2,T2ax+SWIax,0100100,2,Cyst of pineal gland,19,27,2512,0.7096355913257322,0.022098979718270073
0.1,2,T2ax+SWIax,0100100,2,Cerebral edema,22,197,2512,0.8109021938143426,0.41447292081353665
0.1,2,T2ax+SWIax,0100100,2,Mastoiditis,24,62,2512,0.6503028308097433,0.055859331835921754
0.1,2,T2ax+SWIax,0100100,2,Chronic mastoiditis,25,25,2512,0.5876477683956574,0.020768664721246416
0.1,2,T2ax+SWIax,0100100,2,Ventriculomegaly,26,304,2512,0.8901214483218916,0.5641282883835812
0.1,2,T2ax+SWIax,0100100,2,Cerebellar degeneration,27,94,2512,0.7900718019111979,0.15821932218024534
0.1,2,T2ax+SWIax,0100100,2,Mega cisterna magna,28,20,2512,0.7619582664526485,0.0257550627576515
0.1,2,T2ax+SWIax,0100100,2,Foraminal Spinal Stenosis,33,25,2512,0.5438681141938078,0.012379704481939341
0.1,2,T2ax+FLAIRsag,0101000,2,Cerebral infarction,0,161,2512,0.7681837515950658,0.2065973405599264
0.1,2,T2ax+FLAIRsag,0101000,2,Cerebral hemorrhage,1,127,2512,0.8032222387295928,0.235689193323746
0.1,2,T2ax+FLAIRsag,0101000,2,Metastatic malignant neoplasm to brain,2,144,2512,0.7420174080330331,0.17248065086160722
0.1,2,T2ax+FLAIRsag,0101000,2,Intracranial meningioma,3,62,2512,0.6084134298880843,0.042156660334908336
0.1,2,T2ax+FLAIRsag,0101000,2,Demyelinating disease of central nervous system,4,66,2512,0.7156644119031691,0.07378124049352905
0.1,2,T2ax+FLAIRsag,0101000,2,Herniation of nucleus pulposus,5,42,2512,0.6798727588201273,0.029391537486762667
0.1,2,T2ax+FLAIRsag,0101000,2,Spinal cord compression,6,23,2512,0.4429751777385714,0.008230033083121775
0.1,2,T2ax+FLAIRsag,0101000,2,Lacunar infarct,7,86,2512,0.837233267508963,0.15806339776143646
0.1,2,T2ax+FLAIRsag,0101000,2,Silent micro-hemorrhage of brain,8,77,2512,0.6666417771140564,0.055657901029080664
0.1,2,T2ax+FLAIRsag,0101000,2,Gliosis,11,1027,2512,0.736233480537278,0.6623163693905996
0.1,2,T2ax+FLAIRsag,0101000,2,Cerebral atrophy,12,324,2512,0.891088033493579,0.6334363660461836
0.1,2,T2ax+FLAIRsag,0101000,2,Encephalomalacia,13,84,2512,0.6300354985486781,0.10923686624966952
0.1,2,T2ax+FLAIRsag,0101000,2,Arachnoid cyst,14,69,2512,0.6257571173479981,0.04610412296665376
0.1,2,T2ax+FLAIRsag,0101000,2,Empty sella syndrome,15,72,2512,0.6902607012750455,0.06089780458292366
0.1,2,T2ax+FLAIRsag,0101000,2,Cyst of pineal gland,19,27,2512,0.6115507861986734,0.01776259476094437
0.1,2,T2ax+FLAIRsag,0101000,2,Cerebral edema,22,197,2512,0.8275449233096884,0.4320785290037371
0.1,2,T2ax+FLAIRsag,0101000,2,Mastoiditis,24,62,2512,0.6605990783410137,0.041996505448989606
0.1,2,T2ax+FLAIRsag,0101000,2,Chronic mastoiditis,25,25,2512,0.7010213108162445,0.02164058980519774
0.1,2,T2ax+FLAIRsag,0101000,2,Ventriculomegaly,26,304,2512,0.8760607360793289,0.5169913553280798
0.1,2,T2ax+FLAIRsag,0101000,2,Cerebellar degeneration,27,94,2512,0.7608890766063038,0.1223095957575184
0.1,2,T2ax+FLAIRsag,0101000,2,Mega cisterna magna,28,20,2512,0.515308988764045,0.01151602334739537
0.1,2,T2ax+FLAIRsag,0101000,2,Foraminal Spinal Stenosis,33,25,2512,0.5026940088459992,0.01704121595474429
0.1,2,T2ax+FLAIRax,0110000,2,Cerebral infarction,0,161,2512,0.7560810650152836,0.2283704733167482
0.1,2,T2ax+FLAIRax,0110000,2,Cerebral hemorrhage,1,127,2512,0.7999966985258917,0.2599426104183473
0.1,2,T2ax+FLAIRax,0110000,2,Metastatic malignant neoplasm to brain,2,144,2512,0.740697728978979,0.17596101841353276
0.1,2,T2ax+FLAIRax,0110000,2,Intracranial meningioma,3,62,2512,0.630309414088216,0.05480958719155888
0.1,2,T2ax+FLAIRax,0110000,2,Demyelinating disease of central nervous system,4,66,2512,0.7772058276964245,0.11268718639793507
0.1,2,T2ax+FLAIRax,0110000,2,Herniation of nucleus pulposus,5,42,2512,0.6931945247734721,0.03176896718060084
0.1,2,T2ax+FLAIRax,0110000,2,Spinal cord compression,6,23,2512,0.5321501563400702,0.010910074234883934
0.1,2,T2ax+FLAIRax,0110000,2,Lacunar infarct,7,86,2512,0.8394284783067161,0.16641752008016902
0.1,2,T2ax+FLAIRax,0110000,2,Silent micro-hemorrhage of brain,8,77,2512,0.6722365929758127,0.05424673506086916
0.1,2,T2ax+FLAIRax,0110000,2,Gliosis,11,1027,2512,0.7396306459597599,0.6632865792393267
0.1,2,T2ax+FLAIRax,0110000,2,Cerebral atrophy,12,324,2512,0.8968912925722797,0.6467335683686161
0.1,2,T2ax+FLAIRax,0110000,2,Encephalomalacia,13,84,2512,0.6308150937475485,0.09436836928190019
0.1,2,T2ax+FLAIRax,0110000,2,Arachnoid cyst,14,69,2512,0.627542757479222,0.0571539384589967
0.1,2,T2ax+FLAIRax,0110000,2,Empty sella syndrome,15,72,2512,0.6918032786885248,0.05936144752512302
0.1,2,T2ax+FLAIRax,0110000,2,Cyst of pineal gland,19,27,2512,0.6653401892838512,0.01694676443538602
0.1,2,T2ax+FLAIRax,0110000,2,Cerebral edema,22,197,2512,0.8159125544068151,0.4653152397718752
0.1,2,T2ax+FLAIRax,0110000,2,Mastoiditis,24,62,2512,0.6690190915075708,0.05752768064178461
0.1,2,T2ax+FLAIRax,0110000,2,Chronic mastoiditis,25,25,2512,0.6663771612384399,0.028166536469480738
0.1,2,T2ax+FLAIRax,0110000,2,Ventriculomegaly,26,304,2512,0.884171195652174,0.5510275070960837
0.1,2,T2ax+FLAIRax,0110000,2,Cerebellar degeneration,27,94,2512,0.7519050384527393,0.12771059708812993
0.1,2,T2ax+FLAIRax,0110000,2,Mega cisterna magna,28,20,2512,0.6634831460674158,0.020468517147049285
0.1,2,T2ax+FLAIRax,0110000,2,Foraminal Spinal Stenosis,33,25,2512,0.4615199034981906,0.010330657097727796
0.1,2,T1ax+FLAIRcor,1000001,2,Cerebral infarction,0,161,2512,0.7605749898946135,0.1965639968967806
0.1,2,T1ax+FLAIRcor,1000001,2,Cerebral hemorrhage,1,127,2512,0.787038412651249,0.243305205888122
0.1,2,T1ax+FLAIRcor,1000001,2,Metastatic malignant neoplasm to brain,2,144,2512,0.7204010651276277,0.1676372976654875
0.1,2,T1ax+FLAIRcor,1000001,2,Intracranial meningioma,3,62,2512,0.7073601053324556,0.06582152009172154
0.1,2,T1ax+FLAIRcor,1000001,2,Demyelinating disease of central nervous system,4,66,2512,0.7559528234098962,0.09671870814642684
0.1,2,T1ax+FLAIRcor,1000001,2,Herniation of nucleus pulposus,5,42,2512,0.6566030460767304,0.030621518859116025
0.1,2,T1ax+FLAIRcor,1000001,2,Spinal cord compression,6,23,2512,0.5305954897199853,0.011145608951454345
0.1,2,T1ax+FLAIRcor,1000001,2,Lacunar infarct,7,86,2512,0.8083024981307158,0.13690252691020224
0.1,2,T1ax+FLAIRcor,1000001,2,Silent micro-hemorrhage of brain,8,77,2512,0.6806421504573456,0.07455595035041689
0.1,2,T1ax+FLAIRcor,1000001,2,Gliosis,11,1027,2512,0.7275900845521098,0.6480166790784838
0.1,2,T1ax+FLAIRcor,1000001,2,Cerebral atrophy,12,324,2512,0.8964892680614801,0.6181048485538696
0.1,2,T1ax+FLAIRcor,1000001,2,Encephalomalacia,13,84,2512,0.7234496352082843,0.1218698745999692
0.1,2,T1ax+FLAIRcor,1000001,2,Arachnoid cyst,14,69,2512,0.6417151637034532,0.06208297854770514
0.1,2,T1ax+FLAIRcor,1000001,2,Empty sella syndrome,15,72,2512,0.7720059198542806,0.09321520492555255
0.1,2,T1ax+FLAIRcor,1000001,2,Cyst of pineal gland,19,27,2512,0.623012146955809,0.020151726100116372
0.1,2,T1ax+FLAIRcor,1000001,2,Cerebral edema,22,197,2512,0.826284110469132,0.43001865035916687
0.1,2,T1ax+FLAIRcor,1000001,2,Mastoiditis,24,62,2512,0.5762870309414089,0.042098667152079855
0.1,2,T1ax+FLAIRcor,1000001,2,Chronic mastoiditis,25,25,2512,0.4943626859670286,0.01179810234115355
0.1,2,T1ax+FLAIRcor,1000001,2,Ventriculomegaly,26,304,2512,0.8810426201372997,0.5240345386773717
0.1,2,T1ax+FLAIRcor,1000001,2,Cerebellar degeneration,27,94,2512,0.749696425743097,0.13351884733509578
0.1,2,T1ax+FLAIRcor,1000001,2,Mega cisterna magna,28,20,2512,0.5129815409309791,0.008120594560223172
0.1,2,T1ax+FLAIRcor,1000001,2,Foraminal Spinal Stenosis,33,25,2512,0.6602332127060716,0.01584058307216458
0.1,2,T1ax+T1sag,1000010,2,Cerebral infarction,0,161,2512,0.7219763758516925,0.17476712995996804
0.1,2,T1ax+T1sag,1000010,2,Cerebral hemorrhage,1,127,2512,0.7770712623186252,0.213130310516128
0.1,2,T1ax+T1sag,1000010,2,Metastatic malignant neoplasm to brain,2,144,2512,0.7054622982357358,0.13780161920503645
0.1,2,T1ax+T1sag,1000010,2,Intracranial meningioma,3,62,2512,0.6189269256089532,0.0399251066895811
0.1,2,T1ax+T1sag,1000010,2,Demyelinating disease of central nervous system,4,66,2512,0.7658081221041155,0.14835562832887328
0.1,2,T1ax+T1sag,1000010,2,Herniation of nucleus pulposus,5,42,2512,0.6890399074609601,0.031904487984298714
0.1,2,T1ax+T1sag,1000010,2,Spinal cord compression,6,23,2512,0.6375879958775132,0.015471832377254307
0.1,2,T1ax+T1sag,1000010,2,Lacunar infarct,7,86,2512,0.7903861270346442,0.1308329123772922
0.1,2,T1ax+T1sag,1000010,2,Silent micro-hemorrhage of brain,8,77,2512,0.6732819541854449,0.052677557863114635
0.1,2,T1ax+T1sag,1000010,2,Gliosis,11,1027,2512,0.7281179205229839,0.646201424665382
0.1,2,T1ax+T1sag,1000010,2,Cerebral atrophy,12,324,2512,0.8844511025345883,0.5958447579321807
0.1,2,T1ax+T1sag,1000010,2,Encephalomalacia,13,84,2512,0.6679512826547422,0.10547769837004028
0.1,2,T1ax+T1sag,1000010,2,Arachnoid cyst,14,69,2512,0.6280588727330972,0.05402041783599826
0.1,2,T1ax+T1sag,1000010,2,Empty sella syndrome,15,72,2512,0.6240038706739526,0.04045615976117045
0.1,2,T1ax+T1sag,1000010,2,Cyst of pineal gland,19,27,2512,0.5841269841269842,0.016284713502401134
0.1,2,T1ax+T1sag,1000010,2,Cerebral edema,22,197,2512,0.8200874894475447,0.39833761575962173
0.1,2,T1ax+T1sag,1000010,2,Mastoiditis,24,62,2512,0.5982620144832126,0.04554958887782359
0.1,2,T1ax+T1sag,1000010,2,Chronic mastoiditis,25,25,2512,0.3722396461600322,0.014977696593407915
0.1,2,T1ax+T1sag,1000010,2,Ventriculomegaly,26,304,2512,0.8854405034324941,0.525951973150687
0.1,2,T1ax+T1sag,1000010,2,Cerebellar degeneration,27,94,2512,0.7708762296957219,0.1315123690317907
0.1,2,T1ax+T1sag,1000010,2,Mega cisterna magna,28,20,2512,0.6643258426966293,0.01279150433846352
0.1,2,T1ax+T1sag,1000010,2,Foraminal Spinal Stenosis,33,25,2512,0.5922637716123844,0.014181524946219683
0.1,2,T1ax+SWIax,1000100,2,Cerebral infarction,0,161,2512,0.7346867065950526,0.20503100195931162
0.1,2,T1ax+SWIax,1000100,2,Cerebral hemorrhage,1,127,2512,0.8066161541128114,0.2629153335204254
0.1,2,T1ax+SWIax,1000100,2,Metastatic malignant neoplasm to brain,2,144,2512,0.7195183464714714,0.1588918165397823
0.1,2,T1ax+SWIax,1000100,2,Intracranial meningioma,3,62,2512,0.6808953258722844,0.05167793884461441
0.1,2,T1ax+SWIax,1000100,2,Demyelinating disease of central nervous system,4,66,2512,0.7274957258604029,0.07508714399213465
0.1,2,T1ax+SWIax,1000100,2,Herniation of nucleus pulposus,5,42,2512,0.6703489492963177,0.03464762243179348
0.1,2,T1ax+SWIax,1000100,2,Spinal cord compression,6,23,2512,0.5365696019005363,0.012805440261884432
0.1,2,T1ax+SWIax,1000100,2,Lacunar infarct,7,86,2512,0.811863724381219,0.1513592958680513
0.1,2,T1ax+SWIax,1000100,2,Silent micro-hemorrhage of brain,8,77,2512,0.7190911757646871,0.08200964061665636
0.1,2,T1ax+SWIax,1000100,2,Gliosis,11,1027,2512,0.7140060127401899,0.6330238631950031
0.1,2,T1ax+SWIax,1000100,2,Cerebral atrophy,12,324,2512,0.88549354503803,0.5754824306985675
0.1,2,T1ax+SWIax,1000100,2,Encephalomalacia,13,84,2512,0.6852690829214718,0.09316589901345504
0.1,2,T1ax+SWIax,1000100,2,Arachnoid cyst,14,69,2512,0.6436194510194759,0.055016289364733836
0.1,2,T1ax+SWIax,1000100,2,Empty sella syndrome,15,72,2512,0.647165300546448,0.05044142340582934
0.1,2,T1ax+SWIax,1000100,2,Cyst of pineal gland,19,27,2512,0.6039794321484462,0.029632323963015458
0.1,2,T1ax+SWIax,1000100,2,Cerebral edema,22,197,2512,0.8160770082555833,0.41607487331009907
0.1,2,T1ax+SWIax,1000100,2,Mastoiditis,24,62,2512,0.6049111257406188,0.0567240977651525
0.1,2,T1ax+SWIax,1000100,2,Chronic mastoiditis,25,25,2512,0.5249376759147567,0.013774757244968924
0.1,2,T1ax+SWIax,1000100,2,Ventriculomegaly,26,304,2512,0.8842620733218916,0.5142185225097197
0.1,2,T1ax+SWIax,1000100,2,Cerebellar degeneration,27,94,2512,0.7331054326593104,0.14608601253649178
0.1,2,T1ax+SWIax,1000100,2,Mega cisterna magna,28,20,2512,0.717435794542536,0.022402385997987835
0.1,2,T1ax+SWIax,1000100,2,Foraminal Spinal Stenosis,33,25,2512,0.607977482911138,0.013428182925946715
0.1,2,T1ax+FLAIRsag,1001000,2,Cerebral infarction,0,161,2512,0.7136859959155744,0.1510693060499477
0.1,2,T1ax+FLAIRsag,1001000,2,Cerebral hemorrhage,1,127,2512,0.7759454596477326,0.20339894056975902
0.1,2,T1ax+FLAIRsag,1001000,2,Metastatic malignant neoplasm to brain,2,144,2512,0.7255419481981983,0.17557608258168464
0.1,2,T1ax+FLAIRsag,1001000,2,Intracranial meningioma,3,62,2512,0.6858854509545753,0.05250818437596053
0.1,2,T1ax+FLAIRsag,1001000,2,Demyelinating disease of central nervous system,4,66,2512,0.7223419807230109,0.08696102613526599
0.1,2,T1ax+FLAIRsag,1001000,2,Herniation of nucleus pulposus,5,42,2512,0.6762868710237131,0.03229406254739173
0.1,2,T1ax+FLAIRsag,1001000,2,Spinal cord compression,6,23,2512,0.4853354760948172,0.009329832274094462
0.1,2,T1ax+FLAIRsag,1001000,2,Lacunar infarct,7,86,2512,0.7765773883701759,0.1270233045214181
0.1,2,T1ax+FLAIRsag,1001000,2,Silent micro-hemorrhage of brain,8,77,2512,0.6347742606469506,0.051743704027870756
0.1,2,T1ax+FLAIRsag,1001000,2,Gliosis,11,1027,2512,0.7235641058425868,0.638487623779494
0.1,2,T1ax+FLAIRsag,1001000,2,Cerebral atrophy,12,324,2512,0.8955455684203397,0.6258750638001802
0.1,2,T1ax+FLAIRsag,1001000,2,Encephalomalacia,13,84,2512,0.7526574880364008,0.1278062983231217
0.1,2,T1ax+FLAIRsag,1001000,2,Arachnoid cyst,14,69,2512,0.6419880522284908,0.05364199595374721
0.1,2,T1ax+FLAIRsag,1001000,2,Empty sella syndrome,15,72,2512,0.6504610655737705,0.05951743448109452
0.1,2,T1ax+FLAIRsag,1001000,2,Cyst of pineal gland,19,27,2512,0.5879871823533795,0.015388358308031766
0.1,2,T1ax+FLAIRsag,1001000,2,Cerebral edema,22,197,2512,0.8317856398899255,0.447274433854774
0.1,2,T1ax+FLAIRsag,1001000,2,Mastoiditis,24,62,2512,0.6050427913100724,0.04135651677137282
0.1,2,T1ax+FLAIRsag,1001000,2,Chronic mastoiditis,25,25,2512,0.5662565339766787,0.016499732519939848
0.1,2,T1ax+FLAIRsag,1001000,2,Ventriculomegaly,26,304,2512,0.8954236389206712,0.5330316017864327
0.1,2,T1ax+FLAIRsag,1001000,2,Cerebellar degeneration,27,94,2512,0.7801462435985429,0.14314337577242628
0.1,2,T1ax+FLAIRsag,1001000,2,Mega cisterna magna,28,20,2512,0.5861556982343499,0.010600500669930672
0.1,2,T1ax+FLAIRsag,1001000,2,Foraminal Spinal Stenosis,33,25,2512,0.6606996381182146,0.01579001979465661
0.1,2,T1ax+FLAIRax,1010000,2,Cerebral infarction,0,161,2512,0.7270330320651183,0.19129643154983045
0.1,2,T1ax+FLAIRax,1010000,2,Cerebral hemorrhage,1,127,2512,0.7746512817973226,0.22470553037262253
0.1,2,T1ax+FLAIRax,1010000,2,Metastatic malignant neoplasm to brain,2,144,2512,0.7637012012012012,0.16746511384075777
0.1,2,T1ax+FLAIRax,1010000,2,Intracranial meningioma,3,62,2512,0.737083607636603,0.08599419782418194
0.1,2,T1ax+FLAIRax,1010000,2,Demyelinating disease of central nervous system,4,66,2512,0.8163358854282812,0.18673349620166935
0.1,2,T1ax+FLAIRax,1010000,2,Herniation of nucleus pulposus,5,42,2512,0.7042606516290726,0.032328821166756117
0.1,2,T1ax+FLAIRax,1010000,2,Spinal cord compression,6,23,2512,0.5576362080109001,0.014057414440074278
0.1,2,T1ax+FLAIRax,1010000,2,Lacunar infarct,7,86,2512,0.7858135700454381,0.157944405343721
0.1,2,T1ax+FLAIRax,1010000,2,Silent micro-hemorrhage of brain,8,77,2512,0.6734792927811408,0.05868481112125228
0.1,2,T1ax+FLAIRax,1010000,2,Gliosis,11,1027,2512,0.732063904215803,0.6495561907988308
0.1,2,T1ax+FLAIRax,1010000,2,Cerebral atrophy,12,324,2512,0.8911303518631368,0.6313408421813449
0.1,2,T1ax+FLAIRax,1010000,2,Encephalomalacia,13,84,2512,0.6518494547736723,0.13477028650695622
0.1,2,T1ax+FLAIRax,1010000,2,Arachnoid cyst,14,69,2512,0.6381201540040458,0.0601527035495735
0.1,2,T1ax+FLAIRax,1010000,2,Empty sella syndrome,15,72,2512,0.6936646174863388,0.0761498435865043
0.1,2,T1ax+FLAIRax,1010000,2,Cyst of pineal gland,19,27,2512,0.591430061852597,0.014103892842527095
0.1,2,T1ax+FLAIRax,1010000,2,Cerebral edema,22,197,2512,0.842983850632051,0.47071698864700373
0.1,2,T1ax+FLAIRax,1010000,2,Mastoiditis,24,62,2512,0.6517314022383147,0.05873381318492159
0.1,2,T1ax+FLAIRax,1010000,2,Chronic mastoiditis,25,25,2512,0.5277683956574186,0.022497948881230943
0.1,2,T1ax+FLAIRax,1010000,2,Ventriculomegaly,26,304,2512,0.8995027054729214,0.5577158813941344
0.1,2,T1ax+FLAIRax,1010000,2,Cerebellar degeneration,27,94,2512,0.7577433433644827,0.15723480869274764
0.1,2,T1ax+FLAIRax,1010000,2,Mega cisterna magna,28,20,2512,0.6677969502407705,0.017539857989267604
0.1,2,T1ax+FLAIRax,1010000,2,Foraminal Spinal Stenosis,33,25,2512,0.6563892239646161,0.020436578876837072
0.1,2,T1ax+T2ax,1100000,2,Cerebral infarction,0,161,2512,0.7537825849182718,0.24170036905561046
0.1,2,T1ax+T2ax,1100000,2,Cerebral hemorrhage,1,127,2512,0.771554499083841,0.19890831774132472
0.1,2,T1ax+T2ax,1100000,2,Metastatic malignant neoplasm to brain,2,144,2512,0.7041044951201202,0.14782491643051346
0.1,2,T1ax+T2ax,1100000,2,Intracranial meningioma,3,62,2512,0.6732521395655036,0.05112684807021625
0.1,2,T1ax+T2ax,1100000,2,Demyelinating disease of central nervous system,4,66,2512,0.8315555390371415,0.12438282561359036
0.1,2,T1ax+T2ax,1100000,2,Herniation of nucleus pulposus,5,42,2512,0.6836417967996916,0.032557641364992444
0.1,2,T1ax+T2ax,1100000,2,Spinal cord compression,6,23,2512,0.44601463832165883,0.009513406718822979
0.1,2,T1ax+T2ax,1100000,2,Lacunar infarct,7,86,2512,0.7917425564140417,0.13581266984967524
0.1,2,T1ax+T2ax,1100000,2,Silent micro-hemorrhage of brain,8,77,2512,0.6441451772047255,0.059452737136848344
0.1,2,T1ax+T2ax,1100000,2,Gliosis,11,1027,2512,0.7386464449755589,0.6539386654242336
0.1,2,T1ax+T2ax,1100000,2,Cerebral atrophy,12,324,2512,0.892325140496987,0.6184029168371534
0.1,2,T1ax+T2ax,1100000,2,Encephalomalacia,13,84,2512,0.6388807170314583,0.08872895873847388
0.1,2,T1ax+T2ax,1100000,2,Arachnoid cyst,14,69,2512,0.5984504677665261,0.04912842033681599
0.1,2,T1ax+T2ax,1100000,2,Empty sella syndrome,15,72,2512,0.6820810564663025,0.05878972539945623
0.1,2,T1ax+T2ax,1100000,2,Cyst of pineal gland,19,27,2512,0.5514717937253149,0.013816685053971062
0.1,2,T1ax+T2ax,1100000,2,Cerebral edema,22,197,2512,0.8188727236846434,0.429957888222402
0.1,2,T1ax+T2ax,1100000,2,Mastoiditis,24,62,2512,0.5668992758393679,0.04127605671005106
0.1,2,T1ax+T2ax,1100000,2,Chronic mastoiditis,25,25,2512,0.5339123441897868,0.015213685416341188
0.1,2,T1ax+T2ax,1100000,2,Ventriculomegaly,26,304,2512,0.8866695866704803,0.5595105324756934
0.1,2,T1ax+T2ax,1100000,2,Cerebellar degeneration,27,94,2512,0.7591116273340022,0.13023352177239983
0.1,2,T1ax+T2ax,1100000,2,Mega cisterna magna,28,20,2512,0.6770264847512037,0.019468506453861247
0.1,2,T1ax+T2ax,1100000,2,Foraminal Spinal Stenosis,33,25,2512,0.5563490148773622,0.013331862754728838
0.1,2,SWIax+T1sag+FLAIRcor,0000111,3,Cerebral infarction,0,161,2512,0.7655048334130315,0.1980988280219935
0.1,2,SWIax+T1sag+FLAIRcor,0000111,3,Cerebral hemorrhage,1,127,2512,0.8107132834810742,0.3008366468340091
0.1,2,SWIax+T1sag+FLAIRcor,0000111,3,Metastatic malignant neoplasm to brain,2,144,2512,0.7280464057807807,0.16756132446888033
0.1,2,SWIax+T1sag+FLAIRcor,0000111,3,Intracranial meningioma,3,62,2512,0.6039433838051349,0.03621214245591097
0.1,2,SWIax+T1sag+FLAIRcor,0000111,3,Demyelinating disease of central nervous system,4,66,2512,0.6945167125052653,0.0691642837591291
0.1,2,SWIax+T1sag+FLAIRcor,0000111,3,Herniation of nucleus pulposus,5,42,2512,0.6360420281472913,0.03334288553313854
0.1,2,SWIax+T1sag+FLAIRcor,0000111,3,Spinal cord compression,6,23,2512,0.5852708438870159,0.015383624514359085
0.1,2,SWIax+T1sag+FLAIRcor,0000111,3,Lacunar infarct,7,86,2512,0.8557248030061926,0.2018790649924403
0.1,2,SWIax+T1sag+FLAIRcor,0000111,3,Silent micro-hemorrhage of brain,8,77,2512,0.7459772260593616,0.0809174726450859
0.1,2,SWIax+T1sag+FLAIRcor,0000111,3,Gliosis,11,1027,2512,0.7239280175989038,0.6508735693252798
0.1,2,SWIax+T1sag+FLAIRcor,0000111,3,Cerebral atrophy,12,324,2512,0.8896266391315142,0.5971149312852808
0.1,2,SWIax+T1sag+FLAIRcor,0000111,3,Encephalomalacia,13,84,2512,0.6764532831254412,0.12355131943643874
0.1,2,SWIax+T1sag+FLAIRcor,0000111,3,Arachnoid cyst,14,69,2512,0.5760558116357294,0.048318222349718026
0.1,2,SWIax+T1sag+FLAIRcor,0000111,3,Empty sella syndrome,15,72,2512,0.68422131147541,0.05543012386980972
0.1,2,SWIax+T1sag+FLAIRcor,0000111,3,Cyst of pineal gland,19,27,2512,0.6177658543855727,0.023089052830275535
0.1,2,SWIax+T1sag+FLAIRcor,0000111,3,Cerebral edema,22,197,2512,0.8266546798083565,0.4285030999765263
0.1,2,SWIax+T1sag+FLAIRcor,0000111,3,Mastoiditis,24,62,2512,0.5940882159315339,0.042398414163122816
0.1,2,SWIax+T1sag+FLAIRcor,0000111,3,Chronic mastoiditis,25,25,2512,0.4295295536791315,0.01120582190092649
0.1,2,SWIax+T1sag+FLAIRcor,0000111,3,Ventriculomegaly,26,304,2512,0.876768390064836,0.5130637580894117
0.1,2,SWIax+T1sag+FLAIRcor,0000111,3,Cerebellar degeneration,27,94,2512,0.7737579853228447,0.1304216691326862
0.1,2,SWIax+T1sag+FLAIRcor,0000111,3,Mega cisterna magna,28,20,2512,0.5321829855537721,0.009275193583166561
0.1,2,SWIax+T1sag+FLAIRcor,0000111,3,Foraminal Spinal Stenosis,33,25,2512,0.6265540812223562,0.01897354916738903
0.1,2,FLAIRsag+T1sag+FLAIRcor,0001011,3,Cerebral infarction,0,161,2512,0.7375241406458465,0.18112318123544144
0.1,2,FLAIRsag+T1sag+FLAIRcor,0001011,3,Cerebral hemorrhage,1,127,2512,0.7649350434969213,0.22242699132983204
0.1,2,FLAIRsag+T1sag+FLAIRcor,0001011,3,Metastatic malignant neoplasm to brain,2,144,2512,0.7311109938063063,0.17857712714870125
0.1,2,FLAIRsag+T1sag+FLAIRcor,0001011,3,Intracranial meningioma,3,62,2512,0.6362146148782093,0.03837137199041371
0.1,2,FLAIRsag+T1sag+FLAIRcor,0001011,3,Demyelinating disease of central nervous system,4,66,2512,0.7288523006020962,0.07803526856490459
0.1,2,FLAIRsag+T1sag+FLAIRcor,0001011,3,Herniation of nucleus pulposus,5,42,2512,0.636996336996337,0.02629443453396264
0.1,2,FLAIRsag+T1sag+FLAIRcor,0001011,3,Spinal cord compression,6,23,2512,0.6083986933813126,0.013520951333189415
0.1,2,FLAIRsag+T1sag+FLAIRcor,0001011,3,Lacunar infarct,7,86,2512,0.8232280143407656,0.1550967650143435
0.1,2,FLAIRsag+T1sag+FLAIRcor,0001011,3,Silent micro-hemorrhage of brain,8,77,2512,0.6506360169604523,0.058212994856572955
0.1,2,FLAIRsag+T1sag+FLAIRcor,0001011,3,Gliosis,11,1027,2512,0.7297827348460261,0.6498306849426594
0.1,2,FLAIRsag+T1sag+FLAIRcor,0001011,3,Cerebral atrophy,12,324,2512,0.8832591351253752,0.610126966089023
0.1,2,FLAIRsag+T1sag+FLAIRcor,0001011,3,Encephalomalacia,13,84,2512,0.7002382913626736,0.15940775654255565
0.1,2,FLAIRsag+T1sag+FLAIRcor,0001011,3,Arachnoid cyst,14,69,2512,0.6012980002017002,0.048214548460568676
0.1,2,FLAIRsag+T1sag+FLAIRcor,0001011,3,Empty sella syndrome,15,72,2512,0.6918829690346084,0.0576436728564447
0.1,2,FLAIRsag+T1sag+FLAIRcor,0001011,3,Cyst of pineal gland,19,27,2512,0.6317311275057754,0.02104957489547578
0.1,2,FLAIRsag+T1sag+FLAIRcor,0001011,3,Cerebral edema,22,197,2512,0.8451568341537754,0.4687340316589788
0.1,2,FLAIRsag+T1sag+FLAIRcor,0001011,3,Mastoiditis,24,62,2512,0.5512969058591178,0.053384567138255984
0.1,2,FLAIRsag+T1sag+FLAIRcor,0001011,3,Chronic mastoiditis,25,25,2512,0.5263691194209892,0.01114093953219036
0.1,2,FLAIRsag+T1sag+FLAIRcor,0001011,3,Ventriculomegaly,26,304,2512,0.8794589650076278,0.5323993714609749
0.1,2,FLAIRsag+T1sag+FLAIRcor,0001011,3,Cerebellar degeneration,27,94,2512,0.7534581067525475,0.12474787648035596
0.1,2,FLAIRsag+T1sag+FLAIRcor,0001011,3,Mega cisterna magna,28,20,2512,0.5021869983948635,0.00863692692084888
0.1,2,FLAIRsag+T1sag+FLAIRcor,0001011,3,Foraminal Spinal Stenosis,33,25,2512,0.602637716123844,0.015164713651467706
0.1,2,FLAIRsag+SWIax+FLAIRcor,0001101,3,Cerebral infarction,0,161,2512,0.7682894288409057,0.22324077492955144
0.1,2,FLAIRsag+SWIax+FLAIRcor,0001101,3,Cerebral hemorrhage,1,127,2512,0.8199276977170306,0.2728154704038139
0.1,2,FLAIRsag+SWIax+FLAIRcor,0001101,3,Metastatic malignant neoplasm to brain,2,144,2512,0.7512991507132132,0.1973672559014571
0.1,2,FLAIRsag+SWIax+FLAIRcor,0001101,3,Intracranial meningioma,3,62,2512,0.704845292955892,0.048572890945013054
0.1,2,FLAIRsag+SWIax+FLAIRcor,0001101,3,Demyelinating disease of central nervous system,4,66,2512,0.6653720359771054,0.04940864812499832
0.1,2,FLAIRsag+SWIax+FLAIRcor,0001101,3,Herniation of nucleus pulposus,5,42,2512,0.6852033930981299,0.028636279680560085
0.1,2,FLAIRsag+SWIax+FLAIRcor,0001101,3,Spinal cord compression,6,23,2512,0.557321781054029,0.011177180393166722
0.1,2,FLAIRsag+SWIax+FLAIRcor,0001101,3,Lacunar infarct,7,86,2512,0.8331783584807991,0.21212656552290649
0.1,2,FLAIRsag+SWIax+FLAIRcor,0001101,3,Silent micro-hemorrhage of brain,8,77,2512,0.7472145923891303,0.09640984679693981
0.1,2,FLAIRsag+SWIax+FLAIRcor,0001101,3,Gliosis,11,1027,2512,0.7208514879400956,0.6439554025884088
0.1,2,FLAIRsag+SWIax+FLAIRcor,0001101,3,Cerebral atrophy,12,324,2512,0.8880975353781568,0.5960958006417247
0.1,2,FLAIRsag+SWIax+FLAIRcor,0001101,3,Encephalomalacia,13,84,2512,0.7312406840825291,0.1691562920844683
0.1,2,FLAIRsag+SWIax+FLAIRcor,0001101,3,Arachnoid cyst,14,69,2512,0.5715056920986907,0.0540672992092702
0.1,2,FLAIRsag+SWIax+FLAIRcor,0001101,3,Empty sella syndrome,15,72,2512,0.7077242714025501,0.07391892183139182
0.1,2,FLAIRsag+SWIax+FLAIRcor,0001101,3,Cyst of pineal gland,19,27,2512,0.6554586779938892,0.02169531184326281
0.1,2,FLAIRsag+SWIax+FLAIRcor,0001101,3,Cerebral edema,22,197,2512,0.8385677166131278,0.4630564931078334
0.1,2,FLAIRsag+SWIax+FLAIRcor,0001101,3,Mastoiditis,24,62,2512,0.6640684660961159,0.046805315584533075
0.1,2,FLAIRsag+SWIax+FLAIRcor,0001101,3,Chronic mastoiditis,25,25,2512,0.5401527945315642,0.012718142761451846
0.1,2,FLAIRsag+SWIax+FLAIRcor,0001101,3,Ventriculomegaly,26,304,2512,0.8859321367276888,0.5124010593723713
0.1,2,FLAIRsag+SWIax+FLAIRcor,0001101,3,Cerebellar degeneration,27,94,2512,0.7265675870686166,0.10413072583102509
0.1,2,FLAIRsag+SWIax+FLAIRcor,0001101,3,Mega cisterna magna,28,20,2512,0.618940609951846,0.01193115913743345
0.1,2,FLAIRsag+SWIax+FLAIRcor,0001101,3,Foraminal Spinal Stenosis,33,25,2512,0.591491757137113,0.016927795219294457
0.1,2,FLAIRsag+SWIax+T1sag,0001110,3,Cerebral infarction,0,161,2512,0.7534232822824173,0.17817599303297638
0.1,2,FLAIRsag+SWIax+T1sag,0001110,3,Cerebral hemorrhage,1,127,2512,0.7968206804338137,0.2736496845620419
0.1,2,FLAIRsag+SWIax+T1sag,0001110,3,Metastatic malignant neoplasm to brain,2,144,2512,0.7684403153153153,0.18266046199797065
0.1,2,FLAIRsag+SWIax+T1sag,0001110,3,Intracranial meningioma,3,62,2512,0.5658130348913759,0.037686459744138506
0.1,2,FLAIRsag+SWIax+T1sag,0001110,3,Demyelinating disease of central nervous system,4,66,2512,0.6872816472162342,0.056951427609511
0.1,2,FLAIRsag+SWIax+T1sag,0001110,3,Herniation of nucleus pulposus,5,42,2512,0.6850009639483323,0.03869924607489246
0.1,2,FLAIRsag+SWIax+T1sag,0001110,3,Spinal cord compression,6,23,2512,0.6154732999109124,0.016594045314290817
0.1,2,FLAIRsag+SWIax+T1sag,0001110,3,Lacunar infarct,7,86,2512,0.841729135911348,0.16842237748587063
0.1,2,FLAIRsag+SWIax+T1sag,0001110,3,Silent micro-hemorrhage of brain,8,77,2512,0.7361636310301609,0.06995902777331245
0.1,2,FLAIRsag+SWIax+T1sag,0001110,3,Gliosis,11,1027,2512,0.7228907051691862,0.641554492476385
0.1,2,FLAIRsag+SWIax+T1sag,0001110,3,Cerebral atrophy,12,324,2512,0.8958037104746428,0.5942943309226771
0.1,2,FLAIRsag+SWIax+T1sag,0001110,3,Encephalomalacia,13,84,2512,0.740350670746058,0.19036235226106765
0.1,2,FLAIRsag+SWIax+T1sag,0001110,3,Arachnoid cyst,14,69,2512,0.5814305291071207,0.04332990865889967
0.1,2,FLAIRsag+SWIax+T1sag,0001110,3,Empty sella syndrome,15,72,2512,0.634306693989071,0.04983461880175476
0.1,2,FLAIRsag+SWIax+T1sag,0001110,3,Cyst of pineal gland,19,27,2512,0.6218049034950444,0.026953548717556744
0.1,2,FLAIRsag+SWIax+T1sag,0001110,3,Cerebral edema,22,197,2512,0.8318799267632193,0.4376913502469753
0.1,2,FLAIRsag+SWIax+T1sag,0001110,3,Mastoiditis,24,62,2512,0.5839236339697169,0.040761440400264026
0.1,2,FLAIRsag+SWIax+T1sag,0001110,3,Chronic mastoiditis,25,25,2512,0.47871330920788097,0.017394791911165636
0.1,2,FLAIRsag+SWIax+T1sag,0001110,3,Ventriculomegaly,26,304,2512,0.891641042143402,0.548521090545971
0.1,2,FLAIRsag+SWIax+T1sag,0001110,3,Cerebellar degeneration,27,94,2512,0.7676777009309611,0.12034059722843062
0.1,2,FLAIRsag+SWIax+T1sag,0001110,3,Mega cisterna magna,28,20,2512,0.5642455858747993,0.011122106312862284
0.1,2,FLAIRsag+SWIax+T1sag,0001110,3,Foraminal Spinal Stenosis,33,25,2512,0.6182549256131886,0.021863219199725732
0.1,2,FLAIRax+T1sag+FLAIRcor,0010011,3,Cerebral infarction,0,161,2512,0.726589187632592,0.17276314786510522
0.1,2,FLAIRax+T1sag+FLAIRcor,0010011,3,Cerebral hemorrhage,1,127,2512,0.7849749913336304,0.24283091848568622
0.1,2,FLAIRax+T1sag+FLAIRcor,0010011,3,Metastatic malignant neoplasm to brain,2,144,2512,0.7709565033783784,0.20409038364033055
0.1,2,FLAIRax+T1sag+FLAIRcor,0010011,3,Intracranial meningioma,3,62,2512,0.6432718894009216,0.04478360325530449
0.1,2,FLAIRax+T1sag+FLAIRcor,0010011,3,Demyelinating disease of central nervous system,4,66,2512,0.7489903119502466,0.11763885360931078
0.1,2,FLAIRax+T1sag+FLAIRcor,0010011,3,Herniation of nucleus pulposus,5,42,2512,0.6733661075766338,0.033735500195290494
0.1,2,FLAIRax+T1sag+FLAIRcor,0010011,3,Spinal cord compression,6,23,2512,0.6340070222020369,0.017412041018114794
0.1,2,FLAIRax+T1sag+FLAIRcor,0010011,3,Lacunar infarct,7,86,2512,0.818401426407715,0.15676059438913284
0.1,2,FLAIRax+T1sag+FLAIRcor,0010011,3,Silent micro-hemorrhage of brain,8,77,2512,0.6635110269607188,0.06110067821271861
0.1,2,FLAIRax+T1sag+FLAIRcor,0010011,3,Gliosis,11,1027,2512,0.7375494641317427,0.6607565452791859
0.1,2,FLAIRax+T1sag+FLAIRcor,0010011,3,Cerebral atrophy,12,324,2512,0.8898086081206129,0.6351803218515071
0.1,2,FLAIRax+T1sag+FLAIRcor,0010011,3,Encephalomalacia,13,84,2512,0.6748156428963678,0.1384970417643936
0.1,2,FLAIRax+T1sag+FLAIRcor,0010011,3,Arachnoid cyst,14,69,2512,0.6442186193027106,0.0642565367021404
0.1,2,FLAIRax+T1sag+FLAIRcor,0010011,3,Empty sella syndrome,15,72,2512,0.6772199453551913,0.06041463703556527
0.1,2,FLAIRax+T1sag+FLAIRcor,0010011,3,Cyst of pineal gland,19,27,2512,0.6545048066174827,0.0188673214225214
0.1,2,FLAIRax+T1sag+FLAIRcor,0010011,3,Cerebral edema,22,197,2512,0.8416769907138392,0.48037841913949897
0.1,2,FLAIRax+T1sag+FLAIRcor,0010011,3,Mastoiditis,24,62,2512,0.6107504937458854,0.0681561347567994
0.1,2,FLAIRax+T1sag+FLAIRcor,0010011,3,Chronic mastoiditis,25,25,2512,0.523860072376357,0.01294220909146548
0.1,2,FLAIRax+T1sag+FLAIRcor,0010011,3,Ventriculomegaly,26,304,2512,0.8843216652364606,0.541873573450622
0.1,2,FLAIRax+T1sag+FLAIRcor,0010011,3,Cerebellar degeneration,27,94,2512,0.7510955071009978,0.13643591234303032
0.1,2,FLAIRax+T1sag+FLAIRcor,0010011,3,Mega cisterna magna,28,20,2512,0.5242977528089888,0.010033534478994242
0.1,2,FLAIRax+T1sag+FLAIRcor,0010011,3,Foraminal Spinal Stenosis,33,25,2512,0.5680739847205469,0.012742871506422851
0.1,2,FLAIRax+SWIax+FLAIRcor,0010101,3,Cerebral infarction,0,161,2512,0.7872769879871392,0.25779874599270286
0.1,2,FLAIRax+SWIax+FLAIRcor,0010101,3,Cerebral hemorrhage,1,127,2512,0.8287129203189224,0.2989270924851878
0.1,2,FLAIRax+SWIax+FLAIRcor,0010101,3,Metastatic malignant neoplasm to brain,2,144,2512,0.7746545373498499,0.2136740616805632
0.1,2,FLAIRax+SWIax+FLAIRcor,0010101,3,Intracranial meningioma,3,62,2512,0.7057208689927583,0.0676605186064579
0.1,2,FLAIRax+SWIax+FLAIRcor,0010101,3,Demyelinating disease of central nervous system,4,66,2512,0.7556926583909414,0.10790513812629145
0.1,2,FLAIRax+SWIax+FLAIRcor,0010101,3,Herniation of nucleus pulposus,5,42,2512,0.6895411605937922,0.03029496455857768
0.1,2,FLAIRax+SWIax+FLAIRcor,0010101,3,Spinal cord compression,6,23,2512,0.576554229915978,0.0188505283581175
0.1,2,FLAIRax+SWIax+FLAIRcor,0010101,3,Lacunar infarct,7,86,2512,0.838201460917579,0.21204144625909185
0.1,2,FLAIRax+SWIax+FLAIRcor,0010101,3,Silent micro-hemorrhage of brain,8,77,2512,0.7364623056614843,0.08647791446888546
0.1,2,FLAIRax+SWIax+FLAIRcor,0010101,3,Gliosis,11,1027,2512,0.7247489500654057,0.6530345485392763
0.1,2,FLAIRax+SWIax+FLAIRcor,0010101,3,Cerebral atrophy,12,324,2512,0.896325637032523,0.6084221261184424
0.1,2,FLAIRax+SWIax+FLAIRcor,0010101,3,Encephalomalacia,13,84,2512,0.671447203263513,0.14148469695565435
0.1,2,FLAIRax+SWIax+FLAIRcor,0010101,3,Arachnoid cyst,14,69,2512,0.5914265544264298,0.05933444925293076
0.1,2,FLAIRax+SWIax+FLAIRcor,0010101,3,Empty sella syndrome,15,72,2512,0.7182149362477231,0.0963914851382048
0.1,2,FLAIRax+SWIax+FLAIRcor,0010101,3,Cyst of pineal gland,19,27,2512,0.6809151203517401,0.02079673175687789
0.1,2,FLAIRax+SWIax+FLAIRcor,0010101,3,Cerebral edema,22,197,2512,0.8358136628257558,0.4834496287238297
0.1,2,FLAIRax+SWIax+FLAIRcor,0010101,3,Mastoiditis,24,62,2512,0.6996313364055299,0.10498892388568083
0.1,2,FLAIRax+SWIax+FLAIRcor,0010101,3,Chronic mastoiditis,25,25,2512,0.5347165259348613,0.01844167176766754
0.1,2,FLAIRax+SWIax+FLAIRcor,0010101,3,Ventriculomegaly,26,304,2512,0.8856714221014492,0.5297966114701945
0.1,2,FLAIRax+SWIax+FLAIRcor,0010101,3,Cerebellar degeneration,27,94,2512,0.7045518540027805,0.10650249512836277
0.1,2,FLAIRax+SWIax+FLAIRcor,0010101,3,Mega cisterna magna,28,20,2512,0.6208868378812199,0.016645075422835717
0.1,2,FLAIRax+SWIax+FLAIRcor,0010101,3,Foraminal Spinal Stenosis,33,25,2512,0.5825653397667874,0.014569044963244918
0.1,2,FLAIRax+SWIax+T1sag,0010110,3,Cerebral infarction,0,161,2512,0.7510561119756095,0.19226620005731831
0.1,2,FLAIRax+SWIax+T1sag,0010110,3,Cerebral hemorrhage,1,127,2512,0.8086828769045379,0.30641667627126756
0.1,2,FLAIRax+SWIax+T1sag,0010110,3,Metastatic malignant neoplasm to brain,2,144,2512,0.7810535144519519,0.20281675981909492
0.1,2,FLAIRax+SWIax+T1sag,0010110,3,Intracranial meningioma,3,62,2512,0.592587228439763,0.05970727924236331
0.1,2,FLAIRax+SWIax+T1sag,0010110,3,Demyelinating disease of central nervous system,4,66,2512,0.7223172031021582,0.10037774692354658
0.1,2,FLAIRax+SWIax+T1sag,0010110,3,Herniation of nucleus pulposus,5,42,2512,0.7113553113553113,0.03400235293915194
0.1,2,FLAIRax+SWIax+T1sag,0010110,3,Spinal cord compression,6,23,2512,0.6355092843293098,0.018684198733361954
0.1,2,FLAIRax+SWIax+T1sag,0010110,3,Lacunar infarct,7,86,2512,0.8303265016583907,0.17865980875871146
0.1,2,FLAIRax+SWIax+T1sag,0010110,3,Silent micro-hemorrhage of brain,8,77,2512,0.7383823568628496,0.07331866247585339
0.1,2,FLAIRax+SWIax+T1sag,0010110,3,Gliosis,11,1027,2512,0.726626210170514,0.6429622066442161
0.1,2,FLAIRax+SWIax+T1sag,0010110,3,Cerebral atrophy,12,324,2512,0.8951379014602658,0.6098701200704931
0.1,2,FLAIRax+SWIax+T1sag,0010110,3,Encephalomalacia,13,84,2512,0.6779438299207656,0.1418925540801077
0.1,2,FLAIRax+SWIax+T1sag,0010110,3,Arachnoid cyst,14,69,2512,0.6260300058730357,0.057196026814183905
0.1,2,FLAIRax+SWIax+T1sag,0010110,3,Empty sella syndrome,15,72,2512,0.6149504781420766,0.040719001854142144
0.1,2,FLAIRax+SWIax+T1sag,0010110,3,Cyst of pineal gland,19,27,2512,0.6498099709367315,0.021334495209056885
0.1,2,FLAIRax+SWIax+T1sag,0010110,3,Cerebral edema,22,197,2512,0.83188650491717,0.46101950535401615
0.1,2,FLAIRax+SWIax+T1sag,0010110,3,Mastoiditis,24,62,2512,0.6381830151415405,0.06345358910654449
0.1,2,FLAIRax+SWIax+T1sag,0010110,3,Chronic mastoiditis,25,25,2512,0.5557217531162042,0.05308944763352767
0.1,2,FLAIRax+SWIax+T1sag,0010110,3,Ventriculomegaly,26,304,2512,0.882310438119756,0.5200257385260599
0.1,2,FLAIRax+SWIax+T1sag,0010110,3,Cerebellar degeneration,27,94,2512,0.7550375728138253,0.1251827083292523
0.1,2,FLAIRax+SWIax+T1sag,0010110,3,Mega cisterna magna,28,20,2512,0.6370786516853932,0.012956712887838872
0.1,2,FLAIRax+SWIax+T1sag,0010110,3,Foraminal Spinal Stenosis,33,25,2512,0.5909127462806595,0.01429030561768804
0.1,2,FLAIRax+FLAIRsag+FLAIRcor,0011001,3,Cerebral infarction,0,161,2512,0.7307290937383588,0.20581740417795982
0.1,2,FLAIRax+FLAIRsag+FLAIRcor,0011001,3,Cerebral hemorrhage,1,127,2512,0.7827861139999008,0.24396902870216802
0.1,2,FLAIRax+FLAIRsag+FLAIRcor,0011001,3,Metastatic malignant neoplasm to brain,2,144,2512,0.790065456081081,0.2450742087805323
0.1,2,FLAIRax+FLAIRsag+FLAIRcor,0011001,3,Intracranial meningioma,3,62,2512,0.6814746543778802,0.06311485894110462
0.1,2,FLAIRax+FLAIRsag+FLAIRcor,0011001,3,Demyelinating disease of central nervous system,4,66,2512,0.7050410069625116,0.09898389777356084
0.1,2,FLAIRax+FLAIRsag+FLAIRcor,0011001,3,Herniation of nucleus pulposus,5,42,2512,0.691401580875265,0.03306799394742757
0.1,2,FLAIRax+FLAIRsag+FLAIRcor,0011001,3,Spinal cord compression,6,23,2512,0.5768511887085785,0.012339765861092996
0.1,2,FLAIRax+FLAIRsag+FLAIRcor,0011001,3,Lacunar infarct,7,86,2512,0.8078040223163787,0.1547534650519651
0.1,2,FLAIRax+FLAIRsag+FLAIRcor,0011001,3,Silent micro-hemorrhage of brain,8,77,2512,0.690130403477426,0.07126757342023939
0.1,2,FLAIRax+FLAIRsag+FLAIRcor,0011001,3,Gliosis,11,1027,2512,0.7305676039853255,0.6549904134321318
0.1,2,FLAIRax+FLAIRsag+FLAIRcor,0011001,3,Cerebral atrophy,12,324,2512,0.8975119619924616,0.6357959582057071
0.1,2,FLAIRax+FLAIRsag+FLAIRcor,0011001,3,Encephalomalacia,13,84,2512,0.711245783321566,0.15573379848240032
0.1,2,FLAIRax+FLAIRsag+FLAIRcor,0011001,3,Arachnoid cyst,14,69,2512,0.6630241980933397,0.06909506236828118
0.1,2,FLAIRax+FLAIRsag+FLAIRcor,0011001,3,Empty sella syndrome,15,72,2512,0.6961919398907105,0.07334781539579384
0.1,2,FLAIRax+FLAIRsag+FLAIRcor,0011001,3,Cyst of pineal gland,19,27,2512,0.6514345331246739,0.016968287345680264
0.1,2,FLAIRax+FLAIRsag+FLAIRcor,0011001,3,Cerebral edema,22,197,2512,0.8374625867494053,0.5114703922643682
0.1,2,FLAIRax+FLAIRsag+FLAIRcor,0011001,3,Mastoiditis,24,62,2512,0.6597169190256748,0.08292142907042797
0.1,2,FLAIRax+FLAIRsag+FLAIRcor,0011001,3,Chronic mastoiditis,25,25,2512,0.5971531966224367,0.02409944509863495
0.1,2,FLAIRax+FLAIRsag+FLAIRcor,0011001,3,Ventriculomegaly,26,304,2512,0.8839164402173915,0.5431246869387452
0.1,2,FLAIRax+FLAIRsag+FLAIRcor,0011001,3,Cerebellar degeneration,27,94,2512,0.7345925065554442,0.1171647074814863
0.1,2,FLAIRax+FLAIRsag+FLAIRcor,0011001,3,Mega cisterna magna,28,20,2512,0.5843699839486356,0.010805567247952737
0.1,2,FLAIRax+FLAIRsag+FLAIRcor,0011001,3,Foraminal Spinal Stenosis,33,25,2512,0.5421471652593486,0.012153283474571485
0.1,2,FLAIRax+FLAIRsag+T1sag,0011010,3,Cerebral infarction,0,161,2512,0.7210728353997637,0.16604398182882124
0.1,2,FLAIRax+FLAIRsag+T1sag,0011010,3,Cerebral hemorrhage,1,127,2512,0.7795407649515509,0.22171506795912002
0.1,2,FLAIRax+FLAIRsag+T1sag,0011010,3,Metastatic malignant neoplasm to brain,2,144,2512,0.7830359656531531,0.2092429868458235
0.1,2,FLAIRax+FLAIRsag+T1sag,0011010,3,Intracranial meningioma,3,62,2512,0.5945029624753128,0.03883427087696441
0.1,2,FLAIRax+FLAIRsag+T1sag,0011010,3,Demyelinating disease of central nervous system,4,66,2512,0.7359139225451572,0.10694813251776081
0.1,2,FLAIRax+FLAIRsag+T1sag,0011010,3,Herniation of nucleus pulposus,5,42,2512,0.7140350877192982,0.03355802697131067
0.1,2,FLAIRax+FLAIRsag+T1sag,0011010,3,Spinal cord compression,6,23,2512,0.6635631561479205,0.017016694147309188
0.1,2,FLAIRax+FLAIRsag+T1sag,0011010,3,Lacunar infarct,7,86,2512,0.8101957476178607,0.14046315050663047
0.1,2,FLAIRax+FLAIRsag+T1sag,0011010,3,Silent micro-hemorrhage of brain,8,77,2512,0.660492279794128,0.058958381995626974
0.1,2,FLAIRax+FLAIRsag+T1sag,0011010,3,Gliosis,11,1027,2512,0.7334907005793082,0.654862852630845
0.1,2,FLAIRax+FLAIRsag+T1sag,0011010,3,Cerebral atrophy,12,324,2512,0.8906803665335048,0.6123908909586425
0.1,2,FLAIRax+FLAIRsag+T1sag,0011010,3,Encephalomalacia,13,84,2512,0.7078871499176278,0.1659014358823569
0.1,2,FLAIRax+FLAIRsag+T1sag,0011010,3,Arachnoid cyst,14,69,2512,0.6629055509085409,0.06264356970528923
0.1,2,FLAIRax+FLAIRsag+T1sag,0011010,3,Empty sella syndrome,15,72,2512,0.6289617486338797,0.043068457363651946
0.1,2,FLAIRax+FLAIRsag+T1sag,0011010,3,Cyst of pineal gland,19,27,2512,0.6384827483419032,0.020264030442856882
0.1,2,FLAIRax+FLAIRsag+T1sag,0011010,3,Cerebral edema,22,197,2512,0.8403021565381368,0.489083112558222
0.1,2,FLAIRax+FLAIRsag+T1sag,0011010,3,Mastoiditis,24,62,2512,0.6193811718235681,0.07378161629947164
0.1,2,FLAIRax+FLAIRsag+T1sag,0011010,3,Chronic mastoiditis,25,25,2512,0.5838198632891034,0.05297437478652761
0.1,2,FLAIRax+FLAIRsag+T1sag,0011010,3,Ventriculomegaly,26,304,2512,0.8767549818840579,0.51967300868064
0.1,2,FLAIRax+FLAIRsag+T1sag,0011010,3,Cerebellar degeneration,27,94,2512,0.7650863206800064,0.1340594583182994
0.1,2,FLAIRax+FLAIRsag+T1sag,0011010,3,Mega cisterna magna,28,20,2512,0.535292937399679,0.009837695627681293
0.1,2,FLAIRax+FLAIRsag+T1sag,0011010,3,Foraminal Spinal Stenosis,33,25,2512,0.573815842380378,0.012767680781361224
0.1,2,FLAIRax+FLAIRsag+SWIax,0011100,3,Cerebral infarction,0,161,2512,0.782587560203006,0.24176450624064527
0.1,2,FLAIRax+FLAIRsag+SWIax,0011100,3,Cerebral hemorrhage,1,127,2512,0.8239521946549133,0.2912011876700913
0.1,2,FLAIRax+FLAIRsag+SWIax,0011100,3,Metastatic malignant neoplasm to brain,2,144,2512,0.7944995777027026,0.23051039055223982
0.1,2,FLAIRax+FLAIRsag+SWIax,0011100,3,Intracranial meningioma,3,62,2512,0.6673337722185648,0.06250899184842863
0.1,2,FLAIRax+FLAIRsag+SWIax,0011100,3,Demyelinating disease of central nervous system,4,66,2512,0.6984501598156546,0.08924419882897912
0.1,2,FLAIRax+FLAIRsag+SWIax,0011100,3,Herniation of nucleus pulposus,5,42,2512,0.7439946018893386,0.039367576196180636
0.1,2,FLAIRax+FLAIRsag+SWIax,0011100,3,Spinal cord compression,6,23,2512,0.6130801614058379,0.016587284074425782
0.1,2,FLAIRax+FLAIRsag+SWIax,0011100,3,Lacunar infarct,7,86,2512,0.8316973101478172,0.1833058707460509
0.1,2,FLAIRax+FLAIRsag+SWIax,0011100,3,Silent micro-hemorrhage of brain,8,77,2512,0.7337849009306915,0.08560710173565116
0.1,2,FLAIRax+FLAIRsag+SWIax,0011100,3,Gliosis,11,1027,2512,0.7264006504512834,0.6411358215219111
0.1,2,FLAIRax+FLAIRsag+SWIax,0011100,3,Cerebral atrophy,12,324,2512,0.9020583654952943,0.6178464524897616
0.1,2,FLAIRax+FLAIRsag+SWIax,0011100,3,Encephalomalacia,13,84,2512,0.6878824429277477,0.16370674969801546
0.1,2,FLAIRax+FLAIRsag+SWIax,0011100,3,Arachnoid cyst,14,69,2512,0.6411575219348983,0.06313819895922748
0.1,2,FLAIRax+FLAIRsag+SWIax,0011100,3,Empty sella syndrome,15,72,2512,0.6112135701275045,0.05050240192729083
0.1,2,FLAIRax+FLAIRsag+SWIax,0011100,3,Cyst of pineal gland,19,27,2512,0.6881585811163276,0.022286780211013282
0.1,2,FLAIRax+FLAIRsag+SWIax,0011100,3,Cerebral edema,22,197,2512,0.8318952757891045,0.4942922760718563
0.1,2,FLAIRax+FLAIRsag+SWIax,0011100,3,Mastoiditis,24,62,2512,0.6945885450954575,0.09181797755137992
0.1,2,FLAIRax+FLAIRsag+SWIax,0011100,3,Chronic mastoiditis,25,25,2512,0.5957378367511057,0.05357745285987803
0.1,2,FLAIRax+FLAIRsag+SWIax,0011100,3,Ventriculomegaly,26,304,2512,0.8896178966437833,0.5491528494309169
0.1,2,FLAIRax+FLAIRsag+SWIax,0011100,3,Cerebellar degeneration,27,94,2512,0.7142838287313236,0.1042903431727143
0.1,2,FLAIRax+FLAIRsag+SWIax,0011100,3,Mega cisterna magna,28,20,2512,0.6693820224719101,0.015441510377521325
0.1,2,FLAIRax+FLAIRsag+SWIax,0011100,3,Foraminal Spinal Stenosis,33,25,2512,0.5401527945315642,0.018178886085651845
0.1,2,T2ax+T1sag+FLAIRcor,0100011,3,Cerebral infarction,0,161,2512,0.7638985392762694,0.20312740370598395
0.1,2,T2ax+T1sag+FLAIRcor,0100011,3,Cerebral hemorrhage,1,127,2512,0.7938757655293088,0.258768446024488
0.1,2,T2ax+T1sag+FLAIRcor,0100011,3,Metastatic malignant neoplasm to brain,2,144,2512,0.7330993102477478,0.17341274274570218
0.1,2,T2ax+T1sag+FLAIRcor,0100011,3,Intracranial meningioma,3,62,2512,0.6018696510862409,0.03810641642855591
0.1,2,T2ax+T1sag+FLAIRcor,0100011,3,Demyelinating disease of central nervous system,4,66,2512,0.7882442577863674,0.10961408365729641
0.1,2,T2ax+T1sag+FLAIRcor,0100011,3,Herniation of nucleus pulposus,5,42,2512,0.6562753036437248,0.03243539834941277
0.1,2,T2ax+T1sag+FLAIRcor,0100011,3,Spinal cord compression,6,23,2512,0.5060003144269569,0.010455834470531725
0.1,2,T2ax+T1sag+FLAIRcor,0100011,3,Lacunar infarct,7,86,2512,0.8602494296286356,0.16712694800407826
0.1,2,T2ax+T1sag+FLAIRcor,0100011,3,Silent micro-hemorrhage of brain,8,77,2512,0.6488759700258674,0.051170598795914235
0.1,2,T2ax+T1sag+FLAIRcor,0100011,3,Gliosis,11,1027,2512,0.7423675246460056,0.6841350297957971
0.1,2,T2ax+T1sag+FLAIRcor,0100011,3,Cerebral atrophy,12,324,2512,0.8869239059290855,0.6136275977917508
0.1,2,T2ax+T1sag+FLAIRcor,0100011,3,Encephalomalacia,13,84,2512,0.6593414136659607,0.11826890305018856
0.1,2,T2ax+T1sag+FLAIRcor,0100011,3,Arachnoid cyst,14,69,2512,0.6264334063013519,0.0483488102392902
0.1,2,T2ax+T1sag+FLAIRcor,0100011,3,Empty sella syndrome,15,72,2512,0.6920138888888889,0.06870731771921479
0.1,2,T2ax+T1sag+FLAIRcor,0100011,3,Cyst of pineal gland,19,27,2512,0.6054102392130561,0.017294516580492116
0.1,2,T2ax+T1sag+FLAIRcor,0100011,3,Cerebral edema,22,197,2512,0.8214710944951815,0.4341494669727972
0.1,2,T2ax+T1sag+FLAIRcor,0100011,3,Mastoiditis,24,62,2512,0.5711059907834101,0.030578125388463377
0.1,2,T2ax+T1sag+FLAIRcor,0100011,3,Chronic mastoiditis,25,25,2512,0.4873180538801769,0.012170158095624346
0.1,2,T2ax+T1sag+FLAIRcor,0100011,3,Ventriculomegaly,26,304,2512,0.8885512013729976,0.5660652965188471
0.1,2,T2ax+T1sag+FLAIRcor,0100011,3,Cerebellar degeneration,27,94,2512,0.8051581225912043,0.16103095117049904
0.1,2,T2ax+T1sag+FLAIRcor,0100011,3,Mega cisterna magna,28,20,2512,0.5449638844301766,0.00925274395511452
0.1,2,T2ax+T1sag+FLAIRcor,0100011,3,Foraminal Spinal Stenosis,33,25,2512,0.5745556895858464,0.014965766839981628
0.1,2,T2ax+SWIax+FLAIRcor,0100101,3,Cerebral infarction,0,161,2512,0.7762548512460669,0.23803606686079168
0.1,2,T2ax+SWIax+FLAIRcor,0100101,3,Cerebral hemorrhage,1,127,2512,0.8283662655375624,0.29682883832442825
0.1,2,T2ax+SWIax+FLAIRcor,0100101,3,Metastatic malignant neoplasm to brain,2,144,2512,0.7312282986111112,0.15979552254468093
0.1,2,T2ax+SWIax+FLAIRcor,0100101,3,Intracranial meningioma,3,62,2512,0.6638051349572087,0.04282662156779878
0.1,2,T2ax+SWIax+FLAIRcor,0100101,3,Demyelinating disease of central nervous system,4,66,2512,0.7788721226987786,0.08960068840734113
0.1,2,T2ax+SWIax+FLAIRcor,0100101,3,Herniation of nucleus pulposus,5,42,2512,0.6220358588779642,0.036984396188595295
0.1,2,T2ax+SWIax+FLAIRcor,0100101,3,Spinal cord compression,6,23,2512,0.4400929306339197,0.00908693766613525
0.1,2,T2ax+SWIax+FLAIRcor,0100101,3,Lacunar infarct,7,86,2512,0.8475143311796621,0.19126297205451373
0.1,2,T2ax+SWIax+FLAIRcor,0100101,3,Silent micro-hemorrhage of brain,8,77,2512,0.7357849542654471,0.09156698359413383
0.1,2,T2ax+SWIax+FLAIRcor,0100101,3,Gliosis,11,1027,2512,0.7231234775538573,0.658339699478248
0.1,2,T2ax+SWIax+FLAIRcor,0100101,3,Cerebral atrophy,12,324,2512,0.8887450064323922,0.5884766676865346
0.1,2,T2ax+SWIax+FLAIRcor,0100101,3,Encephalomalacia,13,84,2512,0.6382187965795874,0.11728439568736145
0.1,2,T2ax+SWIax+FLAIRcor,0100101,3,Arachnoid cyst,14,69,2512,0.6216875189093951,0.052968796694700976
0.1,2,T2ax+SWIax+FLAIRcor,0100101,3,Empty sella syndrome,15,72,2512,0.7335951730418944,0.11534717695333048
0.1,2,T2ax+SWIax+FLAIRcor,0100101,3,Cyst of pineal gland,19,27,2512,0.6406289589388181,0.02087158677161446
0.1,2,T2ax+SWIax+FLAIRcor,0100101,3,Cerebral edema,22,197,2512,0.8386685816403723,0.46306492752308687
0.1,2,T2ax+SWIax+FLAIRcor,0100101,3,Mastoiditis,24,62,2512,0.6392692560895326,0.03912814523769585
0.1,2,T2ax+SWIax+FLAIRcor,0100101,3,Chronic mastoiditis,25,25,2512,0.6059509449135504,0.016153533382557785
0.1,2,T2ax+SWIax+FLAIRcor,0100101,3,Ventriculomegaly,26,304,2512,0.884963768115942,0.5465746979071722
0.1,2,T2ax+SWIax+FLAIRcor,0100101,3,Cerebellar degeneration,27,94,2512,0.7602467310772045,0.1545191415217311
0.1,2,T2ax+SWIax+FLAIRcor,0100101,3,Mega cisterna magna,28,20,2512,0.6327648475120385,0.014111524005053886
0.1,2,T2ax+SWIax+FLAIRcor,0100101,3,Foraminal Spinal Stenosis,33,25,2512,0.6160997185363892,0.014738737702249764
0.1,2,T2ax+SWIax+T1sag,0100110,3,Cerebral infarction,0,161,2512,0.7638615522402254,0.20494312790708116
0.1,2,T2ax+SWIax+T1sag,0100110,3,Cerebral hemorrhage,1,127,2512,0.8070123310057942,0.265624193909834
0.1,2,T2ax+SWIax+T1sag,0100110,3,Metastatic malignant neoplasm to brain,2,144,2512,0.745046804617117,0.16691005215018317
0.1,2,T2ax+SWIax+T1sag,0100110,3,Intracranial meningioma,3,62,2512,0.5829624753127057,0.07382695207277669
0.1,2,T2ax+SWIax+T1sag,0100110,3,Demyelinating disease of central nervous system,4,66,2512,0.7761032235684728,0.07974040619255714
0.1,2,T2ax+SWIax+T1sag,0100110,3,Herniation of nucleus pulposus,5,42,2512,0.6995855022170812,0.037365496123281064
0.1,2,T2ax+SWIax+T1sag,0100110,3,Spinal cord compression,6,23,2512,0.5297744859992664,0.011138807383879805
0.1,2,T2ax+SWIax+T1sag,0100110,3,Lacunar infarct,7,86,2512,0.8475143311796622,0.16016038005691566
0.1,2,T2ax+SWIax+T1sag,0100110,3,Silent micro-hemorrhage of brain,8,77,2512,0.6963385690285074,0.0662860536215788
0.1,2,T2ax+SWIax+T1sag,0100110,3,Gliosis,11,1027,2512,0.7321753726817017,0.6712133922433599
0.1,2,T2ax+SWIax+T1sag,0100110,3,Cerebral atrophy,12,324,2512,0.8901499763017131,0.5931874204079364
0.1,2,T2ax+SWIax+T1sag,0100110,3,Encephalomalacia,13,84,2512,0.6928836196752176,0.11702411665328237
0.1,2,T2ax+SWIax+T1sag,0100110,3,Arachnoid cyst,14,69,2512,0.5914562162226296,0.04267069003093471
0.1,2,T2ax+SWIax+T1sag,0100110,3,Empty sella syndrome,15,72,2512,0.6474499089253187,0.05761930441565674
0.1,2,T2ax+SWIax+T1sag,0100110,3,Cyst of pineal gland,19,27,2512,0.6300171398762948,0.02288949692357839
0.1,2,T2ax+SWIax+T1sag,0100110,3,Cerebral edema,22,197,2512,0.8237010886844789,0.4124751650564348
0.1,2,T2ax+SWIax+T1sag,0100110,3,Mastoiditis,24,62,2512,0.5967610269914417,0.04090100872326449
0.1,2,T2ax+SWIax+T1sag,0100110,3,Chronic mastoiditis,25,25,2512,0.5239726578206675,0.014715986797520841
0.1,2,T2ax+SWIax+T1sag,0100110,3,Ventriculomegaly,26,304,2512,0.89176022597254,0.563494516963688
0.1,2,T2ax+SWIax+T1sag,0100110,3,Cerebellar degeneration,27,94,2512,0.8186649772099326,0.19020366652290838
0.1,2,T2ax+SWIax+T1sag,0100110,3,Mega cisterna magna,28,20,2512,0.6225321027287319,0.014637005462178602
0.1,2,T2ax+SWIax+T1sag,0100110,3,Foraminal Spinal Stenosis,33,25,2512,0.5266425412143144,0.014496237806655689
0.1,2,T2ax+FLAIRsag+FLAIRcor,0101001,3,Cerebral infarction,0,161,2512,0.7510719635624856,0.21392789916726299
0.1,2,T2ax+FLAIRsag+FLAIRcor,0101001,3,Cerebral hemorrhage,1,127,2512,0.8032519519965665,0.23573816495556835
0.1,2,T2ax+FLAIRsag+FLAIRcor,0101001,3,Metastatic malignant neoplasm to brain,2,144,2512,0.7543021537162162,0.20544679785381836
0.1,2,T2ax+FLAIRsag+FLAIRcor,0101001,3,Intracranial meningioma,3,62,2512,0.6355562870309415,0.04178088903192302
0.1,2,T2ax+FLAIRsag+FLAIRcor,0101001,3,Demyelinating disease of central nervous system,4,66,2512,0.7487858965782105,0.0677456607436147
0.1,2,T2ax+FLAIRsag+FLAIRcor,0101001,3,Herniation of nucleus pulposus,5,42,2512,0.6520917678812416,0.028062029271597365
0.1,2,T2ax+FLAIRsag+FLAIRcor,0101001,3,Spinal cord compression,6,23,2512,0.43242440651911895,0.008311553056692468
0.1,2,T2ax+FLAIRsag+FLAIRcor,0101001,3,Lacunar infarct,7,86,2512,0.845937422113154,0.16188773812025645
0.1,2,T2ax+FLAIRsag+FLAIRcor,0101001,3,Silent micro-hemorrhage of brain,8,77,2512,0.6837782340862422,0.07038922408687466
0.1,2,T2ax+FLAIRsag+FLAIRcor,0101001,3,Gliosis,11,1027,2512,0.7402470010064947,0.6709151073217197
0.1,2,T2ax+FLAIRsag+FLAIRcor,0101001,3,Cerebral atrophy,12,324,2512,0.8865726634617555,0.6254719605692967
0.1,2,T2ax+FLAIRsag+FLAIRcor,0101001,3,Encephalomalacia,13,84,2512,0.6578606730995529,0.12025717858100013
0.1,2,T2ax+FLAIRsag+FLAIRcor,0101001,3,Arachnoid cyst,14,69,2512,0.6377226859349695,0.05634169252314579
0.1,2,T2ax+FLAIRsag+FLAIRcor,0101001,3,Empty sella syndrome,15,72,2512,0.7272540983606557,0.07734721428250887
0.1,2,T2ax+FLAIRsag+FLAIRcor,0101001,3,Cyst of pineal gland,19,27,2512,0.605112154407929,0.020413179474973855
0.1,2,T2ax+FLAIRsag+FLAIRcor,0101001,3,Cerebral edema,22,197,2512,0.8471237021850434,0.4515096416627629
0.1,2,T2ax+FLAIRsag+FLAIRcor,0101001,3,Mastoiditis,24,62,2512,0.6370836076366031,0.03934264514397914
0.1,2,T2ax+FLAIRsag+FLAIRcor,0101001,3,Chronic mastoiditis,25,25,2512,0.6277764374748693,0.01769739226785967
0.1,2,T2ax+FLAIRsag+FLAIRcor,0101001,3,Ventriculomegaly,26,304,2512,0.8793859649122806,0.5273507158065238
0.1,2,T2ax+FLAIRsag+FLAIRcor,0101001,3,Cerebellar degeneration,27,94,2512,0.7366163349347975,0.1391789399100539
0.1,2,T2ax+FLAIRsag+FLAIRcor,0101001,3,Mega cisterna magna,28,20,2512,0.5490369181380418,0.011784132709119955
0.1,2,T2ax+FLAIRsag+FLAIRcor,0101001,3,Foraminal Spinal Stenosis,33,25,2512,0.5166224366706876,0.016611477272988825
0.1,2,T2ax+FLAIRsag+T1sag,0101010,3,Cerebral infarction,0,161,2512,0.7647386733806942,0.19254064439663
0.1,2,T2ax+FLAIRsag+T1sag,0101010,3,Cerebral hemorrhage,1,127,2512,0.7852292048399611,0.22221072588925128
0.1,2,T2ax+FLAIRsag+T1sag,0101010,3,Metastatic malignant neoplasm to brain,2,144,2512,0.7470233905780781,0.1744423033101266
0.1,2,T2ax+FLAIRsag+T1sag,0101010,3,Intracranial meningioma,3,62,2512,0.578933508887426,0.04013297539978646
0.1,2,T2ax+FLAIRsag+T1sag,0101010,3,Demyelinating disease of central nervous system,4,66,2512,0.7510468544810327,0.08304204838485618
0.1,2,T2ax+FLAIRsag+T1sag,0101010,3,Herniation of nucleus pulposus,5,42,2512,0.6909388856757278,0.029905222545820082
0.1,2,T2ax+FLAIRsag+T1sag,0101010,3,Spinal cord compression,6,23,2512,0.5307876395269622,0.011036123013475336
0.1,2,T2ax+FLAIRsag+T1sag,0101010,3,Lacunar infarct,7,86,2512,0.8448541958243064,0.1569451226893226
0.1,2,T2ax+FLAIRsag+T1sag,0101010,3,Silent micro-hemorrhage of brain,8,77,2512,0.6276807381530174,0.04964046359759486
0.1,2,T2ax+FLAIRsag+T1sag,0101010,3,Gliosis,11,1027,2512,0.7454742163602922,0.6788924683286034
0.1,2,T2ax+FLAIRsag+T1sag,0101010,3,Cerebral atrophy,12,324,2512,0.8908750310334711,0.6160239062454109
0.1,2,T2ax+FLAIRsag+T1sag,0101010,3,Encephalomalacia,13,84,2512,0.6728151721973797,0.1333480409677271
0.1,2,T2ax+FLAIRsag+T1sag,0101010,3,Arachnoid cyst,14,69,2512,0.6220790546192315,0.04220238291501656
0.1,2,T2ax+FLAIRsag+T1sag,0101010,3,Empty sella syndrome,15,72,2512,0.6463683970856101,0.053547622150711724
0.1,2,T2ax+FLAIRsag+T1sag,0101010,3,Cyst of pineal gland,19,27,2512,0.6053804307325434,0.015841355898524853
0.1,2,T2ax+FLAIRsag+T1sag,0101010,3,Cerebral edema,22,197,2512,0.8333227351964128,0.44388132825495424
0.1,2,T2ax+FLAIRsag+T1sag,0101010,3,Mastoiditis,24,62,2512,0.5922185648452929,0.033345187295224135
0.1,2,T2ax+FLAIRsag+T1sag,0101010,3,Chronic mastoiditis,25,25,2512,0.5529714515480498,0.017417747692672764
0.1,2,T2ax+FLAIRsag+T1sag,0101010,3,Ventriculomegaly,26,304,2512,0.8785114535659801,0.5490953052073361
0.1,2,T2ax+FLAIRsag+T1sag,0101010,3,Cerebellar degeneration,27,94,2512,0.7958177146577968,0.14254682335424326
0.1,2,T2ax+FLAIRsag+T1sag,0101010,3,Mega cisterna magna,28,20,2512,0.5218097913322632,0.0098197706529565
0.1,2,T2ax+FLAIRsag+T1sag,0101010,3,Foraminal Spinal Stenosis,33,25,2512,0.5150301568154403,0.012623958643447092
0.1,2,T2ax+FLAIRsag+SWIax,0101100,3,Cerebral infarction,0,161,2512,0.7816919455445153,0.24623310383011718
0.1,2,T2ax+FLAIRsag+SWIax,0101100,3,Cerebral hemorrhage,1,127,2512,0.8046253652255733,0.27563360475708243
0.1,2,T2ax+FLAIRsag+SWIax,0101100,3,Metastatic malignant neoplasm to brain,2,144,2512,0.7578476914414414,0.19211811205099769
0.1,2,T2ax+FLAIRsag+SWIax,0101100,3,Intracranial meningioma,3,62,2512,0.643633969716919,0.04671167293108288
0.1,2,T2ax+FLAIRsag+SWIax,0101100,3,Demyelinating disease of central nervous system,4,66,2512,0.7078532669293094,0.05989282950289865
0.1,2,T2ax+FLAIRsag+SWIax,0101100,3,Herniation of nucleus pulposus,5,42,2512,0.6812222864854444,0.02989953501092424
0.1,2,T2ax+FLAIRsag+SWIax,0101100,3,Spinal cord compression,6,23,2512,0.4353066536237707,0.008328438195813286
0.1,2,T2ax+FLAIRsag+SWIax,0101100,3,Lacunar infarct,7,86,2512,0.8507160796794417,0.17602248172053864
0.1,2,T2ax+FLAIRsag+SWIax,0101100,3,Silent micro-hemorrhage of brain,8,77,2512,0.7209045574548655,0.0745692814612121
0.1,2,T2ax+FLAIRsag+SWIax,0101100,3,Gliosis,11,1027,2512,0.7324284716689781,0.6536472415186074
0.1,2,T2ax+FLAIRsag+SWIax,0101100,3,Cerebral atrophy,12,324,2512,0.895190094116054,0.6245649571701148
0.1,2,T2ax+FLAIRsag+SWIax,0101100,3,Encephalomalacia,13,84,2512,0.6644602651604299,0.14447404773291345
0.1,2,T2ax+FLAIRsag+SWIax,0101100,3,Arachnoid cyst,14,69,2512,0.6167933225364394,0.04468342851738093
0.1,2,T2ax+FLAIRsag+SWIax,0101100,3,Empty sella syndrome,15,72,2512,0.6540698998178507,0.07966432939046
0.1,2,T2ax+FLAIRsag+SWIax,0101100,3,Cyst of pineal gland,19,27,2512,0.6907072062001639,0.028063857355794215
0.1,2,T2ax+FLAIRsag+SWIax,0101100,3,Cerebral edema,22,197,2512,0.8307462915657102,0.45558855567685774
0.1,2,T2ax+FLAIRsag+SWIax,0101100,3,Mastoiditis,24,62,2512,0.6803159973666886,0.047700203733202835
0.1,2,T2ax+FLAIRsag+SWIax,0101100,3,Chronic mastoiditis,25,25,2512,0.6114032971451548,0.022269559234712168
0.1,2,T2ax+FLAIRsag+SWIax,0101100,3,Ventriculomegaly,26,304,2512,0.8929416356788711,0.5573941214806464
0.1,2,T2ax+FLAIRsag+SWIax,0101100,3,Cerebellar degeneration,27,94,2512,0.7520502261408232,0.13302263917693222
0.1,2,T2ax+FLAIRsag+SWIax,0101100,3,Mega cisterna magna,28,20,2512,0.618900481540931,0.017152587558096562
0.1,2,T2ax+FLAIRsag+SWIax,0101100,3,Foraminal Spinal Stenosis,33,25,2512,0.5361801367108967,0.017576036296600296
0.1,2,T2ax+FLAIRax+FLAIRcor,0110001,3,Cerebral infarction,0,161,2512,0.7495026564617673,0.2264633709128726
0.1,2,T2ax+FLAIRax+FLAIRcor,0110001,3,Cerebral hemorrhage,1,127,2512,0.8151273543637234,0.26989554331951554
0.1,2,T2ax+FLAIRax+FLAIRcor,0110001,3,Metastatic malignant neoplasm to brain,2,144,2512,0.7642085444819818,0.2103029386642259
0.1,2,T2ax+FLAIRax+FLAIRcor,0110001,3,Intracranial meningioma,3,62,2512,0.6563396971691903,0.046632987236676526
0.1,2,T2ax+FLAIRax+FLAIRcor,0110001,3,Demyelinating disease of central nervous system,4,66,2512,0.796142124433212,0.11890630718492548
0.1,2,T2ax+FLAIRax+FLAIRcor,0110001,3,Herniation of nucleus pulposus,5,42,2512,0.6669944090996722,0.03381865944598777
0.1,2,T2ax+FLAIRax+FLAIRcor,0110001,3,Spinal cord compression,6,23,2512,0.5044107114783307,0.012177219448990506
0.1,2,T2ax+FLAIRax+FLAIRcor,0110001,3,Lacunar infarct,7,86,2512,0.8483674917080466,0.1793207840738708
0.1,2,T2ax+FLAIRax+FLAIRcor,0110001,3,Silent micro-hemorrhage of brain,8,77,2512,0.6892770473879304,0.062306008386857806
0.1,2,T2ax+FLAIRax+FLAIRcor,0110001,3,Gliosis,11,1027,2512,0.7417865772296153,0.6822675145308612
0.1,2,T2ax+FLAIRax+FLAIRcor,0110001,3,Cerebral atrophy,12,324,2512,0.8967671586882434,0.6509677597655661
0.1,2,T2ax+FLAIRax+FLAIRcor,0110001,3,Encephalomalacia,13,84,2512,0.6491723542794383,0.11752430206583102
0.1,2,T2ax+FLAIRax+FLAIRcor,0110001,3,Arachnoid cyst,14,69,2512,0.6691285957512442,0.07681725654772585
0.1,2,T2ax+FLAIRax+FLAIRcor,0110001,3,Empty sella syndrome,15,72,2512,0.7478142076502732,0.08242403866991947
0.1,2,T2ax+FLAIRax+FLAIRcor,0110001,3,Cyst of pineal gland,19,27,2512,0.6777256129368805,0.018365184743612276
0.1,2,T2ax+FLAIRax+FLAIRcor,0110001,3,Cerebral edema,22,197,2512,0.8438631305434651,0.4847663262061395
0.1,2,T2ax+FLAIRax+FLAIRcor,0110001,3,Mastoiditis,24,62,2512,0.6751876234364713,0.054543251782003324
0.1,2,T2ax+FLAIRax+FLAIRcor,0110001,3,Chronic mastoiditis,25,25,2512,0.6257981503819864,0.018285277845298386
0.1,2,T2ax+FLAIRax+FLAIRcor,0110001,3,Ventriculomegaly,26,304,2512,0.8854285850495804,0.5699758743962099
0.1,2,T2ax+FLAIRax+FLAIRcor,0110001,3,Cerebellar degeneration,27,94,2512,0.7339193636379635,0.14413257109625405
0.1,2,T2ax+FLAIRax+FLAIRcor,0110001,3,Mega cisterna magna,28,20,2512,0.6067616372391654,0.017745024807203934
0.1,2,T2ax+FLAIRax+FLAIRcor,0110001,3,Foraminal Spinal Stenosis,33,25,2512,0.5234740651387213,0.011349453695724954
0.1,2,T2ax+FLAIRax+T1sag,0110010,3,Cerebral infarction,0,161,2512,0.7446969837072107,0.18041122898917059
0.1,2,T2ax+FLAIRax+T1sag,0110010,3,Cerebral hemorrhage,1,127,2512,0.8043117251852954,0.2516952227531237
0.1,2,T2ax+FLAIRax+T1sag,0110010,3,Metastatic malignant neoplasm to brain,2,144,2512,0.7747190549924926,0.180620823887961
0.1,2,T2ax+FLAIRax+T1sag,0110010,3,Intracranial meningioma,3,62,2512,0.5995589203423305,0.04725236717122698
0.1,2,T2ax+FLAIRax+T1sag,0110010,3,Demyelinating disease of central nervous system,4,66,2512,0.7732537971703958,0.11569374222040757
0.1,2,T2ax+FLAIRax+T1sag,0110010,3,Herniation of nucleus pulposus,5,42,2512,0.7049450549450549,0.036890539505395524
0.1,2,T2ax+FLAIRax+T1sag,0110010,3,Spinal cord compression,6,23,2512,0.5150837598476776,0.011464683642560017
0.1,2,T2ax+FLAIRax+T1sag,0110010,3,Lacunar infarct,7,86,2512,0.8457648727928065,0.15612570642286336
0.1,2,T2ax+FLAIRax+T1sag,0110010,3,Silent micro-hemorrhage of brain,8,77,2512,0.6291954452118723,0.051089346626381024
0.1,2,T2ax+FLAIRax+T1sag,0110010,3,Gliosis,11,1027,2512,0.740566325376452,0.6751728098941316
0.1,2,T2ax+FLAIRax+T1sag,0110010,3,Cerebral atrophy,12,324,2512,0.8930191617577359,0.6316019886052399
0.1,2,T2ax+FLAIRax+T1sag,0110010,3,Encephalomalacia,13,84,2512,0.6358064642661019,0.1111084114455477
0.1,2,T2ax+FLAIRax+T1sag,0110010,3,Arachnoid cyst,14,69,2512,0.6560121494717235,0.06078021777353795
0.1,2,T2ax+FLAIRax+T1sag,0110010,3,Empty sella syndrome,15,72,2512,0.6386327413479054,0.04939414569803089
0.1,2,T2ax+FLAIRax+T1sag,0110010,3,Cyst of pineal gland,19,27,2512,0.6460690066323869,0.016265684033743347
0.1,2,T2ax+FLAIRax+T1sag,0110010,3,Cerebral edema,22,197,2512,0.8301959193518326,0.48325162274043176
0.1,2,T2ax+FLAIRax+T1sag,0110010,3,Mastoiditis,24,62,2512,0.6237327188940092,0.0732226120276583
0.1,2,T2ax+FLAIRax+T1sag,0110010,3,Chronic mastoiditis,25,25,2512,0.6143144350623241,0.03481591964740974
0.1,2,T2ax+FLAIRax+T1sag,0110010,3,Ventriculomegaly,26,304,2512,0.8854226258581235,0.5431737378494118
0.1,2,T2ax+FLAIRax+T1sag,0110010,3,Cerebellar degeneration,27,94,2512,0.8113351987751438,0.16156300859801262
0.1,2,T2ax+FLAIRax+T1sag,0110010,3,Mega cisterna magna,28,20,2512,0.6149277688603532,0.013033973825103063
0.1,2,T2ax+FLAIRax+T1sag,0110010,3,Foraminal Spinal Stenosis,33,25,2512,0.48686771210293533,0.010492525432868487
0.1,2,T2ax+FLAIRax+SWIax,0110100,3,Cerebral infarction,0,161,2512,0.7833246589927373,0.28103005316822394
0.1,2,T2ax+FLAIRax+SWIax,0110100,3,Cerebral hemorrhage,1,127,2512,0.8159197081496888,0.2804688785877341
0.1,2,T2ax+FLAIRax+SWIax,0110100,3,Metastatic malignant neoplasm to brain,2,144,2512,0.7513050159534536,0.17882529782481116
0.1,2,T2ax+FLAIRax+SWIax,0110100,3,Intracranial meningioma,3,62,2512,0.6599473337722186,0.05675156063660689
0.1,2,T2ax+FLAIRax+SWIax,0110100,3,Demyelinating disease of central nervous system,4,66,2512,0.7882504521915805,0.10366690998863809
0.1,2,T2ax+FLAIRax+SWIax,0110100,3,Herniation of nucleus pulposus,5,42,2512,0.7059475612107192,0.03882025541368123
0.1,2,T2ax+FLAIRax+SWIax,0110100,3,Spinal cord compression,6,23,2512,0.5124460670428145,0.011860470573861664
0.1,2,T2ax+FLAIRax+SWIax,0110100,3,Lacunar infarct,7,86,2512,0.8492014800897256,0.19065609245462004
0.1,2,T2ax+FLAIRax+SWIax,0110100,3,Silent micro-hemorrhage of brain,8,77,2512,0.7145363876370037,0.07349977115195583
0.1,2,T2ax+FLAIRax+SWIax,0110100,3,Gliosis,11,1027,2512,0.7302784416708468,0.6522449544205764
0.1,2,T2ax+FLAIRax+SWIax,0110100,3,Cerebral atrophy,12,324,2512,0.896071726815176,0.6093322765282694
0.1,2,T2ax+FLAIRax+SWIax,0110100,3,Encephalomalacia,13,84,2512,0.5837353887189143,0.10462459290806037
0.1,2,T2ax+FLAIRax+SWIax,0110100,3,Arachnoid cyst,14,69,2512,0.6270029127883867,0.06554064654530792
0.1,2,T2ax+FLAIRax+SWIax,0110100,3,Empty sella syndrome,15,72,2512,0.6667748178506376,0.06998211453858776
0.1,2,T2ax+FLAIRax+SWIax,0110100,3,Cyst of pineal gland,19,27,2512,0.7198897086221029,0.025882674315136883
0.1,2,T2ax+FLAIRax+SWIax,0110100,3,Cerebral edema,22,197,2512,0.8207716174584206,0.47523456263272373
0.1,2,T2ax+FLAIRax+SWIax,0110100,3,Mastoiditis,24,62,2512,0.702093482554312,0.0913700685961872
0.1,2,T2ax+FLAIRax+SWIax,0110100,3,Chronic mastoiditis,25,25,2512,0.6677925211097708,0.03161488778573996
0.1,2,T2ax+FLAIRax+SWIax,0110100,3,Ventriculomegaly,26,304,2512,0.8898517949084668,0.5597147377273836
0.1,2,T2ax+FLAIRax+SWIax,0110100,3,Cerebellar degeneration,27,94,2512,0.7494632455167801,0.12394837527369934
0.1,2,T2ax+FLAIRax+SWIax,0110100,3,Mega cisterna magna,28,20,2512,0.7364365971107545,0.025707667874055873
0.1,2,T2ax+FLAIRax+SWIax,0110100,3,Foraminal Spinal Stenosis,33,25,2512,0.5362766385203056,0.011852605573211286
0.1,2,T2ax+FLAIRax+FLAIRsag,0111000,3,Cerebral infarction,0,161,2512,0.7499465008942938,0.20013524530065582
0.1,2,T2ax+FLAIRax+FLAIRsag,0111000,3,Cerebral hemorrhage,1,127,2512,0.7982006966110369,0.23926476913030725
0.1,2,T2ax+FLAIRax+FLAIRsag,0111000,3,Metastatic malignant neoplasm to brain,2,144,2512,0.7745988175675675,0.2016760150028421
0.1,2,T2ax+FLAIRax+FLAIRsag,0111000,3,Intracranial meningioma,3,62,2512,0.6328110599078342,0.048071585583845486
0.1,2,T2ax+FLAIRax+FLAIRsag,0111000,3,Demyelinating disease of central nervous system,4,66,2512,0.7261267623082832,0.08654136493270284
0.1,2,T2ax+FLAIRax+FLAIRsag,0111000,3,Herniation of nucleus pulposus,5,42,2512,0.7185752843647581,0.036529292987242445
0.1,2,T2ax+FLAIRax+FLAIRsag,0111000,3,Spinal cord compression,6,23,2512,0.49765053190560204,0.00926253078023414
0.1,2,T2ax+FLAIRax+FLAIRsag,0111000,3,Lacunar infarct,7,86,2512,0.8330681186372438,0.14796675705007298
0.1,2,T2ax+FLAIRax+FLAIRsag,0111000,3,Silent micro-hemorrhage of brain,8,77,2512,0.661825648683965,0.05691308212418408
0.1,2,T2ax+FLAIRax+FLAIRsag,0111000,3,Gliosis,11,1027,2512,0.7400365223150033,0.6701436891480975
0.1,2,T2ax+FLAIRax+FLAIRsag,0111000,3,Cerebral atrophy,12,324,2512,0.9008819148215857,0.6620030782564746
0.1,2,T2ax+FLAIRax+FLAIRsag,0111000,3,Encephalomalacia,13,84,2512,0.6393710284772889,0.11408405344006557
0.1,2,T2ax+FLAIRax+FLAIRsag,0111000,3,Arachnoid cyst,14,69,2512,0.6726702142174922,0.06163770875265566
0.1,2,T2ax+FLAIRax+FLAIRsag,0111000,3,Empty sella syndrome,15,72,2512,0.672495446265938,0.05200759241994789
0.1,2,T2ax+FLAIRax+FLAIRsag,0111000,3,Cyst of pineal gland,19,27,2512,0.6766525076384231,0.017877354396926545
0.1,2,T2ax+FLAIRax+FLAIRsag,0111000,3,Cerebral edema,22,197,2512,0.8226529694883292,0.4709229478175963
0.1,2,T2ax+FLAIRax+FLAIRsag,0111000,3,Mastoiditis,24,62,2512,0.6668005266622778,0.06219386674650855
0.1,2,T2ax+FLAIRax+FLAIRsag,0111000,3,Chronic mastoiditis,25,25,2512,0.7037876960193004,0.03262950684794135
0.1,2,T2ax+FLAIRax+FLAIRsag,0111000,3,Ventriculomegaly,26,304,2512,0.8787468416285279,0.5375310820879847
0.1,2,T2ax+FLAIRax+FLAIRsag,0111000,3,Cerebellar degeneration,27,94,2512,0.7547823944529504,0.12746123500034964
0.1,2,T2ax+FLAIRax+FLAIRsag,0111000,3,Mega cisterna magna,28,20,2512,0.6076243980738363,0.012732581297595703
0.1,2,T2ax+FLAIRax+FLAIRsag,0111000,3,Foraminal Spinal Stenosis,33,25,2512,0.4594933655006031,0.012523821187948751
0.1,2,T1ax+T1sag+FLAIRcor,1000011,3,Cerebral infarction,0,161,2512,0.7560969166021596,0.1905747778284871
0.1,2,T1ax+T1sag+FLAIRcor,1000011,3,Cerebral hemorrhage,1,127,2512,0.7862460588652833,0.23548380865040833
0.1,2,T1ax+T1sag+FLAIRcor,1000011,3,Metastatic malignant neoplasm to brain,2,144,2512,0.7129610078828829,0.1524130652647187
0.1,2,T1ax+T1sag+FLAIRcor,1000011,3,Intracranial meningioma,3,62,2512,0.6487162606978275,0.04612433172672979
0.1,2,T1ax+T1sag+FLAIRcor,1000011,3,Demyelinating disease of central nervous system,4,66,2512,0.7654922074382419,0.125566613243331
0.1,2,T1ax+T1sag+FLAIRcor,1000011,3,Herniation of nucleus pulposus,5,42,2512,0.6381048775785618,0.03320476505632392
0.1,2,T1ax+T1sag+FLAIRcor,1000011,3,Spinal cord compression,6,23,2512,0.5827379600677765,0.012066955518002478
0.1,2,T1ax+T1sag+FLAIRcor,1000011,3,Lacunar infarct,7,86,2512,0.8145190666998985,0.14172108773886238
0.1,2,T1ax+T1sag+FLAIRcor,1000011,3,Silent micro-hemorrhage of brain,8,77,2512,0.6721245899890664,0.06958926906205472
0.1,2,T1ax+T1sag+FLAIRcor,1000011,3,Gliosis,11,1027,2512,0.7335365993593842,0.6495752410418465
0.1,2,T1ax+T1sag+FLAIRcor,1000011,3,Cerebral atrophy,12,324,2512,0.8905491795878756,0.603011938341084
0.1,2,T1ax+T1sag+FLAIRcor,1000011,3,Encephalomalacia,13,84,2512,0.6985418137601005,0.11911632512816596
0.1,2,T1ax+T1sag+FLAIRcor,1000011,3,Arachnoid cyst,14,69,2512,0.6269020626813078,0.054978932902595944
0.1,2,T1ax+T1sag+FLAIRcor,1000011,3,Empty sella syndrome,15,72,2512,0.7012864298724953,0.06020434697080883
0.1,2,T1ax+T1sag+FLAIRcor,1000011,3,Cyst of pineal gland,19,27,2512,0.6202846709888963,0.01973534628871345
0.1,2,T1ax+T1sag+FLAIRcor,1000011,3,Cerebral edema,22,197,2512,0.827112957866924,0.43106371549787353
0.1,2,T1ax+T1sag+FLAIRcor,1000011,3,Mastoiditis,24,62,2512,0.5661948650427914,0.04678394382181407
0.1,2,T1ax+T1sag+FLAIRcor,1000011,3,Chronic mastoiditis,25,25,2512,0.39171692802573377,0.011490581905241022
0.1,2,T1ax+T1sag+FLAIRcor,1000011,3,Ventriculomegaly,26,304,2512,0.88064782370328,0.5217230050361293
0.1,2,T1ax+T1sag+FLAIRcor,1000011,3,Cerebellar degeneration,27,94,2512,0.7715009767171744,0.1344956081520472
0.1,2,T1ax+T1sag+FLAIRcor,1000011,3,Mega cisterna magna,28,20,2512,0.5200441412520065,0.008245225046121699
0.1,2,T1ax+T1sag+FLAIRcor,1000011,3,Foraminal Spinal Stenosis,33,25,2512,0.63610776035384,0.016262208393760573
0.1,2,T1ax+SWIax+FLAIRcor,1000101,3,Cerebral infarction,0,161,2512,0.7739854323916612,0.21530996196277627
0.1,2,T1ax+SWIax+FLAIRcor,1000101,3,Cerebral hemorrhage,1,127,2512,0.8133346539229765,0.29219737998009515
0.1,2,T1ax+SWIax+FLAIRcor,1000101,3,Metastatic malignant neoplasm to brain,2,144,2512,0.7217969923048049,0.15981663805661844
0.1,2,T1ax+SWIax+FLAIRcor,1000101,3,Intracranial meningioma,3,62,2512,0.7122251481237656,0.05417418427416244
0.1,2,T1ax+SWIax+FLAIRcor,1000101,3,Demyelinating disease of central nervous system,4,66,2512,0.7361059491067669,0.08657958167008556
0.1,2,T1ax+SWIax+FLAIRcor,1000101,3,Herniation of nucleus pulposus,5,42,2512,0.6428378638904955,0.029817694105057198
0.1,2,T1ax+SWIax+FLAIRcor,1000101,3,Spinal cord compression,6,23,2512,0.5117648086362605,0.011357760029687563
0.1,2,T1ax+SWIax+FLAIRcor,1000101,3,Lacunar infarct,7,86,2512,0.8295260645334458,0.20226537100567762
0.1,2,T1ax+SWIax+FLAIRcor,1000101,3,Silent micro-hemorrhage of brain,8,77,2512,0.7383450225339342,0.09943750243720775
0.1,2,T1ax+SWIax+FLAIRcor,1000101,3,Gliosis,11,1027,2512,0.7204383989194116,0.6445552162321069
0.1,2,T1ax+SWIax+FLAIRcor,1000101,3,Cerebral atrophy,12,324,2512,0.8964286117317806,0.5953634624192121
0.1,2,T1ax+SWIax+FLAIRcor,1000101,3,Encephalomalacia,13,84,2512,0.7087942260924139,0.12211332497686089
0.1,2,T1ax+SWIax+FLAIRcor,1000101,3,Arachnoid cyst,14,69,2512,0.6148059821910575,0.06283790354171866
0.1,2,T1ax+SWIax+FLAIRcor,1000101,3,Empty sella syndrome,15,72,2512,0.7594774590163935,0.08274020087684429
0.1,2,T1ax+SWIax+FLAIRcor,1000101,3,Cyst of pineal gland,19,27,2512,0.6449809970936731,0.023519378199036624
0.1,2,T1ax+SWIax+FLAIRcor,1000101,3,Cerebral edema,22,197,2512,0.8222363530714496,0.44380170363692245
0.1,2,T1ax+SWIax+FLAIRcor,1000101,3,Mastoiditis,24,62,2512,0.6144963791968401,0.04673943984446773
0.1,2,T1ax+SWIax+FLAIRcor,1000101,3,Chronic mastoiditis,25,25,2512,0.5321109770808202,0.014762708293501719
0.1,2,T1ax+SWIax+FLAIRcor,1000101,3,Ventriculomegaly,26,304,2512,0.886568280415713,0.5003152056742123
0.1,2,T1ax+SWIax+FLAIRcor,1000101,3,Cerebellar degeneration,27,94,2512,0.7473074283300776,0.13769625123753731
0.1,2,T1ax+SWIax+FLAIRcor,1000101,3,Mega cisterna magna,28,20,2512,0.533948635634029,0.009504923131801967
0.1,2,T1ax+SWIax+FLAIRcor,1000101,3,Foraminal Spinal Stenosis,33,25,2512,0.6499718536389224,0.016252218567593978
0.1,2,T1ax+SWIax+T1sag,1000110,3,Cerebral infarction,0,161,2512,0.7172816642052675,0.17526390224299718
0.1,2,T1ax+SWIax+T1sag,1000110,3,Cerebral hemorrhage,1,127,2512,0.8032486505224583,0.26522896993400236
0.1,2,T1ax+SWIax+T1sag,1000110,3,Metastatic malignant neoplasm to brain,2,144,2512,0.7297179992492493,0.1651602959246685
0.1,2,T1ax+SWIax+T1sag,1000110,3,Intracranial meningioma,3,62,2512,0.6146082949308755,0.04595752700772098
0.1,2,T1ax+SWIax+T1sag,1000110,3,Demyelinating disease of central nervous system,4,66,2512,0.7193996382467356,0.07910843931030165
0.1,2,T1ax+SWIax+T1sag,1000110,3,Herniation of nucleus pulposus,5,42,2512,0.6945633314054367,0.040674590299785617
0.1,2,T1ax+SWIax+T1sag,1000110,3,Spinal cord compression,6,23,2512,0.5923279822523451,0.017984473923439215
0.1,2,T1ax+SWIax+T1sag,1000110,3,Lacunar infarct,7,86,2512,0.8169922736248778,0.146128489883841
0.1,2,T1ax+SWIax+T1sag,1000110,3,Silent micro-hemorrhage of brain,8,77,2512,0.7306648177284727,0.08253224419566157
0.1,2,T1ax+SWIax+T1sag,1000110,3,Gliosis,11,1027,2512,0.7236749186116274,0.6417234656812209
0.1,2,T1ax+SWIax+T1sag,1000110,3,Cerebral atrophy,12,324,2512,0.8873499108493017,0.5858117859588875
0.1,2,T1ax+SWIax+T1sag,1000110,3,Encephalomalacia,13,84,2512,0.6973111320310661,0.11062359879726488
0.1,2,T1ax+SWIax+T1sag,1000110,3,Arachnoid cyst,14,69,2512,0.6291682239109672,0.05458463879994604
0.1,2,T1ax+SWIax+T1sag,1000110,3,Empty sella syndrome,15,72,2512,0.6350751366120219,0.048844864165131285
0.1,2,T1ax+SWIax+T1sag,1000110,3,Cyst of pineal gland,19,27,2512,0.5907444668008048,0.027296015418832878
0.1,2,T1ax+SWIax+T1sag,1000110,3,Cerebral edema,22,197,2512,0.8226047296926906,0.4226623939811228
0.1,2,T1ax+SWIax+T1sag,1000110,3,Mastoiditis,24,62,2512,0.5908031599736668,0.0420815833920033
0.1,2,T1ax+SWIax+T1sag,1000110,3,Chronic mastoiditis,25,25,2512,0.41013268998793734,0.015043191824162862
0.1,2,T1ax+SWIax+T1sag,1000110,3,Ventriculomegaly,26,304,2512,0.8915099399313502,0.5353066325984641
0.1,2,T1ax+SWIax+T1sag,1000110,3,Cerebellar degeneration,27,94,2512,0.778989141720782,0.15980093753876615
0.1,2,T1ax+SWIax+T1sag,1000110,3,Mega cisterna magna,28,20,2512,0.6441211878009631,0.012898065460915837
0.1,2,T1ax+SWIax+T1sag,1000110,3,Foraminal Spinal Stenosis,33,25,2512,0.5845918777643747,0.014050274660498348
0.1,2,T1ax+FLAIRsag+FLAIRcor,1001001,3,Cerebral infarction,0,161,2512,0.7307713646366949,0.172484876009042
0.1,2,T1ax+FLAIRsag+FLAIRcor,1001001,3,Cerebral hemorrhage,1,127,2512,0.7846580498192444,0.2276409692955133
0.1,2,T1ax+FLAIRsag+FLAIRcor,1001001,3,Metastatic malignant neoplasm to brain,2,144,2512,0.7369762340465464,0.1925729551837005
0.1,2,T1ax+FLAIRsag+FLAIRcor,1001001,3,Intracranial meningioma,3,62,2512,0.6978736010533245,0.05600886037373413
0.1,2,T1ax+FLAIRsag+FLAIRcor,1001001,3,Demyelinating disease of central nervous system,4,66,2512,0.7217659010381823,0.07099058592478075
0.1,2,T1ax+FLAIRsag+FLAIRcor,1001001,3,Herniation of nucleus pulposus,5,42,2512,0.6700404858299595,0.030605995565847983
0.1,2,T1ax+FLAIRsag+FLAIRcor,1001001,3,Spinal cord compression,6,23,2512,0.5141579471413349,0.01003356336448328
0.1,2,T1ax+FLAIRsag+FLAIRcor,1001001,3,Lacunar infarct,7,86,2512,0.7981508464502771,0.12534650151563861
0.1,2,T1ax+FLAIRsag+FLAIRcor,1001001,3,Silent micro-hemorrhage of brain,8,77,2512,0.6707325528680764,0.07291837863952996
0.1,2,T1ax+FLAIRsag+FLAIRcor,1001001,3,Gliosis,11,1027,2512,0.7282451257134801,0.6430043727877531
0.1,2,T1ax+FLAIRsag+FLAIRcor,1001001,3,Cerebral atrophy,12,324,2512,0.8960265872209809,0.6213027206116929
0.1,2,T1ax+FLAIRsag+FLAIRcor,1001001,3,Encephalomalacia,13,84,2512,0.7572222875970818,0.15051838119715713
0.1,2,T1ax+FLAIRsag+FLAIRcor,1001001,3,Arachnoid cyst,14,69,2512,0.6417744872958527,0.058043981503993286
0.1,2,T1ax+FLAIRsag+FLAIRcor,1001001,3,Empty sella syndrome,15,72,2512,0.7407616120218579,0.07610139378562518
0.1,2,T1ax+FLAIRsag+FLAIRcor,1001001,3,Cyst of pineal gland,19,27,2512,0.6251583575527238,0.020655852304850578
0.1,2,T1ax+FLAIRsag+FLAIRcor,1001001,3,Cerebral edema,22,197,2512,0.8383528302507373,0.4589298150355444
0.1,2,T1ax+FLAIRsag+FLAIRcor,1001001,3,Mastoiditis,24,62,2512,0.5798420013166556,0.0503329691051327
0.1,2,T1ax+FLAIRsag+FLAIRcor,1001001,3,Chronic mastoiditis,25,25,2512,0.557957378367511,0.013197082954608535
0.1,2,T1ax+FLAIRsag+FLAIRcor,1001001,3,Ventriculomegaly,26,304,2512,0.8894718964530892,0.5227935730480118
0.1,2,T1ax+FLAIRsag+FLAIRcor,1001001,3,Cerebellar degeneration,27,94,2512,0.7692835647537087,0.1383058301977492
0.1,2,T1ax+FLAIRsag+FLAIRcor,1001001,3,Mega cisterna magna,28,20,2512,0.5223113964686998,0.008526974233568232
0.1,2,T1ax+FLAIRsag+FLAIRcor,1001001,3,Foraminal Spinal Stenosis,33,25,2512,0.646658624849216,0.015277588482396114
0.1,2,T1ax+FLAIRsag+T1sag,1001010,3,Cerebral infarction,0,161,2512,0.7277965501663096,0.1614736165243791
0.1,2,T1ax+FLAIRsag+T1sag,1001010,3,Cerebral hemorrhage,1,127,2512,0.777048151999868,0.21680410791008128
0.1,2,T1ax+FLAIRsag+T1sag,1001010,3,Metastatic malignant neoplasm to brain,2,144,2512,0.7132161458333333,0.1459652379592388
0.1,2,T1ax+FLAIRsag+T1sag,1001010,3,Intracranial meningioma,3,62,2512,0.644720210664911,0.04445966971122883
0.1,2,T1ax+FLAIRsag+T1sag,1001010,3,Demyelinating disease of central nervous system,4,66,2512,0.7470948239550039,0.10841295585146257
0.1,2,T1ax+FLAIRsag+T1sag,1001010,3,Herniation of nucleus pulposus,5,42,2512,0.6611336032388664,0.032511651926168346
0.1,2,T1ax+FLAIRsag+T1sag,1001010,3,Spinal cord compression,6,23,2512,0.5709120128565689,0.013882252700502192
0.1,2,T1ax+FLAIRsag+T1sag,1001010,3,Lacunar infarct,7,86,2512,0.8093569661995055,0.13858410403736518
0.1,2,T1ax+FLAIRsag+T1sag,1001010,3,Silent micro-hemorrhage of brain,8,77,2512,0.6437505000133337,0.04926092693788699
0.1,2,T1ax+FLAIRsag+T1sag,1001010,3,Gliosis,11,1027,2512,0.7334946347604576,0.651910742451418
0.1,2,T1ax+FLAIRsag+T1sag,1001010,3,Cerebral atrophy,12,324,2512,0.8889904529758277,0.6092349617489627
0.1,2,T1ax+FLAIRsag+T1sag,1001010,3,Encephalomalacia,13,84,2512,0.719620302816349,0.14587551880202423
0.1,2,T1ax+FLAIRsag+T1sag,1001010,3,Arachnoid cyst,14,69,2512,0.6250393018799647,0.04967903202425016
0.1,2,T1ax+FLAIRsag+T1sag,1001010,3,Empty sella syndrome,15,72,2512,0.6317224499089253,0.045400626542341754
0.1,2,T1ax+FLAIRsag+T1sag,1001010,3,Cyst of pineal gland,19,27,2512,0.5935315597287428,0.016467970362180295
0.1,2,T1ax+FLAIRsag+T1sag,1001010,3,Cerebral edema,22,197,2512,0.8367806514565128,0.42880849195208887
0.1,2,T1ax+FLAIRsag+T1sag,1001010,3,Mastoiditis,24,62,2512,0.5908360763660303,0.042279700317735674
0.1,2,T1ax+FLAIRsag+T1sag,1001010,3,Chronic mastoiditis,25,25,2512,0.4527221552070768,0.01210827902422348
0.1,2,T1ax+FLAIRsag+T1sag,1001010,3,Ventriculomegaly,26,304,2512,0.8896178966437833,0.5327059567220354
0.1,2,T1ax+FLAIRsag+T1sag,1001010,3,Cerebellar degeneration,27,94,2512,0.7841147070728403,0.12251564298831416
0.1,2,T1ax+FLAIRsag+T1sag,1001010,3,Mega cisterna magna,28,20,2512,0.5644060995184591,0.00922553217903878
0.1,2,T1ax+FLAIRsag+T1sag,1001010,3,Foraminal Spinal Stenosis,33,25,2512,0.6277764374748693,0.015725730223949876
0.1,2,T1ax+FLAIRsag+SWIax,1001100,3,Cerebral infarction,0,161,2512,0.7464115970209585,0.18637529835560587
0.1,2,T1ax+FLAIRsag+SWIax,1001100,3,Cerebral hemorrhage,1,127,2512,0.8082900014856633,0.26562241563151967
0.1,2,T1ax+FLAIRsag+SWIax,1001100,3,Metastatic malignant neoplasm to brain,2,144,2512,0.7527625281531531,0.1775118801361676
0.1,2,T1ax+FLAIRsag+SWIax,1001100,3,Intracranial meningioma,3,62,2512,0.6729624753127057,0.051664733544038145
0.1,2,T1ax+FLAIRsag+SWIax,1001100,3,Demyelinating disease of central nervous system,4,66,2512,0.6816323496617855,0.05583533517853966
0.1,2,T1ax+FLAIRsag+SWIax,1001100,3,Herniation of nucleus pulposus,5,42,2512,0.696124927703875,0.034085024405949155
0.1,2,T1ax+FLAIRsag+SWIax,1001100,3,Spinal cord compression,6,23,2512,0.48956277184830643,0.01110049991477748
0.1,2,T1ax+FLAIRsag+SWIax,1001100,3,Lacunar infarct,7,86,2512,0.8389971050058475,0.18096381285446092
0.1,2,T1ax+FLAIRsag+SWIax,1001100,3,Silent micro-hemorrhage of brain,8,77,2512,0.7090642417131123,0.07324328137851807
0.1,2,T1ax+FLAIRsag+SWIax,1001100,3,Gliosis,11,1027,2512,0.7239129365711644,0.6401478719941348
0.1,2,T1ax+FLAIRsag+SWIax,1001100,3,Cerebral atrophy,12,324,2512,0.8953889904529757,0.6181993371302816
0.1,2,T1ax+FLAIRsag+SWIax,1001100,3,Encephalomalacia,13,84,2512,0.7451753353730289,0.14679522536862746
0.1,2,T1ax+FLAIRsag+SWIax,1001100,3,Arachnoid cyst,14,69,2512,0.6403566534375056,0.05123563507790995
0.1,2,T1ax+FLAIRsag+SWIax,1001100,3,Empty sella syndrome,15,72,2512,0.6488957194899818,0.0531283617074447
0.1,2,T1ax+FLAIRsag+SWIax,1001100,3,Cyst of pineal gland,19,27,2512,0.6417169684775319,0.026611446617814522
0.1,2,T1ax+FLAIRsag+SWIax,1001100,3,Cerebral edema,22,197,2512,0.8310291521855916,0.45121878427972656
0.1,2,T1ax+FLAIRsag+SWIax,1001100,3,Mastoiditis,24,62,2512,0.6197498354180382,0.06459988644394477
0.1,2,T1ax+FLAIRsag+SWIax,1001100,3,Chronic mastoiditis,25,25,2512,0.5164294330518697,0.014946668301660724
0.1,2,T1ax+FLAIRsag+SWIax,1001100,3,Ventriculomegaly,26,304,2512,0.9019340555873379,0.539456121786542
0.1,2,T1ax+FLAIRsag+SWIax,1001100,3,Cerebellar degeneration,27,94,2512,0.7543644298963448,0.114065237771733
0.1,2,T1ax+FLAIRsag+SWIax,1001100,3,Mega cisterna magna,28,20,2512,0.6163924558587479,0.01451506776065774
0.1,2,T1ax+FLAIRsag+SWIax,1001100,3,Foraminal Spinal Stenosis,33,25,2512,0.6315721753116205,0.018303341554604877
0.1,2,T1ax+FLAIRax+FLAIRcor,1010001,3,Cerebral infarction,0,161,2512,0.7445252581827213,0.19698435374305656
0.1,2,T1ax+FLAIRax+FLAIRcor,1010001,3,Cerebral hemorrhage,1,127,2512,0.797768203502864,0.2613785862354372
0.1,2,T1ax+FLAIRax+FLAIRcor,1010001,3,Metastatic malignant neoplasm to brain,2,144,2512,0.7667716544669668,0.17962643548243992
0.1,2,T1ax+FLAIRax+FLAIRcor,1010001,3,Intracranial meningioma,3,62,2512,0.7257077024358131,0.08721375870728668
0.1,2,T1ax+FLAIRax+FLAIRcor,1010001,3,Demyelinating disease of central nervous system,4,66,2512,0.7691469065140365,0.11208976776254523
0.1,2,T1ax+FLAIRax+FLAIRcor,1010001,3,Herniation of nucleus pulposus,5,42,2512,0.7040678619625989,0.03468430301463244
0.1,2,T1ax+FLAIRax+FLAIRcor,1010001,3,Spinal cord compression,6,23,2512,0.5657938407252783,0.013391037797389822
0.1,2,T1ax+FLAIRax+FLAIRcor,1010001,3,Lacunar infarct,7,86,2512,0.802268064955233,0.1560687323817325
0.1,2,T1ax+FLAIRax+FLAIRcor,1010001,3,Silent micro-hemorrhage of brain,8,77,2512,0.6995919891197099,0.0769365689621183
0.1,2,T1ax+FLAIRax+FLAIRcor,1010001,3,Gliosis,11,1027,2512,0.7328881151665962,0.6580753189273634
0.1,2,T1ax+FLAIRax+FLAIRcor,1010001,3,Cerebral atrophy,12,324,2512,0.8991496828943508,0.6401560160542842
0.1,2,T1ax+FLAIRax+FLAIRcor,1010001,3,Encephalomalacia,13,84,2512,0.7073380010982975,0.1373577266448797
0.1,2,T1ax+FLAIRax+FLAIRcor,1010001,3,Arachnoid cyst,14,69,2512,0.6642343993782888,0.0664287792125342
0.1,2,T1ax+FLAIRax+FLAIRcor,1010001,3,Empty sella syndrome,15,72,2512,0.764924863387978,0.11721785101736099
0.1,2,T1ax+FLAIRax+FLAIRcor,1010001,3,Cyst of pineal gland,19,27,2512,0.6350249646024293,0.01798114194543355
0.1,2,T1ax+FLAIRax+FLAIRcor,1010001,3,Cerebral edema,22,197,2512,0.845623883084277,0.4791078887898949
0.1,2,T1ax+FLAIRax+FLAIRcor,1010001,3,Mastoiditis,24,62,2512,0.6403357472021066,0.0636974981853857
0.1,2,T1ax+FLAIRax+FLAIRcor,1010001,3,Chronic mastoiditis,25,25,2512,0.5269159630076398,0.017588284738980837
0.1,2,T1ax+FLAIRax+FLAIRcor,1010001,3,Ventriculomegaly,26,304,2512,0.8885303442028987,0.5477248412150952
0.1,2,T1ax+FLAIRax+FLAIRcor,1010001,3,Cerebellar degeneration,27,94,2512,0.7431893775407845,0.15116148614561636
0.1,2,T1ax+FLAIRax+FLAIRcor,1010001,3,Mega cisterna magna,28,20,2512,0.579153290529695,0.010645617729715087
0.1,2,T1ax+FLAIRax+FLAIRcor,1010001,3,Foraminal Spinal Stenosis,33,25,2512,0.6639163650985123,0.01629871954763435
0.1,2,T1ax+FLAIRax+T1sag,1010010,3,Cerebral infarction,0,161,2512,0.722673845674234,0.16312101743946478
0.1,2,T1ax+FLAIRax+T1sag,1010010,3,Cerebral hemorrhage,1,127,2512,0.8001452648607602,0.23731799102043535
0.1,2,T1ax+FLAIRax+T1sag,1010010,3,Metastatic malignant neoplasm to brain,2,144,2512,0.7491495401651652,0.1619509905689291
0.1,2,T1ax+FLAIRax+T1sag,1010010,3,Intracranial meningioma,3,62,2512,0.6925279789335088,0.062180684116914964
0.1,2,T1ax+FLAIRax+T1sag,1010010,3,Demyelinating disease of central nervous system,4,66,2512,0.7689548799524271,0.16033158964732475
0.1,2,T1ax+FLAIRax+T1sag,1010010,3,Herniation of nucleus pulposus,5,42,2512,0.6939078465394255,0.033973110718357326
0.1,2,T1ax+FLAIRax+T1sag,1010010,3,Spinal cord compression,6,23,2512,0.6286268276066869,0.014239774840868904
0.1,2,T1ax+FLAIRax+T1sag,1010010,3,Lacunar infarct,7,86,2512,0.8130523974769455,0.15271922985612676
0.1,2,T1ax+FLAIRax+T1sag,1010010,3,Silent micro-hemorrhage of brain,8,77,2512,0.6878796767913811,0.05678234135336585
0.1,2,T1ax+FLAIRax+T1sag,1010010,3,Gliosis,11,1027,2512,0.7346571852900967,0.6508388445896561
0.1,2,T1ax+FLAIRax+T1sag,1010010,3,Cerebral atrophy,12,324,2512,0.8910231453269234,0.611516691191099
0.1,2,T1ax+FLAIRax+T1sag,1010010,3,Encephalomalacia,13,84,2512,0.6637689260218091,0.13311831192077034
0.1,2,T1ax+FLAIRax+T1sag,1010010,3,Arachnoid cyst,14,69,2512,0.653419708483867,0.06729404220053975
0.1,2,T1ax+FLAIRax+T1sag,1010010,3,Empty sella syndrome,15,72,2512,0.6511498178506375,0.04937194599248821
0.1,2,T1ax+FLAIRax+T1sag,1010010,3,Cyst of pineal gland,19,27,2512,0.6086146508681719,0.014973832766966313
0.1,2,T1ax+FLAIRax+T1sag,1010010,3,Cerebral edema,22,197,2512,0.8435320301279452,0.47174635805826465
0.1,2,T1ax+FLAIRax+T1sag,1010010,3,Mastoiditis,24,62,2512,0.6218169848584596,0.0583598543442958
0.1,2,T1ax+FLAIRax+T1sag,1010010,3,Chronic mastoiditis,25,25,2512,0.47430639324487334,0.022999633511612966
0.1,2,T1ax+FLAIRax+T1sag,1010010,3,Ventriculomegaly,26,304,2512,0.891080878146453,0.532008752221568
0.1,2,T1ax+FLAIRax+T1sag,1010010,3,Cerebellar degeneration,27,94,2512,0.7814573324182108,0.14216143782872478
0.1,2,T1ax+FLAIRax+T1sag,1010010,3,Mega cisterna magna,28,20,2512,0.6429574638844302,0.012671382820281359
0.1,2,T1ax+FLAIRax+T1sag,1010010,3,Foraminal Spinal Stenosis,33,25,2512,0.6179975874547647,0.016851430980905906
0.1,2,T1ax+FLAIRax+SWIax,1010100,3,Cerebral infarction,0,161,2512,0.7606357543109712,0.220739894684285
0.1,2,T1ax+FLAIRax+SWIax,1010100,3,Cerebral hemorrhage,1,127,2512,0.8119546377457534,0.28735020103257536
0.1,2,T1ax+FLAIRax+SWIax,1010100,3,Metastatic malignant neoplasm to brain,2,144,2512,0.7460175018768769,0.17847694841751874
0.1,2,T1ax+FLAIRax+SWIax,1010100,3,Intracranial meningioma,3,62,2512,0.7082685977616853,0.07551460228265865
0.1,2,T1ax+FLAIRax+SWIax,1010100,3,Demyelinating disease of central nervous system,4,66,2512,0.767022225525905,0.1175241454244411
0.1,2,T1ax+FLAIRax+SWIax,1010100,3,Herniation of nucleus pulposus,5,42,2512,0.7026171197223829,0.036224348852776346
0.1,2,T1ax+FLAIRax+SWIax,1010100,3,Spinal cord compression,6,23,2512,0.5604311142941988,0.01605920180901029
0.1,2,T1ax+FLAIRax+SWIax,1010100,3,Lacunar infarct,7,86,2512,0.8248432677006844,0.189909626114047
0.1,2,T1ax+FLAIRax+SWIax,1010100,3,Silent micro-hemorrhage of brain,8,77,2512,0.7325422011253634,0.07641141053936398
0.1,2,T1ax+FLAIRax+SWIax,1010100,3,Gliosis,11,1027,2512,0.7251272871526036,0.6383218646795834
0.1,2,T1ax+FLAIRax+SWIax,1010100,3,Cerebral atrophy,12,324,2512,0.8877265443383664,0.5938898594635054
0.1,2,T1ax+FLAIRax+SWIax,1010100,3,Encephalomalacia,13,84,2512,0.654492233466698,0.13116463800202816
0.1,2,T1ax+FLAIRax+SWIax,1010100,3,Arachnoid cyst,14,69,2512,0.6324310214929375,0.05784437217530285
0.1,2,T1ax+FLAIRax+SWIax,1010100,3,Empty sella syndrome,15,72,2512,0.6824908925318761,0.06289331401000829
0.1,2,T1ax+FLAIRax+SWIax,1010100,3,Cyst of pineal gland,19,27,2512,0.6352932409270438,0.028624885472636474
0.1,2,T1ax+FLAIRax+SWIax,1010100,3,Cerebral edema,22,197,2512,0.8233787591408931,0.4696501500916434
0.1,2,T1ax+FLAIRax+SWIax,1010100,3,Mastoiditis,24,62,2512,0.6676497695852535,0.07079741064430346
0.1,2,T1ax+FLAIRax+SWIax,1010100,3,Chronic mastoiditis,25,25,2512,0.5393325291515882,0.018749318740276834
0.1,2,T1ax+FLAIRax+SWIax,1010100,3,Ventriculomegaly,26,304,2512,0.8983704590961098,0.534637888728847
0.1,2,T1ax+FLAIRax+SWIax,1010100,3,Cerebellar degeneration,27,94,2512,0.7255908698942329,0.14100942907450914
0.1,2,T1ax+FLAIRax+SWIax,1010100,3,Mega cisterna magna,28,20,2512,0.6799959871589084,0.01839009739377621
0.1,2,T1ax+FLAIRax+SWIax,1010100,3,Foraminal Spinal Stenosis,33,25,2512,0.6558745476477684,0.015791826379703146
0.1,2,T1ax+FLAIRax+FLAIRsag,1011000,3,Cerebral infarction,0,161,2512,0.7216593441141738,0.16982701388641225
0.1,2,T1ax+FLAIRax+FLAIRsag,1011000,3,Cerebral hemorrhage,1,127,2512,0.7778570131563743,0.22206303439510164
0.1,2,T1ax+FLAIRax+FLAIRsag,1011000,3,Metastatic malignant neoplasm to brain,2,144,2512,0.7697130724474476,0.20154017537330732
0.1,2,T1ax+FLAIRax+FLAIRsag,1011000,3,Intracranial meningioma,3,62,2512,0.6860631994733378,0.06389159485283682
0.1,2,T1ax+FLAIRax+FLAIRsag,1011000,3,Demyelinating disease of central nervous system,4,66,2512,0.7455400282464878,0.12548064681109358
0.1,2,T1ax+FLAIRax+FLAIRsag,1011000,3,Herniation of nucleus pulposus,5,42,2512,0.7217177559282822,0.036224452897078055
0.1,2,T1ax+FLAIRax+FLAIRsag,1011000,3,Spinal cord compression,6,23,2512,0.5553828148199905,0.011160143046363282
0.1,2,T1ax+FLAIRax+FLAIRsag,1011000,3,Lacunar infarct,7,86,2512,0.781864107824153,0.1273572287984289
0.1,2,T1ax+FLAIRax+FLAIRsag,1011000,3,Silent micro-hemorrhage of brain,8,77,2512,0.6705992159790928,0.06817306997655359
0.1,2,T1ax+FLAIRax+FLAIRsag,1011000,3,Gliosis,11,1027,2512,0.7328441834770949,0.6455728613758001
0.1,2,T1ax+FLAIRax+FLAIRsag,1011000,3,Cerebral atrophy,12,324,2512,0.8996363441442662,0.6390566084097056
0.1,2,T1ax+FLAIRax+FLAIRsag,1011000,3,Encephalomalacia,13,84,2512,0.7161439946654116,0.14289465354675995
0.1,2,T1ax+FLAIRax+FLAIRsag,1011000,3,Arachnoid cyst,14,69,2512,0.6684345097201706,0.06899475375363373
0.1,2,T1ax+FLAIRax+FLAIRsag,1011000,3,Empty sella syndrome,15,72,2512,0.6741290983606558,0.06999310464634542
0.1,2,T1ax+FLAIRax+FLAIRsag,1011000,3,Cyst of pineal gland,19,27,2512,0.6230866681570907,0.01598477802316529
0.1,2,T1ax+FLAIRax+FLAIRsag,1011000,3,Cerebral edema,22,197,2512,0.8403196982820055,0.49098824085290116
0.1,2,T1ax+FLAIRax+FLAIRsag,1011000,3,Mastoiditis,24,62,2512,0.6617050691244241,0.06561448641592751
0.1,2,T1ax+FLAIRax+FLAIRsag,1011000,3,Chronic mastoiditis,25,25,2512,0.5987615601125854,0.02363997050591786
0.1,2,T1ax+FLAIRax+FLAIRsag,1011000,3,Ventriculomegaly,26,304,2512,0.8926719822654463,0.5456961199645843
0.1,2,T1ax+FLAIRax+FLAIRsag,1011000,3,Cerebellar degeneration,27,94,2512,0.7726404800872887,0.16269851490638082
0.1,2,T1ax+FLAIRax+FLAIRsag,1011000,3,Mega cisterna magna,28,20,2512,0.6030296950240771,0.012242792026527862
0.1,2,T1ax+FLAIRax+FLAIRsag,1011000,3,Foraminal Spinal Stenosis,33,25,2512,0.6509207880981102,0.016189667358650107
0.1,2,T1ax+T2ax+FLAIRcor,1100001,3,Cerebral infarction,0,161,2512,0.7619408682970904,0.21016544427376896
0.1,2,T1ax+T2ax+FLAIRcor,1100001,3,Cerebral hemorrhage,1,127,2512,0.8167681869954935,0.26137060447976296
0.1,2,T1ax+T2ax+FLAIRcor,1100001,3,Metastatic malignant neoplasm to brain,2,144,2512,0.7169786974474475,0.1745361926749442
0.1,2,T1ax+T2ax+FLAIRcor,1100001,3,Intracranial meningioma,3,62,2512,0.6665766951942067,0.050745809669219606
0.1,2,T1ax+T2ax+FLAIRcor,1100001,3,Demyelinating disease of central nervous system,4,66,2512,0.8090264872766917,0.10332560856040439
0.1,2,T1ax+T2ax+FLAIRcor,1100001,3,Herniation of nucleus pulposus,5,42,2512,0.6731347599768652,0.03329861147061501
0.1,2,T1ax+T2ax+FLAIRcor,1100001,3,Spinal cord compression,6,23,2512,0.43511450381679395,0.009201251309335367
0.1,2,T1ax+T2ax+FLAIRcor,1100001,3,Lacunar infarct,7,86,2512,0.8361116969267048,0.16718364881233505
0.1,2,T1ax+T2ax+FLAIRcor,1100001,3,Silent micro-hemorrhage of brain,8,77,2512,0.701325368676498,0.07422143198414309
0.1,2,T1ax+T2ax+FLAIRcor,1100001,3,Gliosis,11,1027,2512,0.7391355948317974,0.6610758710436031
0.1,2,T1ax+T2ax+FLAIRcor,1100001,3,Cerebral atrophy,12,324,2512,0.8977630509851716,0.6346409990639106
0.1,2,T1ax+T2ax+FLAIRcor,1100001,3,Encephalomalacia,13,84,2512,0.6602533929552052,0.0979491680218558
0.1,2,T1ax+T2ax+FLAIRcor,1100001,3,Arachnoid cyst,14,69,2512,0.6412583720419774,0.059422266057941125
0.1,2,T1ax+T2ax+FLAIRcor,1100001,3,Empty sella syndrome,15,72,2512,0.7745446265938069,0.09332404979637604
0.1,2,T1ax+T2ax+FLAIRcor,1100001,3,Cyst of pineal gland,19,27,2512,0.6291228854609137,0.019506976832007847
0.1,2,T1ax+T2ax+FLAIRcor,1100001,3,Cerebral edema,22,197,2512,0.837598535264387,0.4526559137345815
0.1,2,T1ax+T2ax+FLAIRcor,1100001,3,Mastoiditis,24,62,2512,0.5640157998683344,0.028860903523100966
0.1,2,T1ax+T2ax+FLAIRcor,1100001,3,Chronic mastoiditis,25,25,2512,0.5319018898271008,0.013592269226038433
0.1,2,T1ax+T2ax+FLAIRcor,1100001,3,Ventriculomegaly,26,304,2512,0.8845555635011441,0.54385476869609
0.1,2,T1ax+T2ax+FLAIRcor,1100001,3,Cerebellar degeneration,27,94,2512,0.7582097038171164,0.1413999300040599
0.1,2,T1ax+T2ax+FLAIRcor,1100001,3,Mega cisterna magna,28,20,2512,0.5695626003210272,0.009696241782944615
0.1,2,T1ax+T2ax+FLAIRcor,1100001,3,Foraminal Spinal Stenosis,33,25,2512,0.6142501005227181,0.014953560665555492
0.1,2,T1ax+T2ax+T1sag,1100010,3,Cerebral infarction,0,161,2512,0.7534364919381471,0.21192173311996787
0.1,2,T1ax+T2ax+T1sag,1100010,3,Cerebral hemorrhage,1,127,2512,0.7789299922415359,0.2145434945167359
0.1,2,T1ax+T2ax+T1sag,1100010,3,Metastatic malignant neoplasm to brain,2,144,2512,0.7286827843468469,0.14972388338030043
0.1,2,T1ax+T2ax+T1sag,1100010,3,Intracranial meningioma,3,62,2512,0.641086240947992,0.04927831069245449
0.1,2,T1ax+T2ax+T1sag,1100010,3,Demyelinating disease of central nervous system,4,66,2512,0.8062018384994674,0.12014071959424316
0.1,2,T1ax+T2ax+T1sag,1100010,3,Herniation of nucleus pulposus,5,42,2512,0.6949681897050318,0.031239333004447863
0.1,2,T1ax+T2ax+T1sag,1100010,3,Spinal cord compression,6,23,2512,0.5374080737855259,0.010431614046187488
0.1,2,T1ax+T2ax+T1sag,1100010,3,Lacunar infarct,7,86,2512,0.816268525086754,0.13475345138430161
0.1,2,T1ax+T2ax+T1sag,1100010,3,Silent micro-hemorrhage of brain,8,77,2512,0.6398623963305689,0.053224944812567315
0.1,2,T1ax+T2ax+T1sag,1100010,3,Gliosis,11,1027,2512,0.7398535828915576,0.6695209370304234
0.1,2,T1ax+T2ax+T1sag,1100010,3,Cerebral atrophy,12,324,2512,0.8938979732322208,0.6213792890201816
0.1,2,T1ax+T2ax+T1sag,1100010,3,Encephalomalacia,13,84,2512,0.6591158704008786,0.10989655096610593
0.1,2,T1ax+T2ax+T1sag,1100010,3,Arachnoid cyst,14,69,2512,0.603973494218916,0.046938523629766166
0.1,2,T1ax+T2ax+T1sag,1100010,3,Empty sella syndrome,15,72,2512,0.654502504553734,0.04742458423477025
0.1,2,T1ax+T2ax+T1sag,1100010,3,Cyst of pineal gland,19,27,2512,0.5534093449586407,0.014812330411910024
0.1,2,T1ax+T2ax+T1sag,1100010,3,Cerebral edema,22,197,2512,0.824591332185811,0.41435237484956894
0.1,2,T1ax+T2ax+T1sag,1100010,3,Mastoiditis,24,62,2512,0.565029624753127,0.043901268399271005
0.1,2,T1ax+T2ax+T1sag,1100010,3,Chronic mastoiditis,25,25,2512,0.4553759549658223,0.012184449819406463
0.1,2,T1ax+T2ax+T1sag,1100010,3,Ventriculomegaly,26,304,2512,0.8907084286803966,0.564426103814364
0.1,2,T1ax+T2ax+T1sag,1100010,3,Cerebellar degeneration,27,94,2512,0.8028043221934781,0.1438819865832579
0.1,2,T1ax+T2ax+T1sag,1100010,3,Mega cisterna magna,28,20,2512,0.6119783306581059,0.013434732792381708
0.1,2,T1ax+T2ax+T1sag,1100010,3,Foraminal Spinal Stenosis,33,25,2512,0.5564455166867712,0.015131580338468911
0.1,2,T1ax+T2ax+SWIax,1100100,3,Cerebral infarction,0,161,2512,0.774556089519195,0.24551401269930068
0.1,2,T1ax+T2ax+SWIax,1100100,3,Cerebral hemorrhage,1,127,2512,0.8180788722164447,0.26121134988773925
0.1,2,T1ax+T2ax+SWIax,1100100,3,Metastatic malignant neoplasm to brain,2,144,2512,0.7140050206456456,0.15425605092619643
0.1,2,T1ax+T2ax+SWIax,1100100,3,Intracranial meningioma,3,62,2512,0.6864121132323898,0.053863912189556135
0.1,2,T1ax+T2ax+SWIax,1100100,3,Demyelinating disease of central nervous system,4,66,2512,0.8062390049307465,0.09668750207502874
0.1,2,T1ax+T2ax+SWIax,1100100,3,Herniation of nucleus pulposus,5,42,2512,0.6892712550607288,0.033794446093018925
0.1,2,T1ax+T2ax+SWIax,1100100,3,Spinal cord compression,6,23,2512,0.45499327475675583,0.009626103714633943
0.1,2,T1ax+T2ax+SWIax,1100100,3,Lacunar infarct,7,86,2512,0.8080628462969,0.1521420752380344
0.1,2,T1ax+T2ax+SWIax,1100100,3,Silent micro-hemorrhage of brain,8,77,2512,0.7186644977199392,0.0783105981334667
0.1,2,T1ax+T2ax+SWIax,1100100,3,Gliosis,11,1027,2512,0.7312324805995692,0.6518247502351144
0.1,2,T1ax+T2ax+SWIax,1100100,3,Cerebral atrophy,12,324,2512,0.8911797232942875,0.6039950756744017
0.1,2,T1ax+T2ax+SWIax,1100100,3,Encephalomalacia,13,84,2512,0.6429306895740174,0.09601767588678731
0.1,2,T1ax+T2ax+SWIax,1100100,3,Arachnoid cyst,14,69,2512,0.6262376384464339,0.054802043810357075
0.1,2,T1ax+T2ax+SWIax,1100100,3,Empty sella syndrome,15,72,2512,0.6789845173041895,0.06521532906387409
0.1,2,T1ax+T2ax+SWIax,1100100,3,Cyst of pineal gland,19,27,2512,0.6387808331470304,0.019883867410819833
0.1,2,T1ax+T2ax+SWIax,1100100,3,Cerebral edema,22,197,2512,0.8172851958645339,0.437871416542235
0.1,2,T1ax+T2ax+SWIax,1100100,3,Mastoiditis,24,62,2512,0.5959907834101383,0.052183728089658835
0.1,2,T1ax+T2ax+SWIax,1100100,3,Chronic mastoiditis,25,25,2512,0.5554804985926819,0.01574405069368173
0.1,2,T1ax+T2ax+SWIax,1100100,3,Ventriculomegaly,26,304,2512,0.8885914259153318,0.5438903658206702
0.1,2,T1ax+T2ax+SWIax,1100100,3,Cerebellar degeneration,27,94,2512,0.7642239938053254,0.1515201196872406
0.1,2,T1ax+T2ax+SWIax,1100100,3,Mega cisterna magna,28,20,2512,0.7200040128410914,0.021345086737110608
0.1,2,T1ax+T2ax+SWIax,1100100,3,Foraminal Spinal Stenosis,33,25,2512,0.5767430639324488,0.014055712916663585
0.1,2,T1ax+T2ax+FLAIRsag,1101000,3,Cerebral infarction,0,161,2512,0.75207061353567,0.19650229299507466
0.1,2,T1ax+T2ax+FLAIRsag,1101000,3,Cerebral hemorrhage,1,127,2512,0.7997986100794006,0.22459988280517457
0.1,2,T1ax+T2ax+FLAIRsag,1101000,3,Metastatic malignant neoplasm to brain,2,144,2512,0.7269232122747749,0.1695869908409589
0.1,2,T1ax+T2ax+FLAIRsag,1101000,3,Intracranial meningioma,3,62,2512,0.6584397630019749,0.05238488282887019
0.1,2,T1ax+T2ax+FLAIRsag,1101000,3,Demyelinating disease of central nervous system,4,66,2512,0.7571978988577517,0.08375672420479306
0.1,2,T1ax+T2ax+FLAIRsag,1101000,3,Herniation of nucleus pulposus,5,42,2512,0.6893965683439368,0.030546617997013217
0.1,2,T1ax+T2ax+FLAIRsag,1101000,3,Spinal cord compression,6,23,2512,0.40182018271699826,0.007995540686525797
0.1,2,T1ax+T2ax+FLAIRsag,1101000,3,Lacunar infarct,7,86,2512,0.8097499952069632,0.1399744834319801
0.1,2,T1ax+T2ax+FLAIRsag,1101000,3,Silent micro-hemorrhage of brain,8,77,2512,0.659500253340089,0.05266328801711846
0.1,2,T1ax+T2ax+FLAIRsag,1101000,3,Gliosis,11,1027,2512,0.7432455027391737,0.6666291050852895
0.1,2,T1ax+T2ax+FLAIRsag,1101000,3,Cerebral atrophy,12,324,2512,0.8992244453472363,0.6437751977853304
0.1,2,T1ax+T2ax+FLAIRsag,1101000,3,Encephalomalacia,13,84,2512,0.6822634737585315,0.12680046484768578
0.1,2,T1ax+T2ax+FLAIRsag,1101000,3,Arachnoid cyst,14,69,2512,0.6167399313032801,0.0512633118600124
0.1,2,T1ax+T2ax+FLAIRsag,1101000,3,Empty sella syndrome,15,72,2512,0.6928221766848816,0.05873167900508941
0.1,2,T1ax+T2ax+FLAIRsag,1101000,3,Cyst of pineal gland,19,27,2512,0.6120575303673895,0.01631020892970453
0.1,2,T1ax+T2ax+FLAIRsag,1101000,3,Cerebral edema,22,197,2512,0.840953393779259,0.4506882205221361
0.1,2,T1ax+T2ax+FLAIRsag,1101000,3,Mastoiditis,24,62,2512,0.598314680710994,0.03464732107680778
0.1,2,T1ax+T2ax+FLAIRsag,1101000,3,Chronic mastoiditis,25,25,2512,0.544800965018094,0.01712199321184127
0.1,2,T1ax+T2ax+FLAIRsag,1101000,3,Ventriculomegaly,26,304,2512,0.8891918144546148,0.5494377264878971
0.1,2,T1ax+T2ax+FLAIRsag,1101000,3,Cerebellar degeneration,27,94,2512,0.7621209721415623,0.14720520860125966
0.1,2,T1ax+T2ax+FLAIRsag,1101000,3,Mega cisterna magna,28,20,2512,0.5824036918138041,0.011733583474664324
0.1,2,T1ax+T2ax+FLAIRsag,1101000,3,Foraminal Spinal Stenosis,33,25,2512,0.5737354242058705,0.01360906386822934
0.1,2,T1ax+T2ax+FLAIRax,1110000,3,Cerebral infarction,0,161,2512,0.7516611142080415,0.23130255998779878
0.1,2,T1ax+T2ax+FLAIRax,1110000,3,Cerebral hemorrhage,1,127,2512,0.7995377936248534,0.23382315110099586
0.1,2,T1ax+T2ax+FLAIRax,1110000,3,Metastatic malignant neoplasm to brain,2,144,2512,0.7309438344594594,0.16007727065520477
0.1,2,T1ax+T2ax+FLAIRax,1110000,3,Intracranial meningioma,3,62,2512,0.6963199473337722,0.06336624874792461
0.1,2,T1ax+T2ax+FLAIRax,1110000,3,Demyelinating disease of central nervous system,4,66,2512,0.8256151044376719,0.14644840255267802
0.1,2,T1ax+T2ax+FLAIRax,1110000,3,Herniation of nucleus pulposus,5,42,2512,0.6970792365529208,0.036593387636284884
0.1,2,T1ax+T2ax+FLAIRax,1110000,3,Spinal cord compression,6,23,2512,0.4555347878491449,0.011417281065127903
0.1,2,T1ax+T2ax+FLAIRax,1110000,3,Lacunar infarct,7,86,2512,0.8086955271381736,0.1686836658043381
0.1,2,T1ax+T2ax+FLAIRax,1110000,3,Silent micro-hemorrhage of brain,8,77,2512,0.6934478252753407,0.05775409308909625
0.1,2,T1ax+T2ax+FLAIRax,1110000,3,Gliosis,11,1027,2512,0.7413616856654831,0.661628995406603
0.1,2,T1ax+T2ax+FLAIRax,1110000,3,Cerebral atrophy,12,324,2512,0.8934917168844653,0.6281413233172043
0.1,2,T1ax+T2ax+FLAIRax,1110000,3,Encephalomalacia,13,84,2512,0.6257844983133286,0.10677767240986852
0.1,2,T1ax+T2ax+FLAIRax,1110000,3,Arachnoid cyst,14,69,2512,0.616846713769599,0.055852608847163386
0.1,2,T1ax+T2ax+FLAIRax,1110000,3,Empty sella syndrome,15,72,2512,0.7111224954462659,0.07172487014462577
0.1,2,T1ax+T2ax+FLAIRax,1110000,3,Cyst of pineal gland,19,27,2512,0.6234145614427304,0.01803593459238457
0.1,2,T1ax+T2ax+FLAIRax,1110000,3,Cerebral edema,22,197,2512,0.836013200162261,0.4781777135534108
0.1,2,T1ax+T2ax+FLAIRax,1110000,3,Mastoiditis,24,62,2512,0.6260895325872284,0.04379655407818387
0.1,2,T1ax+T2ax+FLAIRax,1110000,3,Chronic mastoiditis,25,25,2512,0.5953035786087656,0.021414981548033493
0.1,2,T1ax+T2ax+FLAIRax,1110000,3,Ventriculomegaly,26,304,2512,0.8926600638825323,0.5591168608752203
0.1,2,T1ax+T2ax+FLAIRax,1110000,3,Cerebellar degeneration,27,94,2512,0.7719585379159847,0.14696897990259528
0.1,2,T1ax+T2ax+FLAIRax,1110000,3,Mega cisterna magna,28,20,2512,0.6489566613162118,0.01909281041092404
0.1,2,T1ax+T2ax+FLAIRax,1110000,3,Foraminal Spinal Stenosis,33,25,2512,0.5610454362685967,0.013538377476584644
0.1,2,FLAIRsag+SWIax+T1sag+FLAIRcor,0001111,4,Cerebral infarction,0,161,2512,0.7618721780872946,0.20353301073631697
0.1,2,FLAIRsag+SWIax+T1sag+FLAIRcor,0001111,4,Cerebral hemorrhage,1,127,2512,0.8004589049010384,0.27555953023591234
0.1,2,FLAIRsag+SWIax+T1sag+FLAIRcor,0001111,4,Metastatic malignant neoplasm to brain,2,144,2512,0.7517185153903904,0.18331347050952226
0.1,2,FLAIRsag+SWIax+T1sag+FLAIRcor,0001111,4,Intracranial meningioma,3,62,2512,0.6336866359447004,0.03820703107863659
0.1,2,FLAIRsag+SWIax+T1sag+FLAIRcor,0001111,4,Demyelinating disease of central nervous system,4,66,2512,0.7025880224980797,0.05837532432532632
0.1,2,FLAIRsag+SWIax+T1sag+FLAIRcor,0001111,4,Herniation of nucleus pulposus,5,42,2512,0.659600925390399,0.029389144097373098
0.1,2,FLAIRsag+SWIax+T1sag+FLAIRcor,0001111,4,Spinal cord compression,6,23,2512,0.5790172410781351,0.012915793947363327
0.1,2,FLAIRsag+SWIax+T1sag+FLAIRcor,0001111,4,Lacunar infarct,7,86,2512,0.8461579018002646,0.19131093474491642
0.1,2,FLAIRsag+SWIax+T1sag+FLAIRcor,0001111,4,Silent micro-hemorrhage of brain,8,77,2512,0.7368356489506387,0.07813275677141236
0.1,2,FLAIRsag+SWIax+T1sag+FLAIRcor,0001111,4,Gliosis,11,1027,2512,0.728574941233169,0.651825506336338
0.1,2,FLAIRsag+SWIax+T1sag+FLAIRcor,0001111,4,Cerebral atrophy,12,324,2512,0.8914801837181484,0.6017969025333599
0.1,2,FLAIRsag+SWIax+T1sag+FLAIRcor,0001111,4,Encephalomalacia,13,84,2512,0.7198066211657643,0.17375276632895176
0.1,2,FLAIRsag+SWIax+T1sag+FLAIRcor,0001111,4,Arachnoid cyst,14,69,2512,0.5721641839743248,0.051681998989941094
0.1,2,FLAIRsag+SWIax+T1sag+FLAIRcor,0001111,4,Empty sella syndrome,15,72,2512,0.6853711293260474,0.06014822136724843
0.1,2,FLAIRsag+SWIax+T1sag+FLAIRcor,0001111,4,Cyst of pineal gland,19,27,2512,0.6535807437215888,0.02320576454589887
0.1,2,FLAIRsag+SWIax+T1sag+FLAIRcor,0001111,4,Cerebral edema,22,197,2512,0.8401267390994507,0.45327134010945314
0.1,2,FLAIRsag+SWIax+T1sag+FLAIRcor,0001111,4,Mastoiditis,24,62,2512,0.6028505595786703,0.04861144767925809
0.1,2,FLAIRsag+SWIax+T1sag+FLAIRcor,0001111,4,Chronic mastoiditis,25,25,2512,0.447816646562123,0.010523768111466781
0.1,2,FLAIRsag+SWIax+T1sag+FLAIRcor,0001111,4,Ventriculomegaly,26,304,2512,0.8872148526887872,0.534030239563257
0.1,2,FLAIRsag+SWIax+T1sag+FLAIRcor,0001111,4,Cerebellar degeneration,27,94,2512,0.7603083258539677,0.12016342583190553
0.1,2,FLAIRsag+SWIax+T1sag+FLAIRcor,0001111,4,Mega cisterna magna,28,20,2512,0.5001404494382022,0.0095017140311044
0.1,2,FLAIRsag+SWIax+T1sag+FLAIRcor,0001111,4,Foraminal Spinal Stenosis,33,25,2512,0.6231121833534379,0.019252759470502603
0.1,2,FLAIRax+SWIax+T1sag+FLAIRcor,0010111,4,Cerebral infarction,0,161,2512,0.7631086018636182,0.20043737346786777
0.1,2,FLAIRax+SWIax+T1sag+FLAIRcor,0010111,4,Cerebral hemorrhage,1,127,2512,0.812852638703181,0.29776371314436473
0.1,2,FLAIRax+SWIax+T1sag+FLAIRcor,0010111,4,Metastatic malignant neoplasm to brain,2,144,2512,0.769850905593093,0.20282542898685943
0.1,2,FLAIRax+SWIax+T1sag+FLAIRcor,0010111,4,Intracranial meningioma,3,62,2512,0.6350954575378538,0.05630893048094217
0.1,2,FLAIRax+SWIax+T1sag+FLAIRcor,0010111,4,Demyelinating disease of central nervous system,4,66,2512,0.7352820932134096,0.11124975894374693
0.1,2,FLAIRax+SWIax+T1sag+FLAIRcor,0010111,4,Herniation of nucleus pulposus,5,42,2512,0.6774821669558513,0.03178481709048132
0.1,2,FLAIRax+SWIax+T1sag+FLAIRcor,0010111,4,Spinal cord compression,6,23,2512,0.5984243715827905,0.016055693992221214
0.1,2,FLAIRax+SWIax+T1sag+FLAIRcor,0010111,4,Lacunar infarct,7,86,2512,0.8375544009662762,0.19347130774683285
0.1,2,FLAIRax+SWIax+T1sag+FLAIRcor,0010111,4,Silent micro-hemorrhage of brain,8,77,2512,0.7316835115603082,0.07960510293510142
0.1,2,FLAIRax+SWIax+T1sag+FLAIRcor,0010111,4,Gliosis,11,1027,2512,0.7352420668876365,0.654118743923252
0.1,2,FLAIRax+SWIax+T1sag+FLAIRcor,0010111,4,Cerebral atrophy,12,324,2512,0.89453133816327,0.6138742078645699
0.1,2,FLAIRax+SWIax+T1sag+FLAIRcor,0010111,4,Encephalomalacia,13,84,2512,0.6780320859810152,0.14449375480862822
0.1,2,FLAIRax+SWIax+T1sag+FLAIRcor,0010111,4,Arachnoid cyst,14,69,2512,0.6060854141083367,0.06456076310689801
0.1,2,FLAIRax+SWIax+T1sag+FLAIRcor,0010111,4,Empty sella syndrome,15,72,2512,0.6917065118397085,0.0596445825477602
0.1,2,FLAIRax+SWIax+T1sag+FLAIRcor,0010111,4,Cyst of pineal gland,19,27,2512,0.6569491020195246,0.021580201450254008
0.1,2,FLAIRax+SWIax+T1sag+FLAIRcor,0010111,4,Cerebral edema,22,197,2512,0.8382388089155914,0.4693170156364752
0.1,2,FLAIRax+SWIax+T1sag+FLAIRcor,0010111,4,Mastoiditis,24,62,2512,0.6505924950625411,0.07899313957490589
0.1,2,FLAIRax+SWIax+T1sag+FLAIRcor,0010111,4,Chronic mastoiditis,25,25,2512,0.47382388419782867,0.015314088244101088
0.1,2,FLAIRax+SWIax+T1sag+FLAIRcor,0010111,4,Ventriculomegaly,26,304,2512,0.8838747258771931,0.5332046493034692
0.1,2,FLAIRax+SWIax+T1sag+FLAIRcor,0010111,4,Cerebellar degeneration,27,94,2512,0.7524109955475776,0.1273842804272152
0.1,2,FLAIRax+SWIax+T1sag+FLAIRcor,0010111,4,Mega cisterna magna,28,20,2512,0.5377808988764046,0.011265752294541272
0.1,2,FLAIRax+SWIax+T1sag+FLAIRcor,0010111,4,Foraminal Spinal Stenosis,33,25,2512,0.5979573783675111,0.016277320396068194
0.1,2,FLAIRax+FLAIRsag+T1sag+FLAIRcor,0011011,4,Cerebral infarction,0,161,2512,0.7266314585309278,0.17855446804921687
0.1,2,FLAIRax+FLAIRsag+T1sag+FLAIRcor,0011011,4,Cerebral hemorrhage,1,127,2512,0.7761534525165485,0.2276272891641192
0.1,2,FLAIRax+FLAIRsag+T1sag+FLAIRcor,0011011,4,Metastatic malignant neoplasm to brain,2,144,2512,0.7726339620870871,0.21542552440658563
0.1,2,FLAIRax+FLAIRsag+T1sag+FLAIRcor,0011011,4,Intracranial meningioma,3,62,2512,0.6463989466754444,0.04416616387549155
0.1,2,FLAIRax+FLAIRsag+T1sag+FLAIRcor,0011011,4,Demyelinating disease of central nervous system,4,66,2512,0.7306177060878614,0.09310178252303207
0.1,2,FLAIRax+FLAIRsag+T1sag+FLAIRcor,0011011,4,Herniation of nucleus pulposus,5,42,2512,0.6787834972045499,0.030611492112324286
0.1,2,FLAIRax+FLAIRsag+T1sag+FLAIRcor,0011011,4,Spinal cord compression,6,23,2512,0.6217443708840638,0.013801494575962747
0.1,2,FLAIRax+FLAIRsag+T1sag+FLAIRcor,0011011,4,Lacunar infarct,7,86,2512,0.8164746256638356,0.1506090537435999
0.1,2,FLAIRax+FLAIRsag+T1sag+FLAIRcor,0011011,4,Silent micro-hemorrhage of brain,8,77,2512,0.6636283634230246,0.06850350723205342
0.1,2,FLAIRax+FLAIRsag+T1sag+FLAIRcor,0011011,4,Gliosis,11,1027,2512,0.7362767565299211,0.6562658176019492
0.1,2,FLAIRax+FLAIRsag+T1sag+FLAIRcor,0011011,4,Cerebral atrophy,12,324,2512,0.8933901527975262,0.6280840320454688
0.1,2,FLAIRax+FLAIRsag+T1sag+FLAIRcor,0011011,4,Encephalomalacia,13,84,2512,0.7047540597787715,0.15222536043843723
0.1,2,FLAIRax+FLAIRsag+T1sag+FLAIRcor,0011011,4,Arachnoid cyst,14,69,2512,0.646805127931327,0.07050629158002186
0.1,2,FLAIRax+FLAIRsag+T1sag+FLAIRcor,0011011,4,Empty sella syndrome,15,72,2512,0.6795195810564663,0.05720347488006843
0.1,2,FLAIRax+FLAIRsag+T1sag+FLAIRcor,0011011,4,Cyst of pineal gland,19,27,2512,0.662374245472837,0.01931186783664039
0.1,2,FLAIRax+FLAIRsag+T1sag+FLAIRcor,0011011,4,Cerebral edema,22,197,2512,0.8431724243786385,0.4978430488671099
0.1,2,FLAIRax+FLAIRsag+T1sag+FLAIRcor,0011011,4,Mastoiditis,24,62,2512,0.6214483212639894,0.07786539526369957
0.1,2,FLAIRax+FLAIRsag+T1sag+FLAIRcor,0011011,4,Chronic mastoiditis,25,25,2512,0.5416164053075996,0.014580819754700488
0.1,2,FLAIRax+FLAIRsag+T1sag+FLAIRcor,0011011,4,Ventriculomegaly,26,304,2512,0.8848669312547675,0.539030232072258
0.1,2,FLAIRax+FLAIRsag+T1sag+FLAIRcor,0011011,4,Cerebellar degeneration,27,94,2512,0.7492784611864913,0.13450592395839625
0.1,2,FLAIRax+FLAIRsag+T1sag+FLAIRcor,0011011,4,Mega cisterna magna,28,20,2512,0.4980939004815409,0.009180739122290529
0.1,2,FLAIRax+FLAIRsag+T1sag+FLAIRcor,0011011,4,Foraminal Spinal Stenosis,33,25,2512,0.5742822677925211,0.012984609220713785
0.1,2,FLAIRax+FLAIRsag+SWIax+FLAIRcor,0011101,4,Cerebral infarction,0,161,2512,0.771256317517853,0.23492560211581048
0.1,2,FLAIRax+FLAIRsag+SWIax+FLAIRcor,0011101,4,Cerebral hemorrhage,1,127,2512,0.8255666154938179,0.2804163028558806
0.1,2,FLAIRax+FLAIRsag+SWIax+FLAIRcor,0011101,4,Metastatic malignant neoplasm to brain,2,144,2512,0.7820828641141141,0.22306266160332094
0.1,2,FLAIRax+FLAIRsag+SWIax+FLAIRcor,0011101,4,Intracranial meningioma,3,62,2512,0.7106056616194865,0.06603302919830226
0.1,2,FLAIRax+FLAIRsag+SWIax+FLAIRcor,0011101,4,Demyelinating disease of central nervous system,4,66,2512,0.711681409351074,0.08376564136558264
0.1,2,FLAIRax+FLAIRsag+SWIax+FLAIRcor,0011101,4,Herniation of nucleus pulposus,5,42,2512,0.7062367457104299,0.03151382210814138
0.1,2,FLAIRax+FLAIRsag+SWIax+FLAIRcor,0011101,4,Spinal cord compression,6,23,2512,0.5668069942529739,0.013639101122378837
0.1,2,FLAIRax+FLAIRsag+SWIax+FLAIRcor,0011101,4,Lacunar infarct,7,86,2512,0.8350668149312679,0.20332320695459827
0.1,2,FLAIRax+FLAIRsag+SWIax+FLAIRcor,0011101,4,Silent micro-hemorrhage of brain,8,77,2512,0.7450172004586789,0.09055274568297658
0.1,2,FLAIRax+FLAIRsag+SWIax+FLAIRcor,0011101,4,Gliosis,11,1027,2512,0.7335556145682729,0.6542912285289719
0.1,2,FLAIRax+FLAIRsag+SWIax+FLAIRcor,0011101,4,Cerebral atrophy,12,324,2512,0.898730731035728,0.6145853301196106
0.1,2,FLAIRax+FLAIRsag+SWIax+FLAIRcor,0011101,4,Encephalomalacia,13,84,2512,0.7145749980387542,0.1691854788925567
0.1,2,FLAIRax+FLAIRsag+SWIax+FLAIRcor,0011101,4,Arachnoid cyst,14,69,2512,0.6119228556004437,0.08352827210661122
0.1,2,FLAIRax+FLAIRsag+SWIax+FLAIRcor,0011101,4,Empty sella syndrome,15,72,2512,0.6952299635701276,0.0815771136866086
0.1,2,FLAIRax+FLAIRsag+SWIax+FLAIRcor,0011101,4,Cyst of pineal gland,19,27,2512,0.6857589984350547,0.021732475746619878
0.1,2,FLAIRax+FLAIRsag+SWIax+FLAIRcor,0011101,4,Cerebral edema,22,197,2512,0.8335200798149347,0.4904443606705275
0.1,2,FLAIRax+FLAIRsag+SWIax+FLAIRcor,0011101,4,Mastoiditis,24,62,2512,0.6907570770243582,0.07272644628131301
0.1,2,FLAIRax+FLAIRsag+SWIax+FLAIRcor,0011101,4,Chronic mastoiditis,25,25,2512,0.5377724165661439,0.017174998960461988
0.1,2,FLAIRax+FLAIRsag+SWIax+FLAIRcor,0011101,4,Ventriculomegaly,26,304,2512,0.888533323798627,0.5335760032718543
0.1,2,FLAIRax+FLAIRsag+SWIax+FLAIRcor,0011101,4,Cerebellar degeneration,27,94,2512,0.7170423948049205,0.10264155370124789
0.1,2,FLAIRax+FLAIRsag+SWIax+FLAIRcor,0011101,4,Mega cisterna magna,28,20,2512,0.5956059390048154,0.011960262201606224
0.1,2,FLAIRax+FLAIRsag+SWIax+FLAIRcor,0011101,4,Foraminal Spinal Stenosis,33,25,2512,0.552183353437877,0.014240504949528249
0.1,2,FLAIRax+FLAIRsag+SWIax+T1sag,0011110,4,Cerebral infarction,0,161,2512,0.7580228844075867,0.19745397580907792
0.1,2,FLAIRax+FLAIRsag+SWIax+T1sag,0011110,4,Cerebral hemorrhage,1,127,2512,0.8110731441588669,0.29018753330573704
0.1,2,FLAIRax+FLAIRsag+SWIax+T1sag,0011110,4,Metastatic malignant neoplasm to brain,2,144,2512,0.7893498967717718,0.21982796617671047
0.1,2,FLAIRax+FLAIRsag+SWIax+T1sag,0011110,4,Intracranial meningioma,3,62,2512,0.5958788676761028,0.054768521747223964
0.1,2,FLAIRax+FLAIRsag+SWIax+T1sag,0011110,4,Demyelinating disease of central nervous system,4,66,2512,0.7118052974553384,0.08023342165356301
0.1,2,FLAIRax+FLAIRsag+SWIax+T1sag,0011110,4,Herniation of nucleus pulposus,5,42,2512,0.7140447272026218,0.03421151231314379
0.1,2,FLAIRax+FLAIRsag+SWIax+T1sag,0011110,4,Spinal cord compression,6,23,2512,0.6328017188673642,0.015628605570009634
0.1,2,FLAIRax+FLAIRsag+SWIax+T1sag,0011110,4,Lacunar infarct,7,86,2512,0.8300916428612511,0.18763102048684052
0.1,2,FLAIRax+FLAIRsag+SWIax+T1sag,0011110,4,Silent micro-hemorrhage of brain,8,77,2512,0.7354062775007333,0.0762458701936655
0.1,2,FLAIRax+FLAIRsag+SWIax+T1sag,0011110,4,Gliosis,11,1027,2512,0.7363672426963567,0.6530542317061805
0.1,2,FLAIRax+FLAIRsag+SWIax+T1sag,0011110,4,Cerebral atrophy,12,324,2512,0.8989084681878711,0.612740831057311
0.1,2,FLAIRax+FLAIRsag+SWIax+T1sag,0011110,4,Encephalomalacia,13,84,2512,0.710230838628697,0.18273311545867632
0.1,2,FLAIRax+FLAIRsag+SWIax+T1sag,0011110,4,Arachnoid cyst,14,69,2512,0.6255079582599203,0.060935233002070294
0.1,2,FLAIRax+FLAIRsag+SWIax+T1sag,0011110,4,Empty sella syndrome,15,72,2512,0.6223189890710383,0.044307190870165235
0.1,2,FLAIRax+FLAIRsag+SWIax+T1sag,0011110,4,Cyst of pineal gland,19,27,2512,0.6630002235636039,0.0224849888579156
0.1,2,FLAIRax+FLAIRsag+SWIax+T1sag,0011110,4,Cerebral edema,22,197,2512,0.8387869884114854,0.47725831529015433
0.1,2,FLAIRax+FLAIRsag+SWIax+T1sag,0011110,4,Mastoiditis,24,62,2512,0.6414878209348256,0.07061389348471986
0.1,2,FLAIRax+FLAIRsag+SWIax+T1sag,0011110,4,Chronic mastoiditis,25,25,2512,0.5199195818254926,0.05015667845573207
0.1,2,FLAIRax+FLAIRsag+SWIax+T1sag,0011110,4,Ventriculomegaly,26,304,2512,0.887946343440122,0.5436821994583924
0.1,2,FLAIRax+FLAIRsag+SWIax+T1sag,0011110,4,Cerebellar degeneration,27,94,2512,0.7610650616827693,0.12111097745493572
0.1,2,FLAIRax+FLAIRsag+SWIax+T1sag,0011110,4,Mega cisterna magna,28,20,2512,0.5667536115569823,0.011560406550998655
0.1,2,FLAIRax+FLAIRsag+SWIax+T1sag,0011110,4,Foraminal Spinal Stenosis,33,25,2512,0.6067390430237234,0.017373894851339715
0.1,2,T2ax+SWIax+T1sag+FLAIRcor,0100111,4,Cerebral infarction,0,161,2512,0.7683475513261173,0.21552487342764984
0.1,2,T2ax+SWIax+T1sag+FLAIRcor,0100111,4,Cerebral hemorrhage,1,127,2512,0.8274484557354858,0.30755028548038205
0.1,2,T2ax+SWIax+T1sag+FLAIRcor,0100111,4,Metastatic malignant neoplasm to brain,2,144,2512,0.7310435435435436,0.1616826122941044
0.1,2,T2ax+SWIax+T1sag+FLAIRcor,0100111,4,Intracranial meningioma,3,62,2512,0.5978933508887426,0.04526941991354714
0.1,2,T2ax+SWIax+T1sag+FLAIRcor,0100111,4,Demyelinating disease of central nervous system,4,66,2512,0.7693265442652197,0.09193709463443724
0.1,2,T2ax+SWIax+T1sag+FLAIRcor,0100111,4,Herniation of nucleus pulposus,5,42,2512,0.6491420859841912,0.036950866561869945
0.1,2,T2ax+SWIax+T1sag+FLAIRcor,0100111,4,Spinal cord compression,6,23,2512,0.47827833772948797,0.009773554988859592
0.1,2,T2ax+SWIax+T1sag+FLAIRcor,0100111,4,Lacunar infarct,7,86,2512,0.8624158822063307,0.19102664727517082
0.1,2,T2ax+SWIax+T1sag+FLAIRcor,0100111,4,Silent micro-hemorrhage of brain,8,77,2512,0.7071441905117469,0.07161357681592616
0.1,2,T2ax+SWIax+T1sag+FLAIRcor,0100111,4,Gliosis,11,1027,2512,0.7361036525593487,0.6783185599115547
0.1,2,T2ax+SWIax+T1sag+FLAIRcor,0100111,4,Cerebral atrophy,12,324,2512,0.8916156025007337,0.6015565753161426
0.1,2,T2ax+SWIax+T1sag+FLAIRcor,0100111,4,Encephalomalacia,13,84,2512,0.6593708323527105,0.11627424532788182
0.1,2,T2ax+SWIax+T1sag+FLAIRcor,0100111,4,Arachnoid cyst,14,69,2512,0.6113414843949291,0.05234009640230732
0.1,2,T2ax+SWIax+T1sag+FLAIRcor,0100111,4,Empty sella syndrome,15,72,2512,0.701941029143898,0.07126413522155749
0.1,2,T2ax+SWIax+T1sag+FLAIRcor,0100111,4,Cyst of pineal gland,19,27,2512,0.615664356509427,0.02034964537568057
0.1,2,T2ax+SWIax+T1sag+FLAIRcor,0100111,4,Cerebral edema,22,197,2512,0.838789181129469,0.4512958120993747
0.1,2,T2ax+SWIax+T1sag+FLAIRcor,0100111,4,Mastoiditis,24,62,2512,0.6095391705069124,0.034773745236914
0.1,2,T2ax+SWIax+T1sag+FLAIRcor,0100111,4,Chronic mastoiditis,25,25,2512,0.47961399276236427,0.012411907846964922
0.1,2,T2ax+SWIax+T1sag+FLAIRcor,0100111,4,Ventriculomegaly,26,304,2512,0.8885318340007627,0.5484122838469793
0.1,2,T2ax+SWIax+T1sag+FLAIRcor,0100111,4,Cerebellar degeneration,27,94,2512,0.8158976118825123,0.17422234554309435
0.1,2,T2ax+SWIax+T1sag+FLAIRcor,0100111,4,Mega cisterna magna,28,20,2512,0.559991974317817,0.010228025688257814
0.1,2,T2ax+SWIax+T1sag+FLAIRcor,0100111,4,Foraminal Spinal Stenosis,33,25,2512,0.5878729392842782,0.016597179420761554
0.1,2,T2ax+FLAIRsag+T1sag+FLAIRcor,0101011,4,Cerebral infarction,0,161,2512,0.7566860672477155,0.1998175079814396
0.1,2,T2ax+FLAIRsag+T1sag+FLAIRcor,0101011,4,Cerebral hemorrhage,1,127,2512,0.7847306822496245,0.2403009318944437
0.1,2,T2ax+FLAIRsag+T1sag+FLAIRcor,0101011,4,Metastatic malignant neoplasm to brain,2,144,2512,0.7439001501501502,0.19302027496121987
0.1,2,T2ax+FLAIRsag+T1sag+FLAIRcor,0101011,4,Intracranial meningioma,3,62,2512,0.6106583278472679,0.03820879055355414
0.1,2,T2ax+FLAIRsag+T1sag+FLAIRcor,0101011,4,Demyelinating disease of central nervous system,4,66,2512,0.7645506578458336,0.08550360242415371
0.1,2,T2ax+FLAIRsag+T1sag+FLAIRcor,0101011,4,Herniation of nucleus pulposus,5,42,2512,0.6602564102564102,0.029006973810267758
0.1,2,T2ax+FLAIRsag+T1sag+FLAIRcor,0101011,4,Spinal cord compression,6,23,2512,0.5054238650060265,0.009792352921124015
0.1,2,T2ax+FLAIRsag+T1sag+FLAIRcor,0101011,4,Lacunar infarct,7,86,2512,0.8523600912594184,0.1644513141162874
0.1,2,T2ax+FLAIRsag+T1sag+FLAIRcor,0101011,4,Silent micro-hemorrhage of brain,8,77,2512,0.6446518573828635,0.056993252597955596
0.1,2,T2ax+FLAIRsag+T1sag+FLAIRcor,0101011,4,Gliosis,11,1027,2512,0.7477048970719857,0.6814355698092387
0.1,2,T2ax+FLAIRsag+T1sag+FLAIRcor,0101011,4,Cerebral atrophy,12,324,2512,0.8899595436387027,0.6301764097683453
0.1,2,T2ax+FLAIRsag+T1sag+FLAIRcor,0101011,4,Encephalomalacia,13,84,2512,0.6713246254020553,0.14575117018800096
0.1,2,T2ax+FLAIRsag+T1sag+FLAIRcor,0101011,4,Arachnoid cyst,14,69,2512,0.6296072184947231,0.05135611282247286
0.1,2,T2ax+FLAIRsag+T1sag+FLAIRcor,0101011,4,Empty sella syndrome,15,72,2512,0.7001479963570126,0.0641353327051215
0.1,2,T2ax+FLAIRsag+T1sag+FLAIRcor,0101011,4,Cyst of pineal gland,19,27,2512,0.6301512780386019,0.020203827745869443
0.1,2,T2ax+FLAIRsag+T1sag+FLAIRcor,0101011,4,Cerebral edema,22,197,2512,0.838219074453739,0.452105102646846
0.1,2,T2ax+FLAIRsag+T1sag+FLAIRcor,0101011,4,Mastoiditis,24,62,2512,0.5823304805793285,0.033098627005044644
0.1,2,T2ax+FLAIRsag+T1sag+FLAIRcor,0101011,4,Chronic mastoiditis,25,25,2512,0.5353759549658224,0.013138744158972624
0.1,2,T2ax+FLAIRsag+T1sag+FLAIRcor,0101011,4,Ventriculomegaly,26,304,2512,0.8826918263729977,0.5479733387610909
0.1,2,T2ax+FLAIRsag+T1sag+FLAIRcor,0101011,4,Cerebellar degeneration,27,94,2512,0.7707662390229308,0.1549877781815872
0.1,2,T2ax+FLAIRsag+T1sag+FLAIRcor,0101011,4,Mega cisterna magna,28,20,2512,0.5068418940609952,0.008987875254021345
0.1,2,T2ax+FLAIRsag+T1sag+FLAIRcor,0101011,4,Foraminal Spinal Stenosis,33,25,2512,0.5490148773622839,0.014313780936210937
0.1,2,T2ax+FLAIRsag+SWIax+FLAIRcor,0101101,4,Cerebral infarction,0,161,2512,0.7734861074050687,0.23519695551238248
0.1,2,T2ax+FLAIRsag+SWIax+FLAIRcor,0101101,4,Cerebral hemorrhage,1,127,2512,0.8152330015351854,0.2756262036674364
0.1,2,T2ax+FLAIRsag+SWIax+FLAIRcor,0101101,4,Metastatic malignant neoplasm to brain,2,144,2512,0.7511261261261261,0.18720457527340498
0.1,2,T2ax+FLAIRsag+SWIax+FLAIRcor,0101101,4,Intracranial meningioma,3,62,2512,0.6796379196840026,0.043848915129818526
0.1,2,T2ax+FLAIRsag+SWIax+FLAIRcor,0101101,4,Demyelinating disease of central nervous system,4,66,2512,0.7416871082038703,0.0640129515741072
0.1,2,T2ax+FLAIRsag+SWIax+FLAIRcor,0101101,4,Herniation of nucleus pulposus,5,42,2512,0.6645459803354541,0.030694337520957994
0.1,2,T2ax+FLAIRsag+SWIax+FLAIRcor,0101101,4,Spinal cord compression,6,23,2512,0.4225024892134085,0.008155551178562825
0.1,2,T2ax+FLAIRsag+SWIax+FLAIRcor,0101101,4,Lacunar infarct,7,86,2512,0.8599330892079986,0.19597674031889165
0.1,2,T2ax+FLAIRsag+SWIax+FLAIRcor,0101101,4,Silent micro-hemorrhage of brain,8,77,2512,0.7209632256860183,0.0822682031166378
0.1,2,T2ax+FLAIRsag+SWIax+FLAIRcor,0101101,4,Gliosis,11,1027,2512,0.7302968011828771,0.6628198585580769
0.1,2,T2ax+FLAIRsag+SWIax+FLAIRcor,0101101,4,Cerebral atrophy,12,324,2512,0.8901979371205453,0.6136604451121447
0.1,2,T2ax+FLAIRsag+SWIax+FLAIRcor,0101101,4,Encephalomalacia,13,84,2512,0.6690299678355692,0.1439918298878593
0.1,2,T2ax+FLAIRsag+SWIax+FLAIRcor,0101101,4,Arachnoid cyst,14,69,2512,0.617730635296351,0.05128893287215247
0.1,2,T2ax+FLAIRsag+SWIax+FLAIRcor,0101101,4,Empty sella syndrome,15,72,2512,0.7105703551912569,0.11039604618961463
0.1,2,T2ax+FLAIRsag+SWIax+FLAIRcor,0101101,4,Cyst of pineal gland,19,27,2512,0.6630747447648856,0.024289349356068347
0.1,2,T2ax+FLAIRsag+SWIax+FLAIRcor,0101101,4,Cerebral edema,22,197,2512,0.8463036256591859,0.4785483436482206
0.1,2,T2ax+FLAIRsag+SWIax+FLAIRcor,0101101,4,Mastoiditis,24,62,2512,0.6599736668861093,0.041322352364587644
0.1,2,T2ax+FLAIRsag+SWIax+FLAIRcor,0101101,4,Chronic mastoiditis,25,25,2512,0.6007076799356655,0.016296649457401464
0.1,2,T2ax+FLAIRsag+SWIax+FLAIRcor,0101101,4,Ventriculomegaly,26,304,2512,0.8864297292143402,0.5371482859044383
0.1,2,T2ax+FLAIRsag+SWIax+FLAIRcor,0101101,4,Cerebellar degeneration,27,94,2512,0.7380638121887265,0.14058462871182384
0.1,2,T2ax+FLAIRsag+SWIax+FLAIRcor,0101101,4,Mega cisterna magna,28,20,2512,0.5799157303370787,0.012713562870154963
0.1,2,T2ax+FLAIRsag+SWIax+FLAIRcor,0101101,4,Foraminal Spinal Stenosis,33,25,2512,0.5551588258946523,0.018908227794167703
0.1,2,T2ax+FLAIRsag+SWIax+T1sag,0101110,4,Cerebral infarction,0,161,2512,0.7725244444679281,0.21265007959860946
0.1,2,T2ax+FLAIRsag+SWIax+T1sag,0101110,4,Cerebral hemorrhage,1,127,2512,0.8077221479390548,0.2792298634808651
0.1,2,T2ax+FLAIRsag+SWIax+T1sag,0101110,4,Metastatic malignant neoplasm to brain,2,144,2512,0.7607803115615615,0.1903588628737695
0.1,2,T2ax+FLAIRsag+SWIax+T1sag,0101110,4,Intracranial meningioma,3,62,2512,0.5818235681369321,0.06206384024569192
0.1,2,T2ax+FLAIRsag+SWIax+T1sag,0101110,4,Demyelinating disease of central nervous system,4,66,2512,0.7384350454669344,0.07184330789887118
0.1,2,T2ax+FLAIRsag+SWIax+T1sag,0101110,4,Herniation of nucleus pulposus,5,42,2512,0.6752458068247542,0.03121488936067245
0.1,2,T2ax+FLAIRsag+SWIax+T1sag,0101110,4,Spinal cord compression,6,23,2512,0.4986112809404859,0.009827146623291597
0.1,2,T2ax+FLAIRsag+SWIax+T1sag,0101110,4,Lacunar infarct,7,86,2512,0.8677553250637473,0.18138229646325774
0.1,2,T2ax+FLAIRsag+SWIax+T1sag,0101110,4,Silent micro-hemorrhage of brain,8,77,2512,0.6843435824955332,0.06043107417974728
0.1,2,T2ax+FLAIRsag+SWIax+T1sag,0101110,4,Gliosis,11,1027,2512,0.740726971106718,0.6717447381280754
0.1,2,T2ax+FLAIRsag+SWIax+T1sag,0101110,4,Cerebral atrophy,12,324,2512,0.8981820028437943,0.6172088464215986
0.1,2,T2ax+FLAIRsag+SWIax+T1sag,0101110,4,Encephalomalacia,13,84,2512,0.6944281007295834,0.15760491081030192
0.1,2,T2ax+FLAIRsag+SWIax+T1sag,0101110,4,Arachnoid cyst,14,69,2512,0.5974775608511749,0.04178483561471069
0.1,2,T2ax+FLAIRsag+SWIax+T1sag,0101110,4,Empty sella syndrome,15,72,2512,0.6513262750455373,0.05769482154683725
0.1,2,T2ax+FLAIRsag+SWIax+T1sag,0101110,4,Cyst of pineal gland,19,27,2512,0.6354124748490946,0.024250092520891334
0.1,2,T2ax+FLAIRsag+SWIax+T1sag,0101110,4,Cerebral edema,22,197,2512,0.8364802490927629,0.44967367179601564
0.1,2,T2ax+FLAIRsag+SWIax+T1sag,0101110,4,Mastoiditis,24,62,2512,0.6156550362080315,0.037652593604479874
0.1,2,T2ax+FLAIRsag+SWIax+T1sag,0101110,4,Chronic mastoiditis,25,25,2512,0.5144511459589867,0.015021291540576505
0.1,2,T2ax+FLAIRsag+SWIax+T1sag,0101110,4,Ventriculomegaly,26,304,2512,0.8951398324275363,0.5715735778458417
0.1,2,T2ax+FLAIRsag+SWIax+T1sag,0101110,4,Cerebellar degeneration,27,94,2512,0.8025183464442216,0.15694481273126798
0.1,2,T2ax+FLAIRsag+SWIax+T1sag,0101110,4,Mega cisterna magna,28,20,2512,0.5636436597110754,0.01251474611082707
0.1,2,T2ax+FLAIRsag+SWIax+T1sag,0101110,4,Foraminal Spinal Stenosis,33,25,2512,0.5616244471250502,0.014888328564193434
0.1,2,T2ax+FLAIRax+T1sag+FLAIRcor,0110011,4,Cerebral infarction,0,161,2512,0.7521895004372398,0.19285481300319973
0.1,2,T2ax+FLAIRax+T1sag+FLAIRcor,0110011,4,Cerebral hemorrhage,1,127,2512,0.814876442331501,0.2680834836732218
0.1,2,T2ax+FLAIRax+T1sag+FLAIRcor,0110011,4,Metastatic malignant neoplasm to brain,2,144,2512,0.7664021443318318,0.20038533644444997
0.1,2,T2ax+FLAIRax+T1sag+FLAIRcor,0110011,4,Intracranial meningioma,3,62,2512,0.6293482554312048,0.04369565323232591
0.1,2,T2ax+FLAIRax+T1sag+FLAIRcor,0110011,4,Demyelinating disease of central nervous system,4,66,2512,0.7710238112936396,0.11900824900240053
0.1,2,T2ax+FLAIRax+T1sag+FLAIRcor,0110011,4,Herniation of nucleus pulposus,5,42,2512,0.6715249662618084,0.0356637597525902
0.1,2,T2ax+FLAIRax+T1sag+FLAIRcor,0110011,4,Spinal cord compression,6,23,2512,0.5281499467220989,0.01188207510005649
0.1,2,T2ax+FLAIRax+T1sag+FLAIRcor,0110011,4,Lacunar infarct,7,86,2512,0.8483722847447228,0.15718269853573574
0.1,2,T2ax+FLAIRax+T1sag+FLAIRcor,0110011,4,Silent micro-hemorrhage of brain,8,77,2512,0.6587162324328649,0.05960724156402601
0.1,2,T2ax+FLAIRax+T1sag+FLAIRcor,0110011,4,Gliosis,11,1027,2512,0.7470223166425698,0.6844871908120433
0.1,2,T2ax+FLAIRax+T1sag+FLAIRcor,0110011,4,Cerebral atrophy,12,324,2512,0.8941758638589838,0.6389756090346831
0.1,2,T2ax+FLAIRax+T1sag+FLAIRcor,0110011,4,Encephalomalacia,13,84,2512,0.6460981015140816,0.11845692598766208
0.1,2,T2ax+FLAIRax+T1sag+FLAIRcor,0110011,4,Arachnoid cyst,14,69,2512,0.6611317754957969,0.06852054407514079
0.1,2,T2ax+FLAIRax+T1sag+FLAIRcor,0110011,4,Empty sella syndrome,15,72,2512,0.7053335610200364,0.06769267021205999
0.1,2,T2ax+FLAIRax+T1sag+FLAIRcor,0110011,4,Cyst of pineal gland,19,27,2512,0.6701244504061405,0.019263616929106872
0.1,2,T2ax+FLAIRax+T1sag+FLAIRcor,0110011,4,Cerebral edema,22,197,2512,0.8368595893039217,0.4806908533633559
0.1,2,T2ax+FLAIRax+T1sag+FLAIRcor,0110011,4,Mastoiditis,24,62,2512,0.6215536537195523,0.046306042616668985
0.1,2,T2ax+FLAIRax+T1sag+FLAIRcor,0110011,4,Chronic mastoiditis,25,25,2512,0.5492882991556092,0.01636172567705378
0.1,2,T2ax+FLAIRax+T1sag+FLAIRcor,0110011,4,Ventriculomegaly,26,304,2512,0.8892096920289856,0.5623268067654927
0.1,2,T2ax+FLAIRax+T1sag+FLAIRcor,0110011,4,Cerebellar degeneration,27,94,2512,0.7794731006810622,0.17011666154095234
0.1,2,T2ax+FLAIRax+T1sag+FLAIRcor,0110011,4,Mega cisterna magna,28,20,2512,0.5544943820224719,0.010470516486389159
0.1,2,T2ax+FLAIRax+T1sag+FLAIRcor,0110011,4,Foraminal Spinal Stenosis,33,25,2512,0.5186811419380779,0.011895767822444558
0.1,2,T2ax+FLAIRax+SWIax+FLAIRcor,0110101,4,Cerebral infarction,0,161,2512,0.7851449495523246,0.2685379109823357
0.1,2,T2ax+FLAIRax+SWIax+FLAIRcor,0110101,4,Cerebral hemorrhage,1,127,2512,0.8266032783637894,0.2994174591405071
0.1,2,T2ax+FLAIRax+SWIax+FLAIRcor,0110101,4,Metastatic malignant neoplasm to brain,2,144,2512,0.7614078922672673,0.1931860805596547
0.1,2,T2ax+FLAIRax+SWIax+FLAIRcor,0110101,4,Intracranial meningioma,3,62,2512,0.6868005266622778,0.05114557875528906
0.1,2,T2ax+FLAIRax+SWIax+FLAIRcor,0110101,4,Demyelinating disease of central nervous system,4,66,2512,0.7978022250303526,0.11461689391099847
0.1,2,T2ax+FLAIRax+SWIax+FLAIRcor,0110101,4,Herniation of nucleus pulposus,5,42,2512,0.6784557547715443,0.03578396319666291
0.1,2,T2ax+FLAIRax+SWIax+FLAIRcor,0110101,4,Spinal cord compression,6,23,2512,0.46957919192272085,0.011536031123049545
0.1,2,T2ax+FLAIRax+SWIax+FLAIRcor,0110101,4,Lacunar infarct,7,86,2512,0.855911731436569,0.20779277903881124
0.1,2,T2ax+FLAIRax+SWIax+FLAIRcor,0110101,4,Silent micro-hemorrhage of brain,8,77,2512,0.7187018320488545,0.08308761684893347
0.1,2,T2ax+FLAIRax+SWIax+FLAIRcor,0110101,4,Gliosis,11,1027,2512,0.733002206419928,0.6662252492040439
0.1,2,T2ax+FLAIRax+SWIax+FLAIRcor,0110101,4,Cerebral atrophy,12,324,2512,0.8966303292933396,0.6137699170964636
0.1,2,T2ax+FLAIRax+SWIax+FLAIRcor,0110101,4,Encephalomalacia,13,84,2512,0.6296726680787635,0.11655066163012849
0.1,2,T2ax+FLAIRax+SWIax+FLAIRcor,0110101,4,Arachnoid cyst,14,69,2512,0.6250155724430049,0.0699032701178356
0.1,2,T2ax+FLAIRax+SWIax+FLAIRcor,0110101,4,Empty sella syndrome,15,72,2512,0.7360029599271402,0.10535944939367907
0.1,2,T2ax+FLAIRax+SWIax+FLAIRcor,0110101,4,Cyst of pineal gland,19,27,2512,0.7054325955734406,0.022603359178268192
0.1,2,T2ax+FLAIRax+SWIax+FLAIRcor,0110101,4,Cerebral edema,22,197,2512,0.8393614805231825,0.5025228123327043
0.1,2,T2ax+FLAIRax+SWIax+FLAIRcor,0110101,4,Mastoiditis,24,62,2512,0.6966359447004609,0.061131303351041846
0.1,2,T2ax+FLAIRax+SWIax+FLAIRcor,0110101,4,Chronic mastoiditis,25,25,2512,0.6090550864495375,0.020751387858984456
0.1,2,T2ax+FLAIRax+SWIax+FLAIRcor,0110101,4,Ventriculomegaly,26,304,2512,0.8883009153318078,0.5564699621660951
0.1,2,T2ax+FLAIRax+SWIax+FLAIRcor,0110101,4,Cerebellar degeneration,27,94,2512,0.7446236559139785,0.1343318764618896
0.1,2,T2ax+FLAIRax+SWIax+FLAIRcor,0110101,4,Mega cisterna magna,28,20,2512,0.636938202247191,0.04189148463544791
0.1,2,T2ax+FLAIRax+SWIax+FLAIRcor,0110101,4,Foraminal Spinal Stenosis,33,25,2512,0.5751829513470045,0.014010560193080123
0.1,2,T2ax+FLAIRax+SWIax+T1sag,0110110,4,Cerebral infarction,0,161,2512,0.7717371489864232,0.21767777940667357
0.1,2,T2ax+FLAIRax+SWIax+T1sag,0110110,4,Cerebral hemorrhage,1,127,2512,0.8223674870829827,0.30656370505446234
0.1,2,T2ax+FLAIRax+SWIax+T1sag,0110110,4,Metastatic malignant neoplasm to brain,2,144,2512,0.7725489161036037,0.19157402929395193
0.1,2,T2ax+FLAIRax+SWIax+T1sag,0110110,4,Intracranial meningioma,3,62,2512,0.5914680710994075,0.06916767724286241
0.1,2,T2ax+FLAIRax+SWIax+T1sag,0110110,4,Demyelinating disease of central nervous system,4,66,2512,0.7686761317178324,0.11074335609293541
0.1,2,T2ax+FLAIRax+SWIax+T1sag,0110110,4,Herniation of nucleus pulposus,5,42,2512,0.7035858877964141,0.03810930286195688
0.1,2,T2ax+FLAIRax+SWIax+T1sag,0110110,4,Spinal cord compression,6,23,2512,0.5229269656051845,0.010745266958897121
0.1,2,T2ax+FLAIRax+SWIax+T1sag,0110110,4,Lacunar infarct,7,86,2512,0.850946145439905,0.19794269793190988
0.1,2,T2ax+FLAIRax+SWIax+T1sag,0110110,4,Silent micro-hemorrhage of brain,8,77,2512,0.6876663377690072,0.06210722636514162
0.1,2,T2ax+FLAIRax+SWIax+T1sag,0110110,4,Gliosis,11,1027,2512,0.737367180405155,0.6662692113926773
0.1,2,T2ax+FLAIRax+SWIax+T1sag,0110110,4,Cerebral atrophy,12,324,2512,0.8962297153948585,0.6159377906563943
0.1,2,T2ax+FLAIRax+SWIax+T1sag,0110110,4,Encephalomalacia,13,84,2512,0.6333254883502,0.12103373423266853
0.1,2,T2ax+FLAIRax+SWIax+T1sag,0110110,4,Arachnoid cyst,14,69,2512,0.621912948560513,0.056862900446050454
0.1,2,T2ax+FLAIRax+SWIax+T1sag,0110110,4,Empty sella syndrome,15,72,2512,0.6451730418943533,0.05434457443919162
0.1,2,T2ax+FLAIRax+SWIax+T1sag,0110110,4,Cyst of pineal gland,19,27,2512,0.6730903942171548,0.02469486701632718
0.1,2,T2ax+FLAIRax+SWIax+T1sag,0110110,4,Cerebral edema,22,197,2512,0.8305226343313853,0.4707538354942117
0.1,2,T2ax+FLAIRax+SWIax+T1sag,0110110,4,Mastoiditis,24,62,2512,0.6539038841342988,0.06512161535043799
0.1,2,T2ax+FLAIRax+SWIax+T1sag,0110110,4,Chronic mastoiditis,25,25,2512,0.5996622436670688,0.028777417762526625
0.1,2,T2ax+FLAIRax+SWIax+T1sag,0110110,4,Ventriculomegaly,26,304,2512,0.8899620399504196,0.5473947998229345
0.1,2,T2ax+FLAIRax+SWIax+T1sag,0110110,4,Cerebellar degeneration,27,94,2512,0.8133150308853809,0.16597413005344316
0.1,2,T2ax+FLAIRax+SWIax+T1sag,0110110,4,Mega cisterna magna,28,20,2512,0.6359149277688604,0.015326194315985458
0.1,2,T2ax+FLAIRax+SWIax+T1sag,0110110,4,Foraminal Spinal Stenosis,33,25,2512,0.5189545637314033,0.01333718421449143
0.1,2,T2ax+FLAIRax+FLAIRsag+FLAIRcor,0111001,4,Cerebral infarction,0,161,2512,0.7397354370150406,0.2014756327876346
0.1,2,T2ax+FLAIRax+FLAIRsag+FLAIRcor,0111001,4,Cerebral hemorrhage,1,127,2512,0.8068241469816273,0.25191341820401225
0.1,2,T2ax+FLAIRax+FLAIRsag+FLAIRcor,0111001,4,Metastatic malignant neoplasm to brain,2,144,2512,0.775290915915916,0.22215180661191414
0.1,2,T2ax+FLAIRax+FLAIRsag+FLAIRcor,0111001,4,Intracranial meningioma,3,62,2512,0.6604542462146149,0.0486519195888523
0.1,2,T2ax+FLAIRax+FLAIRsag+FLAIRcor,0111001,4,Demyelinating disease of central nervous system,4,66,2512,0.7572784261255234,0.0860551586782995
0.1,2,T2ax+FLAIRax+FLAIRsag+FLAIRcor,0111001,4,Herniation of nucleus pulposus,5,42,2512,0.6950163871216503,0.035246759336010104
0.1,2,T2ax+FLAIRax+FLAIRsag+FLAIRcor,0111001,4,Spinal cord compression,6,23,2512,0.49714395514175413,0.0100307206272973
0.1,2,T2ax+FLAIRax+FLAIRsag+FLAIRcor,0111001,4,Lacunar infarct,7,86,2512,0.8412546252803925,0.15694238109538336
0.1,2,T2ax+FLAIRax+FLAIRsag+FLAIRcor,0111001,4,Silent micro-hemorrhage of brain,8,77,2512,0.6767807141523774,0.0663566320460449
0.1,2,T2ax+FLAIRax+FLAIRsag+FLAIRcor,0111001,4,Gliosis,11,1027,2512,0.7431543608758798,0.6802613031734627
0.1,2,T2ax+FLAIRax+FLAIRsag+FLAIRcor,0111001,4,Cerebral atrophy,12,324,2512,0.8974752860721783,0.6496819934261021
0.1,2,T2ax+FLAIRax+FLAIRsag+FLAIRcor,0111001,4,Encephalomalacia,13,84,2512,0.6683337255824899,0.12454365062141251
0.1,2,T2ax+FLAIRax+FLAIRsag+FLAIRcor,0111001,4,Arachnoid cyst,14,69,2512,0.669490469664881,0.07873483274791417
0.1,2,T2ax+FLAIRax+FLAIRsag+FLAIRcor,0111001,4,Empty sella syndrome,15,72,2512,0.7221596083788707,0.07034064627462452
0.1,2,T2ax+FLAIRax+FLAIRsag+FLAIRcor,0111001,4,Cyst of pineal gland,19,27,2512,0.6745212012817646,0.0183582378640584
0.1,2,T2ax+FLAIRax+FLAIRsag+FLAIRcor,0111001,4,Cerebral edema,22,197,2512,0.8394535746784927,0.4823897752601036
0.1,2,T2ax+FLAIRax+FLAIRsag+FLAIRcor,0111001,4,Mastoiditis,24,62,2512,0.674002633311389,0.06414343794993829
0.1,2,T2ax+FLAIRax+FLAIRsag+FLAIRcor,0111001,4,Chronic mastoiditis,25,25,2512,0.6463369521511861,0.023963935873669313
0.1,2,T2ax+FLAIRax+FLAIRsag+FLAIRcor,0111001,4,Ventriculomegaly,26,304,2512,0.8831909086575134,0.5500162429337724
0.1,2,T2ax+FLAIRax+FLAIRsag+FLAIRcor,0111001,4,Cerebellar degeneration,27,94,2512,0.7331626278091619,0.13617787462480574
0.1,2,T2ax+FLAIRax+FLAIRsag+FLAIRcor,0111001,4,Mega cisterna magna,28,20,2512,0.5978531300160513,0.01340636535359628
0.1,2,T2ax+FLAIRax+FLAIRsag+FLAIRcor,0111001,4,Foraminal Spinal Stenosis,33,25,2512,0.4855488540410133,0.013234029228721626
0.1,2,T2ax+FLAIRax+FLAIRsag+T1sag,0111010,4,Cerebral infarction,0,161,2512,0.7414896792959782,0.17801418837127098
0.1,2,T2ax+FLAIRax+FLAIRsag+T1sag,0111010,4,Cerebral hemorrhage,1,127,2512,0.7982766305155252,0.23954674104464654
0.1,2,T2ax+FLAIRax+FLAIRsag+T1sag,0111010,4,Metastatic malignant neoplasm to brain,2,144,2512,0.7761853650525525,0.20135765575269524
0.1,2,T2ax+FLAIRax+FLAIRsag+T1sag,0111010,4,Intracranial meningioma,3,62,2512,0.5897695852534562,0.04036837808839394
0.1,2,T2ax+FLAIRax+FLAIRsag+T1sag,0111010,4,Demyelinating disease of central nervous system,4,66,2512,0.7399526747441711,0.0877165524082953
0.1,2,T2ax+FLAIRax+FLAIRsag+T1sag,0111010,4,Herniation of nucleus pulposus,5,42,2512,0.7092346250240986,0.03348237902879257
0.1,2,T2ax+FLAIRax+FLAIRsag+T1sag,0111010,4,Spinal cord compression,6,23,2512,0.5465439236990585,0.011030117418927
0.1,2,T2ax+FLAIRax+FLAIRsag+T1sag,0111010,4,Lacunar infarct,7,86,2512,0.8418777200483138,0.15155132562919685
0.1,2,T2ax+FLAIRax+FLAIRsag+T1sag,0111010,4,Silent micro-hemorrhage of brain,8,77,2512,0.6400117336462305,0.05535380159136142
0.1,2,T2ax+FLAIRax+FLAIRsag+T1sag,0111010,4,Gliosis,11,1027,2512,0.7476098210275426,0.6796744777415082
0.1,2,T2ax+FLAIRax+FLAIRsag+T1sag,0111010,4,Cerebral atrophy,12,324,2512,0.897385006883788,0.6444686660044555
0.1,2,T2ax+FLAIRax+FLAIRsag+T1sag,0111010,4,Encephalomalacia,13,84,2512,0.6577037734368871,0.13086319514425848
0.1,2,T2ax+FLAIRax+FLAIRsag+T1sag,0111010,4,Arachnoid cyst,14,69,2512,0.6642640611744884,0.06087928676248559
0.1,2,T2ax+FLAIRax+FLAIRsag+T1sag,0111010,4,Empty sella syndrome,15,72,2512,0.6466643897996357,0.0499839768735635
0.1,2,T2ax+FLAIRax+FLAIRsag+T1sag,0111010,4,Cyst of pineal gland,19,27,2512,0.6635963931738579,0.0180152914930723
0.1,2,T2ax+FLAIRax+FLAIRsag+T1sag,0111010,4,Cerebral edema,22,197,2512,0.8406069443378541,0.4856581101819237
0.1,2,T2ax+FLAIRax+FLAIRsag+T1sag,0111010,4,Mastoiditis,24,62,2512,0.6254641211323239,0.06108251310015691
0.1,2,T2ax+FLAIRax+FLAIRsag+T1sag,0111010,4,Chronic mastoiditis,25,25,2512,0.5999517490952956,0.027118685096756197
0.1,2,T2ax+FLAIRax+FLAIRsag+T1sag,0111010,4,Ventriculomegaly,26,304,2512,0.8801517210144927,0.5388444872261081
0.1,2,T2ax+FLAIRax+FLAIRsag+T1sag,0111010,4,Cerebellar degeneration,27,94,2512,0.7865037044858596,0.14427627375104582
0.1,2,T2ax+FLAIRax+FLAIRsag+T1sag,0111010,4,Mega cisterna magna,28,20,2512,0.5529695024077046,0.010176803424488762
0.1,2,T2ax+FLAIRax+FLAIRsag+T1sag,0111010,4,Foraminal Spinal Stenosis,33,25,2512,0.4993968636911942,0.011544412103108102
0.1,2,T2ax+FLAIRax+FLAIRsag+SWIax,0111100,4,Cerebral infarction,0,161,2512,0.7852876138342082,0.2589139875956925
0.1,2,T2ax+FLAIRax+FLAIRsag+SWIax,0111100,4,Cerebral hemorrhage,1,127,2512,0.8146552435662523,0.27621549328878664
0.1,2,T2ax+FLAIRax+FLAIRsag+SWIax,0111100,4,Metastatic malignant neoplasm to brain,2,144,2512,0.7762352195945947,0.21975661161086543
0.1,2,T2ax+FLAIRax+FLAIRsag+SWIax,0111100,4,Intracranial meningioma,3,62,2512,0.6604608294930875,0.05265209876536586
0.1,2,T2ax+FLAIRax+FLAIRsag+SWIax,0111100,4,Demyelinating disease of central nervous system,4,66,2512,0.7315840333011224,0.08310291560894481
0.1,2,T2ax+FLAIRax+FLAIRsag+SWIax,0111100,4,Herniation of nucleus pulposus,5,42,2512,0.7208020050125313,0.036710822026155186
0.1,2,T2ax+FLAIRax+FLAIRsag+SWIax,0111100,4,Spinal cord compression,6,23,2512,0.47412091463308126,0.009636131695489634
0.1,2,T2ax+FLAIRax+FLAIRsag+SWIax,0111100,4,Lacunar infarct,7,86,2512,0.8581836308211431,0.1977724086104631
0.1,2,T2ax+FLAIRax+FLAIRsag+SWIax,0111100,4,Silent micro-hemorrhage of brain,8,77,2512,0.7106482839542387,0.0722229934560731
0.1,2,T2ax+FLAIRax+FLAIRsag+SWIax,0111100,4,Gliosis,11,1027,2512,0.7363141312508401,0.657015126706675
0.1,2,T2ax+FLAIRax+FLAIRsag+SWIax,0111100,4,Cerebral atrophy,12,324,2512,0.9022502087706231,0.644401778893847
0.1,2,T2ax+FLAIRax+FLAIRsag+SWIax,0111100,4,Encephalomalacia,13,84,2512,0.6308150937475484,0.12901016052294687
0.1,2,T2ax+FLAIRax+FLAIRsag+SWIax,0111100,4,Arachnoid cyst,14,69,2512,0.6325615333962162,0.055805604254198816
0.1,2,T2ax+FLAIRax+FLAIRsag+SWIax,0111100,4,Empty sella syndrome,15,72,2512,0.6430897085610201,0.07116104888695138
0.1,2,T2ax+FLAIRax+FLAIRsag+SWIax,0111100,4,Cyst of pineal gland,19,27,2512,0.7180266785900589,0.026382092803056645
0.1,2,T2ax+FLAIRax+FLAIRsag+SWIax,0111100,4,Cerebral edema,22,197,2512,0.8287289910208199,0.4908163209526774
0.1,2,T2ax+FLAIRax+FLAIRsag+SWIax,0111100,4,Mastoiditis,24,62,2512,0.6953917050691244,0.07666938590274419
0.1,2,T2ax+FLAIRax+FLAIRsag+SWIax,0111100,4,Chronic mastoiditis,25,25,2512,0.6642862887012465,0.032092818065434396
0.1,2,T2ax+FLAIRax+FLAIRsag+SWIax,0111100,4,Ventriculomegaly,26,304,2512,0.8916782870900076,0.5671641344855934
0.1,2,T2ax+FLAIRax+FLAIRsag+SWIax,0111100,4,Cerebellar degeneration,27,94,2512,0.7471666402689052,0.11896666894550512
0.1,2,T2ax+FLAIRax+FLAIRsag+SWIax,0111100,4,Mega cisterna magna,28,20,2512,0.6456260032102729,0.016869667743820337
0.1,2,T2ax+FLAIRax+FLAIRsag+SWIax,0111100,4,Foraminal Spinal Stenosis,33,25,2512,0.5037876960193003,0.016181905453686005
0.1,2,T1ax+SWIax+T1sag+FLAIRcor,1000111,4,Cerebral infarction,0,161,2512,0.7565856738641676,0.19403754613086346
0.1,2,T1ax+SWIax+T1sag+FLAIRcor,1000111,4,Cerebral hemorrhage,1,127,2512,0.8062661978573432,0.2834703915116655
0.1,2,T1ax+SWIax+T1sag+FLAIRcor,1000111,4,Metastatic malignant neoplasm to brain,2,144,2512,0.7264979823573573,0.1586784052847905
0.1,2,T1ax+SWIax+T1sag+FLAIRcor,1000111,4,Intracranial meningioma,3,62,2512,0.6456287030941408,0.04599605031936873
0.1,2,T1ax+SWIax+T1sag+FLAIRcor,1000111,4,Demyelinating disease of central nervous system,4,66,2512,0.7332441338982632,0.09505858268811733
0.1,2,T1ax+SWIax+T1sag+FLAIRcor,1000111,4,Herniation of nucleus pulposus,5,42,2512,0.6461731251204935,0.03458005232340444
0.1,2,T1ax+SWIax+T1sag+FLAIRcor,1000111,4,Spinal cord compression,6,23,2512,0.5448844480933499,0.011804210094315034
0.1,2,T1ax+SWIax+T1sag+FLAIRcor,1000111,4,Lacunar infarct,7,86,2512,0.8453143273452328,0.18082755538616108
0.1,2,T1ax+SWIax+T1sag+FLAIRcor,1000111,4,Silent micro-hemorrhage of brain,8,77,2512,0.7327608736232967,0.0823057602683495
0.1,2,T1ax+SWIax+T1sag+FLAIRcor,1000111,4,Gliosis,11,1027,2512,0.7283041384307207,0.6497306281463503
0.1,2,T1ax+SWIax+T1sag+FLAIRcor,1000111,4,Cerebral atrophy,12,324,2512,0.8918032139391068,0.5977903045881208
0.1,2,T1ax+SWIax+T1sag+FLAIRcor,1000111,4,Encephalomalacia,13,84,2512,0.6958598101514082,0.12329678964481562
0.1,2,T1ax+SWIax+T1sag+FLAIRcor,1000111,4,Arachnoid cyst,14,69,2512,0.6039379000634761,0.06625298390701731
0.1,2,T1ax+SWIax+T1sag+FLAIRcor,1000111,4,Empty sella syndrome,15,72,2512,0.7015824225865209,0.07199222506395873
0.1,2,T1ax+SWIax+T1sag+FLAIRcor,1000111,4,Cyst of pineal gland,19,27,2512,0.609881511289962,0.026308048423206158
0.1,2,T1ax+SWIax+T1sag+FLAIRcor,1000111,4,Cerebral edema,22,197,2512,0.8263520847266228,0.4356785620964905
0.1,2,T1ax+SWIax+T1sag+FLAIRcor,1000111,4,Mastoiditis,24,62,2512,0.5974654377880185,0.04451706758686478
0.1,2,T1ax+SWIax+T1sag+FLAIRcor,1000111,4,Chronic mastoiditis,25,25,2512,0.4006755126658625,0.016729768876562086
0.1,2,T1ax+SWIax+T1sag+FLAIRcor,1000111,4,Ventriculomegaly,26,304,2512,0.8878822821319603,0.5188061700879709
0.1,2,T1ax+SWIax+T1sag+FLAIRcor,1000111,4,Cerebellar degeneration,27,94,2512,0.7751966633229502,0.14298934725570606
0.1,2,T1ax+SWIax+T1sag+FLAIRcor,1000111,4,Mega cisterna magna,28,20,2512,0.5118378812199038,0.008319403057369553
0.1,2,T1ax+SWIax+T1sag+FLAIRcor,1000111,4,Foraminal Spinal Stenosis,33,25,2512,0.6150060313630881,0.017394730784939895
0.1,2,T1ax+FLAIRsag+T1sag+FLAIRcor,1001011,4,Cerebral infarction,0,161,2512,0.7414289148796203,0.17687469625926516
0.1,2,T1ax+FLAIRsag+T1sag+FLAIRcor,1001011,4,Cerebral hemorrhage,1,127,2512,0.7790686541540799,0.23433850259080255
0.1,2,T1ax+FLAIRsag+T1sag+FLAIRcor,1001011,4,Metastatic malignant neoplasm to brain,2,144,2512,0.7175182995495495,0.16968467767174197
0.1,2,T1ax+FLAIRsag+T1sag+FLAIRcor,1001011,4,Intracranial meningioma,3,62,2512,0.6734035549703752,0.04678093871817924
0.1,2,T1ax+FLAIRsag+T1sag+FLAIRcor,1001011,4,Demyelinating disease of central nervous system,4,66,2512,0.7479558462796403,0.08914733389209506
0.1,2,T1ax+FLAIRsag+T1sag+FLAIRcor,1001011,4,Herniation of nucleus pulposus,5,42,2512,0.6376229034123772,0.030838158478642415
0.1,2,T1ax+FLAIRsag+T1sag+FLAIRcor,1001011,4,Spinal cord compression,6,23,2512,0.5682743200517058,0.011711891363159725
0.1,2,T1ax+FLAIRsag+T1sag+FLAIRcor,1001011,4,Lacunar infarct,7,86,2512,0.8186171130581491,0.14186578361673097
0.1,2,T1ax+FLAIRsag+T1sag+FLAIRcor,1001011,4,Silent micro-hemorrhage of brain,8,77,2512,0.6554308114883064,0.06062435126523137
0.1,2,T1ax+FLAIRsag+T1sag+FLAIRcor,1001011,4,Gliosis,11,1027,2512,0.7363246224005718,0.6512821298930382
0.1,2,T1ax+FLAIRsag+T1sag+FLAIRcor,1001011,4,Cerebral atrophy,12,324,2512,0.8921629200803485,0.6189635687058307
0.1,2,T1ax+FLAIRsag+T1sag+FLAIRcor,1001011,4,Encephalomalacia,13,84,2512,0.7365311445830393,0.15486202286390816
0.1,2,T1ax+FLAIRsag+T1sag+FLAIRcor,1001011,4,Arachnoid cyst,14,69,2512,0.6226604258247462,0.05559225241485203
0.1,2,T1ax+FLAIRsag+T1sag+FLAIRcor,1001011,4,Empty sella syndrome,15,72,2512,0.698428961748634,0.06035031838860796
0.1,2,T1ax+FLAIRsag+T1sag+FLAIRcor,1001011,4,Cyst of pineal gland,19,27,2512,0.638214472017289,0.021136249734459902
0.1,2,T1ax+FLAIRsag+T1sag+FLAIRcor,1001011,4,Cerebral edema,22,197,2512,0.8411222330639945,0.4612994851258536
0.1,2,T1ax+FLAIRsag+T1sag+FLAIRcor,1001011,4,Mastoiditis,24,62,2512,0.5569651086240949,0.062312298734900115
0.1,2,T1ax+FLAIRsag+T1sag+FLAIRcor,1001011,4,Chronic mastoiditis,25,25,2512,0.47178126256533975,0.010623931550517317
0.1,2,T1ax+FLAIRsag+T1sag+FLAIRcor,1001011,4,Ventriculomegaly,26,304,2512,0.8876483838672768,0.5296968223111272
0.1,2,T1ax+FLAIRsag+T1sag+FLAIRcor,1001011,4,Cerebellar degeneration,27,94,2512,0.7712677964908576,0.13205022873180164
0.1,2,T1ax+FLAIRsag+T1sag+FLAIRcor,1001011,4,Mega cisterna magna,28,20,2512,0.485513643659711,0.00775469819523896
0.1,2,T1ax+FLAIRsag+T1sag+FLAIRcor,1001011,4,Foraminal Spinal Stenosis,33,25,2512,0.6437635705669481,0.016253367204502683
0.1,2,T1ax+FLAIRsag+SWIax+FLAIRcor,1001101,4,Cerebral infarction,0,161,2512,0.7588101798890917,0.1921347910970362
0.1,2,T1ax+FLAIRsag+SWIax+FLAIRcor,1001101,4,Cerebral hemorrhage,1,127,2512,0.8111952987008698,0.2710275201826476
0.1,2,T1ax+FLAIRsag+SWIax+FLAIRcor,1001101,4,Metastatic malignant neoplasm to brain,2,144,2512,0.7405423001126128,0.1836161682939551
0.1,2,T1ax+FLAIRsag+SWIax+FLAIRcor,1001101,4,Intracranial meningioma,3,62,2512,0.7157340355497037,0.05333463432993636
0.1,2,T1ax+FLAIRsag+SWIax+FLAIRcor,1001101,4,Demyelinating disease of central nervous system,4,66,2512,0.7062489159790878,0.057787124257850035
0.1,2,T1ax+FLAIRsag+SWIax+FLAIRcor,1001101,4,Herniation of nucleus pulposus,5,42,2512,0.6762483130904183,0.03138938436040069
0.1,2,T1ax+FLAIRsag+SWIax+FLAIRcor,1001101,4,Spinal cord compression,6,23,2512,0.5011266965954547,0.01047001752173208
0.1,2,T1ax+FLAIRsag+SWIax+FLAIRcor,1001101,4,Lacunar infarct,7,86,2512,0.8381103932207289,0.20403191943925292
0.1,2,T1ax+FLAIRsag+SWIax+FLAIRcor,1001101,4,Silent micro-hemorrhage of brain,8,77,2512,0.7299074641990453,0.09671027362140183
0.1,2,T1ax+FLAIRsag+SWIax+FLAIRcor,1001101,4,Gliosis,11,1027,2512,0.7288555794884909,0.6471818835997412
0.1,2,T1ax+FLAIRsag+SWIax+FLAIRcor,1001101,4,Cerebral atrophy,12,324,2512,0.896607759496242,0.6135825450045769
0.1,2,T1ax+FLAIRsag+SWIax+FLAIRcor,1001101,4,Encephalomalacia,13,84,2512,0.7586196752176982,0.16581517843105553
0.1,2,T1ax+FLAIRsag+SWIax+FLAIRcor,1001101,4,Arachnoid cyst,14,69,2512,0.6124152414173593,0.05777457857552002
0.1,2,T1ax+FLAIRsag+SWIax+FLAIRcor,1001101,4,Empty sella syndrome,15,72,2512,0.7355248178506375,0.07652623222728375
0.1,2,T1ax+FLAIRsag+SWIax+FLAIRcor,1001101,4,Cyst of pineal gland,19,27,2512,0.6705864818540874,0.02608133018584628
0.1,2,T1ax+FLAIRsag+SWIax+FLAIRcor,1001101,4,Cerebral edema,22,197,2512,0.8323491684117048,0.4514783504551552
0.1,2,T1ax+FLAIRsag+SWIax+FLAIRcor,1001101,4,Mastoiditis,24,62,2512,0.6177090190915077,0.04251350487473359
0.1,2,T1ax+FLAIRsag+SWIax+FLAIRcor,1001101,4,Chronic mastoiditis,25,25,2512,0.5120064334539606,0.014544728790408398
0.1,2,T1ax+FLAIRsag+SWIax+FLAIRcor,1001101,4,Ventriculomegaly,26,304,2512,0.8943569436498857,0.5194126188433605
0.1,2,T1ax+FLAIRsag+SWIax+FLAIRcor,1001101,4,Cerebellar degeneration,27,94,2512,0.7550947679636766,0.12149484973627375
0.1,2,T1ax+FLAIRsag+SWIax+FLAIRcor,1001101,4,Mega cisterna magna,28,20,2512,0.5149879614767254,0.009204459617897974
0.1,2,T1ax+FLAIRsag+SWIax+FLAIRcor,1001101,4,Foraminal Spinal Stenosis,33,25,2512,0.6252513067953358,0.0164776058561932
0.1,2,T1ax+FLAIRsag+SWIax+T1sag,1001110,4,Cerebral infarction,0,161,2512,0.7422109264988335,0.1759396265689902
0.1,2,T1ax+FLAIRsag+SWIax+T1sag,1001110,4,Cerebral hemorrhage,1,127,2512,0.8031165915581308,0.26756469326597027
0.1,2,T1ax+FLAIRsag+SWIax+T1sag,1001110,4,Metastatic malignant neoplasm to brain,2,144,2512,0.7498123123123124,0.17157654829828353
0.1,2,T1ax+FLAIRsag+SWIax+T1sag,1001110,4,Intracranial meningioma,3,62,2512,0.62,0.04734787481154374
0.1,2,T1ax+FLAIRsag+SWIax+T1sag,1001110,4,Demyelinating disease of central nervous system,4,66,2512,0.7074568249956639,0.06986513564197042
0.1,2,T1ax+FLAIRsag+SWIax+T1sag,1001110,4,Herniation of nucleus pulposus,5,42,2512,0.6801812222864855,0.04030172648308682
0.1,2,T1ax+FLAIRsag+SWIax+T1sag,1001110,4,Spinal cord compression,6,23,2512,0.5506140059741123,0.014375557343187937
0.1,2,T1ax+FLAIRsag+SWIax+T1sag,1001110,4,Lacunar infarct,7,86,2512,0.847423263482812,0.16493400059231927
0.1,2,T1ax+FLAIRsag+SWIax+T1sag,1001110,4,Silent micro-hemorrhage of brain,8,77,2512,0.7226166031094162,0.07019862491559864
0.1,2,T1ax+FLAIRsag+SWIax+T1sag,1001110,4,Gliosis,11,1027,2512,0.7310475740855488,0.6463558982969277
0.1,2,T1ax+FLAIRsag+SWIax+T1sag,1001110,4,Cerebral atrophy,12,324,2512,0.895659828018146,0.6057588838929646
0.1,2,T1ax+FLAIRsag+SWIax+T1sag,1001110,4,Encephalomalacia,13,84,2512,0.7430081587824585,0.1570982204944127
0.1,2,T1ax+FLAIRsag+SWIax+T1sag,1001110,4,Arachnoid cyst,14,69,2512,0.6143847846850214,0.052795458717582414
0.1,2,T1ax+FLAIRsag+SWIax+T1sag,1001110,4,Empty sella syndrome,15,72,2512,0.6394467213114754,0.04793982110039053
0.1,2,T1ax+FLAIRsag+SWIax+T1sag,1001110,4,Cyst of pineal gland,19,27,2512,0.6072285565243312,0.026539866840112405
0.1,2,T1ax+FLAIRsag+SWIax+T1sag,1001110,4,Cerebral edema,22,197,2512,0.8318843121991866,0.4430874161061231
0.1,2,T1ax+FLAIRsag+SWIax+T1sag,1001110,4,Mastoiditis,24,62,2512,0.595319289005925,0.04215304023343264
0.1,2,T1ax+FLAIRsag+SWIax+T1sag,1001110,4,Chronic mastoiditis,25,25,2512,0.4267470848411741,0.0170763453822693
0.1,2,T1ax+FLAIRsag+SWIax+T1sag,1001110,4,Ventriculomegaly,26,304,2512,0.8987324799771168,0.548814363010571
0.1,2,T1ax+FLAIRsag+SWIax+T1sag,1001110,4,Cerebellar degeneration,27,94,2512,0.7812813473417454,0.1294014889692423
0.1,2,T1ax+FLAIRsag+SWIax+T1sag,1001110,4,Mega cisterna magna,28,20,2512,0.5808788121990369,0.010706606019826882
0.1,2,T1ax+FLAIRsag+SWIax+T1sag,1001110,4,Foraminal Spinal Stenosis,33,25,2512,0.6193003618817853,0.016590218945526244
0.1,2,T1ax+FLAIRax+T1sag+FLAIRcor,1010011,4,Cerebral infarction,0,161,2512,0.7388477481499878,0.17728640498267603
0.1,2,T1ax+FLAIRax+T1sag+FLAIRcor,1010011,4,Cerebral hemorrhage,1,127,2512,0.7973588207134487,0.25271743999851515
0.1,2,T1ax+FLAIRax+T1sag+FLAIRcor,1010011,4,Metastatic malignant neoplasm to brain,2,144,2512,0.7495747700825826,0.17565700178445964
0.1,2,T1ax+FLAIRax+T1sag+FLAIRcor,1010011,4,Intracranial meningioma,3,62,2512,0.7013364055299539,0.06383265986664298
0.1,2,T1ax+FLAIRax+T1sag+FLAIRcor,1010011,4,Demyelinating disease of central nervous system,4,66,2512,0.7595765504596249,0.1297463266580631
0.1,2,T1ax+FLAIRax+T1sag+FLAIRcor,1010011,4,Herniation of nucleus pulposus,5,42,2512,0.6688644688644689,0.03725998243505124
0.1,2,T1ax+FLAIRax+T1sag+FLAIRcor,1010011,4,Spinal cord compression,6,23,2512,0.5956294652994917,0.013969416106637447
0.1,2,T1ax+FLAIRax+T1sag+FLAIRcor,1010011,4,Lacunar infarct,7,86,2512,0.8123238559021454,0.14710035296486454
0.1,2,T1ax+FLAIRax+T1sag+FLAIRcor,1010011,4,Silent micro-hemorrhage of brain,8,77,2512,0.6865729752793408,0.07010484718649637
0.1,2,T1ax+FLAIRax+T1sag+FLAIRcor,1010011,4,Gliosis,11,1027,2512,0.7388438097298856,0.655211725256321
0.1,2,T1ax+FLAIRax+T1sag+FLAIRcor,1010011,4,Cerebral atrophy,12,324,2512,0.8937823030220958,0.6227191754470655
0.1,2,T1ax+FLAIRax+T1sag+FLAIRcor,1010011,4,Encephalomalacia,13,84,2512,0.6937367615909625,0.13406200635422139
0.1,2,T1ax+FLAIRax+T1sag+FLAIRcor,1010011,4,Arachnoid cyst,14,69,2512,0.6568723415615156,0.06758100584434844
0.1,2,T1ax+FLAIRax+T1sag+FLAIRcor,1010011,4,Empty sella syndrome,15,72,2512,0.710598816029144,0.07258125976034548
0.1,2,T1ax+FLAIRax+T1sag+FLAIRcor,1010011,4,Cyst of pineal gland,19,27,2512,0.6222669349429912,0.019238882257959295
0.1,2,T1ax+FLAIRax+T1sag+FLAIRcor,1010011,4,Cerebral edema,22,197,2512,0.8442534343445418,0.4753378429329749
0.1,2,T1ax+FLAIRax+T1sag+FLAIRcor,1010011,4,Mastoiditis,24,62,2512,0.6057208689927583,0.06275981834290427
0.1,2,T1ax+FLAIRax+T1sag+FLAIRcor,1010011,4,Chronic mastoiditis,25,25,2512,0.47372738238841977,0.013163598762502176
0.1,2,T1ax+FLAIRax+T1sag+FLAIRcor,1010011,4,Ventriculomegaly,26,304,2512,0.8877094655797101,0.5336236486893876
0.1,2,T1ax+FLAIRax+T1sag+FLAIRcor,1010011,4,Cerebellar degeneration,27,94,2512,0.7705198599158791,0.14899375250228367
0.1,2,T1ax+FLAIRax+T1sag+FLAIRcor,1010011,4,Mega cisterna magna,28,20,2512,0.5343699839486357,0.009075818963073386
0.1,2,T1ax+FLAIRax+T1sag+FLAIRcor,1010011,4,Foraminal Spinal Stenosis,33,25,2512,0.6284197828709288,0.015983496693538483
0.1,2,T1ax+FLAIRax+SWIax+FLAIRcor,1010101,4,Cerebral infarction,0,161,2512,0.7796867198047084,0.2254529101275966
0.1,2,T1ax+FLAIRax+SWIax+FLAIRcor,1010101,4,Cerebral hemorrhage,1,127,2512,0.8194159692302613,0.2905553502304765
0.1,2,T1ax+FLAIRax+SWIax+FLAIRcor,1010101,4,Metastatic malignant neoplasm to brain,2,144,2512,0.7494750609984985,0.17698889596493653
0.1,2,T1ax+FLAIRax+SWIax+FLAIRcor,1010101,4,Intracranial meningioma,3,62,2512,0.7241803818301514,0.07514560133525677
0.1,2,T1ax+FLAIRax+SWIax+FLAIRcor,1010101,4,Demyelinating disease of central nervous system,4,66,2512,0.7693141554547932,0.10842457626508788
0.1,2,T1ax+FLAIRax+SWIax+FLAIRcor,1010101,4,Herniation of nucleus pulposus,5,42,2512,0.6862540967804125,0.0325985367362192
0.1,2,T1ax+FLAIRax+SWIax+FLAIRcor,1010101,4,Spinal cord compression,6,23,2512,0.5289534822785473,0.01415406392562073
0.1,2,T1ax+FLAIRax+SWIax+FLAIRcor,1010101,4,Lacunar infarct,7,86,2512,0.8332214958108859,0.20419484067179205
0.1,2,T1ax+FLAIRax+SWIax+FLAIRcor,1010101,4,Silent micro-hemorrhage of brain,8,77,2512,0.7439878396757248,0.09977962793520762
0.1,2,T1ax+FLAIRax+SWIax+FLAIRcor,1010101,4,Gliosis,11,1027,2512,0.7310016753054728,0.653503199412437
0.1,2,T1ax+FLAIRax+SWIax+FLAIRcor,1010101,4,Cerebral atrophy,12,324,2512,0.8959828582391045,0.6102714493182773
0.1,2,T1ax+FLAIRax+SWIax+FLAIRcor,1010101,4,Encephalomalacia,13,84,2512,0.6926874950968855,0.14801252220754516
0.1,2,T1ax+FLAIRax+SWIax+FLAIRcor,1010101,4,Arachnoid cyst,14,69,2512,0.6302716427295971,0.07943795313979851
0.1,2,T1ax+FLAIRax+SWIax+FLAIRcor,1010101,4,Empty sella syndrome,15,72,2512,0.7574965846994536,0.10732823398980226
0.1,2,T1ax+FLAIRax+SWIax+FLAIRcor,1010101,4,Cyst of pineal gland,19,27,2512,0.6697816528802445,0.021684593183887768
0.1,2,T1ax+FLAIRax+SWIax+FLAIRcor,1010101,4,Cerebral edema,22,197,2512,0.832715352314962,0.47454521288523255
0.1,2,T1ax+FLAIRax+SWIax+FLAIRcor,1010101,4,Mastoiditis,24,62,2512,0.6681895984200132,0.06380566198977099
0.1,2,T1ax+FLAIRax+SWIax+FLAIRcor,1010101,4,Chronic mastoiditis,25,25,2512,0.5026940088459992,0.018616497265640797
0.1,2,T1ax+FLAIRax+SWIax+FLAIRcor,1010101,4,Ventriculomegaly,26,304,2512,0.8915844298245613,0.526727493633948
0.1,2,T1ax+FLAIRax+SWIax+FLAIRcor,1010101,4,Cerebellar degeneration,27,94,2512,0.7333210143779807,0.1335064635527203
0.1,2,T1ax+FLAIRax+SWIax+FLAIRcor,1010101,4,Mega cisterna magna,28,20,2512,0.5726524879614767,0.011934119326167175
0.1,2,T1ax+FLAIRax+SWIax+FLAIRcor,1010101,4,Foraminal Spinal Stenosis,33,25,2512,0.6518536389223965,0.016286644147583077
0.1,2,T1ax+FLAIRax+SWIax+T1sag,1010110,4,Cerebral infarction,0,161,2512,0.7435424597964126,0.18702702136774477
0.1,2,T1ax+FLAIRax+SWIax+T1sag,1010110,4,Cerebral hemorrhage,1,127,2512,0.819287211740042,0.2970696278112395
0.1,2,T1ax+FLAIRax+SWIax+T1sag,1010110,4,Metastatic malignant neoplasm to brain,2,144,2512,0.7517595720720721,0.1793306502832186
0.1,2,T1ax+FLAIRax+SWIax+T1sag,1010110,4,Intracranial meningioma,3,62,2512,0.6588347597103358,0.07309258925235972
0.1,2,T1ax+FLAIRax+SWIax+T1sag,1010110,4,Demyelinating disease of central nervous system,4,66,2512,0.7277744740949973,0.11114457034856909
0.1,2,T1ax+FLAIRax+SWIax+T1sag,1010110,4,Herniation of nucleus pulposus,5,42,2512,0.7036726431463274,0.03930666607050324
0.1,2,T1ax+FLAIRax+SWIax+T1sag,1010110,4,Spinal cord compression,6,23,2512,0.5871050011354306,0.013316677525055515
0.1,2,T1ax+FLAIRax+SWIax+T1sag,1010110,4,Lacunar infarct,7,86,2512,0.8311221457466591,0.17688361132717603
0.1,2,T1ax+FLAIRax+SWIax+T1sag,1010110,4,Silent micro-hemorrhage of brain,8,77,2512,0.7454225446011894,0.07598740544427406
0.1,2,T1ax+FLAIRax+SWIax+T1sag,1010110,4,Gliosis,11,1027,2512,0.7318822761860737,0.6459047203951989
0.1,2,T1ax+FLAIRax+SWIax+T1sag,1010110,4,Cerebral atrophy,12,324,2512,0.8896816530119394,0.600833272012575
0.1,2,T1ax+FLAIRax+SWIax+T1sag,1010110,4,Encephalomalacia,13,84,2512,0.6787773593786773,0.13705453079749652
0.1,2,T1ax+FLAIRax+SWIax+T1sag,1010110,4,Arachnoid cyst,14,69,2512,0.6378116713235688,0.05969084946877449
0.1,2,T1ax+FLAIRax+SWIax+T1sag,1010110,4,Empty sella syndrome,15,72,2512,0.6471653005464482,0.04728865964983665
0.1,2,T1ax+FLAIRax+SWIax+T1sag,1010110,4,Cyst of pineal gland,19,27,2512,0.6120128176466204,0.027576400738762663
0.1,2,T1ax+FLAIRax+SWIax+T1sag,1010110,4,Cerebral edema,22,197,2512,0.8354058172808104,0.4735010724057651
0.1,2,T1ax+FLAIRax+SWIax+T1sag,1010110,4,Mastoiditis,24,62,2512,0.6350164581961818,0.05461467456355816
0.1,2,T1ax+FLAIRax+SWIax+T1sag,1010110,4,Chronic mastoiditis,25,25,2512,0.463015681544029,0.031040894925525912
0.1,2,T1ax+FLAIRax+SWIax+T1sag,1010110,4,Ventriculomegaly,26,304,2512,0.8957245780892449,0.5312836331149796
0.1,2,T1ax+FLAIRax+SWIax+T1sag,1010110,4,Cerebellar degeneration,27,94,2512,0.7610166657867413,0.146808779858214
0.1,2,T1ax+FLAIRax+SWIax+T1sag,1010110,4,Mega cisterna magna,28,20,2512,0.6542536115569824,0.013253011471636902
0.1,2,T1ax+FLAIRax+SWIax+T1sag,1010110,4,Foraminal Spinal Stenosis,33,25,2512,0.6294973864093285,0.015385801246995895
0.1,2,T1ax+FLAIRax+FLAIRsag+FLAIRcor,1011001,4,Cerebral infarction,0,161,2512,0.7322640557341794,0.18216870499413934
0.1,2,T1ax+FLAIRax+FLAIRsag+FLAIRcor,1011001,4,Cerebral hemorrhage,1,127,2512,0.7917793294706087,0.2412856455994348
0.1,2,T1ax+FLAIRax+FLAIRsag+FLAIRcor,1011001,4,Metastatic malignant neoplasm to brain,2,144,2512,0.7685194960585586,0.20704379190760586
0.1,2,T1ax+FLAIRax+FLAIRsag+FLAIRcor,1011001,4,Intracranial meningioma,3,62,2512,0.7046280447662936,0.06370846388411319
0.1,2,T1ax+FLAIRax+FLAIRsag+FLAIRcor,1011001,4,Demyelinating disease of central nervous system,4,66,2512,0.7297009341163062,0.09714601851111478
0.1,2,T1ax+FLAIRax+FLAIRsag+FLAIRcor,1011001,4,Herniation of nucleus pulposus,5,42,2512,0.7027376132639291,0.035386907159701345
0.1,2,T1ax+FLAIRax+FLAIRsag+FLAIRcor,1011001,4,Spinal cord compression,6,23,2512,0.5596450469020211,0.011504858340873426
0.1,2,T1ax+FLAIRax+FLAIRsag+FLAIRcor,1011001,4,Lacunar infarct,7,86,2512,0.7964109741367741,0.13376211648172448
0.1,2,T1ax+FLAIRax+FLAIRsag+FLAIRcor,1011001,4,Silent micro-hemorrhage of brain,8,77,2512,0.6871489906397503,0.07811405884103201
0.1,2,T1ax+FLAIRax+FLAIRsag+FLAIRcor,1011001,4,Gliosis,11,1027,2512,0.7362964274356678,0.6531940161188104
0.1,2,T1ax+FLAIRax+FLAIRsag+FLAIRcor,1011001,4,Cerebral atrophy,12,324,2512,0.902055544270657,0.6402585661461228
0.1,2,T1ax+FLAIRax+FLAIRsag+FLAIRcor,1011001,4,Encephalomalacia,13,84,2512,0.7360408331372088,0.15344889097675807
0.1,2,T1ax+FLAIRax+FLAIRsag+FLAIRcor,1011001,4,Arachnoid cyst,14,69,2512,0.6682150124282926,0.06654069458414676
0.1,2,T1ax+FLAIRax+FLAIRsag+FLAIRcor,1011001,4,Empty sella syndrome,15,72,2512,0.7328893442622951,0.10653207469255933
0.1,2,T1ax+FLAIRax+FLAIRsag+FLAIRcor,1011001,4,Cyst of pineal gland,19,27,2512,0.6459795811908489,0.01857065583173493
0.1,2,T1ax+FLAIRax+FLAIRsag+FLAIRcor,1011001,4,Cerebral edema,22,197,2512,0.8430759447873611,0.49532111510117743
0.1,2,T1ax+FLAIRax+FLAIRsag+FLAIRcor,1011001,4,Mastoiditis,24,62,2512,0.6493482554312048,0.06730028367482252
0.1,2,T1ax+FLAIRax+FLAIRsag+FLAIRcor,1011001,4,Chronic mastoiditis,25,25,2512,0.5793646964213912,0.019925044143656548
0.1,2,T1ax+FLAIRax+FLAIRsag+FLAIRcor,1011001,4,Ventriculomegaly,26,304,2512,0.8884960788520214,0.5390770584781671
0.1,2,T1ax+FLAIRax+FLAIRsag+FLAIRcor,1011001,4,Cerebellar degeneration,27,94,2512,0.7653151012794116,0.1548576657039342
0.1,2,T1ax+FLAIRax+FLAIRsag+FLAIRcor,1011001,4,Mega cisterna magna,28,20,2512,0.5696829855537721,0.010294099369414732
0.1,2,T1ax+FLAIRax+FLAIRsag+FLAIRcor,1011001,4,Foraminal Spinal Stenosis,33,25,2512,0.6435383996783273,0.015184114126336863
0.1,2,T1ax+FLAIRax+FLAIRsag+T1sag,1011010,4,Cerebral infarction,0,161,2512,0.72380987606701,0.1618901272044346
0.1,2,T1ax+FLAIRax+FLAIRsag+T1sag,1011010,4,Cerebral hemorrhage,1,127,2512,0.7883160831311181,0.2214160667000269
0.1,2,T1ax+FLAIRax+FLAIRsag+T1sag,1011010,4,Metastatic malignant neoplasm to brain,2,144,2512,0.7570646818693694,0.1817343815653337
0.1,2,T1ax+FLAIRax+FLAIRsag+T1sag,1011010,4,Intracranial meningioma,3,62,2512,0.6652271231073074,0.05115008874180942
0.1,2,T1ax+FLAIRax+FLAIRsag+T1sag,1011010,4,Demyelinating disease of central nervous system,4,66,2512,0.7418419683342006,0.10169634169180089
0.1,2,T1ax+FLAIRax+FLAIRsag+T1sag,1011010,4,Herniation of nucleus pulposus,5,42,2512,0.6931752458068248,0.03323997851999936
0.1,2,T1ax+FLAIRax+FLAIRsag+T1sag,1011010,4,Spinal cord compression,6,23,2512,0.6117875172498122,0.013037170181152687
0.1,2,T1ax+FLAIRax+FLAIRsag+T1sag,1011010,4,Lacunar infarct,7,86,2512,0.8121417205084454,0.14211650929223776
0.1,2,T1ax+FLAIRax+FLAIRsag+T1sag,1011010,4,Silent micro-hemorrhage of brain,8,77,2512,0.6772447265260406,0.061792898027417616
0.1,2,T1ax+FLAIRax+FLAIRsag+T1sag,1011010,4,Gliosis,11,1027,2512,0.7397244106104864,0.6546533257257099
0.1,2,T1ax+FLAIRax+FLAIRsag+T1sag,1011010,4,Cerebral atrophy,12,324,2512,0.89352698219243,0.6142851491408888
0.1,2,T1ax+FLAIRax+FLAIRsag+T1sag,1011010,4,Encephalomalacia,13,84,2512,0.7141974582254648,0.156806456273166
0.1,2,T1ax+FLAIRax+FLAIRsag+T1sag,1011010,4,Arachnoid cyst,14,69,2512,0.6611317754957968,0.06248040008924838
0.1,2,T1ax+FLAIRax+FLAIRsag+T1sag,1011010,4,Empty sella syndrome,15,72,2512,0.6514059653916211,0.04998095907003834
0.1,2,T1ax+FLAIRax+FLAIRsag+T1sag,1011010,4,Cyst of pineal gland,19,27,2512,0.6112079886727775,0.01621372728425497
0.1,2,T1ax+FLAIRax+FLAIRsag+T1sag,1011010,4,Cerebral edema,22,197,2512,0.8481323524574887,0.4770734907300678
0.1,2,T1ax+FLAIRax+FLAIRsag+T1sag,1011010,4,Mastoiditis,24,62,2512,0.6228308097432521,0.060903195066714946
0.1,2,T1ax+FLAIRax+FLAIRsag+T1sag,1011010,4,Chronic mastoiditis,25,25,2512,0.5254684358665058,0.01621014450497837
0.1,2,T1ax+FLAIRax+FLAIRsag+T1sag,1011010,4,Ventriculomegaly,26,304,2512,0.8889459978070176,0.5321663922012948
0.1,2,T1ax+FLAIRax+FLAIRsag+T1sag,1011010,4,Cerebellar degeneration,27,94,2512,0.7829840029565492,0.13818427478609305
0.1,2,T1ax+FLAIRax+FLAIRsag+T1sag,1011010,4,Mega cisterna magna,28,20,2512,0.5704654895666132,0.010225629901126515
0.1,2,T1ax+FLAIRax+FLAIRsag+T1sag,1011010,4,Foraminal Spinal Stenosis,33,25,2512,0.6318616807398472,0.01616416072261532
0.1,2,T1ax+FLAIRax+FLAIRsag+SWIax,1011100,4,Cerebral infarction,0,161,2512,0.7668257989860268,0.20878959531465408
0.1,2,T1ax+FLAIRax+FLAIRsag+SWIax,1011100,4,Cerebral hemorrhage,1,127,2512,0.8124993809736046,0.2747642470593626
0.1,2,T1ax+FLAIRax+FLAIRsag+SWIax,1011100,4,Metastatic malignant neoplasm to brain,2,144,2512,0.7715840840840842,0.19894247494961526
0.1,2,T1ax+FLAIRax+FLAIRsag+SWIax,1011100,4,Intracranial meningioma,3,62,2512,0.6867939433838052,0.0729263778764346
0.1,2,T1ax+FLAIRax+FLAIRsag+SWIax,1011100,4,Demyelinating disease of central nervous system,4,66,2512,0.7249993805594788,0.08735024381542458
0.1,2,T1ax+FLAIRax+FLAIRsag+SWIax,1011100,4,Herniation of nucleus pulposus,5,42,2512,0.7275110854058222,0.0379075340986159
0.1,2,T1ax+FLAIRax+FLAIRsag+SWIax,1011100,4,Spinal cord compression,6,23,2512,0.5418100511817213,0.012880502613815185
0.1,2,T1ax+FLAIRax+FLAIRsag+SWIax,1011100,4,Lacunar infarct,7,86,2512,0.8318794455415173,0.18764674401488016
0.1,2,T1ax+FLAIRax+FLAIRsag+SWIax,1011100,4,Silent micro-hemorrhage of brain,8,77,2512,0.7285314275047334,0.08027701168423147
0.1,2,T1ax+FLAIRax+FLAIRsag+SWIax,1011100,4,Gliosis,11,1027,2512,0.7344650661106358,0.6438387263058329
0.1,2,T1ax+FLAIRax+FLAIRsag+SWIax,1011100,4,Cerebral atrophy,12,324,2512,0.8976092942424448,0.6178585632250004
0.1,2,T1ax+FLAIRax+FLAIRsag+SWIax,1011100,4,Encephalomalacia,13,84,2512,0.7056513297246412,0.15655848462136157
0.1,2,T1ax+FLAIRax+FLAIRsag+SWIax,1011100,4,Arachnoid cyst,14,69,2512,0.6443965900799089,0.06107267034730815
0.1,2,T1ax+FLAIRax+FLAIRsag+SWIax,1011100,4,Empty sella syndrome,15,72,2512,0.6660860655737704,0.06275420384813488
0.1,2,T1ax+FLAIRax+FLAIRsag+SWIax,1011100,4,Cyst of pineal gland,19,27,2512,0.652746106267233,0.022431632762794786
0.1,2,T1ax+FLAIRax+FLAIRsag+SWIax,1011100,4,Cerebral edema,22,197,2512,0.8320421878940039,0.48803958719414076
0.1,2,T1ax+FLAIRax+FLAIRsag+SWIax,1011100,4,Mastoiditis,24,62,2512,0.6777024358130349,0.06606830139004294
0.1,2,T1ax+FLAIRax+FLAIRsag+SWIax,1011100,4,Chronic mastoiditis,25,25,2512,0.5434981905910736,0.018860177195314683
0.1,2,T1ax+FLAIRax+FLAIRsag+SWIax,1011100,4,Ventriculomegaly,26,304,2512,0.898233397692601,0.5387025512414108
0.1,2,T1ax+FLAIRax+FLAIRsag+SWIax,1011100,4,Cerebellar degeneration,27,94,2512,0.7482093518469634,0.12272855746858513
0.1,2,T1ax+FLAIRax+FLAIRsag+SWIax,1011100,4,Mega cisterna magna,28,20,2512,0.6150280898876405,0.013620627938412132
0.1,2,T1ax+FLAIRax+FLAIRsag+SWIax,1011100,4,Foraminal Spinal Stenosis,33,25,2512,0.6398391636509851,0.017758918841774204
0.1,2,T1ax+T2ax+T1sag+FLAIRcor,1100011,4,Cerebral infarction,0,161,2512,0.7658747037734702,0.20600882077198618
0.1,2,T1ax+T2ax+T1sag+FLAIRcor,1100011,4,Cerebral hemorrhage,1,127,2512,0.7985077337030985,0.2510744805429329
0.1,2,T1ax+T2ax+T1sag+FLAIRcor,1100011,4,Metastatic malignant neoplasm to brain,2,144,2512,0.7282311608483484,0.16960697783923218
0.1,2,T1ax+T2ax+T1sag+FLAIRcor,1100011,4,Intracranial meningioma,3,62,2512,0.6438446346280449,0.05278153717218684
0.1,2,T1ax+T2ax+T1sag+FLAIRcor,1100011,4,Demyelinating disease of central nervous system,4,66,2512,0.8049815406724647,0.12539015907869502
0.1,2,T1ax+T2ax+T1sag+FLAIRcor,1100011,4,Herniation of nucleus pulposus,5,42,2512,0.6743878928089455,0.034354224557184704
0.1,2,T1ax+T2ax+T1sag+FLAIRcor,1100011,4,Spinal cord compression,6,23,2512,0.4960259926284347,0.009511571331332711
0.1,2,T1ax+T2ax+T1sag+FLAIRcor,1100011,4,Lacunar infarct,7,86,2512,0.8375064705995129,0.153184843136052
0.1,2,T1ax+T2ax+T1sag+FLAIRcor,1100011,4,Silent micro-hemorrhage of brain,8,77,2512,0.6617189791727779,0.05791185590332534
0.1,2,T1ax+T2ax+T1sag+FLAIRcor,1100011,4,Gliosis,11,1027,2512,0.7426979958625528,0.6695532202857
0.1,2,T1ax+T2ax+T1sag+FLAIRcor,1100011,4,Cerebral atrophy,12,324,2512,0.8968207619563501,0.6256863599129515
0.1,2,T1ax+T2ax+T1sag+FLAIRcor,1100011,4,Encephalomalacia,13,84,2512,0.6671765905703303,0.11828924068597522
0.1,2,T1ax+T2ax+T1sag+FLAIRcor,1100011,4,Arachnoid cyst,14,69,2512,0.6246714956070879,0.0568178828340139
0.1,2,T1ax+T2ax+T1sag+FLAIRcor,1100011,4,Empty sella syndrome,15,72,2512,0.7271630236794171,0.06585779776092796
0.1,2,T1ax+T2ax+T1sag+FLAIRcor,1100011,4,Cyst of pineal gland,19,27,2512,0.6113123183545719,0.017555843220658125
0.1,2,T1ax+T2ax+T1sag+FLAIRcor,1100011,4,Cerebral edema,22,197,2512,0.8250868864500993,0.4329618325888561
0.1,2,T1ax+T2ax+T1sag+FLAIRcor,1100011,4,Mastoiditis,24,62,2512,0.5645095457537853,0.031279793880729184
0.1,2,T1ax+T2ax+T1sag+FLAIRcor,1100011,4,Chronic mastoiditis,25,25,2512,0.4346441495778046,0.011667996254585908
0.1,2,T1ax+T2ax+T1sag+FLAIRcor,1100011,4,Ventriculomegaly,26,304,2512,0.8893571820175439,0.5555074348541129
0.1,2,T1ax+T2ax+T1sag+FLAIRcor,1100011,4,Cerebellar degeneration,27,94,2512,0.7994078102176936,0.14787669492446956
0.1,2,T1ax+T2ax+T1sag+FLAIRcor,1100011,4,Mega cisterna magna,28,20,2512,0.5570024077046549,0.00905476969259843
0.1,2,T1ax+T2ax+T1sag+FLAIRcor,1100011,4,Foraminal Spinal Stenosis,33,25,2512,0.5922637716123844,0.015055736124689162
0.1,2,T1ax+T2ax+SWIax+FLAIRcor,1100101,4,Cerebral infarction,0,161,2512,0.7829944175994883,0.2238382817484174
0.1,2,T1ax+T2ax+SWIax+FLAIRcor,1100101,4,Cerebral hemorrhage,1,127,2512,0.828148368246422,0.29116152020287417
0.1,2,T1ax+T2ax+SWIax+FLAIRcor,1100101,4,Metastatic malignant neoplasm to brain,2,144,2512,0.720116600975976,0.15748295673825136
0.1,2,T1ax+T2ax+SWIax+FLAIRcor,1100101,4,Intracranial meningioma,3,62,2512,0.697327188940092,0.049547367793142075
0.1,2,T1ax+T2ax+SWIax+FLAIRcor,1100101,4,Demyelinating disease of central nervous system,4,66,2512,0.8037488540350355,0.11234452483960795
0.1,2,T1ax+T2ax+SWIax+FLAIRcor,1100101,4,Herniation of nucleus pulposus,5,42,2512,0.6571428571428573,0.0324793690867237
0.1,2,T1ax+T2ax+SWIax+FLAIRcor,1100101,4,Spinal cord compression,6,23,2512,0.4228169161702797,0.008934324621371241
0.1,2,T1ax+T2ax+SWIax+FLAIRcor,1100101,4,Lacunar infarct,7,86,2512,0.8403439483118925,0.18605760104795846
0.1,2,T1ax+T2ax+SWIax+FLAIRcor,1100101,4,Silent micro-hemorrhage of brain,8,77,2512,0.7354276114029707,0.09263242201175344
0.1,2,T1ax+T2ax+SWIax+FLAIRcor,1100101,4,Gliosis,11,1027,2512,0.7297892918146083,0.6550926799016875
0.1,2,T1ax+T2ax+SWIax+FLAIRcor,1100101,4,Cerebral atrophy,12,324,2512,0.8977249644525697,0.607937929382937
0.1,2,T1ax+T2ax+SWIax+FLAIRcor,1100101,4,Encephalomalacia,13,84,2512,0.6589834863105045,0.10586631317418636
0.1,2,T1ax+T2ax+SWIax+FLAIRcor,1100101,4,Arachnoid cyst,14,69,2512,0.6240782596830934,0.059667611522250655
0.1,2,T1ax+T2ax+SWIax+FLAIRcor,1100101,4,Empty sella syndrome,15,72,2512,0.7675489526411657,0.10028209611994014
0.1,2,T1ax+T2ax+SWIax+FLAIRcor,1100101,4,Cyst of pineal gland,19,27,2512,0.6384231313808778,0.021196355046361227
0.1,2,T1ax+T2ax+SWIax+FLAIRcor,1100101,4,Cerebral edema,22,197,2512,0.8323908300533926,0.468065050254649
0.1,2,T1ax+T2ax+SWIax+FLAIRcor,1100101,4,Mastoiditis,24,62,2512,0.6004344963791969,0.03335120362099847
0.1,2,T1ax+T2ax+SWIax+FLAIRcor,1100101,4,Chronic mastoiditis,25,25,2512,0.5587293928427824,0.01631175383011307
0.1,2,T1ax+T2ax+SWIax+FLAIRcor,1100101,4,Ventriculomegaly,26,304,2512,0.8890696510297482,0.5310395120732847
0.1,2,T1ax+T2ax+SWIax+FLAIRcor,1100101,4,Cerebellar degeneration,27,94,2512,0.7730012494940429,0.15111446160296726
0.1,2,T1ax+T2ax+SWIax+FLAIRcor,1100101,4,Mega cisterna magna,28,20,2512,0.6038322632423756,0.011187808281203745
0.1,2,T1ax+T2ax+SWIax+FLAIRcor,1100101,4,Foraminal Spinal Stenosis,33,25,2512,0.632086851628468,0.01537862806378242
0.1,2,T1ax+T2ax+SWIax+T1sag,1100110,4,Cerebral infarction,0,161,2512,0.7555156917500416,0.20954917667998124
0.1,2,T1ax+T2ax+SWIax+T1sag,1100110,4,Cerebral hemorrhage,1,127,2512,0.8088347447135146,0.26200712498057505
0.1,2,T1ax+T2ax+SWIax+T1sag,1100110,4,Metastatic malignant neoplasm to brain,2,144,2512,0.7347122513138138,0.16322757273527483
0.1,2,T1ax+T2ax+SWIax+T1sag,1100110,4,Intracranial meningioma,3,62,2512,0.6375378538512179,0.06878205214171827
0.1,2,T1ax+T2ax+SWIax+T1sag,1100110,4,Demyelinating disease of central nervous system,4,66,2512,0.7828613196560865,0.09488971704167794
0.1,2,T1ax+T2ax+SWIax+T1sag,1100110,4,Herniation of nucleus pulposus,5,42,2512,0.7072103335261231,0.03683485674813031
0.1,2,T1ax+T2ax+SWIax+T1sag,1100110,4,Spinal cord compression,6,23,2512,0.5228396247838315,0.010741200768999714
0.1,2,T1ax+T2ax+SWIax+T1sag,1100110,4,Lacunar infarct,7,86,2512,0.8280306370904349,0.15027747356078955
0.1,2,T1ax+T2ax+SWIax+T1sag,1100110,4,Silent micro-hemorrhage of brain,8,77,2512,0.6986266300434678,0.07052314391008803
0.1,2,T1ax+T2ax+SWIax+T1sag,1100110,4,Gliosis,11,1027,2512,0.7363869136021035,0.6660426799777763
0.1,2,T1ax+T2ax+SWIax+T1sag,1100110,4,Cerebral atrophy,12,324,2512,0.8918286049608415,0.6027918619817279
0.1,2,T1ax+T2ax+SWIax+T1sag,1100110,4,Encephalomalacia,13,84,2512,0.6710990821369734,0.11100573259984786
0.1,2,T1ax+T2ax+SWIax+T1sag,1100110,4,Arachnoid cyst,14,69,2512,0.6093838058457468,0.047678659273625704
0.1,2,T1ax+T2ax+SWIax+T1sag,1100110,4,Empty sella syndrome,15,72,2512,0.6499715391621129,0.05644657348351149
0.1,2,T1ax+T2ax+SWIax+T1sag,1100110,4,Cyst of pineal gland,19,27,2512,0.603293837096654,0.02658076208673745
0.1,2,T1ax+T2ax+SWIax+T1sag,1100110,4,Cerebral edema,22,197,2512,0.8221508370700902,0.4313736356762965
0.1,2,T1ax+T2ax+SWIax+T1sag,1100110,4,Mastoiditis,24,62,2512,0.5645292955892035,0.04068172665153133
0.1,2,T1ax+T2ax+SWIax+T1sag,1100110,4,Chronic mastoiditis,25,25,2512,0.47281061519903494,0.015421995521474831
0.1,2,T1ax+T2ax+SWIax+T1sag,1100110,4,Ventriculomegaly,26,304,2512,0.8957856598016781,0.5642847632363055
0.1,2,T1ax+T2ax+SWIax+T1sag,1100110,4,Cerebellar degeneration,27,94,2512,0.8058796614047128,0.17523096693818524
0.1,2,T1ax+T2ax+SWIax+T1sag,1100110,4,Mega cisterna magna,28,20,2512,0.630236757624398,0.014480126894412025
0.1,2,T1ax+T2ax+SWIax+T1sag,1100110,4,Foraminal Spinal Stenosis,33,25,2512,0.5421793325291515,0.01528667026807256
0.1,2,T1ax+T2ax+FLAIRsag+FLAIRcor,1101001,4,Cerebral infarction,0,161,2512,0.7521551553323418,0.1950159918907
0.1,2,T1ax+T2ax+FLAIRsag+FLAIRcor,1101001,4,Cerebral hemorrhage,1,127,2512,0.8085310090955613,0.24615944909920623
0.1,2,T1ax+T2ax+FLAIRsag+FLAIRcor,1101001,4,Metastatic malignant neoplasm to brain,2,144,2512,0.7466098911411411,0.18933294371922957
0.1,2,T1ax+T2ax+FLAIRsag+FLAIRcor,1101001,4,Intracranial meningioma,3,62,2512,0.6713298222514813,0.0507029500518809
0.1,2,T1ax+T2ax+FLAIRsag+FLAIRcor,1101001,4,Demyelinating disease of central nervous system,4,66,2512,0.7729254936940955,0.07698915840302155
0.1,2,T1ax+T2ax+FLAIRsag+FLAIRcor,1101001,4,Herniation of nucleus pulposus,5,42,2512,0.675660304607673,0.032411674063856644
0.1,2,T1ax+T2ax+FLAIRsag+FLAIRcor,1101001,4,Spinal cord compression,6,23,2512,0.422939193320174,0.008469481293671931
0.1,2,T1ax+T2ax+FLAIRsag+FLAIRcor,1101001,4,Lacunar infarct,7,86,2512,0.8344916505301098,0.1437110329350103
0.1,2,T1ax+T2ax+FLAIRsag+FLAIRcor,1101001,4,Silent micro-hemorrhage of brain,8,77,2512,0.6812768340489078,0.06585866635705015
0.1,2,T1ax+T2ax+FLAIRsag+FLAIRcor,1101001,4,Gliosis,11,1027,2512,0.7457437077690242,0.6676241924180337
0.1,2,T1ax+T2ax+FLAIRsag+FLAIRcor,1101001,4,Cerebral atrophy,12,324,2512,0.8995869727131153,0.6448337539790987
0.1,2,T1ax+T2ax+FLAIRsag+FLAIRcor,1101001,4,Encephalomalacia,13,84,2512,0.6892455087471561,0.12036513595423627
0.1,2,T1ax+T2ax+FLAIRsag+FLAIRcor,1101001,4,Arachnoid cyst,14,69,2512,0.6483950002076325,0.05796204919326515
0.1,2,T1ax+T2ax+FLAIRsag+FLAIRcor,1101001,4,Empty sella syndrome,15,72,2512,0.7592326958105647,0.0834204117322819
0.1,2,T1ax+T2ax+FLAIRsag+FLAIRcor,1101001,4,Cyst of pineal gland,19,27,2512,0.6428496907370147,0.020691229892592602
0.1,2,T1ax+T2ax+FLAIRsag+FLAIRcor,1101001,4,Cerebral edema,22,197,2512,0.8499040685882187,0.4533586789158252
0.1,2,T1ax+T2ax+FLAIRsag+FLAIRcor,1101001,4,Mastoiditis,24,62,2512,0.5862343647136274,0.03274390447307465
0.1,2,T1ax+T2ax+FLAIRsag+FLAIRcor,1101001,4,Chronic mastoiditis,25,25,2512,0.5701326899879373,0.01678580635409789
0.1,2,T1ax+T2ax+FLAIRsag+FLAIRcor,1101001,4,Ventriculomegaly,26,304,2512,0.889305039092296,0.5365025017609001
0.1,2,T1ax+T2ax+FLAIRsag+FLAIRcor,1101001,4,Cerebellar degeneration,27,94,2512,0.7543468313886982,0.1435344678327561
0.1,2,T1ax+T2ax+FLAIRsag+FLAIRcor,1101001,4,Mega cisterna magna,28,20,2512,0.5323434991974318,0.009456558392805202
0.1,2,T1ax+T2ax+FLAIRsag+FLAIRcor,1101001,4,Foraminal Spinal Stenosis,33,25,2512,0.5797346200241255,0.014184169895324089
0.1,2,T1ax+T2ax+FLAIRsag+T1sag,1101010,4,Cerebral infarction,0,161,2512,0.7564007386839484,0.19098169595661296
0.1,2,T1ax+T2ax+FLAIRsag+T1sag,1101010,4,Cerebral hemorrhage,1,127,2512,0.7877680384291585,0.21991844758523316
0.1,2,T1ax+T2ax+FLAIRsag+T1sag,1101010,4,Metastatic malignant neoplasm to brain,2,144,2512,0.7317327092717718,0.15549897412496788
0.1,2,T1ax+T2ax+FLAIRsag+T1sag,1101010,4,Intracranial meningioma,3,62,2512,0.631395655036208,0.047908986528321734
0.1,2,T1ax+T2ax+FLAIRsag+T1sag,1101010,4,Demyelinating disease of central nervous system,4,66,2512,0.7714140588220719,0.09713158259649002
0.1,2,T1ax+T2ax+FLAIRsag+T1sag,1101010,4,Herniation of nucleus pulposus,5,42,2512,0.6738288027761712,0.03123069035768314
0.1,2,T1ax+T2ax+FLAIRsag+T1sag,1101010,4,Spinal cord compression,6,23,2512,0.4938424720946075,0.009395012506739478
0.1,2,T1ax+T2ax+FLAIRsag+T1sag,1101010,4,Lacunar infarct,7,86,2512,0.8334371824613201,0.14920268382451063
0.1,2,T1ax+T2ax+FLAIRsag+T1sag,1101010,4,Silent micro-hemorrhage of brain,8,77,2512,0.6421717912477667,0.05018336252198312
0.1,2,T1ax+T2ax+FLAIRsag+T1sag,1101010,4,Gliosis,11,1027,2512,0.7488241716089817,0.6721860987181444
0.1,2,T1ax+T2ax+FLAIRsag+T1sag,1101010,4,Cerebral atrophy,12,324,2512,0.8990438869704563,0.6404807600926603
0.1,2,T1ax+T2ax+FLAIRsag+T1sag,1101010,4,Encephalomalacia,13,84,2512,0.6892602180905312,0.13547648797622425
0.1,2,T1ax+T2ax+FLAIRsag+T1sag,1101010,4,Arachnoid cyst,14,69,2512,0.6146873350062586,0.05034800628557698
0.1,2,T1ax+T2ax+FLAIRsag+T1sag,1101010,4,Empty sella syndrome,15,72,2512,0.6581682604735883,0.048059197983932316
0.1,2,T1ax+T2ax+FLAIRsag+T1sag,1101010,4,Cyst of pineal gland,19,27,2512,0.5914747745733662,0.015773760436340375
0.1,2,T1ax+T2ax+FLAIRsag+T1sag,1101010,4,Cerebral edema,22,197,2512,0.8362719408843231,0.4417980286407342
0.1,2,T1ax+T2ax+FLAIRsag+T1sag,1101010,4,Mastoiditis,24,62,2512,0.5885450954575379,0.03614690904322601
0.1,2,T1ax+T2ax+FLAIRsag+T1sag,1101010,4,Chronic mastoiditis,25,25,2512,0.48059509449135507,0.01313477298757222
0.1,2,T1ax+T2ax+FLAIRsag+T1sag,1101010,4,Ventriculomegaly,26,304,2512,0.8895389373569794,0.5606713576566942
0.1,2,T1ax+T2ax+FLAIRsag+T1sag,1101010,4,Cerebellar degeneration,27,94,2512,0.8023159636062861,0.1413369667496448
0.1,2,T1ax+T2ax+FLAIRsag+T1sag,1101010,4,Mega cisterna magna,28,20,2512,0.5567215088282503,0.009730201226066285
0.1,2,T1ax+T2ax+FLAIRsag+T1sag,1101010,4,Foraminal Spinal Stenosis,33,25,2512,0.5655810213108162,0.013679996909659806
0.1,2,T1ax+T2ax+FLAIRsag+SWIax,1101100,4,Cerebral infarction,0,161,2512,0.776215222278877,0.22564167413602604
0.1,2,T1ax+T2ax+FLAIRsag+SWIax,1101100,4,Cerebral hemorrhage,1,127,2512,0.8195876458838871,0.26564983565252065
0.1,2,T1ax+T2ax+FLAIRsag+SWIax,1101100,4,Metastatic malignant neoplasm to brain,2,144,2512,0.7429059919294294,0.18005496258398246
0.1,2,T1ax+T2ax+FLAIRsag+SWIax,1101100,4,Intracranial meningioma,3,62,2512,0.6819354838709677,0.05656998599178932
0.1,2,T1ax+T2ax+FLAIRsag+SWIax,1101100,4,Demyelinating disease of central nervous system,4,66,2512,0.7521680418246239,0.07102523811138692
0.1,2,T1ax+T2ax+FLAIRsag+SWIax,1101100,4,Herniation of nucleus pulposus,5,42,2512,0.6902255639097744,0.029411630922148803
0.1,2,T1ax+T2ax+FLAIRsag+SWIax,1101100,4,Spinal cord compression,6,23,2512,0.4129648715216518,0.00880826420561349
0.1,2,T1ax+T2ax+FLAIRsag+SWIax,1101100,4,Lacunar infarct,7,86,2512,0.8412642113537452,0.17103025622304377
0.1,2,T1ax+T2ax+FLAIRsag+SWIax,1101100,4,Silent micro-hemorrhage of brain,8,77,2512,0.7074001973385957,0.07107508584255945
0.1,2,T1ax+T2ax+FLAIRsag+SWIax,1101100,4,Gliosis,11,1027,2512,0.7389834731606884,0.6589293347612878
0.1,2,T1ax+T2ax+FLAIRsag+SWIax,1101100,4,Cerebral atrophy,12,324,2512,0.8999114135463921,0.6385948721835311
0.1,2,T1ax+T2ax+FLAIRsag+SWIax,1101100,4,Encephalomalacia,13,84,2512,0.6797874009570879,0.1336322042873093
0.1,2,T1ax+T2ax+FLAIRsag+SWIax,1101100,4,Arachnoid cyst,14,69,2512,0.6240960567608131,0.048905692456996094
0.1,2,T1ax+T2ax+FLAIRsag+SWIax,1101100,4,Empty sella syndrome,15,72,2512,0.6643897996357013,0.06500020378934875
0.1,2,T1ax+T2ax+FLAIRsag+SWIax,1101100,4,Cyst of pineal gland,19,27,2512,0.6537446903644086,0.022958033602639503
0.1,2,T1ax+T2ax+FLAIRsag+SWIax,1101100,4,Cerebral edema,22,197,2512,0.8328184100601901,0.46498939019685215
0.1,2,T1ax+T2ax+FLAIRsag+SWIax,1101100,4,Mastoiditis,24,62,2512,0.6293153390388414,0.05214123321642568
0.1,2,T1ax+T2ax+FLAIRsag+SWIax,1101100,4,Chronic mastoiditis,25,25,2512,0.5379171692802573,0.01912146722646836
0.1,2,T1ax+T2ax+FLAIRsag+SWIax,1101100,4,Ventriculomegaly,26,304,2512,0.8985283776697177,0.558362377268217
0.1,2,T1ax+T2ax+FLAIRsag+SWIax,1101100,4,Cerebellar degeneration,27,94,2512,0.7597847702514827,0.12714768920462546
0.1,2,T1ax+T2ax+FLAIRsag+SWIax,1101100,4,Mega cisterna magna,28,20,2512,0.6266653290529696,0.014747670674300845
0.1,2,T1ax+T2ax+FLAIRsag+SWIax,1101100,4,Foraminal Spinal Stenosis,33,25,2512,0.5842541214314435,0.016496671890781495
0.1,2,T1ax+T2ax+FLAIRax+FLAIRcor,1110001,4,Cerebral infarction,0,161,2512,0.7551220440092891,0.21274699625099106
0.1,2,T1ax+T2ax+FLAIRax+FLAIRcor,1110001,4,Cerebral hemorrhage,1,127,2512,0.8235395103913898,0.2670077168393493
0.1,2,T1ax+T2ax+FLAIRax+FLAIRcor,1110001,4,Metastatic malignant neoplasm to brain,2,144,2512,0.7477330846471472,0.1793869081944332
0.1,2,T1ax+T2ax+FLAIRax+FLAIRcor,1110001,4,Intracranial meningioma,3,62,2512,0.6966096115865701,0.06281166764552715
0.1,2,T1ax+T2ax+FLAIRax+FLAIRcor,1110001,4,Demyelinating disease of central nervous system,4,66,2512,0.8086610173691122,0.12366408892985148
0.1,2,T1ax+T2ax+FLAIRax+FLAIRcor,1110001,4,Herniation of nucleus pulposus,5,42,2512,0.691276267592057,0.03510872258908423
0.1,2,T1ax+T2ax+FLAIRax+FLAIRcor,1110001,4,Spinal cord compression,6,23,2512,0.4876587419428092,0.011367216354208017
0.1,2,T1ax+T2ax+FLAIRax+FLAIRcor,1110001,4,Lacunar infarct,7,86,2512,0.8256053605322189,0.1723753632890446
0.1,2,T1ax+T2ax+FLAIRax+FLAIRcor,1110001,4,Silent micro-hemorrhage of brain,8,77,2512,0.7097309261580309,0.0705549945326685
0.1,2,T1ax+T2ax+FLAIRax+FLAIRcor,1110001,4,Gliosis,11,1027,2512,0.7428068415410187,0.6705790209890964
0.1,2,T1ax+T2ax+FLAIRax+FLAIRcor,1110001,4,Cerebral atrophy,12,324,2512,0.8987391947096396,0.6407751315818736
0.1,2,T1ax+T2ax+FLAIRax+FLAIRcor,1110001,4,Encephalomalacia,13,84,2512,0.6517710049423394,0.11268941803485065
0.1,2,T1ax+T2ax+FLAIRax+FLAIRcor,1110001,4,Arachnoid cyst,14,69,2512,0.6538053118344634,0.06754907972225446
0.1,2,T1ax+T2ax+FLAIRax+FLAIRcor,1110001,4,Empty sella syndrome,15,72,2512,0.773816029143898,0.10405558774088283
0.1,2,T1ax+T2ax+FLAIRax+FLAIRcor,1110001,4,Cyst of pineal gland,19,27,2512,0.6761159549891944,0.01984899907356879
0.1,2,T1ax+T2ax+FLAIRax+FLAIRcor,1110001,4,Cerebral edema,22,197,2512,0.8455274034929996,0.48975383632228625
0.1,2,T1ax+T2ax+FLAIRax+FLAIRcor,1110001,4,Mastoiditis,24,62,2512,0.6280710994075049,0.04256923895364881
0.1,2,T1ax+T2ax+FLAIRax+FLAIRcor,1110001,4,Chronic mastoiditis,25,25,2512,0.5646642541214314,0.01833702602007549
0.1,2,T1ax+T2ax+FLAIRax+FLAIRcor,1110001,4,Ventriculomegaly,26,304,2512,0.8875589959954233,0.550983131149769
0.1,2,T1ax+T2ax+FLAIRax+FLAIRcor,1110001,4,Cerebellar degeneration,27,94,2512,0.7582053041902046,0.1530254949853745
0.1,2,T1ax+T2ax+FLAIRax+FLAIRcor,1110001,4,Mega cisterna magna,28,20,2512,0.5989165329052969,0.012849151414024014
0.1,2,T1ax+T2ax+FLAIRax+FLAIRcor,1110001,4,Foraminal Spinal Stenosis,33,25,2512,0.5921672698029754,0.013650682197589824
0.1,2,T1ax+T2ax+FLAIRax+T1sag,1110010,4,Cerebral infarction,0,161,2512,0.7406363355358233,0.1884900498882428
0.1,2,T1ax+T2ax+FLAIRax+T1sag,1110010,4,Cerebral hemorrhage,1,127,2512,0.8033080770564057,0.24544655303835056
0.1,2,T1ax+T2ax+FLAIRax+T1sag,1110010,4,Metastatic malignant neoplasm to brain,2,144,2512,0.7516364020270271,0.16377161973451654
0.1,2,T1ax+T2ax+FLAIRax+T1sag,1110010,4,Intracranial meningioma,3,62,2512,0.6776036866359447,0.061159340184743505
0.1,2,T1ax+T2ax+FLAIRax+T1sag,1110010,4,Demyelinating disease of central nervous system,4,66,2512,0.7886159220991601,0.14190874174847068
0.1,2,T1ax+T2ax+FLAIRax+T1sag,1110010,4,Herniation of nucleus pulposus,5,42,2512,0.6981877771351456,0.04232660896296667
0.1,2,T1ax+T2ax+FLAIRax+T1sag,1110010,4,Spinal cord compression,6,23,2512,0.5183677747305535,0.010054128346541048
0.1,2,T1ax+T2ax+FLAIRax+T1sag,1110010,4,Lacunar infarct,7,86,2512,0.8295548227535037,0.16695146064459856
0.1,2,T1ax+T2ax+FLAIRax+T1sag,1110010,4,Silent micro-hemorrhage of brain,8,77,2512,0.6709778927438065,0.05411399087145918
0.1,2,T1ax+T2ax+FLAIRax+T1sag,1110010,4,Gliosis,11,1027,2512,0.7415472478763618,0.6677161929722507
0.1,2,T1ax+T2ax+FLAIRax+T1sag,1110010,4,Cerebral atrophy,12,324,2512,0.8972199652425125,0.6301998223458937
0.1,2,T1ax+T2ax+FLAIRax+T1sag,1110010,4,Encephalomalacia,13,84,2512,0.6373607515493842,0.12251719730254876
0.1,2,T1ax+T2ax+FLAIRax+T1sag,1110010,4,Arachnoid cyst,14,69,2512,0.6389566166568783,0.05821827724724281
0.1,2,T1ax+T2ax+FLAIRax+T1sag,1110010,4,Empty sella syndrome,15,72,2512,0.6686760018214937,0.052020319021838485
0.1,2,T1ax+T2ax+FLAIRax+T1sag,1110010,4,Cyst of pineal gland,19,27,2512,0.6118190625232878,0.01724100917612244
0.1,2,T1ax+T2ax+FLAIRax+T1sag,1110010,4,Cerebral edema,22,197,2512,0.834377432546513,0.47358208070943597
0.1,2,T1ax+T2ax+FLAIRax+T1sag,1110010,4,Mastoiditis,24,62,2512,0.6158657011191574,0.06032770922991545
0.1,2,T1ax+T2ax+FLAIRax+T1sag,1110010,4,Chronic mastoiditis,25,25,2512,0.5358906312826699,0.018989400970793817
0.1,2,T1ax+T2ax+FLAIRax+T1sag,1110010,4,Ventriculomegaly,26,304,2512,0.8939681064073226,0.5576977851009869
0.1,2,T1ax+T2ax+FLAIRax+T1sag,1110010,4,Cerebellar degeneration,27,94,2512,0.8123647114724671,0.15679341900373697
0.1,2,T1ax+T2ax+FLAIRax+T1sag,1110010,4,Mega cisterna magna,28,20,2512,0.6288121990369182,0.01339966090071302
0.1,2,T1ax+T2ax+FLAIRax+T1sag,1110010,4,Foraminal Spinal Stenosis,33,25,2512,0.5404905508644954,0.013803456737386515
0.1,2,T1ax+T2ax+FLAIRax+SWIax,1110100,4,Cerebral infarction,0,161,2512,0.7852136397621207,0.2568575429937469
0.1,2,T1ax+T2ax+FLAIRax+SWIax,1110100,4,Cerebral hemorrhage,1,127,2512,0.8215586259264763,0.2763671390107904
0.1,2,T1ax+T2ax+FLAIRax+SWIax,1110100,4,Metastatic malignant neoplasm to brain,2,144,2512,0.7317444397522523,0.17546660544622095
0.1,2,T1ax+T2ax+FLAIRax+SWIax,1110100,4,Intracranial meningioma,3,62,2512,0.6986504279131007,0.07751520125837269
0.1,2,T1ax+T2ax+FLAIRax+SWIax,1110100,4,Demyelinating disease of central nervous system,4,66,2512,0.8095406229093883,0.13241393398476847
0.1,2,T1ax+T2ax+FLAIRax+SWIax,1110100,4,Herniation of nucleus pulposus,5,42,2512,0.7066994409099672,0.040488441292861964
0.1,2,T1ax+T2ax+FLAIRax+SWIax,1110100,4,Spinal cord compression,6,23,2512,0.4757629220745192,0.01202616113208037
0.1,2,T1ax+T2ax+FLAIRax+SWIax,1110100,4,Lacunar infarct,7,86,2512,0.8340554841925651,0.18609609187117646
0.1,2,T1ax+T2ax+FLAIRax+SWIax,1110100,4,Silent micro-hemorrhage of brain,8,77,2512,0.7207978879436786,0.07065248656082411
0.1,2,T1ax+T2ax+FLAIRax+SWIax,1110100,4,Gliosis,11,1027,2512,0.7359430068290829,0.6533461059503326
0.1,2,T1ax+T2ax+FLAIRax+SWIax,1110100,4,Cerebral atrophy,12,324,2512,0.8918413004717087,0.6074614806775714
0.1,2,T1ax+T2ax+FLAIRax+SWIax,1110100,4,Encephalomalacia,13,84,2512,0.6052698674197851,0.11312379713437792
0.1,2,T1ax+T2ax+FLAIRax+SWIax,1110100,4,Arachnoid cyst,14,69,2512,0.6255732142115598,0.06394886643025773
0.1,2,T1ax+T2ax+FLAIRax+SWIax,1110100,4,Empty sella syndrome,15,72,2512,0.7083447176684882,0.07037309703070636
0.1,2,T1ax+T2ax+FLAIRax+SWIax,1110100,4,Cyst of pineal gland,19,27,2512,0.661316044414636,0.029398418346775507
0.1,2,T1ax+T2ax+FLAIRax+SWIax,1110100,4,Cerebral edema,22,197,2512,0.8231353674447162,0.4728473200054222
0.1,2,T1ax+T2ax+FLAIRax+SWIax,1110100,4,Mastoiditis,24,62,2512,0.6595325872284398,0.06491357311383225
0.1,2,T1ax+T2ax+FLAIRax+SWIax,1110100,4,Chronic mastoiditis,25,25,2512,0.5996622436670687,0.021418901640855054
0.1,2,T1ax+T2ax+FLAIRax+SWIax,1110100,4,Ventriculomegaly,26,304,2512,0.8956664759725401,0.5527706652917579
0.1,2,T1ax+T2ax+FLAIRax+SWIax,1110100,4,Cerebellar degeneration,27,94,2512,0.7698951128944266,0.1378756428531454
0.1,2,T1ax+T2ax+FLAIRax+SWIax,1110100,4,Mega cisterna magna,28,20,2512,0.7017455858747993,0.020791665379644657
0.1,2,T1ax+T2ax+FLAIRax+SWIax,1110100,4,Foraminal Spinal Stenosis,33,25,2512,0.6000482509047045,0.013858224214107222
0.1,2,T1ax+T2ax+FLAIRax+FLAIRsag,1111000,4,Cerebral infarction,0,161,2512,0.7455106985001757,0.19201718721245806
0.1,2,T1ax+T2ax+FLAIRax+FLAIRsag,1111000,4,Cerebral hemorrhage,1,127,2512,0.8048399610426056,0.24039473069631423
0.1,2,T1ax+T2ax+FLAIRax+FLAIRsag,1111000,4,Metastatic malignant neoplasm to brain,2,144,2512,0.7542288382132133,0.1918687875328032
0.1,2,T1ax+T2ax+FLAIRax+FLAIRsag,1111000,4,Intracranial meningioma,3,62,2512,0.6670704410796576,0.05968842019861884
0.1,2,T1ax+T2ax+FLAIRax+FLAIRsag,1111000,4,Demyelinating disease of central nervous system,4,66,2512,0.7658762605614609,0.10396305520834868
0.1,2,T1ax+T2ax+FLAIRax+FLAIRsag,1111000,4,Herniation of nucleus pulposus,5,42,2512,0.7103528050896473,0.03605605905416886
0.1,2,T1ax+T2ax+FLAIRax+FLAIRsag,1111000,4,Spinal cord compression,6,23,2512,0.459133229688892,0.00919805318574795
0.1,2,T1ax+T2ax+FLAIRax+FLAIRsag,1111000,4,Lacunar infarct,7,86,2512,0.8095486876665581,0.14399496145917198
0.1,2,T1ax+T2ax+FLAIRax+FLAIRsag,1111000,4,Silent micro-hemorrhage of brain,8,77,2512,0.6831595509213579,0.05913080235953731
0.1,2,T1ax+T2ax+FLAIRax+FLAIRsag,1111000,4,Gliosis,11,1027,2512,0.7434881105767182,0.6665638391966315
0.1,2,T1ax+T2ax+FLAIRax+FLAIRsag,1111000,4,Cerebral atrophy,12,324,2512,0.9003698625499357,0.6515188085706725
0.1,2,T1ax+T2ax+FLAIRax+FLAIRsag,1111000,4,Encephalomalacia,13,84,2512,0.6614987840276143,0.13002435737886867
0.1,2,T1ax+T2ax+FLAIRax+FLAIRsag,1111000,4,Arachnoid cyst,14,69,2512,0.6502755580866955,0.0594946170422518
0.1,2,T1ax+T2ax+FLAIRax+FLAIRsag,1111000,4,Empty sella syndrome,15,72,2512,0.7023964025500911,0.06692619385420534
0.1,2,T1ax+T2ax+FLAIRax+FLAIRsag,1111000,4,Cyst of pineal gland,19,27,2512,0.6622997242715551,0.01794341244428098
0.1,2,T1ax+T2ax+FLAIRax+FLAIRsag,1111000,4,Cerebral edema,22,197,2512,0.8413897446579907,0.4831339916898543
0.1,2,T1ax+T2ax+FLAIRax+FLAIRsag,1111000,4,Mastoiditis,24,62,2512,0.6434628044766294,0.046122138448343064
0.1,2,T1ax+T2ax+FLAIRax+FLAIRsag,1111000,4,Chronic mastoiditis,25,25,2512,0.6131403297145155,0.02255914658418623
0.1,2,T1ax+T2ax+FLAIRax+FLAIRsag,1111000,4,Ventriculomegaly,26,304,2512,0.8900186522692601,0.5508142776109362
0.1,2,T1ax+T2ax+FLAIRax+FLAIRsag,1111000,4,Cerebellar degeneration,27,94,2512,0.7675985076465516,0.1421421511606137
0.1,2,T1ax+T2ax+FLAIRax+FLAIRsag,1111000,4,Mega cisterna magna,28,20,2512,0.6070024077046549,0.012494573475528462
0.1,2,T1ax+T2ax+FLAIRax+FLAIRsag,1111000,4,Foraminal Spinal Stenosis,33,25,2512,0.5700361881785283,0.01512429493084615
0.1,2,FLAIRax+FLAIRsag+SWIax+T1sag+FLAIRcor,0011111,5,Cerebral infarction,0,161,2512,0.7577639751552795,0.20120238108450533
0.1,2,FLAIRax+FLAIRsag+SWIax+T1sag+FLAIRcor,0011111,5,Cerebral hemorrhage,1,127,2512,0.8095247528021261,0.2773832434767851
0.1,2,FLAIRax+FLAIRsag+SWIax+T1sag+FLAIRcor,0011111,5,Metastatic malignant neoplasm to brain,2,144,2512,0.777607685810811,0.21670714605167282
0.1,2,FLAIRax+FLAIRsag+SWIax+T1sag+FLAIRcor,0011111,5,Intracranial meningioma,3,62,2512,0.6533113890717578,0.05222778685572829
0.1,2,FLAIRax+FLAIRsag+SWIax+T1sag+FLAIRcor,0011111,5,Demyelinating disease of central nervous system,4,66,2512,0.7242560519338934,0.0865102237039242
0.1,2,FLAIRax+FLAIRsag+SWIax+T1sag+FLAIRcor,0011111,5,Herniation of nucleus pulposus,5,42,2512,0.6908135723925197,0.030124040473575944
0.1,2,FLAIRax+FLAIRsag+SWIax+T1sag+FLAIRcor,0011111,5,Spinal cord compression,6,23,2512,0.5907907837965308,0.013117574428454005
0.1,2,FLAIRax+FLAIRsag+SWIax+T1sag+FLAIRcor,0011111,5,Lacunar infarct,7,86,2512,0.8355029812688127,0.1934037493532527
0.1,2,FLAIRax+FLAIRsag+SWIax+T1sag+FLAIRcor,0011111,5,Silent micro-hemorrhage of brain,8,77,2512,0.7331715512413663,0.08217472674133888
0.1,2,FLAIRax+FLAIRsag+SWIax+T1sag+FLAIRcor,0011111,5,Gliosis,11,1027,2512,0.7397493270910993,0.6601137099942388
0.1,2,FLAIRax+FLAIRsag+SWIax+T1sag+FLAIRcor,0011111,5,Cerebral atrophy,12,324,2512,0.8974019342316112,0.6164550854623466
0.1,2,FLAIRax+FLAIRsag+SWIax+T1sag+FLAIRcor,0011111,5,Encephalomalacia,13,84,2512,0.7133835412253863,0.16523156033756667
0.1,2,FLAIRax+FLAIRsag+SWIax+T1sag+FLAIRcor,0011111,5,Arachnoid cyst,14,69,2512,0.6121957441254813,0.07012860971722022
0.1,2,FLAIRax+FLAIRsag+SWIax+T1sag+FLAIRcor,0011111,5,Empty sella syndrome,15,72,2512,0.6776525500910747,0.057611813721999076
0.1,2,FLAIRax+FLAIRsag+SWIax+T1sag+FLAIRcor,0011111,5,Cyst of pineal gland,19,27,2512,0.6758774871450928,0.02164870197558183
0.1,2,FLAIRax+FLAIRsag+SWIax+T1sag+FLAIRcor,0011111,5,Cerebral edema,22,197,2512,0.8407889399304909,0.4810081847460891
0.1,2,FLAIRax+FLAIRsag+SWIax+T1sag+FLAIRcor,0011111,5,Mastoiditis,24,62,2512,0.6555299539170507,0.07388549630048508
0.1,2,FLAIRax+FLAIRsag+SWIax+T1sag+FLAIRcor,0011111,5,Chronic mastoiditis,25,25,2512,0.47589867310012063,0.017094058082958587
0.1,2,FLAIRax+FLAIRsag+SWIax+T1sag+FLAIRcor,0011111,5,Ventriculomegaly,26,304,2512,0.8880431803012967,0.5405975395406815
0.1,2,FLAIRax+FLAIRsag+SWIax+T1sag+FLAIRcor,0011111,5,Cerebellar degeneration,27,94,2512,0.7505631522446896,0.12092790439024446
0.1,2,FLAIRax+FLAIRsag+SWIax+T1sag+FLAIRcor,0011111,5,Mega cisterna magna,28,20,2512,0.5074839486356341,0.010343798861891417
0.1,2,FLAIRax+FLAIRsag+SWIax+T1sag+FLAIRcor,0011111,5,Foraminal Spinal Stenosis,33,25,2512,0.5944189786891837,0.015837090002350843
0.1,2,T2ax+FLAIRsag+SWIax+T1sag+FLAIRcor,0101111,5,Cerebral infarction,0,161,2512,0.7675866751560722,0.21985992549533767
0.1,2,T2ax+FLAIRsag+SWIax+T1sag+FLAIRcor,0101111,5,Cerebral hemorrhage,1,127,2512,0.8122154542003004,0.28376567164879163
0.1,2,T2ax+FLAIRsag+SWIax+T1sag+FLAIRcor,0101111,5,Metastatic malignant neoplasm to brain,2,144,2512,0.7515015015015015,0.1905997146722007
0.1,2,T2ax+FLAIRsag+SWIax+T1sag+FLAIRcor,0101111,5,Intracranial meningioma,3,62,2512,0.6167610269914418,0.04111369845214147
0.1,2,T2ax+FLAIRsag+SWIax+T1sag+FLAIRcor,0101111,5,Demyelinating disease of central nervous system,4,66,2512,0.7456453331351124,0.08114589498155839
0.1,2,T2ax+FLAIRsag+SWIax+T1sag+FLAIRcor,0101111,5,Herniation of nucleus pulposus,5,42,2512,0.6603913630229419,0.030441126647448143
0.1,2,T2ax+FLAIRsag+SWIax+T1sag+FLAIRcor,0101111,5,Spinal cord compression,6,23,2512,0.4596223382884693,0.009093024700485931
0.1,2,T2ax+FLAIRsag+SWIax+T1sag+FLAIRcor,0101111,5,Lacunar infarct,7,86,2512,0.8660106597135682,0.1923802748577259
0.1,2,T2ax+FLAIRsag+SWIax+T1sag+FLAIRcor,0101111,5,Silent micro-hemorrhage of brain,8,77,2512,0.6987226326035361,0.0680823626501062
0.1,2,T2ax+FLAIRsag+SWIax+T1sag+FLAIRcor,0101111,5,Gliosis,11,1027,2512,0.7407735255836523,0.674567195028338
0.1,2,T2ax+FLAIRsag+SWIax+T1sag+FLAIRcor,0101111,5,Cerebral atrophy,12,324,2512,0.8952789626921255,0.6191988997217611
0.1,2,T2ax+FLAIRsag+SWIax+T1sag+FLAIRcor,0101111,5,Encephalomalacia,13,84,2512,0.6822830862163646,0.158324829328907
0.1,2,T2ax+FLAIRsag+SWIax+T1sag+FLAIRcor,0101111,5,Arachnoid cyst,14,69,2512,0.6091880379908285,0.05261612863112939
0.1,2,T2ax+FLAIRsag+SWIax+T1sag+FLAIRcor,0101111,5,Empty sella syndrome,15,72,2512,0.6937670765027324,0.06997374351882746
0.1,2,T2ax+FLAIRsag+SWIax+T1sag+FLAIRcor,0101111,5,Cyst of pineal gland,19,27,2512,0.6530143825918473,0.023679846094637497
0.1,2,T2ax+FLAIRsag+SWIax+T1sag+FLAIRcor,0101111,5,Cerebral edema,22,197,2512,0.8490554867285746,0.4666531065034477
0.1,2,T2ax+FLAIRsag+SWIax+T1sag+FLAIRcor,0101111,5,Mastoiditis,24,62,2512,0.6238973008558262,0.03644715227377493
0.1,2,T2ax+FLAIRsag+SWIax+T1sag+FLAIRcor,0101111,5,Chronic mastoiditis,25,25,2512,0.48464817048652997,0.011728048344831224
0.1,2,T2ax+FLAIRsag+SWIax+T1sag+FLAIRcor,0101111,5,Ventriculomegaly,26,304,2512,0.8910630005720823,0.55098568099423
0.1,2,T2ax+FLAIRsag+SWIax+T1sag+FLAIRcor,0101111,5,Cerebellar degeneration,27,94,2512,0.7877487989018532,0.1564263935200869
0.1,2,T2ax+FLAIRsag+SWIax+T1sag+FLAIRcor,0101111,5,Mega cisterna magna,28,20,2512,0.5047752808988764,0.009973174493867046
0.1,2,T2ax+FLAIRsag+SWIax+T1sag+FLAIRcor,0101111,5,Foraminal Spinal Stenosis,33,25,2512,0.585058303176518,0.016347529133486777
0.1,2,T2ax+FLAIRax+SWIax+T1sag+FLAIRcor,0110111,5,Cerebral infarction,0,161,2512,0.7742152804013622,0.2179116247665648
0.1,2,T2ax+FLAIRax+SWIax+T1sag+FLAIRcor,0110111,5,Cerebral hemorrhage,1,127,2512,0.8290430677297413,0.3038345378030766
0.1,2,T2ax+FLAIRax+SWIax+T1sag+FLAIRcor,0110111,5,Metastatic malignant neoplasm to brain,2,144,2512,0.7660502299174174,0.1899442619021545
0.1,2,T2ax+FLAIRax+SWIax+T1sag+FLAIRcor,0110111,5,Intracranial meningioma,3,62,2512,0.6205990783410138,0.050533540981733405
0.1,2,T2ax+FLAIRax+SWIax+T1sag+FLAIRcor,0110111,5,Demyelinating disease of central nervous system,4,66,2512,0.7694937932059764,0.11501046076439696
0.1,2,T2ax+FLAIRax+SWIax+T1sag+FLAIRcor,0110111,5,Herniation of nucleus pulposus,5,42,2512,0.6768941584731059,0.038024899643597225
0.1,2,T2ax+FLAIRax+SWIax+T1sag+FLAIRcor,0110111,5,Spinal cord compression,6,23,2512,0.5018603594948208,0.01079674308042206
0.1,2,T2ax+FLAIRax+SWIax+T1sag+FLAIRcor,0110111,5,Lacunar infarct,7,86,2512,0.8566067217546349,0.19470623488293198
0.1,2,T2ax+FLAIRax+SWIax+T1sag+FLAIRcor,0110111,5,Silent micro-hemorrhage of brain,8,77,2512,0.7061308301554707,0.0696567060671608
0.1,2,T2ax+FLAIRax+SWIax+T1sag+FLAIRcor,0110111,5,Gliosis,11,1027,2512,0.7438992325068274,0.6772886529416213
0.1,2,T2ax+FLAIRax+SWIax+T1sag+FLAIRcor,0110111,5,Cerebral atrophy,12,324,2512,0.8966754688875347,0.6136594537205741
0.1,2,T2ax+FLAIRax+SWIax+T1sag+FLAIRcor,0110111,5,Encephalomalacia,13,84,2512,0.6491870636228132,0.12738418054392442
0.1,2,T2ax+FLAIRax+SWIax+T1sag+FLAIRcor,0110111,5,Arachnoid cyst,14,69,2512,0.6276673370232608,0.07403340160740458
0.1,2,T2ax+FLAIRax+SWIax+T1sag+FLAIRcor,0110111,5,Empty sella syndrome,15,72,2512,0.7069159836065573,0.07949862464380811
0.1,2,T2ax+FLAIRax+SWIax+T1sag+FLAIRcor,0110111,5,Cyst of pineal gland,19,27,2512,0.6766972203591922,0.024188502315657376
0.1,2,T2ax+FLAIRax+SWIax+T1sag+FLAIRcor,0110111,5,Cerebral edema,22,197,2512,0.8420585236429817,0.4859119629925527
0.1,2,T2ax+FLAIRax+SWIax+T1sag+FLAIRcor,0110111,5,Mastoiditis,24,62,2512,0.6588676761026991,0.05294679162858275
0.1,2,T2ax+FLAIRax+SWIax+T1sag+FLAIRcor,0110111,5,Chronic mastoiditis,25,25,2512,0.5258544431041415,0.015576071933903764
0.1,2,T2ax+FLAIRax+SWIax+T1sag+FLAIRcor,0110111,5,Ventriculomegaly,26,304,2512,0.8915144093249427,0.5506706802786792
0.1,2,T2ax+FLAIRax+SWIax+T1sag+FLAIRcor,0110111,5,Cerebellar degeneration,27,94,2512,0.792438801189659,0.16555390593946562
0.1,2,T2ax+FLAIRax+SWIax+T1sag+FLAIRcor,0110111,5,Mega cisterna magna,28,20,2512,0.564145264847512,0.016440328426666328
0.1,2,T2ax+FLAIRax+SWIax+T1sag+FLAIRcor,0110111,5,Foraminal Spinal Stenosis,33,25,2512,0.5608041817450744,0.01616771422612183
0.1,2,T2ax+FLAIRax+FLAIRsag+T1sag+FLAIRcor,0111011,5,Cerebral infarction,0,161,2512,0.7419255979350666,0.1881725490623468
0.1,2,T2ax+FLAIRax+FLAIRsag+T1sag+FLAIRcor,0111011,5,Cerebral hemorrhage,1,127,2512,0.8018059063371795,0.2469560466706743
0.1,2,T2ax+FLAIRax+FLAIRsag+T1sag+FLAIRcor,0111011,5,Metastatic malignant neoplasm to brain,2,144,2512,0.7691060200825827,0.21274701189273926
0.1,2,T2ax+FLAIRax+FLAIRsag+T1sag+FLAIRcor,0111011,5,Intracranial meningioma,3,62,2512,0.6271494404213298,0.041167700016317345
0.1,2,T2ax+FLAIRax+FLAIRsag+T1sag+FLAIRcor,0111011,5,Demyelinating disease of central nervous system,4,66,2512,0.7524777620852846,0.09979934529271128
0.1,2,T2ax+FLAIRax+FLAIRsag+T1sag+FLAIRcor,0111011,5,Herniation of nucleus pulposus,5,42,2512,0.6836899942163099,0.032572536232162976
0.1,2,T2ax+FLAIRax+FLAIRsag+T1sag+FLAIRcor,0111011,5,Spinal cord compression,6,23,2512,0.5355389802085699,0.0106848959688286
0.1,2,T2ax+FLAIRax+FLAIRsag+T1sag+FLAIRcor,0111011,5,Lacunar infarct,7,86,2512,0.8433923196380299,0.15621219377316337
0.1,2,T2ax+FLAIRax+FLAIRsag+T1sag+FLAIRcor,0111011,5,Silent micro-hemorrhage of brain,8,77,2512,0.6548547961278968,0.06286648583914732
0.1,2,T2ax+FLAIRax+FLAIRsag+T1sag+FLAIRcor,0111011,5,Gliosis,11,1027,2512,0.7499014815470512,0.6830851534755151
0.1,2,T2ax+FLAIRax+FLAIRsag+T1sag+FLAIRcor,0111011,5,Cerebral atrophy,12,324,2512,0.8970746721736971,0.6443609719115729
0.1,2,T2ax+FLAIRax+FLAIRsag+T1sag+FLAIRcor,0111011,5,Encephalomalacia,13,84,2512,0.6743106221071624,0.14130872223139437
0.1,2,T2ax+FLAIRax+FLAIRsag+T1sag+FLAIRcor,0111011,5,Arachnoid cyst,14,69,2512,0.6598978447738881,0.07492667734386221
0.1,2,T2ax+FLAIRax+FLAIRsag+T1sag+FLAIRcor,0111011,5,Empty sella syndrome,15,72,2512,0.7023337887067395,0.0627912501732928
0.1,2,T2ax+FLAIRax+FLAIRsag+T1sag+FLAIRcor,0111011,5,Cyst of pineal gland,19,27,2512,0.6789179521573887,0.020020024418545047
0.1,2,T2ax+FLAIRax+FLAIRsag+T1sag+FLAIRcor,0111011,5,Cerebral edema,22,197,2512,0.8429926215039854,0.4870503383931696
0.1,2,T2ax+FLAIRax+FLAIRsag+T1sag+FLAIRcor,0111011,5,Mastoiditis,24,62,2512,0.6313693219223173,0.052832571033309815
0.1,2,T2ax+FLAIRax+FLAIRsag+T1sag+FLAIRcor,0111011,5,Chronic mastoiditis,25,25,2512,0.5667872939284279,0.018142324321130096
0.1,2,T2ax+FLAIRax+FLAIRsag+T1sag+FLAIRcor,0111011,5,Ventriculomegaly,26,304,2512,0.8855686260488177,0.5490397321444481
0.1,2,T2ax+FLAIRax+FLAIRsag+T1sag+FLAIRcor,0111011,5,Cerebellar degeneration,27,94,2512,0.7562430705876142,0.15760839426171086
0.1,2,T2ax+FLAIRax+FLAIRsag+T1sag+FLAIRcor,0111011,5,Mega cisterna magna,28,20,2512,0.5200040128410915,0.00973393773911397
0.1,2,T2ax+FLAIRax+FLAIRsag+T1sag+FLAIRcor,0111011,5,Foraminal Spinal Stenosis,33,25,2512,0.519276236429433,0.012620124928630056
0.1,2,T2ax+FLAIRax+FLAIRsag+SWIax+FLAIRcor,0111101,5,Cerebral infarction,0,161,2512,0.7743896478569975,0.24289851038013932
0.1,2,T2ax+FLAIRax+FLAIRsag+SWIax+FLAIRcor,0111101,5,Cerebral hemorrhage,1,127,2512,0.8214529787550141,0.28069777433939425
0.1,2,T2ax+FLAIRax+FLAIRsag+SWIax+FLAIRcor,0111101,5,Metastatic malignant neoplasm to brain,2,144,2512,0.7719565268393392,0.21476245451958337
0.1,2,T2ax+FLAIRax+FLAIRsag+SWIax+FLAIRcor,0111101,5,Intracranial meningioma,3,62,2512,0.6903620803159974,0.05227662959964433
0.1,2,T2ax+FLAIRax+FLAIRsag+SWIax+FLAIRcor,0111101,5,Demyelinating disease of central nervous system,4,66,2512,0.7576377016278898,0.08802233185945682
0.1,2,T2ax+FLAIRax+FLAIRsag+SWIax+FLAIRcor,0111101,5,Herniation of nucleus pulposus,5,42,2512,0.6992673992673992,0.035256489372876634
0.1,2,T2ax+FLAIRax+FLAIRsag+SWIax+FLAIRcor,0111101,5,Spinal cord compression,6,23,2512,0.4618757314793789,0.009598664981123967
0.1,2,T2ax+FLAIRax+FLAIRsag+SWIax+FLAIRcor,0111101,5,Lacunar infarct,7,86,2512,0.8627082574435859,0.20220933669498908
0.1,2,T2ax+FLAIRax+FLAIRsag+SWIax+FLAIRcor,0111101,5,Silent micro-hemorrhage of brain,8,77,2512,0.7163284354249446,0.07781068367753254
0.1,2,T2ax+FLAIRax+FLAIRsag+SWIax+FLAIRcor,0111101,5,Gliosis,11,1027,2512,0.7389093794157084,0.6707062514301934
0.1,2,T2ax+FLAIRax+FLAIRsag+SWIax+FLAIRcor,0111101,5,Cerebral atrophy,12,324,2512,0.8982158575394407,0.6284274779183056
0.1,2,T2ax+FLAIRax+FLAIRsag+SWIax+FLAIRcor,0111101,5,Encephalomalacia,13,84,2512,0.6647152271122617,0.1392558032391428
0.1,2,T2ax+FLAIRax+FLAIRsag+SWIax+FLAIRcor,0111101,5,Arachnoid cyst,14,69,2512,0.6331903634756507,0.07234452188743953
0.1,2,T2ax+FLAIRax+FLAIRsag+SWIax+FLAIRcor,0111101,5,Empty sella syndrome,15,72,2512,0.706016621129326,0.08729035120491188
0.1,2,T2ax+FLAIRax+FLAIRsag+SWIax+FLAIRcor,0111101,5,Cyst of pineal gland,19,27,2512,0.7115582383188017,0.022893224670678163
0.1,2,T2ax+FLAIRax+FLAIRsag+SWIax+FLAIRcor,0111101,5,Cerebral edema,22,197,2512,0.8392101829823159,0.4941079964838608
0.1,2,T2ax+FLAIRax+FLAIRsag+SWIax+FLAIRcor,0111101,5,Mastoiditis,24,62,2512,0.693633969716919,0.06079597961436483
0.1,2,T2ax+FLAIRax+FLAIRsag+SWIax+FLAIRcor,0111101,5,Chronic mastoiditis,25,25,2512,0.613880176919984,0.022721046246696748
0.1,2,T2ax+FLAIRax+FLAIRsag+SWIax+FLAIRcor,0111101,5,Ventriculomegaly,26,304,2512,0.8897043049199084,0.549850827854459
0.1,2,T2ax+FLAIRax+FLAIRsag+SWIax+FLAIRcor,0111101,5,Cerebellar degeneration,27,94,2512,0.7366823293384721,0.1266662549386162
0.1,2,T2ax+FLAIRax+FLAIRsag+SWIax+FLAIRcor,0111101,5,Mega cisterna magna,28,20,2512,0.5967295345104334,0.014967541302314952
0.1,2,T2ax+FLAIRax+FLAIRsag+SWIax+FLAIRcor,0111101,5,Foraminal Spinal Stenosis,33,25,2512,0.5221712907117009,0.01550075147843158
0.1,2,T2ax+FLAIRax+FLAIRsag+SWIax+T1sag,0111110,5,Cerebral infarction,0,161,2512,0.7705826250756251,0.21479202434719794
0.1,2,T2ax+FLAIRax+FLAIRsag+SWIax+T1sag,0111110,5,Cerebral hemorrhage,1,127,2512,0.815556545997788,0.29000143368632253
0.1,2,T2ax+FLAIRax+FLAIRsag+SWIax+T1sag,0111110,5,Metastatic malignant neoplasm to brain,2,144,2512,0.7812030780780781,0.21525014647712087
0.1,2,T2ax+FLAIRax+FLAIRsag+SWIax+T1sag,0111110,5,Intracranial meningioma,3,62,2512,0.5958130348913758,0.06042402984202319
0.1,2,T2ax+FLAIRax+FLAIRsag+SWIax+T1sag,0111110,5,Demyelinating disease of central nervous system,4,66,2512,0.7416623305830174,0.0820908969439934
0.1,2,T2ax+FLAIRax+FLAIRsag+SWIax+T1sag,0111110,5,Herniation of nucleus pulposus,5,42,2512,0.7030942741469057,0.033739592721481186
0.1,2,T2ax+FLAIRax+FLAIRsag+SWIax+T1sag,0111110,5,Spinal cord compression,6,23,2512,0.5131622617779098,0.009887110030453445
0.1,2,T2ax+FLAIRax+FLAIRsag+SWIax+T1sag,0111110,5,Lacunar infarct,7,86,2512,0.8604555302057172,0.198080097208344
0.1,2,T2ax+FLAIRax+FLAIRsag+SWIax+T1sag,0111110,5,Silent micro-hemorrhage of brain,8,77,2512,0.6910264273713965,0.06203093422086991
0.1,2,T2ax+FLAIRax+FLAIRsag+SWIax+T1sag,0111110,5,Gliosis,11,1027,2512,0.7437267842331133,0.6707357378228752
0.1,2,T2ax+FLAIRax+FLAIRsag+SWIax+T1sag,0111110,5,Cerebral atrophy,12,324,2512,0.9028229173719728,0.631508704109096
0.1,2,T2ax+FLAIRax+FLAIRsag+SWIax+T1sag,0111110,5,Encephalomalacia,13,84,2512,0.6617390366360713,0.1470323714867728
0.1,2,T2ax+FLAIRax+FLAIRsag+SWIax+T1sag,0111110,5,Arachnoid cyst,14,69,2512,0.6241672450716926,0.05636251204643834
0.1,2,T2ax+FLAIRax+FLAIRsag+SWIax+T1sag,0111110,5,Empty sella syndrome,15,72,2512,0.6373975409836066,0.05197318019036258
0.1,2,T2ax+FLAIRax+FLAIRsag+SWIax+T1sag,0111110,5,Cyst of pineal gland,19,27,2512,0.6856695729935166,0.026831025433178852
0.1,2,T2ax+FLAIRax+FLAIRsag+SWIax+T1sag,0111110,5,Cerebral edema,22,197,2512,0.8407231583909835,0.48110180393291635
0.1,2,T2ax+FLAIRax+FLAIRsag+SWIax+T1sag,0111110,5,Mastoiditis,24,62,2512,0.6571428571428573,0.06147691881307975
0.1,2,T2ax+FLAIRax+FLAIRsag+SWIax+T1sag,0111110,5,Chronic mastoiditis,25,25,2512,0.5660474467229594,0.02531101372487511
0.1,2,T2ax+FLAIRax+FLAIRsag+SWIax+T1sag,0111110,5,Ventriculomegaly,26,304,2512,0.8921282060450039,0.5598488364933003
0.1,2,T2ax+FLAIRax+FLAIRsag+SWIax+T1sag,0111110,5,Cerebellar degeneration,27,94,2512,0.7952765605476656,0.14961630021735456
0.1,2,T2ax+FLAIRax+FLAIRsag+SWIax+T1sag,0111110,5,Mega cisterna magna,28,20,2512,0.5750000000000001,0.012595580011917427
0.1,2,T2ax+FLAIRax+FLAIRsag+SWIax+T1sag,0111110,5,Foraminal Spinal Stenosis,33,25,2512,0.5454925613188581,0.01462400732613938
0.1,2,T1ax+FLAIRsag+SWIax+T1sag+FLAIRcor,1001111,5,Cerebral infarction,0,161,2512,0.753465553180753,0.1884057914426809
0.1,2,T1ax+FLAIRsag+SWIax+T1sag+FLAIRcor,1001111,5,Cerebral hemorrhage,1,127,2512,0.8012380527905711,0.27078905524103297
0.1,2,T1ax+FLAIRsag+SWIax+T1sag+FLAIRcor,1001111,5,Metastatic malignant neoplasm to brain,2,144,2512,0.7412959834834836,0.1827631942194872
0.1,2,T1ax+FLAIRsag+SWIax+T1sag+FLAIRcor,1001111,5,Intracranial meningioma,3,62,2512,0.6654575378538512,0.04714924308844573
0.1,2,T1ax+FLAIRsag+SWIax+T1sag+FLAIRcor,1001111,5,Demyelinating disease of central nervous system,4,66,2512,0.7238534155950345,0.07021183489223613
0.1,2,T1ax+FLAIRsag+SWIax+T1sag+FLAIRcor,1001111,5,Herniation of nucleus pulposus,5,42,2512,0.6566898014266436,0.03443171623585757
0.1,2,T1ax+FLAIRsag+SWIax+T1sag+FLAIRcor,1001111,5,Spinal cord compression,6,23,2512,0.5257917445455658,0.011202919406561661
0.1,2,T1ax+FLAIRsag+SWIax+T1sag+FLAIRcor,1001111,5,Lacunar infarct,7,86,2512,0.8476389501332465,0.18167167114703167
0.1,2,T1ax+FLAIRsag+SWIax+T1sag+FLAIRcor,1001111,5,Silent micro-hemorrhage of brain,8,77,2512,0.7226166031094162,0.07767097305729062
0.1,2,T1ax+FLAIRsag+SWIax+T1sag+FLAIRcor,1001111,5,Gliosis,11,1027,2512,0.7333215307898853,0.650531924941834
0.1,2,T1ax+FLAIRsag+SWIax+T1sag+FLAIRcor,1001111,5,Cerebral atrophy,12,324,2512,0.8945637822465976,0.608436936854209
0.1,2,T1ax+FLAIRsag+SWIax+T1sag+FLAIRcor,1001111,5,Encephalomalacia,13,84,2512,0.7430768023848748,0.16462885119124926
0.1,2,T1ax+FLAIRsag+SWIax+T1sag+FLAIRcor,1001111,5,Arachnoid cyst,14,69,2512,0.6007403584331453,0.06432990442435033
0.1,2,T1ax+FLAIRsag+SWIax+T1sag+FLAIRcor,1001111,5,Empty sella syndrome,15,72,2512,0.6937044626593808,0.06152037190722338
0.1,2,T1ax+FLAIRsag+SWIax+T1sag+FLAIRcor,1001111,5,Cyst of pineal gland,19,27,2512,0.6471048513302033,0.02459455614592234
0.1,2,T1ax+FLAIRsag+SWIax+T1sag+FLAIRcor,1001111,5,Cerebral edema,22,197,2512,0.8357237613884289,0.45246126307965695
0.1,2,T1ax+FLAIRsag+SWIax+T1sag+FLAIRcor,1001111,5,Mastoiditis,24,62,2512,0.5934957208689928,0.04521082411624222
0.1,2,T1ax+FLAIRsag+SWIax+T1sag+FLAIRcor,1001111,5,Chronic mastoiditis,25,25,2512,0.42068355448331324,0.013829527922105076
0.1,2,T1ax+FLAIRsag+SWIax+T1sag+FLAIRcor,1001111,5,Ventriculomegaly,26,304,2512,0.8938995757055682,0.5301908509448908
0.1,2,T1ax+FLAIRsag+SWIax+T1sag+FLAIRcor,1001111,5,Cerebellar degeneration,27,94,2512,0.7706826461116099,0.13148203261003938
0.1,2,T1ax+FLAIRsag+SWIax+T1sag+FLAIRcor,1001111,5,Mega cisterna magna,28,20,2512,0.47776886035313004,0.008097514661593341
0.1,2,T1ax+FLAIRsag+SWIax+T1sag+FLAIRcor,1001111,5,Foraminal Spinal Stenosis,33,25,2512,0.6291757137112988,0.017613290914863227
0.1,2,T1ax+FLAIRax+SWIax+T1sag+FLAIRcor,1010111,5,Cerebral infarction,0,161,2512,0.7587282800235661,0.19382549424138404
0.1,2,T1ax+FLAIRax+SWIax+T1sag+FLAIRcor,1010111,5,Cerebral hemorrhage,1,127,2512,0.8144307433268955,0.2898596739623776
0.1,2,T1ax+FLAIRax+SWIax+T1sag+FLAIRcor,1010111,5,Metastatic malignant neoplasm to brain,2,144,2512,0.7502404748498501,0.18547263277998047
0.1,2,T1ax+FLAIRax+SWIax+T1sag+FLAIRcor,1010111,5,Intracranial meningioma,3,62,2512,0.6814351547070441,0.0690008629483879
0.1,2,T1ax+FLAIRax+SWIax+T1sag+FLAIRcor,1010111,5,Demyelinating disease of central nervous system,4,66,2512,0.7398659530711862,0.11132420932132535
0.1,2,T1ax+FLAIRax+SWIax+T1sag+FLAIRcor,1010111,5,Herniation of nucleus pulposus,5,42,2512,0.6740408714092925,0.038520525557123445
0.1,2,T1ax+FLAIRax+SWIax+T1sag+FLAIRcor,1010111,5,Spinal cord compression,6,23,2512,0.5537582755428232,0.012798709679206773
0.1,2,T1ax+FLAIRax+SWIax+T1sag+FLAIRcor,1010111,5,Lacunar infarct,7,86,2512,0.8357905634693916,0.18991235176334
0.1,2,T1ax+FLAIRax+SWIax+T1sag+FLAIRcor,1010111,5,Silent micro-hemorrhage of brain,8,77,2512,0.7345155870823222,0.0855268491486121
0.1,2,T1ax+FLAIRax+SWIax+T1sag+FLAIRcor,1010111,5,Gliosis,11,1027,2512,0.735602044462804,0.6526745187062856
0.1,2,T1ax+FLAIRax+SWIax+T1sag+FLAIRcor,1010111,5,Cerebral atrophy,12,324,2512,0.8929345250186201,0.6084583129390043
0.1,2,T1ax+FLAIRax+SWIax+T1sag+FLAIRcor,1010111,5,Encephalomalacia,13,84,2512,0.6904124499882326,0.1422698467078459
0.1,2,T1ax+FLAIRax+SWIax+T1sag+FLAIRcor,1010111,5,Arachnoid cyst,14,69,2512,0.6258876292512771,0.07159768830175485
0.1,2,T1ax+FLAIRax+SWIax+T1sag+FLAIRcor,1010111,5,Empty sella syndrome,15,72,2512,0.7111168032786885,0.07011749251564778
0.1,2,T1ax+FLAIRax+SWIax+T1sag+FLAIRcor,1010111,5,Cyst of pineal gland,19,27,2512,0.6372307921603696,0.021733823577021742
0.1,2,T1ax+FLAIRax+SWIax+T1sag+FLAIRcor,1010111,5,Cerebral edema,22,197,2512,0.839214568418283,0.4695311910820689
0.1,2,T1ax+FLAIRax+SWIax+T1sag+FLAIRcor,1010111,5,Mastoiditis,24,62,2512,0.636899275839368,0.06975566116155774
0.1,2,T1ax+FLAIRax+SWIax+T1sag+FLAIRcor,1010111,5,Chronic mastoiditis,25,25,2512,0.4377643747486932,0.01752436557113632
0.1,2,T1ax+FLAIRax+SWIax+T1sag+FLAIRcor,1010111,5,Ventriculomegaly,26,304,2512,0.8915501644736843,0.5258097710447605
0.1,2,T1ax+FLAIRax+SWIax+T1sag+FLAIRcor,1010111,5,Cerebellar degeneration,27,94,2512,0.7617822008693663,0.14760658678246927
0.1,2,T1ax+FLAIRax+SWIax+T1sag+FLAIRcor,1010111,5,Mega cisterna magna,28,20,2512,0.5323033707865168,0.009200264586156984
0.1,2,T1ax+FLAIRax+SWIax+T1sag+FLAIRcor,1010111,5,Foraminal Spinal Stenosis,33,25,2512,0.6315400080418174,0.01683847002296542
0.1,2,T1ax+FLAIRax+FLAIRsag+T1sag+FLAIRcor,1011011,5,Cerebral infarction,0,161,2512,0.7337250436579122,0.1755048359024474
0.1,2,T1ax+FLAIRax+FLAIRsag+T1sag+FLAIRcor,1011011,5,Cerebral hemorrhage,1,127,2512,0.787358655639743,0.23849426614506672
0.1,2,T1ax+FLAIRax+FLAIRsag+T1sag+FLAIRcor,1011011,5,Metastatic malignant neoplasm to brain,2,144,2512,0.752709740990991,0.19004316371806218
0.1,2,T1ax+FLAIRax+FLAIRsag+T1sag+FLAIRcor,1011011,5,Intracranial meningioma,3,62,2512,0.6913166556945358,0.057600995518086236
0.1,2,T1ax+FLAIRax+FLAIRsag+T1sag+FLAIRcor,1011011,5,Demyelinating disease of central nervous system,4,66,2512,0.7412658886493719,0.0988489820880956
0.1,2,T1ax+FLAIRax+FLAIRsag+T1sag+FLAIRcor,1011011,5,Herniation of nucleus pulposus,5,42,2512,0.6721129747445538,0.033522482700468606
0.1,2,T1ax+FLAIRax+FLAIRsag+T1sag+FLAIRcor,1011011,5,Spinal cord compression,6,23,2512,0.5871574056282425,0.012309328677569027
0.1,2,T1ax+FLAIRax+FLAIRsag+T1sag+FLAIRcor,1011011,5,Lacunar infarct,7,86,2512,0.8104737437450871,0.1407745735566034
0.1,2,T1ax+FLAIRax+FLAIRsag+T1sag+FLAIRcor,1011011,5,Silent micro-hemorrhage of brain,8,77,2512,0.6751166697778608,0.07840411240967494
0.1,2,T1ax+FLAIRax+FLAIRsag+T1sag+FLAIRcor,1011011,5,Gliosis,11,1027,2512,0.7410784246227284,0.6567029538034789
0.1,2,T1ax+FLAIRax+FLAIRsag+T1sag+FLAIRcor,1011011,5,Cerebral atrophy,12,324,2512,0.8966232762317466,0.6264625526939391
0.1,2,T1ax+FLAIRax+FLAIRsag+T1sag+FLAIRcor,1011011,5,Encephalomalacia,13,84,2512,0.7272446457990115,0.1544678740754412
0.1,2,T1ax+FLAIRax+FLAIRsag+T1sag+FLAIRcor,1011011,5,Arachnoid cyst,14,69,2512,0.6551044985080118,0.06622062383248103
0.1,2,T1ax+FLAIRax+FLAIRsag+T1sag+FLAIRcor,1011011,5,Empty sella syndrome,15,72,2512,0.6993055555555554,0.06335716114557868
0.1,2,T1ax+FLAIRax+FLAIRsag+T1sag+FLAIRcor,1011011,5,Cyst of pineal gland,19,27,2512,0.6409270437439452,0.020192229516040612
0.1,2,T1ax+FLAIRax+FLAIRsag+T1sag+FLAIRcor,1011011,5,Cerebral edema,22,197,2512,0.846737783819934,0.4873469869517188
0.1,2,T1ax+FLAIRax+FLAIRsag+T1sag+FLAIRcor,1011011,5,Mastoiditis,24,62,2512,0.607801184990125,0.06531563805389697
0.1,2,T1ax+FLAIRax+FLAIRsag+T1sag+FLAIRcor,1011011,5,Chronic mastoiditis,25,25,2512,0.5273019702452755,0.014809167610475824
0.1,2,T1ax+FLAIRax+FLAIRsag+T1sag+FLAIRcor,1011011,5,Ventriculomegaly,26,304,2512,0.8881847110983981,0.5384912136051371
0.1,2,T1ax+FLAIRax+FLAIRsag+T1sag+FLAIRcor,1011011,5,Cerebellar degeneration,27,94,2512,0.7687732080319589,0.1478845118708704
0.1,2,T1ax+FLAIRax+FLAIRsag+T1sag+FLAIRcor,1011011,5,Mega cisterna magna,28,20,2512,0.5122391653290529,0.008659570402633746
0.1,2,T1ax+FLAIRax+FLAIRsag+T1sag+FLAIRcor,1011011,5,Foraminal Spinal Stenosis,33,25,2512,0.6342098914354644,0.015659204831898137
0.1,2,T1ax+FLAIRax+FLAIRsag+SWIax+FLAIRcor,1011101,5,Cerebral infarction,0,161,2512,0.767578749362634,0.20563432690038236
0.1,2,T1ax+FLAIRax+FLAIRsag+SWIax+FLAIRcor,1011101,5,Cerebral hemorrhage,1,127,2512,0.8148203172716618,0.2745217937880334
0.1,2,T1ax+FLAIRax+FLAIRsag+SWIax+FLAIRcor,1011101,5,Metastatic malignant neoplasm to brain,2,144,2512,0.7637012012012011,0.1966976295501849
0.1,2,T1ax+FLAIRax+FLAIRsag+SWIax+FLAIRcor,1011101,5,Intracranial meningioma,3,62,2512,0.7197761685319289,0.07458063951009873
0.1,2,T1ax+FLAIRax+FLAIRsag+SWIax+FLAIRcor,1011101,5,Demyelinating disease of central nervous system,4,66,2512,0.7300044599717536,0.08324678930260593
0.1,2,T1ax+FLAIRax+FLAIRsag+SWIax+FLAIRcor,1011101,5,Herniation of nucleus pulposus,5,42,2512,0.7047426257952574,0.033116465276882896
0.1,2,T1ax+FLAIRax+FLAIRsag+SWIax+FLAIRcor,1011101,5,Spinal cord compression,6,23,2512,0.5320278791901759,0.012085431959849234
0.1,2,T1ax+FLAIRax+FLAIRsag+SWIax+FLAIRcor,1011101,5,Lacunar infarct,7,86,2512,0.8335282501581701,0.19510157332049002
0.1,2,T1ax+FLAIRax+FLAIRsag+SWIax+FLAIRcor,1011101,5,Silent micro-hemorrhage of brain,8,77,2512,0.7374116643110482,0.09968674378468084
0.1,2,T1ax+FLAIRax+FLAIRsag+SWIax+FLAIRcor,1011101,5,Gliosis,11,1027,2512,0.7389598680737921,0.6546635600364927
0.1,2,T1ax+FLAIRax+FLAIRsag+SWIax+FLAIRcor,1011101,5,Cerebral atrophy,12,324,2512,0.9003839686731216,0.62455282595466
0.1,2,T1ax+FLAIRax+FLAIRsag+SWIax+FLAIRcor,1011101,5,Encephalomalacia,13,84,2512,0.7328243900525614,0.16733754007138202
0.1,2,T1ax+FLAIRax+FLAIRsag+SWIax+FLAIRcor,1011101,5,Arachnoid cyst,14,69,2512,0.6378531978382482,0.08099198073517733
0.1,2,T1ax+FLAIRax+FLAIRsag+SWIax+FLAIRcor,1011101,5,Empty sella syndrome,15,72,2512,0.7317224499089254,0.08743566882384167
0.1,2,T1ax+FLAIRax+FLAIRsag+SWIax+FLAIRcor,1011101,5,Cyst of pineal gland,19,27,2512,0.6827185334227588,0.022327721919402514
0.1,2,T1ax+FLAIRax+FLAIRsag+SWIax+FLAIRcor,1011101,5,Cerebral edema,22,197,2512,0.8356601725669053,0.4810270340349337
0.1,2,T1ax+FLAIRax+FLAIRsag+SWIax+FLAIRcor,1011101,5,Mastoiditis,24,62,2512,0.6724687294272547,0.06220473460284901
0.1,2,T1ax+FLAIRax+FLAIRsag+SWIax+FLAIRcor,1011101,5,Chronic mastoiditis,25,25,2512,0.5272698029754724,0.01791342803481833
0.1,2,T1ax+FLAIRax+FLAIRsag+SWIax+FLAIRcor,1011101,5,Ventriculomegaly,26,304,2512,0.8933274933257056,0.5287143448015649
0.1,2,T1ax+FLAIRax+FLAIRsag+SWIax+FLAIRcor,1011101,5,Cerebellar degeneration,27,94,2512,0.7506247470214524,0.13172860993806154
0.1,2,T1ax+FLAIRax+FLAIRsag+SWIax+FLAIRcor,1011101,5,Mega cisterna magna,28,20,2512,0.5516853932584269,0.010340704493322818
0.1,2,T1ax+FLAIRax+FLAIRsag+SWIax+FLAIRcor,1011101,5,Foraminal Spinal Stenosis,33,25,2512,0.6239002814636108,0.01575260937584023
0.1,2,T1ax+FLAIRax+FLAIRsag+SWIax+T1sag,1011110,5,Cerebral infarction,0,161,2512,0.7491618473439345,0.18553965791062904
0.1,2,T1ax+FLAIRax+FLAIRsag+SWIax+T1sag,1011110,5,Cerebral hemorrhage,1,127,2512,0.8114561151554168,0.27857422820145966
0.1,2,T1ax+FLAIRax+FLAIRsag+SWIax+T1sag,1011110,5,Metastatic malignant neoplasm to brain,2,144,2512,0.7673171218093093,0.19622346662724388
0.1,2,T1ax+FLAIRax+FLAIRsag+SWIax+T1sag,1011110,5,Intracranial meningioma,3,62,2512,0.6436471362738643,0.06752326625523651
0.1,2,T1ax+FLAIRax+FLAIRsag+SWIax+T1sag,1011110,5,Demyelinating disease of central nervous system,4,66,2512,0.7185386159220991,0.0810287214097647
0.1,2,T1ax+FLAIRax+FLAIRsag+SWIax+T1sag,1011110,5,Herniation of nucleus pulposus,5,42,2512,0.7070753807595913,0.035747073281356304
0.1,2,T1ax+FLAIRax+FLAIRsag+SWIax+T1sag,1011110,5,Spinal cord compression,6,23,2512,0.5678725522734815,0.012791062059944854
0.1,2,T1ax+FLAIRax+FLAIRsag+SWIax+T1sag,1011110,5,Lacunar infarct,7,86,2512,0.8399317471577292,0.1820872099677457
0.1,2,T1ax+FLAIRax+FLAIRsag+SWIax+T1sag,1011110,5,Silent micro-hemorrhage of brain,8,77,2512,0.7358222885943626,0.07468447840366989
0.1,2,T1ax+FLAIRax+FLAIRsag+SWIax+T1sag,1011110,5,Gliosis,11,1027,2512,0.7398942360967677,0.6509507001993722
0.1,2,T1ax+FLAIRax+FLAIRsag+SWIax+T1sag,1011110,5,Cerebral atrophy,12,324,2512,0.8954411831087639,0.6100653896100332
0.1,2,T1ax+FLAIRax+FLAIRsag+SWIax+T1sag,1011110,5,Encephalomalacia,13,84,2512,0.7192280536596846,0.17013059729135005
0.1,2,T1ax+FLAIRax+FLAIRsag+SWIax+T1sag,1011110,5,Arachnoid cyst,14,69,2512,0.6339497054583637,0.061881020852917745
0.1,2,T1ax+FLAIRax+FLAIRsag+SWIax+T1sag,1011110,5,Empty sella syndrome,15,72,2512,0.6475182149362477,0.048572192283547685
0.1,2,T1ax+FLAIRax+FLAIRsag+SWIax+T1sag,1011110,5,Cyst of pineal gland,19,27,2512,0.6287651836947612,0.022649388114689036
0.1,2,T1ax+FLAIRax+FLAIRsag+SWIax+T1sag,1011110,5,Cerebral edema,22,197,2512,0.8411112694740766,0.4793385272637855
0.1,2,T1ax+FLAIRax+FLAIRsag+SWIax+T1sag,1011110,5,Mastoiditis,24,62,2512,0.6390849242922976,0.0628887427568664
0.1,2,T1ax+FLAIRax+FLAIRsag+SWIax+T1sag,1011110,5,Chronic mastoiditis,25,25,2512,0.4717812625653398,0.05230411187308184
0.1,2,T1ax+FLAIRax+FLAIRsag+SWIax+T1sag,1011110,5,Ventriculomegaly,26,304,2512,0.8970087838482075,0.5375174412155879
0.1,2,T1ax+FLAIRax+FLAIRsag+SWIax+T1sag,1011110,5,Cerebellar degeneration,27,94,2512,0.7697499252063424,0.13809578939812356
0.1,2,T1ax+FLAIRax+FLAIRsag+SWIax+T1sag,1011110,5,Mega cisterna magna,28,20,2512,0.5806179775280899,0.011098324687395328
0.1,2,T1ax+FLAIRax+FLAIRsag+SWIax+T1sag,1011110,5,Foraminal Spinal Stenosis,33,25,2512,0.6425894652191395,0.017370974626890315
0.1,2,T1ax+T2ax+SWIax+T1sag+FLAIRcor,1100111,5,Cerebral infarction,0,161,2512,0.7679671132410948,0.2091182964252739
0.1,2,T1ax+T2ax+SWIax+T1sag+FLAIRcor,1100111,5,Cerebral hemorrhage,1,127,2512,0.8178114528136813,0.2932089465101823
0.1,2,T1ax+T2ax+SWIax+T1sag+FLAIRcor,1100111,5,Metastatic malignant neoplasm to brain,2,144,2512,0.7323309637762764,0.16483371207343267
0.1,2,T1ax+T2ax+SWIax+T1sag+FLAIRcor,1100111,5,Intracranial meningioma,3,62,2512,0.6425674786043449,0.052708187885392846
0.1,2,T1ax+T2ax+SWIax+T1sag+FLAIRcor,1100111,5,Demyelinating disease of central nervous system,4,66,2512,0.7846638915731312,0.1071156485848874
0.1,2,T1ax+T2ax+SWIax+T1sag+FLAIRcor,1100111,5,Herniation of nucleus pulposus,5,42,2512,0.6686042028147291,0.03418076686487603
0.1,2,T1ax+T2ax+SWIax+T1sag+FLAIRcor,1100111,5,Spinal cord compression,6,23,2512,0.4668890946250458,0.009283939341578111
0.1,2,T1ax+T2ax+SWIax+T1sag+FLAIRcor,1100111,5,Lacunar infarct,7,86,2512,0.8496807837573572,0.18626100573380175
0.1,2,T1ax+T2ax+SWIax+T1sag+FLAIRcor,1100111,5,Silent micro-hemorrhage of brain,8,77,2512,0.7036134296914583,0.07310186760095069
0.1,2,T1ax+T2ax+SWIax+T1sag+FLAIRcor,1100111,5,Gliosis,11,1027,2512,0.7390064225507263,0.6698591852736266
0.1,2,T1ax+T2ax+SWIax+T1sag+FLAIRcor,1100111,5,Cerebral atrophy,12,324,2512,0.8962029137608053,0.6085927242247543
0.1,2,T1ax+T2ax+SWIax+T1sag+FLAIRcor,1100111,5,Encephalomalacia,13,84,2512,0.6680787636306582,0.1215894084848929
0.1,2,T1ax+T2ax+SWIax+T1sag+FLAIRcor,1100111,5,Arachnoid cyst,14,69,2512,0.6215214128506766,0.0628503555360713
0.1,2,T1ax+T2ax+SWIax+T1sag+FLAIRcor,1100111,5,Empty sella syndrome,15,72,2512,0.7169171220400729,0.07396615864339995
0.1,2,T1ax+T2ax+SWIax+T1sag+FLAIRcor,1100111,5,Cyst of pineal gland,19,27,2512,0.6078247261345853,0.020737212220288785
0.1,2,T1ax+T2ax+SWIax+T1sag+FLAIRcor,1100111,5,Cerebral edema,22,197,2512,0.8311804497264583,0.4555767531150388
0.1,2,T1ax+T2ax+SWIax+T1sag+FLAIRcor,1100111,5,Mastoiditis,24,62,2512,0.5810928242264648,0.033997486716256214
0.1,2,T1ax+T2ax+SWIax+T1sag+FLAIRcor,1100111,5,Chronic mastoiditis,25,25,2512,0.45133896260554884,0.013439044399976398
0.1,2,T1ax+T2ax+SWIax+T1sag+FLAIRcor,1100111,5,Ventriculomegaly,26,304,2512,0.8948843320938217,0.5503706895197691
0.1,2,T1ax+T2ax+SWIax+T1sag+FLAIRcor,1100111,5,Cerebellar degeneration,27,94,2512,0.807239146120409,0.16684349415273655
0.1,2,T1ax+T2ax+SWIax+T1sag+FLAIRcor,1100111,5,Mega cisterna magna,28,20,2512,0.5576444622792938,0.009422881819685326
0.1,2,T1ax+T2ax+SWIax+T1sag+FLAIRcor,1100111,5,Foraminal Spinal Stenosis,33,25,2512,0.5905749899477282,0.016493256335884512
0.1,2,T1ax+T2ax+FLAIRsag+T1sag+FLAIRcor,1101011,5,Cerebral infarction,0,161,2512,0.7559753877694441,0.19021323048289815
0.1,2,T1ax+T2ax+FLAIRsag+T1sag+FLAIRcor,1101011,5,Cerebral hemorrhage,1,127,2512,0.7942422291553178,0.24341754085037912
0.1,2,T1ax+T2ax+FLAIRsag+T1sag+FLAIRcor,1101011,5,Metastatic malignant neoplasm to brain,2,144,2512,0.7362665399774775,0.17354467861946152
0.1,2,T1ax+T2ax+FLAIRsag+T1sag+FLAIRcor,1101011,5,Intracranial meningioma,3,62,2512,0.6557801184990126,0.052226029546709615
0.1,2,T1ax+T2ax+FLAIRsag+T1sag+FLAIRcor,1101011,5,Demyelinating disease of central nervous system,4,66,2512,0.7818826036323993,0.0957292868782608
0.1,2,T1ax+T2ax+FLAIRsag+T1sag+FLAIRcor,1101011,5,Herniation of nucleus pulposus,5,42,2512,0.6621746674378254,0.032330218238738634
0.1,2,T1ax+T2ax+FLAIRsag+T1sag+FLAIRcor,1101011,5,Spinal cord compression,6,23,2512,0.49008681677642496,0.00941231251125538
0.1,2,T1ax+T2ax+FLAIRsag+T1sag+FLAIRcor,1101011,5,Lacunar infarct,7,86,2512,0.8380480837439369,0.15083552931454713
0.1,2,T1ax+T2ax+FLAIRsag+T1sag+FLAIRcor,1101011,5,Silent micro-hemorrhage of brain,8,77,2512,0.6531107496199899,0.05788683849713107
0.1,2,T1ax+T2ax+FLAIRsag+T1sag+FLAIRcor,1101011,5,Gliosis,11,1027,2512,0.7506679911743204,0.6734356033788397
0.1,2,T1ax+T2ax+FLAIRsag+T1sag+FLAIRcor,1101011,5,Cerebral atrophy,12,324,2512,0.8990763310537838,0.6447317320923731
0.1,2,T1ax+T2ax+FLAIRsag+T1sag+FLAIRcor,1101011,5,Encephalomalacia,13,84,2512,0.6934670902957558,0.14363114975535532
0.1,2,T1ax+T2ax+FLAIRsag+T1sag+FLAIRcor,1101011,5,Arachnoid cyst,14,69,2512,0.6340564879246828,0.06086905956826118
0.1,2,T1ax+T2ax+FLAIRsag+T1sag+FLAIRcor,1101011,5,Empty sella syndrome,15,72,2512,0.7195696721311475,0.06536397149407096
0.1,2,T1ax+T2ax+FLAIRsag+T1sag+FLAIRcor,1101011,5,Cyst of pineal gland,19,27,2512,0.6383784186601087,0.02016109677387878
0.1,2,T1ax+T2ax+FLAIRsag+T1sag+FLAIRcor,1101011,5,Cerebral edema,22,197,2512,0.8390764271853176,0.45149056253527853
0.1,2,T1ax+T2ax+FLAIRsag+T1sag+FLAIRcor,1101011,5,Mastoiditis,24,62,2512,0.5733113890717577,0.03393318922628238
0.1,2,T1ax+T2ax+FLAIRsag+T1sag+FLAIRcor,1101011,5,Chronic mastoiditis,25,25,2512,0.4851789304382791,0.01170859617431489
0.1,2,T1ax+T2ax+FLAIRsag+T1sag+FLAIRcor,1101011,5,Ventriculomegaly,26,304,2512,0.8892543859649121,0.5518697704365259
0.1,2,T1ax+T2ax+FLAIRsag+T1sag+FLAIRcor,1101011,5,Cerebellar degeneration,27,94,2512,0.7843874839413618,0.1466810855435976
0.1,2,T1ax+T2ax+FLAIRsag+T1sag+FLAIRcor,1101011,5,Mega cisterna magna,28,20,2512,0.5069221508828251,0.008294866732053164
0.1,2,T1ax+T2ax+FLAIRsag+T1sag+FLAIRcor,1101011,5,Foraminal Spinal Stenosis,33,25,2512,0.5852191395255327,0.014935698670457982
0.1,2,T1ax+T2ax+FLAIRsag+SWIax+FLAIRcor,1101101,5,Cerebral infarction,0,161,2512,0.7778109486910552,0.21579475139679372
0.1,2,T1ax+T2ax+FLAIRsag+SWIax+FLAIRcor,1101101,5,Cerebral hemorrhage,1,127,2512,0.8192475940507435,0.276984658917009
0.1,2,T1ax+T2ax+FLAIRsag+SWIax+FLAIRcor,1101101,5,Metastatic malignant neoplasm to brain,2,144,2512,0.7477242867867867,0.1847746209927548
0.1,2,T1ax+T2ax+FLAIRsag+SWIax+FLAIRcor,1101101,5,Intracranial meningioma,3,62,2512,0.7013890717577353,0.05150200314903212
0.1,2,T1ax+T2ax+FLAIRsag+SWIax+FLAIRcor,1101101,5,Demyelinating disease of central nervous system,4,66,2512,0.7693822939121386,0.07076341933957156
0.1,2,T1ax+T2ax+FLAIRsag+SWIax+FLAIRcor,1101101,5,Herniation of nucleus pulposus,5,42,2512,0.6693560825139772,0.03195963352037646
0.1,2,T1ax+T2ax+FLAIRsag+SWIax+FLAIRcor,1101101,5,Spinal cord compression,6,23,2512,0.4201617552011459,0.008650863969566821
0.1,2,T1ax+T2ax+FLAIRsag+SWIax+FLAIRcor,1101101,5,Lacunar infarct,7,86,2512,0.8568895109185376,0.19391198677049662
0.1,2,T1ax+T2ax+FLAIRsag+SWIax+FLAIRcor,1101101,5,Silent micro-hemorrhage of brain,8,77,2512,0.7252993413157683,0.08543740925434658
0.1,2,T1ax+T2ax+FLAIRsag+SWIax+FLAIRcor,1101101,5,Gliosis,11,1027,2512,0.7394234457525597,0.6618537456027219
0.1,2,T1ax+T2ax+FLAIRsag+SWIax+FLAIRcor,1101101,5,Cerebral atrophy,12,324,2512,0.900152628252872,0.6327476557979245
0.1,2,T1ax+T2ax+FLAIRsag+SWIax+FLAIRcor,1101101,5,Encephalomalacia,13,84,2512,0.6941535263199186,0.140898488290518
0.1,2,T1ax+T2ax+FLAIRsag+SWIax+FLAIRcor,1101101,5,Arachnoid cyst,14,69,2512,0.6303309663219966,0.05801266010039449
0.1,2,T1ax+T2ax+FLAIRsag+SWIax+FLAIRcor,1101101,5,Empty sella syndrome,15,72,2512,0.7421448087431695,0.09182975545821416
0.1,2,T1ax+T2ax+FLAIRsag+SWIax+FLAIRcor,1101101,5,Cyst of pineal gland,19,27,2512,0.6709441836202399,0.02493488396476966
0.1,2,T1ax+T2ax+FLAIRsag+SWIax+FLAIRcor,1101101,5,Cerebral edema,22,197,2512,0.8440517042900527,0.473464430351044
0.1,2,T1ax+T2ax+FLAIRsag+SWIax+FLAIRcor,1101101,5,Mastoiditis,24,62,2512,0.6218564845292955,0.03537051894247643
0.1,2,T1ax+T2ax+FLAIRsag+SWIax+FLAIRcor,1101101,5,Chronic mastoiditis,25,25,2512,0.556638520305589,0.016326612030690343
0.1,2,T1ax+T2ax+FLAIRsag+SWIax+FLAIRcor,1101101,5,Ventriculomegaly,26,304,2512,0.8944463315217392,0.5346928717507566
0.1,2,T1ax+T2ax+FLAIRsag+SWIax+FLAIRcor,1101101,5,Cerebellar degeneration,27,94,2512,0.7628645090896291,0.13751112722057243
0.1,2,T1ax+T2ax+FLAIRsag+SWIax+FLAIRcor,1101101,5,Mega cisterna magna,28,20,2512,0.5462680577849117,0.010355406422587247
0.1,2,T1ax+T2ax+FLAIRsag+SWIax+FLAIRcor,1101101,5,Foraminal Spinal Stenosis,33,25,2512,0.5995335745878567,0.016294873942829476
0.1,2,T1ax+T2ax+FLAIRsag+SWIax+T1sag,1101110,5,Cerebral infarction,0,161,2512,0.7675311946020061,0.20784429016439843
0.1,2,T1ax+T2ax+FLAIRsag+SWIax+T1sag,1101110,5,Cerebral hemorrhage,1,127,2512,0.8111853942785454,0.26771436880980165
0.1,2,T1ax+T2ax+FLAIRsag+SWIax+T1sag,1101110,5,Metastatic malignant neoplasm to brain,2,144,2512,0.748950121996997,0.17699774661788867
0.1,2,T1ax+T2ax+FLAIRsag+SWIax+T1sag,1101110,5,Intracranial meningioma,3,62,2512,0.6279427254772877,0.0696541857791795
0.1,2,T1ax+T2ax+FLAIRsag+SWIax+T1sag,1101110,5,Demyelinating disease of central nervous system,4,66,2512,0.7558413241160584,0.07929949910010525
0.1,2,T1ax+T2ax+FLAIRsag+SWIax+T1sag,1101110,5,Herniation of nucleus pulposus,5,42,2512,0.6829188355504145,0.031312955028524006
0.1,2,T1ax+T2ax+FLAIRsag+SWIax+T1sag,1101110,5,Spinal cord compression,6,23,2512,0.4766887347808619,0.009575387941538048
0.1,2,T1ax+T2ax+FLAIRsag+SWIax+T1sag,1101110,5,Lacunar infarct,7,86,2512,0.8574311240629613,0.17328452706615424
0.1,2,T1ax+T2ax+FLAIRsag+SWIax+T1sag,1101110,5,Silent micro-hemorrhage of brain,8,77,2512,0.690205072135257,0.06398483730419954
0.1,2,T1ax+T2ax+FLAIRsag+SWIax+T1sag,1101110,5,Gliosis,11,1027,2512,0.7451522692029021,0.6690224751149377
0.1,2,T1ax+T2ax+FLAIRsag+SWIax+T1sag,1101110,5,Cerebral atrophy,12,324,2512,0.8996137743471685,0.6297611210667992
0.1,2,T1ax+T2ax+FLAIRsag+SWIax+T1sag,1101110,5,Encephalomalacia,13,84,2512,0.6995567584529693,0.1476588552242294
0.1,2,T1ax+T2ax+FLAIRsag+SWIax+T1sag,1101110,5,Arachnoid cyst,14,69,2512,0.608814299358712,0.04614777138056397
0.1,2,T1ax+T2ax+FLAIRsag+SWIax+T1sag,1101110,5,Empty sella syndrome,15,72,2512,0.6531136156648452,0.0547211202844035
0.1,2,T1ax+T2ax+FLAIRsag+SWIax+T1sag,1101110,5,Cyst of pineal gland,19,27,2512,0.6079886727774051,0.0252994629329526
0.1,2,T1ax+T2ax+FLAIRsag+SWIax+T1sag,1101110,5,Cerebral edema,22,197,2512,0.8343160364429728,0.4520353758015851
0.1,2,T1ax+T2ax+FLAIRsag+SWIax+T1sag,1101110,5,Mastoiditis,24,62,2512,0.5923173140223832,0.037690262769137874
0.1,2,T1ax+T2ax+FLAIRsag+SWIax+T1sag,1101110,5,Chronic mastoiditis,25,25,2512,0.4652834740651387,0.015116193028324237
0.1,2,T1ax+T2ax+FLAIRsag+SWIax+T1sag,1101110,5,Ventriculomegaly,26,304,2512,0.8994833381006866,0.5706113179817978
0.1,2,T1ax+T2ax+FLAIRsag+SWIax+T1sag,1101110,5,Cerebellar degeneration,27,94,2512,0.804383788254756,0.15076887348204004
0.1,2,T1ax+T2ax+FLAIRsag+SWIax+T1sag,1101110,5,Mega cisterna magna,28,20,2512,0.5760433386837881,0.011821631180395307
0.1,2,T1ax+T2ax+FLAIRsag+SWIax+T1sag,1101110,5,Foraminal Spinal Stenosis,33,25,2512,0.5684278246883796,0.01454268578988742
0.1,2,T1ax+T2ax+FLAIRax+T1sag+FLAIRcor,1110011,5,Cerebral infarction,0,161,2512,0.7547178285439524,0.1940490150276034
0.1,2,T1ax+T2ax+FLAIRax+T1sag+FLAIRcor,1110011,5,Cerebral hemorrhage,1,127,2512,0.8135789630069826,0.26494384361519113
0.1,2,T1ax+T2ax+FLAIRax+T1sag+FLAIRcor,1110011,5,Metastatic malignant neoplasm to brain,2,144,2512,0.7532346799924924,0.17709883765748383
0.1,2,T1ax+T2ax+FLAIRax+T1sag+FLAIRcor,1110011,5,Intracranial meningioma,3,62,2512,0.6854377880184331,0.0633554400825903
0.1,2,T1ax+T2ax+FLAIRax+T1sag+FLAIRcor,1110011,5,Demyelinating disease of central nervous system,4,66,2512,0.7872841249783197,0.13239214644144587
0.1,2,T1ax+T2ax+FLAIRax+T1sag+FLAIRcor,1110011,5,Herniation of nucleus pulposus,5,42,2512,0.677993059572007,0.03576211170527192
0.1,2,T1ax+T2ax+FLAIRax+T1sag+FLAIRcor,1110011,5,Spinal cord compression,6,23,2512,0.5240623962827746,0.01087735361871127
0.1,2,T1ax+T2ax+FLAIRax+T1sag+FLAIRcor,1110011,5,Lacunar infarct,7,86,2512,0.83279970858337,0.15763757609832907
0.1,2,T1ax+T2ax+FLAIRax+T1sag+FLAIRcor,1110011,5,Silent micro-hemorrhage of brain,8,77,2512,0.681047494599856,0.06177894262512535
0.1,2,T1ax+T2ax+FLAIRax+T1sag+FLAIRcor,1110011,5,Gliosis,11,1027,2512,0.7467462682652556,0.6729041709288803
0.1,2,T1ax+T2ax+FLAIRax+T1sag+FLAIRcor,1110011,5,Cerebral atrophy,12,324,2512,0.897981695894554,0.6386264918639627
0.1,2,T1ax+T2ax+FLAIRax+T1sag+FLAIRcor,1110011,5,Encephalomalacia,13,84,2512,0.6600376559190398,0.12925668457282585
0.1,2,T1ax+T2ax+FLAIRax+T1sag+FLAIRcor,1110011,5,Arachnoid cyst,14,69,2512,0.6536451381349849,0.06800373795278876
0.1,2,T1ax+T2ax+FLAIRax+T1sag+FLAIRcor,1110011,5,Empty sella syndrome,15,72,2512,0.7307775500910746,0.07184532215726205
0.1,2,T1ax+T2ax+FLAIRax+T1sag+FLAIRcor,1110011,5,Cyst of pineal gland,19,27,2512,0.6466502720023847,0.019115003261328433
0.1,2,T1ax+T2ax+FLAIRax+T1sag+FLAIRcor,1110011,5,Cerebral edema,22,197,2512,0.8384186117902446,0.4743070331208047
0.1,2,T1ax+T2ax+FLAIRax+T1sag+FLAIRcor,1110011,5,Mastoiditis,24,62,2512,0.6067215273206057,0.042204865193660686
0.1,2,T1ax+T2ax+FLAIRax+T1sag+FLAIRcor,1110011,5,Chronic mastoiditis,25,25,2512,0.5079855247285887,0.014364219954166292
0.1,2,T1ax+T2ax+FLAIRax+T1sag+FLAIRcor,1110011,5,Ventriculomegaly,26,304,2512,0.8906696939359268,0.548351723847688
0.1,2,T1ax+T2ax+FLAIRax+T1sag+FLAIRcor,1110011,5,Cerebellar degeneration,27,94,2512,0.7935475071713919,0.1694451572430146
0.1,2,T1ax+T2ax+FLAIRax+T1sag+FLAIRcor,1110011,5,Mega cisterna magna,28,20,2512,0.5695425361155698,0.0097848139804211
0.1,2,T1ax+T2ax+FLAIRax+T1sag+FLAIRcor,1110011,5,Foraminal Spinal Stenosis,33,25,2512,0.5734459187776437,0.014458810490995976
0.1,2,T1ax+T2ax+FLAIRax+SWIax+FLAIRcor,1110101,5,Cerebral infarction,0,161,2512,0.7906930049589048,0.2389409736881341
0.1,2,T1ax+T2ax+FLAIRax+SWIax+FLAIRcor,1110101,5,Cerebral hemorrhage,1,127,2512,0.8287888542234108,0.2896274471592828
0.1,2,T1ax+T2ax+FLAIRax+SWIax+FLAIRcor,1110101,5,Metastatic malignant neoplasm to brain,2,144,2512,0.7416684262387386,0.1790314382339274
0.1,2,T1ax+T2ax+FLAIRax+SWIax+FLAIRcor,1110101,5,Intracranial meningioma,3,62,2512,0.7105924950625412,0.06379105558255867
0.1,2,T1ax+T2ax+FLAIRax+SWIax+FLAIRcor,1110101,5,Demyelinating disease of central nervous system,4,66,2512,0.8094724844520429,0.13254139679469717
0.1,2,T1ax+T2ax+FLAIRax+SWIax+FLAIRcor,1110101,5,Herniation of nucleus pulposus,5,42,2512,0.6805860805860806,0.034471905899267144
0.1,2,T1ax+T2ax+FLAIRax+SWIax+FLAIRcor,1110101,5,Spinal cord compression,6,23,2512,0.45167432354533865,0.011290692043338844
0.1,2,T1ax+T2ax+FLAIRax+SWIax+FLAIRcor,1110101,5,Lacunar infarct,7,86,2512,0.8422036465423034,0.1962538964088548
0.1,2,T1ax+T2ax+FLAIRax+SWIax+FLAIRcor,1110101,5,Silent micro-hemorrhage of brain,8,77,2512,0.7386916984452919,0.09032444400884046
0.1,2,T1ax+T2ax+FLAIRax+SWIax+FLAIRcor,1110101,5,Gliosis,11,1027,2512,0.7365311669109138,0.6609383219545861
0.1,2,T1ax+T2ax+FLAIRax+SWIax+FLAIRcor,1110101,5,Cerebral atrophy,12,324,2512,0.8974879815830457,0.6180907962384941
0.1,2,T1ax+T2ax+FLAIRax+SWIax+FLAIRcor,1110101,5,Encephalomalacia,13,84,2512,0.6464609319839962,0.12427089923400826
0.1,2,T1ax+T2ax+FLAIRax+SWIax+FLAIRcor,1110101,5,Arachnoid cyst,14,69,2512,0.6317725296173035,0.0755636707124515
0.1,2,T1ax+T2ax+FLAIRax+SWIax+FLAIRcor,1110101,5,Empty sella syndrome,15,72,2512,0.7689719945355191,0.10753393075812866
0.1,2,T1ax+T2ax+FLAIRax+SWIax+FLAIRcor,1110101,5,Cyst of pineal gland,19,27,2512,0.6824502570981444,0.022573355374586032
0.1,2,T1ax+T2ax+FLAIRax+SWIax+FLAIRcor,1110101,5,Cerebral edema,22,197,2512,0.8376226551622065,0.4920411232752809
0.1,2,T1ax+T2ax+FLAIRax+SWIax+FLAIRcor,1110101,5,Mastoiditis,24,62,2512,0.6634167215273206,0.04706553472037912
0.1,2,T1ax+T2ax+FLAIRax+SWIax+FLAIRcor,1110101,5,Chronic mastoiditis,25,25,2512,0.5674467229593888,0.020057189299994088
0.1,2,T1ax+T2ax+FLAIRax+SWIax+FLAIRcor,1110101,5,Ventriculomegaly,26,304,2512,0.893138288996949,0.5404799748003306
0.1,2,T1ax+T2ax+FLAIRax+SWIax+FLAIRcor,1110101,5,Cerebellar degeneration,27,94,2512,0.7677348960808124,0.1443246080033789
0.1,2,T1ax+T2ax+FLAIRax+SWIax+FLAIRcor,1110101,5,Mega cisterna magna,28,20,2512,0.6135834670947031,0.014838386720805497
0.1,2,T1ax+T2ax+FLAIRax+SWIax+FLAIRcor,1110101,5,Foraminal Spinal Stenosis,33,25,2512,0.6291435464414957,0.014975884651647446
0.1,2,T1ax+T2ax+FLAIRax+SWIax+T1sag,1110110,5,Cerebral infarction,0,161,2512,0.7643133224661899,0.2117302789547824
0.1,2,T1ax+T2ax+FLAIRax+SWIax+T1sag,1110110,5,Cerebral hemorrhage,1,127,2512,0.8214661846514468,0.28791384019807126
0.1,2,T1ax+T2ax+FLAIRax+SWIax+T1sag,1110110,5,Metastatic malignant neoplasm to brain,2,144,2512,0.7508269988738738,0.1787493040658156
0.1,2,T1ax+T2ax+FLAIRax+SWIax+T1sag,1110110,5,Intracranial meningioma,3,62,2512,0.6560236998025016,0.07996424427520228
0.1,2,T1ax+T2ax+FLAIRax+SWIax+T1sag,1110110,5,Demyelinating disease of central nervous system,4,66,2512,0.7745484278599569,0.13400874969209448
0.1,2,T1ax+T2ax+FLAIRax+SWIax+T1sag,1110110,5,Herniation of nucleus pulposus,5,42,2512,0.7097165991902834,0.03742035937060863
0.1,2,T1ax+T2ax+FLAIRax+SWIax+T1sag,1110110,5,Spinal cord compression,6,23,2512,0.5057033556343564,0.009980408898691083
0.1,2,T1ax+T2ax+FLAIRax+SWIax+T1sag,1110110,5,Lacunar infarct,7,86,2512,0.8453718437853486,0.18318605012391617
0.1,2,T1ax+T2ax+FLAIRax+SWIax+T1sag,1110110,5,Silent micro-hemorrhage of brain,8,77,2512,0.7056934851596043,0.06576825549225498
0.1,2,T1ax+T2ax+FLAIRax+SWIax+T1sag,1110110,5,Gliosis,11,1027,2512,0.740009638743816,0.6634950456628741
0.1,2,T1ax+T2ax+FLAIRax+SWIax+T1sag,1110110,5,Cerebral atrophy,12,324,2512,0.8939177218046809,0.6150646933389691
0.1,2,T1ax+T2ax+FLAIRax+SWIax+T1sag,1110110,5,Encephalomalacia,13,84,2512,0.6416215580136502,0.1255699212568548
0.1,2,T1ax+T2ax+FLAIRax+SWIax+T1sag,1110110,5,Arachnoid cyst,14,69,2512,0.6266410388747502,0.056384200797194216
0.1,2,T1ax+T2ax+FLAIRax+SWIax+T1sag,1110110,5,Empty sella syndrome,15,72,2512,0.6629724499089252,0.05497525849484775
0.1,2,T1ax+T2ax+FLAIRax+SWIax+T1sag,1110110,5,Cyst of pineal gland,19,27,2512,0.6276473656755347,0.034886929918970536
0.1,2,T1ax+T2ax+FLAIRax+SWIax+T1sag,1110110,5,Cerebral edema,22,197,2512,0.8280426702919604,0.471129819798797
0.1,2,T1ax+T2ax+FLAIRax+SWIax+T1sag,1110110,5,Mastoiditis,24,62,2512,0.6294075049374589,0.05647162283393066
0.1,2,T1ax+T2ax+FLAIRax+SWIax+T1sag,1110110,5,Chronic mastoiditis,25,25,2512,0.5297788500201045,0.02209808111787033
0.1,2,T1ax+T2ax+FLAIRax+SWIax+T1sag,1110110,5,Ventriculomegaly,26,304,2512,0.897923519736842,0.5522068983289778
0.1,2,T1ax+T2ax+FLAIRax+SWIax+T1sag,1110110,5,Cerebellar degeneration,27,94,2512,0.8037546416063918,0.16785947125559134
0.1,2,T1ax+T2ax+FLAIRax+SWIax+T1sag,1110110,5,Mega cisterna magna,28,20,2512,0.6403491171749599,0.014567846144911127
0.1,2,T1ax+T2ax+FLAIRax+SWIax+T1sag,1110110,5,Foraminal Spinal Stenosis,33,25,2512,0.5558986731001206,0.014069390090022987
0.1,2,T1ax+T2ax+FLAIRax+FLAIRsag+FLAIRcor,1111001,5,Cerebral infarction,0,161,2512,0.7474683694793546,0.19487183561818816
0.1,2,T1ax+T2ax+FLAIRax+FLAIRsag+FLAIRcor,1111001,5,Cerebral hemorrhage,1,127,2512,0.8138364779874213,0.255105408949909
0.1,2,T1ax+T2ax+FLAIRax+FLAIRsag+FLAIRcor,1111001,5,Metastatic malignant neoplasm to brain,2,144,2512,0.7632994322447447,0.19842898266751602
0.1,2,T1ax+T2ax+FLAIRax+FLAIRsag+FLAIRcor,1111001,5,Intracranial meningioma,3,62,2512,0.6788413429888085,0.058275660190304085
0.1,2,T1ax+T2ax+FLAIRax+FLAIRsag+FLAIRcor,1111001,5,Demyelinating disease of central nervous system,4,66,2512,0.7712344210708888,0.09723075202789772
0.1,2,T1ax+T2ax+FLAIRax+FLAIRsag+FLAIRcor,1111001,5,Herniation of nucleus pulposus,5,42,2512,0.6971852708694813,0.035393707145206864
0.1,2,T1ax+T2ax+FLAIRax+FLAIRsag+FLAIRcor,1111001,5,Spinal cord compression,6,23,2512,0.49101262948276764,0.010077720346798671
0.1,2,T1ax+T2ax+FLAIRax+FLAIRsag+FLAIRcor,1111001,5,Lacunar infarct,7,86,2512,0.8265783469775112,0.14682547828145606
0.1,2,T1ax+T2ax+FLAIRax+FLAIRsag+FLAIRcor,1111001,5,Silent micro-hemorrhage of brain,8,77,2512,0.6926478039414384,0.06819945344937264
0.1,2,T1ax+T2ax+FLAIRax+FLAIRsag+FLAIRcor,1111001,5,Gliosis,11,1027,2512,0.7469593697441799,0.6723434192837434
0.1,2,T1ax+T2ax+FLAIRax+FLAIRsag+FLAIRcor,1111001,5,Cerebral atrophy,12,324,2512,0.9021317173358612,0.6519825579438872
0.1,2,T1ax+T2ax+FLAIRax+FLAIRsag+FLAIRcor,1111001,5,Encephalomalacia,13,84,2512,0.682998940927277,0.1269860855714849
0.1,2,T1ax+T2ax+FLAIRax+FLAIRsag+FLAIRcor,1111001,5,Arachnoid cyst,14,69,2512,0.6687548571191276,0.07804114744262015
0.1,2,T1ax+T2ax+FLAIRax+FLAIRsag+FLAIRcor,1111001,5,Empty sella syndrome,15,72,2512,0.7538535974499089,0.08653959974922792
0.1,2,T1ax+T2ax+FLAIRax+FLAIRsag+FLAIRcor,1111001,5,Cyst of pineal gland,19,27,2512,0.6835084581563454,0.019924388405594077
0.1,2,T1ax+T2ax+FLAIRax+FLAIRsag+FLAIRcor,1111001,5,Cerebral edema,22,197,2512,0.8499216103320872,0.48533404161782945
0.1,2,T1ax+T2ax+FLAIRax+FLAIRsag+FLAIRcor,1111001,5,Mastoiditis,24,62,2512,0.6448057932850559,0.04753335762756113
0.1,2,T1ax+T2ax+FLAIRax+FLAIRsag+FLAIRcor,1111001,5,Chronic mastoiditis,25,25,2512,0.6057901085645355,0.021951733532989112
0.1,2,T1ax+T2ax+FLAIRax+FLAIRsag+FLAIRcor,1111001,5,Ventriculomegaly,26,304,2512,0.8881087314073227,0.5458640405878655
0.1,2,T1ax+T2ax+FLAIRax+FLAIRsag+FLAIRcor,1111001,5,Cerebellar degeneration,27,94,2512,0.7555611284163103,0.15108338963151
0.1,2,T1ax+T2ax+FLAIRax+FLAIRsag+FLAIRcor,1111001,5,Mega cisterna magna,28,20,2512,0.5807584269662921,0.011239749069907913
0.1,2,T1ax+T2ax+FLAIRax+FLAIRsag+FLAIRcor,1111001,5,Foraminal Spinal Stenosis,33,25,2512,0.5742018496180137,0.015036737515734717
0.1,2,T1ax+T2ax+FLAIRax+FLAIRsag+T1sag,1111010,5,Cerebral infarction,0,161,2512,0.743497546966931,0.17838318208072879
0.1,2,T1ax+T2ax+FLAIRax+FLAIRsag+T1sag,1111010,5,Cerebral hemorrhage,1,127,2512,0.7996302348998828,0.23317433378718594
0.1,2,T1ax+T2ax+FLAIRax+FLAIRsag+T1sag,1111010,5,Metastatic malignant neoplasm to brain,2,144,2512,0.7551702092717717,0.18423240108727532
0.1,2,T1ax+T2ax+FLAIRax+FLAIRsag+T1sag,1111010,5,Intracranial meningioma,3,62,2512,0.6515931533903884,0.05017295409565051
0.1,2,T1ax+T2ax+FLAIRax+FLAIRsag+T1sag,1111010,5,Demyelinating disease of central nervous system,4,66,2512,0.7581394484501598,0.09848152333317997
0.1,2,T1ax+T2ax+FLAIRax+FLAIRsag+T1sag,1111010,5,Herniation of nucleus pulposus,5,42,2512,0.69055330634278,0.033748911115749756
0.1,2,T1ax+T2ax+FLAIRax+FLAIRsag+T1sag,1111010,5,Spinal cord compression,6,23,2512,0.5216168532848883,0.010027861179115367
0.1,2,T1ax+T2ax+FLAIRax+FLAIRsag+T1sag,1111010,5,Lacunar infarct,7,86,2512,0.8330345673805096,0.15081706263779343
0.1,2,T1ax+T2ax+FLAIRax+FLAIRsag+T1sag,1111010,5,Silent micro-hemorrhage of brain,8,77,2512,0.6709672257926879,0.05607915156245378
0.1,2,T1ax+T2ax+FLAIRax+FLAIRsag+T1sag,1111010,5,Gliosis,11,1027,2512,0.7492248023893594,0.6724497892526706
0.1,2,T1ax+T2ax+FLAIRax+FLAIRsag+T1sag,1111010,5,Cerebral atrophy,12,324,2512,0.899967838039136,0.6394732792240858
0.1,2,T1ax+T2ax+FLAIRax+FLAIRsag+T1sag,1111010,5,Encephalomalacia,13,84,2512,0.6731387777516278,0.14137686765070412
0.1,2,T1ax+T2ax+FLAIRax+FLAIRsag+T1sag,1111010,5,Arachnoid cyst,14,69,2512,0.6505009877378134,0.058909412413923196
0.1,2,T1ax+T2ax+FLAIRax+FLAIRsag+T1sag,1111010,5,Empty sella syndrome,15,72,2512,0.6700079690346084,0.05209567820468159
0.1,2,T1ax+T2ax+FLAIRax+FLAIRsag+T1sag,1111010,5,Cyst of pineal gland,19,27,2512,0.6300320441165511,0.018045721678764906
0.1,2,T1ax+T2ax+FLAIRax+FLAIRsag+T1sag,1111010,5,Cerebral edema,22,197,2512,0.8452533137450527,0.48213822034651393
0.1,2,T1ax+T2ax+FLAIRax+FLAIRsag+T1sag,1111010,5,Mastoiditis,24,62,2512,0.6233574720210665,0.0496788004823079
0.1,2,T1ax+T2ax+FLAIRax+FLAIRsag+T1sag,1111010,5,Chronic mastoiditis,25,25,2512,0.5508644953759549,0.01723527888983939
0.1,2,T1ax+T2ax+FLAIRax+FLAIRsag+T1sag,1111010,5,Ventriculomegaly,26,304,2512,0.8903657751716249,0.5485063448788258
0.1,2,T1ax+T2ax+FLAIRax+FLAIRsag+T1sag,1111010,5,Cerebellar degeneration,27,94,2512,0.7997729792513596,0.15017003824944375
0.1,2,T1ax+T2ax+FLAIRax+FLAIRsag+T1sag,1111010,5,Mega cisterna magna,28,20,2512,0.5790529695024077,0.010618863937915866
0.1,2,T1ax+T2ax+FLAIRax+FLAIRsag+T1sag,1111010,5,Foraminal Spinal Stenosis,33,25,2512,0.5607076799356654,0.013820630036463928
0.1,2,T1ax+T2ax+FLAIRax+FLAIRsag+SWIax,1111100,5,Cerebral infarction,0,161,2512,0.7844976764215572,0.2317981412158961
0.1,2,T1ax+T2ax+FLAIRax+FLAIRsag+SWIax,1111100,5,Cerebral hemorrhage,1,127,2512,0.8192409911025272,0.27240120419920605
0.1,2,T1ax+T2ax+FLAIRax+FLAIRsag+SWIax,1111100,5,Metastatic malignant neoplasm to brain,2,144,2512,0.7604606559684685,0.19571966090314852
0.1,2,T1ax+T2ax+FLAIRax+FLAIRsag+SWIax,1111100,5,Intracranial meningioma,3,62,2512,0.6828900592495062,0.06926073000209648
0.1,2,T1ax+T2ax+FLAIRax+FLAIRsag+SWIax,1111100,5,Demyelinating disease of central nervous system,4,66,2512,0.7649594885899056,0.091313472255774
0.1,2,T1ax+T2ax+FLAIRax+FLAIRsag+SWIax,1111100,5,Herniation of nucleus pulposus,5,42,2512,0.7135434740697898,0.03607977401672639
0.1,2,T1ax+T2ax+FLAIRax+FLAIRsag+SWIax,1111100,5,Spinal cord compression,6,23,2512,0.447097664506437,0.009716091805551046
0.1,2,T1ax+T2ax+FLAIRax+FLAIRsag+SWIax,1111100,5,Lacunar infarct,7,86,2512,0.8451321919515328,0.18553678846505273
0.1,2,T1ax+T2ax+FLAIRax+FLAIRsag+SWIax,1111100,5,Silent micro-hemorrhage of brain,8,77,2512,0.7202592069121844,0.07309887728834019
0.1,2,T1ax+T2ax+FLAIRax+FLAIRsag+SWIax,1111100,5,Gliosis,11,1027,2512,0.7407859838239585,0.6569875950574142
0.1,2,T1ax+T2ax+FLAIRax+FLAIRsag+SWIax,1111100,5,Cerebral atrophy,12,324,2512,0.9001469858035975,0.6367233304020841
0.1,2,T1ax+T2ax+FLAIRax+FLAIRsag+SWIax,1111100,5,Encephalomalacia,13,84,2512,0.651167921863968,0.13772463051408426
0.1,2,T1ax+T2ax+FLAIRax+FLAIRsag+SWIax,1111100,5,Arachnoid cyst,14,69,2512,0.6297911216311616,0.05630902256423706
0.1,2,T1ax+T2ax+FLAIRax+FLAIRsag+SWIax,1111100,5,Empty sella syndrome,15,72,2512,0.684636839708561,0.0691329472534456
0.1,2,T1ax+T2ax+FLAIRax+FLAIRsag+SWIax,1111100,5,Cyst of pineal gland,19,27,2512,0.6765779864371414,0.028714818509121533
0.1,2,T1ax+T2ax+FLAIRax+FLAIRsag+SWIax,1111100,5,Cerebral edema,22,197,2512,0.8334784181732467,0.49584739042138865
0.1,2,T1ax+T2ax+FLAIRax+FLAIRsag+SWIax,1111100,5,Mastoiditis,24,62,2512,0.6735681369321922,0.058362769661477756
0.1,2,T1ax+T2ax+FLAIRax+FLAIRsag+SWIax,1111100,5,Chronic mastoiditis,25,25,2512,0.5903176517893044,0.02312869133778075
0.1,2,T1ax+T2ax+FLAIRax+FLAIRsag+SWIax,1111100,5,Ventriculomegaly,26,304,2512,0.8981395404271549,0.5581957408211845
0.1,2,T1ax+T2ax+FLAIRax+FLAIRsag+SWIax,1111100,5,Cerebellar degeneration,27,94,2512,0.7656406736708726,0.1277078144635812
0.1,2,T1ax+T2ax+FLAIRax+FLAIRsag+SWIax,1111100,5,Mega cisterna magna,28,20,2512,0.6302969502407705,0.014573547537329519
0.1,2,T1ax+T2ax+FLAIRax+FLAIRsag+SWIax,1111100,5,Foraminal Spinal Stenosis,33,25,2512,0.5885645355850422,0.015711262863460564
0.1,2,T2ax+FLAIRax+FLAIRsag+SWIax+T1sag+FLAIRcor,0111111,6,Cerebral infarction,0,161,2512,0.7652538499541626,0.2127513486382844
0.1,2,T2ax+FLAIRax+FLAIRsag+SWIax+T1sag+FLAIRcor,0111111,6,Cerebral hemorrhage,1,127,2512,0.8189636672774394,0.288759199274952
0.1,2,T2ax+FLAIRax+FLAIRsag+SWIax+T1sag+FLAIRcor,0111111,6,Metastatic malignant neoplasm to brain,2,144,2512,0.7734169716591592,0.21409462054072426
0.1,2,T2ax+FLAIRax+FLAIRsag+SWIax+T1sag+FLAIRcor,0111111,6,Intracranial meningioma,3,62,2512,0.6333640552995391,0.05000445351506651
0.1,2,T2ax+FLAIRax+FLAIRsag+SWIax+T1sag+FLAIRcor,0111111,6,Demyelinating disease of central nervous system,4,66,2512,0.7509105775663422,0.09700101649206079
0.1,2,T2ax+FLAIRax+FLAIRsag+SWIax+T1sag+FLAIRcor,0111111,6,Herniation of nucleus pulposus,5,42,2512,0.6914497782918836,0.03317443355762937
0.1,2,T2ax+FLAIRax+FLAIRsag+SWIax+T1sag+FLAIRcor,0111111,6,Spinal cord compression,6,23,2512,0.490768075182979,0.00958764287072705
0.1,2,T2ax+FLAIRax+FLAIRsag+SWIax+T1sag+FLAIRcor,0111111,6,Lacunar infarct,7,86,2512,0.8606472516727698,0.19883787076937767
0.1,2,T2ax+FLAIRax+FLAIRsag+SWIax+T1sag+FLAIRcor,0111111,6,Silent micro-hemorrhage of brain,8,77,2512,0.7039387717005788,0.06930744418955209
0.1,2,T2ax+FLAIRax+FLAIRsag+SWIax+T1sag+FLAIRcor,0111111,6,Gliosis,11,1027,2512,0.7475121221956665,0.6775264498057545
0.1,2,T2ax+FLAIRax+FLAIRsag+SWIax+T1sag+FLAIRcor,0111111,6,Cerebral atrophy,12,324,2512,0.9004093596948564,0.632034992991926
0.1,2,T2ax+FLAIRax+FLAIRsag+SWIax+T1sag+FLAIRcor,0111111,6,Encephalomalacia,13,84,2512,0.6775074527339766,0.15372284137006884
0.1,2,T2ax+FLAIRax+FLAIRsag+SWIax+T1sag+FLAIRcor,0111111,6,Arachnoid cyst,14,69,2512,0.6292868710957661,0.07399502650007968
0.1,2,T2ax+FLAIRax+FLAIRsag+SWIax+T1sag+FLAIRcor,0111111,6,Empty sella syndrome,15,72,2512,0.6903631602914388,0.06780056819362046
0.1,2,T2ax+FLAIRax+FLAIRsag+SWIax+T1sag+FLAIRcor,0111111,6,Cyst of pineal gland,19,27,2512,0.6946121171473283,0.023228523908832083
0.1,2,T2ax+FLAIRax+FLAIRsag+SWIax+T1sag+FLAIRcor,0111111,6,Cerebral edema,22,197,2512,0.8461764480161383,0.4884672392588015
0.1,2,T2ax+FLAIRax+FLAIRsag+SWIax+T1sag+FLAIRcor,0111111,6,Mastoiditis,24,62,2512,0.6625543120473996,0.05444004117135277
0.1,2,T2ax+FLAIRax+FLAIRsag+SWIax+T1sag+FLAIRcor,0111111,6,Chronic mastoiditis,25,25,2512,0.5202412545235222,0.015418624082083991
0.1,2,T2ax+FLAIRax+FLAIRsag+SWIax+T1sag+FLAIRcor,0111111,6,Ventriculomegaly,26,304,2512,0.8918883485888635,0.5524450546084364
0.1,2,T2ax+FLAIRax+FLAIRsag+SWIax+T1sag+FLAIRcor,0111111,6,Cerebellar degeneration,27,94,2512,0.7719585379159847,0.15204468437221252
0.1,2,T2ax+FLAIRax+FLAIRsag+SWIax+T1sag+FLAIRcor,0111111,6,Mega cisterna magna,28,20,2512,0.5175361155698235,0.011421506408213877
0.1,2,T2ax+FLAIRax+FLAIRsag+SWIax+T1sag+FLAIRcor,0111111,6,Foraminal Spinal Stenosis,33,25,2512,0.5581825492561319,0.016667092500685692
0.1,2,T1ax+FLAIRax+FLAIRsag+SWIax+T1sag+FLAIRcor,1011111,6,Cerebral infarction,0,161,2512,0.7535844400823224,0.18831937653591052
0.1,2,T1ax+FLAIRax+FLAIRsag+SWIax+T1sag+FLAIRcor,1011111,6,Cerebral hemorrhage,1,127,2512,0.8098780105317024,0.26888076811567546
0.1,2,T1ax+FLAIRax+FLAIRsag+SWIax+T1sag+FLAIRcor,1011111,6,Metastatic malignant neoplasm to brain,2,144,2512,0.7594928913288289,0.20151588870690282
0.1,2,T1ax+FLAIRax+FLAIRsag+SWIax+T1sag+FLAIRcor,1011111,6,Intracranial meningioma,3,62,2512,0.6834298880842659,0.06437222570307834
0.1,2,T1ax+FLAIRax+FLAIRsag+SWIax+T1sag+FLAIRcor,1011111,6,Demyelinating disease of central nervous system,4,66,2512,0.729230159320102,0.0833902631389078
0.1,2,T1ax+FLAIRax+FLAIRsag+SWIax+T1sag+FLAIRcor,1011111,6,Herniation of nucleus pulposus,5,42,2512,0.6829959514170041,0.03419819208800162
0.1,2,T1ax+FLAIRax+FLAIRsag+SWIax+T1sag+FLAIRcor,1011111,6,Spinal cord compression,6,23,2512,0.5462819012349992,0.011601044499573701
0.1,2,T1ax+FLAIRax+FLAIRsag+SWIax+T1sag+FLAIRcor,1011111,6,Lacunar infarct,7,86,2512,0.8346833719971625,0.1785031719095908
0.1,2,T1ax+FLAIRax+FLAIRsag+SWIax+T1sag+FLAIRcor,1011111,6,Silent micro-hemorrhage of brain,8,77,2512,0.7291607776207366,0.08305114896605068
0.1,2,T1ax+FLAIRax+FLAIRsag+SWIax+T1sag+FLAIRcor,1011111,6,Gliosis,11,1027,2512,0.7413361134880122,0.6549814288462629
0.1,2,T1ax+FLAIRax+FLAIRsag+SWIax+T1sag+FLAIRcor,1011111,6,Cerebral atrophy,12,324,2512,0.897133917891078,0.616644061041332
0.1,2,T1ax+FLAIRax+FLAIRsag+SWIax+T1sag+FLAIRcor,1011111,6,Encephalomalacia,13,84,2512,0.7277496665882168,0.17198678343340276
0.1,2,T1ax+FLAIRax+FLAIRsag+SWIax+T1sag+FLAIRcor,1011111,6,Arachnoid cyst,14,69,2512,0.6283851524912941,0.07062641194255456
0.1,2,T1ax+FLAIRax+FLAIRsag+SWIax+T1sag+FLAIRcor,1011111,6,Empty sella syndrome,15,72,2512,0.6966757741347905,0.062176763621150676
0.1,2,T1ax+FLAIRax+FLAIRsag+SWIax+T1sag+FLAIRcor,1011111,6,Cyst of pineal gland,19,27,2512,0.6617482673820702,0.02219112361609581
0.1,2,T1ax+FLAIRax+FLAIRsag+SWIax+T1sag+FLAIRcor,1011111,6,Cerebral edema,22,197,2512,0.8417427722533466,0.4799351292573603
0.1,2,T1ax+FLAIRax+FLAIRsag+SWIax+T1sag+FLAIRcor,1011111,6,Mastoiditis,24,62,2512,0.6391705069124424,0.06260893047969328
0.1,2,T1ax+FLAIRax+FLAIRsag+SWIax+T1sag+FLAIRcor,1011111,6,Chronic mastoiditis,25,25,2512,0.46232408524326496,0.017978773318602224
0.1,2,T1ax+FLAIRax+FLAIRsag+SWIax+T1sag+FLAIRcor,1011111,6,Ventriculomegaly,26,304,2512,0.8935718201754386,0.5373527881770103
0.1,2,T1ax+FLAIRax+FLAIRsag+SWIax+T1sag+FLAIRcor,1011111,6,Cerebellar degeneration,27,94,2512,0.7638412262640129,0.13530859640539838
0.1,2,T1ax+FLAIRax+FLAIRsag+SWIax+T1sag+FLAIRcor,1011111,6,Mega cisterna magna,28,20,2512,0.5014245585874799,0.00882612286382918
0.1,2,T1ax+FLAIRax+FLAIRsag+SWIax+T1sag+FLAIRcor,1011111,6,Foraminal Spinal Stenosis,33,25,2512,0.6327301970245276,0.016699492882182882
0.1,2,T1ax+T2ax+FLAIRsag+SWIax+T1sag+FLAIRcor,1101111,6,Cerebral infarction,0,161,2512,0.7671137694809398,0.20714350166551299
0.1,2,T1ax+T2ax+FLAIRsag+SWIax+T1sag+FLAIRcor,1101111,6,Cerebral hemorrhage,1,127,2512,0.8127701018504763,0.2827545378429613
0.1,2,T1ax+T2ax+FLAIRsag+SWIax+T1sag+FLAIRcor,1101111,6,Metastatic malignant neoplasm to brain,2,144,2512,0.7475952515015016,0.17900020441382497
0.1,2,T1ax+T2ax+FLAIRsag+SWIax+T1sag+FLAIRcor,1101111,6,Intracranial meningioma,3,62,2512,0.6537393021724819,0.050611956644610614
0.1,2,T1ax+T2ax+FLAIRsag+SWIax+T1sag+FLAIRcor,1101111,6,Demyelinating disease of central nervous system,4,66,2512,0.7637577739785426,0.08258761681862971
0.1,2,T1ax+T2ax+FLAIRsag+SWIax+T1sag+FLAIRcor,1101111,6,Herniation of nucleus pulposus,5,42,2512,0.6665124349334876,0.03267100382225308
0.1,2,T1ax+T2ax+FLAIRsag+SWIax+T1sag+FLAIRcor,1101111,6,Spinal cord compression,6,23,2512,0.45211102765210404,0.009021706419145722
0.1,2,T1ax+T2ax+FLAIRsag+SWIax+T1sag+FLAIRcor,1101111,6,Lacunar infarct,7,86,2512,0.8591182729730248,0.1852022154678142
0.1,2,T1ax+T2ax+FLAIRsag+SWIax+T1sag+FLAIRcor,1101111,6,Silent micro-hemorrhage of brain,8,77,2512,0.698967972479266,0.07072948354765671
0.1,2,T1ax+T2ax+FLAIRsag+SWIax+T1sag+FLAIRcor,1101111,6,Gliosis,11,1027,2512,0.745367337772401,0.6689025648366876
0.1,2,T1ax+T2ax+FLAIRsag+SWIax+T1sag+FLAIRcor,1101111,6,Cerebral atrophy,12,324,2512,0.8998126706840905,0.6281369611525354
0.1,2,T1ax+T2ax+FLAIRsag+SWIax+T1sag+FLAIRcor,1101111,6,Encephalomalacia,13,84,2512,0.6993851494469288,0.15310507279750094
0.1,2,T1ax+T2ax+FLAIRsag+SWIax+T1sag+FLAIRcor,1101111,6,Arachnoid cyst,14,69,2512,0.6212781861218388,0.058991961575223704
0.1,2,T1ax+T2ax+FLAIRsag+SWIax+T1sag+FLAIRcor,1101111,6,Empty sella syndrome,15,72,2512,0.7065004553734062,0.07669079568207426
0.1,2,T1ax+T2ax+FLAIRsag+SWIax+T1sag+FLAIRcor,1101111,6,Cyst of pineal gland,19,27,2512,0.6444891571652135,0.022617074776322802
0.1,2,T1ax+T2ax+FLAIRsag+SWIax+T1sag+FLAIRcor,1101111,6,Cerebral edema,22,197,2512,0.8427755424236113,0.4679466805262694
0.1,2,T1ax+T2ax+FLAIRsag+SWIax+T1sag+FLAIRcor,1101111,6,Mastoiditis,24,62,2512,0.5985516787360106,0.034949063290040536
0.1,2,T1ax+T2ax+FLAIRsag+SWIax+T1sag+FLAIRcor,1101111,6,Chronic mastoiditis,25,25,2512,0.46086047446722955,0.013070685717702951
0.1,2,T1ax+T2ax+FLAIRsag+SWIax+T1sag+FLAIRcor,1101111,6,Ventriculomegaly,26,304,2512,0.8964933137871853,0.5537211410537711
0.1,2,T1ax+T2ax+FLAIRsag+SWIax+T1sag+FLAIRcor,1101111,6,Cerebellar degeneration,27,94,2512,0.793934674339616,0.15226559125037722
0.1,2,T1ax+T2ax+FLAIRsag+SWIax+T1sag+FLAIRcor,1101111,6,Mega cisterna magna,28,20,2512,0.5015048154093098,0.008667901493921083
0.1,2,T1ax+T2ax+FLAIRsag+SWIax+T1sag+FLAIRcor,1101111,6,Foraminal Spinal Stenosis,33,25,2512,0.5957056694813028,0.01903655193819767
0.1,2,T1ax+T2ax+FLAIRax+SWIax+T1sag+FLAIRcor,1110111,6,Cerebral infarction,0,161,2512,0.7723791382548988,0.20765756547353637
0.1,2,T1ax+T2ax+FLAIRax+SWIax+T1sag+FLAIRcor,1110111,6,Cerebral hemorrhage,1,127,2512,0.8268112712326054,0.2972924284988103
0.1,2,T1ax+T2ax+FLAIRax+SWIax+T1sag+FLAIRcor,1110111,6,Metastatic malignant neoplasm to brain,2,144,2512,0.7526833474099099,0.17772211388003778
0.1,2,T1ax+T2ax+FLAIRax+SWIax+T1sag+FLAIRcor,1110111,6,Intracranial meningioma,3,62,2512,0.6704805793285056,0.06983627212297275
0.1,2,T1ax+T2ax+FLAIRax+SWIax+T1sag+FLAIRcor,1110111,6,Demyelinating disease of central nervous system,4,66,2512,0.7790145940186823,0.12715750983571827
0.1,2,T1ax+T2ax+FLAIRax+SWIax+T1sag+FLAIRcor,1110111,6,Herniation of nucleus pulposus,5,42,2512,0.677771351455562,0.03597326660930038
0.1,2,T1ax+T2ax+FLAIRax+SWIax+T1sag+FLAIRcor,1110111,6,Spinal cord compression,6,23,2512,0.485021049137946,0.010051322734154652
0.1,2,T1ax+T2ax+FLAIRax+SWIax+T1sag+FLAIRcor,1110111,6,Lacunar infarct,7,86,2512,0.8467762035315093,0.18863012780746782
0.1,2,T1ax+T2ax+FLAIRax+SWIax+T1sag+FLAIRcor,1110111,6,Silent micro-hemorrhage of brain,8,77,2512,0.7148030614149712,0.07328635728630806
0.1,2,T1ax+T2ax+FLAIRax+SWIax+T1sag+FLAIRcor,1110111,6,Gliosis,11,1027,2512,0.7434559814306649,0.6694442431091069
0.1,2,T1ax+T2ax+FLAIRax+SWIax+T1sag+FLAIRcor,1110111,6,Cerebral atrophy,12,324,2512,0.8967565790958539,0.6147325396609824
0.1,2,T1ax+T2ax+FLAIRax+SWIax+T1sag+FLAIRcor,1110111,6,Encephalomalacia,13,84,2512,0.6597091472503334,0.12930868957136327
0.1,2,T1ax+T2ax+FLAIRax+SWIax+T1sag+FLAIRcor,1110111,6,Arachnoid cyst,14,69,2512,0.6319208385983022,0.06912797914840478
0.1,2,T1ax+T2ax+FLAIRax+SWIax+T1sag+FLAIRcor,1110111,6,Empty sella syndrome,15,72,2512,0.7243112477231328,0.08370855420061517
0.1,2,T1ax+T2ax+FLAIRax+SWIax+T1sag+FLAIRcor,1110111,6,Cyst of pineal gland,19,27,2512,0.6472464416126388,0.022456197291615063
0.1,2,T1ax+T2ax+FLAIRax+SWIax+T1sag+FLAIRcor,1110111,6,Cerebral edema,22,197,2512,0.8379932245014307,0.48385950255189203
0.1,2,T1ax+T2ax+FLAIRax+SWIax+T1sag+FLAIRcor,1110111,6,Mastoiditis,24,62,2512,0.6343054641211323,0.04584099820711311
0.1,2,T1ax+T2ax+FLAIRax+SWIax+T1sag+FLAIRcor,1110111,6,Chronic mastoiditis,25,25,2512,0.49534378769601933,0.015876054974939085
0.1,2,T1ax+T2ax+FLAIRax+SWIax+T1sag+FLAIRcor,1110111,6,Ventriculomegaly,26,304,2512,0.8961864154271548,0.5443997483674269
0.1,2,T1ax+T2ax+FLAIRax+SWIax+T1sag+FLAIRcor,1110111,6,Cerebellar degeneration,27,94,2512,0.7972343945233443,0.1718258567789219
0.1,2,T1ax+T2ax+FLAIRax+SWIax+T1sag+FLAIRcor,1110111,6,Mega cisterna magna,28,20,2512,0.5639646869983949,0.01041108845762611
0.1,2,T1ax+T2ax+FLAIRax+SWIax+T1sag+FLAIRcor,1110111,6,Foraminal Spinal Stenosis,33,25,2512,0.5912344189786891,0.015898803305811754
0.1,2,T1ax+T2ax+FLAIRax+FLAIRsag+T1sag+FLAIRcor,1111011,6,Cerebral infarction,0,161,2512,0.7472305956762154,0.18350978050013392
0.1,2,T1ax+T2ax+FLAIRax+FLAIRsag+T1sag+FLAIRcor,1111011,6,Cerebral hemorrhage,1,127,2512,0.8058171973786296,0.2524054689965824
0.1,2,T1ax+T2ax+FLAIRax+FLAIRsag+T1sag+FLAIRcor,1111011,6,Metastatic malignant neoplasm to brain,2,144,2512,0.7582084037162162,0.18999651897185188
0.1,2,T1ax+T2ax+FLAIRax+FLAIRsag+T1sag+FLAIRcor,1111011,6,Intracranial meningioma,3,62,2512,0.6736734693877551,0.05176933099484901
0.1,2,T1ax+T2ax+FLAIRax+FLAIRsag+T1sag+FLAIRcor,1111011,6,Demyelinating disease of central nervous system,4,66,2512,0.7659072325875269,0.10253701793269897
0.1,2,T1ax+T2ax+FLAIRax+FLAIRsag+T1sag+FLAIRcor,1111011,6,Herniation of nucleus pulposus,5,42,2512,0.6781665702718334,0.03377023413079153
0.1,2,T1ax+T2ax+FLAIRax+FLAIRsag+T1sag+FLAIRcor,1111011,6,Spinal cord compression,6,23,2512,0.5223854525127954,0.010306930467619449
0.1,2,T1ax+T2ax+FLAIRax+FLAIRsag+T1sag+FLAIRcor,1111011,6,Lacunar infarct,7,86,2512,0.8310502501965145,0.14891132519358014
0.1,2,T1ax+T2ax+FLAIRax+FLAIRsag+T1sag+FLAIRcor,1111011,6,Silent micro-hemorrhage of brain,8,77,2512,0.6721299234646257,0.06431293703188184
0.1,2,T1ax+T2ax+FLAIRax+FLAIRsag+T1sag+FLAIRcor,1111011,6,Gliosis,11,1027,2512,0.7516994023323138,0.6749047214656871
0.1,2,T1ax+T2ax+FLAIRax+FLAIRsag+T1sag+FLAIRcor,1111011,6,Cerebral atrophy,12,324,2512,0.900929875640418,0.6465488025971985
0.1,2,T1ax+T2ax+FLAIRax+FLAIRsag+T1sag+FLAIRcor,1111011,6,Encephalomalacia,13,84,2512,0.6904712873617322,0.1409062324873259
0.1,2,T1ax+T2ax+FLAIRax+FLAIRsag+T1sag+FLAIRcor,1111011,6,Arachnoid cyst,14,69,2512,0.6614402581762742,0.07053327402648432
0.1,2,T1ax+T2ax+FLAIRax+FLAIRsag+T1sag+FLAIRcor,1111011,6,Empty sella syndrome,15,72,2512,0.7212887067395265,0.06732394010023754
0.1,2,T1ax+T2ax+FLAIRax+FLAIRsag+T1sag+FLAIRcor,1111011,6,Cyst of pineal gland,19,27,2512,0.6629257023623221,0.020283965999401216
0.1,2,T1ax+T2ax+FLAIRax+FLAIRsag+T1sag+FLAIRcor,1111011,6,Cerebral edema,22,197,2512,0.8469438993103902,0.4831881837376545
0.1,2,T1ax+T2ax+FLAIRax+FLAIRsag+T1sag+FLAIRcor,1111011,6,Mastoiditis,24,62,2512,0.6154509545753786,0.04402333888591248
0.1,2,T1ax+T2ax+FLAIRax+FLAIRsag+T1sag+FLAIRcor,1111011,6,Chronic mastoiditis,25,25,2512,0.5420667470848413,0.015183315239857186
0.1,2,T1ax+T2ax+FLAIRax+FLAIRsag+T1sag+FLAIRcor,1111011,6,Ventriculomegaly,26,304,2512,0.8889281202326468,0.5472982488403935
0.1,2,T1ax+T2ax+FLAIRax+FLAIRsag+T1sag+FLAIRcor,1111011,6,Cerebellar degeneration,27,94,2512,0.7772028931946572,0.15830806844296397
0.1,2,T1ax+T2ax+FLAIRax+FLAIRsag+T1sag+FLAIRcor,1111011,6,Mega cisterna magna,28,20,2512,0.5315208667736758,0.00904257711235756
0.1,2,T1ax+T2ax+FLAIRax+FLAIRsag+T1sag+FLAIRcor,1111011,6,Foraminal Spinal Stenosis,33,25,2512,0.5757780458383595,0.01449319069469613
0.1,2,T1ax+T2ax+FLAIRax+FLAIRsag+SWIax+FLAIRcor,1111101,6,Cerebral infarction,0,161,2512,0.7819455709345302,0.2261889157805405
0.1,2,T1ax+T2ax+FLAIRax+FLAIRsag+SWIax+FLAIRcor,1111101,6,Cerebral hemorrhage,1,127,2512,0.8220637514650291,0.2823368510161424
0.1,2,T1ax+T2ax+FLAIRax+FLAIRsag+SWIax+FLAIRcor,1111101,6,Metastatic malignant neoplasm to brain,2,144,2512,0.7612260698198198,0.19664087322753643
0.1,2,T1ax+T2ax+FLAIRax+FLAIRsag+SWIax+FLAIRcor,1111101,6,Intracranial meningioma,3,62,2512,0.7057998683344305,0.06639718398139059
0.1,2,T1ax+T2ax+FLAIRax+FLAIRsag+SWIax+FLAIRcor,1111101,6,Demyelinating disease of central nervous system,4,66,2512,0.7745732054808098,0.08869007557492713
0.1,2,T1ax+T2ax+FLAIRax+FLAIRsag+SWIax+FLAIRcor,1111101,6,Herniation of nucleus pulposus,5,42,2512,0.6925004819741662,0.03521607754148132
0.1,2,T1ax+T2ax+FLAIRax+FLAIRsag+SWIax+FLAIRcor,1111101,6,Spinal cord compression,6,23,2512,0.45361328977937704,0.009895610625037533
0.1,2,T1ax+T2ax+FLAIRax+FLAIRsag+SWIax+FLAIRcor,1111101,6,Lacunar infarct,7,86,2512,0.8519478901052551,0.19506505981971603
0.1,2,T1ax+T2ax+FLAIRax+FLAIRsag+SWIax+FLAIRcor,1111101,6,Silent micro-hemorrhage of brain,8,77,2512,0.7293847835942292,0.08895203345673298
0.1,2,T1ax+T2ax+FLAIRax+FLAIRsag+SWIax+FLAIRcor,1111101,6,Gliosis,11,1027,2512,0.7439149692314249,0.6643998282617927
0.1,2,T1ax+T2ax+FLAIRax+FLAIRsag+SWIax+FLAIRcor,1111101,6,Cerebral atrophy,12,324,2512,0.9018608797706908,0.63716018462176
0.1,2,T1ax+T2ax+FLAIRax+FLAIRsag+SWIax+FLAIRcor,1111101,6,Encephalomalacia,13,84,2512,0.6817682591982427,0.14256258528754479
0.1,2,T1ax+T2ax+FLAIRax+FLAIRsag+SWIax+FLAIRcor,1111101,6,Arachnoid cyst,14,69,2512,0.6421422935687294,0.07101923611375253
0.1,2,T1ax+T2ax+FLAIRax+FLAIRsag+SWIax+FLAIRcor,1111101,6,Empty sella syndrome,15,72,2512,0.7419968123861566,0.09487402341618968
0.1,2,T1ax+T2ax+FLAIRax+FLAIRsag+SWIax+FLAIRcor,1111101,6,Cyst of pineal gland,19,27,2512,0.7029286832103734,0.022746304978714747
0.1,2,T1ax+T2ax+FLAIRax+FLAIRsag+SWIax+FLAIRcor,1111101,6,Cerebral edema,22,197,2512,0.843760072798237,0.4949744948144795
0.1,2,T1ax+T2ax+FLAIRax+FLAIRsag+SWIax+FLAIRcor,1111101,6,Mastoiditis,24,62,2512,0.6715668202764977,0.05067572585987284
0.1,2,T1ax+T2ax+FLAIRax+FLAIRsag+SWIax+FLAIRcor,1111101,6,Chronic mastoiditis,25,25,2512,0.5831282669883394,0.02095437611576595
0.1,2,T1ax+T2ax+FLAIRax+FLAIRsag+SWIax+FLAIRcor,1111101,6,Ventriculomegaly,26,304,2512,0.8946489440312738,0.5393451177807327
0.1,2,T1ax+T2ax+FLAIRax+FLAIRsag+SWIax+FLAIRcor,1111101,6,Cerebellar degeneration,27,94,2512,0.7605107086919027,0.13921795048586486
0.1,2,T1ax+T2ax+FLAIRax+FLAIRsag+SWIax+FLAIRcor,1111101,6,Mega cisterna magna,28,20,2512,0.5728731942215087,0.011962918793306371
0.1,2,T1ax+T2ax+FLAIRax+FLAIRsag+SWIax+FLAIRcor,1111101,6,Foraminal Spinal Stenosis,33,25,2512,0.5935665460394048,0.015738707384610664
0.1,2,T1ax+T2ax+FLAIRax+FLAIRsag+SWIax+T1sag,1111110,6,Cerebral infarction,0,161,2512,0.767309272385743,0.20543670522364343
0.1,2,T1ax+T2ax+FLAIRax+FLAIRsag+SWIax+T1sag,1111110,6,Cerebral hemorrhage,1,127,2512,0.8172502022152891,0.2764735594282897
0.1,2,T1ax+T2ax+FLAIRax+FLAIRsag+SWIax+T1sag,1111110,6,Metastatic malignant neoplasm to brain,2,144,2512,0.7641000375375375,0.1962513581527553
0.1,2,T1ax+T2ax+FLAIRax+FLAIRsag+SWIax+T1sag,1111110,6,Intracranial meningioma,3,62,2512,0.6442198815009876,0.07611613964952162
0.1,2,T1ax+T2ax+FLAIRax+FLAIRsag+SWIax+T1sag,1111110,6,Demyelinating disease of central nervous system,4,66,2512,0.753598949428876,0.09020292652099977
0.1,2,T1ax+T2ax+FLAIRax+FLAIRsag+SWIax+T1sag,1111110,6,Herniation of nucleus pulposus,5,42,2512,0.7018989782147678,0.03337444630306127
0.1,2,T1ax+T2ax+FLAIRax+FLAIRsag+SWIax+T1sag,1111110,6,Spinal cord compression,6,23,2512,0.4895103673554946,0.00944020489758802
0.1,2,T1ax+T2ax+FLAIRax+FLAIRsag+SWIax+T1sag,1111110,6,Lacunar infarct,7,86,2512,0.8562568300772637,0.18644640435479307
0.1,2,T1ax+T2ax+FLAIRax+FLAIRsag+SWIax+T1sag,1111110,6,Silent micro-hemorrhage of brain,8,77,2512,0.7046801248033281,0.06679418992594244
0.1,2,T1ax+T2ax+FLAIRax+FLAIRsag+SWIax+T1sag,1111110,6,Gliosis,11,1027,2512,0.7469174051452533,0.6672369037719839
0.1,2,T1ax+T2ax+FLAIRax+FLAIRsag+SWIax+T1sag,1111110,6,Cerebral atrophy,12,324,2512,0.900225980093439,0.6318550877641397
0.1,2,T1ax+T2ax+FLAIRax+FLAIRsag+SWIax+T1sag,1111110,6,Encephalomalacia,13,84,2512,0.675433435318114,0.15375931002021737
0.1,2,T1ax+T2ax+FLAIRax+FLAIRsag+SWIax+T1sag,1111110,6,Arachnoid cyst,14,69,2512,0.6247011574032878,0.05744642415381458
0.1,2,T1ax+T2ax+FLAIRax+FLAIRsag+SWIax+T1sag,1111110,6,Empty sella syndrome,15,72,2512,0.6578779599271403,0.053143924433802746
0.1,2,T1ax+T2ax+FLAIRax+FLAIRsag+SWIax+T1sag,1111110,6,Cyst of pineal gland,19,27,2512,0.6396303748416424,0.02366837242711419
0.1,2,T1ax+T2ax+FLAIRax+FLAIRsag+SWIax+T1sag,1111110,6,Cerebral edema,22,197,2512,0.8388571553869598,0.48340743267120806
0.1,2,T1ax+T2ax+FLAIRax+FLAIRsag+SWIax+T1sag,1111110,6,Mastoiditis,24,62,2512,0.6400592495062541,0.05098924253190587
0.1,2,T1ax+T2ax+FLAIRax+FLAIRsag+SWIax+T1sag,1111110,6,Chronic mastoiditis,25,25,2512,0.5204181745074387,0.021024584197338388
0.1,2,T1ax+T2ax+FLAIRax+FLAIRsag+SWIax+T1sag,1111110,6,Ventriculomegaly,26,304,2512,0.8988188882532419,0.5578297591421478
0.1,2,T1ax+T2ax+FLAIRax+FLAIRsag+SWIax+T1sag,1111110,6,Cerebellar degeneration,27,94,2512,0.798831459092269,0.14535389569913926
0.1,2,T1ax+T2ax+FLAIRax+FLAIRsag+SWIax+T1sag,1111110,6,Mega cisterna magna,28,20,2512,0.5884229534510433,0.011793519011432812
0.1,2,T1ax+T2ax+FLAIRax+FLAIRsag+SWIax+T1sag,1111110,6,Foraminal Spinal Stenosis,33,25,2512,0.577145154804986,0.015157723714159473
0.1,2,T1ax+T2ax+FLAIRax+FLAIRsag+SWIax+T1sag+FLAIRcor,1111111,7,Cerebral infarction,0,161,2512,0.767314556248035,0.20068366625005915
0.1,2,T1ax+T2ax+FLAIRax+FLAIRsag+SWIax+T1sag+FLAIRcor,1111111,7,Cerebral hemorrhage,1,127,2512,0.8197494181151884,0.28452324511748267
0.1,2,T1ax+T2ax+FLAIRax+FLAIRsag+SWIax+T1sag+FLAIRcor,1111111,7,Metastatic malignant neoplasm to brain,2,144,2512,0.7630442942942942,0.19496378106725953
0.1,2,T1ax+T2ax+FLAIRax+FLAIRsag+SWIax+T1sag+FLAIRcor,1111111,7,Intracranial meningioma,3,62,2512,0.6695457537853853,0.0628716512758462
0.1,2,T1ax+T2ax+FLAIRax+FLAIRsag+SWIax+T1sag+FLAIRcor,1111111,7,Demyelinating disease of central nervous system,4,66,2512,0.7588765826705319,0.09699787693932
0.1,2,T1ax+T2ax+FLAIRax+FLAIRsag+SWIax+T1sag+FLAIRcor,1111111,7,Herniation of nucleus pulposus,5,42,2512,0.6837285521496048,0.034087212475704204
0.1,2,T1ax+T2ax+FLAIRax+FLAIRsag+SWIax+T1sag+FLAIRcor,1111111,7,Spinal cord compression,6,23,2512,0.47363180603350397,0.009463567334287316
0.1,2,T1ax+T2ax+FLAIRax+FLAIRsag+SWIax+T1sag+FLAIRcor,1111111,7,Lacunar infarct,7,86,2512,0.8510755574301655,0.18544717642169936
0.1,2,T1ax+T2ax+FLAIRax+FLAIRsag+SWIax+T1sag+FLAIRcor,1111111,7,Silent micro-hemorrhage of brain,8,77,2512,0.7128670097869277,0.07375656949724532
0.1,2,T1ax+T2ax+FLAIRax+FLAIRsag+SWIax+T1sag+FLAIRcor,1111111,7,Gliosis,11,1027,2512,0.7491107111360276,0.6705324521238502
0.1,2,T1ax+T2ax+FLAIRax+FLAIRsag+SWIax+T1sag+FLAIRcor,1111111,7,Cerebral atrophy,12,324,2512,0.9012289254519602,0.6339740000969155
0.1,2,T1ax+T2ax+FLAIRax+FLAIRsag+SWIax+T1sag+FLAIRcor,1111111,7,Encephalomalacia,13,84,2512,0.6908782458617714,0.15418850075755716
0.1,2,T1ax+T2ax+FLAIRax+FLAIRsag+SWIax+T1sag+FLAIRcor,1111111,7,Arachnoid cyst,14,69,2512,0.6349463418106747,0.07012110168945282
0.1,2,T1ax+T2ax+FLAIRax+FLAIRsag+SWIax+T1sag+FLAIRcor,1111111,7,Empty sella syndrome,15,72,2512,0.709278233151184,0.07078927814074401
0.1,2,T1ax+T2ax+FLAIRax+FLAIRsag+SWIax+T1sag+FLAIRcor,1111111,7,Cyst of pineal gland,19,27,2512,0.6726581712497205,0.022871277905754706
0.1,2,T1ax+T2ax+FLAIRax+FLAIRsag+SWIax+T1sag+FLAIRcor,1111111,7,Cerebral edema,22,197,2512,0.8459944524235015,0.4892072751079527
0.1,2,T1ax+T2ax+FLAIRax+FLAIRsag+SWIax+T1sag+FLAIRcor,1111111,7,Mastoiditis,24,62,2512,0.6423699802501646,0.0464827818453957
0.1,2,T1ax+T2ax+FLAIRax+FLAIRsag+SWIax+T1sag+FLAIRcor,1111111,7,Chronic mastoiditis,25,25,2512,0.5016003216726981,0.015098902920114867
0.1,2,T1ax+T2ax+FLAIRax+FLAIRsag+SWIax+T1sag+FLAIRcor,1111111,7,Ventriculomegaly,26,304,2512,0.8960523336193744,0.5504881616866806
0.1,2,T1ax+T2ax+FLAIRax+FLAIRsag+SWIax+T1sag+FLAIRcor,1111111,7,Cerebellar degeneration,27,94,2512,0.7855621843267693,0.1549647795799677
0.1,2,T1ax+T2ax+FLAIRax+FLAIRsag+SWIax+T1sag+FLAIRcor,1111111,7,Mega cisterna magna,28,20,2512,0.5225521669341894,0.009589716567273726
0.1,2,T1ax+T2ax+FLAIRax+FLAIRsag+SWIax+T1sag+FLAIRcor,1111111,7,Foraminal Spinal Stenosis,33,25,2512,0.5932931242460796,0.018533551520982423
