finding,n_pos,pair,context,synergy,synergy_sd_seed
Cerebral infarction,424,T1ax|T2ax,none,-0.27868607173135135,0.001722291761609205
Cerebral infarction,424,T1ax|T2ax,FLAIRax,0.003926741726043163,0.004783939308100185
Cerebral infarction,424,T1ax|T2ax,FLAIRsag,-0.003208071337261568,0.002933985038308939
Cerebral infarction,424,T1ax|T2ax,SWIax,-0.008160796341837048,0.0019173460924987013
Cerebral infarction,424,T1ax|T2ax,FLAIRax+FLAIRsag,0.0038371599310271787,0.0010956492276869997
Cerebral infarction,424,T1ax|T2ax,FLAIRax+SWIax,-3.602555552987644e-05,0.0027481044736163323
Cerebral infarction,424,T1ax|T2ax,FLAIRsag+SWIax,0.0005791699712005919,0.0017866028431965466
Cerebral infarction,424,T1ax|T2ax,FLAIRax+FLAIRsag+SWIax,0.0037339042025256917,0.0011804910524226874
Cerebral infarction,424,T1ax|FLAIRax,none,-0.2907425366619194,0.003550664397945391
Cerebral infarction,424,T1ax|FLAIRax,T2ax,-0.008129723204524911,0.002694227639314924
Cerebral infarction,424,T1ax|FLAIRax,FLAIRsag,-0.005723417697996706,0.0012158398353737524
Cerebral infarction,424,T1ax|FLAIRax,SWIax,-0.010950497906485687,0.0033875852804332142
Cerebral infarction,424,T1ax|FLAIRax,T2ax+FLAIRsag,0.0013218135702920408,0.001750544035409008
Cerebral infarction,424,T1ax|FLAIRax,T2ax+SWIax,-0.0028257271201785152,0.0009773684037362176
Cerebral infarction,424,T1ax|FLAIRax,FLAIRsag+SWIax,-0.0060305114541983436,0.0029719727916865148
Cerebral infarction,424,T1ax|FLAIRax,T2ax+FLAIRsag+SWIax,-0.0028757772228732437,0.0017834939015546334
Cerebral infarction,424,T1ax|FLAIRsag,none,-0.2875942449569482,0.003597584123672466
Cerebral infarction,424,T1ax|FLAIRsag,T2ax,-0.012116244562858425,0.0030668549630946717
Cerebral infarction,424,T1ax|FLAIRsag,FLAIRax,-0.002575125993025488,0.004544229579552186
Cerebral infarction,424,T1ax|FLAIRsag,SWIax,-0.008310245422563053,0.005004976810624878
Cerebral infarction,424,T1ax|FLAIRsag,T2ax+FLAIRax,-0.0026647077880414725,0.0009395716583490299
Cerebral infarction,424,T1ax|FLAIRsag,T2ax+SWIax,0.0004297208904745868,0.003374855922630698
Cerebral infarction,424,T1ax|FLAIRsag,FLAIRax+SWIax,-0.0033902589702757093,0.001223338383086905
Cerebral infarction,424,T1ax|FLAIRsag,T2ax+FLAIRax+SWIax,0.00037967078777985847,0.0009828724744967074
Cerebral infarction,424,T1ax|SWIax,none,-0.2745547469235403,0.0016254872224701143
Cerebral infarction,424,T1ax|SWIax,T2ax,-0.004029471534026034,0.0010825268796180597
Cerebral infarction,424,T1ax|SWIax,FLAIRax,0.005237291831893402,0.0011815825616938508
Cerebral infarction,424,T1ax|SWIax,FLAIRsag,0.004729252610844818,0.006116999525027354
Cerebral infarction,424,T1ax|SWIax,T2ax+FLAIRax,0.0012745245503203624,0.0023410678611412677
Cerebral infarction,424,T1ax|SWIax,T2ax+FLAIRsag,0.008516493919306978,0.001419524528381577
Cerebral infarction,424,T1ax|SWIax,FLAIRax+FLAIRsag,0.004422158854643181,0.003067563408471631
Cerebral infarction,424,T1ax|SWIax,T2ax+FLAIRax+FLAIRsag,0.004318903126141693,0.0017623735617984411
Cerebral infarction,424,T2ax|FLAIRax,none,-0.2943581087477412,0.003785114028721536
Cerebral infarction,424,T2ax|FLAIRax,T1ax,-0.011745295290346736,0.0007502944624167915
Cerebral infarction,424,T2ax|FLAIRax,FLAIRsag,-0.01340176961736117,0.0053895879432712835
Cerebral infarction,424,T2ax|FLAIRax,SWIax,-0.021381517820641422,0.002467100352481495
Cerebral infarction,424,T2ax|FLAIRax,T1ax+FLAIRsag,-0.006356538349072423,0.0027683293285049003
Cerebral infarction,424,T2ax|FLAIRax,T1ax+SWIax,-0.013256747034334252,0.0006099341911403945
Cerebral infarction,424,T2ax|FLAIRax,FLAIRsag+SWIax,-0.008804742190255621,0.0006414183467735183
Cerebral infarction,424,T2ax|FLAIRax,T1ax+FLAIRsag+SWIax,-0.005650007958930521,0.0018512707931923956
Cerebral infarction,424,T2ax|FLAIRsag,none,-0.2836892412790107,0.005993775146689935
Cerebral infarction,424,T2ax|FLAIRsag,T1ax,-0.008211240884920904,0.0014814441848240167
Cerebral infarction,424,T2ax|FLAIRsag,FLAIRax,-0.002732902148630608,0.004635090716150489
Cerebral infarction,424,T2ax|FLAIRsag,SWIax,-0.020349793243113368,0.0008938605636457056
Cerebral infarction,424,T2ax|FLAIRsag,T1ax+FLAIRax,-0.002822483943646592,0.0008439993924707867
Cerebral infarction,424,T2ax|FLAIRsag,T1ax+SWIax,-0.011609826930075728,0.002449459578707171
Cerebral infarction,424,T2ax|FLAIRsag,FLAIRax+SWIax,-0.007773017612727566,0.0025535167501927955
Cerebral infarction,424,T2ax|FLAIRsag,T1ax+FLAIRax+SWIax,-0.004003087854671998,0.0009487763177172864
Cerebral infarction,424,T2ax|SWIax,none,-0.268998571950485,0.0025382456901834292
Cerebral infarction,424,T2ax|SWIax,T1ax,0.0015267034390293126,0.002245024237824207
Cerebral infarction,424,T2ax|SWIax,FLAIRax,0.003978018976614835,0.0012828896112296157
Cerebral infarction,424,T2ax|SWIax,FLAIRsag,-0.0056591239145876715,0.007500951311034361
Cerebral infarction,424,T2ax|SWIax,T1ax+FLAIRax,1.5251695041795799e-05,0.0009553422402617083
Cerebral infarction,424,T2ax|SWIax,T1ax+FLAIRsag,-0.0018718826061255116,0.003682219676197536
Cerebral infarction,424,T2ax|SWIax,FLAIRax+FLAIRsag,-0.0010620964874821226,0.0022686807717853677
Cerebral infarction,424,T2ax|SWIax,T1ax+FLAIRax+FLAIRsag,-0.0011653522159836098,0.001308754669579551
Cerebral infarction,424,FLAIRax|FLAIRsag,none,-0.2898345787131216,0.001043543635749446
Cerebral infarction,424,FLAIRax|FLAIRsag,T1ax,-0.004815459749198947,0.0030034334589759096
Cerebral infarction,424,FLAIRax|FLAIRsag,T2ax,-0.008878239582741587,0.0017712486794469891
Cerebral infarction,424,FLAIRax|FLAIRsag,SWIax,-0.016055520727930078,0.004789332264931011
Cerebral infarction,424,FLAIRax|FLAIRsag,T1ax+T2ax,0.0005732971920753652,0.0030234415064609235
Cerebral infarction,424,FLAIRax|FLAIRsag,T1ax+SWIax,-0.011135534275642733,0.0022130485315031887
Cerebral infarction,424,FLAIRax|FLAIRsag,T2ax+SWIax,-0.0034787450975442744,0.002947028812727754
Cerebral infarction,424,FLAIRax|FLAIRsag,T1ax+T2ax+SWIax,-0.0035287952002390024,0.0009593907548565714
Cerebral infarction,424,FLAIRax|SWIax,none,-0.27180391965056444,0.004386700487900453
Cerebral infarction,424,FLAIRax|SWIax,T1ax,0.007988119104869296,0.003643492396027313
Cerebral infarction,424,FLAIRax|SWIax,T2ax,0.0011726712765353826,0.0014569875635695496
Cerebral infarction,424,FLAIRax|SWIax,FLAIRsag,0.0019751383346271467,0.003623440650521693
Cerebral infarction,424,FLAIRax|SWIax,T1ax+T2ax,0.006476667360881779,0.002946867423262752
Cerebral infarction,424,FLAIRax|SWIax,T1ax+FLAIRsag,0.0016680445784255093,0.001106880053327805
Cerebral infarction,424,FLAIRax|SWIax,T2ax+FLAIRsag,0.006572165761732696,0.002194313668610832
Cerebral infarction,424,FLAIRax|SWIax,T1ax+T2ax+FLAIRsag,0.002374574968567411,0.001315356298904831
Cerebral infarction,424,FLAIRsag|SWIax,none,-0.26953233745023913,0.004865163086162654
Cerebral infarction,424,FLAIRsag|SWIax,T1ax,0.009751662084145981,0.0013285710058590979
Cerebral infarction,424,FLAIRsag|SWIax,T2ax,-0.006192889414341855,0.0034730095453934322
Cerebral infarction,424,FLAIRsag|SWIax,FLAIRax,0.0042467205349524155,0.00323730972518498
Cerebral infarction,424,FLAIRsag|SWIax,T1ax+T2ax,0.006353076038991157,0.0034449012607991724
Cerebral infarction,424,FLAIRsag|SWIax,T1ax+FLAIRax,0.0034315875577021946,0.0019154368137339678
Cerebral infarction,424,FLAIRsag|SWIax,T2ax+FLAIRax,-0.0007933949291445419,0.00032164415520988964
Cerebral infarction,424,FLAIRsag|SWIax,T1ax+T2ax+FLAIRax,0.0022509836466767887,0.0005758799094200585
Cerebral hemorrhage,294,T1ax|T2ax,none,-0.2921825029238718,0.00363576911579757
Cerebral hemorrhage,294,T1ax|T2ax,FLAIRax,0.0027979576634843406,0.0022714605085911548
Cerebral hemorrhage,294,T1ax|T2ax,FLAIRsag,-0.008232446365365206,0.004309456719570924
Cerebral hemorrhage,294,T1ax|T2ax,SWIax,-0.00785426820469918,0.0029967604060858735
Cerebral hemorrhage,294,T1ax|T2ax,FLAIRax+FLAIRsag,-0.005828429477810075,0.004562983033278917
Cerebral hemorrhage,294,T1ax|T2ax,FLAIRax+SWIax,-0.0021049010145141787,0.0012141759223442924
Cerebral hemorrhage,294,T1ax|T2ax,FLAIRsag+SWIax,0.0034375584867789577,0.005177502089444792
Cerebral hemorrhage,294,T1ax|T2ax,FLAIRax+FLAIRsag+SWIax,0.0010853152485671425,0.0026948792231176453
Cerebral hemorrhage,294,T1ax|FLAIRax,none,-0.30365862137799393,0.00429001168452424
Cerebral hemorrhage,294,T1ax|FLAIRax,T2ax,-0.008678160790637768,0.002711762632390312
Cerebral hemorrhage,294,T1ax|FLAIRax,FLAIRsag,-0.010578646229345567,0.004982121924671999
Cerebral hemorrhage,294,T1ax|FLAIRax,SWIax,0.0025674995059384496,0.0012625859282377476
Cerebral hemorrhage,294,T1ax|FLAIRax,T2ax+FLAIRsag,-0.008174629341790437,0.003364447543849
Cerebral hemorrhage,294,T1ax|FLAIRax,T2ax+SWIax,0.008316866696123451,0.00479515533872364
Cerebral hemorrhage,294,T1ax|FLAIRax,FLAIRsag+SWIax,0.00041456301170857596,0.005914011324640574
Cerebral hemorrhage,294,T1ax|FLAIRax,T2ax+FLAIRsag+SWIax,-0.0019376802265032393,0.0008955722307260647
Cerebral hemorrhage,294,T1ax|FLAIRsag,none,-0.28439190820849725,0.009369323989445297
Cerebral hemorrhage,294,T1ax|FLAIRsag,T2ax,-0.0004418516499906285,0.0039236717742757235
Cerebral hemorrhage,294,T1ax|FLAIRsag,FLAIRax,0.008688066940151118,0.0015702399738856698
Cerebral hemorrhage,294,T1ax|FLAIRsag,SWIax,0.0001852886078782164,0.008820178682024907
Cerebral hemorrhage,294,T1ax|FLAIRsag,T2ax+FLAIRax,6.167979885670268e-05,0.0021739889916041447
Cerebral hemorrhage,294,T1ax|FLAIRsag,T2ax+SWIax,0.011477115299356355,0.005024684050868466
Cerebral hemorrhage,294,T1ax|FLAIRsag,FLAIRax+SWIax,-0.001967647886351657,0.004172901728053015
Cerebral hemorrhage,294,T1ax|FLAIRsag,T2ax+FLAIRax+SWIax,0.001222568376729664,0.0018833967830142173
Cerebral hemorrhage,294,T1ax|SWIax,none,-0.30107548386244626,0.0063102540277880075
Cerebral hemorrhage,294,T1ax|SWIax,T2ax,-0.016747249143273635,0.006475379403137007
Cerebral hemorrhage,294,T1ax|SWIax,FLAIRax,0.005150637021486104,0.008452643171950006
Cerebral hemorrhage,294,T1ax|SWIax,FLAIRsag,-0.016498287046070814,0.0031508557045297875
Cerebral hemorrhage,294,T1ax|SWIax,T2ax+FLAIRax,0.00024777834348758504,0.005557695166428147
Cerebral hemorrhage,294,T1ax|SWIax,T2ax+FLAIRsag,-0.004828282193926651,0.005254248355398343
Cerebral hemorrhage,294,T1ax|SWIax,FLAIRax+FLAIRsag,-0.005505077805016671,0.004843029746912964
Cerebral hemorrhage,294,T1ax|SWIax,T2ax+FLAIRax+FLAIRsag,0.0014086669213605463,0.002600698191163505
Cerebral hemorrhage,294,T2ax|FLAIRax,none,-0.2990323872524428,0.0030233823805157017
Cerebral hemorrhage,294,T2ax|FLAIRax,T1ax,-0.004051926665086654,0.004422745716350125
Cerebral hemorrhage,294,T2ax|FLAIRax,FLAIRsag,0.00011158436338594886,0.003821429328483723
Cerebral hemorrhage,294,T2ax|FLAIRax,SWIax,-0.0089101142160349,0.002980824102450004
Cerebral hemorrhage,294,T2ax|FLAIRax,T1ax+FLAIRsag,0.0025156012509410797,0.0019705223045209325
Cerebral hemorrhage,294,T2ax|FLAIRax,T1ax+SWIax,-0.003160747025849897,0.00518950491749494
Cerebral hemorrhage,294,T2ax|FLAIRax,FLAIRsag+SWIax,-0.001408729224187888,0.004742666775142461
Cerebral hemorrhage,294,T2ax|FLAIRax,T1ax+FLAIRsag+SWIax,-0.003760972462399703,0.0020501829871158984
Cerebral hemorrhage,294,T2ax|FLAIRsag,none,-0.2852781659243908,0.004441134709533201
Cerebral hemorrhage,294,T2ax|FLAIRsag,T1ax,-0.0013281093658841965,0.006941643872856818
Cerebral hemorrhage,294,T2ax|FLAIRsag,FLAIRax,0.013865805691437952,0.0029406360777147365
Cerebral hemorrhage,294,T2ax|FLAIRsag,SWIax,-0.00578512901295621,0.004393477258023305
Cerebral hemorrhage,294,T2ax|FLAIRsag,T1ax+FLAIRax,0.0052394185501435375,0.0010269254210519276
Cerebral hemorrhage,294,T2ax|FLAIRsag,T1ax+SWIax,0.005506697678521928,0.004549471529960803
Cerebral hemorrhage,294,T2ax|FLAIRsag,FLAIRax+SWIax,0.0017162559788908016,0.0036306569497298147
Cerebral hemorrhage,294,T2ax|FLAIRsag,T1ax+FLAIRax+SWIax,0.004906472241972122,0.002076258484785851
Cerebral hemorrhage,294,T2ax|SWIax,none,-0.28927676136945607,0.0033658350037170967
Cerebral hemorrhage,294,T2ax|SWIax,T1ax,-0.004948526650283447,0.003263884992580733
Cerebral hemorrhage,294,T2ax|SWIax,FLAIRax,0.0008455116669518296,0.0022202280931330086
Cerebral hemorrhage,294,T2ax|SWIax,FLAIRsag,-0.009783724458021484,0.0028710081648233026
Cerebral hemorrhage,294,T2ax|SWIax,T1ax+FLAIRax,-0.00405734701104669,0.00279941664659833
Cerebral hemorrhage,294,T2ax|SWIax,T1ax+FLAIRsag,0.0018862803941226784,0.000739326052962483
Cerebral hemorrhage,294,T2ax|SWIax,FLAIRax+FLAIRsag,-0.011304038045595322,0.001460344237484619
Cerebral hemorrhage,294,T2ax|SWIax,T1ax+FLAIRax+FLAIRsag,-0.004390293319218104,0.0008737672779173803
Cerebral hemorrhage,294,FLAIRax|FLAIRsag,none,-0.31137706941955445,0.0025572563888640377
Cerebral hemorrhage,294,FLAIRax|FLAIRsag,T1ax,-0.01829709427090609,0.0052737809888362885
Cerebral hemorrhage,294,FLAIRax|FLAIRsag,T2ax,-0.012233097803725687,0.0001666375738050828
Cerebral hemorrhage,294,FLAIRax|FLAIRsag,SWIax,0.003386906288324054,0.00277747149744722
Cerebral hemorrhage,294,FLAIRax|FLAIRsag,T1ax+T2ax,-0.011729566354878354,0.005731075606820034
Cerebral hemorrhage,294,FLAIRax|FLAIRsag,T1ax+SWIax,0.0012339697940941807,0.00398799961756123
Cerebral hemorrhage,294,FLAIRax|FLAIRsag,T2ax+SWIax,0.010888291280171066,0.0004101853388097191
Cerebral hemorrhage,294,FLAIRax|FLAIRsag,T1ax+T2ax+SWIax,0.0006337443575443746,0.004855251606363421
Cerebral hemorrhage,294,FLAIRax|SWIax,none,-0.32012264186914446,0.0034912837948875347
Cerebral hemorrhage,294,FLAIRax|SWIax,T1ax,-0.013896520985212102,0.0011637803857041384
Cerebral hemorrhage,294,FLAIRax|SWIax,T2ax,-0.030000368832736563,0.001981136618639161
Cerebral hemorrhage,294,FLAIRax|SWIax,FLAIRsag,-0.005358666161265975,0.0027914704665954445
Cerebral hemorrhage,294,FLAIRax|SWIax,T1ax+T2ax,-0.013005341345975344,0.0021190256196461235
Cerebral hemorrhage,294,FLAIRax|SWIax,T1ax+FLAIRsag,0.005634543079788168,0.0010597330917306298
Cerebral hemorrhage,294,FLAIRax|SWIax,T2ax+FLAIRsag,-0.0068789797488398126,0.0019224083368495337
Cerebral hemorrhage,294,FLAIRax|SWIax,T1ax+T2ax+FLAIRsag,-0.0006420306335526149,0.0013438557684504304
Cerebral hemorrhage,294,FLAIRsag|SWIax,none,-0.3005327639353357,0.0006357674341921134
Cerebral hemorrhage,294,FLAIRsag|SWIax,T1ax,-0.015955567118960217,0.003969694673699437
Cerebral hemorrhage,294,FLAIRsag|SWIax,T2ax,-0.021039727023901073,0.0008982208418392646
Cerebral hemorrhage,294,FLAIRsag|SWIax,FLAIRax,0.014231211772542829,0.0014356110930086382
Cerebral hemorrhage,294,FLAIRsag|SWIax,T1ax+T2ax,-0.00912076007455409,0.0016767601916322927
Cerebral hemorrhage,294,FLAIRsag|SWIax,T1ax+FLAIRax,0.003575496946040054,0.0029141820049291343
Cerebral hemorrhage,294,FLAIRsag|SWIax,T2ax+FLAIRax,0.002081662059995678,0.0008274774512742613
Cerebral hemorrhage,294,FLAIRsag|SWIax,T1ax+T2ax+FLAIRax,0.003242550637868639,0.002434347908254214
Metastatic malignant neoplasm to brain,373,T1ax|T2ax,none,-0.3424130469674182,0.002125290047712235
Metastatic malignant neoplasm to brain,373,T1ax|T2ax,FLAIRax,0.014378186494514352,0.00442933257073315
Metastatic malignant neoplasm to brain,373,T1ax|T2ax,FLAIRsag,0.011067303519732582,0.0033676234842212895
Metastatic malignant neoplasm to brain,373,T1ax|T2ax,SWIax,-0.005329037448307705,0.0011623364723364364
Metastatic malignant neoplasm to brain,373,T1ax|T2ax,FLAIRax+FLAIRsag,0.006556971004757606,0.0018544661965790021
Metastatic malignant neoplasm to brain,373,T1ax|T2ax,FLAIRax+SWIax,0.0026801725487397934,0.002236352856244663
Metastatic malignant neoplasm to brain,373,T1ax|T2ax,FLAIRsag+SWIax,0.004553974981621578,0.0017564405437900598
Metastatic malignant neoplasm to brain,373,T1ax|T2ax,FLAIRax+FLAIRsag+SWIax,0.004064347126532401,0.0019141512391515662
Metastatic malignant neoplasm to brain,373,T1ax|FLAIRax,none,-0.35638121224010194,0.003271332062038007
Metastatic malignant neoplasm to brain,373,T1ax|FLAIRax,T2ax,0.00041002122183061057,0.001163629721691902
Metastatic malignant neoplasm to brain,373,T1ax|FLAIRax,FLAIRsag,0.00748386566244393,0.0016361964891581035
Metastatic malignant neoplasm to brain,373,T1ax|FLAIRax,SWIax,-0.0058318917944236714,0.0017518496825698231
Metastatic malignant neoplasm to brain,373,T1ax|FLAIRax,T2ax+FLAIRsag,0.002973533147468954,0.0017771900394794858
Metastatic malignant neoplasm to brain,373,T1ax|FLAIRax,T2ax+SWIax,0.002177318202623827,0.0016000977480469436
Metastatic malignant neoplasm to brain,373,T1ax|FLAIRax,FLAIRsag+SWIax,0.0031034202615972672,0.002056076536512918
Metastatic malignant neoplasm to brain,373,T1ax|FLAIRax,T2ax+FLAIRsag+SWIax,0.00261379240650809,0.002470177004122931
Metastatic malignant neoplasm to brain,373,T1ax|FLAIRsag,none,-0.36283965331732265,0.00288463965583836
Metastatic malignant neoplasm to brain,373,T1ax|FLAIRsag,T2ax,-0.00935930283017187,0.0017741315927597588
Metastatic malignant neoplasm to brain,373,T1ax|FLAIRsag,FLAIRax,0.0010254245852232187,0.004425696371399321
Metastatic malignant neoplasm to brain,373,T1ax|FLAIRsag,SWIax,-0.01076993039001802,0.0012995298559389107
Metastatic malignant neoplasm to brain,373,T1ax|FLAIRsag,T2ax+FLAIRax,-0.006795790904533527,0.0009143437009038912
Metastatic malignant neoplasm to brain,373,T1ax|FLAIRsag,T2ax+SWIax,-0.0008869179600887364,0.00045931546351674784
Metastatic malignant neoplasm to brain,373,T1ax|FLAIRsag,FLAIRax+SWIax,-0.0018346183339970807,0.0018092003397577486
Metastatic malignant neoplasm to brain,373,T1ax|FLAIRsag,T2ax+FLAIRax+SWIax,-0.00045044375620447347,0.0012886983459481963
Metastatic malignant neoplasm to brain,373,T1ax|SWIax,none,-0.3498780884104235,0.0011739295455956101
Metastatic malignant neoplasm to brain,373,T1ax|SWIax,T2ax,-0.012794078891312935,0.002482533109569307
Metastatic malignant neoplasm to brain,373,T1ax|SWIax,FLAIRax,0.0006712320352548392,0.002063553738203612
Metastatic malignant neoplasm to brain,373,T1ax|SWIax,FLAIRsag,0.0021916345168812024,0.0017808547138020462
Metastatic malignant neoplasm to brain,373,T1ax|SWIax,T2ax+FLAIRax,-0.01102678191051972,0.0005058747510517719
Metastatic malignant neoplasm to brain,373,T1ax|SWIax,T2ax+FLAIRsag,-0.004321694021229801,0.0002613533038526398
Metastatic malignant neoplasm to brain,373,T1ax|SWIax,FLAIRax+FLAIRsag,-0.0021888108839654605,0.0014408037826788213
Metastatic malignant neoplasm to brain,373,T1ax|SWIax,T2ax+FLAIRax+FLAIRsag,-0.0046814347621906656,0.0011452011158624524
Metastatic malignant neoplasm to brain,373,T2ax|FLAIRax,none,-0.3767514450065291,0.0030715236121501305
Metastatic malignant neoplasm to brain,373,T2ax|FLAIRax,T1ax,-0.019960211544596523,0.0012708280474432896
Metastatic malignant neoplasm to brain,373,T2ax|FLAIRax,FLAIRsag,0.00015673639553840749,0.003088585251958667
Metastatic malignant neoplasm to brain,373,T2ax|FLAIRax,SWIax,-0.012907420507302722,0.0019403828962420832
Metastatic malignant neoplasm to brain,373,T2ax|FLAIRax,T1ax+FLAIRsag,-0.004353596119436569,0.0012338158529782309
Metastatic malignant neoplasm to brain,373,T2ax|FLAIRax,T1ax+SWIax,-0.004898210510255223,0.0010382665626150918
Metastatic malignant neoplasm to brain,373,T2ax|FLAIRax,FLAIRsag+SWIax,-0.0017326207870900223,0.0007619590780708842
Metastatic malignant neoplasm to brain,373,T2ax|FLAIRax,T1ax+FLAIRsag+SWIax,-0.0022222486421791996,0.0008406720580081172
Metastatic malignant neoplasm to brain,373,T2ax|FLAIRsag,none,-0.36487945564320373,0.003139476936457207
Metastatic malignant neoplasm to brain,373,T2ax|FLAIRsag,T1ax,-0.011399105156052913,0.002071512155466754
Metastatic malignant neoplasm to brain,373,T2ax|FLAIRsag,FLAIRax,0.012028725758863787,0.004141487135152259
Metastatic malignant neoplasm to brain,373,T2ax|FLAIRsag,SWIax,-0.012036800358254643,0.0013084522825411293
Metastatic malignant neoplasm to brain,373,T2ax|FLAIRsag,T1ax+FLAIRax,0.00420751026910704,0.0008597420012117335
Metastatic malignant neoplasm to brain,373,T2ax|FLAIRsag,T1ax+SWIax,-0.0021537879283253605,0.00046887079439965535
Metastatic malignant neoplasm to brain,373,T2ax|FLAIRsag,FLAIRax+SWIax,-0.000862000638041945,0.0014814502855629384
Metastatic malignant neoplasm to brain,373,T2ax|FLAIRsag,T1ax+FLAIRax+SWIax,0.0005221739397506623,0.0015901568644110535
Metastatic malignant neoplasm to brain,373,T2ax|SWIax,none,-0.34891002815706934,0.0020772366993232704
Metastatic malignant neoplasm to brain,373,T2ax|SWIax,T1ax,-0.011826018637958772,0.0010267933550111412
Metastatic malignant neoplasm to brain,373,T2ax|SWIax,FLAIRax,0.014933996342157085,0.00350889278730041
Metastatic malignant neoplasm to brain,373,T2ax|SWIax,FLAIRsag,0.003932627127879784,0.0026889924224637513
Metastatic malignant neoplasm to brain,373,T2ax|SWIax,T1ax+FLAIRax,0.003235982396382527,0.0015769693768079751
Metastatic malignant neoplasm to brain,373,T2ax|SWIax,T1ax+FLAIRsag,-0.0025807014102312196,0.0011642603190673982
Metastatic malignant neoplasm to brain,373,T2ax|SWIax,FLAIRax+FLAIRsag,0.0020432699452513545,0.0008370927995225085
Metastatic malignant neoplasm to brain,373,T2ax|SWIax,T1ax+FLAIRax+FLAIRsag,-0.0004493539329738505,0.0006741082889307387
Metastatic malignant neoplasm to brain,373,FLAIRax|FLAIRsag,none,-0.3803945754544067,0.0022541830280929072
Metastatic malignant neoplasm to brain,373,FLAIRax|FLAIRsag,T1ax,-0.016529497551860766,0.002002404303302006
Metastatic malignant neoplasm to brain,373,FLAIRax|FLAIRsag,T2ax,-0.0034863940523391554,0.0010692808085326169
Metastatic malignant neoplasm to brain,373,FLAIRax|FLAIRsag,SWIax,-0.01358756927808132,0.003386086590661252
Metastatic malignant neoplasm to brain,373,FLAIRax|FLAIRsag,T1ax+T2ax,-0.0009228821267008117,0.0014529630962896315
Metastatic malignant neoplasm to brain,373,FLAIRax|FLAIRsag,T1ax+SWIax,-0.004652257222060381,0.0005552338333995687
Metastatic malignant neoplasm to brain,373,FLAIRax|FLAIRsag,T2ax+SWIax,-0.0024127695578686215,0.0016621151542358774
Metastatic malignant neoplasm to brain,373,FLAIRax|FLAIRsag,T1ax+T2ax+SWIax,-0.0019762953539843586,0.0007028621695017246
Metastatic malignant neoplasm to brain,373,FLAIRax|SWIax,none,-0.3680654052458146,0.0010577869488992476
Metastatic malignant neoplasm to brain,373,FLAIRax|SWIax,T1ax,-0.017516084800136333,0.002858809375664884
Metastatic malignant neoplasm to brain,373,FLAIRax|SWIax,T2ax,-0.004221380746588251,0.002444158835288534
Metastatic malignant neoplasm to brain,373,FLAIRax|SWIax,FLAIRsag,-0.0012583990694892873,0.0004148285107259939
Metastatic malignant neoplasm to brain,373,FLAIRax|SWIax,T1ax+T2ax,-0.0024540837657950343,0.002196479378160804
Metastatic malignant neoplasm to brain,373,FLAIRax|SWIax,T1ax+FLAIRsag,-0.00563884447033595,0.0005020163209758145
Metastatic malignant neoplasm to brain,373,FLAIRax|SWIax,T2ax+FLAIRsag,-0.003147756252117717,0.002013745627951574
Metastatic malignant neoplasm to brain,373,FLAIRax|SWIax,T1ax+T2ax+FLAIRsag,-0.0035074969930785813,0.001526641846445741
Metastatic malignant neoplasm to brain,373,FLAIRsag|SWIax,none,-0.3651647911799614,0.003638836617875632
Metastatic malignant neoplasm to brain,373,FLAIRsag|SWIax,T1ax,-0.013095068252656753,0.0029092154793819787
Metastatic malignant neoplasm to brain,373,FLAIRsag|SWIax,T2ax,-0.012322135895012335,0.0006365499857006402
Metastatic malignant neoplasm to brain,373,FLAIRsag|SWIax,FLAIRax,0.0016422149963639294,0.0027762957720360464
Metastatic malignant neoplasm to brain,373,FLAIRsag|SWIax,T1ax+T2ax,-0.003849751024929201,0.0023909138140896825
Metastatic malignant neoplasm to brain,373,FLAIRsag|SWIax,T1ax+FLAIRax,-0.00121782792285637,0.0007233143754866821
Metastatic malignant neoplasm to brain,373,FLAIRsag|SWIax,T2ax+FLAIRax,-0.011248511400541802,0.0012699379472332461
Metastatic malignant neoplasm to brain,373,FLAIRsag|SWIax,T1ax+T2ax+FLAIRax,-0.004903164252212748,0.0015854194577217102
Intracranial meningioma,181,T1ax|T2ax,none,-0.1963285137729713,0.004657788030330655
Intracranial meningioma,181,T1ax|T2ax,FLAIRax,0.004489200170487817,0.007863578733916778
Intracranial meningioma,181,T1ax|T2ax,FLAIRsag,-9.675905156947273e-05,0.002834600488758161
Intracranial meningioma,181,T1ax|T2ax,SWIax,-0.014039458501162208,0.001738038495731148
Intracranial meningioma,181,T1ax|T2ax,FLAIRax+FLAIRsag,0.003777401403725955,0.001462791183171195
Intracranial meningioma,181,T1ax|T2ax,FLAIRax+SWIax,0.0014066047248804485,0.001556820700696808
Intracranial meningioma,181,T1ax|T2ax,FLAIRsag+SWIax,0.006655383441727521,0.0013233433488086437
Intracranial meningioma,181,T1ax|T2ax,FLAIRax+FLAIRsag+SWIax,0.003848471326934444,0.0026744712322433178
Intracranial meningioma,181,T1ax|FLAIRax,none,-0.19959603095969783,0.006383335133694396
Intracranial meningioma,181,T1ax|FLAIRax,T2ax,0.001221682983761278,0.00799274974835279
Intracranial meningioma,181,T1ax|FLAIRax,FLAIRsag,-0.010359016064401594,0.0020577956413163527
Intracranial meningioma,181,T1ax|FLAIRax,SWIax,-0.021990893453890232,0.006724504954849015
Intracranial meningioma,181,T1ax|FLAIRax,T2ax+FLAIRsag,-0.006484855609106166,0.003150618523355655
Intracranial meningioma,181,T1ax|FLAIRax,T2ax+SWIax,-0.006544830227847576,0.00688331487745979
Intracranial meningioma,181,T1ax|FLAIRax,FLAIRsag+SWIax,-0.007666855386800305,0.0027259124766475886
Intracranial meningioma,181,T1ax|FLAIRax,T2ax+FLAIRsag+SWIax,-0.010473767501593382,0.0002516284110986176
Intracranial meningioma,181,T1ax|FLAIRsag,none,-0.19121927600239574,0.0059270269304328126
Intracranial meningioma,181,T1ax|FLAIRsag,T2ax,0.005012478719006082,0.005826937296045163
Intracranial meningioma,181,T1ax|FLAIRsag,FLAIRax,-0.0019822611070994998,0.002808826866704417
Intracranial meningioma,181,T1ax|FLAIRsag,SWIax,-0.01062450371002984,0.0028078521332048773
Intracranial meningioma,181,T1ax|FLAIRsag,T2ax+FLAIRax,-0.0026940598738613617,0.006583768800054948
Intracranial meningioma,181,T1ax|FLAIRsag,T2ax+SWIax,0.010070338232859891,0.0011345615972578266
Intracranial meningioma,181,T1ax|FLAIRsag,FLAIRax+SWIax,0.0036995343570600894,0.005181910781679845
Intracranial meningioma,181,T1ax|FLAIRsag,T2ax+FLAIRax+SWIax,0.006141400959114085,0.00568856420208908
Intracranial meningioma,181,T1ax|SWIax,none,-0.1864619892861342,0.005748125451445524
Intracranial meningioma,181,T1ax|SWIax,T2ax,-0.0041729340143250955,0.003912598725165215
Intracranial meningioma,181,T1ax|SWIax,FLAIRax,-0.00885685178032658,0.008395952191088065
Intracranial meningioma,181,T1ax|SWIax,FLAIRsag,-0.00586721699376828,0.001386297935399622
Intracranial meningioma,181,T1ax|SWIax,T2ax+FLAIRax,-0.01193944722593395,0.0023276856644290455
Intracranial meningioma,181,T1ax|SWIax,T2ax+FLAIRsag,0.000884925499528714,0.0035193177395857807
Intracranial meningioma,181,T1ax|SWIax,FLAIRax+FLAIRsag,-0.003175056316166991,0.002785846282698951
Intracranial meningioma,181,T1ax|SWIax,T2ax+FLAIRax+FLAIRsag,-0.003103986392958502,0.0004268272589028604
Intracranial meningioma,181,T2ax|FLAIRax,none,-0.20612656723674536,0.011586783801521502
Intracranial meningioma,181,T2ax|FLAIRax,T1ax,-0.005308853293286231,0.008023010696955048
Intracranial meningioma,181,T2ax|FLAIRax,FLAIRsag,-0.005683594702721839,0.0060374913771792495
Intracranial meningioma,181,T2ax|FLAIRax,SWIax,-0.008012209233052495,0.003915706560465233
Intracranial meningioma,181,T2ax|FLAIRax,T1ax+FLAIRsag,-0.0018094342474264113,0.007945982093758963
Intracranial meningioma,181,T2ax|FLAIRax,T1ax+SWIax,0.007433853992990162,0.003812859936710099
Intracranial meningioma,181,T2ax|FLAIRax,FLAIRsag+SWIax,0.00800931045981342,0.00632568804678302
Intracranial meningioma,181,T2ax|FLAIRax,T1ax+FLAIRsag+SWIax,0.005202398345020343,0.00392128552560011
Intracranial meningioma,181,T2ax|FLAIRsag,none,-0.1888297872340425,0.008246715343874379
Intracranial meningioma,181,T2ax|FLAIRsag,T1ax,0.007401967487359329,0.005406806410709845
Intracranial meningioma,181,T2ax|FLAIRsag,FLAIRax,0.01161318529998101,0.009461077279353984
Intracranial meningioma,181,T2ax|FLAIRsag,SWIax,-0.012766597176074979,0.004738967592652152
Intracranial meningioma,181,T2ax|FLAIRsag,T1ax+FLAIRax,0.010901386533219148,0.003188175230365828
Intracranial meningioma,181,T2ax|FLAIRsag,T1ax+SWIax,0.007928244766814752,0.0020329794941970278
Intracranial meningioma,181,T2ax|FLAIRsag,FLAIRax+SWIax,0.003254922516790937,0.0030702766094892428
Intracranial meningioma,181,T2ax|FLAIRsag,T1ax+FLAIRax+SWIax,0.005696789118844932,0.001787285303818782
Intracranial meningioma,181,T2ax|SWIax,none,-0.1943286601110411,0.008086784405673985
Intracranial meningioma,181,T2ax|SWIax,T1ax,-0.012039604839232018,0.009315010018767039
Intracranial meningioma,181,T2ax|SWIax,FLAIRax,0.003785697892651744,0.008334885411541244
Intracranial meningioma,181,T2ax|SWIax,FLAIRsag,-0.01826547005307359,0.0032152504450832873
Intracranial meningioma,181,T2ax|SWIax,T1ax+FLAIRax,0.0007031024470443755,0.0056303235752856035
Intracranial meningioma,181,T2ax|SWIax,T1ax+FLAIRsag,-0.011513327559776595,0.005118858151427487
Intracranial meningioma,181,T2ax|SWIax,FLAIRax+FLAIRsag,-0.004572564890538329,0.0040504575924602895
Intracranial meningioma,181,T2ax|SWIax,T1ax+FLAIRax+FLAIRsag,-0.00450149496732984,0.0016589577677143935
Intracranial meningioma,181,FLAIRax|FLAIRsag,none,-0.21953409317176964,0.011753520742269718
Intracranial meningioma,181,FLAIRax|FLAIRsag,T1ax,-0.030297078276473394,0.004791753076282515
Intracranial meningioma,181,FLAIRax|FLAIRsag,T2ax,-0.019091120637746133,0.0054417947318133
Intracranial meningioma,181,FLAIRax|FLAIRsag,SWIax,-0.018896902830721946,0.005925845700573213
Intracranial meningioma,181,FLAIRax|FLAIRsag,T1ax+T2ax,-0.026797659230613575,0.002206422579305424
Intracranial meningioma,181,FLAIRax|FLAIRsag,T1ax+SWIax,-0.004572864763632019,0.008592587028644936
Intracranial meningioma,181,FLAIRax|FLAIRsag,T2ax+SWIax,-0.002875383137856032,0.004563278636031855
Intracranial meningioma,181,FLAIRax|FLAIRsag,T1ax+T2ax+SWIax,-0.0068043204116018385,0.004855745176271174
Intracranial meningioma,181,FLAIRax|SWIax,none,-0.20222481845682913,0.00999327244800008
Intracranial meningioma,181,FLAIRax|SWIax,T1ax,-0.024619680951021516,0.00507620402063421
Intracranial meningioma,181,FLAIRax|SWIax,T2ax,-0.0041104604531362705,0.011145142061979328
Intracranial meningioma,181,FLAIRax|SWIax,FLAIRsag,-0.0015876281157814291,0.0028172171384486643
Intracranial meningioma,181,FLAIRax|SWIax,T1ax+T2ax,-0.011876973664745124,0.005116728012371365
Intracranial meningioma,181,FLAIRax|SWIax,T1ax+FLAIRsag,0.0011045325618198598,0.001680079346175966
Intracranial meningioma,181,FLAIRax|SWIax,T2ax+FLAIRsag,0.01210527704675383,0.001955786677783831
Intracranial meningioma,181,FLAIRax|SWIax,T1ax+T2ax+FLAIRsag,0.008116365154266614,0.004565608993366051
Intracranial meningioma,181,FLAIRsag|SWIax,none,-0.20900354969776802,0.004703554395529116
Intracranial meningioma,181,FLAIRsag|SWIax,T1ax,-0.028408777405402114,0.0022034351026512158
Intracranial meningioma,181,FLAIRsag|SWIax,T2ax,-0.0329403596398005,0.009301770466568014
Intracranial meningioma,181,FLAIRsag|SWIax,FLAIRax,-0.008366359356720329,0.005172799302240241
Intracranial meningioma,181,FLAIRsag|SWIax,T1ax+T2ax,-0.02788250012594669,0.0035275433520253786
Intracranial meningioma,181,FLAIRsag|SWIax,T1ax+FLAIRax,-0.0026845638925607393,0.0031912766864457013
Intracranial meningioma,181,FLAIRsag|SWIax,T2ax+FLAIRax,-0.0167246221399104,0.0019541748295284936
Intracranial meningioma,181,FLAIRsag|SWIax,T1ax+T2ax+FLAIRax,-0.007889161306934955,0.0019377499120227352
Demyelinating disease of central nervous system,250,T1ax|T2ax,none,-0.2856071311385758,0.0037089007116139507
Demyelinating disease of central nervous system,250,T1ax|T2ax,FLAIRax,0.006476721717889859,0.0018446456808547775
Demyelinating disease of central nervous system,250,T1ax|T2ax,FLAIRsag,-0.016008093623537056,0.006129055266996895
Demyelinating disease of central nervous system,250,T1ax|T2ax,SWIax,-0.028466732290641228,0.0029297061612251914
Demyelinating disease of central nervous system,250,T1ax|T2ax,FLAIRax+FLAIRsag,-0.00728535491632946,0.0053068150770657204
Demyelinating disease of central nervous system,250,T1ax|T2ax,FLAIRax+SWIax,0.0032548033103649843,0.0028077633768065825
Demyelinating disease of central nervous system,250,T1ax|T2ax,FLAIRsag+SWIax,-0.0026275110284735095,0.004498886611804891
Demyelinating disease of central nervous system,250,T1ax|T2ax,FLAIRax+FLAIRsag+SWIax,0.000847934667687511,0.003719056851198766
Demyelinating disease of central nervous system,250,T1ax|FLAIRax,none,-0.28205424915235694,0.0009127748555467307
Demyelinating disease of central nervous system,250,T1ax|FLAIRax,T2ax,0.010029603704108695,0.004571450467505138
Demyelinating disease of central nervous system,250,T1ax|FLAIRax,FLAIRsag,0.0020500200517700926,0.001273079929493183
Demyelinating disease of central nervous system,250,T1ax|FLAIRax,SWIax,-0.024681468518721033,0.00029623415270135057
Demyelinating disease of central nervous system,250,T1ax|FLAIRax,T2ax+FLAIRsag,0.010772758758977688,0.003141658310197595
Demyelinating disease of central nervous system,250,T1ax|FLAIRax,T2ax+SWIax,0.00704006708228518,0.0018477356914649073
Demyelinating disease of central nervous system,250,T1ax|FLAIRax,FLAIRsag+SWIax,0.00392285537205143,0.0011529207246168784
Demyelinating disease of central nervous system,250,T1ax|FLAIRax,T2ax+FLAIRsag+SWIax,0.00739830106821245,0.001931565386124265
Demyelinating disease of central nervous system,250,T1ax|FLAIRsag,none,-0.2673460206350942,0.007722584520258112
Demyelinating disease of central nervous system,250,T1ax|FLAIRsag,T2ax,0.0022530168799445396,0.0030258954137956785
Demyelinating disease of central nervous system,250,T1ax|FLAIRsag,FLAIRax,0.016758248569032852,0.00923967586444999
Demyelinating disease of central nervous system,250,T1ax|FLAIRsag,SWIax,-0.02158343359218347,0.005030016369577394
Demyelinating disease of central nervous system,250,T1ax|FLAIRsag,T2ax+FLAIRax,0.002996171934813533,0.003266040400218976
Demyelinating disease of central nervous system,250,T1ax|FLAIRsag,T2ax+SWIax,0.004255787669984246,0.0028479839503019228
Demyelinating disease of central nervous system,250,T1ax|FLAIRsag,FLAIRax+SWIax,0.007020890298588989,0.0048736833756367086
Demyelinating disease of central nervous system,250,T1ax|FLAIRsag,T2ax+FLAIRax+SWIax,0.0046140216559115155,0.002991853234019007
Demyelinating disease of central nervous system,250,T1ax|SWIax,none,-0.25660301141127995,0.0017114027674197598
Demyelinating disease of central nervous system,250,T1ax|SWIax,T2ax,0.0005373874366546202,0.004764357705870458
Demyelinating disease of central nervous system,250,T1ax|SWIax,FLAIRax,0.0007697692223559797,0.0028279303873956067
Demyelinating disease of central nervous system,250,T1ax|SWIax,FLAIRsag,-0.01084042436836922,0.002123895649394341
Demyelinating disease of central nervous system,250,T1ax|SWIax,T2ax+FLAIRax,-0.002452149185168895,0.002521312396692966
Demyelinating disease of central nervous system,250,T1ax|SWIax,T2ax+FLAIRsag,0.002540158226694326,0.0037867698634374285
Demyelinating disease of central nervous system,250,T1ax|SWIax,FLAIRax+FLAIRsag,-0.008967589048087884,0.0037199609080594163
Demyelinating disease of central nervous system,250,T1ax|SWIax,T2ax+FLAIRax+FLAIRsag,-0.0008342994640709126,0.0025027439979662448
Demyelinating disease of central nervous system,250,T2ax|FLAIRax,none,-0.30973429581829437,0.00931803297030869
Demyelinating disease of central nervous system,250,T2ax|FLAIRax,T1ax,-0.017650442961828716,0.005619570975919367
Demyelinating disease of central nervous system,250,T2ax|FLAIRax,FLAIRsag,-0.023815159138138475,0.006017846016984183
Demyelinating disease of central nervous system,250,T2ax|FLAIRax,SWIax,-0.03309088920485611,0.004947976327662576
Demyelinating disease of central nervous system,250,T2ax|FLAIRax,T1ax+FLAIRsag,-0.015092420430930878,0.0040000903319318305
Demyelinating disease of central nervous system,250,T2ax|FLAIRax,T1ax+SWIax,-0.001369353603849895,0.0057773491904035005
Demyelinating disease of central nervous system,250,T2ax|FLAIRax,FLAIRsag+SWIax,-0.0046306463961501105,0.003205023776911456
Demyelinating disease of central nervous system,250,T2ax|FLAIRax,T1ax+FLAIRsag+SWIax,-0.0011552006999890896,0.0020878784841220793
Demyelinating disease of central nervous system,250,T2ax|FLAIRsag,none,-0.2700127602172882,0.007666460305880441
Demyelinating disease of central nervous system,250,T2ax|FLAIRsag,T1ax,-0.000413722702249449,0.002638424358920287
Demyelinating disease of central nervous system,250,T2ax|FLAIRsag,FLAIRax,0.015906376462867706,0.008231674187671288
Demyelinating disease of central nervous system,250,T2ax|FLAIRsag,SWIax,-0.02575507674359249,0.007334398216174341
Demyelinating disease of central nervous system,250,T2ax|FLAIRsag,T1ax+FLAIRax,0.0021442998286483883,0.004094358752679962
Demyelinating disease of central nervous system,250,T2ax|FLAIRsag,T1ax+SWIax,8.414451857522802e-05,0.003032218007515429
Demyelinating disease of central nervous system,250,T2ax|FLAIRsag,FLAIRax+SWIax,0.0027051660651135068,0.008918222213838948
Demyelinating disease of central nervous system,250,T2ax|FLAIRsag,T1ax+FLAIRax+SWIax,0.0002982974224360335,0.0032313884533315134
Demyelinating disease of central nervous system,250,T2ax|SWIax,none,-0.28095059973021247,0.004536577458080042
Demyelinating disease of central nervous system,250,T2ax|SWIax,T1ax,-0.02381020088227792,0.0034295494610666406
Demyelinating disease of central nervous system,250,T2ax|SWIax,FLAIRax,-0.004307193116774226,0.005191542547261068
Demyelinating disease of central nervous system,250,T2ax|SWIax,FLAIRsag,-0.03669291625651679,0.005763109948283132
Demyelinating disease of central nervous system,250,T2ax|SWIax,T1ax+FLAIRax,-0.0075291115242991,0.004900432640392433
Demyelinating disease of central nervous system,250,T2ax|SWIax,T1ax+FLAIRsag,-0.023312333661453244,0.0038156068763044175
Demyelinating disease of central nervous system,250,T2ax|SWIax,FLAIRax+FLAIRsag,-0.017508403514528426,0.0044831519591994416
Demyelinating disease of central nervous system,250,T2ax|SWIax,T1ax+FLAIRax+FLAIRsag,-0.009375113930511455,0.002940485009220065
Demyelinating disease of central nervous system,250,FLAIRax|FLAIRsag,none,-0.29225272521783513,0.002865868301376174
Demyelinating disease of central nervous system,250,FLAIRax|FLAIRsag,T1ax,-0.008148456013708097,0.0022878110187534093
Demyelinating disease of central nervous system,250,FLAIRax|FLAIRsag,T2ax,-0.006333588537679254,0.005071987322943259
Demyelinating disease of central nervous system,250,FLAIRax|FLAIRsag,SWIax,-0.029353822596521823,0.003508132941056185
Demyelinating disease of central nervous system,250,FLAIRax|FLAIRsag,T1ax+T2ax,-0.00559043348281026,0.0049934750606096335
Demyelinating disease of central nervous system,250,FLAIRax|FLAIRsag,T1ax+SWIax,-0.000749498705749363,0.00427934746902481
Demyelinating disease of central nervous system,250,FLAIRax|FLAIRsag,T2ax+SWIax,-0.0008935797878158273,0.0034500547268276564
Demyelinating disease of central nervous system,250,FLAIRax|FLAIRsag,T1ax+T2ax+SWIax,-0.0005353458018885574,0.003415977934791235
Demyelinating disease of central nervous system,250,FLAIRax|SWIax,none,-0.2801250501294251,0.0019051981789973914
Demyelinating disease of central nervous system,250,FLAIRax|SWIax,T1ax,-0.022752269495789196,0.0023804268202256363
Demyelinating disease of central nervous system,250,FLAIRax|SWIax,T2ax,-0.0034816435159868617,0.005169774994523339
Demyelinating disease of central nervous system,250,FLAIRax|SWIax,FLAIRsag,-0.0172261475081118,0.003342037753556599
Demyelinating disease of central nervous system,250,FLAIRax|SWIax,T1ax+T2ax,-0.006471180137810377,0.0010585235632998397
Demyelinating disease of central nervous system,250,FLAIRax|SWIax,T1ax+FLAIRsag,-0.015353312187830462,0.0031115161904340318
Demyelinating disease of central nervous system,250,FLAIRax|SWIax,T2ax+FLAIRsag,0.0019583652338765654,0.004775931610669972
Demyelinating disease of central nervous system,250,FLAIRax|SWIax,T1ax+T2ax+FLAIRsag,-0.0014160924568886735,0.0024901240843446296
Demyelinating disease of central nervous system,250,FLAIRsag|SWIax,none,-0.24964971380655512,0.0054102596623206295
Demyelinating disease of central nervous system,250,FLAIRsag|SWIax,T1ax,-0.003887126763644407,0.003678817519803565
Demyelinating disease of central nervous system,250,FLAIRsag|SWIax,T2ax,-0.005392030332859436,0.004679674536371865
Demyelinating disease of central nervous system,250,FLAIRsag|SWIax,FLAIRax,0.013249188814758192,0.005263943425988421
Demyelinating disease of central nervous system,250,FLAIRsag|SWIax,T1ax+T2ax,-0.00338925954281973,0.0004917883731100724
Demyelinating disease of central nervous system,250,FLAIRsag|SWIax,T1ax+FLAIRax,0.003511830544314328,0.0016804932153838092
Demyelinating disease of central nervous system,250,FLAIRsag|SWIax,T2ax+FLAIRax,4.797841700399097e-05,0.006074368940373179
Demyelinating disease of central nervous system,250,FLAIRsag|SWIax,T1ax+T2ax+FLAIRax,0.001665828138101973,0.0026801890867769376
Herniation of nucleus pulposus,138,T1ax|T2ax,none,-0.22585245734777135,0.011933110570601441
Herniation of nucleus pulposus,138,T1ax|T2ax,FLAIRax,-0.009934308912534514,0.009096756264088724
Herniation of nucleus pulposus,138,T1ax|T2ax,FLAIRsag,-0.006267926724554118,0.004257119619563216
Herniation of nucleus pulposus,138,T1ax|T2ax,SWIax,-0.008799134558418556,0.004630475742326845
Herniation of nucleus pulposus,138,T1ax|T2ax,FLAIRax+FLAIRsag,-0.00545794543751003,0.004700491444841691
Herniation of nucleus pulposus,138,T1ax|T2ax,FLAIRax+SWIax,-0.012020007464303132,0.00487585691091465
Herniation of nucleus pulposus,138,T1ax|T2ax,FLAIRsag+SWIax,-0.006425303465681043,0.0031659103673104655
Herniation of nucleus pulposus,138,T1ax|T2ax,FLAIRax+FLAIRsag+SWIax,-0.008443405705755191,0.0031336570789903175
Herniation of nucleus pulposus,138,T1ax|FLAIRax,none,-0.20754938576092832,0.004467641865995036
Herniation of nucleus pulposus,138,T1ax|FLAIRax,T2ax,0.008368762674308491,0.008737665049976015
Herniation of nucleus pulposus,138,T1ax|FLAIRax,FLAIRsag,0.004149212985799622,0.003174342154985102
Herniation of nucleus pulposus,138,T1ax|FLAIRax,SWIax,0.005708364978324794,0.009669232609365
Herniation of nucleus pulposus,138,T1ax|FLAIRax,T2ax+FLAIRsag,0.00495919427284371,0.0032621326262707324
Herniation of nucleus pulposus,138,T1ax|FLAIRax,T2ax+SWIax,0.002487492072440219,0.0021643166620179703
Herniation of nucleus pulposus,138,T1ax|FLAIRax,FLAIRsag+SWIax,0.013028732347314572,0.0019775462973883784
Herniation of nucleus pulposus,138,T1ax|FLAIRax,T2ax+FLAIRsag+SWIax,0.011010630107240424,0.0018801663636215725
Herniation of nucleus pulposus,138,T1ax|FLAIRsag,none,-0.2225767766215938,0.005763627695312354
Herniation of nucleus pulposus,138,T1ax|FLAIRsag,T2ax,-0.0029922459983765894,0.016107773809406936
Herniation of nucleus pulposus,138,T1ax|FLAIRsag,FLAIRax,-0.010878177874865854,0.006527511337584736
Herniation of nucleus pulposus,138,T1ax|FLAIRsag,SWIax,-0.007063162098043326,0.0060353470204971916
Herniation of nucleus pulposus,138,T1ax|FLAIRsag,T2ax+FLAIRax,-0.00640181439984137,0.004249829342921789
Herniation of nucleus pulposus,138,T1ax|FLAIRsag,T2ax+SWIax,-0.004689331005305812,0.0017834311269916778
Herniation of nucleus pulposus,138,T1ax|FLAIRsag,FLAIRax+SWIax,0.00025720527094645157,0.002990140774313833
Herniation of nucleus pulposus,138,T1ax|FLAIRsag,T2ax+FLAIRax+SWIax,0.0038338070294943924,0.0012520121757113461
Herniation of nucleus pulposus,138,T1ax|SWIax,none,-0.21863726879582004,0.011297303302652512
Herniation of nucleus pulposus,138,T1ax|SWIax,T2ax,-0.001583946006467274,0.014086278750338537
Herniation of nucleus pulposus,138,T1ax|SWIax,FLAIRax,-0.005379518056566927,0.0033509222653682986
Herniation of nucleus pulposus,138,T1ax|SWIax,FLAIRsag,-0.0031236542722695715,0.0004267475992417122
Herniation of nucleus pulposus,138,T1ax|SWIax,T2ax+FLAIRax,-0.007465216608335545,0.007243575651339483
Herniation of nucleus pulposus,138,T1ax|SWIax,T2ax+FLAIRsag,-0.003281031013396496,0.003035058199085793
Herniation of nucleus pulposus,138,T1ax|SWIax,FLAIRax+FLAIRsag,0.005755865089245378,0.0011623591532425386
Herniation of nucleus pulposus,138,T1ax|SWIax,T2ax+FLAIRax+FLAIRsag,0.0027704048210002163,0.004254598535344853
Herniation of nucleus pulposus,138,T2ax|FLAIRax,none,-0.20320312561169443,0.001959263795389259
Herniation of nucleus pulposus,138,T2ax|FLAIRax,T1ax,0.012715022823542385,0.0025303071773613317
Herniation of nucleus pulposus,138,T2ax|FLAIRax,FLAIRsag,0.004104061781463016,0.004673308365452924
Herniation of nucleus pulposus,138,T2ax|FLAIRax,SWIax,0.004291974308181808,0.005443309654428957
Herniation of nucleus pulposus,138,T2ax|FLAIRax,T1ax+FLAIRsag,0.004914043068507105,0.0039049563156519033
Herniation of nucleus pulposus,138,T2ax|FLAIRax,T1ax+SWIax,0.0010711014022972327,0.004383529201782749
Herniation of nucleus pulposus,138,T2ax|FLAIRax,FLAIRsag+SWIax,-0.001998006039299708,0.0021623714338942237
Herniation of nucleus pulposus,138,T2ax|FLAIRax,T1ax+FLAIRsag+SWIax,-0.004016108279373857,0.002229144601164346
Herniation of nucleus pulposus,138,T2ax|FLAIRsag,none,-0.22214601325305294,0.0087659082084099
Herniation of nucleus pulposus,138,T2ax|FLAIRsag,T1ax,-0.0025614826298357243,0.004790489334408419
Herniation of nucleus pulposus,138,T2ax|FLAIRsag,FLAIRax,-0.014838825859895488,0.005160071984466231
Herniation of nucleus pulposus,138,T2ax|FLAIRsag,SWIax,-0.013265841417486842,0.003617614923393739
Herniation of nucleus pulposus,138,T2ax|FLAIRsag,T1ax+FLAIRax,-0.010362462384871004,0.005791843620256434
Herniation of nucleus pulposus,138,T2ax|FLAIRsag,T1ax+SWIax,-0.010892010324749327,0.0038294586296679107
Herniation of nucleus pulposus,138,T2ax|FLAIRsag,FLAIRax+SWIax,-0.019555821764968357,0.004071763311684462
Herniation of nucleus pulposus,138,T2ax|FLAIRsag,T1ax+FLAIRax+SWIax,-0.01597922000642042,0.0035581820405822927
Herniation of nucleus pulposus,138,T2ax|SWIax,none,-0.18693264118885997,0.009600281370854504
Herniation of nucleus pulposus,138,T2ax|SWIax,T1ax,0.030120681600492822,0.005888644211835427
Herniation of nucleus pulposus,138,T2ax|SWIax,FLAIRax,0.02056245873101629,0.012270793577231006
Herniation of nucleus pulposus,138,T2ax|SWIax,FLAIRsag,0.021947530646706143,0.0034012681070426415
Herniation of nucleus pulposus,138,T2ax|SWIax,T1ax+FLAIRax,0.01847676017924767,0.002809733429619724
Herniation of nucleus pulposus,138,T2ax|SWIax,T1ax+FLAIRsag,0.02179015390557922,0.004834152305049085
Herniation of nucleus pulposus,138,T2ax|SWIax,FLAIRax+FLAIRsag,0.01584546282594342,0.005732619133456361
Herniation of nucleus pulposus,138,T2ax|SWIax,T1ax+FLAIRax+FLAIRsag,0.012860002557698258,0.003014863604522558
Herniation of nucleus pulposus,138,FLAIRax|FLAIRsag,none,-0.19963591947948237,0.004808772207322894
Herniation of nucleus pulposus,138,FLAIRax|FLAIRsag,T1ax,0.01206267926724558,0.005597672147031745
Herniation of nucleus pulposus,138,FLAIRax|FLAIRsag,T2ax,0.00767126791367508,0.006503521247462132
Herniation of nucleus pulposus,138,FLAIRax|FLAIRsag,SWIax,0.0030504466837354047,0.00987400924851772
Herniation of nucleus pulposus,138,FLAIRax|FLAIRsag,T1ax+T2ax,0.0042616995122103,0.005497083842147447
Herniation of nucleus pulposus,138,FLAIRax|FLAIRsag,T1ax+SWIax,0.010370814052725183,0.0024813816451260797
Herniation of nucleus pulposus,138,FLAIRax|FLAIRsag,T2ax+SWIax,-0.0032395336637461116,0.0038552891145165772
Herniation of nucleus pulposus,138,FLAIRax|FLAIRsag,T1ax+T2ax+SWIax,0.005283604371054092,0.004400807150164069
Herniation of nucleus pulposus,138,FLAIRax|SWIax,none,-0.20048792009541785,0.011090399162313963
Herniation of nucleus pulposus,138,FLAIRax|SWIax,T1ax,0.012769830643835264,0.0024096124197389174
Herniation of nucleus pulposus,138,FLAIRax|SWIax,T2ax,0.007007179824458383,0.007871865044054033
Herniation of nucleus pulposus,138,FLAIRax|SWIax,FLAIRsag,0.002198446067799916,0.0037409867417410197
Herniation of nucleus pulposus,138,FLAIRax|SWIax,T1ax+T2ax,0.001125909222590112,0.004707476038441794
Herniation of nucleus pulposus,138,FLAIRax|SWIax,T1ax+FLAIRsag,0.011077965429314865,0.0037378055764898874
Herniation of nucleus pulposus,138,FLAIRax|SWIax,T2ax+FLAIRsag,-0.0039036217529628083,0.0024531865181027924
Herniation of nucleus pulposus,138,FLAIRax|SWIax,T1ax+T2ax+FLAIRsag,0.002147814081433904,0.0009678159366854084
Herniation of nucleus pulposus,138,FLAIRsag|SWIax,none,-0.21640593803584432,0.006891206621823686
Herniation of nucleus pulposus,138,FLAIRsag|SWIax,T1ax,-0.0008923235122938467,0.004676352302662026
Herniation of nucleus pulposus,138,FLAIRsag|SWIax,T2ax,-0.007525766200278228,0.009733618347639228
Herniation of nucleus pulposus,138,FLAIRsag|SWIax,FLAIRax,-0.013719571872626549,0.007833041944579027
Herniation of nucleus pulposus,138,FLAIRsag|SWIax,T1ax+T2ax,-0.00922285120720745,0.004766329576148275
Herniation of nucleus pulposus,138,FLAIRsag|SWIax,T1ax+FLAIRax,-0.002584188726814244,0.007059927216765947
Herniation of nucleus pulposus,138,FLAIRsag|SWIax,T2ax+FLAIRax,-0.01843656777769942,0.004203691651886123
Herniation of nucleus pulposus,138,FLAIRsag|SWIax,T1ax+T2ax+FLAIRax,-0.008200946348363658,0.004652175955431849
Spinal cord compression,74,T1ax|T2ax,none,-0.11840094198716367,0.026609605900776687
Spinal cord compression,74,T1ax|T2ax,FLAIRax,-0.019357430184772206,0.007126555509932898
Spinal cord compression,74,T1ax|T2ax,FLAIRsag,0.005995210791862715,0.0074239887782229915
Spinal cord compression,74,T1ax|T2ax,SWIax,-0.03266986269454349,0.01072922769330599
Spinal cord compression,74,T1ax|T2ax,FLAIRax+FLAIRsag,0.0005916421840877669,0.0038038318710587526
Spinal cord compression,74,T1ax|T2ax,FLAIRax+SWIax,-0.011644330240746218,0.005425880111185108
Spinal cord compression,74,T1ax|T2ax,FLAIRsag+SWIax,0.005862526331460745,0.0035175394318164768
Spinal cord compression,74,T1ax|T2ax,FLAIRax+FLAIRsag+SWIax,-0.0036448348767266956,0.008263778798621377
Spinal cord compression,74,T1ax|FLAIRax,none,-0.08902088052211458,0.010639154292201932
Spinal cord compression,74,T1ax|FLAIRax,T2ax,0.01002263128027688,0.02173349368227295
Spinal cord compression,74,T1ax|FLAIRax,FLAIRsag,0.012113197004279744,0.015187168006561592
Spinal cord compression,74,T1ax|FLAIRax,SWIax,-0.015819419591283523,0.013769960506155003
Spinal cord compression,74,T1ax|FLAIRax,T2ax+FLAIRsag,0.0067096283965047965,0.011881410619429749
Spinal cord compression,74,T1ax|FLAIRax,T2ax+SWIax,0.005206112862513749,0.005876769689138198
Spinal cord compression,74,T1ax|FLAIRax,FLAIRsag+SWIax,0.014025158327122034,0.010066529987315465
Spinal cord compression,74,T1ax|FLAIRax,T2ax+FLAIRsag+SWIax,0.004517797118934593,0.005295826858609606
Spinal cord compression,74,T1ax|FLAIRsag,none,-0.13184267538275476,0.00962542941131252
Spinal cord compression,74,T1ax|FLAIRsag,T2ax,-0.007446522603728393,0.02833834036620358
Spinal cord compression,74,T1ax|FLAIRsag,FLAIRax,-0.03070859785636045,0.0036781390812242612
Spinal cord compression,74,T1ax|FLAIRsag,SWIax,-0.04335035754715977,0.014317662899969337
Spinal cord compression,74,T1ax|FLAIRsag,T2ax+FLAIRax,-0.010759525487500476,0.008491853677183444
Spinal cord compression,74,T1ax|FLAIRsag,T2ax+SWIax,-0.004817968521155532,0.009901868124151305
Spinal cord compression,74,T1ax|FLAIRsag,FLAIRax+SWIax,-0.013505779628754211,0.004961606698238772
Spinal cord compression,74,T1ax|FLAIRsag,T2ax+FLAIRax+SWIax,-0.005506284264734688,0.0075018419536114185
Spinal cord compression,74,T1ax|SWIax,none,-0.08945301133304136,0.009669496856207986
Spinal cord compression,74,T1ax|SWIax,T2ax,-0.0037219320404211866,0.020156723498091108
Spinal cord compression,74,T1ax|SWIax,FLAIRax,-0.016251550402210307,0.006507250023112292
Spinal cord compression,74,T1ax|SWIax,FLAIRsag,-0.0009606934974463558,0.005217601410494788
Spinal cord compression,74,T1ax|SWIax,T2ax+FLAIRax,-0.008538450458184318,0.007678604418607497
Spinal cord compression,74,T1ax|SWIax,T2ax+FLAIRsag,-0.0010933779578483256,0.004800429280279229
Spinal cord compression,74,T1ax|SWIax,FLAIRax+FLAIRsag,0.0009512678253959331,0.005268569977863119
Spinal cord compression,74,T1ax|SWIax,T2ax+FLAIRax+FLAIRsag,-0.003285209235418529,0.006589887638308506
Spinal cord compression,74,T2ax|FLAIRax,none,-0.08895876776014129,0.021379567608899253
Spinal cord compression,74,T2ax|FLAIRax,T1ax,0.010084744042250163,0.004861034067067817
Spinal cord compression,74,T2ax|FLAIRax,FLAIRsag,0.010323044366396639,0.002439757288084941
Spinal cord compression,74,T2ax|FLAIRax,SWIax,-0.022634663851532566,0.014298064598993451
Spinal cord compression,74,T2ax|FLAIRax,T1ax+FLAIRsag,0.00491947575862169,0.0059831556211826
Spinal cord compression,74,T2ax|FLAIRax,T1ax+SWIax,-0.0016091313977352935,0.0032997345296926933
Spinal cord compression,74,T2ax|FLAIRax,FLAIRsag+SWIax,0.011782815114717607,0.014679340356195041
Spinal cord compression,74,T2ax|FLAIRax,T1ax+FLAIRsag+SWIax,0.002275453906530167,0.004117901318997567
Spinal cord compression,74,T2ax|FLAIRsag,none,-0.11336376616986117,0.029141650966045044
Spinal cord compression,74,T2ax|FLAIRsag,T1ax,0.011032386609165204,0.010485810383145017
Spinal cord compression,74,T2ax|FLAIRsag,FLAIRax,-0.014081954043323242,0.009016558908177102
Spinal cord compression,74,T2ax|FLAIRsag,SWIax,-0.038914249585995465,0.003943647333633633
Spinal cord compression,74,T2ax|FLAIRsag,T1ax+FLAIRax,0.005867118325536731,0.005858519911454427
Spinal cord compression,74,T2ax|FLAIRsag,T1ax+SWIax,-0.0003818605599912317,0.007602430700117186
Spinal cord compression,74,T2ax|FLAIRsag,FLAIRax+SWIax,-0.004496770619745294,0.008609999302417647
Spinal cord compression,74,T2ax|FLAIRsag,T1ax+FLAIRax+SWIax,0.003502724744274229,0.007472541658342872
Spinal cord compression,74,T2ax|SWIax,none,-0.06584387800183482,0.03280394784193744
Spinal cord compression,74,T2ax|SWIax,T1ax,0.01988720129078536,0.004029599042701962
Spinal cord compression,74,T2ax|SWIax,FLAIRax,0.000480225906773916,0.010904228506912812
Spinal cord compression,74,T2ax|SWIax,FLAIRsag,0.008605638582030894,0.00794112421469043
Spinal cord compression,74,T2ax|SWIax,T1ax+FLAIRax,0.008193325850799904,0.0033961524816700467
Spinal cord compression,74,T2ax|SWIax,T1ax+FLAIRsag,0.008472954121628925,0.009052778955397984
Spinal cord compression,74,T2ax|SWIax,FLAIRax+FLAIRsag,0.010065409330351863,0.009563105260979315
Spinal cord compression,74,T2ax|SWIax,T1ax+FLAIRax+FLAIRsag,0.005828932269537401,0.0018721477215620994
Spinal cord compression,74,FLAIRax|FLAIRsag,none,-0.10531327550321012,0.008627253088249177
Spinal cord compression,74,FLAIRax|FLAIRsag,T1ax,-0.0041791979768158,0.00304603028173234
Spinal cord compression,74,FLAIRax|FLAIRsag,T2ax,-0.00603146337667219,0.02821591941822658
Spinal cord compression,74,FLAIRax|FLAIRsag,SWIax,-0.04776640574472953,0.016845100961166294
Spinal cord compression,74,FLAIRax|FLAIRsag,T1ax+T2ax,-0.009344466260444273,0.008324907493114752
Spinal cord compression,74,FLAIRax|FLAIRsag,T1ax+SWIax,-0.017921827826323972,0.009978518869468858
Spinal cord compression,74,FLAIRax|FLAIRsag,T2ax+SWIax,-0.013348926778479356,0.00760299603308075
Spinal cord compression,74,FLAIRax|FLAIRsag,T1ax+T2ax+SWIax,-0.014037242522058513,0.004855558028855436
Spinal cord compression,74,FLAIRax|SWIax,none,-0.06256253570879615,0.010223631149163496
Spinal cord compression,74,FLAIRax|SWIax,T1ax,0.010638925222034912,0.008202761406676041
Spinal cord compression,74,FLAIRax|SWIax,T2ax,0.003761568199812585,0.01887360703417999
Spinal cord compression,74,FLAIRax|SWIax,FLAIRsag,-0.005015665950315551,0.00226781909635364
Spinal cord compression,74,FLAIRax|SWIax,T1ax+T2ax,-0.0010549502179505454,0.007637897222412515
Spinal cord compression,74,FLAIRax|SWIax,T1ax+FLAIRsag,-0.003103704627473262,0.005250128331177459
Spinal cord compression,74,FLAIRax|SWIax,T2ax+FLAIRsag,-0.003555895201994582,0.017628828804979693
Spinal cord compression,74,FLAIRax|SWIax,T1ax+T2ax+FLAIRsag,-0.005747726479564785,0.00849834888732785
Spinal cord compression,74,FLAIRsag|SWIax,none,-0.0820284819640974,0.005407999784676355
Spinal cord compression,74,FLAIRsag|SWIax,T1ax,0.006463835871497607,0.01235843225236127
Spinal cord compression,74,FLAIRsag|SWIax,T2ax,-0.007578965380231691,0.02842560530160786
Spinal cord compression,74,FLAIRsag|SWIax,FLAIRax,-0.024481612205616805,0.007717317520676224
Spinal cord compression,74,FLAIRsag|SWIax,T1ax+T2ax,-0.00495041129765883,0.011801526867736044
Spinal cord compression,74,FLAIRsag|SWIax,T1ax+FLAIRax,-0.007278793978010567,0.008606180648361567
Spinal cord compression,74,FLAIRsag|SWIax,T2ax+FLAIRax,-0.014896428782038859,0.0070170182592426585
Spinal cord compression,74,FLAIRsag|SWIax,T1ax+T2ax+FLAIRax,-0.00964318755927307,0.007053430871556547
Lacunar infarct,213,T1ax|T2ax,none,-0.28029208901435726,0.0012919033661321702
Lacunar infarct,213,T1ax|T2ax,FLAIRax,0.009710672653690225,0.005398830905641739
Lacunar infarct,213,T1ax|T2ax,FLAIRsag,0.01707273415365107,0.002117897401621014
Lacunar infarct,213,T1ax|T2ax,SWIax,0.005683240084418413,0.00743848156722825
Lacunar infarct,213,T1ax|T2ax,FLAIRax+FLAIRsag,0.01339997136047951,0.0036447240815512365
Lacunar infarct,213,T1ax|T2ax,FLAIRax+SWIax,0.007647860048209758,0.003517865187810905
Lacunar infarct,213,T1ax|T2ax,FLAIRsag+SWIax,0.002897279586499694,0.00247488114850621
Lacunar infarct,213,T1ax|T2ax,FLAIRax+FLAIRsag+SWIax,0.0037577437513000023,0.002177767703308772
Lacunar infarct,213,T1ax|FLAIRax,none,-0.29098835326166633,0.004886818712838246
Lacunar infarct,213,T1ax|FLAIRax,T2ax,-0.0009855915936188102,0.005556141389773804
Lacunar infarct,213,T1ax|FLAIRax,FLAIRsag,0.007418658647600977,0.005440568729631783
Lacunar infarct,213,T1ax|FLAIRax,SWIax,-0.01690635217745584,0.007112182763335563
Lacunar infarct,213,T1ax|FLAIRax,T2ax+FLAIRsag,0.003745895854429415,0.0031333521635234923
Lacunar infarct,213,T1ax|FLAIRax,T2ax+SWIax,-0.014941732213664497,0.005056647650963633
Lacunar infarct,213,T1ax|FLAIRax,FLAIRsag+SWIax,-0.011364860672142449,0.003799057768811286
Lacunar infarct,213,T1ax|FLAIRax,T2ax+FLAIRsag+SWIax,-0.01050439650734214,0.002238453405597591
Lacunar infarct,213,T1ax|FLAIRsag,none,-0.3073548163831695,0.004905526476774312
Lacunar infarct,213,T1ax|FLAIRsag,T2ax,-0.009989993215161178,0.0021726661750549226
Lacunar infarct,213,T1ax|FLAIRsag,FLAIRax,-0.008947804473902235,0.00456261280682306
Lacunar infarct,213,T1ax|FLAIRsag,SWIax,-0.0033267871572206418,0.0024516641776407503
Lacunar infarct,213,T1ax|FLAIRsag,T2ax+FLAIRax,-0.005258505767112953,0.0029215566213646265
Lacunar infarct,213,T1ax|FLAIRsag,T2ax+SWIax,-0.006112747655139361,0.0049109445403920675
Lacunar infarct,213,T1ax|FLAIRsag,FLAIRax+SWIax,0.0022147043480927517,0.0030938566998605036
Lacunar infarct,213,T1ax|FLAIRsag,T2ax+FLAIRax+SWIax,-0.0016754119488170034,0.001335885467444233
Lacunar infarct,213,T1ax|SWIax,none,-0.2799831060923761,0.0020901457370706028
Lacunar infarct,213,T1ax|SWIax,T2ax,0.005992223006399604,0.006791999047505419
Lacunar infarct,213,T1ax|SWIax,FLAIRax,-0.005901105008165615,0.009479807025002292
Lacunar infarct,213,T1ax|SWIax,FLAIRsag,0.024044923133572798,0.004517588494574658
Lacunar infarct,213,T1ax|SWIax,T2ax+FLAIRax,-0.007963917613646085,0.007794771184390936
Lacunar infarct,213,T1ax|SWIax,T2ax+FLAIRsag,0.009869468566421421,0.004703994912510294
Lacunar infarct,213,T1ax|SWIax,FLAIRax+FLAIRsag,0.005261403813829372,0.0038614899382851467
Lacunar infarct,213,T1ax|SWIax,T2ax+FLAIRax+FLAIRsag,-0.0043808237953501345,0.0036792935793078536
Lacunar infarct,213,T2ax|FLAIRax,none,-0.30399529834538586,0.004954379860712556
Lacunar infarct,213,T2ax|FLAIRax,T1ax,-0.013992536677338352,0.004059514198856182
Lacunar infarct,213,T2ax|FLAIRax,FLAIRsag,-0.0008289265975908918,0.0026276769701497654
Lacunar infarct,213,T2ax|FLAIRax,SWIax,-0.009522640563789339,0.015288121055768484
Lacunar infarct,213,T2ax|FLAIRax,T1ax+FLAIRsag,-0.004501689390762453,0.001559121673167405
Lacunar infarct,213,T2ax|FLAIRax,T1ax+SWIax,-0.007558020599997994,0.005972156781751234
Lacunar infarct,213,T2ax|FLAIRax,FLAIRsag+SWIax,0.00255854906734021,0.005996622502272378
Lacunar infarct,213,T2ax|FLAIRax,T1ax+FLAIRsag+SWIax,0.0034190132321405184,0.0033749681433811792
Lacunar infarct,213,T2ax|FLAIRsag,none,-0.3060568324008442,0.004436750170091897
Lacunar infarct,213,T2ax|FLAIRsag,T1ax,-0.008692009232835826,0.001350653600069322
Lacunar infarct,213,T2ax|FLAIRsag,FLAIRax,-0.0028904606530492094,0.006769859018426337
Lacunar infarct,213,T2ax|FLAIRsag,SWIax,-0.01115108710846524,0.010830367169969593
Lacunar infarct,213,T2ax|FLAIRsag,T1ax+FLAIRax,0.0007988380537400733,0.004588569666041561
Lacunar infarct,213,T2ax|FLAIRsag,T1ax+SWIax,-0.01393704760638396,0.005036004915904914
Lacunar infarct,213,T2ax|FLAIRsag,FLAIRax+SWIax,0.0009301025226643075,0.0017482979375810378
Lacunar infarct,213,T2ax|FLAIRsag,T1ax+FLAIRax+SWIax,-0.0029600137742454478,0.002685715138729394
Lacunar infarct,213,T2ax|SWIax,none,-0.2984129784760366,0.013329234425040488
Lacunar infarct,213,T2ax|SWIax,T1ax,-0.012437649377260884,0.0070209166865291784
Lacunar infarct,213,T2ax|SWIax,FLAIRax,-0.003940320694440058,0.005802421792940016
Lacunar infarct,213,T2ax|SWIax,FLAIRsag,-0.003507233183657643,0.006651460608346637
Lacunar infarct,213,T2ax|SWIax,T1ax+FLAIRax,-0.006003133299920527,0.002799531637039499
Lacunar infarct,213,T2ax|SWIax,T1ax+FLAIRsag,-0.017682687750809018,0.005012266119813528
Lacunar infarct,213,T2ax|SWIax,FLAIRax+FLAIRsag,-0.00011975751872654132,0.0008737205943863787
Lacunar infarct,213,T2ax|SWIax,T1ax+FLAIRax+FLAIRsag,-0.009761985127906048,0.003179596954990026
Lacunar infarct,213,FLAIRax|FLAIRsag,none,-0.31041523895247547,0.002318027765435497
Lacunar infarct,213,FLAIRax|FLAIRsag,T1ax,-0.012008227043208178,0.0031125695409591207
Lacunar infarct,213,FLAIRax|FLAIRsag,T2ax,-0.007248867204680505,0.0006517136895852146
Lacunar infarct,213,FLAIRax|FLAIRsag,SWIax,-0.021666649619332918,0.007149675788980304
Lacunar infarct,213,FLAIRax|FLAIRsag,T1ax+T2ax,-0.00251737975663228,0.002683256337322246
Lacunar infarct,213,FLAIRax|FLAIRsag,T1ax+SWIax,-0.016125158114019527,0.0041230727963582625
Lacunar infarct,213,FLAIRax|FLAIRsag,T2ax+SWIax,-0.00958545998820337,0.004043793322090878
Lacunar infarct,213,FLAIRax|FLAIRsag,T1ax+T2ax+SWIax,-0.005148124281881013,0.001638546202498659
Lacunar infarct,213,FLAIRax|SWIax,none,-0.26730798735769745,0.02083302922499557
Lacunar infarct,213,FLAIRax|SWIax,T1ax,0.006774013726513021,0.009558766760947407
Lacunar infarct,213,FLAIRax|SWIax,T2ax,0.027164670423899067,0.004724425150953204
Lacunar infarct,213,FLAIRax|SWIax,FLAIRsag,0.0214406019754451,0.011511601786355
Lacunar infarct,213,FLAIRax|SWIax,T1ax+T2ax,0.013208529803853378,0.0014515161865279486
Lacunar infarct,213,FLAIRax|SWIax,T1ax+FLAIRsag,0.002657082655701674,0.004124574411318719
Lacunar infarct,213,FLAIRax|SWIax,T2ax+FLAIRsag,0.0248280776403762,0.004015523338477275
Lacunar infarct,213,FLAIRax|SWIax,T1ax+T2ax+FLAIRsag,0.010577785278604646,0.001848683359727783
Lacunar infarct,213,FLAIRsag|SWIax,none,-0.28622225972635623,0.004647520366986357
Lacunar infarct,213,FLAIRsag|SWIax,T1ax,0.017805769499592634,0.005902634422316328
Lacunar infarct,213,FLAIRsag|SWIax,T2ax,0.008683485566022683,0.00347980692695746
Lacunar infarct,213,FLAIRsag|SWIax,FLAIRax,0.0025263296067863004,0.0063802120657167624
Lacunar infarct,213,FLAIRsag|SWIax,T1ax+T2ax,0.0125607311260445,0.0029610790629924603
Lacunar infarct,213,FLAIRsag|SWIax,T1ax+FLAIRax,0.013688838428781288,0.0048116573554628315
Lacunar infarct,213,FLAIRsag|SWIax,T2ax+FLAIRax,0.006346892782499817,0.0012951903034061868
Lacunar infarct,213,FLAIRsag|SWIax,T1ax+T2ax+FLAIRax,0.009929986600795767,0.0033887210576692994
Silent micro-hemorrhage of brain,195,T1ax|T2ax,none,-0.2277501798049744,0.00383599028624754
Silent micro-hemorrhage of brain,195,T1ax|T2ax,FLAIRax,-0.020162224043502614,0.011461142427081543
Silent micro-hemorrhage of brain,195,T1ax|T2ax,FLAIRsag,-0.0054398670837026986,0.0048662704042370395
Silent micro-hemorrhage of brain,195,T1ax|T2ax,SWIax,0.012669885500935766,0.006062783046357774
Silent micro-hemorrhage of brain,195,T1ax|T2ax,FLAIRax+FLAIRsag,-0.0036207239403586535,0.004591101247233983
Silent micro-hemorrhage of brain,195,T1ax|T2ax,FLAIRax+SWIax,-0.008756269943484477,0.003125850070087684
Silent micro-hemorrhage of brain,195,T1ax|T2ax,FLAIRsag+SWIax,-0.0003860928518463573,0.0011986344139568621
Silent micro-hemorrhage of brain,195,T1ax|T2ax,FLAIRax+FLAIRsag+SWIax,-0.008373986912799744,0.0022611280034347367
Silent micro-hemorrhage of brain,195,T1ax|FLAIRax,none,-0.19828046974165695,0.006015441410577955
Silent micro-hemorrhage of brain,195,T1ax|FLAIRax,T2ax,0.009307486019814829,0.003674647992396191
Silent micro-hemorrhage of brain,195,T1ax|FLAIRax,FLAIRsag,0.006821438328287595,0.0013896689109582272
Silent micro-hemorrhage of brain,195,T1ax|FLAIRax,SWIax,0.011262388887959681,0.004600376907447943
Silent micro-hemorrhage of brain,195,T1ax|FLAIRax,T2ax+FLAIRsag,0.00864058147163164,0.002611187954826904
Silent micro-hemorrhage of brain,195,T1ax|FLAIRax,T2ax+SWIax,-0.010163766556460563,0.003334873216411028
Silent micro-hemorrhage of brain,195,T1ax|FLAIRax,FLAIRsag+SWIax,0.004781790169917939,0.0011823580647653087
Silent micro-hemorrhage of brain,195,T1ax|FLAIRax,T2ax+FLAIRsag+SWIax,-0.0032061038910354465,0.0017346609458817283
Silent micro-hemorrhage of brain,195,T1ax|FLAIRsag,none,-0.21629395465011902,0.0012969978255659425
Silent micro-hemorrhage of brain,195,T1ax|FLAIRsag,T2ax,0.006016358071152676,0.0067990491830684395
Silent micro-hemorrhage of brain,195,T1ax|FLAIRsag,FLAIRax,-0.011192046580174475,0.008645987269735297
Silent micro-hemorrhage of brain,195,T1ax|FLAIRsag,SWIax,0.012137439763010627,0.008654107528309547
Silent micro-hemorrhage of brain,195,T1ax|FLAIRsag,T2ax+FLAIRax,0.005349453522969487,0.0031935816665031496
Silent micro-hemorrhage of brain,195,T1ax|FLAIRsag,T2ax+SWIax,-0.0009185385897714967,0.005697632118346777
Silent micro-hemorrhage of brain,195,T1ax|FLAIRsag,FLAIRax+SWIax,0.0056568410449688855,0.003949888102695267
Silent micro-hemorrhage of brain,195,T1ax|FLAIRsag,T2ax+FLAIRax+SWIax,0.0060391240756536195,0.004010619740142158
Silent micro-hemorrhage of brain,195,T1ax|SWIax,none,-0.22805450088555115,0.007942794911348295
Silent micro-hemorrhage of brain,195,T1ax|SWIax,T2ax,0.012365564420359002,0.006130951303838457
Silent micro-hemorrhage of brain,195,T1ax|SWIax,FLAIRax,-0.01851164225593453,0.008507063930942336
Silent micro-hemorrhage of brain,195,T1ax|SWIax,FLAIRsag,0.00037689352757848865,0.002649937997214901
Silent micro-hemorrhage of brain,195,T1ax|SWIax,T2ax+FLAIRax,-0.00710568815591639,0.0023423468885090584
Silent micro-hemorrhage of brain,195,T1ax|SWIax,T2ax+FLAIRsag,0.00543066775943483,0.0016228216951078346
Silent micro-hemorrhage of brain,195,T1ax|SWIax,FLAIRax+FLAIRsag,-0.0016627546307911671,0.0017961161804103717
Silent micro-hemorrhage of brain,195,T1ax|SWIax,T2ax+FLAIRax+FLAIRsag,-0.006416017603232256,0.003480507521941745
Silent micro-hemorrhage of brain,195,T2ax|FLAIRax,none,-0.21792966884291087,0.011581557894705849
Silent micro-hemorrhage of brain,195,T2ax|FLAIRax,T1ax,-0.010341713081439089,0.0020210279951739865
Silent micro-hemorrhage of brain,195,T2ax|FLAIRax,FLAIRsag,-0.00019309288715670578,0.0028779666337294695
Silent micro-hemorrhage of brain,195,T2ax|FLAIRax,SWIax,0.023912760670751432,0.0034231863341200254
Silent micro-hemorrhage of brain,195,T2ax|FLAIRax,T1ax+FLAIRsag,0.0016260502561873391,0.0032014454918885093
Silent micro-hemorrhage of brain,195,T2ax|FLAIRax,T1ax+SWIax,0.002486605226331188,0.0038627578525896236
Silent micro-hemorrhage of brain,195,T2ax|FLAIRax,FLAIRsag+SWIax,0.016417355686762097,0.004185496251048341
Silent micro-hemorrhage of brain,195,T2ax|FLAIRax,T1ax+FLAIRsag+SWIax,0.00842946162580871,0.004437186465874384
Silent micro-hemorrhage of brain,195,T2ax|FLAIRsag,none,-0.23539509703893277,0.008373755329337403
Silent micro-hemorrhage of brain,195,T2ax|FLAIRsag,T1ax,-0.013084784317661061,0.006558264659945854
Silent micro-hemorrhage of brain,195,T2ax|FLAIRsag,FLAIRax,-0.017658521083178596,0.006305203559247729
Silent micro-hemorrhage of brain,195,T2ax|FLAIRsag,SWIax,0.005649871859917536,0.0027343231445091706
Silent micro-hemorrhage of brain,195,T2ax|FLAIRsag,T1ax+FLAIRax,-0.0011170209800346331,0.002963924735899677
Silent micro-hemorrhage of brain,195,T2ax|FLAIRsag,T1ax+SWIax,-0.007406106492864588,0.005695586274021215
Silent micro-hemorrhage of brain,195,T2ax|FLAIRsag,FLAIRax+SWIax,-0.0018455331240718003,0.0017620534494554526
Silent micro-hemorrhage of brain,195,T2ax|FLAIRsag,T1ax+FLAIRax+SWIax,-0.0014632500933870658,0.002422498614895126
Silent micro-hemorrhage of brain,195,T2ax|SWIax,none,-0.2634087120388491,0.008045313470737999
Silent micro-hemorrhage of brain,195,T2ax|SWIax,T1ax,-0.022988646732938916,0.0053963753480045775
Silent micro-hemorrhage of brain,195,T2ax|SWIax,FLAIRax,-0.021566282525186775,0.007386888433431301
Silent micro-hemorrhage of brain,195,T2ax|SWIax,FLAIRsag,-0.022363743139998782,0.0014995501932934642
Silent micro-hemorrhage of brain,195,T2ax|SWIax,T1ax+FLAIRax,-0.010160328425168638,0.0012164903991344366
Silent micro-hemorrhage of brain,195,T2ax|SWIax,T1ax+FLAIRsag,-0.01730996890814244,0.004294067491017666
Silent micro-hemorrhage of brain,195,T2ax|SWIax,FLAIRax+FLAIRsag,-0.005753294566079981,0.0013858442512857919
Silent micro-hemorrhage of brain,195,T2ax|SWIax,T1ax+FLAIRax+FLAIRsag,-0.01050655753852107,0.002927584768711729
Silent micro-hemorrhage of brain,195,FLAIRax|FLAIRsag,none,-0.22455327523820678,0.010860571785340493
Silent micro-hemorrhage of brain,195,FLAIRax|FLAIRsag,T1ax,-0.019451367168262235,0.005265184670699423
Silent micro-hemorrhage of brain,195,FLAIRax|FLAIRsag,T2ax,-0.006816699282452617,0.008830747107342905
Silent micro-hemorrhage of brain,195,FLAIRax|FLAIRsag,SWIax,-0.006603349297413279,0.005973869544283327
Silent micro-hemorrhage of brain,195,FLAIRax|FLAIRsag,T1ax+T2ax,-0.007483603830635806,0.005224143967427947
Silent micro-hemorrhage of brain,195,FLAIRax|FLAIRsag,T1ax+SWIax,-0.013083948015455019,0.003933415359564418
Silent micro-hemorrhage of brain,195,FLAIRax|FLAIRsag,T2ax+SWIax,-0.014098754281402615,0.004944576039485535
Silent micro-hemorrhage of brain,195,FLAIRax|FLAIRsag,T1ax+T2ax+SWIax,-0.007141091615977498,0.003374254567562017
Silent micro-hemorrhage of brain,195,FLAIRax|SWIax,none,-0.2165997624901734,0.008791809313376815
Silent micro-hemorrhage of brain,195,FLAIRax|SWIax,T1ax,-0.0070569038605567585,0.004457727645776528
Silent micro-hemorrhage of brain,195,FLAIRax|SWIax,T2ax,0.025242667023488912,0.006049573228586558
Silent micro-hemorrhage of brain,195,FLAIRax|SWIax,FLAIRsag,0.0013501634506201121,0.0038433135255931225
Silent micro-hemorrhage of brain,195,FLAIRax|SWIax,T1ax+T2ax,0.005771414447213519,0.0012244395462194292
Silent micro-hemorrhage of brain,195,FLAIRax|SWIax,T1ax+FLAIRsag,-0.0006894847077495436,0.005901120321389739
Silent micro-hemorrhage of brain,195,FLAIRax|SWIax,T2ax+FLAIRsag,0.017960612024538913,0.002838500731786869
Silent micro-hemorrhage of brain,195,FLAIRax|SWIax,T1ax+T2ax+FLAIRsag,0.006113926661871827,0.0045282980965730465
Silent micro-hemorrhage of brain,195,FLAIRsag|SWIax,none,-0.24571525210794623,0.001024098769840725
Silent micro-hemorrhage of brain,195,FLAIRsag|SWIax,T1ax,-0.01728385769481659,0.007985970284064853
Silent micro-hemorrhage of brain,195,FLAIRsag|SWIax,T2ax,-0.004670283209095942,0.007570021080817479
Silent micro-hemorrhage of brain,195,FLAIRsag|SWIax,FLAIRax,-0.027765326167152733,0.006194483084681927
Silent micro-hemorrhage of brain,195,FLAIRsag|SWIax,T1ax+T2ax,-0.011605179870020113,0.002678289151508715
Silent micro-hemorrhage of brain,195,FLAIRsag|SWIax,T1ax+FLAIRax,-0.010916438542009374,0.0038721657761964785
Silent micro-hemorrhage of brain,195,FLAIRsag|SWIax,T2ax+FLAIRax,-0.01195233820804594,0.0010750515941921916
Silent micro-hemorrhage of brain,195,FLAIRsag|SWIax,T1ax+T2ax+FLAIRax,-0.011262667655361805,0.004133060978533785
Cavernous hemangioma,78,T1ax|T2ax,none,0.023595799441210135,0.01902752518577488
Cavernous hemangioma,78,T1ax|T2ax,FLAIRax,0.002221855200921219,0.006434104579886517
Cavernous hemangioma,78,T1ax|T2ax,FLAIRsag,0.04681540204889637,0.0025641661181195095
Cavernous hemangioma,78,T1ax|T2ax,SWIax,0.014958870675456684,0.010650418892053024
Cavernous hemangioma,78,T1ax|T2ax,FLAIRax+FLAIRsag,0.01608447912795739,0.002948020690747375
Cavernous hemangioma,78,T1ax|T2ax,FLAIRax+SWIax,0.023110413770639233,0.005083390154555977
Cavernous hemangioma,78,T1ax|T2ax,FLAIRsag+SWIax,0.01833661358621112,0.007690588182248058
Cavernous hemangioma,78,T1ax|T2ax,FLAIRax+FLAIRsag+SWIax,0.016798794335026217,0.004721468940123119
Cavernous hemangioma,78,T1ax|FLAIRax,none,-0.011321689582559155,0.009941625379368796
Cavernous hemangioma,78,T1ax|FLAIRax,T2ax,-0.03269563382284807,0.009553081882543092
Cavernous hemangioma,78,T1ax|FLAIRax,FLAIRsag,0.03945570741061877,0.0029479273215455874
Cavernous hemangioma,78,T1ax|FLAIRax,SWIax,0.027361896766083433,0.010848457478906207
Cavernous hemangioma,78,T1ax|FLAIRax,T2ax+FLAIRsag,0.008724784489679782,0.0037395389505130387
Cavernous hemangioma,78,T1ax|FLAIRax,T2ax+SWIax,0.03551343986126598,0.005075615765552092
Cavernous hemangioma,78,T1ax|FLAIRax,FLAIRsag+SWIax,0.01073193222951685,0.003552004915543486
Cavernous hemangioma,78,T1ax|FLAIRax,T2ax+FLAIRsag+SWIax,0.009194112978331948,0.006102503748414623
Cavernous hemangioma,78,T1ax|FLAIRsag,none,-0.09344935794211147,0.008475570830531557
Cavernous hemangioma,78,T1ax|FLAIRsag,T2ax,-0.07022975533442523,0.012372679668411263
Cavernous hemangioma,78,T1ax|FLAIRsag,FLAIRax,-0.04267196094893352,0.009051397326351102
Cavernous hemangioma,78,T1ax|FLAIRsag,SWIax,0.025195782925251375,0.009027245238011237
Cavernous hemangioma,78,T1ax|FLAIRsag,T2ax+FLAIRax,-0.0288093370218974,0.009640638238923594
Cavernous hemangioma,78,T1ax|FLAIRsag,T2ax+SWIax,0.02857352583600581,0.0098417484713508
Cavernous hemangioma,78,T1ax|FLAIRsag,FLAIRax+SWIax,0.00856581838868479,0.0016785696041644279
Cavernous hemangioma,78,T1ax|FLAIRsag,T2ax+FLAIRax+SWIax,0.002254198953071773,0.0022153356827400755
Cavernous hemangioma,78,T1ax|SWIax,none,-0.09255657862743194,0.005552678117653312
Cavernous hemangioma,78,T1ax|SWIax,T2ax,-0.10119350739318539,0.012234593945446294
Cavernous hemangioma,78,T1ax|SWIax,FLAIRax,-0.053872992278789354,0.010415545294048756
Cavernous hemangioma,78,T1ax|SWIax,FLAIRsag,0.026088562239930908,0.006173540860947438
Cavernous hemangioma,78,T1ax|SWIax,T2ax+FLAIRax,-0.03298443370907134,0.01088379951714015
Cavernous hemangioma,78,T1ax|SWIax,T2ax+FLAIRsag,-0.002390226222754347,0.007716190542611265
Cavernous hemangioma,78,T1ax|SWIax,FLAIRax+FLAIRsag,-0.0026352129411710465,0.0035925452911491655
Cavernous hemangioma,78,T1ax|SWIax,T2ax+FLAIRax+FLAIRsag,-0.0019208977341022004,0.001761030648204525
Cavernous hemangioma,78,T2ax|FLAIRax,none,0.05035050534245383,0.018706827439714437
Cavernous hemangioma,78,T2ax|FLAIRax,T1ax,0.028976561102164917,0.012897161482648413
Cavernous hemangioma,78,T2ax|FLAIRax,FLAIRsag,0.05234778938482637,0.0014628218087010486
Cavernous hemangioma,78,T2ax|FLAIRax,SWIax,-0.0071949938294544324,0.017991129167587754
Cavernous hemangioma,78,T2ax|FLAIRax,T1ax+FLAIRsag,0.021616866463887368,0.0016264993761199902
Cavernous hemangioma,78,T2ax|FLAIRax,T1ax+SWIax,0.0009565492657281164,0.0053377260851642985
Cavernous hemangioma,78,T2ax|FLAIRax,FLAIRsag+SWIax,0.011380183602405891,0.0021402182603964155
Cavernous hemangioma,78,T2ax|FLAIRax,T1ax+FLAIRsag+SWIax,0.009842364351220989,0.002460530979361853
Cavernous hemangioma,78,T2ax|FLAIRsag,none,-0.008837184763110628,0.014158307774300985
Cavernous hemangioma,78,T2ax|FLAIRsag,T1ax,0.014382417844575612,0.004693838121484205
Cavernous hemangioma,78,T2ax|FLAIRsag,FLAIRax,-0.006839900720738108,0.013478297444516127
Cavernous hemangioma,78,T2ax|FLAIRsag,SWIax,0.0040805887021666916,0.01287375367548427
Cavernous hemangioma,78,T2ax|FLAIRsag,T1ax+FLAIRax,0.007022723206298043,0.013683964765870724
Cavernous hemangioma,78,T2ax|FLAIRsag,T1ax+SWIax,0.007458331612921125,0.009262473283284129
Cavernous hemangioma,78,T2ax|FLAIRsag,FLAIRax+SWIax,0.022655766134027016,0.006849545661944879
Cavernous hemangioma,78,T2ax|FLAIRsag,T1ax+FLAIRax+SWIax,0.016344146698413997,0.006556069072220167
Cavernous hemangioma,78,T2ax|SWIax,none,0.009589807818471352,0.0058289388742165165
Cavernous hemangioma,78,T2ax|SWIax,T1ax,0.0009528790527179032,0.011636856974846644
Cavernous hemangioma,78,T2ax|SWIax,FLAIRax,-0.04795569135343691,0.008491336433191428
Cavernous hemangioma,78,T2ax|SWIax,FLAIRsag,0.022507581283748673,0.002402704494098426
Cavernous hemangioma,78,T2ax|SWIax,T1ax+FLAIRax,-0.0270671327837189,0.010019394310369165
Cavernous hemangioma,78,T2ax|SWIax,T1ax+FLAIRsag,-0.005971207178936584,0.006389435941164669
Cavernous hemangioma,78,T2ax|SWIax,FLAIRax+FLAIRsag,-0.018460024498671807,0.0005767908809859635
Cavernous hemangioma,78,T2ax|SWIax,T1ax+FLAIRax+FLAIRsag,-0.017745709291602962,0.005061208593053897
Cavernous hemangioma,78,FLAIRax|FLAIRsag,none,-0.04741961086566556,0.013679044049812947
Cavernous hemangioma,78,FLAIRax|FLAIRsag,T1ax,0.0033577861275124,0.01908075872876104
Cavernous hemangioma,78,FLAIRax|FLAIRsag,T2ax,-0.045422326823293,0.014169033324011409
Cavernous hemangioma,78,FLAIRax|FLAIRsag,SWIax,0.002065871147996686,0.008565078228944369
Cavernous hemangioma,78,FLAIRax|FLAIRsag,T1ax+T2ax,-0.004001908510765169,0.006719711902039566
Cavernous hemangioma,78,FLAIRax|FLAIRsag,T1ax+SWIax,-0.014564093388569899,0.0013289561190838117
Cavernous hemangioma,78,FLAIRax|FLAIRsag,T2ax+SWIax,0.02064104857985701,0.010583520909364014
Cavernous hemangioma,78,FLAIRax|FLAIRsag,T1ax+T2ax+SWIax,-0.005678278303077026,0.0060271968414778365
Cavernous hemangioma,78,FLAIRax|SWIax,none,-0.020379545902895296,0.004469979953166036
Cavernous hemangioma,78,FLAIRax|SWIax,T1ax,0.018304040445747294,0.01650347564179284
Cavernous hemangioma,78,FLAIRax|SWIax,T2ax,-0.07792504507480356,0.0034418792168584246
Cavernous hemangioma,78,FLAIRax|SWIax,FLAIRsag,0.02910593611076695,0.00708843301739557
Cavernous hemangioma,78,FLAIRax|SWIax,T1ax+T2ax,-0.009715971390689507,0.001693318953382827
Cavernous hemangioma,78,FLAIRax|SWIax,T1ax+FLAIRsag,0.0003821609296650319,0.002581745174833974
Cavernous hemangioma,78,FLAIRax|SWIax,T2ax+FLAIRsag,-0.011861669671653474,0.004296141839917699
Cavernous hemangioma,78,FLAIRax|SWIax,T1ax+T2ax+FLAIRsag,-0.011392341183001364,0.003447475362955268
Cavernous hemangioma,78,FLAIRsag|SWIax,none,-0.09417284868170528,0.011638632667601576
Cavernous hemangioma,78,FLAIRsag|SWIax,T1ax,0.02447229218565757,0.010934302165645086
Cavernous hemangioma,78,FLAIRsag|SWIax,T2ax,-0.08125507521642795,0.015049106347029363
Cavernous hemangioma,78,FLAIRsag|SWIax,FLAIRax,-0.04468736666804304,0.0014208372480132058
Cavernous hemangioma,78,FLAIRsag|SWIax,T1ax+T2ax,0.017548205954003082,0.002135214312281384
Cavernous hemangioma,78,FLAIRsag|SWIax,T1ax+FLAIRax,0.006550412669575271,0.007959619273118442
Cavernous hemangioma,78,FLAIRsag|SWIax,T2ax+FLAIRax,-0.015191699813277892,0.010324504166146345
Cavernous hemangioma,78,FLAIRsag|SWIax,T1ax+T2ax+FLAIRax,0.015871836161691227,0.00038035833458930317
Subdural intracranial hemorrhage,44,T1ax|T2ax,none,-0.2606400133542074,0.00644709641960974
Subdural intracranial hemorrhage,44,T1ax|T2ax,FLAIRax,0.013872007053095955,0.008769627065772912
Subdural intracranial hemorrhage,44,T1ax|T2ax,FLAIRsag,0.013826628678484535,0.00775211093340168
Subdural intracranial hemorrhage,44,T1ax|T2ax,SWIax,-0.014684766155511694,0.013022506455198375
Subdural intracranial hemorrhage,44,T1ax|T2ax,FLAIRax+FLAIRsag,0.01969016294077793,0.002301378006442372
Subdural intracranial hemorrhage,44,T1ax|T2ax,FLAIRax+SWIax,0.018766388886187795,0.002149802482566069
Subdural intracranial hemorrhage,44,T1ax|T2ax,FLAIRsag+SWIax,-0.0008646201019716729,0.004538102872017085
Subdural intracranial hemorrhage,44,T1ax|T2ax,FLAIRax+FLAIRsag+SWIax,0.009855210571864706,0.0003497112734670273
Subdural intracranial hemorrhage,44,T1ax|FLAIRax,none,-0.29206818424916614,0.00829556702503217
Subdural intracranial hemorrhage,44,T1ax|FLAIRax,T2ax,-0.017556163841862798,0.005374651348656804
Subdural intracranial hemorrhage,44,T1ax|FLAIRax,FLAIRsag,-0.010144902874071623,0.00789572948718769
Subdural intracranial hemorrhage,44,T1ax|FLAIRax,SWIax,-0.0392202860782388,0.012142479337439093
Subdural intracranial hemorrhage,44,T1ax|FLAIRax,T2ax+FLAIRsag,-0.004281368611778229,0.0026349168544179693
Subdural intracranial hemorrhage,44,T1ax|FLAIRax,T2ax+SWIax,-0.00576913103653931,0.0031534788844624767
Subdural intracranial hemorrhage,44,T1ax|FLAIRax,FLAIRsag+SWIax,-0.023357708003124644,0.005517095143713531
Subdural intracranial hemorrhage,44,T1ax|FLAIRax,T2ax+FLAIRsag+SWIax,-0.012637877329288264,0.0013095442679047454
Subdural intracranial hemorrhage,44,T1ax|FLAIRsag,none,-0.32445173199531957,0.01686674904744804
Subdural intracranial hemorrhage,44,T1ax|FLAIRsag,T2ax,-0.04998508996262766,0.008986695322101343
Subdural intracranial hemorrhage,44,T1ax|FLAIRsag,FLAIRax,-0.04252845062022507,0.0012346853359140823
Subdural intracranial hemorrhage,44,T1ax|FLAIRsag,SWIax,-0.014168181980247422,0.013662078156677065
Subdural intracranial hemorrhage,44,T1ax|FLAIRsag,T2ax+FLAIRax,-0.03671029473254309,0.007631248520444925
Subdural intracranial hemorrhage,44,T1ax|FLAIRsag,T2ax+SWIax,-0.0003480359267074018,0.005172947002941236
Subdural intracranial hemorrhage,44,T1ax|FLAIRsag,FLAIRax+SWIax,0.001694396094866731,0.006600187959386518
Subdural intracranial hemorrhage,44,T1ax|FLAIRsag,T2ax+FLAIRax+SWIax,-0.0072167822194563564,0.0077595845406277
Subdural intracranial hemorrhage,44,T1ax|SWIax,none,-0.28368209855534693,0.012917936281597481
Subdural intracranial hemorrhage,44,T1ax|SWIax,T2ax,-0.03772685135665125,0.007968486772448586
Subdural intracranial hemorrhage,44,T1ax|SWIax,FLAIRax,-0.030834200384419603,0.002968679888046895
Subdural intracranial hemorrhage,44,T1ax|SWIax,FLAIRsag,0.026601451459725218,0.0019297933933577162
Subdural intracranial hemorrhage,44,T1ax|SWIax,T2ax+FLAIRax,-0.025939818551327765,0.005997847102372716
Subdural intracranial hemorrhage,44,T1ax|SWIax,T2ax+FLAIRsag,0.01191020267926901,0.0042515084667857144
Subdural intracranial hemorrhage,44,T1ax|SWIax,FLAIRax+FLAIRsag,0.013388646330672197,0.003796472372828839
Subdural intracranial hemorrhage,44,T1ax|SWIax,T2ax+FLAIRax+FLAIRsag,0.0035536939617589747,0.0058423333630196975
Subdural intracranial hemorrhage,44,T2ax|FLAIRax,none,-0.2837031670864167,0.010536010151438357
Subdural intracranial hemorrhage,44,T2ax|FLAIRax,T1ax,-0.00919114667911336,0.0032430188273440343
Subdural intracranial hemorrhage,44,T2ax|FLAIRax,FLAIRsag,0.008974383907531877,0.0028313615275779927
Subdural intracranial hemorrhage,44,T2ax|FLAIRax,SWIax,-0.016706534810075373,0.003985523824463069
Subdural intracranial hemorrhage,44,T2ax|FLAIRax,T1ax+FLAIRsag,0.01483791816982527,0.006855699164319901
Subdural intracranial hemorrhage,44,T2ax|FLAIRax,T1ax+SWIax,0.016744620231624114,0.006947787520396677
Subdural intracranial hemorrhage,44,T2ax|FLAIRax,FLAIRsag+SWIax,0.007149524985657241,0.008549440071389655
Subdural intracranial hemorrhage,44,T2ax|FLAIRax,T1ax+FLAIRsag+SWIax,0.01786935565949362,0.004374027746376671
Subdural intracranial hemorrhage,44,T2ax|FLAIRsag,none,-0.318586171912731,0.004885539961968243
Subdural intracranial hemorrhage,44,T2ax|FLAIRsag,T1ax,-0.04411952988003905,0.012583820616982627
Subdural intracranial hemorrhage,44,T2ax|FLAIRsag,FLAIRax,-0.025908620918782394,0.010621571108219159
Subdural intracranial hemorrhage,44,T2ax|FLAIRsag,SWIax,-0.012768745320355176,0.0017729871821055081
Subdural intracranial hemorrhage,44,T2ax|FLAIRsag,T1ax+FLAIRax,-0.02009046503110042,0.005695628803562333
Subdural intracranial hemorrhage,44,T2ax|FLAIRsag,T1ax+SWIax,0.0010514007331848447,0.01271508780564591
Subdural intracranial hemorrhage,44,T2ax|FLAIRsag,FLAIRax+SWIax,0.011087314475377438,0.005335263805052487
Subdural intracranial hemorrhage,44,T2ax|FLAIRsag,T1ax+FLAIRax+SWIax,0.0021761361610543504,0.005184039825278498
Subdural intracranial hemorrhage,44,T2ax|SWIax,none,-0.2941924594106646,0.001998316785602171
Subdural intracranial hemorrhage,44,T2ax|SWIax,T1ax,-0.04823721221196886,0.005537744682122791
Subdural intracranial hemorrhage,44,T2ax|SWIax,FLAIRax,-0.027195827134323225,0.008493015702329085
Subdural intracranial hemorrhage,44,T2ax|SWIax,FLAIRsag,0.011624967181711243,0.004536273801102296
Subdural intracranial hemorrhage,44,T2ax|SWIax,T1ax+FLAIRax,-0.022301445301231387,0.0017714244357441595
Subdural intracranial hemorrhage,44,T2ax|SWIax,T1ax+FLAIRsag,-0.003066281598744965,0.007042142325411335
Subdural intracranial hemorrhage,44,T2ax|SWIax,FLAIRax+FLAIRsag,0.009800108259836607,0.007452478645493091
Subdural intracranial hemorrhage,44,T2ax|SWIax,T1ax+FLAIRax+FLAIRsag,-3.484410907661495e-05,0.005834938120379767
Subdural intracranial hemorrhage,44,FLAIRax|FLAIRsag,none,-0.3060406719889019,0.017122544185831916
Subdural intracranial hemorrhage,44,FLAIRax|FLAIRsag,T1ax,-0.024117390613807355,0.011461186356508427
Subdural intracranial hemorrhage,44,FLAIRax|FLAIRsag,T2ax,-0.013363120994953293,0.011035904082778339
Subdural intracranial hemorrhage,44,FLAIRax|FLAIRsag,SWIax,-0.022933906397378467,0.019688532529385523
Subdural intracranial hemorrhage,44,FLAIRax|FLAIRsag,T1ax+T2ax,-8.832576486872412e-05,0.015204028077204555
Subdural intracranial hemorrhage,44,FLAIRax|FLAIRsag,T1ax+SWIax,-0.007071328322264314,0.010749248865161353
Subdural intracranial hemorrhage,44,FLAIRax|FLAIRsag,T2ax+SWIax,0.0009221533983541456,0.016525185269841116
Subdural intracranial hemorrhage,44,FLAIRax|FLAIRsag,T1ax+T2ax+SWIax,-0.005946592894394809,0.01580841999093565
Subdural intracranial hemorrhage,44,FLAIRax|SWIax,none,-0.2741182009419254,0.01394335070557386
Subdural intracranial hemorrhage,44,FLAIRax|SWIax,T1ax,-0.021270302770998062,0.007529950939321187
Subdural intracranial hemorrhage,44,FLAIRax|SWIax,T2ax,-0.007121568665584073,0.014582359596807556
Subdural intracranial hemorrhage,44,FLAIRax|SWIax,FLAIRsag,0.008988564649598,0.011470748159996297
Subdural intracranial hemorrhage,44,FLAIRax|SWIax,T1ax+T2ax,0.004665464139739413,0.010436387142614505
Subdural intracranial hemorrhage,44,FLAIRax|SWIax,T1ax+FLAIRsag,-0.0042242404794550215,0.01334196681687286
Subdural intracranial hemorrhage,44,FLAIRax|SWIax,T2ax+FLAIRsag,0.0071637057277233645,0.009106646085913415
Subdural intracranial hemorrhage,44,FLAIRax|SWIax,T1ax+T2ax+FLAIRsag,-0.0011928029897866714,0.008902665286946446
Subdural intracranial hemorrhage,44,FLAIRsag|SWIax,none,-0.3464655108146391,0.006735100930196214
Subdural intracranial hemorrhage,44,FLAIRsag|SWIax,T1ax,-0.036181960799566926,0.01657184507951681
Subdural intracranial hemorrhage,44,FLAIRsag|SWIax,T2ax,-0.04064808422226329,0.006410808750012131
Subdural intracranial hemorrhage,44,FLAIRsag|SWIax,FLAIRax,-0.06335874522311569,0.0067173759206329
Subdural intracranial hemorrhage,44,FLAIRsag|SWIax,T1ax+T2ax,0.00898896981365697,0.010049687817413834
Subdural intracranial hemorrhage,44,FLAIRsag|SWIax,T1ax+FLAIRax,-0.019135898508023885,0.0007798525144423362
Subdural intracranial hemorrhage,44,FLAIRsag|SWIax,T2ax+FLAIRax,-0.026362809828955853,0.009713656362765265
Subdural intracranial hemorrhage,44,FLAIRsag|SWIax,T1ax+T2ax+FLAIRax,0.003130702684130885,0.005143385400133394
Gliosis,3534,T1ax|T2ax,none,-0.2681469542743435,0.001457646791067353
Gliosis,3534,T1ax|T2ax,FLAIRax,0.0003034348760353467,0.0005970500620201375
Gliosis,3534,T1ax|T2ax,FLAIRsag,-0.0015114030242033838,0.000722760134237427
Gliosis,3534,T1ax|T2ax,SWIax,-0.007268334632009192,0.00016715358609523315
Gliosis,3534,T1ax|T2ax,FLAIRax+FLAIRsag,0.0005119361783655352,0.00012803296442160698
Gliosis,3534,T1ax|T2ax,FLAIRax+SWIax,-0.0008558027434563501,0.0004922496835008627
Gliosis,3534,T1ax|T2ax,FLAIRsag+SWIax,-0.002096740869400889,0.0004203869256254433
Gliosis,3534,T1ax|T2ax,FLAIRax+FLAIRsag+SWIax,-0.0003720552521448613,0.00017013379422061665
Gliosis,3534,T1ax|FLAIRax,none,-0.27122373900218605,0.0010634814951946147
Gliosis,3534,T1ax|FLAIRax,T2ax,-0.0027733498518072164,0.0010771460345244635
Gliosis,3534,T1ax|FLAIRax,FLAIRsag,-0.0030208098192836172,0.00047349212519404876
Gliosis,3534,T1ax|FLAIRax,SWIax,-0.009430612991414048,0.0001781415037559243
Gliosis,3534,T1ax|FLAIRax,T2ax+FLAIRsag,-0.000997470616714698,0.0007561328085686057
Gliosis,3534,T1ax|FLAIRax,T2ax+SWIax,-0.0030180811028612067,0.0004245711370937568
Gliosis,3534,T1ax|FLAIRax,FLAIRsag+SWIax,-0.0032241595625862596,0.0005619885933697355
Gliosis,3534,T1ax|FLAIRax,T2ax+FLAIRsag+SWIax,-0.001499473945330232,0.0002667450535518237
Gliosis,3534,T1ax|FLAIRsag,none,-0.2707863796900558,0.0013476116042756387
Gliosis,3534,T1ax|FLAIRsag,T2ax,-0.004150828439915692,0.0006147071211500321
Gliosis,3534,T1ax|FLAIRsag,FLAIRax,-0.002583450507153362,0.0008382473355299121
Gliosis,3534,T1ax|FLAIRsag,SWIax,-0.008116571023143745,0.00037660209513546447
Gliosis,3534,T1ax|FLAIRsag,T2ax+FLAIRax,-0.0023749492048231735,0.0011709557905966426
Gliosis,3534,T1ax|FLAIRsag,T2ax+SWIax,-0.002944977260535442,0.00016350475621012804
Gliosis,3534,T1ax|FLAIRsag,FLAIRax+SWIax,-0.0019101175943159558,0.00041215518882260283
Gliosis,3534,T1ax|FLAIRsag,T2ax+FLAIRax+SWIax,-0.0014263701030044669,0.0004325644272633684
Gliosis,3534,T1ax|SWIax,none,-0.2614215295693531,0.0013340919285623615
Gliosis,3534,T1ax|SWIax,T2ax,-0.0005429099270188124,0.00033015243983702315
Gliosis,3534,T1ax|SWIax,FLAIRax,0.000371596441418894,0.000680331881005721
Gliosis,3534,T1ax|SWIax,FLAIRsag,0.0012482790975589426,0.0002895593430651769
Gliosis,3534,T1ax|SWIax,T2ax+FLAIRax,-0.0007876411780728029,0.0007901345131137263
Gliosis,3534,T1ax|SWIax,T2ax+FLAIRsag,0.0006629412523614375,0.00047778736109556976
Gliosis,3534,T1ax|SWIax,FLAIRax+FLAIRsag,0.0010449293542563003,0.0002650159242311726
Gliosis,3534,T1ax|SWIax,T2ax+FLAIRax+FLAIRsag,0.00016093792374590374,0.00015563831955743421
Gliosis,3534,T2ax|FLAIRax,none,-0.2749501594713393,0.0013426201940958161
Gliosis,3534,T2ax|FLAIRax,T1ax,-0.0064997703209604225,0.000661665972973605
Gliosis,3534,T2ax|FLAIRax,FLAIRsag,-0.006229723986872678,0.00015288357773114906
Gliosis,3534,T2ax|FLAIRax,SWIax,-0.010437694485439667,0.001174541711879391
Gliosis,3534,T2ax|FLAIRax,T1ax+FLAIRsag,-0.004206384784303759,0.0006561301197235547
Gliosis,3534,T2ax|FLAIRax,T1ax+SWIax,-0.004025162596886826,0.0009058037799634552
Gliosis,3534,T2ax|FLAIRax,FLAIRsag+SWIax,-0.003919909806504511,0.00043138936955581543
Gliosis,3534,T2ax|FLAIRax,T1ax+FLAIRsag+SWIax,-0.0021952241892484827,0.0003530498005715233
Gliosis,3534,T2ax|FLAIRsag,none,-0.26975758920431564,0.0004793230384544105
Gliosis,3534,T2ax|FLAIRsag,T1ax,-0.0031220379541755014,0.0013360405894525514
Gliosis,3534,T2ax|FLAIRsag,FLAIRax,-0.0010371537198490266,0.0007945106917779539
Gliosis,3534,T2ax|FLAIRsag,SWIax,-0.007689426286647816,0.001218680415057026
Gliosis,3534,T2ax|FLAIRsag,T1ax+FLAIRax,-0.0008286524175188381,0.0005629502528728379
Gliosis,3534,T2ax|FLAIRsag,T1ax+SWIax,-0.002517832524039513,0.000963330569899431
Gliosis,3534,T2ax|FLAIRsag,FLAIRax+SWIax,-0.001171641607712659,0.0007029635477007364
Gliosis,3534,T2ax|FLAIRsag,T1ax+FLAIRax+SWIax,-0.0006878941164011702,0.0004159622814838156
Gliosis,3534,T2ax|SWIax,none,-0.2637125164113376,0.0016806209329599312
Gliosis,3534,T2ax|SWIax,T1ax,-0.0028338967690032892,0.0006950062448763661
Gliosis,3534,T2ax|SWIax,FLAIRax,0.0007999485745620039,0.0005543106721337259
Gliosis,3534,T2ax|SWIax,FLAIRsag,-0.001644353493669796,0.0005883492286804106
Gliosis,3534,T2ax|SWIax,T1ax+FLAIRax,-0.000359289044929693,0.0003131303830266251
Gliosis,3534,T2ax|SWIax,T1ax+FLAIRsag,-0.002229691338867301,0.0010218547591622975
Gliosis,3534,T2ax|SWIax,FLAIRax+FLAIRsag,0.0006654606866983714,0.00033761444044092426
Gliosis,3534,T2ax|SWIax,T1ax+FLAIRax+FLAIRsag,-0.00021853074381202506,0.0001701271151594173
Gliosis,3534,FLAIRax|FLAIRsag,none,-0.26753733165791743,0.0006327372650403978
Gliosis,3534,FLAIRax|FLAIRsag,T1ax,0.0006655975249849991,0.0002698927631721377
Gliosis,3534,FLAIRax|FLAIRsag,T2ax,0.001183103826549144,0.0009173518532559086
Gliosis,3534,FLAIRax|FLAIRsag,SWIax,-0.008060080958681973,0.00037951167283736137
Gliosis,3534,FLAIRax|FLAIRsag,T1ax+T2ax,0.0029589830616416624,0.0007862786401267854
Gliosis,3534,FLAIRax|FLAIRsag,T1ax+SWIax,-0.0018536275298541849,0.00031038784887558074
Gliosis,3534,FLAIRax|FLAIRsag,T2ax+SWIax,-0.001542296279746817,0.0004897940369789381
Gliosis,3534,FLAIRax|FLAIRsag,T1ax+T2ax+SWIax,-2.3689122215841962e-05,0.0006470177724570758
Gliosis,3534,FLAIRax|SWIax,none,-0.2613287290630579,0.0015613617120979447
Gliosis,3534,FLAIRax|SWIax,T1ax,0.00046439694771416296,0.0009402401970812439
Gliosis,3534,FLAIRax|SWIax,T2ax,0.0031837359228417497,0.001144398550618294
Gliosis,3534,FLAIRax|SWIax,FLAIRsag,-0.0018514783638223786,0.0008584343944204358
Gliosis,3534,FLAIRax|SWIax,T1ax+T2ax,0.0029390046717877594,0.0005501541675799862
Gliosis,3534,FLAIRax|SWIax,T1ax+FLAIRsag,-0.002054828107125021,0.0010023914806733885
Gliosis,3534,FLAIRax|SWIax,T2ax+FLAIRsag,0.00045833581654578887,0.0006462049529848783
Gliosis,3534,FLAIRax|SWIax,T1ax+T2ax+FLAIRsag,-4.366751206974495e-05,0.0001626927806672472
Gliosis,3534,FLAIRsag|SWIax,none,-0.26083811550948,0.001603923060190434
Gliosis,3534,FLAIRsag|SWIax,T1ax,0.001831693157432072,0.0004918689258018318
Gliosis,3534,FLAIRsag|SWIax,T2ax,0.0012300474081878103,0.000891253969320283
Gliosis,3534,FLAIRsag|SWIax,FLAIRax,-0.0013608648102445182,0.0012859548937374234
Gliosis,3534,FLAIRsag|SWIax,T1ax+T2ax,0.0024358985875680603,0.00016674073497915349
Gliosis,3534,FLAIRsag|SWIax,T1ax+FLAIRax,-0.0006875318974071121,0.0004205961422932142
Gliosis,3534,FLAIRsag|SWIax,T2ax+FLAIRax,-0.0014953526981081506,0.0014672521598695823
Gliosis,3534,FLAIRsag|SWIax,T1ax+T2ax+FLAIRax,-0.0005467735962894441,0.0006421672056363594
Cerebral atrophy,1310,T1ax|T2ax,none,-0.41690164920627876,0.0010569233365109536
Cerebral atrophy,1310,T1ax|T2ax,FLAIRax,-0.0027046995563521823,0.00021835521621858673
Cerebral atrophy,1310,T1ax|T2ax,FLAIRsag,-0.002664058862583104,0.0009691506907088908
Cerebral atrophy,1310,T1ax|T2ax,SWIax,-0.014823401862168498,0.001477348446749608
Cerebral atrophy,1310,T1ax|T2ax,FLAIRax+FLAIRsag,-0.0012205272335146233,0.0007802107523320323
Cerebral atrophy,1310,T1ax|T2ax,FLAIRax+SWIax,-0.0024438089679624797,0.000965219550415134
Cerebral atrophy,1310,T1ax|T2ax,FLAIRsag+SWIax,-0.002498741586573705,0.001121458318985635
Cerebral atrophy,1310,T1ax|T2ax,FLAIRax+FLAIRsag+SWIax,-0.0010936942705436585,0.0008477506498281044
Cerebral atrophy,1310,T1ax|FLAIRax,none,-0.4146882739163873,0.0005677784484716226
Cerebral atrophy,1310,T1ax|FLAIRax,T2ax,-0.0004913242664606651,0.0008079459608145357
Cerebral atrophy,1310,T1ax|FLAIRax,FLAIRsag,-0.0013516414779360941,0.0008901787586975945
Cerebral atrophy,1310,T1ax|FLAIRax,SWIax,-0.014232380401930459,0.0005889092518482682
Cerebral atrophy,1310,T1ax|FLAIRax,T2ax+FLAIRsag,9.189015113238626e-05,0.0006784566114421145
Cerebral atrophy,1310,T1ax|FLAIRax,T2ax+SWIax,-0.0018527875077244405,0.0003304814872606916
Cerebral atrophy,1310,T1ax|FLAIRax,FLAIRsag+SWIax,-0.0024456662885917746,0.0004209309082604199
Cerebral atrophy,1310,T1ax|FLAIRax,T2ax+FLAIRsag+SWIax,-0.001040618972561728,0.0007148760311053175
Cerebral atrophy,1310,T1ax|FLAIRsag,none,-0.4160979487939851,0.0005901422594215533
Cerebral atrophy,1310,T1ax|FLAIRsag,T2ax,-0.0018603584502894233,0.0016549399043595905
Cerebral atrophy,1310,T1ax|FLAIRsag,FLAIRax,-0.0027613163555339306,0.0002918645985763918
Cerebral atrophy,1310,T1ax|FLAIRsag,SWIax,-0.013011223568202427,0.0009585727093936791
Cerebral atrophy,1310,T1ax|FLAIRsag,T2ax+FLAIRax,-0.0012771440326963719,0.000853096257137171
Cerebral atrophy,1310,T1ax|FLAIRsag,T2ax+SWIax,-0.0006865632926076337,0.0005978106707318961
Cerebral atrophy,1310,T1ax|FLAIRsag,FLAIRax+SWIax,-0.0012245094548637425,0.0004179449475590903
Cerebral atrophy,1310,T1ax|FLAIRsag,T2ax+FLAIRax+SWIax,0.00012560524255507874,0.00021143545941144278
Cerebral atrophy,1310,T1ax|SWIax,none,-0.4006698946269604,0.0010471982229881948
Cerebral atrophy,1310,T1ax|SWIax,T2ax,0.0014083527171499337,0.0012569072822333578
Cerebral atrophy,1310,T1ax|SWIax,FLAIRax,-0.00021400111250354423,0.00060377687038254
Cerebral atrophy,1310,T1ax|SWIax,FLAIRsag,0.0024168305988223246,0.0004387362507866874
Cerebral atrophy,1310,T1ax|SWIax,T2ax+FLAIRax,4.6889475886158216e-05,0.0005305536198562981
Cerebral atrophy,1310,T1ax|SWIax,T2ax+FLAIRsag,0.002582147874831723,0.0001848467291330137
Cerebral atrophy,1310,T1ax|SWIax,FLAIRax+FLAIRsag,0.001322805788166644,0.0004888276241410471
Cerebral atrophy,1310,T1ax|SWIax,T2ax+FLAIRax+FLAIRsag,0.001449638751137609,0.0005268135141744077
Cerebral atrophy,1310,T2ax|FLAIRax,none,-0.41525749546923957,0.0009438262152872305
Cerebral atrophy,1310,T2ax|FLAIRax,T1ax,-0.0010605458193129191,0.0007084693307558866
Cerebral atrophy,1310,T2ax|FLAIRax,FLAIRsag,-0.0027818885425039777,0.0008976001659082386
Cerebral atrophy,1310,T2ax|FLAIRax,SWIax,-0.012256222732408265,0.0007529187019077675
Cerebral atrophy,1310,T2ax|FLAIRax,T1ax+FLAIRsag,-0.0013383569134354973,0.000539871567711326
Cerebral atrophy,1310,T2ax|FLAIRax,T1ax+SWIax,0.0001233701617977534,0.0003474878602301221
Cerebral atrophy,1310,T2ax|FLAIRax,FLAIRsag+SWIax,-0.0017959975684839202,0.00028618203616636136
Cerebral atrophy,1310,T2ax|FLAIRax,T1ax+FLAIRsag+SWIax,-0.00039095025245387366,6.186788448590635e-05
Cerebral atrophy,1310,T2ax|FLAIRsag,none,-0.41366748735054476,0.0020411963319881894
Cerebral atrophy,1310,T2ax|FLAIRsag,T1ax,0.0005701029931509671,9.633143536009102e-05
Cerebral atrophy,1310,T2ax|FLAIRsag,FLAIRax,-0.00119188042380917,0.000575712284590165
Cerebral atrophy,1310,T2ax|FLAIRsag,SWIax,-0.011162371061811283,0.0013896022235858245
Cerebral atrophy,1310,T2ax|FLAIRsag,T1ax+FLAIRax,0.00029229189902838887,0.0002308849131371507
Cerebral atrophy,1310,T2ax|FLAIRsag,T1ax+SWIax,0.001162289213783511,0.001034071923728348
Cerebral atrophy,1310,T2ax|FLAIRsag,FLAIRax+SWIax,-0.0007021458978869374,0.0006626399839488662
Cerebral atrophy,1310,T2ax|FLAIRsag,T1ax+FLAIRax+SWIax,0.0006479687995318839,0.0008163918026597082
Cerebral atrophy,1310,T2ax|SWIax,none,-0.40407593734092767,0.002768254778974819
Cerebral atrophy,1310,T2ax|SWIax,T1ax,-0.0019976899968173756,0.0010541476523594495
Cerebral atrophy,1310,T2ax|SWIax,FLAIRax,-0.0010746646040964054,0.001586583449688395
Cerebral atrophy,1310,T2ax|SWIax,FLAIRsag,-0.0015708210521942305,0.0005404934067921439
Cerebral atrophy,1310,T2ax|SWIax,T1ax+FLAIRax,-0.000813774015706703,0.0007827078574591565
Cerebral atrophy,1310,T2ax|SWIax,T1ax+FLAIRsag,-0.0014055037761848317,0.0003379926899647186
Cerebral atrophy,1310,T2ax|SWIax,FLAIRax+FLAIRsag,-0.0005849300781741729,0.0007522826843316811
Cerebral atrophy,1310,T2ax|SWIax,T1ax+FLAIRax+FLAIRsag,-0.000458097115203208,0.0007570164324119518
Cerebral atrophy,1310,FLAIRax|FLAIRsag,none,-0.41407540532874726,0.0009840136555406128
Cerebral atrophy,1310,FLAIRax|FLAIRsag,T1ax,-0.0007387728902961502,0.00040285085450640276
Cerebral atrophy,1310,FLAIRax|FLAIRsag,T2ax,-0.00159979840201178,0.0012990054732243636
Cerebral atrophy,1310,FLAIRax|FLAIRsag,SWIax,-0.011727500213277064,0.000848534432920249
Cerebral atrophy,1310,FLAIRax|FLAIRsag,T1ax+T2ax,-0.0010165839844187285,0.0006484887820689026
Cerebral atrophy,1310,FLAIRax|FLAIRsag,T1ax+SWIax,5.921390006162023e-05,0.0002894333563210401
Cerebral atrophy,1310,FLAIRax|FLAIRsag,T2ax+SWIax,-0.0012672750493527192,0.0004186382075094944
Cerebral atrophy,1310,FLAIRax|FLAIRsag,T1ax+T2ax+SWIax,-0.0004551065141900068,8.055655383029963e-05
Cerebral atrophy,1310,FLAIRax|SWIax,none,-0.4030762109022203,0.0012643440741842143
Cerebral atrophy,1310,FLAIRax|SWIax,T1ax,-0.002620317387763508,0.0012563706885720168
Cerebral atrophy,1310,FLAIRax|SWIax,T2ax,-7.493816538906017e-05,0.001634056540428754
Cerebral atrophy,1310,FLAIRax|SWIax,FLAIRsag,-0.0007283057867500572,0.0016120822194988832
Cerebral atrophy,1310,FLAIRax|SWIax,T1ax+T2ax,-0.0014364014066528357,0.000999692437462524
Cerebral atrophy,1310,FLAIRax|SWIax,T1ax+FLAIRsag,-0.0018223305974057376,0.0008124627105357062
Cerebral atrophy,1310,FLAIRax|SWIax,T2ax+FLAIRsag,0.0002575851872700004,0.00100590833613825
Cerebral atrophy,1310,FLAIRax|SWIax,T1ax+T2ax+FLAIRsag,-0.0008749239364241138,0.000432118451903289
Cerebral atrophy,1310,FLAIRsag|SWIax,none,-0.40455762872412465,0.0008082979538910885
Cerebral atrophy,1310,FLAIRsag|SWIax,T1ax,-0.0014709034983420022,0.0011295059615995422
Cerebral atrophy,1310,FLAIRsag|SWIax,T2ax,-0.002052512435391248,0.0018437083543794855
Cerebral atrophy,1310,FLAIRsag|SWIax,FLAIRax,-0.00220972360865442,0.0009175750945629778
Cerebral atrophy,1310,FLAIRsag|SWIax,T1ax+T2ax,-0.0008787172777094584,0.0007934227998885951
Cerebral atrophy,1310,FLAIRsag|SWIax,T1ax+FLAIRax,-0.0006729167079842316,0.000989877793420133
Cerebral atrophy,1310,FLAIRsag|SWIax,T2ax+FLAIRax,-0.0017199890827321873,0.001165664264041248
Cerebral atrophy,1310,FLAIRsag|SWIax,T1ax+T2ax+FLAIRax,-0.0003172398074807366,0.0005645602315399595
Encephalomalacia,236,T1ax|T2ax,none,-0.2472842701918634,0.001491164315513911
Encephalomalacia,236,T1ax|T2ax,FLAIRax,0.012788987338882452,0.0064339947886167285
Encephalomalacia,236,T1ax|T2ax,FLAIRsag,0.00841040999167697,0.00572775005297437
Encephalomalacia,236,T1ax|T2ax,SWIax,-0.00023476220532100042,0.005367853957534751
Encephalomalacia,236,T1ax|T2ax,FLAIRax+FLAIRsag,0.0142048872493582,0.0005977061669527027
Encephalomalacia,236,T1ax|T2ax,FLAIRax+SWIax,0.005202712999656282,0.0019686839582150127
Encephalomalacia,236,T1ax|T2ax,FLAIRsag+SWIax,0.005832498863207951,0.002333427913513566
Encephalomalacia,236,T1ax|T2ax,FLAIRax+FLAIRsag+SWIax,0.009185341213446163,0.0020707731140327066
Encephalomalacia,236,T1ax|FLAIRax,none,-0.2541472856738292,0.005737312959119069
Encephalomalacia,236,T1ax|FLAIRax,T2ax,0.005925971856916605,0.004180067405053216
Encephalomalacia,236,T1ax|FLAIRax,FLAIRsag,-0.0025497612582513853,0.006347538551400993
Encephalomalacia,236,T1ax|FLAIRax,SWIax,0.004874400677694624,0.00496725643947954
Encephalomalacia,236,T1ax|FLAIRax,T2ax+FLAIRsag,0.0032447159994298445,0.00047679044598017347
Encephalomalacia,236,T1ax|FLAIRax,T2ax+SWIax,0.010311875882671906,0.001420711083677793
Encephalomalacia,236,T1ax|FLAIRax,FLAIRsag+SWIax,0.005946023819263273,0.0023399696654997242
Encephalomalacia,236,T1ax|FLAIRax,T2ax+FLAIRsag+SWIax,0.009298866169501485,0.0025203987997517315
Encephalomalacia,236,T1ax|FLAIRsag,none,-0.2684051563775421,0.00933130952060456
Encephalomalacia,236,T1ax|FLAIRsag,T2ax,-0.01271047619400171,0.0047909046339122165
Encephalomalacia,236,T1ax|FLAIRsag,FLAIRax,-0.01680763196196422,0.008351203471486926
Encephalomalacia,236,T1ax|FLAIRsag,SWIax,-0.023162638690168807,0.00589431881556273
Encephalomalacia,236,T1ax|FLAIRsag,T2ax+FLAIRax,-0.015391732051488471,0.0017303080222521804
Encephalomalacia,236,T1ax|FLAIRsag,T2ax+SWIax,-0.017095377621639856,0.002546736622542039
Encephalomalacia,236,T1ax|FLAIRsag,FLAIRax+SWIax,-0.022091015548600157,0.0017487120597417295
Encephalomalacia,236,T1ax|FLAIRsag,T2ax+FLAIRax+SWIax,-0.018108387334810277,0.001658751403432664
Encephalomalacia,236,T1ax|SWIax,none,-0.25184200411034374,0.006836662388279668
Encephalomalacia,236,T1ax|SWIax,T2ax,-0.004792496123801356,0.0017889960015492557
Encephalomalacia,236,T1ax|SWIax,FLAIRax,0.007179682241180115,0.004404196518043965
Encephalomalacia,236,T1ax|SWIax,FLAIRsag,-0.00659948642297048,0.006384986266591387
Encephalomalacia,236,T1ax|SWIax,T2ax+FLAIRax,-0.0004065920980460547,0.001838779830224316
Encephalomalacia,236,T1ax|SWIax,T2ax+FLAIRsag,-0.0091773975514395,0.0055561376623134776
Encephalomalacia,236,T1ax|SWIax,FLAIRax+FLAIRsag,0.001896298654544178,0.0032323461688151477
Encephalomalacia,236,T1ax|SWIax,T2ax+FLAIRax+FLAIRsag,-0.0031232473813678587,0.0030272729435920566
Encephalomalacia,236,T2ax|FLAIRax,none,-0.25750089925338837,0.0024724625026569646
Encephalomalacia,236,T2ax|FLAIRax,T1ax,0.002572358277357467,0.0028717946907789896
Encephalomalacia,236,T2ax|FLAIRax,FLAIRsag,-0.005626812003289776,0.005101675671009525
Encephalomalacia,236,T2ax|FLAIRax,SWIax,-0.021789927621670646,0.00298959514654507
Encephalomalacia,236,T2ax|FLAIRax,T1ax+FLAIRsag,0.00016766525439145438,0.0012439049581801367
Encephalomalacia,236,T2ax|FLAIRax,T1ax+SWIax,-0.016352452416693364,0.002891090498999145
Encephalomalacia,236,T2ax|FLAIRax,FLAIRsag+SWIax,-0.01051362947305301,0.005996562609142492
Encephalomalacia,236,T2ax|FLAIRax,T1ax+FLAIRsag+SWIax,-0.0071607871228147974,0.0029076401435873863
Encephalomalacia,236,T2ax|FLAIRsag,none,-0.25593908275537414,0.008537741927276058
Encephalomalacia,236,T2ax|FLAIRsag,T1ax,-0.00024440257183377945,0.0014803514442049185
Encephalomalacia,236,T2ax|FLAIRsag,FLAIRax,-0.004064995505275541,0.006691886084095731
Encephalomalacia,236,T2ax|FLAIRsag,SWIax,-0.009177320428507385,0.0073795295853419105
Encephalomalacia,236,T2ax|FLAIRsag,T1ax+FLAIRax,-0.002649095594799792,0.0007013124290338286
Encephalomalacia,236,T2ax|FLAIRsag,T1ax+SWIax,-0.0031100593599784343,0.006167121711568241
Encephalomalacia,236,T2ax|FLAIRsag,FLAIRax+SWIax,0.002098977720110251,0.005013536175635338
Encephalomalacia,236,T2ax|FLAIRsag,T1ax+FLAIRax+SWIax,0.006081605933900132,0.0033702888404674555
Encephalomalacia,236,T2ax|SWIax,none,-0.23714237325154605,0.004063405028951714
Encephalomalacia,236,T2ax|SWIax,T1ax,0.009907134734996345,0.005932168852595615
Encephalomalacia,236,T2ax|SWIax,FLAIRax,-0.001431401619828317,0.0049431320381769775
Encephalomalacia,236,T2ax|SWIax,FLAIRsag,0.009619389075320709,0.005126441641237892
Encephalomalacia,236,T2ax|SWIax,T1ax+FLAIRax,-0.009017675959054486,0.0012278350925366633
Encephalomalacia,236,T2ax|SWIax,T1ax+FLAIRsag,0.007041477946851689,0.006705733642332225
Encephalomalacia,236,T2ax|SWIax,FLAIRax+FLAIRsag,0.0047325716055574745,0.0018814296550850342
Encephalomalacia,236,T2ax|SWIax,T1ax+FLAIRax+FLAIRsag,-0.0002869744303545622,0.0028877517067054013
Encephalomalacia,236,FLAIRax|FLAIRsag,none,-0.25431063204402293,0.0008658157326167965
Encephalomalacia,236,FLAIRax|FLAIRsag,T1ax,-0.002713107628445085,0.001510021582986261
Encephalomalacia,236,FLAIRax|FLAIRsag,T2ax,-0.002436544793924337,0.005825835794023933
Encephalomalacia,236,FLAIRax|FLAIRsag,SWIax,-0.018945865254514915,0.005058372772141302
Encephalomalacia,236,FLAIRax|FLAIRsag,T1ax+T2ax,-0.005117800651411097,0.0033239715522791293
Encephalomalacia,236,FLAIRax|FLAIRsag,T1ax+SWIax,-0.017874242112946265,0.0030316935715057882
Encephalomalacia,236,FLAIRax|FLAIRsag,T2ax+SWIax,-0.007669567105897279,0.002635635462854864
Encephalomalacia,236,FLAIRax|FLAIRsag,T1ax+T2ax+SWIax,-0.0086825768190677,0.00023174076968947687
Encephalomalacia,236,FLAIRax|SWIax,none,-0.23585966464481187,0.008567781181872302
Encephalomalacia,236,FLAIRax|SWIax,T1ax,0.023162021706712,0.0023603592903381097
Encephalomalacia,236,FLAIRax|SWIax,T2ax,-0.00014869301309413294,0.006901370473374262
Encephalomalacia,236,FLAIRax|SWIax,FLAIRsag,-0.0004948978553038404,0.002789751351693202
Encephalomalacia,236,FLAIRax|SWIax,T1ax+T2ax,0.004237211012661168,0.005906100240114055
Encephalomalacia,236,FLAIRax|SWIax,T1ax+FLAIRsag,0.008000887222210817,0.0018279769581101785
Encephalomalacia,236,FLAIRax|SWIax,T2ax+FLAIRsag,-0.005381715325067075,0.004267188147118168
Encephalomalacia,236,FLAIRax|SWIax,T1ax+T2ax+FLAIRsag,0.0006724348450045659,0.002407163049677293
Encephalomalacia,236,FLAIRsag|SWIax,none,-0.23630813449498975,0.005838027701609354
Encephalomalacia,236,FLAIRsag|SWIax,T1ax,0.008934383192383525,0.0049499862273541225
Encephalomalacia,236,FLAIRsag|SWIax,T2ax,0.010453627831877014,0.008350972692023905
Encephalomalacia,236,FLAIRsag|SWIax,FLAIRax,-0.0009433677054817199,0.006490513984349074
Encephalomalacia,236,FLAIRsag|SWIax,T1ax+T2ax,0.006068726404238871,0.0019887284246245572
Encephalomalacia,236,FLAIRsag|SWIax,T1ax+FLAIRax,-0.0062267512921176564,0.0014126826773199401
Encephalomalacia,236,FLAIRsag|SWIax,T2ax+FLAIRax,0.005220605519904072,0.003118322705512
Encephalomalacia,236,FLAIRsag|SWIax,T1ax+T2ax+FLAIRax,0.0025039502365822677,0.002253284582830329
Arachnoid cyst,389,T1ax|T2ax,none,-0.2102737258162325,0.0010864077804937215
Arachnoid cyst,389,T1ax|T2ax,FLAIRax,-0.0022966561181795297,0.0033647629445165586
Arachnoid cyst,389,T1ax|T2ax,FLAIRsag,-0.03125484170226941,0.0027563218173256624
Arachnoid cyst,389,T1ax|T2ax,SWIax,-0.021867411494158422,0.002963814573930449
Arachnoid cyst,389,T1ax|T2ax,FLAIRax+FLAIRsag,-0.005265107348271643,0.0025835321308481977
Arachnoid cyst,389,T1ax|T2ax,FLAIRax+SWIax,-0.008679375861513646,0.004687452292561389
Arachnoid cyst,389,T1ax|T2ax,FLAIRsag+SWIax,-0.016911173820870633,0.002616147950470263
Arachnoid cyst,389,T1ax|T2ax,FLAIRax+FLAIRsag+SWIax,-0.005444262228307924,0.00229616504827759
Arachnoid cyst,389,T1ax|FLAIRax,none,-0.18033563679400608,0.007259193120671958
Arachnoid cyst,389,T1ax|FLAIRax,T2ax,0.027641432904046897,0.004589601844694383
Arachnoid cyst,389,T1ax|FLAIRax,FLAIRsag,-0.015591566082978773,0.004205389122741202
Arachnoid cyst,389,T1ax|FLAIRax,SWIax,0.0014767786724894834,0.010819735403303676
Arachnoid cyst,389,T1ax|FLAIRax,T2ax+FLAIRsag,0.01039816827101899,0.0051895573791054675
Arachnoid cyst,389,T1ax|FLAIRax,T2ax+SWIax,0.014664814305134258,0.004868804388087177
Arachnoid cyst,389,T1ax|FLAIRax,FLAIRsag+SWIax,-0.0034800300123681107,0.0032682840626730267
Arachnoid cyst,389,T1ax|FLAIRax,T2ax+FLAIRsag+SWIax,0.007986881580194597,0.0022904927445129737
Arachnoid cyst,389,T1ax|FLAIRsag,none,-0.1569966809000816,0.003933923700151963
Arachnoid cyst,389,T1ax|FLAIRsag,T2ax,0.022022203213881486,0.004395565804915194
Arachnoid cyst,389,T1ax|FLAIRsag,FLAIRax,0.007747389810945693,0.007045422270909438
Arachnoid cyst,389,T1ax|FLAIRsag,SWIax,-0.001795783802838069,0.004094639921412729
Arachnoid cyst,389,T1ax|FLAIRsag,T2ax+FLAIRax,0.00477893858085358,0.00385367503118059
Arachnoid cyst,389,T1ax|FLAIRsag,T2ax+SWIax,0.00316045387044972,0.0017750290172007372
Arachnoid cyst,389,T1ax|FLAIRsag,FLAIRax+SWIax,-0.006752592487695663,0.0035249337750474143
Arachnoid cyst,389,T1ax|FLAIRsag,T2ax+FLAIRax+SWIax,-0.0035174788544899416,0.0022342990730070357
Arachnoid cyst,389,T1ax|SWIax,none,-0.17311448172896213,0.005080769097705056
Arachnoid cyst,389,T1ax|SWIax,T2ax,0.015291832593111954,0.0036856886942898018
Arachnoid cyst,389,T1ax|SWIax,FLAIRax,0.008697933737533433,0.007250952625767141
Arachnoid cyst,389,T1ax|SWIax,FLAIRsag,-0.017913584631718587,0.003588636714244302
Arachnoid cyst,389,T1ax|SWIax,T2ax+FLAIRax,0.0023152139941993166,0.002566002394285005
Arachnoid cyst,389,T1ax|SWIax,T2ax+FLAIRsag,-0.0035699167503198126,0.0026780777877772896
Arachnoid cyst,389,T1ax|SWIax,FLAIRax+FLAIRsag,-0.005802048561107924,0.004068187793483974
Arachnoid cyst,389,T1ax|SWIax,T2ax+FLAIRax+FLAIRsag,-0.0059812034411442045,0.0009993619379483774
Arachnoid cyst,389,T2ax|FLAIRax,none,-0.21818042785516265,0.0023206032710221935
Arachnoid cyst,389,T2ax|FLAIRax,T1ax,-0.010203358157109673,0.003946820918520325
Arachnoid cyst,389,T2ax|FLAIRax,FLAIRsag,-0.03845153843840532,0.003420829299689601
Arachnoid cyst,389,T2ax|FLAIRax,SWIax,-0.014622321527478924,0.009697996768519863
Arachnoid cyst,389,T2ax|FLAIRax,T1ax+FLAIRsag,-0.012461804084407557,0.0031590646585934346
Arachnoid cyst,389,T2ax|FLAIRax,T1ax+SWIax,-0.0014342858948341493,0.0023068322384331543
Arachnoid cyst,389,T2ax|FLAIRax,FLAIRsag+SWIax,-0.01738140184863098,0.0028467325732715364
Arachnoid cyst,389,T2ax|FLAIRax,T1ax+FLAIRsag+SWIax,-0.005914490256068272,0.0007896865533397398
Arachnoid cyst,389,T2ax|FLAIRsag,none,-0.17091684853385158,0.0033478731383091566
Arachnoid cyst,389,T2ax|FLAIRsag,T1ax,0.008102035580111503,0.0017242978793111027
Arachnoid cyst,389,T2ax|FLAIRsag,FLAIRax,0.008812040882905733,0.004084080076558081
Arachnoid cyst,389,T2ax|FLAIRsag,SWIax,0.00016178661145360707,0.004017271608663684
Arachnoid cyst,389,T2ax|FLAIRsag,T1ax+FLAIRax,0.005843589652813619,0.005150880918564033
Arachnoid cyst,389,T2ax|FLAIRsag,T1ax+SWIax,0.005118024284741396,0.0015747250318210876
Arachnoid cyst,389,T2ax|FLAIRsag,FLAIRax+SWIax,-0.0025972937096984485,0.003930123073870667
Arachnoid cyst,389,T2ax|FLAIRsag,T1ax+FLAIRax+SWIax,0.0006378199235072731,0.00163174830043447
Arachnoid cyst,389,T2ax|SWIax,none,-0.1921220293598922,0.006715158084788289
Arachnoid cyst,389,T2ax|SWIax,T1ax,-0.003715715037818127,0.005715102571361495
Arachnoid cyst,389,T2ax|SWIax,FLAIRax,0.011436076967791512,0.006642755384350946
Arachnoid cyst,389,T2ax|SWIax,FLAIRsag,-0.021043394214587008,0.003988544076828429
Arachnoid cyst,389,T2ax|SWIax,T1ax+FLAIRax,0.005053357224457396,0.0002586796992789701
Arachnoid cyst,389,T2ax|SWIax,T1ax+FLAIRsag,-0.006699726333188234,0.005519008826739075
Arachnoid cyst,389,T2ax|SWIax,FLAIRax+FLAIRsag,2.6742375187331174e-05,0.007625641182182902
Arachnoid cyst,389,T2ax|SWIax,T1ax+FLAIRax+FLAIRsag,-0.0001524125048489496,0.0059469239946898095
Arachnoid cyst,389,FLAIRax|FLAIRsag,none,-0.1812772348726663,0.0031438133388019844
Arachnoid cyst,389,FLAIRax|FLAIRsag,T1ax,-0.016533164161639007,0.0037752773574553714
Arachnoid cyst,389,FLAIRax|FLAIRsag,T2ax,-0.0015483454559089838,0.0020969163267905194
Arachnoid cyst,389,FLAIRax|FLAIRsag,SWIax,0.0003611648179215887,0.00875451051118243
Arachnoid cyst,389,FLAIRax|FLAIRsag,T1ax+T2ax,-0.01879161008893689,0.0013900467170273718
Arachnoid cyst,389,FLAIRax|FLAIRsag,T1ax+SWIax,-0.004595643866936006,0.0011870515293073288
Arachnoid cyst,389,FLAIRax|FLAIRsag,T2ax+SWIax,-0.002397915503230467,0.0014544861076638475
Arachnoid cyst,389,FLAIRax|FLAIRsag,T1ax+T2ax+SWIax,-0.009075848228170128,0.0017753623861858046
Arachnoid cyst,389,FLAIRax|SWIax,none,-0.1992443042547595,0.011386977958579611
Arachnoid cyst,389,FLAIRax|SWIax,T1ax,-0.01743188878826396,0.004353529907268955
Arachnoid cyst,389,FLAIRax|SWIax,T2ax,0.0043138020729242,0.0005324083565000498
Arachnoid cyst,389,FLAIRax|SWIax,FLAIRsag,-0.01760590456417162,0.006829431803267857
Arachnoid cyst,389,FLAIRax|SWIax,T1ax+T2ax,-0.008662816525988437,0.0030292246054352476
Arachnoid cyst,389,FLAIRax|SWIax,T1ax+FLAIRsag,-0.00549436849356096,0.0028123885181544845
Arachnoid cyst,389,FLAIRax|SWIax,T2ax+FLAIRsag,0.003464232025602717,0.0019999186394574447
Arachnoid cyst,389,FLAIRax|SWIax,T1ax+T2ax+FLAIRsag,0.001052945334778325,0.0013375395161622577
Arachnoid cyst,389,FLAIRsag|SWIax,none,-0.16282599526364927,0.004233131804023343
Arachnoid cyst,389,FLAIRsag|SWIax,T1ax,-0.007625098166405738,0.00594842018823111
Arachnoid cyst,389,FLAIRsag|SWIax,T2ax,0.008252639881655921,0.0025218580269196723
Arachnoid cyst,389,FLAIRsag|SWIax,FLAIRax,0.018812404426938618,0.0040693173293773555
Arachnoid cyst,389,FLAIRsag|SWIax,T1ax+T2ax,-0.010609109461775845,0.00600519264896209
Arachnoid cyst,389,FLAIRsag|SWIax,T1ax+FLAIRax,0.004312422128297262,0.00910095693882449
Arachnoid cyst,389,FLAIRsag|SWIax,T2ax+FLAIRax,0.0074030698343344374,0.002108930355975478
Arachnoid cyst,389,FLAIRsag|SWIax,T1ax+T2ax+FLAIRax,-0.0008933476010090832,0.0036930796063531623
Empty sella syndrome,351,T1ax|T2ax,none,-0.19081045865311885,0.007437781206739121
Empty sella syndrome,351,T1ax|T2ax,FLAIRax,-0.012836372122665715,0.003034018182520673
Empty sella syndrome,351,T1ax|T2ax,FLAIRsag,-0.03516311869920959,0.0048911101155815805
Empty sella syndrome,351,T1ax|T2ax,SWIax,-0.02434392377620272,0.0024888553275933334
Empty sella syndrome,351,T1ax|T2ax,FLAIRax+FLAIRsag,-0.01172517068705218,0.0019856653538734633
Empty sella syndrome,351,T1ax|T2ax,FLAIRax+SWIax,-0.0014115304058532525,0.004706538833439928
Empty sella syndrome,351,T1ax|T2ax,FLAIRsag+SWIax,-0.011643248464010806,0.0006011266348103548
Empty sella syndrome,351,T1ax|T2ax,FLAIRax+FLAIRsag+SWIax,-0.004935813938246973,0.002503779655332787
Empty sella syndrome,351,T1ax|FLAIRax,none,-0.16923634624364556,0.01262907693038835
Empty sella syndrome,351,T1ax|FLAIRax,T2ax,0.00873774028680759,0.004256020370964903
Empty sella syndrome,351,T1ax|FLAIRax,FLAIRsag,-0.014449819802617983,0.004498627855689455
Empty sella syndrome,351,T1ax|FLAIRax,SWIax,-0.02750549141465597,0.0004857379622594377
Empty sella syndrome,351,T1ax|FLAIRax,T2ax+FLAIRsag,0.008988128209539425,0.002645746370829534
Empty sella syndrome,351,T1ax|FLAIRax,T2ax+SWIax,-0.004573098044306501,0.00241124630667525
Empty sella syndrome,351,T1ax|FLAIRax,FLAIRsag+SWIax,-0.0025374358302176305,0.0015426210876419589
Empty sella syndrome,351,T1ax|FLAIRax,T2ax+FLAIRsag+SWIax,0.0041699986955462025,0.002442422629957582
Empty sella syndrome,351,T1ax|FLAIRsag,none,-0.16688932706775364,0.00578113654031735
Empty sella syndrome,351,T1ax|FLAIRsag,T2ax,-0.011241987113844387,0.006055420950827438
Empty sella syndrome,351,T1ax|FLAIRsag,FLAIRax,-0.012102800626726085,0.002459286492354093
Empty sella syndrome,351,T1ax|FLAIRsag,SWIax,-0.034662185311009286,0.002056917134716073
Empty sella syndrome,351,T1ax|FLAIRsag,T2ax+FLAIRax,-0.010991599191112552,0.005449682681684979
Empty sella syndrome,351,T1ax|FLAIRsag,T2ax+SWIax,-0.02196150999881737,0.0019988686603493984
Empty sella syndrome,351,T1ax|FLAIRsag,FLAIRax+SWIax,-0.009694129726570947,0.0012801939472364022
Empty sella syndrome,351,T1ax|FLAIRsag,T2ax+FLAIRax+SWIax,-0.013218413258964667,0.0017986940374206362
Empty sella syndrome,351,T1ax|SWIax,none,-0.1401525916935488,0.006362853334985474
Empty sella syndrome,351,T1ax|SWIax,T2ax,0.026313943183367328,0.0002846129579841561
Empty sella syndrome,351,T1ax|SWIax,FLAIRax,0.0015782631354407755,0.007569826513446042
Empty sella syndrome,351,T1ax|SWIax,FLAIRsag,-0.00792544993680444,0.0020380609161828023
Empty sella syndrome,351,T1ax|SWIax,T2ax+FLAIRax,0.013003104852253236,0.003174979884312482
Empty sella syndrome,351,T1ax|SWIax,T2ax+FLAIRsag,0.015594420298394343,0.006317865318604808
Empty sella syndrome,351,T1ax|SWIax,FLAIRax+FLAIRsag,0.003986934035595913,0.0050359443427651284
Empty sella syndrome,351,T1ax|SWIax,T2ax+FLAIRax+FLAIRsag,0.010776290784401121,0.0033600165794400072
Empty sella syndrome,351,T2ax|FLAIRax,none,-0.1891885036653894,0.004776033977911929
Empty sella syndrome,351,T2ax|FLAIRax,T1ax,-0.011214417134936242,0.0049781023350460914
Empty sella syndrome,351,T2ax|FLAIRax,FLAIRsag,-0.02778833314113127,0.0011637243142163518
Empty sella syndrome,351,T2ax|FLAIRax,SWIax,-0.031957754179976296,0.004883251099140991
Empty sella syndrome,351,T2ax|FLAIRax,T1ax+FLAIRsag,-0.004350385128973862,0.003605268849285874
Empty sella syndrome,351,T2ax|FLAIRax,T1ax+SWIax,-0.009025360809626829,0.0058987616168055725
Empty sella syndrome,351,T2ax|FLAIRax,FLAIRsag+SWIax,-0.009831769564129603,0.0021549756792262746
Empty sella syndrome,351,T2ax|FLAIRax,T1ax+FLAIRsag+SWIax,-0.00312433503836577,0.0016115628329873071
Empty sella syndrome,351,T2ax|FLAIRsag,none,-0.16663300503527592,0.007200529028765715
Empty sella syndrome,351,T2ax|FLAIRsag,T1ax,-0.010985665081366669,0.0006374014846786156
Empty sella syndrome,351,T2ax|FLAIRsag,FLAIRax,-0.005232834511017821,0.00336175958053337
Empty sella syndrome,351,T2ax|FLAIRsag,SWIax,-0.024451472951067494,0.003751122338888225
Empty sella syndrome,351,T2ax|FLAIRsag,T1ax+FLAIRax,-0.004121633075404289,0.0013097244005667906
Empty sella syndrome,351,T2ax|FLAIRsag,T1ax+SWIax,-0.01175079763887558,0.0020651933728439665
Empty sella syndrome,351,T2ax|FLAIRsag,FLAIRax+SWIax,-0.002325488335220801,0.003116201975555798
Empty sella syndrome,351,T2ax|FLAIRsag,T1ax+FLAIRax+SWIax,-0.005849771867614521,0.0027712009530708476
Empty sella syndrome,351,T2ax|SWIax,none,-0.1692916962584441,0.004047419751519295
Empty sella syndrome,351,T2ax|SWIax,T1ax,-0.0028251613815279595,0.005900433275489521
Empty sella syndrome,351,T2ax|SWIax,FLAIRax,-0.012060946773031008,0.006203046893137785
Empty sella syndrome,351,T2ax|SWIax,FLAIRsag,-0.027110164174235656,0.003774836545289023
Empty sella syndrome,351,T2ax|SWIax,T1ax+FLAIRax,-0.0006361050562185463,0.0037411840688111866
Empty sella syndrome,351,T2ax|SWIax,T1ax+FLAIRsag,-0.0035902939390368704,0.0034289352198770854
Empty sella syndrome,351,T2ax|SWIax,FLAIRax+FLAIRsag,-0.009153600597233988,0.0007578391053397703
Empty sella syndrome,351,T2ax|SWIax,T1ax+FLAIRax+FLAIRsag,-0.0023642438484287784,0.0015270163960945365
Empty sella syndrome,351,FLAIRax|FLAIRsag,none,-0.15415698566550148,0.007779325832552481
Empty sella syndrome,351,FLAIRax|FLAIRsag,T1ax,0.0006295407755260903,0.0034973072383613917
Empty sella syndrome,351,FLAIRax|FLAIRsag,T2ax,0.007243184858756635,0.0024442262272357036
Empty sella syndrome,351,FLAIRax|FLAIRsag,SWIax,-0.02507161367664205,0.005504059226938259
Empty sella syndrome,351,FLAIRax|FLAIRsag,T1ax+T2ax,0.007493572781488471,0.0015983415057578942
Empty sella syndrome,351,FLAIRax|FLAIRsag,T1ax+SWIax,-0.00010355809220371122,0.006513423742695213
Empty sella syndrome,351,FLAIRax|FLAIRsag,T2ax+SWIax,-0.0029456290607953553,0.0019585007589898416
Empty sella syndrome,351,FLAIRax|FLAIRsag,T1ax+T2ax+SWIax,0.005797467679057348,0.002221139928203535
Empty sella syndrome,351,FLAIRax|SWIax,none,-0.14685729547854454,0.001436028585376215
Empty sella syndrome,351,FLAIRax|SWIax,T1ax,-0.005126440649554957,0.01372796223837861
Empty sella syndrome,351,FLAIRax|SWIax,T2ax,0.010373454006868546,0.003040187743963589
Empty sella syndrome,351,FLAIRax|SWIax,FLAIRsag,-0.01777192348968511,0.003734505364259168
Empty sella syndrome,351,FLAIRax|SWIax,T1ax+T2ax,-0.0029373843242455435,0.004205756584828296
Empty sella syndrome,351,FLAIRax|SWIax,T1ax+FLAIRsag,-0.005859539517284758,0.006652788542354494
Empty sella syndrome,351,FLAIRax|SWIax,T2ax+FLAIRsag,0.00018464008731655657,0.0032111662843590984
Empty sella syndrome,351,FLAIRax|SWIax,T1ax+T2ax+FLAIRsag,-0.004633489426676666,0.0021490289613925093
Empty sella syndrome,351,FLAIRsag|SWIax,none,-0.12761334517214482,0.0033078667733003756
Empty sella syndrome,351,FLAIRsag|SWIax,T1ax,0.004613796584599557,0.007218822003717708
Empty sella syndrome,351,FLAIRsag|SWIax,T2ax,0.01456818691206363,0.004654178109249128
Empty sella syndrome,351,FLAIRsag|SWIax,FLAIRax,0.0014720268167146184,0.0028525642313200167
Empty sella syndrome,351,FLAIRsag|SWIax,T1ax+T2ax,0.003848664027090646,0.004650492670565167
Empty sella syndrome,351,FLAIRsag|SWIax,T1ax+FLAIRax,0.0038806977168697556,0.0010176948161097676
Empty sella syndrome,351,FLAIRsag|SWIax,T2ax+FLAIRax,0.004379372992511639,0.00512142922380356
Empty sella syndrome,351,FLAIRsag|SWIax,T1ax+T2ax+FLAIRax,0.0021525589246595236,0.0020824423999334755
Intracranial aneurysm,61,T1ax|T2ax,none,-0.13182093929109306,0.007115243034262312
Intracranial aneurysm,61,T1ax|T2ax,FLAIRax,0.019818112189329162,0.00978012239567828
Intracranial aneurysm,61,T1ax|T2ax,FLAIRsag,0.00662975272814148,0.00916820584205741
Intracranial aneurysm,61,T1ax|T2ax,SWIax,-0.0008941558395928843,0.016076041803374144
Intracranial aneurysm,61,T1ax|T2ax,FLAIRax+FLAIRsag,0.013811984850294778,0.006177424446278664
Intracranial aneurysm,61,T1ax|T2ax,FLAIRax+SWIax,0.027883081658035547,0.008456359222866354
Intracranial aneurysm,61,T1ax|T2ax,FLAIRsag+SWIax,0.03881467844352471,0.004370016136901945
Intracranial aneurysm,61,T1ax|T2ax,FLAIRax+FLAIRsag+SWIax,0.02834509145334574,0.0031038259413002146
Intracranial aneurysm,61,T1ax|FLAIRax,none,-0.16731342182372658,0.014117161763618645
Intracranial aneurysm,61,T1ax|FLAIRax,T2ax,-0.01567437034330436,0.007610485115413285
Intracranial aneurysm,61,T1ax|FLAIRax,FLAIRsag,0.006257041404041264,0.007722354613475857
Intracranial aneurysm,61,T1ax|FLAIRax,SWIax,-0.01600082213149893,0.008864448520358836
Intracranial aneurysm,61,T1ax|FLAIRax,T2ax+FLAIRsag,0.013439273526194562,0.013400184772079887
Intracranial aneurysm,61,T1ax|FLAIRax,T2ax+SWIax,0.012776415366129501,0.015483880352790375
Intracranial aneurysm,61,T1ax|FLAIRax,FLAIRsag+SWIax,0.0120593925595928,0.007792841927550573
Intracranial aneurysm,61,T1ax|FLAIRax,T2ax+FLAIRsag+SWIax,0.0015898055694138307,0.006520039021761096
Intracranial aneurysm,61,T1ax|FLAIRsag,none,-0.16929321284773693,0.007500749857530817
Intracranial aneurysm,61,T1ax|FLAIRsag,T2ax,-0.0308425208285024,0.019079979054062175
Intracranial aneurysm,61,T1ax|FLAIRsag,FLAIRax,0.004277250380030906,0.0032676703426986853
Intracranial aneurysm,61,T1ax|FLAIRsag,SWIax,-0.03711537245367602,0.014285309501695096
Intracranial aneurysm,61,T1ax|FLAIRsag,T2ax+FLAIRax,-0.001728876959003478,0.002032564681137899
Intracranial aneurysm,61,T1ax|FLAIRsag,T2ax+SWIax,0.0025934618294415714,0.013108346560399805
Intracranial aneurysm,61,T1ax|FLAIRsag,FLAIRax+SWIax,-0.00905515776258429,0.01217071019044915
Intracranial aneurysm,61,T1ax|FLAIRsag,T2ax+FLAIRax+SWIax,-0.008593147967274098,0.004782494880093785
Intracranial aneurysm,61,T1ax|SWIax,none,-0.15702155343034951,0.017497366905018828
Intracranial aneurysm,61,T1ax|SWIax,T2ax,-0.026094769978849335,0.01687172806896296
Intracranial aneurysm,61,T1ax|SWIax,FLAIRax,-0.005708953738121858,0.009054213755008145
Intracranial aneurysm,61,T1ax|SWIax,FLAIRsag,-0.02484371303628859,0.012956968839373136
Intracranial aneurysm,61,T1ax|SWIax,T2ax+FLAIRax,0.0023560157305845264,0.008568420543240593
Intracranial aneurysm,61,T1ax|SWIax,T2ax+FLAIRsag,0.007341212679094637,0.0164881487927142
Intracranial aneurysm,61,T1ax|SWIax,FLAIRax+FLAIRsag,-0.019041361880737056,0.009248933521849016
Intracranial aneurysm,61,T1ax|SWIax,T2ax+FLAIRax+FLAIRsag,-0.004508255277686095,0.006132675125534792
Intracranial aneurysm,61,T2ax|FLAIRax,none,-0.15945047184726624,0.009294054609262477
Intracranial aneurysm,61,T2ax|FLAIRax,T1ax,-0.007811420366844013,0.01010254436975213
Intracranial aneurysm,61,T2ax|FLAIRax,FLAIRsag,-0.027048653320497773,0.010859331651492426
Intracranial aneurysm,61,T2ax|FLAIRax,SWIax,-0.03920232164313875,0.010248181055982571
Intracranial aneurysm,61,T2ax|FLAIRax,T1ax+FLAIRsag,-0.019866421198344475,0.010230872060484538
Intracranial aneurysm,61,T2ax|FLAIRax,T1ax+SWIax,-0.010425084145510318,0.002636199040719713
Intracranial aneurysm,61,T2ax|FLAIRax,FLAIRsag+SWIax,0.013489632008319727,0.009521202842750548
Intracranial aneurysm,61,T2ax|FLAIRax,T1ax+FLAIRsag+SWIax,0.0030200450181407565,0.006095623430234667
Intracranial aneurysm,61,T2ax|FLAIRsag,none,-0.13393043268476287,0.017847207400099055
Intracranial aneurysm,61,T2ax|FLAIRsag,T1ax,0.004520259334471681,0.0035554403810519573
Intracranial aneurysm,61,T2ax|FLAIRsag,FLAIRax,-0.0015286141579943975,0.0027848482470981535
Intracranial aneurysm,61,T2ax|FLAIRsag,SWIax,-0.07822546078011143,0.012900419851119681
Intracranial aneurysm,61,T2ax|FLAIRsag,T1ax+FLAIRax,-0.007534741497028781,0.003801233611435754
Intracranial aneurysm,61,T2ax|FLAIRsag,T1ax+SWIax,-0.03851662649699383,0.0017584997467638812
Intracranial aneurysm,61,T2ax|FLAIRsag,FLAIRax+SWIax,-0.02553350712865295,0.011414450650862717
Intracranial aneurysm,61,T2ax|FLAIRsag,T1ax+FLAIRax+SWIax,-0.025071497333342758,0.003978968085417414
Intracranial aneurysm,61,T2ax|SWIax,none,-0.12785198822314195,0.016687299404000065
Intracranial aneurysm,61,T2ax|SWIax,T1ax,0.0030747952283582216,0.005371869952338595
Intracranial aneurysm,61,T2ax|SWIax,FLAIRax,-0.007603838019014468,0.0021702369771764048
Intracranial aneurysm,61,T2ax|SWIax,FLAIRsag,-0.07214701631849052,0.010402500823989153
Intracranial aneurysm,61,T2ax|SWIax,T1ax+FLAIRax,0.00046113144969191683,0.0036209762344465504
Intracranial aneurysm,61,T2ax|SWIax,T1ax+FLAIRsag,-0.03996209060310729,0.007752068077860922
Intracranial aneurysm,61,T2ax|SWIax,FLAIRax+FLAIRsag,-0.03160873098967302,0.008823833513289756
Intracranial aneurysm,61,T2ax|SWIax,T1ax+FLAIRax+FLAIRsag,-0.017075624386622062,0.005448833749597834
Intracranial aneurysm,61,FLAIRax|FLAIRsag,none,-0.13746050372535654,0.013296365091322983
Intracranial aneurysm,61,FLAIRax|FLAIRsag,T1ax,0.036109959502411325,0.006060318131992658
Intracranial aneurysm,61,FLAIRax|FLAIRsag,T2ax,-0.00505868519858806,0.01815473484786497
Intracranial aneurysm,61,FLAIRax|FLAIRsag,SWIax,-0.03235239694663646,0.006184036654896872
Intracranial aneurysm,61,FLAIRax|FLAIRsag,T1ax+T2ax,0.02405495867091086,0.006414859158593586
Intracranial aneurysm,61,FLAIRax|FLAIRsag,T1ax+SWIax,-0.00429218225554473,0.00720600106847036
Intracranial aneurysm,61,FLAIRax|FLAIRsag,T2ax+SWIax,0.020339556704822015,0.01383634330081818
Intracranial aneurysm,61,FLAIRax|FLAIRsag,T1ax+T2ax+SWIax,0.009152946908106344,0.003319059739698197
Intracranial aneurysm,61,FLAIRax|SWIax,none,-0.14704091216778037,0.004995273587495274
Intracranial aneurysm,61,FLAIRax|SWIax,T1ax,0.004271687524447287,0.007892456696692213
Intracranial aneurysm,61,FLAIRax|SWIax,T2ax,-0.026792761963652878,0.012453282873459025
Intracranial aneurysm,61,FLAIRax|SWIax,FLAIRsag,-0.0419328053890603,0.009032672240780696
Intracranial aneurysm,61,FLAIRax|SWIax,T1ax+T2ax,0.0016580237457809825,0.0015479220065662052
Intracranial aneurysm,61,FLAIRax|SWIax,T1ax+FLAIRsag,-0.03613045423350877,0.006543689450760147
Intracranial aneurysm,61,FLAIRax|SWIax,T2ax+FLAIRsag,-0.0013945200602428025,0.008165169287579675
Intracranial aneurysm,61,FLAIRax|SWIax,T1ax+T2ax+FLAIRsag,-0.013243988017023534,0.005176569047056661
Intracranial aneurysm,61,FLAIRsag|SWIax,none,-0.07063187012664567,0.014313041155964525
Intracranial aneurysm,61,FLAIRsag|SWIax,T1ax,0.06154597026741526,0.0010051478438486091
Intracranial aneurysm,61,FLAIRsag|SWIax,T2ax,-0.014926898221994223,0.012655050620476033
Intracranial aneurysm,61,FLAIRsag|SWIax,FLAIRax,0.03447623665207441,0.010274868932540381
Intracranial aneurysm,61,FLAIRsag|SWIax,T1ax+T2ax,0.018509084435949747,0.004429923004668336
Intracranial aneurysm,61,FLAIRsag|SWIax,T1ax+FLAIRax,0.02114382850945921,0.0018075720210732223
Intracranial aneurysm,61,FLAIRsag|SWIax,T2ax+FLAIRax,0.010471343681415854,0.004975176263197376
Intracranial aneurysm,61,FLAIRsag|SWIax,T1ax+T2ax+FLAIRax,0.003607072673145232,0.007301274438792423
Chiari malformation,56,T1ax|T2ax,none,-0.24947118988968617,0.014518952387540062
Chiari malformation,56,T1ax|T2ax,FLAIRax,-0.026184547397195963,0.013061443408919224
Chiari malformation,56,T1ax|T2ax,FLAIRsag,-0.058351119713173825,0.009209931428477598
Chiari malformation,56,T1ax|T2ax,SWIax,-0.05289790490470577,0.00878470058735003
Chiari malformation,56,T1ax|T2ax,FLAIRax+FLAIRsag,-0.013594786741943218,0.005841869944234856
Chiari malformation,56,T1ax|T2ax,FLAIRax+SWIax,-0.02683543964870942,0.00310642235189882
Chiari malformation,56,T1ax|T2ax,FLAIRsag+SWIax,-0.0073073970939987465,0.005914520485091651
Chiari malformation,56,T1ax|T2ax,FLAIRax+FLAIRsag+SWIax,-0.008061565099425202,0.0031457411498562187
Chiari malformation,56,T1ax|FLAIRax,none,-0.21711878496713025,0.029936571408424067
Chiari malformation,56,T1ax|FLAIRax,T2ax,0.006167857525359939,0.004559931641399943
Chiari malformation,56,T1ax|FLAIRax,FLAIRsag,-0.046731959893307216,0.009325169441935989
Chiari malformation,56,T1ax|FLAIRax,SWIax,-0.011262794718401414,0.0020189229381888225
Chiari malformation,56,T1ax|FLAIRax,T2ax+FLAIRsag,-0.0019756269220766085,0.0019448895708099536
Chiari malformation,56,T1ax|FLAIRax,T2ax+SWIax,0.014799670537594936,0.006272720100237243
Chiari malformation,56,T1ax|FLAIRax,FLAIRsag+SWIax,0.0026765632889120075,0.001063253704277483
Chiari malformation,56,T1ax|FLAIRax,T2ax+FLAIRsag+SWIax,0.0019223952834855524,0.005241872837912072
Chiari malformation,56,T1ax|FLAIRsag,none,-0.1707897280150145,0.008513964894352011
Chiari malformation,56,T1ax|FLAIRsag,T2ax,0.020330342161497834,0.003633820173006725
Chiari malformation,56,T1ax|FLAIRsag,FLAIRax,-0.00040290294119145936,0.012917824087761964
Chiari malformation,56,T1ax|FLAIRsag,SWIax,-0.018308177399694998,0.0007277818575399253
Chiari malformation,56,T1ax|FLAIRsag,T2ax+FLAIRax,0.012186857714061286,0.0023383164497850955
Chiari malformation,56,T1ax|FLAIRsag,T2ax+SWIax,0.027282330411012023,0.00672498028435407
Chiari malformation,56,T1ax|FLAIRsag,FLAIRax+SWIax,-0.004368819392381577,0.003178114508575103
Chiari malformation,56,T1ax|FLAIRsag,T2ax+FLAIRax+SWIax,0.014405055156902638,0.0011307667700348725
Chiari malformation,56,T1ax|SWIax,none,-0.19052750960082013,0.019828216169948138
Chiari malformation,56,T1ax|SWIax,T2ax,0.006045775384160253,0.004687436226985129
Chiari malformation,56,T1ax|SWIax,FLAIRax,0.015328480647908704,0.012944709768338508
Chiari malformation,56,T1ax|SWIax,FLAIRsag,-0.03804595898550064,0.012023557176778879
Chiari malformation,56,T1ax|SWIax,T2ax+FLAIRax,0.01467758839639525,0.002485725353371326
Chiari malformation,56,T1ax|SWIax,T2ax+FLAIRsag,0.012997763633674442,0.006343343797468803
Chiari malformation,56,T1ax|SWIax,FLAIRax+FLAIRsag,0.011362564196718586,0.0074722838430833875
Chiari malformation,56,T1ax|SWIax,T2ax+FLAIRax+FLAIRsag,0.016895785839236604,0.003123997971177112
Chiari malformation,56,T2ax|FLAIRax,none,-0.27961942247178406,0.019943180870280953
Chiari malformation,56,T2ax|FLAIRax,T1ax,-0.05633277997929387,0.00671110179839359
Chiari malformation,56,T2ax|FLAIRax,FLAIRsag,-0.07405477184983451,0.018588858718374894
Chiari malformation,56,T2ax|FLAIRax,SWIax,-0.06353562631007204,0.015323598540027794
Chiari malformation,56,T2ax|FLAIRax,T1ax+FLAIRsag,-0.02929843887860391,0.008836637297200273
Chiari malformation,56,T2ax|FLAIRax,T1ax+SWIax,-0.037473161054075686,0.008260766989843973
Chiari malformation,56,T2ax|FLAIRax,FLAIRsag+SWIax,-0.017189675484631017,0.006897564393644011
Chiari malformation,56,T2ax|FLAIRax,T1ax+FLAIRsag+SWIax,-0.01794384349005747,0.0024687382739677736
Chiari malformation,56,T2ax|FLAIRsag,none,-0.19545605807922398,0.020789239753976813
Chiari malformation,56,T2ax|FLAIRsag,T1ax,-0.004335987902711651,0.01873315789052082
Chiari malformation,56,T2ax|FLAIRsag,FLAIRax,0.010108592542725559,0.015944270395755716
Chiari malformation,56,T2ax|FLAIRsag,SWIax,-0.058258362786048346,0.011795097657854822
Chiari malformation,56,T2ax|FLAIRsag,T1ax+FLAIRax,0.022698353197978305,0.020374429262404185
Chiari malformation,56,T2ax|FLAIRsag,T1ax+SWIax,-0.012667854975341323,0.01130742717866679
Chiari malformation,56,T2ax|FLAIRsag,FLAIRax+SWIax,-0.011912411960607328,0.005773228611053115
Chiari malformation,56,T2ax|FLAIRsag,T1ax+FLAIRax+SWIax,0.006861462588676888,0.007728344142488851
Chiari malformation,56,T2ax|SWIax,none,-0.1942741244511085,0.02050746351795176
Chiari malformation,56,T2ax|SWIax,T1ax,0.0022991605338718766,0.0034984390637240533
Chiari malformation,56,T2ax|SWIax,FLAIRax,0.021809671710603513,0.015089109198430001
Chiari malformation,56,T2ax|SWIax,FLAIRsag,-0.05707642915793287,0.0167945754107106
Chiari malformation,56,T2ax|SWIax,T1ax+FLAIRax,0.02115877945909006,0.00703696261288906
Chiari malformation,56,T2ax|SWIax,T1ax+FLAIRsag,-0.006032706538757797,0.01083205655131716
Chiari malformation,56,T2ax|SWIax,FLAIRax+FLAIRsag,-0.00021133279272937214,0.005381515292880955
Chiari malformation,56,T2ax|SWIax,T1ax+FLAIRax+FLAIRsag,0.005321888849788643,0.007320646798508869
Chiari malformation,56,FLAIRax|FLAIRsag,none,-0.1976194301218398,0.004781315142254851
Chiari malformation,56,FLAIRax|FLAIRsag,T1ax,-0.02723260504801676,0.021803116163440783
Chiari malformation,56,FLAIRax|FLAIRsag,T2ax,0.007945220500109743,0.0030671934663598233
Chiari malformation,56,FLAIRax|FLAIRsag,SWIax,-0.034373932179704934,0.010766076774205133
Chiari malformation,56,FLAIRax|FLAIRsag,T1ax+T2ax,-0.0001982639473268044,0.008681469688021729
Chiari malformation,56,FLAIRax|FLAIRsag,T1ax+SWIax,-0.02043457417239151,0.010071597485063406
Chiari malformation,56,FLAIRax|FLAIRsag,T2ax+SWIax,0.011972018645736085,0.0018493084271848244
Chiari malformation,56,FLAIRax|FLAIRsag,T1ax+T2ax+SWIax,-0.0009052566083732986,0.0069580986083136965
Chiari malformation,56,FLAIRax|SWIax,none,-0.2168730269230965,0.02951322558116656
Chiari malformation,56,FLAIRax|SWIax,T1ax,-0.011017036674367672,0.0046429917792764576
Chiari malformation,56,FLAIRax|SWIax,T2ax,-0.0007892307613844851,0.007832771163394519
Chiari malformation,56,FLAIRax|SWIax,FLAIRsag,-0.053627528980961646,0.020680851750300464
Chiari malformation,56,FLAIRax|SWIax,T1ax+T2ax,0.007842582250850513,0.0058902884765615815
Chiari malformation,56,FLAIRax|SWIax,T1ax+FLAIRsag,-0.004219005798742422,0.012305386090802327
Chiari malformation,56,FLAIRax|SWIax,T2ax+FLAIRsag,0.0032375673842418573,0.006511299127553223
Chiari malformation,56,FLAIRax|SWIax,T1ax+T2ax+FLAIRsag,0.0071355895898040185,0.004135112817346938
Chiari malformation,56,FLAIRsag|SWIax,none,-0.128904078499773,0.005175898379959328
Chiari malformation,56,FLAIRsag|SWIax,T1ax,0.023577472115546505,0.010213075642604345
Chiari malformation,56,FLAIRsag|SWIax,T2ax,0.008293616793402644,0.012519349576072654
Chiari malformation,56,FLAIRsag|SWIax,FLAIRax,0.034341419442361874,0.011960147376752033
Chiari malformation,56,FLAIRsag|SWIax,T1ax+T2ax,0.015245605042916832,0.008826589084351157
Chiari malformation,56,FLAIRsag|SWIax,T1ax+FLAIRax,0.030375502991171754,0.0035522714637679356
Chiari malformation,56,FLAIRsag|SWIax,T2ax+FLAIRax,0.012320414939028987,0.011222045493608836
Chiari malformation,56,FLAIRsag|SWIax,T1ax+T2ax+FLAIRax,0.014538612381870339,0.00912433346787859
Schwannoma,38,T1ax|T2ax,none,-0.19333080161654811,0.030599164709968648
Schwannoma,38,T1ax|T2ax,FLAIRax,0.03450636211051402,0.007551386566567926
Schwannoma,38,T1ax|T2ax,FLAIRsag,-0.018196948812437202,0.010642911008389757
Schwannoma,38,T1ax|T2ax,SWIax,-0.02660834341331675,0.017560061392351847
Schwannoma,38,T1ax|T2ax,FLAIRax+FLAIRsag,0.010449895449473426,0.008420139103753305
Schwannoma,38,T1ax|T2ax,FLAIRax+SWIax,-0.021280017253181033,0.004154923508349858
Schwannoma,38,T1ax|T2ax,FLAIRsag+SWIax,-0.02461110017159403,0.01901317068732036
Schwannoma,38,T1ax|T2ax,FLAIRax+FLAIRsag+SWIax,-0.011799206728740538,0.007701169413925747
Schwannoma,38,T1ax|FLAIRax,none,-0.26948343600851404,0.025073774908745357
Schwannoma,38,T1ax|FLAIRax,T2ax,-0.041646272281451936,0.01976272701931251
Schwannoma,38,T1ax|FLAIRax,FLAIRsag,-0.03903016493666015,0.011027451844779535
Schwannoma,38,T1ax|FLAIRax,SWIax,-0.02907067240522469,0.005252375179692177
Schwannoma,38,T1ax|FLAIRax,T2ax+FLAIRsag,-0.010383320674749527,0.00985059503054012
Schwannoma,38,T1ax|FLAIRax,T2ax+SWIax,-0.023742346245088974,0.0103276265530329
Schwannoma,38,T1ax|FLAIRax,FLAIRsag+SWIax,-0.019338565548022973,0.012404247667994528
Schwannoma,38,T1ax|FLAIRax,T2ax+FLAIRsag+SWIax,-0.006526672105169477,0.004843562099659639
Schwannoma,38,T1ax|FLAIRsag,none,-0.22158147908520642,0.03022549108374776
Schwannoma,38,T1ax|FLAIRsag,T2ax,-0.04644762628109552,0.018580130444636102
Schwannoma,38,T1ax|FLAIRsag,FLAIRax,0.008871791986647485,0.004893633883719734
Schwannoma,38,T1ax|FLAIRsag,SWIax,-0.028043451761418463,0.009948132532614323
Schwannoma,38,T1ax|FLAIRsag,T2ax+FLAIRax,-0.015184674674393106,0.005677334775807171
Schwannoma,38,T1ax|FLAIRsag,T2ax+SWIax,-0.026046208519695746,0.00723524276728396
Schwannoma,38,T1ax|FLAIRsag,FLAIRax+SWIax,-0.018311344904216747,0.0038994416883554868
Schwannoma,38,T1ax|FLAIRsag,T2ax+FLAIRax+SWIax,-0.008830534379776248,0.006155583450670362
Schwannoma,38,T1ax|SWIax,none,-0.1909988091554381,0.022134701041765147
Schwannoma,38,T1ax|SWIax,T2ax,-0.024276350952206743,0.0097299239639651
Schwannoma,38,T1ax|SWIax,FLAIRax,0.04941395444785127,0.010267859826174449
Schwannoma,38,T1ax|SWIax,FLAIRsag,0.0025392181683498625,0.015789431391704564
Schwannoma,38,T1ax|SWIax,T2ax+FLAIRax,-0.006372424915843777,0.011884401248871645
Schwannoma,38,T1ax|SWIax,T2ax+FLAIRsag,-0.0038749331908069693,0.006496079003626532
Schwannoma,38,T1ax|SWIax,FLAIRax+FLAIRsag,0.022230817556987043,0.01007268687313472
Schwannoma,38,T1ax|SWIax,T2ax+FLAIRax+FLAIRsag,-1.82846212269198e-05,0.011501536715520438
Schwannoma,38,T2ax|FLAIRax,none,-0.22538139844533833,0.019668393402686394
Schwannoma,38,T2ax|FLAIRax,T1ax,0.002455765281723791,0.011211380732894693
Schwannoma,38,T2ax|FLAIRax,FLAIRsag,-0.023652798484720572,0.01831799364938162
Schwannoma,38,T2ax|FLAIRax,SWIax,-0.01361969863193524,0.018337936658491445
Schwannoma,38,T2ax|FLAIRax,T1ax+FLAIRsag,0.004994045777190055,0.004433663404087756
Schwannoma,38,T2ax|FLAIRax,T1ax+SWIax,-0.008291372471799527,0.011835119832703812
Schwannoma,38,T2ax|FLAIRax,FLAIRsag+SWIax,-0.01757527169071797,0.006148825127055924
Schwannoma,38,T2ax|FLAIRax,T1ax+FLAIRsag+SWIax,-0.004763378247864473,0.006951259974995532
Schwannoma,38,T2ax|FLAIRsag,none,-0.17628297092276393,0.02113775708742915
Schwannoma,38,T2ax|FLAIRsag,T1ax,-0.0011491181186530364,0.005128348382009117
Schwannoma,38,T2ax|FLAIRsag,FLAIRax,0.025445629037853818,0.0016400909285318212
Schwannoma,38,T2ax|FLAIRsag,SWIax,0.0006769998218421428,0.010545395272281509
Schwannoma,38,T2ax|FLAIRsag,T1ax+FLAIRax,0.0013891623768132282,0.004329786502378951
Schwannoma,38,T2ax|FLAIRsag,T1ax+SWIax,0.0026742430635648593,0.004459722414516276
Schwannoma,38,T2ax|FLAIRsag,FLAIRax+SWIax,-0.003278573236940585,0.0033882131390079997
Schwannoma,38,T2ax|FLAIRsag,T1ax+FLAIRax+SWIax,0.006202237287499912,0.005516222025934437
Schwannoma,38,T2ax|SWIax,none,-0.1512358528603712,0.028124962719124243
Schwannoma,38,T2ax|SWIax,T1ax,0.015486605342860171,0.005343528209923385
Schwannoma,38,T2ax|SWIax,FLAIRax,0.060525846953031905,0.007725504014889907
Schwannoma,38,T2ax|SWIax,FLAIRsag,0.0257241178842349,0.004198121667044662
Schwannoma,38,T2ax|SWIax,T1ax+FLAIRax,0.004739467589336854,0.004999403756312191
Schwannoma,38,T2ax|SWIax,T1ax+FLAIRsag,0.019309966525078066,0.012136075526515399
Schwannoma,38,T2ax|SWIax,FLAIRax+FLAIRsag,0.031801644678237505,0.009770360016998556
Schwannoma,38,T2ax|SWIax,T1ax+FLAIRax+FLAIRsag,0.009552542500023539,0.005946761937878664
Schwannoma,38,FLAIRax|FLAIRsag,none,-0.23155597438277684,0.02193694081506433
Schwannoma,38,FLAIRax|FLAIRsag,T1ax,-0.0011027033109229183,0.006370667813201414
Schwannoma,38,FLAIRax|FLAIRsag,T2ax,-0.029827374422159065,0.007817907398150052
Schwannoma,38,FLAIRax|FLAIRsag,SWIax,-0.02324116008889132,0.02089833935708375
Schwannoma,38,FLAIRax|FLAIRsag,T1ax+T2ax,0.0014355771845433463,0.012588214998853077
Schwannoma,38,FLAIRax|FLAIRsag,T1ax+SWIax,-0.013509053231689605,0.009331880425167081
Schwannoma,38,FLAIRax|FLAIRsag,T2ax+SWIax,-0.02719673314767405,0.013443751410597607
Schwannoma,38,FLAIRax|FLAIRsag,T1ax+T2ax+SWIax,-0.009981059007754553,0.003259723927006543
Schwannoma,38,FLAIRax|SWIax,none,-0.21024876461597608,0.03370715381111665
Schwannoma,38,FLAIRax|SWIax,T1ax,0.030163998987313295,0.00832711901254439
Schwannoma,38,FLAIRax|SWIax,T2ax,0.0015129351974270122,0.013093186284370872
Schwannoma,38,FLAIRax|SWIax,FLAIRsag,-0.0019339503220905756,0.009147751175974838
Schwannoma,38,FLAIRax|SWIax,T1ax+T2ax,0.019416861233789977,0.008055175381589726
Schwannoma,38,FLAIRax|SWIax,T1ax+FLAIRsag,0.017757649066546605,0.0021465766467537776
Schwannoma,38,FLAIRax|SWIax,T2ax+FLAIRsag,0.004143576471912029,0.00558640680565029
Schwannoma,38,FLAIRax|SWIax,T1ax+T2ax+FLAIRsag,0.008000225041492079,0.007735673508066024
Schwannoma,38,FLAIRsag|SWIax,none,-0.18246457940682823,0.049440983792071284
Schwannoma,38,FLAIRsag|SWIax,T1ax,0.011073447916959744,0.018230976202181018
Schwannoma,38,FLAIRsag|SWIax,T2ax,-0.005504608662222132,0.020408939570091832
Schwannoma,38,FLAIRsag|SWIax,FLAIRax,0.02585023488705729,0.009048286238825745
Schwannoma,38,FLAIRsag|SWIax,T1ax+T2ax,0.01489680909917764,0.024916551911304128
Schwannoma,38,FLAIRsag|SWIax,T1ax+FLAIRax,-0.0013329020038069423,0.009428418319452781
Schwannoma,38,FLAIRsag|SWIax,T2ax+FLAIRax,-0.002873967387737116,0.009092702694132244
Schwannoma,38,FLAIRsag|SWIax,T1ax+T2ax+FLAIRax,0.0034801729068797416,0.009916084082855816
Cyst of pineal gland,103,T1ax|T2ax,none,-0.1214809744270382,0.012600747423479055
Cyst of pineal gland,103,T1ax|T2ax,FLAIRax,-0.010772449061349368,0.00680104527629849
Cyst of pineal gland,103,T1ax|T2ax,FLAIRsag,0.01948348957190286,0.014482210321093454
Cyst of pineal gland,103,T1ax|T2ax,SWIax,-0.007439533757633361,0.0029863187930983547
Cyst of pineal gland,103,T1ax|T2ax,FLAIRax+FLAIRsag,-0.003168838678887028,0.008773643433448868
Cyst of pineal gland,103,T1ax|T2ax,FLAIRax+SWIax,-0.014031860824006093,0.00735408113659816
Cyst of pineal gland,103,T1ax|T2ax,FLAIRsag+SWIax,-0.008456042443940418,0.0018586806803231085
Cyst of pineal gland,103,T1ax|T2ax,FLAIRax+FLAIRsag+SWIax,-0.007358366340255144,0.0015473044442881887
Cyst of pineal gland,103,T1ax|FLAIRax,none,-0.13721508668889193,0.02515203962175333
Cyst of pineal gland,103,T1ax|FLAIRax,T2ax,-0.026506561323203098,0.008312486645574628
Cyst of pineal gland,103,T1ax|FLAIRax,FLAIRsag,0.004669913363361755,0.011525802156238739
Cyst of pineal gland,103,T1ax|FLAIRax,SWIax,-0.014087772285333089,0.011831617001469624
Cyst of pineal gland,103,T1ax|FLAIRax,T2ax+FLAIRsag,-0.017982414887428133,0.005705319561989671
Cyst of pineal gland,103,T1ax|FLAIRax,T2ax+SWIax,-0.02068009935170582,0.002683463910995695
Cyst of pineal gland,103,T1ax|FLAIRax,FLAIRsag+SWIax,-0.02485255747036345,0.007949347432057462
Cyst of pineal gland,103,T1ax|FLAIRax,T2ax+FLAIRsag+SWIax,-0.023754881366678176,0.0047275431593840666
Cyst of pineal gland,103,T1ax|FLAIRsag,none,-0.1352810029923954,0.00916702113234231
Cyst of pineal gland,103,T1ax|FLAIRsag,T2ax,0.005683461006545672,0.012672367458762525
Cyst of pineal gland,103,T1ax|FLAIRsag,FLAIRax,0.006603997059858295,0.006848497634989167
Cyst of pineal gland,103,T1ax|FLAIRsag,SWIax,0.0068959210760081895,0.0062033950974950455
Cyst of pineal gland,103,T1ax|FLAIRsag,T2ax+FLAIRax,0.014207607442320636,0.005789224842662505
Cyst of pineal gland,103,T1ax|FLAIRsag,T2ax+SWIax,0.005879412389701133,0.00474436038521197
Cyst of pineal gland,103,T1ax|FLAIRsag,FLAIRax+SWIax,-0.0038688641090221707,0.0029747902158899016
Cyst of pineal gland,103,T1ax|FLAIRsag,T2ax+FLAIRax+SWIax,0.002804630374728778,0.006422611068737419
Cyst of pineal gland,103,T1ax|SWIax,none,-0.08789821675532379,0.015614965496539634
Cyst of pineal gland,103,T1ax|SWIax,T2ax,0.026143223914081044,0.0067668537098135315
Cyst of pineal gland,103,T1ax|SWIax,FLAIRax,0.03522909764823504,0.0030918219978401783
Cyst of pineal gland,103,T1ax|SWIax,FLAIRsag,0.05427870731307979,0.012561854032523202
Cyst of pineal gland,103,T1ax|SWIax,T2ax+FLAIRax,0.031969685885578324,0.0030300477373417707
Cyst of pineal gland,103,T1ax|SWIax,T2ax+FLAIRsag,0.026339175297236506,0.0021541716723562448
Cyst of pineal gland,103,T1ax|SWIax,FLAIRax+FLAIRsag,0.02475623647935458,0.006526771897107239
Cyst of pineal gland,103,T1ax|SWIax,T2ax+FLAIRax+FLAIRsag,0.020566708817986463,0.003023941484276131
Cyst of pineal gland,103,T2ax|FLAIRax,none,-0.08934216072542071,0.01261878872388448
Cyst of pineal gland,103,T2ax|FLAIRax,T1ax,0.021366364640268126,0.005534979420540774
Cyst of pineal gland,103,T2ax|FLAIRax,FLAIRsag,0.033190158189374465,0.013289535260139962
Cyst of pineal gland,103,T2ax|FLAIRax,SWIax,0.020628716544567216,0.008326179444593507
Cyst of pineal gland,103,T2ax|FLAIRax,T1ax+FLAIRsag,0.010537829938584578,0.006774479207803789
Cyst of pineal gland,103,T2ax|FLAIRax,T1ax+SWIax,0.014036389478194486,0.005721690402899277
Cyst of pineal gland,103,T2ax|FLAIRax,FLAIRsag+SWIax,0.010594438115940519,0.0025683883721922605
Cyst of pineal gland,103,T2ax|FLAIRax,T1ax+FLAIRsag+SWIax,0.011692114219625793,0.003125795218184199
Cyst of pineal gland,103,T2ax|FLAIRsag,none,-0.14106966811931967,0.011838216268434398
Cyst of pineal gland,103,T2ax|FLAIRsag,T1ax,-0.00010520412037862137,0.00822603057812008
Cyst of pineal gland,103,T2ax|FLAIRsag,FLAIRax,-0.018537349204524507,0.00879230542388175
Cyst of pineal gland,103,T2ax|FLAIRsag,SWIax,-0.005279714067741674,0.004303337285863936
Cyst of pineal gland,103,T2ax|FLAIRsag,T1ax+FLAIRax,-0.010933738822062167,0.007709793629873985
Cyst of pineal gland,103,T2ax|FLAIRsag,T1ax+SWIax,-0.00629622275404873,0.003245877090660124
Cyst of pineal gland,103,T2ax|FLAIRsag,FLAIRax+SWIax,-0.01531399249636837,0.006962768946259782
Cyst of pineal gland,103,T2ax|FLAIRsag,T1ax+FLAIRax+SWIax,-0.008640498012617423,0.0010789933868683458
Cyst of pineal gland,103,T2ax|SWIax,none,-0.11478797189447547,0.017146517614226624
Cyst of pineal gland,103,T2ax|SWIax,T1ax,-0.0007465312250706235,0.010844856847842813
Cyst of pineal gland,103,T2ax|SWIax,FLAIRax,-0.004817094624487539,0.011206695970652837
Cyst of pineal gland,103,T2ax|SWIax,FLAIRsag,0.021001982157102545,0.026323842897127747
Cyst of pineal gland,103,T2ax|SWIax,T1ax+FLAIRax,-0.008076506387144263,0.009995589708417964
Cyst of pineal gland,103,T2ax|SWIax,T1ax+FLAIRsag,-0.0069375498587407325,0.013092179323103355
Cyst of pineal gland,103,T2ax|SWIax,FLAIRax+FLAIRsag,-0.001593737916331402,0.011476842224839074
Cyst of pineal gland,103,T2ax|SWIax,T1ax+FLAIRax+FLAIRsag,-0.0057832655776995185,0.003323278119334846
Cyst of pineal gland,103,FLAIRax|FLAIRsag,none,-0.12984104423798426,0.00874387880792105
Cyst of pineal gland,103,FLAIRax|FLAIRsag,T1ax,0.012043955814269425,0.009988080955117698
Cyst of pineal gland,103,FLAIRax|FLAIRsag,T2ax,-0.007308725323189084,0.012011956861455744
Cyst of pineal gland,103,FLAIRax|FLAIRsag,SWIax,0.02895969846130264,0.010635201162624976
Cyst of pineal gland,103,FLAIRax|FLAIRsag,T1ax+T2ax,0.0012154211125858794,0.004128126628074161
Cyst of pineal gland,103,FLAIRax|FLAIRsag,T1ax+SWIax,0.01819491327627228,0.006781253149536808
Cyst of pineal gland,103,FLAIRax|FLAIRsag,T2ax+SWIax,0.018925420032675944,0.0038874367889504017
Cyst of pineal gland,103,FLAIRax|FLAIRsag,T1ax+T2ax+SWIax,0.01585063801770359,0.002479087344284401
Cyst of pineal gland,103,FLAIRax|SWIax,none,-0.13550412630068173,0.010356881098806602
Cyst of pineal gland,103,FLAIRax|SWIax,T1ax,-0.012376811897122883,0.0058839874926446545
Cyst of pineal gland,103,FLAIRax|SWIax,T2ax,-0.0255332490306938,0.009034235551641595
Cyst of pineal gland,103,FLAIRax|SWIax,FLAIRsag,0.02329661639860518,0.012407103304394108
Cyst of pineal gland,103,FLAIRax|SWIax,T1ax+T2ax,-0.019706787059196523,0.0009044432420432772
Cyst of pineal gland,103,FLAIRax|SWIax,T1ax+FLAIRsag,-0.006225854435120026,0.006521706344879275
Cyst of pineal gland,103,FLAIRax|SWIax,T2ax+FLAIRsag,0.0007008963251712297,0.002556827001710514
Cyst of pineal gland,103,FLAIRax|SWIax,T1ax+T2ax+FLAIRsag,-0.005071570154078812,0.0032635083426985974
Cyst of pineal gland,103,FLAIRsag|SWIax,none,-0.15587227105040394,0.007536003782642071
Cyst of pineal gland,103,FLAIRsag|SWIax,T1ax,-0.013695346982000367,0.010078786992190523
Cyst of pineal gland,103,FLAIRsag|SWIax,T2ax,-0.020082316998825938,0.008816335956061088
Cyst of pineal gland,103,FLAIRsag|SWIax,FLAIRax,0.002928471648882954,0.005968341131855931
Cyst of pineal gland,103,FLAIRsag|SWIax,T1ax+T2ax,-0.019886365615670476,0.0008670622233427764
Cyst of pineal gland,103,FLAIRsag|SWIax,T1ax+FLAIRax,-0.0075443895199975115,0.005711992142879907
Cyst of pineal gland,103,FLAIRsag|SWIax,T2ax+FLAIRax,0.006151828357039091,0.002380234121387073
Cyst of pineal gland,103,FLAIRsag|SWIax,T1ax+T2ax+FLAIRax,-0.0052511487105527666,0.0018229159334088429
Hemangioma of vertebral column,31,T1ax|T2ax,none,-0.12674263150278064,0.019984801517524967
Hemangioma of vertebral column,31,T1ax|T2ax,FLAIRax,-0.04175883748762436,0.013548352480316831
Hemangioma of vertebral column,31,T1ax|T2ax,FLAIRsag,-0.05061183048379062,0.014171574352334276
Hemangioma of vertebral column,31,T1ax|T2ax,SWIax,0.02059055941084172,0.0224395084628081
Hemangioma of vertebral column,31,T1ax|T2ax,FLAIRax+FLAIRsag,0.021480108330863928,0.002060240003719393
Hemangioma of vertebral column,31,T1ax|T2ax,FLAIRax+SWIax,0.009682817521299847,0.014334348027553838
Hemangioma of vertebral column,31,T1ax|T2ax,FLAIRsag+SWIax,-0.013605102300997133,0.01764970383489137
Hemangioma of vertebral column,31,T1ax|T2ax,FLAIRax+FLAIRsag+SWIax,0.014970149288016247,0.008349528218019386
Hemangioma of vertebral column,31,T1ax|FLAIRax,none,-0.05549200267381523,0.014167159188144084
Hemangioma of vertebral column,31,T1ax|FLAIRax,T2ax,0.029491791341341056,0.025383119532056065
Hemangioma of vertebral column,31,T1ax|FLAIRax,FLAIRsag,-0.06841831425598337,0.010879221883816983
Hemangioma of vertebral column,31,T1ax|FLAIRax,SWIax,0.037468443697123766,0.0014897583197552207
Hemangioma of vertebral column,31,T1ax|FLAIRax,T2ax+FLAIRsag,0.003673624558671188,0.013087022237723572
Hemangioma of vertebral column,31,T1ax|FLAIRax,T2ax+SWIax,0.026560701807581893,0.012455829229156418
Hemangioma of vertebral column,31,T1ax|FLAIRax,FLAIRsag+SWIax,-0.017422295116611863,0.0069146447028728695
Hemangioma of vertebral column,31,T1ax|FLAIRax,T2ax+FLAIRsag+SWIax,0.011152956472401518,0.010921474225664255
Hemangioma of vertebral column,31,T1ax|FLAIRsag,none,-0.04555822783937813,0.007873567954579976
Hemangioma of vertebral column,31,T1ax|FLAIRsag,T2ax,0.03057257317961189,0.016544375708169856
Hemangioma of vertebral column,31,T1ax|FLAIRsag,FLAIRax,-0.058484539421546265,0.007063429799389096
Hemangioma of vertebral column,31,T1ax|FLAIRsag,SWIax,0.0388403819604762,0.007236653156386754
Hemangioma of vertebral column,31,T1ax|FLAIRsag,T2ax+FLAIRax,0.004754406396942024,0.007234586257444549
Hemangioma of vertebral column,31,T1ax|FLAIRsag,T2ax+SWIax,0.004644720248637342,0.012254324097076238
Hemangioma of vertebral column,31,T1ax|FLAIRsag,FLAIRax+SWIax,-0.016050356853259434,0.006956540985631549
Hemangioma of vertebral column,31,T1ax|FLAIRsag,T2ax+FLAIRax+SWIax,-0.010763025086543032,0.007881731591647395
Hemangioma of vertebral column,31,T1ax|SWIax,none,-0.10654602338899184,0.01717172374956126
Hemangioma of vertebral column,31,T1ax|SWIax,T2ax,0.04078716752463052,0.005385891837697693
Hemangioma of vertebral column,31,T1ax|SWIax,FLAIRax,-0.013585577018052852,0.011317352404889002
Hemangioma of vertebral column,31,T1ax|SWIax,FLAIRsag,-0.02214741358913752,0.019866977396132485
Hemangioma of vertebral column,31,T1ax|SWIax,T2ax+FLAIRax,0.03785607799087135,0.018299806271242607
Hemangioma of vertebral column,31,T1ax|SWIax,T2ax+FLAIRsag,0.01485931459365597,0.008804351364826017
Hemangioma of vertebral column,31,T1ax|SWIax,FLAIRax+FLAIRsag,0.02884860555023398,0.004558112646622111
Hemangioma of vertebral column,31,T1ax|SWIax,T2ax+FLAIRax+FLAIRsag,0.0223386465073863,0.00886385594611646
Hemangioma of vertebral column,31,T2ax|FLAIRax,none,-0.07950637787624652,0.024563832731583198
Hemangioma of vertebral column,31,T2ax|FLAIRax,T1ax,0.005477416138909767,0.005020532933985232
Hemangioma of vertebral column,31,T2ax|FLAIRax,FLAIRsag,-0.06514553227069848,0.022662976643556113
Hemangioma of vertebral column,31,T2ax|FLAIRax,SWIax,0.021965369039333032,0.013046428806400499
Hemangioma of vertebral column,31,T2ax|FLAIRax,T1ax+FLAIRsag,0.006946406543956063,0.00818091340103678
Hemangioma of vertebral column,31,T2ax|FLAIRax,T1ax+SWIax,0.011057627149791157,0.002238779516640497
Hemangioma of vertebral column,31,T2ax|FLAIRax,FLAIRsag+SWIax,-0.01007734309138053,0.013522363439486939
Hemangioma of vertebral column,31,T2ax|FLAIRax,T1ax+FLAIRsag+SWIax,0.01849790849763285,0.007373430999164556
Hemangioma of vertebral column,31,T2ax|FLAIRsag,none,-0.07378145006236603,0.024169566030348023
Hemangioma of vertebral column,31,T2ax|FLAIRsag,T1ax,0.002349350956623993,0.002378096712168333
Hemangioma of vertebral column,31,T2ax|FLAIRsag,FLAIRax,-0.059420604456817995,0.0036508142985805757
Hemangioma of vertebral column,31,T2ax|FLAIRsag,SWIax,0.02769776240257449,0.01142470541870792
Hemangioma of vertebral column,31,T2ax|FLAIRsag,T1ax+FLAIRax,0.003818341361670289,0.010717578021026181
Hemangioma of vertebral column,31,T2ax|FLAIRsag,T1ax+SWIax,-0.0064978993092643655,0.006101945562342532
Hemangioma of vertebral column,31,T2ax|FLAIRsag,FLAIRax+SWIax,-0.004344949728139073,0.008607427708439943
Hemangioma of vertebral column,31,T2ax|FLAIRsag,T1ax+FLAIRax+SWIax,0.0009423820385773274,0.0019900168809054083
Hemangioma of vertebral column,31,T2ax|SWIax,none,-0.16146432730806062,0.01577854640131369
Hemangioma of vertebral column,31,T2ax|SWIax,T1ax,-0.014131136394438268,0.009606757477200231
Hemangioma of vertebral column,31,T2ax|SWIax,FLAIRax,-0.059992580392481086,0.017523247568086143
Hemangioma of vertebral column,31,T2ax|SWIax,FLAIRsag,-0.059985114843120114,0.03073794819545764
Hemangioma of vertebral column,31,T2ax|SWIax,T1ax+FLAIRax,-0.008550925383556876,0.011083581076535643
Hemangioma of vertebral column,31,T2ax|SWIax,T1ax+FLAIRsag,-0.022978386660326627,0.012148056280300997
Hemangioma of vertebral column,31,T2ax|SWIax,FLAIRax+FLAIRsag,-0.004916925663802159,0.01290137231785219
Hemangioma of vertebral column,31,T2ax|SWIax,T1ax+FLAIRax+FLAIRsag,-0.01142688470664984,0.008304108355675762
Hemangioma of vertebral column,31,FLAIRax|FLAIRsag,none,0.018998100304824073,0.018081013903284496
Hemangioma of vertebral column,31,FLAIRax|FLAIRsag,T1ax,0.006071788722655939,0.018100461339189113
Hemangioma of vertebral column,31,FLAIRax|FLAIRsag,T2ax,0.033358945910372105,0.007597949498527162
Hemangioma of vertebral column,31,FLAIRax|FLAIRsag,SWIax,0.05651880284747535,0.005309853814275319
Hemangioma of vertebral column,31,FLAIRax|FLAIRsag,T1ax+T2ax,0.007540779127702235,0.009004114578387727
Hemangioma of vertebral column,31,FLAIRax|FLAIRsag,T1ax+SWIax,0.0016280640337397179,0.010736847651448965
Hemangioma of vertebral column,31,FLAIRax|FLAIRsag,T2ax+SWIax,0.024476090716761784,0.002770801956574475
Hemangioma of vertebral column,31,FLAIRax|FLAIRsag,T1ax+T2ax+SWIax,0.00906834538158141,0.0061111408810286495
Hemangioma of vertebral column,31,FLAIRax|SWIax,none,-0.10948744983725105,0.007919847775356821
Hemangioma of vertebral column,31,FLAIRax|SWIax,T1ax,-0.016527003466312046,0.012283960860207305
Hemangioma of vertebral column,31,FLAIRax|SWIax,T2ax,-0.008015702921671494,0.005077023869152427
Hemangioma of vertebral column,31,FLAIRax|SWIax,FLAIRsag,-0.07196674729459977,0.01550912253273545
Hemangioma of vertebral column,31,FLAIRax|SWIax,T1ax+T2ax,-0.010946792455430657,0.00846810602897152
Hemangioma of vertebral column,31,FLAIRax|SWIax,T1ax+FLAIRsag,-0.02097072815522827,0.007745558082056712
Hemangioma of vertebral column,31,FLAIRax|SWIax,T2ax+FLAIRsag,-0.01689855811528181,0.009569264497807864
Hemangioma of vertebral column,31,FLAIRax|SWIax,T1ax+T2ax+FLAIRsag,-0.009419226201551481,0.00682154856597547
Hemangioma of vertebral column,31,FLAIRsag|SWIax,none,-0.05996444101412024,0.020661223500982713
Hemangioma of vertebral column,31,FLAIRsag|SWIax,T1ax,0.024434168785734085,0.011850958146171441
Hemangioma of vertebral column,31,FLAIRsag|SWIax,T2ax,0.041514771450820276,0.010666351906370023
Hemangioma of vertebral column,31,FLAIRsag|SWIax,FLAIRax,-0.022443738471468966,0.00964032184749002
Hemangioma of vertebral column,31,FLAIRsag|SWIax,T1ax+T2ax,0.015586918519845727,0.007945952193454038
Hemangioma of vertebral column,31,FLAIRsag|SWIax,T1ax+FLAIRax,0.019990444096817866,0.01606914585423688
Hemangioma of vertebral column,31,FLAIRsag|SWIax,T2ax+FLAIRax,0.03263191625720996,0.006100057097529433
Hemangioma of vertebral column,31,FLAIRsag|SWIax,T1ax+T2ax+FLAIRax,0.017114484773724903,0.004709745200626201
Cerebral edema,533,T1ax|T2ax,none,-0.3634772438191476,0.003990162306451688
Cerebral edema,533,T1ax|T2ax,FLAIRax,0.00020784011451842796,0.0015722439333760835
Cerebral edema,533,T1ax|T2ax,FLAIRsag,0.0031458713614746316,0.0029785142224779135
Cerebral edema,533,T1ax|T2ax,SWIax,0.0011921601678249738,0.0023508300899096873
Cerebral edema,533,T1ax|T2ax,FLAIRax+FLAIRsag,-0.0018809371545704574,0.0023713662475109937
Cerebral edema,533,T1ax|T2ax,FLAIRax+SWIax,0.0004193859875739614,0.001916539377399074
Cerebral edema,533,T1ax|T2ax,FLAIRsag+SWIax,0.004891177753590307,0.0022496888425879162
Cerebral edema,533,T1ax|T2ax,FLAIRax+FLAIRsag+SWIax,0.0010910811921107655,0.0015362654927096318
Cerebral edema,533,T1ax|FLAIRax,none,-0.3719570075541004,0.0019090228800303518
Cerebral edema,533,T1ax|FLAIRax,T2ax,-0.008271923620434385,0.003266873224152647
Cerebral edema,533,T1ax|FLAIRax,FLAIRsag,0.0011350209004782712,0.0010731300551186597
Cerebral edema,533,T1ax|FLAIRax,SWIax,-0.0008900879076510307,0.0031125496792214695
Cerebral edema,533,T1ax|FLAIRax,T2ax+FLAIRsag,-0.0038917876155668183,0.0011419086634596605
Cerebral edema,533,T1ax|FLAIRax,T2ax+SWIax,-0.0016628620879020433,0.0011254566143190725
Cerebral edema,533,T1ax|FLAIRax,FLAIRsag+SWIax,0.001934335370441631,0.0013594837837714278
Cerebral edema,533,T1ax|FLAIRax,T2ax+FLAIRsag+SWIax,-0.0018657611910379106,0.001616357804764355
Cerebral edema,533,T1ax|FLAIRsag,none,-0.3670599711727279,0.0027121865442264657
Cerebral edema,533,T1ax|FLAIRsag,T2ax,-0.00043685599210567066,0.0030156555421623652
Cerebral edema,533,T1ax|FLAIRsag,FLAIRax,0.006032057281850782,0.002108919855651822
Cerebral edema,533,T1ax|FLAIRsag,SWIax,0.0013657661320492693,0.0012352771662982906
Cerebral edema,533,T1ax|FLAIRsag,T2ax+FLAIRax,0.003943280012761896,0.0015167544315566783
Cerebral edema,533,T1ax|FLAIRsag,T2ax+SWIax,0.005064783717814603,0.000891234261319635
Cerebral edema,533,T1ax|FLAIRsag,FLAIRax+SWIax,0.004190189410141931,0.0015523302247114205
Cerebral edema,533,T1ax|FLAIRsag,T2ax+FLAIRax+SWIax,0.004861884614678735,0.001588417887925815
Cerebral edema,533,T1ax|SWIax,none,-0.3731931074302928,0.0021929542299130005
Cerebral edema,533,T1ax|SWIax,T2ax,-0.008523703443320282,0.0016497189663053876
Cerebral edema,533,T1ax|SWIax,FLAIRax,-0.002126187783843473,0.002270344493993147
Cerebral edema,533,T1ax|SWIax,FLAIRsag,-0.004767370125515684,0.0026120254623012563
Cerebral edema,533,T1ax|SWIax,T2ax+FLAIRax,-0.0019146419107879398,0.0036022923868597842
Cerebral edema,533,T1ax|SWIax,T2ax+FLAIRsag,-0.003022063733400008,0.0025748963398093956
Cerebral edema,533,T1ax|SWIax,FLAIRax+FLAIRsag,-0.003968055655552323,0.001303549475032859
Cerebral edema,533,T1ax|SWIax,T2ax+FLAIRax+FLAIRsag,-0.0009960373088711005,0.000828707142572817
Cerebral edema,533,T2ax|FLAIRax,none,-0.3835289620911489,0.0023257206787342475
Cerebral edema,533,T2ax|FLAIRax,T1ax,-0.019843878157482897,0.0023505338115054
Cerebral edema,533,T2ax|FLAIRax,FLAIRsag,-0.0002971312487911604,0.001800783895631078
Cerebral edema,533,T2ax|FLAIRax,SWIax,-0.00906019140066372,0.002957909880193408
Cerebral edema,533,T2ax|FLAIRax,T1ax+FLAIRsag,-0.00532393976483625,0.0013611171160256494
Cerebral edema,533,T2ax|FLAIRax,T1ax+SWIax,-0.009832965580914732,0.0009176452158719455
Cerebral edema,533,T2ax|FLAIRax,FLAIRsag+SWIax,-0.0016970609452578629,0.0027722745189220077
Cerebral edema,533,T2ax|FLAIRax,T1ax+FLAIRsag+SWIax,-0.0054971575067374046,0.001634172414177965
Cerebral edema,533,T2ax|FLAIRsag,none,-0.37701999133205427,0.000941790296175205
Cerebral edema,533,T2ax|FLAIRsag,T1ax,-0.01039687615143207,0.0017997850863390788
Cerebral edema,533,T2ax|FLAIRsag,FLAIRax,0.006211839510303463,0.0007383628980704732
Cerebral edema,533,T2ax|FLAIRsag,SWIax,-0.00845329403111709,0.0017581051733965743
Cerebral edema,533,T2ax|FLAIRsag,T1ax+FLAIRax,0.004123062241214577,0.0019837973235480246
Cerebral edema,533,T2ax|FLAIRsag,T1ax+SWIax,-0.004754276445351757,0.002113387315705376
Cerebral edema,533,T2ax|FLAIRsag,FLAIRax+SWIax,-0.0010901635757112338,0.0012002270460683003
Cerebral edema,533,T2ax|FLAIRsag,T1ax+FLAIRax+SWIax,-0.0004184683711744297,0.0008386169175085981
Cerebral edema,533,T2ax|SWIax,none,-0.3709447354935434,0.0032850069290567864
Cerebral edema,533,T2ax|SWIax,T1ax,-0.006275331506570854,0.00125989862091502
Cerebral edema,533,T2ax|SWIax,FLAIRax,0.003524035196941777,0.0006004996474961138
Cerebral edema,533,T2ax|SWIax,FLAIRsag,-0.002378038192606217,0.002963744443489479
Cerebral edema,533,T2ax|SWIax,T1ax+FLAIRax,0.0037355810699973104,0.0020480564573258585
Cerebral edema,533,T2ax|SWIax,T1ax+FLAIRsag,-0.0006327318004905417,0.0012429880834212816
Cerebral edema,533,T2ax|SWIax,FLAIRax+FLAIRsag,-0.0037779678890729196,0.0013813051723926436
Cerebral edema,533,T2ax|SWIax,T1ax+FLAIRax+FLAIRsag,-0.0008059495423916966,0.0005105205586938388
Cerebral edema,533,FLAIRax|FLAIRsag,none,-0.3914542031772115,0.0030576603794116495
Cerebral edema,533,FLAIRax|FLAIRsag,T1ax,-0.01836217472263287,0.003767872882547833
Cerebral edema,533,FLAIRax|FLAIRsag,T2ax,-0.00822237233485379,0.0035277127862654383
Cerebral edema,533,FLAIRax|FLAIRsag,SWIax,-0.012262672635408292,0.0031148632063397333
Cerebral edema,533,FLAIRax|FLAIRsag,T1ax+T2ax,-0.0038422363299862226,0.000784970446626086
Cerebral edema,533,FLAIRax|FLAIRsag,T1ax+SWIax,-0.009438249357315631,0.002226087722735186
Cerebral edema,533,FLAIRax|FLAIRsag,T2ax+SWIax,-0.004899542180002436,0.001449108187570331
Cerebral edema,533,FLAIRax|FLAIRsag,T1ax+T2ax+SWIax,-0.005102441283138304,0.0012982821893668883
Cerebral edema,533,FLAIRax|SWIax,none,-0.38201175396022063,0.004465299432060104
Cerebral edema,533,FLAIRax|SWIax,T1ax,-0.010944834313771282,0.0034521553619192924
Cerebral edema,533,FLAIRax|SWIax,T2ax,-0.007542983269735459,0.0034182995591331565
Cerebral edema,533,FLAIRax|SWIax,FLAIRsag,-0.0028202234184174038,0.00021473806190573167
Cerebral edema,533,FLAIRax|SWIax,T1ax+T2ax,-0.0009339217372031176,0.001038026377974777
Cerebral edema,533,FLAIRax|SWIax,T1ax+FLAIRsag,-0.002020908948454044,0.0011401954583521387
Cerebral edema,533,FLAIRax|SWIax,T2ax+FLAIRsag,-0.0042201531148841065,0.001542909242347209
Cerebral edema,533,FLAIRax|SWIax,T1ax+T2ax+FLAIRsag,-0.002194126690355199,0.0016191309588208178
Cerebral edema,533,FLAIRsag|SWIax,none,-0.3746375415221421,0.002375123743531756
Cerebral edema,533,FLAIRsag|SWIax,T1ax,-0.006211804217365002,0.003909806625614809
Cerebral edema,533,FLAIRsag|SWIax,T2ax,-0.006070844221204963,0.004134766635002094
Cerebral edema,533,FLAIRsag|SWIax,FLAIRax,0.004553989019661087,0.001932289127126006
Cerebral edema,533,FLAIRsag|SWIax,T1ax+T2ax,-0.0005692045112846896,0.00402942620791237
Cerebral edema,533,FLAIRsag|SWIax,T1ax+FLAIRax,0.0027121211479522365,0.000836200042279768
Cerebral edema,533,FLAIRsag|SWIax,T2ax+FLAIRax,-0.00274801406635361,0.0006965393928053507
Cerebral edema,533,FLAIRsag|SWIax,T1ax+T2ax+FLAIRax,-0.0018294094644367709,0.0024146716163637163
Spinal stenosis,43,T1ax|T2ax,none,-0.2182672138622891,0.014235885428664634
Spinal stenosis,43,T1ax|T2ax,FLAIRax,-0.02429755834680584,0.005741033778036718
Spinal stenosis,43,T1ax|T2ax,FLAIRsag,-0.03095800688139949,0.00801074045455375
Spinal stenosis,43,T1ax|T2ax,SWIax,-0.026922024623802998,0.022189478733959395
Spinal stenosis,43,T1ax|T2ax,FLAIRax+FLAIRsag,-0.009088836380218105,0.0014791217846199523
Spinal stenosis,43,T1ax|T2ax,FLAIRax+SWIax,-0.02841023089997093,0.014885125808936469
Spinal stenosis,43,T1ax|T2ax,FLAIRsag+SWIax,-0.020611449653857306,0.005052046280736286
Spinal stenosis,43,T1ax|T2ax,FLAIRax+FLAIRsag+SWIax,-0.009570119802678004,0.01647660661477143
Spinal stenosis,43,T1ax|FLAIRax,none,-0.18465530821207984,0.01651343596458672
Spinal stenosis,43,T1ax|FLAIRax,T2ax,0.009314347303403414,0.021369610643577407
Spinal stenosis,43,T1ax|FLAIRax,FLAIRsag,-0.01666873937735776,0.01037808075201418
Spinal stenosis,43,T1ax|FLAIRax,SWIax,0.007607677320399612,0.013028762665891817
Spinal stenosis,43,T1ax|FLAIRax,T2ax+FLAIRsag,0.005200431123823623,0.0032887408901361125
Spinal stenosis,43,T1ax|FLAIRax,T2ax+SWIax,0.0061194710442316795,0.011471937196961431
Spinal stenosis,43,T1ax|FLAIRax,FLAIRsag+SWIax,-0.00035401898602993587,0.010631007095396477
Spinal stenosis,43,T1ax|FLAIRax,T2ax+FLAIRsag+SWIax,0.010687310865149366,0.010020621237162838
Spinal stenosis,43,T1ax|FLAIRsag,none,-0.17224557476267463,0.03635793415219252
Spinal stenosis,43,T1ax|FLAIRsag,T2ax,0.015063632218214976,0.026320015427234673
Spinal stenosis,43,T1ax|FLAIRsag,FLAIRax,-0.004259005927952549,0.013392570316718064
Spinal stenosis,43,T1ax|FLAIRsag,SWIax,-0.007864693446088792,0.026542528018673277
Spinal stenosis,43,T1ax|FLAIRsag,T2ax+FLAIRax,0.010949716038635185,0.00981405252923171
Spinal stenosis,43,T1ax|FLAIRsag,T2ax+SWIax,-0.0015541184761430997,0.025476288093228206
Spinal stenosis,43,T1ax|FLAIRsag,FLAIRax+SWIax,-0.01582638975251834,0.004171755142050619
Spinal stenosis,43,T1ax|FLAIRsag,T2ax+FLAIRax+SWIax,0.0030137213447745856,0.0076458156241533265
Spinal stenosis,43,T1ax|SWIax,none,-0.1820188202130747,0.023882489338601796
Spinal stenosis,43,T1ax|SWIax,T2ax,0.009326369025411396,0.006597070292953709
Spinal stenosis,43,T1ax|SWIax,FLAIRax,0.010244165319404752,0.01636660569835206
Spinal stenosis,43,T1ax|SWIax,FLAIRsag,-0.017637938896488865,0.007042046063461562
Spinal stenosis,43,T1ax|SWIax,T2ax+FLAIRax,0.006131492766239662,0.00532545307076399
Spinal stenosis,43,T1ax|SWIax,T2ax+FLAIRsag,-0.00729138166894668,0.004330560393802706
Spinal stenosis,43,T1ax|SWIax,FLAIRax+FLAIRsag,-0.001323218505161039,0.012076370719971185
Spinal stenosis,43,T1ax|SWIax,T2ax+FLAIRax+FLAIRsag,-0.0018045019276209384,0.005009139580316715
Spinal stenosis,43,T2ax|FLAIRax,none,-0.16753596153048964,0.010942313439717756
Spinal stenosis,43,T2ax|FLAIRax,T1ax,0.026433693984993623,0.004609616273224749
Spinal stenosis,43,T2ax|FLAIRax,FLAIRsag,-0.023532728101811545,0.0040856760428709775
Spinal stenosis,43,T2ax|FLAIRax,SWIax,-0.0021709571777972134,0.010560981360974213
Spinal stenosis,43,T2ax|FLAIRax,T1ax+FLAIRsag,-0.0016635576006301573,0.004854214698212004
Spinal stenosis,43,T2ax|FLAIRax,T1ax+SWIax,-0.0036591634539651454,0.0014905827420675641
Spinal stenosis,43,T2ax|FLAIRax,FLAIRsag+SWIax,-0.014338183476350371,0.013829772592602976
Spinal stenosis,43,T2ax|FLAIRax,T1ax+FLAIRsag+SWIax,-0.00329685362517107,0.004748595374333239
Spinal stenosis,43,T2ax|FLAIRsag,none,-0.1480164158686731,0.01402856297488334
Spinal stenosis,43,T2ax|FLAIRsag,T1ax,0.03929279111221651,0.018329163806369408
Spinal stenosis,43,T2ax|FLAIRsag,FLAIRax,-0.004013182439995007,0.007380020536459748
Spinal stenosis,43,T2ax|FLAIRsag,SWIax,0.0022891016871865086,0.022823808679899416
Spinal stenosis,43,T2ax|FLAIRsag,T1ax+FLAIRax,0.011195539526592727,0.010242800956817955
Spinal stenosis,43,T2ax|FLAIRsag,T1ax+SWIax,0.008599676657132202,0.00652696476814382
Spinal stenosis,43,T2ax|FLAIRsag,FLAIRax+SWIax,-0.009878124611366649,0.0018402354300521256
Spinal stenosis,43,T2ax|FLAIRsag,T1ax+FLAIRax+SWIax,0.008961986485926277,0.0027173388620374333
Spinal stenosis,43,T2ax|SWIax,none,-0.16387887078721552,0.004438127665157412
Spinal stenosis,43,T2ax|SWIax,T1ax,0.027466318451270566,0.01520373497131092
Spinal stenosis,43,T2ax|SWIax,FLAIRax,0.0014861335654768881,0.007679112928418817
Spinal stenosis,43,T2ax|SWIax,FLAIRsag,-0.013573353231355926,0.008869414339210917
Spinal stenosis,43,T2ax|SWIax,T1ax+FLAIRax,-0.002626538987688202,0.014476426464184056
Spinal stenosis,43,T2ax|SWIax,T1ax+FLAIRsag,-0.00322679600381374,0.004794014635957754
Spinal stenosis,43,T2ax|SWIax,FLAIRax+FLAIRsag,-0.004378808605894753,0.011188589548289805
Spinal stenosis,43,T2ax|SWIax,T1ax+FLAIRax+FLAIRsag,-0.004860092028354653,0.008380830856674997
Spinal stenosis,43,FLAIRax|FLAIRsag,none,-0.11560336608216222,0.006893747938726354
Spinal stenosis,43,FLAIRax|FLAIRsag,T1ax,0.052383202752559845,0.020413723122006736
Spinal stenosis,43,FLAIRax|FLAIRsag,T2ax,0.028399867346515856,0.013236606602174326
Spinal stenosis,43,FLAIRax|FLAIRsag,SWIax,0.028624963727562885,0.015854557276233198
Spinal stenosis,43,FLAIRax|FLAIRsag,T1ax+T2ax,0.024285951166936066,0.011904565869575537
Spinal stenosis,43,FLAIRax|FLAIRsag,T1ax+SWIax,0.020663267421133336,0.0077778739969837215
Spinal stenosis,43,FLAIRax|FLAIRsag,T2ax+SWIax,0.016457737429009727,0.020373065133245154
Spinal stenosis,43,FLAIRax|FLAIRsag,T1ax+T2ax+SWIax,0.021025577249927412,0.002296862809392963
Spinal stenosis,43,FLAIRax|SWIax,none,-0.15816067653276952,0.015975594426967842
Spinal stenosis,43,FLAIRax|SWIax,T1ax,0.03410230899970993,0.015177789120811502
Spinal stenosis,43,FLAIRax|SWIax,T2ax,0.0072043278199228995,0.013893696605185813
Spinal stenosis,43,FLAIRax|SWIax,FLAIRsag,-0.013932346723044406,0.008262847877754347
Spinal stenosis,43,FLAIRax|SWIax,T1ax+T2ax,0.004009451560751165,0.011755696044254691
Spinal stenosis,43,FLAIRax|SWIax,T1ax+FLAIRsag,0.002382373668283422,0.009599282472225822
Spinal stenosis,43,FLAIRax|SWIax,T2ax+FLAIRsag,-0.0047378020975832325,0.009656518593828791
Spinal stenosis,43,FLAIRax|SWIax,T1ax+T2ax+FLAIRsag,0.0007490776437425092,0.005846004778553614
Spinal stenosis,43,FLAIRsag|SWIax,none,-0.12424739874808273,0.021677009123978453
Spinal stenosis,43,FLAIRsag|SWIax,T1ax,0.0401334825685031,0.018384603116676886
Spinal stenosis,43,FLAIRsag|SWIax,T2ax,0.026058118807776864,0.01621972467572087
Spinal stenosis,43,FLAIRsag|SWIax,FLAIRax,0.019980931061642376,0.00456510670820614
Spinal stenosis,43,FLAIRsag|SWIax,T1ax+T2ax,0.009440368113418788,0.010420899895739785
Spinal stenosis,43,FLAIRsag|SWIax,T1ax+FLAIRax,0.008413547237076583,0.010490519802662015
Spinal stenosis,43,FLAIRsag|SWIax,T2ax+FLAIRax,0.014115988890270733,0.01172944897458747
Spinal stenosis,43,FLAIRsag|SWIax,T1ax+T2ax+FLAIRax,0.006179994196410132,0.01210601954063065
Mastoiditis,265,T1ax|T2ax,none,-0.17104837420556832,0.002933540983229961
Mastoiditis,265,T1ax|T2ax,FLAIRax,-0.01653602985354345,0.005775587286457895
Mastoiditis,265,T1ax|T2ax,FLAIRsag,0.011012559323995844,0.0038764889416549445
Mastoiditis,265,T1ax|T2ax,SWIax,0.0007991858625612617,0.0033341617859337846
Mastoiditis,265,T1ax|T2ax,FLAIRax+FLAIRsag,0.0019858724830364993,0.005157406919898763
Mastoiditis,265,T1ax|T2ax,FLAIRax+SWIax,-0.012019689227699507,0.002897566585701071
Mastoiditis,265,T1ax|T2ax,FLAIRsag+SWIax,0.0013957330819816354,0.0024606292033146444
Mastoiditis,265,T1ax|T2ax,FLAIRax+FLAIRsag+SWIax,-0.0006702026799838187,0.0007689312087102953
Mastoiditis,265,T1ax|FLAIRax,none,-0.13505000854375782,0.007473087002576163
Mastoiditis,265,T1ax|FLAIRax,T2ax,0.01946233580826706,0.0014206287444532718
Mastoiditis,265,T1ax|FLAIRax,FLAIRsag,0.004926992211400065,0.0017502316953252612
Mastoiditis,265,T1ax|FLAIRax,SWIax,0.026197986429205306,0.006896268993470866
Mastoiditis,265,T1ax|FLAIRax,T2ax+FLAIRsag,-0.004099694629559281,0.005322978681223434
Mastoiditis,265,T1ax|FLAIRax,T2ax+SWIax,0.013379111338944538,0.0021035381880227335
Mastoiditis,265,T1ax|FLAIRax,FLAIRsag+SWIax,0.0008967500647673043,0.006723317827287367
Mastoiditis,265,T1ax|FLAIRax,T2ax+FLAIRsag+SWIax,-0.0011691856971981496,0.005819141166371017
Mastoiditis,265,T1ax|FLAIRsag,none,-0.14455473241501715,0.0076948556674376134
Mastoiditis,265,T1ax|FLAIRsag,T2ax,0.03750620111454702,0.004825714488532337
Mastoiditis,265,T1ax|FLAIRsag,FLAIRax,-0.00457773165985927,0.004122487036285383
Mastoiditis,265,T1ax|FLAIRsag,SWIax,0.006774855445129679,0.011378280401859836
Mastoiditis,265,T1ax|FLAIRsag,T2ax+FLAIRax,0.013944170676720677,0.0022800773614034
Mastoiditis,265,T1ax|FLAIRsag,T2ax+SWIax,0.007371402664550053,0.008102954569149088
Mastoiditis,265,T1ax|FLAIRsag,FLAIRax+SWIax,-0.018526380919308322,0.0006309531564080795
Mastoiditis,265,T1ax|FLAIRsag,T2ax+FLAIRax+SWIax,-0.007176894371592635,0.002724268629735849
Mastoiditis,265,T1ax|SWIax,none,-0.14393096919286294,0.0005804533487232742
Mastoiditis,265,T1ax|SWIax,T2ax,0.027916590875266656,0.0015823847067534264
Mastoiditis,265,T1ax|SWIax,FLAIRax,0.017317025780100193,0.005131310186188208
Mastoiditis,265,T1ax|SWIax,FLAIRsag,0.0073986186672839,0.009570072592695895
Mastoiditis,265,T1ax|SWIax,T2ax+FLAIRax,0.021833366405944132,0.0018955248531879348
Mastoiditis,265,T1ax|SWIax,T2ax+FLAIRsag,-0.0022182075747303096,0.004230711597971496
Mastoiditis,265,T1ax|SWIax,FLAIRax+FLAIRsag,0.0033683765206511396,0.0024244839790681363
Mastoiditis,265,T1ax|SWIax,T2ax+FLAIRax+FLAIRsag,0.0007123013576308216,0.0036764721642618264
Mastoiditis,265,T2ax|FLAIRax,none,-0.19238599595411732,0.004927369559280851
Mastoiditis,265,T2ax|FLAIRax,T1ax,-0.03787365160209244,0.004677200159582999
Mastoiditis,265,T2ax|FLAIRax,FLAIRsag,-0.009686967737668048,0.009274545831227722
Mastoiditis,265,T2ax|FLAIRax,SWIax,0.002258170312922044,0.009633232198239444
Mastoiditis,265,T2ax|FLAIRax,T1ax+FLAIRsag,-0.018713654578627392,0.0024361016817128767
Mastoiditis,265,T2ax|FLAIRax,T1ax+SWIax,-0.010560704777338725,0.0035618702268225507
Mastoiditis,265,T2ax|FLAIRax,FLAIRsag+SWIax,-0.011071056504555754,0.004271949450021044
Mastoiditis,265,T2ax|FLAIRax,T1ax+FLAIRsag+SWIax,-0.013136992266521208,0.0041194358063403715
Mastoiditis,265,T2ax|FLAIRsag,none,-0.20869224006305845,0.001957494903284855
Mastoiditis,265,T2ax|FLAIRsag,T1ax,-0.026631306533494287,0.003723553000327377
Mastoiditis,265,T2ax|FLAIRsag,FLAIRax,-0.025993211846609188,0.006722728252484193
Mastoiditis,265,T2ax|FLAIRsag,SWIax,-0.009437682932879202,0.00668501433291663
Mastoiditis,265,T2ax|FLAIRsag,T1ax+FLAIRax,-0.007471309510029241,0.003955521384219572
Mastoiditis,265,T2ax|FLAIRsag,T1ax+SWIax,-0.008841135713458828,0.004433553430399096
Mastoiditis,265,T2ax|FLAIRsag,FLAIRax+SWIax,-0.022766909750357,0.001347655350903705
Mastoiditis,265,T2ax|FLAIRsag,T1ax+FLAIRax+SWIax,-0.011417423202641311,0.0034790985557777675
Mastoiditis,265,T2ax|SWIax,none,-0.19612554363104198,0.0047190761230260034
Mastoiditis,265,T2ax|SWIax,T1ax,-0.024277983562912404,0.004988426249639703
Mastoiditis,265,T2ax|SWIax,FLAIRax,-0.0014813773640026302,0.004376995810438217
Mastoiditis,265,T2ax|SWIax,FLAIRsag,0.003129013499137264,0.003395460902094701
Mastoiditis,265,T2ax|SWIax,T1ax+FLAIRax,0.0030349632618413094,0.0005124977173777256
Mastoiditis,265,T2ax|SWIax,T1ax+FLAIRsag,-0.006487812742876946,0.0026584918951571184
Mastoiditis,265,T2ax|SWIax,FLAIRax+FLAIRsag,0.001744924732249557,0.004429704545761597
Mastoiditis,265,T2ax|SWIax,T1ax+FLAIRax+FLAIRsag,-0.0009111504307707611,0.0005594666332246318
Mastoiditis,265,FLAIRax|FLAIRsag,none,-0.16305713569141048,0.0026291291081647285
Mastoiditis,265,FLAIRax|FLAIRsag,T1ax,-0.023080134936252605,0.008923581353077033
Mastoiditis,265,FLAIRax|FLAIRsag,T2ax,0.019641892525038784,0.0040494062323871635
Mastoiditis,265,FLAIRax|FLAIRsag,SWIax,0.01916640484183015,0.012768383374322775
Mastoiditis,265,FLAIRax|FLAIRsag,T1ax+T2ax,-0.003920137912787558,0.0030583441931318726
Mastoiditis,265,FLAIRax|FLAIRsag,T1ax+SWIax,-0.006134831522607853,0.002623410168045248
Mastoiditis,265,FLAIRax|FLAIRsag,T2ax+SWIax,0.005837178024352352,0.007886316945687399
Mastoiditis,265,FLAIRax|FLAIRsag,T1ax+T2ax+SWIax,-0.008711119011790336,0.004286763446687541
Mastoiditis,265,FLAIRax|SWIax,none,-0.18414085624989662,0.011064676924876891
Mastoiditis,265,FLAIRax|SWIax,T1ax,-0.0228928612769335,0.008812369519293133
Mastoiditis,265,FLAIRax|SWIax,T2ax,0.010503310017142739,0.0061447701877609924
Mastoiditis,265,FLAIRax|SWIax,FLAIRsag,-0.0019173157166559873,0.0047025608899445405
Mastoiditis,265,FLAIRax|SWIax,T1ax+T2ax,0.004420085547820214,0.004549310073602442
Mastoiditis,265,FLAIRax|SWIax,T1ax+FLAIRsag,-0.005947557863288748,0.0035215177039899922
Mastoiditis,265,FLAIRax|SWIax,T2ax+FLAIRsag,-0.003301404483543694,0.0025416396880871043
Mastoiditis,265,FLAIRax|SWIax,T1ax+T2ax+FLAIRsag,-0.0003708955511825633,0.001960524730524055
Mastoiditis,265,FLAIRsag|SWIax,none,-0.1622836500035828,0.012565374005357009
Mastoiditis,265,FLAIRsag|SWIax,T1ax,-0.010954062143435972,0.008377497028654307
Mastoiditis,265,FLAIRsag|SWIax,T2ax,0.03697090712659645,0.007701745723108973
Mastoiditis,265,FLAIRsag|SWIax,FLAIRax,0.019939890529657833,0.0026031599749107392
Mastoiditis,265,FLAIRsag|SWIax,T1ax+T2ax,0.006836108676599488,0.004287370125846653
Mastoiditis,265,FLAIRsag|SWIax,T1ax+FLAIRax,0.00599124127020878,0.0013075341827840292
Mastoiditis,265,FLAIRsag|SWIax,T2ax+FLAIRax,0.02316619262591002,0.0031506705227896657
Mastoiditis,265,FLAIRsag|SWIax,T1ax+T2ax+FLAIRax,0.0020451275775967095,0.0014946804503107663
Chronic mastoiditis,211,T1ax|T2ax,none,-0.2891717017600546,0.002238565518664447
Chronic mastoiditis,211,T1ax|T2ax,FLAIRax,-0.022499288566165714,0.004196364640504799
Chronic mastoiditis,211,T1ax|T2ax,FLAIRsag,-0.03222709243271815,0.009700545209865132
Chronic mastoiditis,211,T1ax|T2ax,SWIax,-0.024878677734409178,0.012344883730138279
Chronic mastoiditis,211,T1ax|T2ax,FLAIRax+FLAIRsag,-0.012214897407284023,0.0012399950255700507
Chronic mastoiditis,211,T1ax|T2ax,FLAIRax+SWIax,-0.020396730604524366,0.004940895456139677
Chronic mastoiditis,211,T1ax|T2ax,FLAIRsag+SWIax,-0.01756260875818927,0.007176924999999809
Chronic mastoiditis,211,T1ax|T2ax,FLAIRax+FLAIRsag+SWIax,-0.013828828503325674,0.002802214691307755
Chronic mastoiditis,211,T1ax|FLAIRax,none,-0.2541395642205386,0.002382591022224489
Chronic mastoiditis,211,T1ax|FLAIRax,T2ax,0.012532848973350238,0.001804469920052173
Chronic mastoiditis,211,T1ax|FLAIRax,FLAIRsag,-0.018525668223046316,0.007911147488522778
Chronic mastoiditis,211,T1ax|FLAIRax,SWIax,-0.003410150982260496,0.006923985447691012
Chronic mastoiditis,211,T1ax|FLAIRax,T2ax+FLAIRsag,0.0014865268023878109,0.003033614441726538
Chronic mastoiditis,211,T1ax|FLAIRax,T2ax+SWIax,0.0010717961476243154,0.004069905844081944
Chronic mastoiditis,211,T1ax|FLAIRax,FLAIRsag+SWIax,0.0012504718518236608,0.0026711045796395877
Chronic mastoiditis,211,T1ax|FLAIRax,T2ax+FLAIRsag+SWIax,0.004984252106687255,0.0031069412528185653
Chronic mastoiditis,211,T1ax|FLAIRsag,none,-0.24808145134566814,0.009948683427633928
Chronic mastoiditis,211,T1ax|FLAIRsag,T2ax,0.008863157981668294,0.0016970750990016584
Chronic mastoiditis,211,T1ax|FLAIRsag,FLAIRax,-0.012467555348175821,0.000549526169310934
Chronic mastoiditis,211,T1ax|FLAIRsag,SWIax,-0.014302142766447035,0.005770764208960548
Chronic mastoiditis,211,T1ax|FLAIRsag,T2ax+FLAIRax,-0.0021831641892941325,0.003502319233207248
Chronic mastoiditis,211,T1ax|FLAIRsag,T2ax+SWIax,-0.006986073790227125,0.0013166737107565293
Chronic mastoiditis,211,T1ax|FLAIRsag,FLAIRax+SWIax,-0.009641519932362877,0.002922440598791282
Chronic mastoiditis,211,T1ax|FLAIRsag,T2ax+FLAIRax+SWIax,-0.0030736178311641846,0.0009320587428112484
Chronic mastoiditis,211,T1ax|SWIax,none,-0.25608572717484546,0.009505989245339432
Chronic mastoiditis,211,T1ax|SWIax,T2ax,0.008207296850799942,0.00097895265091676
Chronic mastoiditis,211,T1ax|SWIax,FLAIRax,-0.005356313936567325,0.0027175668292460605
Chronic mastoiditis,211,T1ax|SWIax,FLAIRsag,-0.02230641859562436,0.009283789789404959
Chronic mastoiditis,211,T1ax|SWIax,T2ax+FLAIRax,-0.0032537559749259795,0.0019024948229898362
Chronic mastoiditis,211,T1ax|SWIax,T2ax+FLAIRsag,-0.007641934921095476,0.003400165652558897
Chronic mastoiditis,211,T1ax|SWIax,FLAIRax+FLAIRsag,-0.002530278520754381,0.0007000553234076332
Chronic mastoiditis,211,T1ax|SWIax,T2ax+FLAIRax+FLAIRsag,-0.004144209616796031,0.002339297159898264
Chronic mastoiditis,211,T2ax|FLAIRax,none,-0.26619385135351364,0.002139889986189636
Chronic mastoiditis,211,T2ax|FLAIRax,T1ax,0.00047856184037520233,0.0007960686821904737
Chronic mastoiditis,211,T2ax|FLAIRax,FLAIRsag,-0.017699475896070904,0.008430509779816483
Chronic mastoiditis,211,T2ax|FLAIRax,SWIax,-0.009543708533386411,0.013692904440083267
Chronic mastoiditis,211,T2ax|FLAIRax,T1ax+FLAIRsag,0.002312719129363224,0.004128443432252038
Chronic mastoiditis,211,T2ax|FLAIRax,T1ax+SWIax,-0.005061761403501601,0.003491840641515544
Chronic mastoiditis,211,T2ax|FLAIRax,FLAIRsag+SWIax,-0.002458705008046902,0.005872651786394055
Chronic mastoiditis,211,T2ax|FLAIRax,T1ax+FLAIRsag+SWIax,0.0012750752468166926,0.0022779924368544592
Chronic mastoiditis,211,T2ax|FLAIRsag,none,-0.26287944714967104,0.01173711381884846
Chronic mastoiditis,211,T2ax|FLAIRsag,T1ax,-0.005934837822334615,0.005889079609594196
Chronic mastoiditis,211,T2ax|FLAIRsag,FLAIRax,-0.014385071692228283,0.00284933137201066
Chronic mastoiditis,211,T2ax|FLAIRsag,SWIax,-0.01469992632745624,0.010983071245471585
Chronic mastoiditis,211,T2ax|FLAIRsag,T1ax+FLAIRax,-0.004100680533346594,0.0029488159613891307
Chronic mastoiditis,211,T2ax|FLAIRsag,T1ax+SWIax,-0.00738385735123633,0.004314107677371371
Chronic mastoiditis,211,T2ax|FLAIRsag,FLAIRax+SWIax,-0.00761492280211673,0.0030419915442655683
Chronic mastoiditis,211,T2ax|FLAIRsag,T1ax+FLAIRax+SWIax,-0.001047020700918037,0.00285123992504419
Chronic mastoiditis,211,T2ax|SWIax,none,-0.26248192166623147,0.015704422535161203
Chronic mastoiditis,211,T2ax|SWIax,T1ax,0.0018111023594139148,0.005424873275061447
Chronic mastoiditis,211,T2ax|SWIax,FLAIRax,-0.005831778846104234,0.004705386216340983
Chronic mastoiditis,211,T2ax|SWIax,FLAIRsag,-0.014302400844016683,0.012325837650540405
Chronic mastoiditis,211,T2ax|SWIax,T1ax+FLAIRax,-0.003729220884462888,0.0038893181365314616
Chronic mastoiditis,211,T2ax|SWIax,T1ax+FLAIRsag,0.00036208283051220036,0.007199657053384387
Chronic mastoiditis,211,T2ax|SWIax,FLAIRax+FLAIRsag,0.0009383700440073195,0.005013483108640741
Chronic mastoiditis,211,T2ax|SWIax,T1ax+FLAIRax+FLAIRsag,-0.000675561052034331,0.0033359995699593337
Chronic mastoiditis,211,FLAIRax|FLAIRsag,none,-0.23253881572676546,0.01041248317787005
Chronic mastoiditis,211,FLAIRax|FLAIRsag,T1ax,0.0030750802707268563,0.007054551268493784
Chronic mastoiditis,211,FLAIRax|FLAIRsag,T2ax,0.015955559730677304,0.004342199937273485
Chronic mastoiditis,211,FLAIRax|FLAIRsag,SWIax,-0.012138420420749049,0.006944176865224197
Chronic mastoiditis,211,FLAIRax|FLAIRsag,T1ax+T2ax,0.004909237559714878,0.0025630961027294018
Chronic mastoiditis,211,FLAIRax|FLAIRsag,T1ax+SWIax,-0.007477797586664892,0.0032704349905352498
Chronic mastoiditis,211,FLAIRax|FLAIRsag,T2ax+SWIax,-0.005053416895409539,0.0014969653385317192
Chronic mastoiditis,211,FLAIRax|FLAIRsag,T1ax+T2ax+SWIax,-0.0011409609363465985,0.001021373493344569
Chronic mastoiditis,211,FLAIRax|SWIax,none,-0.2323917115119457,0.008620614842626176
Chronic mastoiditis,211,FLAIRax|SWIax,T1ax,0.018337701726332423,0.001990008155528851
Chronic mastoiditis,211,FLAIRax|SWIax,T2ax,0.024258431308181543,0.004536988725517706
Chronic mastoiditis,211,FLAIRax|SWIax,FLAIRsag,-0.011991316205929303,0.012147782623470344
Chronic mastoiditis,211,FLAIRax|SWIax,T1ax+T2ax,0.01279737848245562,0.0021533423142862506
Chronic mastoiditis,211,FLAIRax|SWIax,T1ax+FLAIRsag,0.007784823868940675,0.004338818568025825
Chronic mastoiditis,211,FLAIRax|SWIax,T2ax+FLAIRsag,0.003249454682094699,0.00027353357431707194
Chronic mastoiditis,211,FLAIRax|SWIax,T1ax+T2ax+FLAIRsag,0.006747179986394143,0.0013923433106327252
Chronic mastoiditis,211,FLAIRsag|SWIax,none,-0.22362765531710346,0.008666376496233147
Chronic mastoiditis,211,FLAIRsag|SWIax,T1ax,0.010151653262117644,0.0028121958449258554
Chronic mastoiditis,211,FLAIRsag|SWIax,T2ax,0.024551865505111348,0.0018550686851037355
Chronic mastoiditis,211,FLAIRsag|SWIax,FLAIRax,-0.0032272600110870484,0.00634233025758997
Chronic mastoiditis,211,FLAIRsag|SWIax,T1ax+T2ax,0.008702633733215928,0.0031181371016766168
Chronic mastoiditis,211,FLAIRsag|SWIax,T1ax+FLAIRax,-0.0004012245952741041,0.0038823339033649032
Chronic mastoiditis,211,FLAIRsag|SWIax,T2ax+FLAIRax,0.0035428888790245048,0.0062536245716725124
Chronic mastoiditis,211,FLAIRsag|SWIax,T1ax+T2ax+FLAIRax,0.0026524352371544526,0.0036779422584750287
Ventriculomegaly,889,T1ax|T2ax,none,-0.3918090024729975,0.001441008665112113
Ventriculomegaly,889,T1ax|T2ax,FLAIRax,-0.002436004883208942,0.0007874899320322144
Ventriculomegaly,889,T1ax|T2ax,FLAIRsag,-0.001770886353222867,0.0012042961369831413
Ventriculomegaly,889,T1ax|T2ax,SWIax,-0.012093296663410968,0.0006807900204861809
Ventriculomegaly,889,T1ax|T2ax,FLAIRax+FLAIRsag,-0.0021731320508735497,0.0004190399882465967
Ventriculomegaly,889,T1ax|T2ax,FLAIRax+SWIax,-0.00023048771067305887,0.000874664622676831
Ventriculomegaly,889,T1ax|T2ax,FLAIRsag+SWIax,0.0007041173592717831,0.000281342371774075
Ventriculomegaly,889,T1ax|T2ax,FLAIRax+FLAIRsag+SWIax,0.0011749912963606353,0.0004384022101986281
Ventriculomegaly,889,T1ax|FLAIRax,none,-0.3889907473348521,0.0018679944720301149
Ventriculomegaly,889,T1ax|FLAIRax,T2ax,0.0003822502549365077,0.002112030203604967
Ventriculomegaly,889,T1ax|FLAIRax,FLAIRsag,-0.0017874867593574706,0.0008302947750082897
Ventriculomegaly,889,T1ax|FLAIRax,SWIax,-0.014196984784239697,0.0018272393321907272
Ventriculomegaly,889,T1ax|FLAIRax,T2ax+FLAIRsag,-0.0021897324570081533,0.0006424896973540995
Ventriculomegaly,889,T1ax|FLAIRax,T2ax+SWIax,-0.002334175831501787,0.001214036849387914
Ventriculomegaly,889,T1ax|FLAIRax,FLAIRsag+SWIax,-0.0030818995697033578,0.000668366378429032
Ventriculomegaly,889,T1ax|FLAIRax,T2ax+FLAIRsag+SWIax,-0.0026110256326145054,0.0004858415605187782
Ventriculomegaly,889,T1ax|FLAIRsag,none,-0.38708317769074707,0.0009003471807748658
Ventriculomegaly,889,T1ax|FLAIRsag,T2ax,0.0029549384290275724,0.0008093610267455134
Ventriculomegaly,889,T1ax|FLAIRsag,FLAIRax,0.00012008288474751883,0.001790508654859738
Ventriculomegaly,889,T1ax|FLAIRsag,SWIax,-0.011094626812288122,0.0022095959167913004
Ventriculomegaly,889,T1ax|FLAIRsag,T2ax+FLAIRax,0.0003829557170829112,0.000679510191715077
Ventriculomegaly,889,T1ax|FLAIRsag,T2ax+SWIax,0.0017027872103946295,0.002254617546376846
Ventriculomegaly,889,T1ax|FLAIRsag,FLAIRax+SWIax,2.0458402248217194e-05,0.0010435712294402637
Ventriculomegaly,889,T1ax|FLAIRsag,T2ax+FLAIRax+SWIax,0.0014259374092819115,0.001376268284577304
Ventriculomegaly,889,T1ax|SWIax,none,-0.37915927254154375,0.003276428642512619
Ventriculomegaly,889,T1ax|SWIax,T2ax,0.0005564332680428885,0.0027705945085525004
Ventriculomegaly,889,T1ax|SWIax,FLAIRax,-0.004365509990931289,0.0022561000168724132
Ventriculomegaly,889,T1ax|SWIax,FLAIRsag,-0.0031707216630847044,0.0012955349490508747
Ventriculomegaly,889,T1ax|SWIax,T2ax+FLAIRax,-0.0021599928183954065,0.0017394237928205429
Ventriculomegaly,889,T1ax|SWIax,T2ax+FLAIRsag,-0.0006957179505900543,0.0005569926722916557
Ventriculomegaly,889,T1ax|SWIax,FLAIRax+FLAIRsag,-0.0044651344734305915,0.0008752161672816973
Ventriculomegaly,889,T1ax|SWIax,T2ax+FLAIRax+FLAIRsag,-0.0011170111261964062,0.0008792215674348598
Ventriculomegaly,889,T2ax|FLAIRax,none,-0.39241814699079836,0.000908627448740229
Ventriculomegaly,889,T2ax|FLAIRax,T1ax,-0.0030451494010097133,0.0009679007071883147
Ventriculomegaly,889,T2ax|FLAIRax,FLAIRsag,0.0008489796019146197,0.0018055576908794016
Ventriculomegaly,889,T2ax|FLAIRax,SWIax,-0.01623085419825813,0.0014641784992031213
Ventriculomegaly,889,T2ax|FLAIRax,T1ax+FLAIRsag,0.00044673390426393694,0.0004062334417529833
Ventriculomegaly,889,T2ax|FLAIRax,T1ax+SWIax,-0.0043680452455202206,0.0009498719040292713
Ventriculomegaly,889,T2ax|FLAIRax,FLAIRsag+SWIax,-0.0023030693599800367,0.00013435035086225384
Ventriculomegaly,889,T2ax|FLAIRax,T1ax+FLAIRsag+SWIax,-0.0018321954228911845,0.0002879133270035784
Ventriculomegaly,889,T2ax|FLAIRsag,none,-0.39235053285319577,0.0014928889517227776
Ventriculomegaly,889,T2ax|FLAIRsag,T1ax,-0.0023124167334210486,0.0020188038309038457
Ventriculomegaly,889,T2ax|FLAIRsag,FLAIRax,0.0009165937395172093,0.0020462609860604163
Ventriculomegaly,889,T2ax|FLAIRsag,SWIax,-0.01346610395478546,0.0013592406736512757
Ventriculomegaly,889,T2ax|FLAIRsag,T1ax+FLAIRax,0.0011794665718526016,0.0010365637103609156
Ventriculomegaly,889,T2ax|FLAIRsag,T1ax+SWIax,-0.0006686899321027099,0.0012844507647678653
Ventriculomegaly,889,T2ax|FLAIRsag,FLAIRax+SWIax,0.00046168088349263225,6.115459882558498e-05
Ventriculomegaly,889,T2ax|FLAIRsag,T1ax+FLAIRax+SWIax,0.0018671598905263265,0.00044442032102622866
Ventriculomegaly,889,T2ax|SWIax,none,-0.3787270006112829,0.0011896198353689145
Ventriculomegaly,889,T2ax|SWIax,T1ax,0.00098870519830363,0.0011708890758841243
Ventriculomegaly,889,T2ax|SWIax,FLAIRax,-0.002539707818742761,0.0020554935734423603
Ventriculomegaly,889,T2ax|SWIax,FLAIRsag,0.0001574282871273184,0.0016399493598771514
Ventriculomegaly,889,T2ax|SWIax,T1ax+FLAIRax,-0.00033419064620687777,0.0009784578092151882
Ventriculomegaly,889,T2ax|SWIax,T1ax+FLAIRsag,0.0026324319996219683,0.00033708137279045707
Ventriculomegaly,889,T2ax|SWIax,FLAIRax+FLAIRsag,-0.002994620674767338,0.00022286640971220967
Ventriculomegaly,889,T2ax|SWIax,T1ax+FLAIRax+FLAIRsag,0.000353502672466847,0.00021885817479350915
Ventriculomegaly,889,FLAIRax|FLAIRsag,none,-0.3897410504190268,0.0024105287058565
Ventriculomegaly,889,FLAIRax|FLAIRsag,T1ax,-0.0025377898435321824,0.0002754699620676066
Ventriculomegaly,889,FLAIRax|FLAIRsag,T2ax,0.003526076173686129,0.0015226486340691936
Ventriculomegaly,889,FLAIRax|FLAIRsag,SWIax,-0.016451553621648667,0.001468307840076025
Ventriculomegaly,889,FLAIRax|FLAIRsag,T1ax+T2ax,0.0009540934617414676,0.0009042840194979644
Ventriculomegaly,889,FLAIRax|FLAIRsag,T1ax+SWIax,-0.005336468407112327,0.000801650124640499
Ventriculomegaly,889,FLAIRax|FLAIRsag,T2ax+SWIax,-0.0025237687833705724,0.0011100228640114026
Ventriculomegaly,889,FLAIRax|FLAIRsag,T1ax+T2ax+SWIax,-0.0028006185844832907,0.0006985899884410196
Ventriculomegaly,889,FLAIRax|SWIax,none,-0.3690708111156848,0.002036138399085952
Ventriculomegaly,889,FLAIRax|SWIax,T1ax,0.005722951434927626,0.0019338202315652949
Ventriculomegaly,889,FLAIRax|SWIax,T2ax,0.007116481676855413,0.0009338077781518944
Ventriculomegaly,889,FLAIRax|SWIax,FLAIRsag,0.004218685681693368,0.0013844040614104376
Ventriculomegaly,889,FLAIRax|SWIax,T1ax+T2ax,0.004400055590417118,0.0010338442073631066
Ventriculomegaly,889,FLAIRax|SWIax,T1ax+FLAIRsag,0.002924272871347481,0.0012404936046332684
Ventriculomegaly,889,FLAIRax|SWIax,T2ax+FLAIRsag,0.0010666367197987119,0.0009520537440706354
Ventriculomegaly,889,FLAIRax|SWIax,T1ax+T2ax+FLAIRsag,0.0006453435441923597,0.0008622891183770734
Ventriculomegaly,889,FLAIRsag|SWIax,none,-0.3731147626419699,0.0037351720787378397
Ventriculomegaly,889,FLAIRsag|SWIax,T1ax,0.002873788236489131,0.000796923855165937
Ventriculomegaly,889,FLAIRsag|SWIax,T2ax,0.005769666256440413,0.00379720709247942
Ventriculomegaly,889,FLAIRsag|SWIax,FLAIRax,0.00017473415540828854,0.000577953446681382
Ventriculomegaly,889,FLAIRsag|SWIax,T1ax+T2ax,0.0045175150378074696,0.0016102217388735361
Ventriculomegaly,889,FLAIRsag|SWIax,T1ax+FLAIRax,7.510967290898692e-05,0.0015591169055215696
Ventriculomegaly,889,FLAIRsag|SWIax,T2ax+FLAIRax,-0.0002801787006162885,0.00259676592647642
Ventriculomegaly,889,FLAIRsag|SWIax,T1ax+T2ax+FLAIRax,0.0007628029915827117,0.0017501121168315122
Cerebellar degeneration,351,T1ax|T2ax,none,-0.3166336982233171,0.00336749521434846
Cerebellar degeneration,351,T1ax|T2ax,FLAIRax,-0.00833469345229291,0.003828401810775649
Cerebellar degeneration,351,T1ax|T2ax,FLAIRsag,-0.011757624490795648,0.0023603850852219727
Cerebellar degeneration,351,T1ax|T2ax,SWIax,-0.0240227466504838,0.00431512138738122
Cerebellar degeneration,351,T1ax|T2ax,FLAIRax+FLAIRsag,-0.005906802338270419,0.0014810905865418745
Cerebellar degeneration,351,T1ax|T2ax,FLAIRax+SWIax,-0.01444813934676048,0.004473252943256872
Cerebellar degeneration,351,T1ax|T2ax,FLAIRsag+SWIax,-0.01167239387028507,0.0028376771755904734
Cerebellar degeneration,351,T1ax|T2ax,FLAIRax+FLAIRsag+SWIax,-0.008863774476102019,0.0023551474942050854
Cerebellar degeneration,351,T1ax|FLAIRax,none,-0.2937335485997286,0.0005905653477422522
Cerebellar degeneration,351,T1ax|FLAIRax,T2ax,0.014565456171295565,0.004729988607769275
Cerebellar degeneration,351,T1ax|FLAIRax,FLAIRsag,-0.01017605295788578,0.0009261512184173972
Cerebellar degeneration,351,T1ax|FLAIRax,SWIax,-0.0068615638364219285,0.0030689926395207788
Cerebellar degeneration,351,T1ax|FLAIRax,T2ax+FLAIRsag,-0.004325230805360551,0.0005228942132266777
Cerebellar degeneration,351,T1ax|FLAIRax,T2ax+SWIax,0.0027130434673013903,0.0028174845147029364
Cerebellar degeneration,351,T1ax|FLAIRax,FLAIRsag+SWIax,-0.009646394277375644,0.0013505099378617132
Cerebellar degeneration,351,T1ax|FLAIRax,T2ax+FLAIRsag+SWIax,-0.006837774883192593,0.0006181886025558088
Cerebellar degeneration,351,T1ax|FLAIRsag,none,-0.2868543399768055,0.0048958669452249335
Cerebellar degeneration,351,T1ax|FLAIRsag,T2ax,0.01802173375571599,0.005639986228936482
Cerebellar degeneration,351,T1ax|FLAIRsag,FLAIRax,-0.0032968443349626155,0.004415816964000842
Cerebellar degeneration,351,T1ax|FLAIRsag,SWIax,-0.006158555631386194,0.0022307567387267555
Cerebellar degeneration,351,T1ax|FLAIRsag,T2ax+FLAIRax,-0.0008689532209401237,0.0022063753016061134
Cerebellar degeneration,351,T1ax|FLAIRsag,T2ax+SWIax,0.006191797148812535,0.005232999808702374
Cerebellar degeneration,351,T1ax|FLAIRsag,FLAIRax+SWIax,-0.00894338607233991,0.0021925650383412226
Cerebellar degeneration,351,T1ax|FLAIRsag,T2ax+FLAIRax+SWIax,-0.0033590212016814482,0.00251343342416594
Cerebellar degeneration,351,T1ax|SWIax,none,-0.2716539865769387,0.0021681314524966216
Cerebellar degeneration,351,T1ax|SWIax,T2ax,0.02095696499589465,0.0012245735268840898
Cerebellar degeneration,351,T1ax|SWIax,FLAIRax,0.015217998186368042,0.005186482839516787
Cerebellar degeneration,351,T1ax|SWIax,FLAIRsag,0.009041797768480611,0.0022870996066223412
Cerebellar degeneration,351,T1ax|SWIax,T2ax+FLAIRax,0.009104552291900473,0.003027451161529412
Cerebellar degeneration,351,T1ax|SWIax,T2ax+FLAIRsag,0.00912702838899119,0.001449293946301222
Cerebellar degeneration,351,T1ax|SWIax,FLAIRax+FLAIRsag,0.009571456448990748,0.0013231962480259583
Cerebellar degeneration,351,T1ax|SWIax,T2ax+FLAIRax+FLAIRsag,0.006614484311159148,0.0005124112376607288
Cerebellar degeneration,351,T2ax|FLAIRax,none,-0.32097573358725023,0.004844252251907242
Cerebellar degeneration,351,T2ax|FLAIRax,T1ax,-0.01267672881622602,0.0012980795029945787
Cerebellar degeneration,351,T2ax|FLAIRax,FLAIRsag,-0.007533326065361723,0.002230092450000928
Cerebellar degeneration,351,T2ax|FLAIRax,SWIax,-0.01973627135833141,0.0010270830843937292
Cerebellar degeneration,351,T2ax|FLAIRax,T1ax+FLAIRsag,-0.0016825039128364934,0.002079828509149183
Cerebellar degeneration,351,T2ax|FLAIRax,T1ax+SWIax,-0.010161664054608091,0.0006128354945003001
Cerebellar degeneration,351,T2ax|FLAIRax,FLAIRsag+SWIax,-0.00595459030171112,0.002275410538360235
Cerebellar degeneration,351,T2ax|FLAIRax,T1ax+FLAIRsag+SWIax,-0.0031459709075280693,0.0013563598762240314
Cerebellar degeneration,351,T2ax|FLAIRsag,none,-0.30868062579335903,0.002140128670730755
Cerebellar degeneration,351,T2ax|FLAIRsag,T1ax,-0.003804552060837555,0.0011494946067747691
Cerebellar degeneration,351,T2ax|FLAIRsag,FLAIRax,0.0047617817285294795,0.0032874532512856204
Cerebellar degeneration,351,T2ax|FLAIRsag,SWIax,-0.0180620646962902,0.0035915928041209562
Cerebellar degeneration,351,T2ax|FLAIRsag,T1ax+FLAIRax,0.007189672842551971,0.0013321636337748938
Cerebellar degeneration,351,T2ax|FLAIRsag,T1ax+SWIax,-0.0057117119160914704,0.003928258269944725
Cerebellar degeneration,351,T2ax|FLAIRsag,FLAIRax+SWIax,-0.004280383639669909,0.002232943774312739
Cerebellar degeneration,351,T2ax|FLAIRsag,T1ax+FLAIRax+SWIax,0.0013039812309885528,0.0027884261791979786
Cerebellar degeneration,351,T2ax|SWIax,none,-0.2911139804894875,0.0031326664584914754
Cerebellar degeneration,351,T2ax|SWIax,T1ax,0.0014969710833457883,0.0018247511409024697
Cerebellar degeneration,351,T2ax|SWIax,FLAIRax,0.010125481739431286,0.005414904909552749
Cerebellar degeneration,351,T2ax|SWIax,FLAIRsag,-0.0004954193924187056,0.007909549164055138
Cerebellar degeneration,351,T2ax|SWIax,T1ax+FLAIRax,0.004012035844963717,0.0006014473621454748
Cerebellar degeneration,351,T2ax|SWIax,T1ax+FLAIRsag,-0.0004101887719081265,0.005720975347549247
Cerebellar degeneration,351,T2ax|SWIax,FLAIRax+FLAIRsag,0.0010833163712318978,0.003644862882074334
Cerebellar degeneration,351,T2ax|SWIax,T1ax+FLAIRax+FLAIRsag,-0.0018736557665997022,0.0023629030462273145
Cerebellar degeneration,351,FLAIRax|FLAIRsag,none,-0.2961520396637996,0.001366618701102735
Cerebellar degeneration,351,FLAIRax|FLAIRsag,T1ax,-0.012594544021956774,0.001867655449577667
Cerebellar degeneration,351,FLAIRax|FLAIRsag,T2ax,0.017290367858088868,0.0031128152125085894
Cerebellar degeneration,351,FLAIRax|FLAIRsag,SWIax,-0.0047091624544990385,0.006695507848806063
Cerebellar degeneration,351,FLAIRax|FLAIRsag,T1ax+T2ax,-0.0016003191185672467,0.001606695524436861
Cerebellar degeneration,351,FLAIRax|FLAIRsag,T1ax+SWIax,-0.007493992895452754,0.004118327429101507
Cerebellar degeneration,351,FLAIRax|FLAIRsag,T2ax+SWIax,0.009072518602121252,0.005484004096642138
Cerebellar degeneration,351,FLAIRax|FLAIRsag,T1ax+T2ax+SWIax,-0.000478299748372731,0.002490113142449863
Cerebellar degeneration,351,FLAIRax|SWIax,none,-0.28642183265054305,0.0071439398982120796
Cerebellar degeneration,351,FLAIRax|SWIax,T1ax,0.0004501521127636317,0.003997515251035035
Cerebellar degeneration,351,FLAIRax|SWIax,T2ax,0.014817629578375735,0.00364728626494898
Cerebellar degeneration,351,FLAIRax|SWIax,FLAIRsag,0.005021044558757515,0.003980984385875556
Cerebellar degeneration,351,FLAIRax|SWIax,T1ax+T2ax,0.00296521687438156,0.00425916807062377
Cerebellar degeneration,351,FLAIRax|SWIax,T1ax+FLAIRsag,0.005550703239267651,0.0034065158436692314
Cerebellar degeneration,351,FLAIRax|SWIax,T2ax+FLAIRsag,0.006599780322408118,0.0005796453675098138
Cerebellar degeneration,351,FLAIRax|SWIax,T1ax+T2ax+FLAIRsag,0.004087236244576076,0.0009248421738529274
Cerebellar degeneration,351,FLAIRsag|SWIax,none,-0.28180257458440744,0.006342765718581017
Cerebellar degeneration,351,FLAIRsag|SWIax,T1ax,-0.0011067902389881867,0.008611625385799657
Cerebellar degeneration,351,FLAIRsag|SWIax,T2ax,0.008815986512661356,0.0051093094986078445
Cerebellar degeneration,351,FLAIRsag|SWIax,FLAIRax,0.009640302624893127,0.001247748561307322
Cerebellar degeneration,351,FLAIRsag|SWIax,T1ax+T2ax,-0.0030139500942421016,0.005153201512491354
Cerebellar degeneration,351,FLAIRsag|SWIax,T1ax+FLAIRax,0.003993760887515833,0.002826906599985479
Cerebellar degeneration,351,FLAIRsag|SWIax,T2ax+FLAIRax,0.000598137256693739,0.0049939883969782675
Cerebellar degeneration,351,FLAIRsag|SWIax,T1ax+T2ax+FLAIRax,-0.0018919307240475858,0.0019062929230058497
Mega cisterna magna,104,T1ax|T2ax,none,-0.24146322780459928,0.013990228848235586
Mega cisterna magna,104,T1ax|T2ax,FLAIRax,0.01911379878599166,0.006534515423083229
Mega cisterna magna,104,T1ax|T2ax,FLAIRsag,0.01759301048110388,0.005241545969959257
Mega cisterna magna,104,T1ax|T2ax,SWIax,-0.06335950848950093,0.006529658861890866
Mega cisterna magna,104,T1ax|T2ax,FLAIRax+FLAIRsag,0.013631887454419456,0.004930620818173776
Mega cisterna magna,104,T1ax|T2ax,FLAIRax+SWIax,-0.025661900897394358,0.005886564239318307
Mega cisterna magna,104,T1ax|T2ax,FLAIRsag+SWIax,-0.01321766025986082,0.0022735082701796166
Mega cisterna magna,104,T1ax|T2ax,FLAIRax+FLAIRsag+SWIax,-0.006181146158538782,0.003304713482752489
Mega cisterna magna,104,T1ax|FLAIRax,none,-0.2533384883139969,0.010920910573872964
Mega cisterna magna,104,T1ax|FLAIRax,T2ax,0.007238538276594042,0.01895944067982445
Mega cisterna magna,104,T1ax|FLAIRax,FLAIRsag,-0.005453272550107524,0.0021593756803479198
Mega cisterna magna,104,T1ax|FLAIRax,SWIax,-0.03787220064537326,0.0031887358761408953
Mega cisterna magna,104,T1ax|FLAIRax,T2ax+FLAIRsag,-0.009414395576791948,0.009276485053441804
Mega cisterna magna,104,T1ax|FLAIRax,T2ax+SWIax,-0.00017459305326668803,0.003720647382794169
Mega cisterna magna,104,T1ax|FLAIRax,FLAIRsag+SWIax,-0.019552179169737654,0.0026161597814648935
Mega cisterna magna,104,T1ax|FLAIRax,T2ax+FLAIRsag+SWIax,-0.012515665068415616,0.0027243539286150005
Mega cisterna magna,104,T1ax|FLAIRsag,none,-0.25299585807309993,0.006970084207261704
Mega cisterna magna,104,T1ax|FLAIRsag,T2ax,0.006060380212603245,0.01621497155090884
Mega cisterna magna,104,T1ax|FLAIRsag,FLAIRax,-0.005110642309210545,0.004869588537421194
Mega cisterna magna,104,T1ax|FLAIRsag,SWIax,-0.04469513154516913,0.00814602646485334
Mega cisterna magna,104,T1ax|FLAIRsag,T2ax+FLAIRax,-0.010592553640782746,0.00325880700707875
Mega cisterna magna,104,T1ax|FLAIRsag,T2ax+SWIax,0.00544671668447098,0.012911851891922432
Mega cisterna magna,104,T1ax|FLAIRsag,FLAIRax+SWIax,-0.026375110069533525,0.004183828106032027
Mega cisterna magna,104,T1ax|FLAIRsag,T2ax+FLAIRax+SWIax,-0.006894355330677948,0.0072511197845618845
Mega cisterna magna,104,T1ax|SWIax,none,-0.1803004518716651,0.00985461333958713
Mega cisterna magna,104,T1ax|SWIax,T2ax,-0.002196732556566753,0.01636727262565087
Mega cisterna magna,104,T1ax|SWIax,FLAIRax,0.03516583579695853,0.008561183379126895
Mega cisterna magna,104,T1ax|SWIax,FLAIRsag,0.028000274656265683,0.004663989804685644
Mega cisterna magna,104,T1ax|SWIax,T2ax+FLAIRax,-0.009609863886427483,0.006812742040112251
Mega cisterna magna,104,T1ax|SWIax,T2ax+FLAIRsag,-0.0028103960846990184,0.005800897146919443
Mega cisterna magna,104,T1ax|SWIax,FLAIRax+FLAIRsag,0.013901368036635553,0.0008089499878869519
Mega cisterna magna,104,T1ax|SWIax,T2ax+FLAIRax+FLAIRsag,-0.005911665576322685,0.004507928549432102
Mega cisterna magna,104,T2ax|FLAIRax,none,-0.2721098293818715,0.007374664557740565
Mega cisterna magna,104,T2ax|FLAIRax,T1ax,-0.011532802791280586,0.001766607168623587
Mega cisterna magna,104,T2ax|FLAIRax,FLAIRsag,-0.02866604006393007,0.0066767288498014695
Mega cisterna magna,104,T2ax|FLAIRax,SWIax,-0.058164502540915576,0.010034428620854777
Mega cisterna magna,104,T2ax|FLAIRax,T1ax+FLAIRsag,-0.032627163090614496,0.0021448968835221086
Mega cisterna magna,104,T2ax|FLAIRax,T1ax+SWIax,-0.020466894948809006,0.005642480655292432
Mega cisterna magna,104,T2ax|FLAIRax,FLAIRsag+SWIax,-0.03709377786242907,0.007333684406571217
Mega cisterna magna,104,T2ax|FLAIRax,T1ax+FLAIRsag+SWIax,-0.03005726376110703,0.005956186452895665
Mega cisterna magna,104,T2ax|FLAIRsag,none,-0.23223860728570603,0.01693780580662219
Mega cisterna magna,104,T2ax|FLAIRsag,T1ax,0.026817630999997122,0.0024347617024607715
Mega cisterna magna,104,T2ax|FLAIRsag,FLAIRax,0.011205182032235417,0.005846996699348866
Mega cisterna magna,104,T2ax|FLAIRsag,SWIax,-0.031031499899246546,0.0024395733378692443
Mega cisterna magna,104,T2ax|FLAIRsag,T1ax+FLAIRax,0.005723270700663215,0.0038877287004045005
Mega cisterna magna,104,T2ax|FLAIRsag,T1ax+SWIax,0.019110348330393562,0.006648955011234189
Mega cisterna magna,104,T2ax|FLAIRsag,FLAIRax+SWIax,-0.009960775220760035,0.006899986442444839
Mega cisterna magna,104,T2ax|FLAIRsag,T1ax+FLAIRax+SWIax,0.009519979518095542,0.005625586088884072
Mega cisterna magna,104,T2ax|SWIax,none,-0.16526854205829342,0.014138756187234015
Mega cisterna magna,104,T2ax|SWIax,T1ax,0.012835177256804942,0.00452974204363975
Mega cisterna magna,104,T2ax|SWIax,FLAIRax,0.04867678478266254,0.005404927935078375
Mega cisterna magna,104,T2ax|SWIax,FLAIRsag,0.03593856532816608,0.012612200635113929
Mega cisterna magna,104,T2ax|SWIax,T1ax+FLAIRax,0.003901085099276521,0.0025953524245355534
Mega cisterna magna,104,T2ax|SWIax,T1ax+FLAIRsag,0.005127894587201383,0.007825521673281472
Mega cisterna magna,104,T2ax|SWIax,FLAIRax+FLAIRsag,0.027510827529667086,0.001928810527852239
Mega cisterna magna,104,T2ax|SWIax,T1ax+FLAIRax+FLAIRsag,0.0076977939167088465,0.0038470408005231945
Mega cisterna magna,104,FLAIRax|FLAIRsag,none,-0.20665140875201157,0.015049974880537489
Mega cisterna magna,104,FLAIRax|FLAIRsag,T1ax,0.04123380701187781,0.012216546157481396
Mega cisterna magna,104,FLAIRax|FLAIRsag,T2ax,0.03679238056592989,0.02639335363709439
Mega cisterna magna,104,FLAIRax|FLAIRsag,SWIax,0.01716446389581283,0.01573687768824289
Mega cisterna magna,104,FLAIRax|FLAIRsag,T1ax+T2ax,0.0201394467125439,0.011229988356566236
Mega cisterna magna,104,FLAIRax|FLAIRsag,T1ax+SWIax,0.03548448537144844,0.011949671187829936
Mega cisterna magna,104,FLAIRax|FLAIRsag,T2ax+SWIax,0.03823518857429934,0.013491097456636824
Mega cisterna magna,104,FLAIRax|FLAIRsag,T1ax+T2ax+SWIax,0.025894116559150415,0.008162792960122902
Mega cisterna magna,104,FLAIRax|SWIax,none,-0.20417139379083607,0.005744027065610277
Mega cisterna magna,104,FLAIRax|SWIax,T1ax,0.011294893877787556,0.009609958200193586
Mega cisterna magna,104,FLAIRax|SWIax,T2ax,0.009773933050119865,0.015746798898465895
Mega cisterna magna,104,FLAIRax|SWIax,FLAIRsag,0.019644478856988317,0.008272132998607103
Mega cisterna magna,104,FLAIRax|SWIax,T1ax+T2ax,0.002360801720259135,0.006400474288441294
Mega cisterna magna,104,FLAIRax|SWIax,T1ax+FLAIRsag,0.005545572237358187,0.007727001004715337
Mega cisterna magna,104,FLAIRax|SWIax,T2ax+FLAIRsag,0.011216741058489318,0.005566072783453083
Mega cisterna magna,104,FLAIRax|SWIax,T1ax+T2ax+FLAIRsag,0.00811547156686565,0.0038271120432881553
Mega cisterna magna,104,FLAIRsag|SWIax,none,-0.19438245125886433,0.01332965771643759
Mega cisterna magna,104,FLAIRsag|SWIax,T1ax,0.013918275269066452,0.003090272290995004
Mega cisterna magna,104,FLAIRsag|SWIax,T2ax,0.006824656127595159,0.007364371746480668
Mega cisterna magna,104,FLAIRsag|SWIax,FLAIRax,0.029433421388960063,0.011464121140261987
Mega cisterna magna,104,FLAIRsag|SWIax,T1ax+T2ax,0.0062109925994628945,0.0060014271857566255
Mega cisterna magna,104,FLAIRsag|SWIax,T1ax+FLAIRax,0.008168953628637085,0.0031415525742176224
Mega cisterna magna,104,FLAIRsag|SWIax,T2ax+FLAIRax,0.008267464135964612,0.009151071951335925
Mega cisterna magna,104,FLAIRsag|SWIax,T1ax+T2ax+FLAIRax,0.01196566244606941,0.0031175914719384565
Structure of cave of septum pellucidum,99,T1ax|T2ax,none,-0.13789860443615556,0.020570888222370555
Structure of cave of septum pellucidum,99,T1ax|T2ax,FLAIRax,-0.009608132106518194,0.011674924604451865
Structure of cave of septum pellucidum,99,T1ax|T2ax,FLAIRsag,-0.009439673255038028,0.003952565049458281
Structure of cave of septum pellucidum,99,T1ax|T2ax,SWIax,-0.02914138878201707,0.019599300722993197
Structure of cave of septum pellucidum,99,T1ax|T2ax,FLAIRax+FLAIRsag,-0.0050561203455542865,0.01113137576726969
Structure of cave of septum pellucidum,99,T1ax|T2ax,FLAIRax+SWIax,-0.019484168128454733,0.011714943112063034
Structure of cave of septum pellucidum,99,T1ax|T2ax,FLAIRsag+SWIax,-0.02223511928698067,0.0065616960267152625
Structure of cave of septum pellucidum,99,T1ax|T2ax,FLAIRax+FLAIRsag+SWIax,-0.013005747888467941,0.005202229953946008
Structure of cave of septum pellucidum,99,T1ax|FLAIRax,none,-0.15064622989090384,0.01550267414871631
Structure of cave of septum pellucidum,99,T1ax|FLAIRax,T2ax,-0.02235575756126647,0.005301459594126009
Structure of cave of septum pellucidum,99,T1ax|FLAIRax,FLAIRsag,-0.030603901434544906,0.011107287184592689
Structure of cave of septum pellucidum,99,T1ax|FLAIRax,SWIax,-0.031561399809732084,0.009706623584227232
Structure of cave of septum pellucidum,99,T1ax|FLAIRax,T2ax+FLAIRsag,-0.026220348525061166,0.008825809167071168
Structure of cave of septum pellucidum,99,T1ax|FLAIRax,T2ax+SWIax,-0.02190417915616975,0.0046122416511339345
Structure of cave of septum pellucidum,99,T1ax|FLAIRax,FLAIRsag+SWIax,-0.025415912224606003,0.004094594608308094
Structure of cave of septum pellucidum,99,T1ax|FLAIRax,T2ax+FLAIRsag+SWIax,-0.016186540826093276,0.01036065906621385
Structure of cave of septum pellucidum,99,T1ax|FLAIRsag,none,-0.14576237230637915,0.016401276131675364
Structure of cave of septum pellucidum,99,T1ax|FLAIRsag,T2ax,-0.01730344112526161,0.008055023325285413
Structure of cave of septum pellucidum,99,T1ax|FLAIRsag,FLAIRax,-0.02572004385002021,0.01216461192659631
Structure of cave of septum pellucidum,99,T1ax|FLAIRsag,SWIax,-0.023840006839791632,0.01818359816918669
Structure of cave of septum pellucidum,99,T1ax|FLAIRsag,T2ax+FLAIRax,-0.021168032089056304,0.00697512637685928
Structure of cave of septum pellucidum,99,T1ax|FLAIRsag,T2ax+SWIax,-0.01693373734475523,0.005783456872488209
Structure of cave of septum pellucidum,99,T1ax|FLAIRsag,FLAIRax+SWIax,-0.017694519254665548,0.010375552936995063
Structure of cave of septum pellucidum,99,T1ax|FLAIRsag,T2ax+FLAIRax+SWIax,-0.011216099014678757,0.0019245946300374146
Structure of cave of septum pellucidum,99,T1ax|SWIax,none,-0.12795319234957714,0.01829087217085359
Structure of cave of septum pellucidum,99,T1ax|SWIax,T2ax,-0.019195976695438637,0.003403792600672066
Structure of cave of septum pellucidum,99,T1ax|SWIax,FLAIRax,-0.008868362268405372,0.005185758903665746
Structure of cave of septum pellucidum,99,T1ax|SWIax,FLAIRsag,-0.006030826882989615,0.004412562939713556
Structure of cave of septum pellucidum,99,T1ax|SWIax,T2ax+FLAIRax,-0.018744398290341913,0.0022453680978120607
Structure of cave of septum pellucidum,99,T1ax|SWIax,T2ax+FLAIRsag,-0.018826272914932256,0.006721033890841763
Structure of cave of septum pellucidum,99,T1ax|SWIax,FLAIRax+FLAIRsag,-0.0008428376730507114,0.00412552402650109
Structure of cave of septum pellucidum,99,T1ax|SWIax,T2ax+FLAIRax+FLAIRsag,-0.008792465215964365,0.005008641498563803
Structure of cave of septum pellucidum,99,T2ax|FLAIRax,none,-0.17341498334612168,0.01983606905350997
Structure of cave of septum pellucidum,99,T2ax|FLAIRax,T1ax,-0.04512451101648429,0.005450420868828401
Structure of cave of septum pellucidum,99,T2ax|FLAIRax,FLAIRsag,-0.01863915679280433,0.016678638204561898
Structure of cave of septum pellucidum,99,T2ax|FLAIRax,SWIax,-0.027154842304401128,0.0006142152087796419
Structure of cave of septum pellucidum,99,T2ax|FLAIRax,T1ax+FLAIRsag,-0.014255603883320589,0.005836004613156385
Structure of cave of septum pellucidum,99,T2ax|FLAIRax,T1ax+SWIax,-0.01749762165083879,0.007594809594275018
Structure of cave of septum pellucidum,99,T2ax|FLAIRax,FLAIRsag+SWIax,-0.009750507006801357,0.009679400535788496
Structure of cave of septum pellucidum,99,T2ax|FLAIRax,T1ax+FLAIRsag+SWIax,-0.000521135608288629,0.0018469717081208
Structure of cave of septum pellucidum,99,T2ax|FLAIRsag,none,-0.1612837723769508,0.008711921903933492
Structure of cave of septum pellucidum,99,T2ax|FLAIRsag,T1ax,-0.03282484119583325,0.015709645636729615
Structure of cave of septum pellucidum,99,T2ax|FLAIRsag,FLAIRax,-0.006507945823633454,0.013230933867841722
Structure of cave of septum pellucidum,99,T2ax|FLAIRsag,SWIax,-0.03875567959923454,0.016637598538206927
Structure of cave of septum pellucidum,99,T2ax|FLAIRsag,T1ax+FLAIRax,-0.0019559340626695474,0.0090792503992992
Structure of cave of septum pellucidum,99,T2ax|FLAIRsag,T1ax+SWIax,-0.03184941010419814,0.011020191420031916
Structure of cave of septum pellucidum,99,T2ax|FLAIRsag,FLAIRax+SWIax,-0.021351344301634767,0.007097003783415138
Structure of cave of septum pellucidum,99,T2ax|FLAIRsag,T1ax+FLAIRax+SWIax,-0.014872924061647974,0.004260723268389712
Structure of cave of septum pellucidum,99,T2ax|SWIax,none,-0.12232847809563978,0.01789916165743597
Structure of cave of septum pellucidum,99,T2ax|SWIax,T1ax,-0.013571262441501272,0.005129397719892079
Structure of cave of septum pellucidum,99,T2ax|SWIax,FLAIRax,0.023931662946080772,0.009152661677790419
Structure of cave of septum pellucidum,99,T2ax|SWIax,FLAIRsag,0.000199614682076484,0.005066750041278365
Structure of cave of septum pellucidum,99,T2ax|SWIax,T1ax+FLAIRax,0.01405562692414423,0.006747549686349636
Structure of cave of septum pellucidum,99,T2ax|SWIax,T1ax+FLAIRsag,-0.012595831349866157,0.005967800184703125
Structure of cave of septum pellucidum,99,T2ax|SWIax,FLAIRax+FLAIRsag,0.009088264468079458,0.004352870871983047
Structure of cave of septum pellucidum,99,T2ax|SWIax,T1ax+FLAIRax+FLAIRsag,0.0011386369251658035,0.002703086306837836
Structure of cave of septum pellucidum,99,FLAIRax|FLAIRsag,none,-0.13472016629967998,0.023219911765736543
Structure of cave of septum pellucidum,99,FLAIRax|FLAIRsag,T1ax,-0.014677837843321032,0.005532341433962892
Structure of cave of septum pellucidum,99,FLAIRax|FLAIRsag,T2ax,0.020055660253637364,0.011222413130851162
Structure of cave of septum pellucidum,99,FLAIRax|FLAIRsag,SWIax,-0.03391493298960483,0.0020161167025511397
Structure of cave of septum pellucidum,99,FLAIRax|FLAIRsag,T1ax+T2ax,0.01619106928984267,0.006055435495047129
Structure of cave of septum pellucidum,99,FLAIRax|FLAIRsag,T1ax+SWIax,-0.02776944540447875,0.006678879653690281
Structure of cave of septum pellucidum,99,FLAIRax|FLAIRsag,T2ax+SWIax,-0.016510597692005063,0.008200455464821935
Structure of cave of septum pellucidum,99,FLAIRax|FLAIRsag,T1ax+T2ax+SWIax,-0.010792959361928589,0.0014856304970657752
Structure of cave of septum pellucidum,99,FLAIRax|SWIax,none,-0.12946135191669947,0.020232707179967165
Structure of cave of septum pellucidum,99,FLAIRax|SWIax,T1ax,-0.010376521835527694,0.0012462293009335643
Structure of cave of septum pellucidum,99,FLAIRax|SWIax,T2ax,0.016798789125021085,0.0021428804228820456
Structure of cave of septum pellucidum,99,FLAIRax|SWIax,FLAIRsag,-0.028656118606624315,0.008674656277141035
Structure of cave of septum pellucidum,99,FLAIRax|SWIax,T1ax+T2ax,0.01725036753011781,0.001137325927245033
Structure of cave of septum pellucidum,99,FLAIRax|SWIax,T1ax+FLAIRsag,-0.02346812939668541,0.0001613156508065086
Structure of cave of septum pellucidum,99,FLAIRax|SWIax,T2ax+FLAIRsag,-0.01976746882062134,0.0023910953174309277
Structure of cave of septum pellucidum,99,FLAIRax|SWIax,T1ax+T2ax+FLAIRsag,-0.00973366112165345,0.004154417157413271
Structure of cave of septum pellucidum,99,FLAIRsag|SWIax,none,-0.06514249445172622,0.017241896494983883
Structure of cave of septum pellucidum,99,FLAIRsag|SWIax,T1ax,0.056779871014861295,0.0037905083178478645
Structure of cave of septum pellucidum,99,FLAIRsag|SWIax,T2ax,0.05738559832599003,0.0029242299843380594
Structure of cave of septum pellucidum,99,FLAIRsag|SWIax,FLAIRax,0.03566273885834892,0.01334491096721465
Structure of cave of septum pellucidum,99,FLAIRsag|SWIax,T1ax+T2ax,0.05775530210649641,0.005352034351444286
Structure of cave of septum pellucidum,99,FLAIRsag|SWIax,T1ax+FLAIRax,0.04368826345370358,0.00438213772699279
Structure of cave of septum pellucidum,99,FLAIRsag|SWIax,T2ax+FLAIRax,0.020819340380347606,0.004528038698779216
Structure of cave of septum pellucidum,99,FLAIRsag|SWIax,T1ax+T2ax+FLAIRax,0.03077127345472515,0.0007983410699844914
Hyperostosis of skull,34,T1ax|T2ax,none,-0.23443304023179953,0.0016918789918406812
Hyperostosis of skull,34,T1ax|T2ax,FLAIRax,-0.053582165850633356,0.005036459573960402
Hyperostosis of skull,34,T1ax|T2ax,FLAIRsag,0.02307048473839794,0.0112260570211066
Hyperostosis of skull,34,T1ax|T2ax,SWIax,-0.013690816640792561,0.014345942467559885
Hyperostosis of skull,34,T1ax|T2ax,FLAIRax+FLAIRsag,-0.00643870113490419,0.0034780272521664443
Hyperostosis of skull,34,T1ax|T2ax,FLAIRax+SWIax,-0.0256306711166141,0.006503631222073086
Hyperostosis of skull,34,T1ax|T2ax,FLAIRsag+SWIax,0.004590841572231071,0.008017896771037498
Hyperostosis of skull,34,T1ax|T2ax,FLAIRax+FLAIRsag+SWIax,-0.008853803301425267,0.0053969182364964965
Hyperostosis of skull,34,T1ax|FLAIRax,none,-0.15454035017148218,0.016594128211010303
Hyperostosis of skull,34,T1ax|FLAIRax,T2ax,0.026310524209683977,0.015570244617867435
Hyperostosis of skull,34,T1ax|FLAIRax,FLAIRsag,0.060818568265002315,0.007268661727010024
Hyperostosis of skull,34,T1ax|FLAIRax,SWIax,0.045666957882629346,0.015588462748333379
Hyperostosis of skull,34,T1ax|FLAIRax,T2ax+FLAIRsag,0.03130938239170019,0.013503955871645747
Hyperostosis of skull,34,T1ax|FLAIRax,T2ax+SWIax,0.03372710340680781,0.019484693734132766
Hyperostosis of skull,34,T1ax|FLAIRax,FLAIRsag+SWIax,0.03405969717730032,0.0047327617765714
Hyperostosis of skull,34,T1ax|FLAIRax,T2ax+FLAIRsag+SWIax,0.020615052303643983,0.013262392011366251
Hyperostosis of skull,34,T1ax|FLAIRsag,none,-0.2597106905589461,0.01627330513882807
Hyperostosis of skull,34,T1ax|FLAIRsag,T2ax,-0.0022071655887485977,0.006762657851888068
Hyperostosis of skull,34,T1ax|FLAIRsag,FLAIRax,-0.04435177212246155,0.007865393324124425
Hyperostosis of skull,34,T1ax|FLAIRsag,SWIax,-0.013742146073089065,0.01904081830008729
Hyperostosis of skull,34,T1ax|FLAIRsag,T2ax+FLAIRax,0.002791692593267614,0.005277027651814951
Hyperostosis of skull,34,T1ax|FLAIRsag,T2ax+SWIax,0.004539512139934569,0.007479453460264489
Hyperostosis of skull,34,T1ax|FLAIRsag,FLAIRax+SWIax,-0.02534940677841809,0.006814355579019058
Hyperostosis of skull,34,T1ax|FLAIRsag,T2ax+FLAIRax+SWIax,-0.008572538963229256,0.0017220240424203877
Hyperostosis of skull,34,T1ax|SWIax,none,-0.2362735670184303,0.01225738123829842
Hyperostosis of skull,34,T1ax|SWIax,T2ax,-0.01553134342742335,0.003378138133226678
Hyperostosis of skull,34,T1ax|SWIax,FLAIRax,-0.036066258964318774,0.009333185995978998
Hyperostosis of skull,34,T1ax|SWIax,FLAIRsag,0.009694977467426683,0.004572898033172053
Hyperostosis of skull,34,T1ax|SWIax,T2ax+FLAIRax,-0.008114764230299517,0.006734349011366603
Hyperostosis of skull,34,T1ax|SWIax,T2ax+FLAIRsag,-0.008784665698740183,0.0022209665426728697
Hyperostosis of skull,34,T1ax|SWIax,FLAIRax+FLAIRsag,-0.01706389362027531,0.004861016196170699
Hyperostosis of skull,34,T1ax|SWIax,T2ax+FLAIRax+FLAIRsag,-0.019478995786796387,0.0021508145385117695
Hyperostosis of skull,34,T2ax|FLAIRax,none,-0.2058760677045688,0.00516777804989361
Hyperostosis of skull,34,T2ax|FLAIRax,T1ax,-0.025025193323402622,0.0062466768149936685
Hyperostosis of skull,34,T2ax|FLAIRax,FLAIRsag,0.03378733692429847,0.002015798509313376
Hyperostosis of skull,34,T2ax|FLAIRax,SWIax,-0.013497545615104781,0.020126492203077693
Hyperostosis of skull,34,T2ax|FLAIRax,T1ax+FLAIRsag,0.004278151050996344,0.005950586046316151
Hyperostosis of skull,34,T2ax|FLAIRax,T1ax+SWIax,-0.02543740009092632,0.002552854784255406
Hyperostosis of skull,34,T2ax|FLAIRax,FLAIRsag+SWIax,0.007227498329174613,0.011124569350239692
Hyperostosis of skull,34,T2ax|FLAIRax,T1ax+FLAIRsag+SWIax,-0.006217146544481726,0.0025936282061415103
Hyperostosis of skull,34,T2ax|FLAIRsag,none,-0.28104592622389274,0.00429310896092174
Hyperostosis of skull,34,T2ax|FLAIRsag,T1ax,-0.02354240125369526,0.010947909179584438
Hyperostosis of skull,34,T2ax|FLAIRsag,FLAIRax,-0.04138252159502546,0.0033778552709557014
Hyperostosis of skull,34,T2ax|FLAIRsag,SWIax,-0.043045490447488066,0.02081196483712301
Hyperostosis of skull,34,T2ax|FLAIRsag,T1ax+FLAIRax,0.005760943120703706,0.005841489843103931
Hyperostosis of skull,34,T2ax|FLAIRsag,T1ax+SWIax,-0.024763832234464433,0.0012893910523752619
Hyperostosis of skull,34,T2ax|FLAIRsag,FLAIRax+SWIax,-0.022320446503208673,0.003252493296110302
Hyperostosis of skull,34,T2ax|FLAIRsag,T1ax+FLAIRax+SWIax,-0.0055435786880198385,0.002055926178011702
Hyperostosis of skull,34,T2ax|SWIax,none,-0.19140431041526548,0.022386195299395926
Hyperostosis of skull,34,T2ax|SWIax,T1ax,0.029337913175741488,0.006812252399766035
Hyperostosis of skull,34,T2ax|SWIax,FLAIRax,0.0009742116741985329,0.0038435752877904895
Hyperostosis of skull,34,T2ax|SWIax,FLAIRsag,0.04659612536113918,0.011581716484961254
Hyperostosis of skull,34,T2ax|SWIax,T1ax+FLAIRax,0.02892570640821779,0.0057383717339858946
Hyperostosis of skull,34,T2ax|SWIax,T1ax+FLAIRsag,0.028116482194972314,0.013920859480908982
Hyperostosis of skull,34,T2ax|SWIax,FLAIRax+FLAIRsag,0.02003628676601532,0.005380260181264124
Hyperostosis of skull,34,T2ax|SWIax,T1ax+FLAIRax+FLAIRsag,0.017621184599494244,0.009445006764169907
Hyperostosis of skull,34,FLAIRax|FLAIRsag,none,-0.24772893450573943,0.019695925188443913
Hyperostosis of skull,34,FLAIRax|FLAIRsag,T1ax,-0.03237001606925494,0.017660962400084794
Hyperostosis of skull,34,FLAIRax|FLAIRsag,T2ax,-0.008065529876872183,0.018486214014893077
Hyperostosis of skull,34,FLAIRax|FLAIRsag,SWIax,0.010174226758766225,0.027103224381082553
Hyperostosis of skull,34,FLAIRax|FLAIRsag,T1ax+T2ax,-0.0030666716948559714,0.01564649503153218
Hyperostosis of skull,34,FLAIRax|FLAIRsag,T1ax+SWIax,-0.0014330339465628006,0.019086869164497075
Hyperostosis of skull,34,FLAIRax|FLAIRsag,T2ax+SWIax,0.030899270703045618,0.010824999098434486
Hyperostosis of skull,34,FLAIRax|FLAIRsag,T1ax+T2ax+SWIax,0.017787219599881793,0.018546451182849304
Hyperostosis of skull,34,FLAIRax|SWIax,none,-0.2403663035894985,0.017515636400911343
Hyperostosis of skull,34,FLAIRax|SWIax,T1ax,-0.04015899553538697,0.013616238748112932
Hyperostosis of skull,34,FLAIRax|SWIax,T2ax,-0.0479877815000345,0.0020051595876028074
Hyperostosis of skull,34,FLAIRax|SWIax,FLAIRsag,0.01753685767500716,0.011633070430028548
Hyperostosis of skull,34,FLAIRax|SWIax,T1ax+T2ax,-0.04057120230291067,0.008677465982608655
Hyperostosis of skull,34,FLAIRax|SWIax,T1ax+FLAIRsag,-0.009222013412694833,0.007911208846582658
Hyperostosis of skull,34,FLAIRax|SWIax,T2ax+FLAIRsag,-0.0090229809201167,0.007802853171395157
Hyperostosis of skull,34,FLAIRax|SWIax,T1ax+T2ax+FLAIRsag,-0.019717311008172905,0.007758677002661322
Hyperostosis of skull,34,FLAIRsag|SWIax,none,-0.25842902606068596,0.016010241815936865
Hyperostosis of skull,34,FLAIRsag|SWIax,T1ax,-0.012460481574828966,0.00721503734296139
Hyperostosis of skull,34,FLAIRsag|SWIax,T2ax,-0.020428590284281307,0.010439784627454169
Hyperostosis of skull,34,FLAIRsag|SWIax,FLAIRax,-0.0005258647961802939,0.009424628316281542
Hyperostosis of skull,34,FLAIRsag|SWIax,T1ax+T2ax,-0.013681912555598141,0.011439682033895603
Hyperostosis of skull,34,FLAIRsag|SWIax,T1ax+FLAIRax,0.018476500547863168,0.0048207594629825
Hyperostosis of skull,34,FLAIRsag|SWIax,T2ax+FLAIRax,0.018536210295636495,0.012115941882842228
Hyperostosis of skull,34,FLAIRsag|SWIax,T1ax+T2ax+FLAIRax,0.007171978739139624,0.00689381125590048
Watershed infarct,36,T1ax|T2ax,none,-0.3316144775747212,0.009973783734410581
Watershed infarct,36,T1ax|T2ax,FLAIRax,0.002845463289515885,0.01153467278885407
Watershed infarct,36,T1ax|T2ax,FLAIRsag,0.0026430994422872445,0.009405740202595003
Watershed infarct,36,T1ax|T2ax,SWIax,-0.012744469381212023,0.010946588584728172
Watershed infarct,36,T1ax|T2ax,FLAIRax+FLAIRsag,0.006267836715629767,0.008376411732550652
Watershed infarct,36,T1ax|T2ax,FLAIRax+SWIax,0.01929284473101926,0.003425791489733648
Watershed infarct,36,T1ax|T2ax,FLAIRsag+SWIax,0.005990266744247741,0.005428905015552303
Watershed infarct,36,T1ax|T2ax,FLAIRax+FLAIRsag+SWIax,0.016526545782717655,0.005744313159275456
Watershed infarct,36,T1ax|FLAIRax,none,-0.33554993488732937,0.004583092403009555
Watershed infarct,36,T1ax|FLAIRax,T2ax,-0.0010899940230922518,0.009540222592708604
Watershed infarct,36,T1ax|FLAIRax,FLAIRsag,-0.0010306207671815226,0.010708510322681317
Watershed infarct,36,T1ax|FLAIRax,SWIax,-0.01783325218988352,0.007218229500952423
Watershed infarct,36,T1ax|FLAIRax,T2ax+FLAIRsag,0.0025941165061610003,0.00866788045629303
Watershed infarct,36,T1ax|FLAIRax,T2ax+SWIax,0.014204061922347763,0.0027638121307321135
Watershed infarct,36,T1ax|FLAIRax,FLAIRsag+SWIax,-0.014626601593578203,0.007761649448916443
Watershed infarct,36,T1ax|FLAIRax,T2ax+FLAIRsag+SWIax,-0.0040903225551082905,0.008611933034371584
Watershed infarct,36,T1ax|FLAIRsag,none,-0.34725487751297307,0.006433038964144527
Watershed infarct,36,T1ax|FLAIRsag,T2ax,-0.012997300495964667,0.012934963469576358
Watershed infarct,36,T1ax|FLAIRsag,FLAIRax,-0.012735563392825297,0.00131384208315077
Watershed infarct,36,T1ax|FLAIRsag,SWIax,-0.004505935346482544,0.004469132671285876
Watershed infarct,36,T1ax|FLAIRsag,T2ax+FLAIRax,-0.009313189966711414,0.01083483541673087
Watershed infarct,36,T1ax|FLAIRsag,T2ax+SWIax,0.014228800778977221,0.009953626944555406
Watershed infarct,36,T1ax|FLAIRsag,FLAIRax+SWIax,-0.0012992847501772282,0.0038154707702085762
Watershed infarct,36,T1ax|FLAIRsag,T2ax+FLAIRax+SWIax,-0.004065583698478832,0.0037012358249951687
Watershed infarct,36,T1ax|SWIax,none,-0.334401062385459,0.00627728461096058
Watershed infarct,36,T1ax|SWIax,T2ax,-0.015531054191949925,0.009039960729036713
Watershed infarct,36,T1ax|SWIax,FLAIRax,-0.016684379688013284,0.0034827873022012595
Watershed infarct,36,T1ax|SWIax,FLAIRsag,0.008347879781031464,0.006006131751111982
Watershed infarct,36,T1ax|SWIax,T2ax+FLAIRax,-0.00023699824650991186,0.011027468303569482
Watershed infarct,36,T1ax|SWIax,T2ax+FLAIRsag,0.01169504708299196,0.009774543267264953
Watershed infarct,36,T1ax|SWIax,FLAIRax+FLAIRsag,-0.005248101045365217,0.008346123712283198
Watershed infarct,36,T1ax|SWIax,T2ax+FLAIRax+FLAIRsag,0.005010608021722669,0.010716191312294546
Watershed infarct,36,T2ax|FLAIRax,none,-0.32962596827884844,0.0034477857089880467
Watershed infarct,36,T2ax|FLAIRax,T1ax,0.004833972585388609,0.011326332147536547
Watershed infarct,36,T2ax|FLAIRax,FLAIRsag,0.0014195155933962218,0.011116267035369274
Watershed infarct,36,T2ax|FLAIRax,SWIax,-0.022285751606046622,0.00486380784554612
Watershed infarct,36,T2ax|FLAIRax,T1ax+FLAIRsag,0.005044252866738745,0.0013783050550596567
Watershed infarct,36,T2ax|FLAIRax,T1ax+SWIax,0.00975156250618466,0.0027522339018389397
Watershed infarct,36,T2ax|FLAIRax,FLAIRsag+SWIax,-0.0007372179275566548,0.003843758114934392
Watershed infarct,36,T2ax|FLAIRax,T1ax+FLAIRsag+SWIax,0.009799061110913257,0.00016284557905781779
Watershed infarct,36,T2ax|FLAIRsag,none,-0.33282618677243025,0.016565052581310108
Watershed infarct,36,T2ax|FLAIRsag,T1ax,0.0014313902445781679,0.004584309134722944
Watershed infarct,36,T2ax|FLAIRsag,FLAIRax,-0.0017807029001855785,0.0031826032061793934
Watershed infarct,36,T2ax|FLAIRsag,SWIax,-0.02141692296122148,0.003496012801724217
Watershed infarct,36,T2ax|FLAIRsag,T1ax+FLAIRax,0.0016416705259283033,0.009406152671486805
Watershed infarct,36,T2ax|FLAIRsag,T1ax+SWIax,-0.002682186835761713,0.008865919349649256
Watershed infarct,36,T2ax|FLAIRsag,FLAIRax+SWIax,0.00013161071726848958,0.008777103318993161
Watershed infarct,36,T2ax|FLAIRsag,T1ax+FLAIRax+SWIax,-0.0026346882310331146,0.006106762701551848
Watershed infarct,36,T2ax|SWIax,none,-0.3308322349280989,0.009647000120071157
Watershed infarct,36,T2ax|SWIax,T1ax,-0.011962226734589724,0.0029770130327107696
Watershed infarct,36,T2ax|SWIax,FLAIRax,-0.023492018255297047,0.004200417686670464
Watershed infarct,36,T2ax|SWIax,FLAIRsag,-0.019422971116890102,0.007592561793973212
Watershed infarct,36,T2ax|SWIax,T1ax+FLAIRax,-0.007044636813793674,0.009857406033458404
Watershed infarct,36,T2ax|SWIax,T1ax+FLAIRsag,-0.016075803814929606,0.009189013987166065
Watershed infarct,36,T2ax|SWIax,FLAIRax+FLAIRsag,-0.021579704637842978,0.010347956152638475
Watershed infarct,36,T2ax|SWIax,T1ax+FLAIRax+FLAIRsag,-0.011320995570755091,0.009005738656522756
Watershed infarct,36,FLAIRax|FLAIRsag,none,-0.32957748011985494,0.010594530489865877
Watershed infarct,36,FLAIRax|FLAIRsag,T1ax,0.004941834000292873,0.005220473971739672
Watershed infarct,36,FLAIRax|FLAIRsag,T2ax,0.0014680037523897571,0.01028907889976036
Watershed infarct,36,FLAIRax|FLAIRsag,SWIax,-0.008391420168699204,0.004060364113169164
Watershed infarct,36,FLAIRax|FLAIRsag,T1ax+T2ax,0.0051521142816430094,0.0076161865107730545
Watershed infarct,36,FLAIRax|FLAIRsag,T1ax+SWIax,-0.005184769572393888,0.0027622741309370103
Watershed infarct,36,FLAIRax|FLAIRsag,T2ax+SWIax,0.013157113509790763,0.006031407563836441
Watershed infarct,36,FLAIRax|FLAIRsag,T1ax+T2ax+SWIax,-0.00513727096766529,0.003031417081229275
Watershed infarct,36,FLAIRax|SWIax,none,-0.31887792462763076,0.010554015874076391
Watershed infarct,36,FLAIRax|SWIax,T1ax,-0.0011612419301849641,0.008876183634635867
Watershed infarct,36,FLAIRax|SWIax,T2ax,-0.011537707954828927,0.005459176491180143
Watershed infarct,36,FLAIRax|SWIax,FLAIRsag,0.002308135323524955,0.0040010614698687075
Watershed infarct,36,FLAIRax|SWIax,T1ax+T2ax,0.0037563479906110864,0.009105025782834555
Watershed infarct,36,FLAIRax|SWIax,T1ax+FLAIRsag,-0.011287845502871726,0.002114351562726475
Watershed infarct,36,FLAIRax|SWIax,T2ax+FLAIRsag,0.00015140180257207833,0.015779030801311888
Watershed infarct,36,FLAIRax|SWIax,T1ax+T2ax+FLAIRsag,-0.006533037258697212,0.0012036297587692969
Watershed infarct,36,FLAIRsag|SWIax,none,-0.32891992131064485,0.006831771242185528
Watershed infarct,36,FLAIRsag|SWIax,T1ax,0.013829020855845697,0.010000516601634722
Watershed infarct,36,FLAIRsag|SWIax,T2ax,-0.01751065749943607,0.013976888221845523
Watershed infarct,36,FLAIRsag|SWIax,FLAIRax,-0.007733861359489132,0.013956215213113994
Watershed infarct,36,FLAIRsag|SWIax,T1ax+T2ax,0.009715443775505817,0.003659743873809515
Watershed infarct,36,FLAIRsag|SWIax,T1ax+FLAIRax,0.0037024172831589355,0.009329104300289652
Watershed infarct,36,FLAIRsag|SWIax,T2ax+FLAIRax,-0.005821547742035064,0.007931569882485218
Watershed infarct,36,FLAIRsag|SWIax,T1ax+T2ax+FLAIRax,-0.0005739414738024825,0.005871122983871377
Foraminal Spinal Stenosis,60,T1ax|T2ax,none,-0.22017274426467623,0.007464857559492501
Foraminal Spinal Stenosis,60,T1ax|T2ax,FLAIRax,-0.039202888198387985,0.01233465598846845
Foraminal Spinal Stenosis,60,T1ax|T2ax,FLAIRsag,0.000947950522042477,0.010332647117889542
Foraminal Spinal Stenosis,60,T1ax|T2ax,SWIax,-0.004929342714620792,0.0039229768523887775
Foraminal Spinal Stenosis,60,T1ax|T2ax,FLAIRax+FLAIRsag,-0.0091586604283486,0.005144458106165905
Foraminal Spinal Stenosis,60,T1ax|T2ax,FLAIRax+SWIax,-0.023235651273259772,0.005046373468101155
Foraminal Spinal Stenosis,60,T1ax|T2ax,FLAIRsag+SWIax,-0.017383358929485688,0.00664997361399051
Foraminal Spinal Stenosis,60,T1ax|T2ax,FLAIRax+FLAIRsag+SWIax,-0.007127933140469185,0.00673826053858241
Foraminal Spinal Stenosis,60,T1ax|FLAIRax,none,-0.11533328571258505,0.013092903160126984
Foraminal Spinal Stenosis,60,T1ax|FLAIRax,T2ax,0.06563657035370318,0.009142169546835235
Foraminal Spinal Stenosis,60,T1ax|FLAIRax,FLAIRsag,0.03719597128468873,0.008824089444978367
Foraminal Spinal Stenosis,60,T1ax|FLAIRax,SWIax,0.05247925521149566,0.005820011454766257
Foraminal Spinal Stenosis,60,T1ax|FLAIRax,T2ax+FLAIRsag,0.027089360334297652,0.006805179748980182
Foraminal Spinal Stenosis,60,T1ax|FLAIRax,T2ax+SWIax,0.034172946652856674,0.006188973499110664
Foraminal Spinal Stenosis,60,T1ax|FLAIRax,FLAIRsag+SWIax,0.0023524649689868524,0.004715394308256848
Foraminal Spinal Stenosis,60,T1ax|FLAIRax,T2ax+FLAIRsag+SWIax,0.012607890758003356,0.004431539046596497
Foraminal Spinal Stenosis,60,T1ax|FLAIRsag,none,-0.170437634677429,0.012426609299094409
Foraminal Spinal Stenosis,60,T1ax|FLAIRsag,T2ax,0.05068306010928969,0.009550851403584654
Foraminal Spinal Stenosis,60,T1ax|FLAIRsag,FLAIRax,-0.017908377680155223,0.00844852672369622
Foraminal Spinal Stenosis,60,T1ax|FLAIRsag,SWIax,0.03445212329011752,0.008449173942500615
Foraminal Spinal Stenosis,60,T1ax|FLAIRsag,T2ax+FLAIRax,0.01213585008988416,0.0061499856791357626
Foraminal Spinal Stenosis,60,T1ax|FLAIRsag,T2ax+SWIax,0.021998107075252626,0.00698290560158443
Foraminal Spinal Stenosis,60,T1ax|FLAIRsag,FLAIRax+SWIax,-0.01567466695239128,0.005695309189634794
Foraminal Spinal Stenosis,60,T1ax|FLAIRsag,T2ax+FLAIRax+SWIax,0.00043305118039930573,0.0055755512156318385
Foraminal Spinal Stenosis,60,T1ax|SWIax,none,-0.16488356727025968,0.0030586025540180616
Foraminal Spinal Stenosis,60,T1ax|SWIax,T2ax,0.050359834279795734,0.0011892826064953603
Foraminal Spinal Stenosis,60,T1ax|SWIax,FLAIRax,0.0029289736538210174,0.007260372258575228
Foraminal Spinal Stenosis,60,T1ax|SWIax,FLAIRsag,0.040006190697286836,0.007582579655973901
Foraminal Spinal Stenosis,60,T1ax|SWIax,T2ax+FLAIRax,0.01889621057894923,0.0023164356976448316
Foraminal Spinal Stenosis,60,T1ax|SWIax,T2ax+FLAIRsag,0.02167488124575867,0.003191551711120942
Foraminal Spinal Stenosis,60,T1ax|SWIax,FLAIRax+FLAIRsag,0.005162684381584959,0.002211855006311087
Foraminal Spinal Stenosis,60,T1ax|SWIax,T2ax+FLAIRax+FLAIRsag,0.007193411669464374,0.0014167220783013095
Foraminal Spinal Stenosis,60,T2ax|FLAIRax,none,-0.21229270092979521,0.015659428786848964
Foraminal Spinal Stenosis,60,T2ax|FLAIRax,T1ax,-0.03132284486350697,0.0030981972512687576
Foraminal Spinal Stenosis,60,T2ax|FLAIRax,FLAIRsag,-0.00019762610569421893,0.007976360662109615
Foraminal Spinal Stenosis,60,T2ax|FLAIRax,SWIax,-0.0011167065490435002,0.00572940726535998
Foraminal Spinal Stenosis,60,T2ax|FLAIRax,T1ax+FLAIRsag,-0.010304237056085297,0.0031057071681610117
Foraminal Spinal Stenosis,60,T2ax|FLAIRax,T1ax+SWIax,-0.01942301510768248,0.0030368851475301244
Foraminal Spinal Stenosis,60,T2ax|FLAIRax,FLAIRsag+SWIax,-0.02368715549364871,7.767735445721344e-05
Foraminal Spinal Stenosis,60,T2ax|FLAIRax,T1ax+FLAIRsag+SWIax,-0.013431729704632208,0.00046651607707791755
Foraminal Spinal Stenosis,60,T2ax|FLAIRsag,none,-0.24243990856816322,0.00996970409327086
Foraminal Spinal Stenosis,60,T2ax|FLAIRsag,T1ax,-0.021319213781444524,0.011130452579307485
Foraminal Spinal Stenosis,60,T2ax|FLAIRsag,FLAIRax,-0.030344833744062234,0.020900869979827683
Foraminal Spinal Stenosis,60,T2ax|FLAIRsag,SWIax,0.007357405621629305,0.014303301648990163
Foraminal Spinal Stenosis,60,T2ax|FLAIRsag,T1ax+FLAIRax,-0.0003006059740228532,0.010051714480529621
Foraminal Spinal Stenosis,60,T2ax|FLAIRsag,T1ax+SWIax,-0.005096610593235591,0.010006305322778465
Foraminal Spinal Stenosis,60,T2ax|FLAIRsag,FLAIRax+SWIax,-0.015213043322975905,0.01614004347103948
Foraminal Spinal Stenosis,60,T2ax|FLAIRsag,T1ax+FLAIRax+SWIax,0.000894674809814681,0.007508352694110643
Foraminal Spinal Stenosis,60,T2ax|SWIax,none,-0.2190310368227436,0.006710877456013775
Foraminal Spinal Stenosis,60,T2ax|SWIax,T1ax,-0.00378763527268818,0.0054397197605251715
Foraminal Spinal Stenosis,60,T2ax|SWIax,FLAIRax,-0.007855042441991903,0.015848833741512903
Foraminal Spinal Stenosis,60,T2ax|SWIax,FLAIRsag,0.030766277367048917,0.011084464215418605
Foraminal Spinal Stenosis,60,T2ax|SWIax,T1ax+FLAIRax,0.008112194483136307,0.008598179120578451
Foraminal Spinal Stenosis,60,T2ax|SWIax,T1ax+FLAIRsag,0.012434967915520753,0.007808868907478924
Foraminal Spinal Stenosis,60,T2ax|SWIax,FLAIRax+FLAIRsag,0.007276747979094426,0.01291172456839843
Foraminal Spinal Stenosis,60,T2ax|SWIax,T1ax+FLAIRax+FLAIRsag,0.009307475266973841,0.010722046634988651
Foraminal Spinal Stenosis,60,FLAIRax|FLAIRsag,none,-0.17921413860018812,0.012588222714058999
Foraminal Spinal Stenosis,60,FLAIRax|FLAIRsag,T1ax,-0.02668488160291434,0.001352829330627423
Foraminal Spinal Stenosis,60,FLAIRax|FLAIRsag,T2ax,0.03288093622391286,0.01329551985320728
Foraminal Spinal Stenosis,60,FLAIRax|FLAIRsag,SWIax,0.05328374822910346,0.0027741505492390062
Foraminal Spinal Stenosis,60,FLAIRax|FLAIRsag,T1ax+T2ax,-0.005666273795492671,0.0013668497028455088
Foraminal Spinal Stenosis,60,FLAIRax|FLAIRsag,T1ax+SWIax,0.003156957986594655,0.0036940001853534923
Foraminal Spinal Stenosis,60,FLAIRax|FLAIRsag,T2ax+SWIax,0.030713299284498247,0.007913309742124801
Foraminal Spinal Stenosis,60,FLAIRax|FLAIRsag,T1ax+T2ax+SWIax,0.009148243389644928,0.001111766089222048
Foraminal Spinal Stenosis,60,FLAIRax|SWIax,none,-0.20117027989094846,0.008576343914624645
Foraminal Spinal Stenosis,60,FLAIRax|SWIax,T1ax,-0.033357738966867743,0.0008859968089848725
Foraminal Spinal Stenosis,60,FLAIRax|SWIax,T2ax,0.010005714489803252,0.004161700956833083
Foraminal Spinal Stenosis,60,FLAIRax|SWIax,FLAIRsag,0.03132760693834313,0.009920271738720723
Foraminal Spinal Stenosis,60,FLAIRax|SWIax,T1ax+T2ax,-0.021457909211043253,0.002426442112112915
Foraminal Spinal Stenosis,60,FLAIRax|SWIax,T1ax+FLAIRsag,-0.0035158993773587444,0.0034369831825838085
Foraminal Spinal Stenosis,60,FLAIRax|SWIax,T2ax+FLAIRsag,0.007838077550388641,0.0021468122905709966
Foraminal Spinal Stenosis,60,FLAIRax|SWIax,T1ax+T2ax+FLAIRsag,-0.006643392025905655,0.003426830270515653
Foraminal Spinal Stenosis,60,FLAIRsag|SWIax,none,-0.2514818981630296,0.011938381167924008
Foraminal Spinal Stenosis,60,FLAIRsag|SWIax,T1ax,-0.04659214019548311,0.010004747035914419
Foraminal Spinal Stenosis,60,FLAIRsag|SWIax,T2ax,-0.0016845839732371193,0.007059219661128013
Foraminal Spinal Stenosis,60,FLAIRsag|SWIax,FLAIRax,-0.01898401133373806,0.009187538032386726
Foraminal Spinal Stenosis,60,FLAIRsag|SWIax,T1ax+T2ax,-0.030369537007274183,0.007749354237277946
Foraminal Spinal Stenosis,60,FLAIRsag|SWIax,T1ax+FLAIRax,-0.016750300605974117,0.010022167440868002
Foraminal Spinal Stenosis,60,FLAIRsag|SWIax,T2ax+FLAIRax,-0.0038522209126517306,0.007738466311404167
Foraminal Spinal Stenosis,60,FLAIRsag|SWIax,T1ax+T2ax+FLAIRax,-0.015555019822136584,0.007048154090521769
Lipoma of brain,22,T1ax|T2ax,none,-0.13050335820050907,0.010698146806906658
Lipoma of brain,22,T1ax|T2ax,FLAIRax,-0.08552659235617284,0.018007849626223198
Lipoma of brain,22,T1ax|T2ax,FLAIRsag,0.04573749446228359,0.014917978532513726
Lipoma of brain,22,T1ax|T2ax,SWIax,-0.11497188295288809,0.023789097016179858
Lipoma of brain,22,T1ax|T2ax,FLAIRax+FLAIRsag,0.01490171159896921,0.009822337232862202
Lipoma of brain,22,T1ax|T2ax,FLAIRax+SWIax,-0.05646368713277261,0.0062755709790029614
Lipoma of brain,22,T1ax|T2ax,FLAIRsag+SWIax,-0.06521893785793054,0.007859995376724641
Lipoma of brain,22,T1ax|T2ax,FLAIRax+FLAIRsag+SWIax,-0.02431017031913409,0.011670669187060534
Lipoma of brain,22,T1ax|FLAIRax,none,-0.031167237415236637,0.037643285790587795
Lipoma of brain,22,T1ax|FLAIRax,T2ax,0.013809528429099585,0.028804857422754435
Lipoma of brain,22,T1ax|FLAIRax,FLAIRsag,-0.0013929175438087693,0.022187658795119764
Lipoma of brain,22,T1ax|FLAIRax,SWIax,-0.023128251892524525,0.03164863753052537
Lipoma of brain,22,T1ax|FLAIRax,T2ax+FLAIRsag,-0.03222870040712315,0.025375530245108243
Lipoma of brain,22,T1ax|FLAIRax,T2ax+SWIax,0.03537994392759095,0.007754125432079939
Lipoma of brain,22,T1ax|FLAIRax,FLAIRsag+SWIax,-0.035113971860317096,0.016449584147676097
Lipoma of brain,22,T1ax|FLAIRax,T2ax+FLAIRsag+SWIax,0.005794795678479329,0.01816153486292886
Lipoma of brain,22,T1ax|FLAIRsag,none,-0.14829438338135378,0.006412502144074634
Lipoma of brain,22,T1ax|FLAIRsag,T2ax,0.027946469281438884,0.0038175532476003716
Lipoma of brain,22,T1ax|FLAIRsag,FLAIRax,-0.1185200635099259,0.01488835272745676
Lipoma of brain,22,T1ax|FLAIRsag,SWIax,-0.033555327040547256,0.028649852424234117
Lipoma of brain,22,T1ax|FLAIRsag,T2ax+FLAIRax,-0.018091759554783853,0.004096172985723153
Lipoma of brain,22,T1ax|FLAIRsag,T2ax+SWIax,0.016197618054410296,0.021417293000118184
Lipoma of brain,22,T1ax|FLAIRsag,FLAIRax+SWIax,-0.04554104700833983,0.019493457551238425
Lipoma of brain,22,T1ax|FLAIRsag,T2ax+FLAIRax+SWIax,-0.013387530194701328,0.010847326090327907
Lipoma of brain,22,T1ax|SWIax,none,-0.06080574176295028,0.02975748321750278
Lipoma of brain,22,T1ax|SWIax,T2ax,-0.04527426651532929,0.028603467933397592
Lipoma of brain,22,T1ax|SWIax,FLAIRax,-0.052766756240238154,0.006070579798138871
Lipoma of brain,22,T1ax|SWIax,FLAIRsag,0.05393331457785625,0.007277411389416538
Lipoma of brain,22,T1ax|SWIax,T2ax+FLAIRax,-0.023703851016837918,0.0073886624672029975
Lipoma of brain,22,T1ax|SWIax,T2ax+FLAIRsag,-0.057023117742357875,0.006848269417398103
Lipoma of brain,22,T1ax|SWIax,FLAIRax+FLAIRsag,0.020212260261347925,0.01977802495913057
Lipoma of brain,22,T1ax|SWIax,T2ax+FLAIRax+FLAIRsag,-0.018999621656755394,0.005312914279106501
Lipoma of brain,22,T2ax|FLAIRax,none,-0.041593504137522976,0.016136598754772094
Lipoma of brain,22,T2ax|FLAIRax,T1ax,0.0033832617068132453,0.005000427978648317
Lipoma of brain,22,T2ax|FLAIRax,FLAIRsag,0.014154726218540007,0.01191246597572368
Lipoma of brain,22,T2ax|FLAIRax,SWIax,-0.07510194248535941,0.026211753272792286
Lipoma of brain,22,T2ax|FLAIRax,T1ax+FLAIRsag,-0.016681056644774372,0.005879701333362413
Lipoma of brain,22,T2ax|FLAIRax,T1ax+SWIax,-0.016593746665243936,0.012319167353977645
Lipoma of brain,22,T2ax|FLAIRax,FLAIRsag+SWIax,-0.052353650688940455,0.005782352660711576
Lipoma of brain,22,T2ax|FLAIRax,T1ax+FLAIRsag+SWIax,-0.011444883150143989,0.009223177339876779
Lipoma of brain,22,T2ax|FLAIRsag,none,-0.1504876424041934,0.013890414712803358
Lipoma of brain,22,T2ax|FLAIRsag,T1ax,0.025753210258599262,0.017316936054516605
Lipoma of brain,22,T2ax|FLAIRsag,FLAIRax,-0.09473941204813041,0.03072512666040815
Lipoma of brain,22,T2ax|FLAIRsag,SWIax,-0.07427653980850007,0.027149524343083608
Lipoma of brain,22,T2ax|FLAIRsag,T1ax+FLAIRax,0.0056888919070116435,0.02156894460554927
Lipoma of brain,22,T2ax|FLAIRsag,T1ax+SWIax,-0.024523594713542523,0.008840075950507018
Lipoma of brain,22,T2ax|FLAIRsag,FLAIRax+SWIax,-0.05152824801208108,0.005995908662726765
Lipoma of brain,22,T2ax|FLAIRsag,T1ax+FLAIRax+SWIax,-0.019374731198442574,0.004378619471530202
Lipoma of brain,22,T2ax|SWIax,none,0.04583935610506945,0.03925091225311254
Lipoma of brain,22,T2ax|SWIax,T1ax,0.061370831352690426,0.02731855949417439
Lipoma of brain,22,T2ax|SWIax,FLAIRax,0.012330917757233014,0.030077896596093386
Lipoma of brain,22,T2ax|SWIax,FLAIRsag,0.12205045870076277,0.020010102059454585
Lipoma of brain,22,T2ax|SWIax,T1ax+FLAIRax,0.041393822980633245,0.01916261851533458
Lipoma of brain,22,T2ax|SWIax,T1ax+FLAIRsag,0.011094026380548646,0.011648704199331096
Lipoma of brain,22,T2ax|SWIax,FLAIRax+FLAIRsag,0.05554208179328235,0.014456423586653937
Lipoma of brain,22,T2ax|SWIax,T1ax+FLAIRax+FLAIRsag,0.01633019987517903,0.004558940311114036
Lipoma of brain,22,FLAIRax|FLAIRsag,none,0.028684561978767602,0.023995371290790494
Lipoma of brain,22,FLAIRax|FLAIRsag,T1ax,0.05845888185019547,0.022195406667285752
Lipoma of brain,22,FLAIRax|FLAIRsag,T2ax,0.08443279233483059,0.01793912596978601
Lipoma of brain,22,FLAIRax|FLAIRsag,SWIax,0.018076399465792353,0.017133682328634218
Lipoma of brain,22,FLAIRax|FLAIRsag,T1ax+T2ax,0.03839456349860785,0.016440447898614697
Lipoma of brain,22,FLAIRax|FLAIRsag,T1ax+SWIax,0.0060906794979997585,0.0058459163890732715
Lipoma of brain,22,FLAIRax|FLAIRsag,T2ax+SWIax,0.04082469126221133,0.01058699998062329
Lipoma of brain,22,FLAIRax|FLAIRsag,T1ax+T2ax+SWIax,0.011239543013099706,0.0024531886437995387
Lipoma of brain,22,FLAIRax|SWIax,none,0.013804677874681037,0.016774673240364812
Lipoma of brain,22,FLAIRax|SWIax,T1ax,0.02184366339739315,0.01982076791391133
Lipoma of brain,22,FLAIRax|SWIax,T2ax,-0.0197037604731554,0.013008655273185338
Lipoma of brain,22,FLAIRax|SWIax,FLAIRsag,0.003196515361705806,0.01340685972990719
Lipoma of brain,22,FLAIRax|SWIax,T1ax+T2ax,0.0018666550253359688,0.011674170425454197
Lipoma of brain,22,FLAIRax|SWIax,T1ax+FLAIRsag,-0.03052453895480256,0.028818762442571925
Lipoma of brain,22,FLAIRax|SWIax,T2ax+FLAIRsag,-0.06331186154577466,0.007701516816504756
Lipoma of brain,22,FLAIRax|SWIax,T1ax+T2ax+FLAIRsag,-0.025288365460172175,0.015579616215720906
Lipoma of brain,22,FLAIRsag|SWIax,none,-0.058956063678078395,0.05507853157741915
Lipoma of brain,22,FLAIRsag|SWIax,T1ax,0.055782992662728126,0.03566798880177253
Lipoma of brain,22,FLAIRsag|SWIax,T2ax,0.01725503891761493,0.027357189582085592
Lipoma of brain,22,FLAIRsag|SWIax,FLAIRax,-0.06956422619105362,0.03303276995969982
Lipoma of brain,22,FLAIRsag|SWIax,T1ax+T2ax,0.005506187690586343,0.015583168906450586
Lipoma of brain,22,FLAIRsag|SWIax,T1ax+FLAIRax,0.0034147903105324153,0.026540700870988882
Lipoma of brain,22,FLAIRsag|SWIax,T2ax+FLAIRax,-0.026353062155004325,0.006965890415401591
Lipoma of brain,22,FLAIRsag|SWIax,T1ax+T2ax+FLAIRax,-0.021648832794921802,0.002959624207524193
Glioma,66,T1ax|T2ax,none,-0.22237004980652456,0.007054063826350821
Glioma,66,T1ax|T2ax,FLAIRax,-0.00612374414239969,0.009376302945247801
Glioma,66,T1ax|T2ax,FLAIRsag,0.003351029324011101,0.0043598364086652125
Glioma,66,T1ax|T2ax,SWIax,-0.004121032345541731,0.009671592720030797
Glioma,66,T1ax|T2ax,FLAIRax+FLAIRsag,-0.005932867865965512,0.0054474943191858615
Glioma,66,T1ax|T2ax,FLAIRax+SWIax,0.012775985436004592,0.003996207665620638
Glioma,66,T1ax|T2ax,FLAIRsag+SWIax,0.0036388328443651696,0.0014665981820575172
Glioma,66,T1ax|T2ax,FLAIRax+FLAIRsag+SWIax,0.00193908637137985,0.002866670499373747
Glioma,66,T1ax|FLAIRax,none,-0.24322402755982686,0.007816410064662865
Glioma,66,T1ax|FLAIRax,T2ax,-0.026977721895701984,0.01018075934946795
Glioma,66,T1ax|FLAIRax,FLAIRsag,0.00248653577698299,0.0013299224195556399
Glioma,66,T1ax|FLAIRax,SWIax,-0.018251562478001748,0.013561776458668524
Glioma,66,T1ax|FLAIRax,T2ax+FLAIRsag,-0.006797361412993623,0.0031364738748169926
Glioma,66,T1ax|FLAIRax,T2ax+SWIax,-0.0013545446964554249,0.0038429341348514058
Glioma,66,T1ax|FLAIRax,FLAIRsag+SWIax,0.0014696119552985998,0.004417455630151951
Glioma,66,T1ax|FLAIRax,T2ax+FLAIRsag+SWIax,-0.00023013451768671978,0.002064018861097219
Glioma,66,T1ax|FLAIRsag,none,-0.23918503140117817,0.01333643318509424
Glioma,66,T1ax|FLAIRsag,T2ax,-0.01346395227064249,0.011223468003713735
Glioma,66,T1ax|FLAIRsag,FLAIRax,0.006525531935631694,0.005378263289689372
Glioma,66,T1ax|FLAIRsag,SWIax,-0.00349912765480472,0.012105954643415306
Glioma,66,T1ax|FLAIRsag,T2ax+FLAIRax,0.006716408212065872,0.007567014955213924
Glioma,66,T1ax|FLAIRsag,T2ax+SWIax,0.004260737535102181,0.004131454007332924
Glioma,66,T1ax|FLAIRsag,FLAIRax+SWIax,0.01622204677849563,0.004444056975700641
Glioma,66,T1ax|FLAIRsag,T2ax+FLAIRax+SWIax,0.005385147713870886,0.0015751788414967247
Glioma,66,T1ax|SWIax,none,-0.2501061326246274,0.008550013592160201
Glioma,66,T1ax|SWIax,T2ax,-0.031857115163644534,0.004133111209612791
Glioma,66,T1ax|SWIax,FLAIRax,-0.025133667542802256,0.0055078365934345
Glioma,66,T1ax|SWIax,FLAIRsag,-0.01442022887825393,0.009600171439400949
Glioma,66,T1ax|SWIax,T2ax+FLAIRax,-0.006233937964397973,0.0053547311421572735
Glioma,66,T1ax|SWIax,T2ax+FLAIRsag,-0.014132425357899861,0.006013884889200894
Glioma,66,T1ax|SWIax,FLAIRax+FLAIRsag,-0.01543715269993832,0.004933382912060803
Glioma,66,T1ax|SWIax,T2ax+FLAIRax+FLAIRsag,-0.007565198462592959,0.004185462418236502
Glioma,66,T2ax|FLAIRax,none,-0.24205575644945218,0.03027343047388972
Glioma,66,T2ax|FLAIRax,T1ax,-0.025809450785327297,0.016069781353500116
Glioma,66,T2ax|FLAIRax,FLAIRsag,0.017351601140601008,0.015613570916641362
Glioma,66,T2ax|FLAIRax,SWIax,-0.041495419510858444,0.003500334954092632
Glioma,66,T2ax|FLAIRax,T1ax+FLAIRsag,0.008067703950624394,0.012078625344935034
Glioma,66,T2ax|FLAIRax,T1ax+SWIax,-0.02459840172931212,0.008305633618548348
Glioma,66,T2ax|FLAIRax,FLAIRsag+SWIax,-0.006287545769694518,0.0035253160091935362
Glioma,66,T2ax|FLAIRax,T1ax+FLAIRsag+SWIax,-0.007987292242679836,0.0010860615428108413
Glioma,66,T2ax|FLAIRsag,none,-0.267228682233507,0.004821863558828774
Glioma,66,T2ax|FLAIRsag,T1ax,-0.04150760310297134,0.003529126105997756
Glioma,66,T2ax|FLAIRsag,FLAIRax,-0.007821324643453828,0.011430379946275153
Glioma,66,T2ax|FLAIRsag,SWIax,-0.030167386310840705,0.005247728697813856
Glioma,66,T2ax|FLAIRsag,T1ax+FLAIRax,-0.007630448367019649,0.007404885762626516
Glioma,66,T2ax|FLAIRsag,T1ax+SWIax,-0.022407521120933804,0.013714159954957126
Glioma,66,T2ax|FLAIRsag,FLAIRax+SWIax,0.005040487430323222,0.002160580038420394
Glioma,66,T2ax|FLAIRsag,T1ax+FLAIRax+SWIax,-0.00579641163430152,0.005209157414445983
Glioma,66,T2ax|SWIax,none,-0.22242501134427803,0.016173203433036132
Glioma,66,T2ax|SWIax,T1ax,-0.0041759938832951855,0.017770812239191674
Glioma,66,T2ax|SWIax,FLAIRax,-0.021864674405684292,0.0155194809662667
Glioma,66,T2ax|SWIax,FLAIRsag,0.014636284578388281,0.009764237110733008
Glioma,66,T2ax|SWIax,T1ax+FLAIRax,-0.0029649448272800103,0.005590361818667017
Glioma,66,T2ax|SWIax,T1ax+FLAIRsag,0.01492408809874235,0.008944938202409186
Glioma,66,T2ax|SWIax,FLAIRax+FLAIRsag,-0.009002862331907243,0.006344629202334752
Glioma,66,T2ax|SWIax,T1ax+FLAIRax+FLAIRsag,-0.0011309080945618815,0.003069733295140395
Glioma,66,FLAIRax|FLAIRsag,none,-0.2787600460485633,0.010687307868569857
Glioma,66,FLAIRax|FLAIRsag,T1ax,-0.03304948271175345,0.003309647215359985
Glioma,66,FLAIRax|FLAIRsag,T2ax,-0.019352688458510126,0.008890257855209138
Glioma,66,FLAIRax|FLAIRsag,SWIax,-0.04188691893741736,0.005015266862459139
Glioma,66,FLAIRax|FLAIRsag,T1ax+T2ax,0.0008276720241982375,0.0009307543773186277
Glioma,66,FLAIRax|FLAIRsag,T1ax+SWIax,-0.022165744504117013,0.005875933189192361
Glioma,66,FLAIRax|FLAIRsag,T2ax+SWIax,-0.006679045196253434,0.004583170951901841
Glioma,66,FLAIRax|FLAIRsag,T1ax+T2ax+SWIax,-0.0055546350174847285,0.004383055352469805
Glioma,66,FLAIRax|SWIax,none,-0.2121826715747591,0.015018985172871138
Glioma,66,FLAIRax|SWIax,T1ax,0.01278979350706603,0.015095090701418517
Glioma,66,FLAIRax|SWIax,T2ax,-0.011622334636165355,0.01657389480685751
Glioma,66,FLAIRax|SWIax,FLAIRsag,0.024690455536386862,0.007084264317346387
Glioma,66,FLAIRax|SWIax,T1ax+T2ax,0.014000842563081206,0.007913000574705047
Glioma,66,FLAIRax|SWIax,T1ax+FLAIRsag,0.023673531714702472,0.008602017488970505
Glioma,66,FLAIRax|SWIax,T2ax+FLAIRsag,0.001051308626091337,0.0077476913240738295
Glioma,66,FLAIRax|SWIax,T1ax+T2ax+FLAIRsag,0.00761853552139824,0.0039543556227419644
Glioma,66,FLAIRsag|SWIax,none,-0.25368134004351445,0.006489345832719786
Glioma,66,FLAIRsag|SWIax,T1ax,-0.017995436297140992,0.004913990387970102
Glioma,66,FLAIRsag|SWIax,T2ax,-0.016620044120848127,0.009192041053626927
Glioma,66,FLAIRsag|SWIax,FLAIRax,-0.016808212932368487,0.010024022834075713
Glioma,66,FLAIRsag|SWIax,T1ax+T2ax,0.0011046456848965436,0.008687865215895974
Glioma,66,FLAIRsag|SWIax,T1ax+FLAIRax,-0.007111698089504552,0.004776584032129945
Glioma,66,FLAIRsag|SWIax,T2ax+FLAIRax,-0.003946400858591437,0.0019376616125354837
Glioma,66,FLAIRsag|SWIax,T1ax+T2ax+FLAIRax,-0.005277661356786423,0.004445309263041549
Pituitary adenoma,25,T1ax|T2ax,none,0.014982920580700184,0.028325300415437134
Pituitary adenoma,25,T1ax|T2ax,FLAIRax,0.030912325647594736,0.014447962473232368
Pituitary adenoma,25,T1ax|T2ax,FLAIRsag,0.07418516937090802,0.0061210426198640925
Pituitary adenoma,25,T1ax|T2ax,SWIax,0.00981781952746937,0.013381237300457502
Pituitary adenoma,25,T1ax|T2ax,FLAIRax+FLAIRsag,0.03718474238542557,0.011250137878899051
Pituitary adenoma,25,T1ax|T2ax,FLAIRax+SWIax,-0.0006461713635068459,0.018944286250656348
Pituitary adenoma,25,T1ax|T2ax,FLAIRsag+SWIax,0.010335895246228355,0.00983158672834216
Pituitary adenoma,25,T1ax|T2ax,FLAIRax+FLAIRsag+SWIax,0.013363222317107923,0.018085828231282363
Pituitary adenoma,25,T1ax|FLAIRax,none,-0.05976444634215783,0.021779464715971072
Pituitary adenoma,25,T1ax|FLAIRax,T2ax,-0.043835041275263255,0.019454827487980525
Pituitary adenoma,25,T1ax|FLAIRax,FLAIRsag,0.014104042129234254,0.01707872777682516
Pituitary adenoma,25,T1ax|FLAIRax,SWIax,-0.0003785937944777625,0.01555258014981879
Pituitary adenoma,25,T1ax|FLAIRax,T2ax+FLAIRsag,-0.022896384856248193,0.010767997983273868
Pituitary adenoma,25,T1ax|FLAIRax,T2ax+SWIax,-0.010842584685453979,0.010600143764112942
Pituitary adenoma,25,T1ax|FLAIRax,FLAIRsag+SWIax,-0.023075718758895542,0.016569129728356252
Pituitary adenoma,25,T1ax|FLAIRax,T2ax+FLAIRsag+SWIax,-0.02004839168801596,0.0073162547917499385
Pituitary adenoma,25,T1ax|FLAIRsag,none,-0.11487902077996015,0.012671785397647954
Pituitary adenoma,25,T1ax|FLAIRsag,T2ax,-0.055676771989752315,0.04187553709242211
Pituitary adenoma,25,T1ax|FLAIRsag,FLAIRax,-0.04101053230856808,0.01679969957027692
Pituitary adenoma,25,T1ax|FLAIRsag,SWIax,-0.007339880444064935,0.03462157833041733
Pituitary adenoma,25,T1ax|FLAIRsag,T2ax+FLAIRax,-0.03473811557073725,0.01260059941848552
Pituitary adenoma,25,T1ax|FLAIRsag,T2ax+SWIax,-0.006821804725305969,0.026302652837563473
Pituitary adenoma,25,T1ax|FLAIRsag,FLAIRax+SWIax,-0.030037005408482715,0.01088946612102517
Pituitary adenoma,25,T1ax|FLAIRsag,T2ax+FLAIRax+SWIax,-0.016027611727867947,0.010086921850482251
Pituitary adenoma,25,T1ax|SWIax,none,-0.05325149444918879,0.02034337421053486
Pituitary adenoma,25,T1ax|SWIax,T2ax,-0.0584165955024196,0.022849307782707624
Pituitary adenoma,25,T1ax|SWIax,FLAIRax,0.006134358098491259,0.013729387963290209
Pituitary adenoma,25,T1ax|SWIax,FLAIRsag,0.054287645886706426,0.007872003669075004
Pituitary adenoma,25,T1ax|SWIax,T2ax+FLAIRax,-0.025424138912610306,0.014142161657840687
Pituitary adenoma,25,T1ax|SWIax,T2ax+FLAIRsag,-0.00956162823797326,0.010281773526061539
Pituitary adenoma,25,T1ax|SWIax,FLAIRax+FLAIRsag,0.017107884998576628,0.009173302274329631
Pituitary adenoma,25,T1ax|SWIax,T2ax+FLAIRax+FLAIRsag,-0.006713635069741024,0.012806085770803133
Pituitary adenoma,25,T2ax|FLAIRax,none,0.048385283233703356,0.04866291037845452
Pituitary adenoma,25,T2ax|FLAIRax,T1ax,0.0643146883005979,0.009124351740095689
Pituitary adenoma,25,T2ax|FLAIRax,FLAIRsag,0.07770637631653858,0.020539953182509896
Pituitary adenoma,25,T2ax|FLAIRax,SWIax,0.04437944776544256,0.015610036455011727
Pituitary adenoma,25,T2ax|FLAIRax,T1ax+FLAIRsag,0.040705949331056125,0.014159764534243696
Pituitary adenoma,25,T2ax|FLAIRax,T1ax+SWIax,0.033915456874466364,0.008966400473653404
Pituitary adenoma,25,T2ax|FLAIRax,FLAIRsag+SWIax,0.028110589239965827,0.012579560818235762
Pituitary adenoma,25,T2ax|FLAIRax,T1ax+FLAIRsag+SWIax,0.031137916310845393,0.0026811101518640214
Pituitary adenoma,25,T2ax|FLAIRsag,none,-0.053645744378024496,0.026716464711998428
Pituitary adenoma,25,T2ax|FLAIRsag,T1ax,0.005556504412183361,0.007699739424861944
Pituitary adenoma,25,T2ax|FLAIRsag,FLAIRax,-0.024324651295189254,0.003668517834409141
Pituitary adenoma,25,T2ax|FLAIRsag,SWIax,0.022946199829205798,0.009777236767528437
Pituitary adenoma,25,T2ax|FLAIRsag,T1ax+FLAIRax,-0.01805223455735842,0.007316089491265986
Pituitary adenoma,25,T2ax|FLAIRsag,T1ax+SWIax,0.02346427554796478,0.0050865885049587575
Pituitary adenoma,25,T2ax|FLAIRsag,FLAIRax+SWIax,0.006677341303729063,0.0009606166461031327
Pituitary adenoma,25,T2ax|FLAIRsag,T1ax+FLAIRax+SWIax,0.020686734984343813,0.001624832025915463
Pituitary adenoma,25,T2ax|SWIax,none,-0.020525192143467097,0.037221238766870855
Pituitary adenoma,25,T2ax|SWIax,T1ax,-0.02569029319669791,0.015095637035966237
Pituitary adenoma,25,T2ax|SWIax,FLAIRax,-0.02453102761172789,0.022555944243518686
Pituitary adenoma,25,T2ax|SWIax,FLAIRsag,0.05606675206376318,0.021893436332647457
Pituitary adenoma,25,T2ax|SWIax,T1ax+FLAIRax,-0.056089524622829456,0.0172914388197511
Pituitary adenoma,25,T2ax|SWIax,T1ax+FLAIRsag,-0.00778252206091649,0.009629966688041888
Pituitary adenoma,25,T2ax|SWIax,FLAIRax+FLAIRsag,0.006470964987190427,0.02508121465215182
Pituitary adenoma,25,T2ax|SWIax,T1ax+FLAIRax+FLAIRsag,-0.017350555081127223,0.012108063221584336
Pituitary adenoma,25,FLAIRax|FLAIRsag,none,-0.051468118417307175,0.00989406480301516
Pituitary adenoma,25,FLAIRax|FLAIRsag,T1ax,0.022400370054084906,0.009477571335194303
Pituitary adenoma,25,FLAIRax|FLAIRsag,T2ax,-0.022147025334471937,0.027462315018119597
Pituitary adenoma,25,FLAIRax|FLAIRsag,SWIax,0.021943495587816646,0.03218496754034747
Pituitary adenoma,25,FLAIRax|FLAIRsag,T1ax+T2ax,-0.0012083689154568737,0.011830862530494276
Pituitary adenoma,25,FLAIRax|FLAIRsag,T1ax+SWIax,-0.0007536293766011356,0.004213361329093131
Pituitary adenoma,25,FLAIRax|FLAIRsag,T2ax+SWIax,0.005674637062339875,0.027467930013989787
Pituitary adenoma,25,FLAIRax|FLAIRsag,T1ax+T2ax+SWIax,-0.0035311699402221044,0.010165721056063913
Pituitary adenoma,25,FLAIRax|SWIax,none,-0.03056789069171645,0.0372539694117337
Pituitary adenoma,25,FLAIRax|SWIax,T1ax,0.028817961855963598,0.006071621542229331
Pituitary adenoma,25,FLAIRax|SWIax,T2ax,-0.034573726159977246,0.005086897339396239
Pituitary adenoma,25,FLAIRax|SWIax,FLAIRsag,0.042843723313407356,0.008683590610780027
Pituitary adenoma,25,FLAIRax|SWIax,T1ax+T2ax,-0.0015812695701679462,0.008449085097399472
Pituitary adenoma,25,FLAIRax|SWIax,T1ax+FLAIRsag,0.005663962425277558,0.007208051185931593
Pituitary adenoma,25,FLAIRax|SWIax,T2ax+FLAIRsag,-0.006752063763165395,0.006129203294428379
Pituitary adenoma,25,FLAIRax|SWIax,T1ax+T2ax+FLAIRsag,-0.003904070594933177,0.009099899859372802
Pituitary adenoma,25,FLAIRsag|SWIax,none,-0.08647309991460288,0.03632703403188561
Pituitary adenoma,25,FLAIRsag|SWIax,T1ax,0.021066040421292342,0.012901959375306976
Pituitary adenoma,25,FLAIRsag|SWIax,T2ax,-0.009881155707372599,0.007895932049840425
Pituitary adenoma,25,FLAIRsag|SWIax,FLAIRax,-0.013061485909479068,0.006079761256375811
Pituitary adenoma,25,FLAIRsag|SWIax,T1ax+T2ax,0.038973811557073766,0.02177011638238924
Pituitary adenoma,25,FLAIRsag|SWIax,T1ax+FLAIRax,-0.0020879590093936993,0.010238709003782837
Pituitary adenoma,25,FLAIRsag|SWIax,T2ax+FLAIRax,0.017940506689439233,0.004814243274182189
Pituitary adenoma,25,FLAIRsag|SWIax,T1ax+T2ax+FLAIRax,0.036651010532308535,0.012805231776665055
